  0
SECTION
  2
HEADER
  9
$ACADVER
  1
AC1027
  9
$ACADMAINTVER
 70
     8
  9
$DWGCODEPAGE
  3
ANSI_1254
  9
$REQUIREDVERSIONS
160
                 0
  9
$INSBASE
 10
0.0
 20
0.0
 30
0.0
  9
$EXTMIN
 10
-84895.69519469284
 20
-16016.59571391443
 30
-70.63299790526267
  9
$EXTMAX
 10
34856.17922438902
 20
53953.11707225569
 30
0.1670391624793321
  9
$LIMMIN
 10
0.0
 20
0.0
  9
$LIMMAX
 10
420.0
 20
297.0
  9
$ORTHOMODE
 70
     0
  9
$REGENMODE
 70
     1
  9
$FILLMODE
 70
     1
  9
$QTEXTMODE
 70
     0
  9
$MIRRTEXT
 70
     0
  9
$LTSCALE
 40
1.0
  9
$ATTMODE
 70
     1
  9
$TEXTSIZE
 40
2.5
  9
$TRACEWID
 40
1.0
  9
$TEXTSTYLE
  7
Standard
  9
$CLAYER
  8
KOMPOZIT
  9
$CELTYPE
  6
ByLayer
  9
$CECOLOR
 62
   256
  9
$CELTSCALE
 40
1.0
  9
$DISPSILH
 70
     0
  9
$DIMSCALE
 40
1.0
  9
$DIMASZ
 40
2.5
  9
$DIMEXO
 40
0.625
  9
$DIMDLI
 40
3.75
  9
$DIMRND
 40
0.0
  9
$DIMDLE
 40
0.0
  9
$DIMEXE
 40
1.25
  9
$DIMTP
 40
0.0
  9
$DIMTM
 40
0.0
  9
$DIMTXT
 40
2.5
  9
$DIMCEN
 40
2.5
  9
$DIMTSZ
 40
0.0
  9
$DIMTOL
 70
     0
  9
$DIMLIM
 70
     0
  9
$DIMTIH
 70
     0
  9
$DIMTOH
 70
     0
  9
$DIMSE1
 70
     0
  9
$DIMSE2
 70
     0
  9
$DIMTAD
 70
     1
  9
$DIMZIN
 70
     8
  9
$DIMBLK
  1

  9
$DIMASO
 70
     1
  9
$DIMSHO
 70
     1
  9
$DIMPOST
  1

  9
$DIMAPOST
  1

  9
$DIMALT
 70
     0
  9
$DIMALTD
 70
     3
  9
$DIMALTF
 40
0.03937007874016
  9
$DIMLFAC
 40
1.0
  9
$DIMTOFL
 70
     1
  9
$DIMTVP
 40
0.0
  9
$DIMTIX
 70
     0
  9
$DIMSOXD
 70
     0
  9
$DIMSAH
 70
     0
  9
$DIMBLK1
  1

  9
$DIMBLK2
  1

  9
$DIMSTYLE
  2
ISO-25
  9
$DIMCLRD
 70
     0
  9
$DIMCLRE
 70
     0
  9
$DIMCLRT
 70
     0
  9
$DIMTFAC
 40
1.0
  9
$DIMGAP
 40
0.625
  9
$DIMJUST
 70
     0
  9
$DIMSD1
 70
     0
  9
$DIMSD2
 70
     0
  9
$DIMTOLJ
 70
     0
  9
$DIMTZIN
 70
     8
  9
$DIMALTZ
 70
     0
  9
$DIMALTTZ
 70
     0
  9
$DIMUPT
 70
     0
  9
$DIMDEC
 70
     2
  9
$DIMTDEC
 70
     2
  9
$DIMALTU
 70
     2
  9
$DIMALTTD
 70
     3
  9
$DIMTXSTY
  7
Standard
  9
$DIMAUNIT
 70
     0
  9
$DIMADEC
 70
     0
  9
$DIMALTRND
 40
0.0
  9
$DIMAZIN
 70
     0
  9
$DIMDSEP
 70
    44
  9
$DIMATFIT
 70
     3
  9
$DIMFRAC
 70
     0
  9
$DIMLDRBLK
  1

  9
$DIMLUNIT
 70
     2
  9
$DIMLWD
 70
    -2
  9
$DIMLWE
 70
    -2
  9
$DIMTMOVE
 70
     0
  9
$DIMFXL
 40
1.0
  9
$DIMFXLON
 70
     0
  9
$DIMJOGANG
 40
0.7853981633974483
  9
$DIMTFILL
 70
     0
  9
$DIMTFILLCLR
 70
     0
  9
$DIMARCSYM
 70
     0
  9
$DIMLTYPE
  6

  9
$DIMLTEX1
  6

  9
$DIMLTEX2
  6

  9
$DIMTXTDIRECTION
 70
     0
  9
$LUNITS
 70
     2
  9
$LUPREC
 70
     4
  9
$SKETCHINC
 40
1.0
  9
$FILLETRAD
 40
0.0
  9
$AUNITS
 70
     0
  9
$AUPREC
 70
     0
  9
$MENU
  1
.
  9
$ELEVATION
 40
0.0
  9
$PELEVATION
 40
0.0
  9
$THICKNESS
 40
0.0
  9
$LIMCHECK
 70
     0
  9
$CHAMFERA
 40
0.0
  9
$CHAMFERB
 40
0.0
  9
$CHAMFERC
 40
0.0
  9
$CHAMFERD
 40
0.0
  9
$SKPOLY
 70
     0
  9
$TDCREATE
 40
2455827.480789155
  9
$TDUCREATE
 40
2455827.355789155
  9
$TDUPDATE
 40
2461292.873229167
  9
$TDUUPDATE
 40
2461292.748229167
  9
$TDINDWG
 40
37.9677762847
  9
$TDUSRTIMER
 40
37.9677761574
  9
$USRTIMER
 70
     1
  9
$ANGBASE
 50
0.0
  9
$ANGDIR
 70
     0
  9
$PDMODE
 70
     0
  9
$PDSIZE
 40
0.0
  9
$PLINEWID
 40
0.0
  9
$SPLFRAME
 70
     0
  9
$SPLINETYPE
 70
     6
  9
$SPLINESEGS
 70
     8
  9
$HANDSEED
  5
613
  9
$SURFTAB1
 70
     6
  9
$SURFTAB2
 70
     6
  9
$SURFTYPE
 70
     6
  9
$SURFU
 70
     6
  9
$SURFV
 70
     6
  9
$UCSBASE
  2

  9
$UCSNAME
  2

  9
$UCSORG
 10
0.0
 20
0.0
 30
0.0
  9
$UCSXDIR
 10
1.0
 20
0.0
 30
0.0
  9
$UCSYDIR
 10
0.0
 20
1.0
 30
0.0
  9
$UCSORTHOREF
  2

  9
$UCSORTHOVIEW
 70
     0
  9
$UCSORGTOP
 10
0.0
 20
0.0
 30
0.0
  9
$UCSORGBOTTOM
 10
0.0
 20
0.0
 30
0.0
  9
$UCSORGLEFT
 10
0.0
 20
0.0
 30
0.0
  9
$UCSORGRIGHT
 10
0.0
 20
0.0
 30
0.0
  9
$UCSORGFRONT
 10
0.0
 20
0.0
 30
0.0
  9
$UCSORGBACK
 10
0.0
 20
0.0
 30
0.0
  9
$PUCSBASE
  2

  9
$PUCSNAME
  2

  9
$PUCSORG
 10
0.0
 20
0.0
 30
0.0
  9
$PUCSXDIR
 10
1.0
 20
0.0
 30
0.0
  9
$PUCSYDIR
 10
0.0
 20
1.0
 30
0.0
  9
$PUCSORTHOREF
  2

  9
$PUCSORTHOVIEW
 70
     0
  9
$PUCSORGTOP
 10
0.0
 20
0.0
 30
0.0
  9
$PUCSORGBOTTOM
 10
0.0
 20
0.0
 30
0.0
  9
$PUCSORGLEFT
 10
0.0
 20
0.0
 30
0.0
  9
$PUCSORGRIGHT
 10
0.0
 20
0.0
 30
0.0
  9
$PUCSORGFRONT
 10
0.0
 20
0.0
 30
0.0
  9
$PUCSORGBACK
 10
0.0
 20
0.0
 30
0.0
  9
$USERI1
 70
     0
  9
$USERI2
 70
     0
  9
$USERI3
 70
     0
  9
$USERI4
 70
     0
  9
$USERI5
 70
     0
  9
$USERR1
 40
0.0
  9
$USERR2
 40
0.0
  9
$USERR3
 40
0.0
  9
$USERR4
 40
0.0
  9
$USERR5
 40
0.0
  9
$WORLDVIEW
 70
     1
  9
$SHADEDGE
 70
     3
  9
$SHADEDIF
 70
    70
  9
$TILEMODE
 70
     1
  9
$MAXACTVP
 70
    64
  9
$PINSBASE
 10
0.0
 20
0.0
 30
0.0
  9
$PLIMCHECK
 70
     0
  9
$PEXTMIN
 10
29.06818420886992
 20
20.36233246326446
 30
0.0
  9
$PEXTMAX
 10
261.6136578798294
 20
183.2609921693802
 30
0.0
  9
$PLIMMIN
 10
-3.17498779296875
 20
-3.174999952316283
  9
$PLIMMAX
 10
293.8568420410156
 20
206.7983276844024
  9
$UNITMODE
 70
     0
  9
$VISRETAIN
 70
     1
  9
$PLINEGEN
 70
     0
  9
$PSLTSCALE
 70
     1
  9
$TREEDEPTH
 70
  3020
  9
$CMLSTYLE
  2
Standard
  9
$CMLJUST
 70
     0
  9
$CMLSCALE
 40
20.0
  9
$PROXYGRAPHICS
 70
     1
  9
$MEASUREMENT
 70
     1
  9
$CELWEIGHT
370
    -1
  9
$ENDCAPS
280
     0
  9
$JOINSTYLE
280
     0
  9
$LWDISPLAY
290
     0
  9
$INSUNITS
 70
     4
  9
$HYPERLINKBASE
  1

  9
$STYLESHEET
  1

  9
$XEDIT
290
     1
  9
$CEPSNTYPE
380
     0
  9
$PSTYLEMODE
290
     1
  9
$FINGERPRINTGUID
  2
{2FB09B90-12A0-4D4C-A142-27CE8CEB9E11}
  9
$VERSIONGUID
  2
{4D858408-9826-4960-8CB5-161250C906A5}
  9
$EXTNAMES
290
     1
  9
$PSVPSCALE
 40
0.0
  9
$OLESTARTUP
290
     0
  9
$SORTENTS
280
   127
  9
$INDEXCTL
280
     0
  9
$HIDETEXT
280
     1
  9
$XCLIPFRAME
280
     2
  9
$HALOGAP
280
     0
  9
$OBSCOLOR
 70
   257
  9
$OBSLTYPE
280
     0
  9
$INTERSECTIONDISPLAY
280
     0
  9
$INTERSECTIONCOLOR
 70
   257
  9
$DIMASSOC
280
     2
  9
$PROJECTNAME
  1

  9
$CAMERADISPLAY
290
     0
  9
$LENSLENGTH
 40
50.0
  9
$CAMERAHEIGHT
 40
0.0
  9
$STEPSPERSEC
 40
2.0
  9
$STEPSIZE
 40
6.0
  9
$3DDWFPREC
 40
2.0
  9
$PSOLWIDTH
 40
5.0
  9
$PSOLHEIGHT
 40
80.0
  9
$LOFTANG1
 40
1.570796326794896
  9
$LOFTANG2
 40
1.570796326794896
  9
$LOFTMAG1
 40
0.0
  9
$LOFTMAG2
 40
0.0
  9
$LOFTPARAM
 70
     7
  9
$LOFTNORMALS
280
     1
  9
$LATITUDE
 40
37.795
  9
$LONGITUDE
 40
-122.394
  9
$NORTHDIRECTION
 40
0.0
  9
$TIMEZONE
 70
 -8000
  9
$LIGHTGLYPHDISPLAY
280
     1
  9
$TILEMODELIGHTSYNCH
280
     1
  9
$CMATERIAL
347
4F
  9
$SOLIDHIST
280
     1
  9
$SHOWHIST
280
     1
  9
$DWFFRAME
280
     2
  9
$DGNFRAME
280
     0
  9
$REALWORLDSCALE
290
     1
  9
$INTERFERECOLOR
 62
     1
  9
$INTERFEREOBJVS
345
5F
  9
$INTERFEREVPVS
346
60
  9
$CSHADOW
280
     0
  9
$SHADOWPLANELOCATION
 40
0.0
  0
ENDSEC
  0
SECTION
  2
CLASSES
  0
CLASS
  1
ACDBDICTIONARYWDFLT
  2
AcDbDictionaryWithDefault
  3
ObjectDBX Classes
 90
        0
 91
        1
280
     0
281
     0
  0
CLASS
  1
DICTIONARYVAR
  2
AcDbDictionaryVar
  3
ObjectDBX Classes
 90
        0
 91
        5
280
     0
281
     0
  0
CLASS
  1
TABLESTYLE
  2
AcDbTableStyle
  3
ObjectDBX Classes
 90
     4095
 91
        1
280
     0
281
     0
  0
CLASS
  1
MATERIAL
  2
AcDbMaterial
  3
ObjectDBX Classes
 90
     1153
 91
        3
280
     0
281
     0
  0
CLASS
  1
VISUALSTYLE
  2
AcDbVisualStyle
  3
ObjectDBX Classes
 90
     4095
 91
        3
280
     0
281
     0
  0
CLASS
  1
SCALE
  2
AcDbScale
  3
ObjectDBX Classes
 90
     1153
 91
       17
280
     0
281
     0
  0
CLASS
  1
MLEADERSTYLE
  2
AcDbMLeaderStyle
  3
ACDB_MLEADERSTYLE_CLASS
 90
     4095
 91
        0
280
     0
281
     0
  0
CLASS
  1
CELLSTYLEMAP
  2
AcDbCellStyleMap
  3
ObjectDBX Classes
 90
     1152
 91
        1
280
     0
281
     0
  0
CLASS
  1
EXACXREFPANELOBJECT
  2
ExAcXREFPanelObject
  3
EXAC_ESW
 90
     1025
 91
        0
280
     1
281
     0
  0
CLASS
  1
NPOCOLLECTION
  2
AcDbImpNonPersistentObjectsCollection
  3
ObjectDBX Classes
 90
     1153
 91
        0
280
     0
281
     0
  0
CLASS
  1
LAYER_INDEX
  2
AcDbLayerIndex
  3
ObjectDBX Classes
 90
        0
 91
        0
280
     0
281
     0
  0
CLASS
  1
SPATIAL_INDEX
  2
AcDbSpatialIndex
  3
ObjectDBX Classes
 90
        0
 91
        0
280
     0
281
     0
  0
CLASS
  1
IDBUFFER
  2
AcDbIdBuffer
  3
ObjectDBX Classes
 90
        0
 91
        0
280
     0
281
     0
  0
CLASS
  1
ACAD_EVALUATION_GRAPH
  2
AcDbEvalGraph
  3
ObjectDBX Classes
 90
     1153
 91
        5
280
     0
281
     0
  0
CLASS
  1
BLOCKLINEARPARAMETER
  2
AcDbBlockLinearParameter
  3
ObjectDBX Classes
 90
     1153
 91
        5
280
     0
281
     0
  0
CLASS
  1
BLOCKLINEARGRIP
  2
AcDbBlockLinearGrip
  3
ObjectDBX Classes
 90
     1153
 91
        6
280
     0
281
     0
  0
CLASS
  1
BLOCKGRIPLOCATIONCOMPONENT
  2
AcDbBlockGripExpr
  3
ObjectDBX Classes
 90
     1153
 91
       12
280
     0
281
     0
  0
CLASS
  1
BLOCKARRAYACTION
  2
AcDbBlockArrayAction
  3
ObjectDBX Classes
 90
     1153
 91
        0
280
     0
281
     0
  0
CLASS
  1
ACDB_DYNAMICBLOCKPURGEPREVENTER_VERSION
  2
AcDbDynamicBlockPurgePreventer
  3
ObjectDBX Classes
 90
     1153
 91
        5
280
     0
281
     0
  0
CLASS
  1
ACDB_BLOCKREPRESENTATION_DATA
  2
AcDbBlockRepresentationData
  3
ObjectDBX Classes
 90
     1153
 91
        4
280
     0
281
     0
  0
CLASS
  1
SORTENTSTABLE
  2
AcDbSortentsTable
  3
ObjectDBX Classes
 90
        0
 91
       12
280
     0
281
     0
  0
CLASS
  1
AEC_REFEDIT_STATUS_TRACKER
  2
AecDbRefEditStatusTracker
  3
AecArchBase80|Product Desc: Autodesk Architectural Desktop 2007 |Company: Autodesk,Inc. |WEB Address: www.autodesk.com
 90
      129
 91
        0
280
     1
281
     0
  0
CLASS
  1
BLOCKSTRETCHACTION
  2
AcDbBlockStretchAction
  3
ObjectDBX Classes
 90
     1153
 91
        9
280
     0
281
     0
  0
CLASS
  1
ACDBSECTIONVIEWSTYLE
  2
AcDbSectionViewStyle
  3
ObjectDBX Classes
 90
     1025
 91
        0
280
     0
281
     0
  0
CLASS
  1
ACDBDETAILVIEWSTYLE
  2
AcDbDetailViewStyle
  3
ObjectDBX Classes
 90
     1025
 91
        0
280
     0
281
     0
  0
CLASS
  1
ACAECUSTOBJ
  2
AcAeEditorObj
  3
AcAeEditorObj
 90
     1024
 91
        0
280
     1
281
     0
  0
CLASS
  1
LINEARPARAMETERENTITY
  2
AcDbBlockLinearParameterEntity
  3
ObjectDBX Classes
 90
     1025
 91
        0
280
     0
281
     1
  0
CLASS
  1
ACAEEEMGROBJ
  2
AcAeEEMgrObj
  3
AcAeEEMgrObj
 90
     1024
 91
        0
280
     0
281
     0
  0
CLASS
  1
LINEARGRIPENTITY
  2
AcDbBlockLinearGripEntity
  3
ObjectDBX Classes
 90
     1025
 91
        0
280
     0
281
     1
  0
CLASS
  1
ARRAYACTIONENTITY
  2
AcDbBlockArrayActionEntity
  3
ObjectDBX Classes
 90
     1025
 91
        0
280
     0
281
     1
  0
CLASS
  1
STRETCHACTIONENTITY
  2
AcDbBlockStretchActionEntity
  3
ObjectDBX Classes
 90
     1025
 91
        0
280
     0
281
     1
  0
CLASS
  1
BLOCKMOVEACTION
  2
AcDbBlockMoveAction
  3
ObjectDBX Classes
 90
     1153
 91
        0
280
     0
281
     0
  0
CLASS
  1
DIMASSOC
  2
AcDbDimAssoc
  3
"AcDbDimAssoc|Product Desc:     AcDim ARX App For Dimension|Company:          Autodesk, Inc.|WEB Address:      www.autodesk.com"
 90
        0
 91
       27
280
     0
281
     0
  0
CLASS
  1
BLOCKSCALEACTION
  2
AcDbBlockScaleAction
  3
ObjectDBX Classes
 90
     1153
 91
        0
280
     0
281
     0
  0
CLASS
  1
MULTILEADER
  2
AcDbMLeader
  3
ACDB_MLEADER_CLASS
 90
     1025
 91
        0
280
     0
281
     1
  0
CLASS
  1
BLOCKBASEPOINTPARAMETER
  2
AcDbBlockBasepointParameter
  3
ObjectDBX Classes
 90
     1153
 91
        0
280
     0
281
     0
  0
CLASS
  1
DBCOLOR
  2
AcDbColor
  3
ObjectDBX Classes
 90
        0
 91
        0
280
     0
281
     0
  0
CLASS
  1
BASEPOINTPARAMETERENTITY
  2
AcDbBlockBasepointParameterEntity
  3
ObjectDBX Classes
 90
     1025
 91
        0
280
     0
281
     1
  0
CLASS
  1
IMAGEDEF
  2
AcDbRasterImageDef
  3
ISM
 90
        0
 91
        0
280
     0
281
     0
  0
CLASS
  1
RASTERVARIABLES
  2
AcDbRasterVariables
  3
ISM
 90
        0
 91
        0
280
     0
281
     0
  0
CLASS
  1
IMAGEDEF_REACTOR
  2
AcDbRasterImageDefReactor
  3
ISM
 90
        1
 91
        0
280
     0
281
     0
  0
CLASS
  1
IMAGE
  2
AcDbRasterImage
  3
ISM
 90
     2175
 91
        0
280
     0
281
     1
  0
CLASS
  1
WIPEOUT
  2
AcDbWipeout
  3
WipeOut|Product Desc: Object Enabler for WipeOut entity | Company: Autodesk, Inc. | WEB Address: www.autodesk.com
 90
     2175
 91
        0
280
     0
281
     1
  0
CLASS
  1
WIPEOUTVARIABLES
  2
AcDbWipeoutVariables
  3
"WipeOut|Product Desc:     WipeOut Dbx Application|Company:          Autodesk, Inc.|WEB Address:      www.autodesk.com"
 90
        0
 91
        0
280
     0
281
     0
  0
CLASS
  1
MOVEACTIONENTITY
  2
AcDbBlockMoveActionEntity
  3
ObjectDBX Classes
 90
     1025
 91
        0
280
     0
281
     1
  0
CLASS
  1
BLOCKVISIBILITYPARAMETER
  2
AcDbBlockVisibilityParameter
  3
ObjectDBX Classes
 90
     1153
 91
        0
280
     0
281
     0
  0
CLASS
  1
BLOCKVISIBILITYGRIP
  2
AcDbBlockVisibilityGrip
  3
ObjectDBX Classes
 90
     1153
 91
        0
280
     0
281
     0
  0
CLASS
  1
VISIBILITYPARAMETERENTITY
  2
AcDbBlockVisibilityParameterEntity
  3
ObjectDBX Classes
 90
     1025
 91
        0
280
     0
281
     1
  0
CLASS
  1
VISIBILITYGRIPENTITY
  2
AcDbBlockVisibilityGripEntity
  3
ObjectDBX Classes
 90
     1025
 91
        0
280
     0
281
     1
  0
CLASS
  1
BLOCKLOOKUPPARAMETER
  2
AcDbBlockLookupParameter
  3
ObjectDBX Classes
 90
     1153
 91
        0
280
     0
281
     0
  0
CLASS
  1
BLOCKLOOKUPGRIP
  2
AcDbBlockLookupGrip
  3
ObjectDBX Classes
 90
     1153
 91
        0
280
     0
281
     0
  0
CLASS
  1
BLOCKLOOKUPACTION
  2
AcDbBlockLookupAction
  3
ObjectDBX Classes
 90
     1153
 91
        0
280
     0
281
     0
  0
CLASS
  1
LOOKUPPARAMETERENTITY
  2
AcDbBlockLookupParameterEntity
  3
ObjectDBX Classes
 90
     1025
 91
        0
280
     0
281
     1
  0
CLASS
  1
LOOKUPGRIPENTITY
  2
AcDbBlockLookupGripEntity
  3
ObjectDBX Classes
 90
     1025
 91
        0
280
     0
281
     1
  0
CLASS
  1
LOOKUPACTIONENTITY
  2
AcDbBlockLookupActionEntity
  3
ObjectDBX Classes
 90
     1025
 91
        0
280
     0
281
     1
  0
CLASS
  1
RAPIDRTRENDERSETTINGS
  2
AcDbRapidRTRenderSettings
  3
ObjectDBX Classes
 90
     1024
 91
        0
280
     1
281
     0
  0
CLASS
  1
MENTALRAYRENDERSETTINGS
  2
AcDbMentalRayRenderSettings
  3
SCENEOE
 90
     1024
 91
        0
280
     1
281
     0
  0
CLASS
  1
ACDBASSOCPERSSUBENTMANAGER
  2
AcDbAssocPersSubentManager
  3
ObjectDBX Classes
 90
     1024
 91
        0
280
     0
281
     0
  0
CLASS
  1
ACAD_TABLE
  2
AcDbTable
  3
ObjectDBX Classes
 90
     1025
 91
        0
280
     0
281
     1
  0
CLASS
  1
TABLECONTENT
  2
AcDbTableContent
  3
ObjectDBX Classes
 90
     1152
 91
        0
280
     0
281
     0
  0
CLASS
  1
TABLEGEOMETRY
  2
AcDbTableGeometry
  3
ObjectDBX Classes
 90
     1152
 91
        0
280
     0
281
     0
  0
ENDSEC
  0
SECTION
  2
TABLES
  0
TABLE
  2
VPORT
  5
29
330
0
100
AcDbSymbolTable
 70
     1
1001
ACAD
1000
DbSaveVer
1071
      247
  0
VPORT
  5
2A
330
29
100
AcDbSymbolTableRecord
100
AcDbViewportTableRecord
  2
*Active
 70
     0
 10
0.0
 20
0.0
 11
1.0
 21
1.0
 12
-74373.2801988268
 22
42357.70342672861
 13
0.0
 23
0.0
 14
10.0
 24
10.0
 15
10.0
 25
10.0
 16
0.0
 26
0.0
 36
1.0
 17
0.0
 27
0.0
 37
0.0
 40
1778.800945139956
 41
2.580896686159844
 42
50.0
 43
0.0
 44
0.0
 50
0.0
 51
0.0
 71
     0
 72
  1000
 73
     1
 74
     3
 75
     0
 76
     0
 77
     0
 78
     2
281
     0
 65
     1
110
0.0
120
0.0
130
0.0
111
1.0
121
0.0
131
0.0
112
0.0
122
1.0
132
0.0
 79
     0
146
0.0
348
2B
 60
     3
 61
     5
292
     1
282
     1
141
0.0
142
0.0
 63
   250
421
  3355443
1001
ACAD_NAV_VCDISPLAY
1070
     1
  0
ENDTAB
  0
TABLE
  2
LTYPE
  5
24
330
0
100
AcDbSymbolTable
 70
     5
  0
LTYPE
  5
25
330
24
100
AcDbSymbolTableRecord
100
AcDbLinetypeTableRecord
  2
ByBlock
 70
     0
  3

 72
    65
 73
     0
 40
0.0
  0
LTYPE
  5
26
330
24
100
AcDbSymbolTableRecord
100
AcDbLinetypeTableRecord
  2
ByLayer
 70
     0
  3

 72
    65
 73
     0
 40
0.0
  0
LTYPE
  5
14
330
24
100
AcDbSymbolTableRecord
100
AcDbLinetypeTableRecord
  2
Continuous
 70
     0
  3
Solid line
 72
    65
 73
     0
 40
0.0
  0
LTYPE
  5
8F
330
24
100
AcDbSymbolTableRecord
100
AcDbLinetypeTableRecord
  2
HIDDEN
 70
     0
  3
Hidden __ __ __ __ __ __ __ __ __ __ __ __ __ _
 72
    65
 73
     2
 40
0.375
 49
0.25
 74
     0
 49
-0.125
 74
     0
  0
LTYPE
  5
8A
330
24
100
AcDbSymbolTableRecord
100
AcDbLinetypeTableRecord
  2
DASHDOT
 70
     0
  3
__ . __ . __ . __ . __ . __ . __ . __ .__
 72
    65
 73
     4
 40
1.0
 49
0.5
 74
     0
 49
-0.25
 74
     0
 49
0.0
 74
     0
 49
-0.25
 74
     0
  0
LTYPE
  5
246
330
24
100
AcDbSymbolTableRecord
100
AcDbLinetypeTableRecord
  2
HIDDEN2
 70
     0
  3
_ _ _ _ _ _ _ _ _ _ _ _ _ _ _ _ _ _ _ _ _ _ _ _
 72
    65
 73
     2
 40
0.1875
 49
0.125
 74
     0
 49
-0.0625
 74
     0
  0
LTYPE
  5
249
330
24
100
AcDbSymbolTableRecord
100
AcDbLinetypeTableRecord
  2
CENTER
 70
     0
  3
____ _ ____ _ ____ _ ____ _ ____ _ ____ _ ____ _ ____ _ ____ _
 72
    65
 73
     4
 40
2.0
 49
1.25
 74
     0
 49
-0.25
 74
     0
 49
0.25
 74
     0
 49
-0.25
 74
     0
  0
ENDTAB
  0
TABLE
  2
LAYER
  5
1E
102
{ACAD_XDICTIONARY
360
1F
102
}
330
0
100
AcDbSymbolTable
 70
    13
  0
LAYER
  5
6
102
{ACAD_XDICTIONARY
360
7
102
}
330
1E
100
AcDbSymbolTableRecord
100
AcDbLayerTableRecord
  2
0
 70
     0
 62
     7
  6
Continuous
370
    -3
390
8
347
B
348
0
  0
LAYER
  5
59
330
1E
100
AcDbSymbolTableRecord
100
AcDbLayerTableRecord
  2
KOMPOZIT
 70
     0
 62
   117
420
  5667680
  6
Continuous
370
    -3
390
8
347
B
348
0
1001
AcAecLayerStandard
1000

1000

1001
AcCmTransparency
1071
        0
  0
LAYER
  5
324
330
1E
100
AcDbSymbolTableRecord
100
AcDbLayerTableRecord
  2
Defpoints
 70
     0
 62
     7
  6
Continuous
290
     0
370
    -3
390
8
347
B
348
0
  0
LAYER
  5
602
102
{ACAD_XDICTIONARY
360
603
102
}
330
1E
100
AcDbSymbolTableRecord
100
AcDbLayerTableRecord
  2
ART_YZ
 70
     0
 62
     3
  6
Continuous
370
    -3
390
8
347
B
348
0
1001
AcAecLayerStandard
1000

1000

  0
LAYER
  5
88
102
{ACAD_XDICTIONARY
360
89
102
}
330
1E
100
AcDbSymbolTableRecord
100
AcDbLayerTableRecord
  2
ART_AKS
 70
     0
 62
     1
  6
DASHDOT
370
    -3
390
8
347
B
348
0
  0
LAYER
  5
94
330
1E
100
AcDbSymbolTableRecord
100
AcDbLayerTableRecord
  2
ART_AKSESUAR
 70
     0
 62
    11
  6
Continuous
370
    13
390
8
347
B
348
0
1001
AcAecLayerStandard
1000

1000

  0
LAYER
  5
8E
330
1E
100
AcDbSymbolTableRecord
100
AcDbLayerTableRecord
  2
ÇELİK
 70
     0
 62
    62
  6
Continuous
370
    -3
390
8
347
B
348
0
1001
AcAecLayerStandard
1000

1000

  0
LAYER
  5
82
102
{ACAD_XDICTIONARY
360
83
102
}
330
1E
100
AcDbSymbolTableRecord
100
AcDbLayerTableRecord
  2
ART_ANKRAJ
 70
     0
 62
    83
  6
Continuous
370
    -3
390
8
347
B
348
0
  0
LAYER
  5
26B
102
{ACAD_XDICTIONARY
360
26C
102
}
330
1E
100
AcDbSymbolTableRecord
100
AcDbLayerTableRecord
  2
GÖR-PROFIL
 70
     0
 62
   172
  6
Continuous
370
    -3
390
8
347
B
348
0
  0
LAYER
  5
1E4
102
{ACAD_XDICTIONARY
360
1E5
102
}
330
1E
100
AcDbSymbolTableRecord
100
AcDbLayerTableRecord
  2
Vida-Aksesuar
 70
     0
 62
     8
  6
Continuous
370
    -3
390
8
347
B
348
0
  0
LAYER
  5
319
102
{ACAD_XDICTIONARY
360
31A
102
}
330
1E
100
AcDbSymbolTableRecord
100
AcDbLayerTableRecord
  2
ART_ÖLÇÜ
 70
     0
 62
   151
  6
Continuous
370
    -3
390
8
347
B
348
0
  0
LAYER
  5
5F2
330
1E
100
AcDbSymbolTableRecord
100
AcDbLayerTableRecord
  2
ART_IZOPIM
 70
     0
 62
    44
  6
Continuous
370
    -3
390
8
347
B
348
0
1001
AcAecLayerStandard
1000

1000

1001
AcCmTransparency
1071
        0
  0
LAYER
  5
99
330
1E
100
AcDbSymbolTableRecord
100
AcDbLayerTableRecord
  2
ART_DUBEL
 70
     0
 62
    55
  6
Continuous
370
    -3
390
8
347
B
348
0
1001
AcAecLayerStandard
1000

1000

1001
AcCmTransparency
1071
        0
  0
ENDTAB
  0
TABLE
  2
STYLE
  5
21
330
0
100
AcDbSymbolTable
 70
     4
  0
STYLE
  5
22
330
21
100
AcDbSymbolTableRecord
100
AcDbTextStyleTableRecord
  2
Standard
 70
     0
 40
0.0
 41
1.0
 50
0.0
 71
     0
 42
2.5
  3
arial.ttf
  4

1001
ACAD
1000
Arial
1071
       34
  0
STYLE
  5
3A
330
21
100
AcDbSymbolTableRecord
100
AcDbTextStyleTableRecord
  2
YZ
 70
     0
 40
0.0
 41
0.7
 50
0.0
 71
     0
 42
5.0
  3
archs.shx
  4

  0
STYLE
  5
32
330
21
100
AcDbSymbolTableRecord
100
AcDbTextStyleTableRecord
  2
S5
 70
     0
 40
0.0
 41
0.6
 50
0.0
 71
     0
 42
2.5
  3
romand.shx
  4

  0
STYLE
  5
43
330
21
100
AcDbSymbolTableRecord
100
AcDbTextStyleTableRecord
  2
S2
 70
     0
 40
0.0
 41
0.5
 50
0.0
 71
     0
 42
400.0
  3
romand.shx
  4

  0
ENDTAB
  0
TABLE
  2
VIEW
  5
27
330
0
100
AcDbSymbolTable
 70
     0
  0
ENDTAB
  0
TABLE
  2
UCS
  5
28
330
0
100
AcDbSymbolTable
 70
     0
  0
ENDTAB
  0
TABLE
  2
APPID
  5
2E
330
0
100
AcDbSymbolTable
 70
    13
  0
APPID
  5
13
330
2E
100
AcDbSymbolTableRecord
100
AcDbRegAppTableRecord
  2
ACAD
 70
     0
  0
APPID
  5
19
330
2E
100
AcDbSymbolTableRecord
100
AcDbRegAppTableRecord
  2
ACAD_PSEXT
 70
     0
  0
APPID
  5
84
330
2E
100
AcDbSymbolTableRecord
100
AcDbRegAppTableRecord
  2
ACDBBLOCKREPETAG
 70
     0
  0
APPID
  5
1E1
330
2E
100
AcDbSymbolTableRecord
100
AcDbRegAppTableRecord
  2
AcDbDynamicBlockGUID
 70
     0
  0
APPID
  5
78
330
2E
100
AcDbSymbolTableRecord
100
AcDbRegAppTableRecord
  2
ACAUTHENVIRON
 70
     0
  0
APPID
  5
1EC
330
2E
100
AcDbSymbolTableRecord
100
AcDbRegAppTableRecord
  2
AcDbDynamicBlockTrueName
 70
     0
  0
APPID
  5
22C
330
2E
100
AcDbSymbolTableRecord
100
AcDbRegAppTableRecord
  2
AcDbBlockRepBTag
 70
     0
  0
APPID
  5
2D
330
2E
100
AcDbSymbolTableRecord
100
AcDbRegAppTableRecord
  2
ACAD_NAV_VCDISPLAY
 70
     0
  0
APPID
  5
5A
330
2E
100
AcDbSymbolTableRecord
100
AcDbRegAppTableRecord
  2
AcAecLayerStandard
 70
     0
  0
APPID
  5
5B
330
2E
100
AcDbSymbolTableRecord
100
AcDbRegAppTableRecord
  2
AcCmTransparency
 70
     0
  0
APPID
  5
37
330
2E
100
AcDbSymbolTableRecord
100
AcDbRegAppTableRecord
  2
ACAD_DSTYLE_DIMJAG
 70
     0
  0
APPID
  5
38
330
2E
100
AcDbSymbolTableRecord
100
AcDbRegAppTableRecord
  2
ACAD_DSTYLE_DIMTALN
 70
     0
  0
APPID
  5
4A
330
2E
100
AcDbSymbolTableRecord
100
AcDbRegAppTableRecord
  2
ACAD_DSTYLE_DIMBREAK
 70
     0
  0
ENDTAB
  0
TABLE
  2
DIMSTYLE
  5
2F
330
0
100
AcDbSymbolTable
 70
     5
100
AcDbDimStyleTable
 71
     5
340
30
340
31
340
39
340
41
340
42
  0
DIMSTYLE
105
30
330
2F
100
AcDbSymbolTableRecord
100
AcDbDimStyleTableRecord
  2
ISO-25
 70
     0
 41
2.5
 42
0.625
 43
3.75
 44
1.25
 73
     0
 74
     0
 77
     1
 78
     8
140
2.5
141
2.5
143
0.03937007874016
147
0.625
171
     3
172
     1
271
     2
272
     2
274
     3
278
    44
283
     0
284
     8
340
22
  0
DIMSTYLE
105
39
102
{ACAD_REACTORS
330
316
330
328
330
337
330
346
330
355
330
364
330
373
330
382
330
391
330
3A0
330
3AF
330
3BC
330
3C9
330
3D6
330
3E5
330
3F4
330
403
330
412
330
421
330
430
330
43F
330
44E
330
45D
330
46C
330
47B
330
48A
330
499
330
4A8
330
4B5
330
4C2
330
4CF
330
4DC
330
4E9
330
4F6
330
503
330
510
330
51D
330
52A
330
537
330
544
330
551
330
55E
330
56B
330
578
330
585
330
592
330
59F
330
5AE
330
5C3
102
}
330
2F
100
AcDbSymbolTableRecord
100
AcDbDimStyleTableRecord
  2
1-1
 70
     0
 40
0.75
 41
2.0
 42
2.0
 43
2.0
 44
2.0
 46
2.0
 73
     0
 74
     0
 77
     1
140
3.0
141
1.0
144
-1.0
147
1.0
178
   256
271
     0
272
     0
279
     1
340
3A
342
3B
371
     5
372
     5
1001
ACAD_DSTYLE_DIMJAG
1070
   388
1040
1.5
1001
ACAD_DSTYLE_DIMTALN
1070
   392
1070
     0
  0
DIMSTYLE
105
41
330
2F
100
AcDbSymbolTableRecord
100
AcDbDimStyleTableRecord
  2
1-10
 70
     0
 40
5.0
 41
2.0
 42
2.0
 43
5.0
 44
2.0
 46
2.0
 73
     0
 74
     0
 77
     1
140
3.0
141
1.0
144
-1.0
147
1.0
271
     0
272
     0
279
     1
340
3A
342
3B
371
     5
372
     5
  0
DIMSTYLE
105
31
330
2F
100
AcDbSymbolTableRecord
100
AcDbDimStyleTableRecord
  2
SAR_1-2
 70
     0
 40
1.5
 41
2.0
 42
2.0
 43
2.0
 44
2.0
 73
     0
 74
     0
140
5.0
141
1.0
147
1.0
172
     1
176
     5
177
     5
178
     7
271
     0
272
     0
284
     8
285
     8
286
     8
289
     1
340
32
342
33
1001
ACAD_DSTYLE_DIMJAG
1070
   388
1040
1.5
1001
ACAD_DSTYLE_DIMTALN
1070
   392
1070
     0
  0
DIMSTYLE
105
42
330
2F
100
AcDbSymbolTableRecord
100
AcDbDimStyleTableRecord
  2
SAR_1-250
 70
     0
 40
250.0
 41
0.75
 42
1.0
 43
10.0
 44
1.0
 46
1.0
 73
     0
 74
     0
 78
     8
140
3.0
141
1.0
143
0.03937007874016
147
0.1
171
     3
172
     1
176
     5
177
     5
178
     7
271
     0
272
     0
274
     3
278
    44
283
     0
284
     8
340
43
342
44
371
    -1
372
    -1
1001
ACAD_DSTYLE_DIMBREAK
1070
   391
1040
3.75
1001
ACAD_DSTYLE_DIMJAG
1070
   388
1040
1.5
1001
ACAD_DSTYLE_DIMTALN
1070
   392
1070
     0
  0
ENDTAB
  0
TABLE
  2
BLOCK_RECORD
  5
1
330
0
100
AcDbSymbolTable
 70
    62
  0
BLOCK_RECORD
  5
2
102
{ACAD_XDICTIONARY
360
3
102
}
330
1
100
AcDbSymbolTableRecord
100
AcDbBlockTableRecord
  2
*Model_Space
340
16
 70
     0
280
     1
281
     0
  0
BLOCK_RECORD
  5
1A
330
1
100
AcDbSymbolTableRecord
100
AcDbBlockTableRecord
  2
*Paper_Space
340
1D
 70
     0
280
     1
281
     0
  0
BLOCK_RECORD
  5
3B
102
{ACAD_XDICTIONARY
360
3C
102
}
330
1
100
AcDbSymbolTableRecord
100
AcDbBlockTableRecord
  2
_OBLIQUE
340
0
102
{BLKREFS
331
438
331
439
331
447
331
448
331
456
331
457
331
465
331
466
331
474
331
475
331
483
331
484
331
492
331
493
331
4A1
331
4A2
331
4AE
331
4AF
331
4BB
331
4BC
331
4C8
331
4C9
331
4D5
331
4D6
331
4E2
331
4E3
331
4EF
331
4F0
331
4FC
331
4FD
331
509
331
50A
331
516
331
517
331
523
331
524
331
320
331
321
331
330
331
331
331
33F
331
340
331
34E
331
34F
331
35D
331
35E
331
36C
331
36D
331
37B
331
37C
331
38A
331
38B
331
399
331
39A
331
3A8
331
3A9
331
3B5
331
3B6
331
3C2
331
3C3
331
3CF
331
3D0
331
3DE
331
3DF
331
3ED
331
3EE
331
3FC
331
3FD
331
40B
331
40C
331
41A
331
41B
331
429
331
42A
331
530
331
531
331
53D
331
53E
331
54A
331
54B
331
557
331
558
331
564
331
565
331
571
331
572
331
57E
331
57F
331
58B
331
58C
331
598
331
599
331
5A7
331
5A8
331
5B6
331
5B7
331
5CB
331
5CC
102
}
 70
     0
280
     1
281
     0
  0
BLOCK_RECORD
  5
44
102
{ACAD_XDICTIONARY
360
45
102
}
330
1
100
AcDbSymbolTableRecord
100
AcDbBlockTableRecord
  2
_ArchTick
340
0
310
2800000020000000200000000100200000000000001000000100000001000000000000000000000000000000000000FF000000FF000000FFFFFFFFFF000000FF000000FF000000FF000000FF000000FF000000FF000000FF000000FF000000FF000000FF000000FF000000FF000000FF000000FF000000FF000000FF000000
310
FF000000FF000000FF000000FF000000FF000000FF000000FF000000FF000000FF000000FF000000FF000000FF000000FF000000FFFFFFFFFF000000FFFFFFFFFF000000FF000000FF000000FF000000FF000000FF000000FF000000FF000000FF000000FF000000FF000000FF000000FF000000FF000000FF000000FF0000
310
00FF000000FF000000FF000000FF000000FF000000FF000000FF000000FF000000FF000000FF000000FF000000FF000000FFFFFFFFFF000000FF000000FF000000FFFFFFFFFF000000FF000000FF000000FF000000FF000000FF000000FF000000FF000000FF000000FF000000FF000000FF000000FF000000FF000000FF00
310
0000FF000000FF000000FF000000FF000000FF000000FF000000FF000000FF000000FF000000FF000000FF000000FFFFFFFFFF000000FF000000FF000000FF000000FF000000FFFFFFFFFF000000FF000000FF000000FF000000FF000000FF000000FF000000FF000000FF000000FF000000FF000000FF000000FF000000FF
310
000000FF000000FF000000FF000000FF000000FF000000FF000000FF000000FF000000FF000000FF000000FF000000FF000000FFFFFFFFFF000000FF000000FF000000FF000000FF000000FFFFFFFFFF000000FF000000FF000000FF000000FF000000FF000000FF000000FF000000FF000000FF000000FF000000FF000000
310
FF000000FF000000FF000000FF000000FF000000FF000000FF000000FF000000FF000000FF000000FF000000FF000000FF000000FF000000FFFFFFFFFF000000FF000000FF000000FF000000FF000000FFFFFFFFFF000000FF000000FF000000FF000000FF000000FF000000FF000000FF000000FF000000FF000000FF0000
310
00FF000000FF000000FF000000FF000000FF000000FF000000FF000000FF000000FF000000FF000000FF000000FF000000FF000000FF000000FF000000FFFFFFFFFF000000FF000000FF000000FF000000FF000000FFFFFFFFFF000000FF000000FF000000FF000000FF000000FF000000FF000000FF000000FF000000FF00
310
0000FF000000FF000000FF000000FF000000FF000000FF000000FF000000FF000000FF000000FF000000FF000000FF000000FF000000FF000000FF000000FF000000FFFFFFFFFF000000FF000000FF000000FF000000FF000000FFFFFFFFFF000000FF000000FF000000FF000000FF000000FF000000FF000000FF000000FF
310
000000FF000000FF000000FF000000FF000000FF000000FF000000FF000000FF000000FF000000FF000000FF000000FF000000FF000000FF000000FF000000FF000000FF000000FFFFFFFFFF000000FF000000FF000000FF000000FF000000FFFFFFFFFF000000FF000000FF000000FF000000FF000000FF000000FF000000
310
FF000000FF000000FF000000FF000000FF000000FF000000FF000000FF000000FF000000FF000000FF000000FF000000FF000000FF000000FF000000FF000000FF000000FF000000FF000000FFFFFFFFFF000000FF000000FF000000FF000000FF000000FFFFFFFFFF000000FF000000FF000000FF000000FF000000FF0000
310
00FF000000FF000000FF000000FF000000FF000000FF000000FF000000FF000000FF000000FF000000FF000000FF000000FF000000FF000000FF000000FF000000FF000000FF000000FF000000FF000000FFFFFFFFFF000000FF000000FF000000FF000000FF000000FFFFFFFFFF000000FF000000FF000000FF000000FF00
310
0000FF000000FF000000FF000000FF000000FF000000FF000000FF000000FF000000FF000000FF000000FF000000FF000000FF000000FF000000FF000000FF000000FF000000FF000000FF000000FF000000FF000000FFFFFFFFFF000000FF000000FF000000FF000000FF000000FFFFFFFFFF000000FF000000FF000000FF
310
000000FF000000FF000000FF000000FF000000FF000000FF000000FF000000FF000000FF000000FF000000FF000000FF000000FF000000FF000000FF000000FF000000FF000000FF000000FF000000FF000000FF000000FF000000FFFFFFFFFF000000FF000000FF000000FF000000FF000000FFFFFFFFFF000000FF000000
310
FF000000FF000000FF000000FF000000FF000000FF000000FF000000FF000000FF000000FF000000FF000000FF000000FF000000FF000000FF000000FF000000FF000000FF000000FF000000FF000000FF000000FF000000FF000000FF000000FFFFFFFFFF000000FF000000FF000000FF000000FF000000FFFFFFFFFF0000
310
00FF000000FF000000FF000000FF000000FF000000FF000000FF000000FF000000FF000000FF000000FF000000FF000000FF000000FF000000FF000000FF000000FF000000FF000000FF000000FF000000FF000000FF000000FF000000FF000000FF000000FFFFFFFFFF000000FF000000FF000000FF000000FF000000FFFF
310
FFFFFF000000FF000000FF000000FF000000FF000000FF000000FF000000FF000000FF000000FF000000FF000000FF000000FF000000FF000000FF000000FF000000FF000000FF000000FF000000FF000000FF000000FF000000FF000000FF000000FF000000FF000000FFFFFFFFFF000000FF000000FF000000FF000000FF
310
000000FFFFFFFFFF000000FF000000FF000000FF000000FF000000FF000000FF000000FF000000FF000000FF000000FF000000FF000000FF000000FF000000FF000000FF000000FF000000FF000000FF000000FF000000FF000000FF000000FF000000FF000000FF000000FF000000FFFFFFFFFF000000FF000000FF000000
310
FF000000FF000000FFFFFFFFFF000000FF000000FF000000FF000000FF000000FF000000FF000000FF000000FF000000FF000000FF000000FF000000FF000000FF000000FF000000FF000000FF000000FF000000FF000000FF000000FF000000FF000000FF000000FF000000FF000000FF000000FFFFFFFFFF000000FF0000
310
00FF000000FF000000FF000000FFFFFFFFFF000000FF000000FF000000FF000000FF000000FF000000FF000000FF000000FF000000FF000000FF000000FF000000FF000000FF000000FF000000FF000000FF000000FF000000FF000000FF000000FF000000FF000000FF000000FF000000FF000000FF000000FFFFFFFFFF00
310
0000FF000000FF000000FF000000FF000000FFFFFFFFFF000000FF000000FF000000FF000000FF000000FF000000FF000000FF000000FF000000FF000000FF000000FF000000FF000000FF000000FF000000FF000000FF000000FF000000FF000000FF000000FF000000FF000000FF000000FF000000FF000000FF000000FF
310
FFFFFFFF000000FF000000FF000000FF000000FF000000FFFFFFFFFF000000FF000000FF000000FF000000FF000000FF000000FF000000FF000000FF000000FF000000FF000000FF000000FF000000FF000000FF000000FF000000FF000000FF000000FF000000FF000000FF000000FF000000FF000000FF000000FF000000
310
FF000000FFFFFFFFFF000000FF000000FF000000FF000000FF000000FFFFFFFFFF000000FF000000FF000000FF000000FF000000FF000000FF000000FF000000FF000000FF000000FF000000FF000000FF000000FF000000FF000000FF000000FF000000FF000000FF000000FF000000FF000000FF000000FF000000FF0000
310
00FF000000FF000000FFFFFFFFFF000000FF000000FF000000FF000000FF000000FFFFFFFFFF000000FF000000FF000000FF000000FF000000FF000000FF000000FF000000FF000000FF000000FF000000FF000000FF000000FF000000FF000000FF000000FF000000FF000000FF000000FF000000FF000000FF000000FF00
310
0000FF000000FF000000FF000000FFFFFFFFFF000000FF000000FF000000FF000000FF000000FFFFFFFFFF000000FF000000FF000000FF000000FF000000FF000000FF000000FF000000FF000000FF000000FF000000FF000000FF000000FF000000FF000000FF000000FF000000FF000000FF000000FF000000FF000000FF
310
000000FF000000FF000000FF000000FF000000FFFFFFFFFF000000FF000000FF000000FF000000FF000000FFFFFFFFFF000000FF000000FF000000FF000000FF000000FF000000FF000000FF000000FF000000FF000000FF000000FF000000FF000000FF000000FF000000FF000000FF000000FF000000FF000000FF000000
310
FF000000FF000000FF000000FF000000FF000000FF000000FFFFFFFFFF000000FF000000FF000000FF000000FF000000FFFFFFFFFF000000FF000000FF000000FF000000FF000000FF000000FF000000FF000000FF000000FF000000FF000000FF000000FF000000FF000000FF000000FF000000FF000000FF000000FF0000
310
00FF000000FF000000FF000000FF000000FF000000FF000000FF000000FFFFFFFFFF000000FF000000FF000000FF000000FF000000FFFFFFFFFF000000FF000000FF000000FF000000FF000000FF000000FF000000FF000000FF000000FF000000FF000000FF000000FF000000FF000000FF000000FF000000FF000000FF00
310
0000FF000000FF000000FF000000FF000000FF000000FF000000FF000000FF000000FFFFFFFFFF000000FF000000FF000000FF000000FF000000FFFFFFFFFF000000FF000000FF000000FF000000FF000000FF000000FF000000FF000000FF000000FF000000FF000000FF000000FF000000FF000000FF000000FF000000FF
310
000000FF000000FF000000FF000000FF000000FF000000FF000000FF000000FF000000FF000000FFFFFFFFFF000000FF000000FF000000FF000000FF000000FFFFFFFFFF000000FF000000FF000000FF000000FF000000FF000000FF000000FF000000FF000000FF000000FF000000FF000000FF000000FF000000FF000000
310
FF000000FF000000FF000000FF000000FF000000FF000000FF000000FF000000FF000000FF000000FF000000FFFFFFFFFF000000FF000000FF000000FF000000FF000000FFFFFFFFFF000000FF000000FF000000FF000000FF000000FF000000FF000000FF000000FF000000FF000000FF000000FF000000FF000000FF0000
310
00FF000000FF000000FF000000FF000000FF000000FF000000FF000000FF000000FF000000FF000000FF000000FF000000FFFFFFFFFF000000FF000000FF000000FFFFFFFFFF000000FF000000FF000000FF000000FF000000FF000000FF000000FF000000FF000000FF000000FF000000FF000000FF000000FF000000FF00
310
0000FF000000FF000000FF000000FF000000FF000000FF000000FF000000FF000000FF000000FF000000FF000000FF000000FF000000FFFFFFFFFF000000FFFFFFFFFF000000FF000000FF000000FF000000FF000000FF000000FF000000FF000000FF000000FF000000FF000000FF000000FF000000FF000000FF000000FF
310
000000FF000000FF000000FF000000FF000000FF000000FF000000FF000000FF000000FF000000FF000000FF000000FF000000FF000000FF000000FFFFFFFFFF000000FF000000FF
 70
     0
280
     1
281
     0
  0
BLOCK_RECORD
  5
33
330
1
100
AcDbSymbolTableRecord
100
AcDbBlockTableRecord
  2
huseyin1_ArchTick
340
0
310
2800000020000000200000000100080000000000000400000000000000000000000000000000000000000000000080000080000000808000800000008000800080800000C0C0C000C0DCC000F0CAA6000020400000206000002080000020A0000020C0000020E00000400000004020000040400000406000004080000040A0
310
000040C0000040E00000600000006020000060400000606000006080000060A0000060C0000060E00000800000008020000080400000806000008080000080A0000080C0000080E00000A0000000A0200000A0400000A0600000A0800000A0A00000A0C00000A0E00000C0000000C0200000C0400000C0600000C0800000C0
310
A00000C0C00000C0E00000E0000000E0200000E0400000E0600000E0800000E0A00000E0C00000E0E00040000000400020004000400040006000400080004000A0004000C0004000E00040200000402020004020400040206000402080004020A0004020C0004020E000404000004040200040404000404060004040800040
310
40A0004040C0004040E00040600000406020004060400040606000406080004060A0004060C0004060E00040800000408020004080400040806000408080004080A0004080C0004080E00040A0000040A0200040A0400040A0600040A0800040A0A00040A0C00040A0E00040C0000040C0200040C0400040C0600040C08000
310
40C0A00040C0C00040C0E00040E0000040E0200040E0400040E0600040E0800040E0A00040E0C00040E0E00080000000800020008000400080006000800080008000A0008000C0008000E00080200000802020008020400080206000802080008020A0008020C0008020E00080400000804020008040400080406000804080
310
008040A0008040C0008040E00080600000806020008060400080606000806080008060A0008060C0008060E00080800000808020008080400080806000808080008080A0008080C0008080E00080A0000080A0200080A0400080A0600080A0800080A0A00080A0C00080A0E00080C0000080C0200080C0400080C0600080C0
310
800080C0A00080C0C00080C0E00080E0000080E0200080E0400080E0600080E0800080E0A00080E0C00080E0E000C0000000C0002000C0004000C0006000C0008000C000A000C000C000C000E000C0200000C0202000C0204000C0206000C0208000C020A000C020C000C020E000C0400000C0402000C0404000C0406000C0
310
408000C040A000C040C000C040E000C0600000C0602000C0604000C0606000C0608000C060A000C060C000C060E000C0800000C0802000C0804000C0806000C0808000C080A000C080C000C080E000C0A00000C0A02000C0A04000C0A06000C0A08000C0A0A000C0A0C000C0A0E000C0C00000C0C02000C0C04000C0C06000
310
C0C08000C0C0A000F0FBFF00A4A0A000808080000000FF0000FF000000FFFF00FF000000FF00FF00FFFF0000FFFFFF00000000FF000000000000000000000000000000000000000000000000000000000000FF00FF00000000000000000000000000000000000000000000000000000000FF000000FF000000000000000000
310
0000000000000000000000000000000000FF0000000000FF0000000000000000000000000000000000000000000000000000FF0000000000FF0000000000000000000000000000000000000000000000000000FF0000000000FF0000000000000000000000000000000000000000000000000000FF0000000000FF00000000
310
00000000000000000000000000000000000000000000FF0000000000FF0000000000000000000000000000000000000000000000000000FF0000000000FF0000000000000000000000000000000000000000000000000000FF0000000000FF0000000000000000000000000000000000000000000000000000FF0000000000
310
FF0000000000000000000000000000000000000000000000000000FF0000000000FF0000000000000000000000000000000000000000000000000000FF0000000000FF0000000000000000000000000000000000000000000000000000FF0000000000FF0000000000000000000000000000000000000000000000000000FF
310
0000000000FF0000000000000000000000000000000000000000000000000000FF0000000000FF0000000000000000000000000000000000000000000000000000FF0000000000FF0000000000000000000000000000000000000000000000000000FF0000000000FF00000000000000000000000000000000000000000000
310
00000000FF0000000000FF0000000000000000000000000000000000000000000000000000FF0000000000FF0000000000000000000000000000000000000000000000000000FF0000000000FF0000000000000000000000000000000000000000000000000000FF0000000000FF0000000000000000000000000000000000
310
000000000000000000FF0000000000FF0000000000000000000000000000000000000000000000000000FF0000000000FF0000000000000000000000000000000000000000000000000000FF0000000000FF0000000000000000000000000000000000000000000000000000FF0000000000FF000000000000000000000000
310
0000000000000000000000000000FF0000000000FF0000000000000000000000000000000000000000000000000000FF0000000000FF0000000000000000000000000000000000000000000000000000FF0000000000FF0000000000000000000000000000000000000000000000000000FF000000FF000000000000000000
310
00000000000000000000000000000000000000FF00FF000000000000000000000000000000000000000000000000000000000000FF000000
 70
     0
280
     1
281
     0
  0
BLOCK_RECORD
  5
95
102
{ACAD_XDICTIONARY
360
96
102
}
330
1
100
AcDbSymbolTableRecord
100
AcDbBlockTableRecord
  2
120'lik_Dubel
340
0
310
2800000020000000200000000100080000000000000400000000000000000000000000000000000000000000000080000080000000808000800000008000800080800000C0C0C000C0DCC000F0CAA6000020400000206000002080000020A0000020C0000020E00000400000004020000040400000406000004080000040A0
310
000040C0000040E00000600000006020000060400000606000006080000060A0000060C0000060E00000800000008020000080400000806000008080000080A0000080C0000080E00000A0000000A0200000A0400000A0600000A0800000A0A00000A0C00000A0E00000C0000000C0200000C0400000C0600000C0800000C0
310
A00000C0C00000C0E00000E0000000E0200000E0400000E0600000E0800000E0A00000E0C00000E0E00040000000400020004000400040006000400080004000A0004000C0004000E00040200000402020004020400040206000402080004020A0004020C0004020E000404000004040200040404000404060004040800040
310
40A0004040C0004040E00040600000406020004060400040606000406080004060A0004060C0004060E00040800000408020004080400040806000408080004080A0004080C0004080E00040A0000040A0200040A0400040A0600040A0800040A0A00040A0C00040A0E00040C0000040C0200040C0400040C0600040C08000
310
40C0A00040C0C00040C0E00040E0000040E0200040E0400040E0600040E0800040E0A00040E0C00040E0E00080000000800020008000400080006000800080008000A0008000C0008000E00080200000802020008020400080206000802080008020A0008020C0008020E00080400000804020008040400080406000804080
310
008040A0008040C0008040E00080600000806020008060400080606000806080008060A0008060C0008060E00080800000808020008080400080806000808080008080A0008080C0008080E00080A0000080A0200080A0400080A0600080A0800080A0A00080A0C00080A0E00080C0000080C0200080C0400080C0600080C0
310
800080C0A00080C0C00080C0E00080E0000080E0200080E0400080E0600080E0800080E0A00080E0C00080E0E000C0000000C0002000C0004000C0006000C0008000C000A000C000C000C000E000C0200000C0202000C0204000C0206000C0208000C020A000C020C000C020E000C0400000C0402000C0404000C0406000C0
310
408000C040A000C040C000C040E000C0600000C0602000C0604000C0606000C0608000C060A000C060C000C060E000C0800000C0802000C0804000C0806000C0808000C080A000C080C000C080E000C0A00000C0A02000C0A04000C0A06000C0A08000C0A0A000C0A0C000C0A0E000C0C00000C0C02000C0C04000C0C06000
310
C0C08000C0C0A000F0FBFF00A4A0A000808080000000FF0000FF000000FFFF00FF000000FF00FF00FFFF0000FFFFFF000000000000000000000000000000000000000000000000000000000000000000000000000000000000000000000000B4B40000000000000000000000000000000000000000000000000000000000B4
310
B4B4B400000000000000000000000000000000000000000000000000000000B4B4B4B400000000000000000000000000000000000000000000000000000000B4B4B4B400000000000000000000000000000000000000000000000000000000B4B4B4B400000000000000000000000000000000000000000000000000000000
310
B4B4B4B400000000000000000000000000000000000000000000000000000000B4B4B4B400000000000000000000000000000000000000000000000000000000B4B4B4B400000000000000000000000000000000000000000000000000000000B40000B4000000000000000000000000000000000000000000000000000000
310
00B40000B400000000000000000000000000000000000000000000000000000000B40000B400000000000000000000000000000000000000000000000000000000B40000B400000000000000000000000000000000000000000000000000000000B40000B40000000000000000000000000000000000000000000000000000
310
0000B40000B400000000000000000000000000000000000000000000000000000000B40000B400000000000000000000000000000000000000000000000000000000B40000B400000000000000000000000000000000000000000000000000000000B40000B400000000000000000000000000000000000000000000000000
310
000000B40000B400000000000000000000000000000000000000000000000000000000B40000B400000000000000000000000000000000000000000000000000000000B4B4B4B400000000000000000000000000000000000000000000000000000000B4B4B4B4000000000000000000000000000000000000000000000000
310
00000000B4B4B4B400000000000000000000000000000000000000000000000000000000B4B4B4B400000000000000000000000000000000000000000000000000000000B4B4B4B400000000000000000000000000000000000000000000000000000000B4B4B4B40000000000000000000000000000000000000000000000
310
0000000000B4B4B4B400000000000000000000000000000000000000000000000000000000B40000B400000000000000000000000000000000000000000000000000000000B40000B400000000000000000000000000000000000000000000000000000000B4B4B4B400000000000000000000000000000000000000000000
310
00000000000000B4B40000000000000000000000000000000000000000000000000000000000000000000000000000000000000000000000
102
{BLKREFS
331
263
331
264
331
295
331
296
331
2CC
331
2CD
331
2FC
331
2FD
331
93
331
1E2
331
207
331
208
331
223
331
224
102
}
 70
     4
280
     1
281
     0
1001
ACDBBLOCKREPETAG
1070
     1
1071
      327
1001
AcDbDynamicBlockGUID
1000
{D1830DF5-58A9-F94F-9E2B-6B19EC23D95B}
  0
BLOCK_RECORD
  5
74
102
{ACAD_XDICTIONARY
360
75
102
}
330
1
100
AcDbSymbolTableRecord
100
AcDbBlockTableRecord
  2
yatay ankraj
340
0
310
2800000020000000200000000100080000000000000400000000000000000000000000000000000000000000000080000080000000808000800000008000800080800000C0C0C000C0DCC000F0CAA6000020400000206000002080000020A0000020C0000020E00000400000004020000040400000406000004080000040A0
310
000040C0000040E00000600000006020000060400000606000006080000060A0000060C0000060E00000800000008020000080400000806000008080000080A0000080C0000080E00000A0000000A0200000A0400000A0600000A0800000A0A00000A0C00000A0E00000C0000000C0200000C0400000C0600000C0800000C0
310
A00000C0C00000C0E00000E0000000E0200000E0400000E0600000E0800000E0A00000E0C00000E0E00040000000400020004000400040006000400080004000A0004000C0004000E00040200000402020004020400040206000402080004020A0004020C0004020E000404000004040200040404000404060004040800040
310
40A0004040C0004040E00040600000406020004060400040606000406080004060A0004060C0004060E00040800000408020004080400040806000408080004080A0004080C0004080E00040A0000040A0200040A0400040A0600040A0800040A0A00040A0C00040A0E00040C0000040C0200040C0400040C0600040C08000
310
40C0A00040C0C00040C0E00040E0000040E0200040E0400040E0600040E0800040E0A00040E0C00040E0E00080000000800020008000400080006000800080008000A0008000C0008000E00080200000802020008020400080206000802080008020A0008020C0008020E00080400000804020008040400080406000804080
310
008040A0008040C0008040E00080600000806020008060400080606000806080008060A0008060C0008060E00080800000808020008080400080806000808080008080A0008080C0008080E00080A0000080A0200080A0400080A0600080A0800080A0A00080A0C00080A0E00080C0000080C0200080C0400080C0600080C0
310
800080C0A00080C0C00080C0E00080E0000080E0200080E0400080E0600080E0800080E0A00080E0C00080E0E000C0000000C0002000C0004000C0006000C0008000C000A000C000C000C000E000C0200000C0202000C0204000C0206000C0208000C020A000C020C000C020E000C0400000C0402000C0404000C0406000C0
310
408000C040A000C040C000C040E000C0600000C0602000C0604000C0606000C0608000C060A000C060C000C060E000C0800000C0802000C0804000C0806000C0808000C080A000C080C000C080E000C0A00000C0A02000C0A04000C0A06000C0A08000C0A0A000C0A0C000C0A0E000C0C00000C0C02000C0C04000C0C06000
310
C0C08000C0C0A000F0FBFF00A4A0A000808080000000FF0000FF000000FFFF00FF000000FF00FF00FFFF0000FFFFFF00000000000000000000000000000000000000000000000000000000000000000000B4B4B4B4B4B4B4B4B4B4B4B4B4B4B4B4B4B4B4B4B4B4B4B4B4B4B4B4B4B40000B400B40000000000000000000000
310
000000000000000000000000000000B40000B400B40000000000000000000000000000000000000000000000000000B40000B400B40000000000000000000000000000000000000000000000000000B40000B400B40000000000000000000000000000000000000000000000000000B40000B400B400000000000000000000
310
00000000000000000000000000000000B40000B400B40000000000000000000000000000000000000000B4B4B4000000B40000B400B40000000000000000000000000000000000000000B4B4B4000000B40000B400B4000000000000000000000000000000000000000000B4B4000000B40000B400B4000000000000000000
310
0000000000000000000000000000000000B40000B400B40000000000000000000000000000000000000000000000000000B40000B400B40000000000000000000000000000000000000000000000000000B40000B400B40000000000000000000000000000000000000000000000000000B40000B400B40000000000000000
310
000000000000000000000000000000000000B40000B400B40000000000000000000000000000000000000000000000000000B40000B400B400000000000000000000000000000000A4000000000000000000B40000B400B400000000000000000000000000000000A4000000000000000000B40000B400B400000000000000
310
000000000000000000A4000000000000000000B40000B400B4000000000000000000B4B4B4B4B4B4B4A4B4B4B4B4B4B4000000B40000B400B400000000000000A4A4A4A4A4A4A4A4A4A4A4A4A4A4A4A4A4A400B40000B400B4000000000000000000B4000000000000A40000000000B4B40000B40000B400B4000000000000
310
000000B4B4B4B4B4B4B4A4B4B4B4B4B4B4000000B40000B400B400000000000000000000000000000000A4000000000000000000B40000B400B400000000000000000000000000000000A4000000000000000000B40000B400B40000000000000000000000000000000000000000000000000000B40000B400B40000000000
310
000000000000000000000000000000000000000000B40000B400B40000000000000000000000000000000000000000000000000000B40000B400B40000000000000000000000000000000000000000000000000000B40000B400B40000000000000000000000000000000000000000000000000000B40000B4B4B4B4B4B4B4
310
B4B4B4B4B4B4B4B4B4B4B4B4B4B4B4B4B4B4B4B4B4B4B4000000000000000000000000000000000000000000000000000000000000000000
102
{BLKREFS
331
72
102
}
 70
     4
280
     1
281
     0
1001
ACDBBLOCKREPETAG
1070
     1
1071
       18
1001
AcDbDynamicBlockTrueName
1000
yatay ankraj
1001
AcDbDynamicBlockGUID
1000
{D86067ED-1833-4586-A8C1-184A3FDC8360}
  0
BLOCK_RECORD
  5
1F1
102
{ACAD_XDICTIONARY
360
1F2
102
}
330
1
100
AcDbSymbolTableRecord
100
AcDbBlockTableRecord
  2
düşey ankraj
340
0
310
2800000020000000200000000100080000000000000400000000000000000000000000000000000000000000000080000080000000808000800000008000800080800000C0C0C000C0DCC000F0CAA6000020400000206000002080000020A0000020C0000020E00000400000004020000040400000406000004080000040A0
310
000040C0000040E00000600000006020000060400000606000006080000060A0000060C0000060E00000800000008020000080400000806000008080000080A0000080C0000080E00000A0000000A0200000A0400000A0600000A0800000A0A00000A0C00000A0E00000C0000000C0200000C0400000C0600000C0800000C0
310
A00000C0C00000C0E00000E0000000E0200000E0400000E0600000E0800000E0A00000E0C00000E0E00040000000400020004000400040006000400080004000A0004000C0004000E00040200000402020004020400040206000402080004020A0004020C0004020E000404000004040200040404000404060004040800040
310
40A0004040C0004040E00040600000406020004060400040606000406080004060A0004060C0004060E00040800000408020004080400040806000408080004080A0004080C0004080E00040A0000040A0200040A0400040A0600040A0800040A0A00040A0C00040A0E00040C0000040C0200040C0400040C0600040C08000
310
40C0A00040C0C00040C0E00040E0000040E0200040E0400040E0600040E0800040E0A00040E0C00040E0E00080000000800020008000400080006000800080008000A0008000C0008000E00080200000802020008020400080206000802080008020A0008020C0008020E00080400000804020008040400080406000804080
310
008040A0008040C0008040E00080600000806020008060400080606000806080008060A0008060C0008060E00080800000808020008080400080806000808080008080A0008080C0008080E00080A0000080A0200080A0400080A0600080A0800080A0A00080A0C00080A0E00080C0000080C0200080C0400080C0600080C0
310
800080C0A00080C0C00080C0E00080E0000080E0200080E0400080E0600080E0800080E0A00080E0C00080E0E000C0000000C0002000C0004000C0006000C0008000C000A000C000C000C000E000C0200000C0202000C0204000C0206000C0208000C020A000C020C000C020E000C0400000C0402000C0404000C0406000C0
310
408000C040A000C040C000C040E000C0600000C0602000C0604000C0606000C0608000C060A000C060C000C060E000C0800000C0802000C0804000C0806000C0808000C080A000C080C000C080E000C0A00000C0A02000C0A04000C0A06000C0A08000C0A0A000C0A0C000C0A0E000C0C00000C0C02000C0C04000C0C06000
310
C0C08000C0C0A000F0FBFF00A4A0A000808080000000FF0000FF000000FFFF00FF000000FF00FF00FFFF0000FFFFFF00000000000000000000000000000000000000000000000000000000000000000000B4B4B4B4B4B4B4B4B4B4B4B4B4B4B4B4B4B4B4B4B4B4B4B4B4B4B4B4B4B40000B400B40000000000000000000000
310
000000000000000000000000000000B40000B400B40000000000000000000000000000000000000000000000000000B40000B400B4000000000000000000000000000000000000000000B4B4000000B40000B400B40000000000000000000000000000000000000000B4B4B4000000B40000B400B400000000000000000000
310
0000000000000000000000B4B4000000B40000B400B4000000000000000000000000000000000000000000A400000000B40000B400B4000000000000000000000000000000000000000000A400000000B40000B400B40000000000000000000000000000000000000000B4A4B4B40000B40000B400B4000000000000000000
310
0000000000000000000000B4A400B40000B40000B400B40000000000000000000000000000000000000000B4A400B40000B40000B400B40000000000000000000000000000000000000000B4A400B40000B40000B400B40000000000000000000000000000000000000000B4A400B40000B40000B400B40000000000000000
310
000000000000000000000000B4A400B40000B40000B400B40000000000000000000000000000000000000000B4A400B40000B40000B400B40000000000000000000000000000000000A4A4A4A4A4A4A4A4A4B40000B400B40000000000000000000000000000000000000000B4A400B40000B40000B400B400000000000000
310
00000000000000000000000000B4A400B40000B40000B400B40000000000000000000000000000000000000000B4A400B40000B40000B400B40000000000000000000000000000000000000000B4A400B40000B40000B400B40000000000000000000000000000000000000000B4A400B40000B40000B400B4000000000000
310
0000000000000000000000000000B4A4B4B40000B40000B400B4000000000000000000000000000000000000000000A400000000B40000B400B4000000000000000000000000000000000000000000A400000000B40000B400B40000000000000000000000000000000000000000000000000000B40000B400B40000000000
310
000000000000000000000000000000000000000000B40000B400B40000000000000000000000000000000000000000000000000000B40000B400B40000000000000000000000000000000000000000000000000000B40000B400B40000000000000000000000000000000000000000000000000000B40000B4B4B4B4B4B4B4
310
B4B4B4B4B4B4B4B4B4B4B4B4B4B4B4B4B4B4B4B4B4B4B4000000000000000000000000000000000000000000000000000000000000000000
 70
     4
280
     1
281
     0
1001
ACDBBLOCKREPETAG
1070
     1
1071
       18
1001
AcDbDynamicBlockTrueName
1000
düşey ankraj
1001
AcDbDynamicBlockGUID
1000
{660E48E5-C8A2-4042-B22E-B5317F742A0A}
  0
BLOCK_RECORD
  5
231
102
{ACAD_XDICTIONARY
360
232
102
}
330
1
100
AcDbSymbolTableRecord
100
AcDbBlockTableRecord
  2
yatay ankraj plan
340
0
310
2800000020000000200000000100080000000000000400000000000000000000000000000000000000000000000080000080000000808000800000008000800080800000C0C0C000C0DCC000F0CAA6000020400000206000002080000020A0000020C0000020E00000400000004020000040400000406000004080000040A0
310
000040C0000040E00000600000006020000060400000606000006080000060A0000060C0000060E00000800000008020000080400000806000008080000080A0000080C0000080E00000A0000000A0200000A0400000A0600000A0800000A0A00000A0C00000A0E00000C0000000C0200000C0400000C0600000C0800000C0
310
A00000C0C00000C0E00000E0000000E0200000E0400000E0600000E0800000E0A00000E0C00000E0E00040000000400020004000400040006000400080004000A0004000C0004000E00040200000402020004020400040206000402080004020A0004020C0004020E000404000004040200040404000404060004040800040
310
40A0004040C0004040E00040600000406020004060400040606000406080004060A0004060C0004060E00040800000408020004080400040806000408080004080A0004080C0004080E00040A0000040A0200040A0400040A0600040A0800040A0A00040A0C00040A0E00040C0000040C0200040C0400040C0600040C08000
310
40C0A00040C0C00040C0E00040E0000040E0200040E0400040E0600040E0800040E0A00040E0C00040E0E00080000000800020008000400080006000800080008000A0008000C0008000E00080200000802020008020400080206000802080008020A0008020C0008020E00080400000804020008040400080406000804080
310
008040A0008040C0008040E00080600000806020008060400080606000806080008060A0008060C0008060E00080800000808020008080400080806000808080008080A0008080C0008080E00080A0000080A0200080A0400080A0600080A0800080A0A00080A0C00080A0E00080C0000080C0200080C0400080C0600080C0
310
800080C0A00080C0C00080C0E00080E0000080E0200080E0400080E0600080E0800080E0A00080E0C00080E0E000C0000000C0002000C0004000C0006000C0008000C000A000C000C000C000E000C0200000C0202000C0204000C0206000C0208000C020A000C020C000C020E000C0400000C0402000C0404000C0406000C0
310
408000C040A000C040C000C040E000C0600000C0602000C0604000C0606000C0608000C060A000C060C000C060E000C0800000C0802000C0804000C0806000C0808000C080A000C080C000C080E000C0A00000C0A02000C0A04000C0A06000C0A08000C0A0A000C0A0C000C0A0E000C0C00000C0C02000C0C04000C0C06000
310
C0C08000C0C0A000F0FBFF00A4A0A000808080000000FF0000FF000000FFFF00FF000000FF00FF00FFFF0000FFFFFF000000000000000000000000000000000000000000000000000000000000000000000000000000000000000000B4000000000000B4000000000000000000000000000000000000000000000000B40000
310
00000000B4000000000000000000000000000000000000000000000000FF000000000000FF000000000000000000000000000000000000000000000000B4000000000000B4000000000000000000000000000000000000000000000000B4000000000000B400000000000000000000000000000000000000000000FFFFFFFF
310
FF0000FFFFFFFFFF00000000000000000000000000000000000000000000B4000000000000B4000000000000000000000000000000000000000000000000B4000000000000B4000000000000000000000000000000000000000000000000FF000000000000FF000000000000000000000000000000000000000000000000B4
310
000000000000B4000000000000000000000000000000000000000000000000B4000000000000B4000000000000000000000000000000000000000000000000B4000000000000B40000000000000000000000000000000000000000FF000000B4000000000000B400000000000000000000000000000000000000A7A7A70000
310
B4000000000000B40000A7A7A7000000000000000000000000B4FFA7A7A7FFB4B4B4B4B4B4B4B4B4B4FFA7A7A7FFB400000000000000000000B4FFB4A7A7FFB4B4000000000000B4B4FFA7A7B4FFB400000000000000000000000000A7A7000000000000000000000000A7A700000000000000000000000000000000A7A700
310
0000000000000000000000A7A700000000000000000000000000000000A7A7000000000000000000000000A7A700000000000000000000000000000000A7A7000000000000000000000000A7A700000000000000000000000000000000A7A7000000000000000000000000A7A700000000000000000000000000000000A7A7
310
000000000000000000000000A7A700000000000000000000000000000000A7A7000000000000000000000000A7A700000000000000000000000000000000A7A7000000000000000000000000A7A700000000000000000000000000000000A7A7000000000000000000000000A7A700000000000000000000000000000000A7
310
A7000000000000000000000000A7A7A70000000000000000000000000000A7A7A7000000000000000000000000A7A7A7000000000000000000000000000000A7A7000000000000000000000000A7A700000000000000000000000000000000A7A7000000000000000000000000A7A700000000000000000000000000000000
310
A70000000000000000000000000000A700000000000000000000000000000000000000000000000000000000000000000000000000000000
 70
     4
280
     1
281
     0
1001
ACDBBLOCKREPETAG
1070
     1
1071
       39
1001
AcDbDynamicBlockTrueName
1000
yatay ankraj plan
1001
AcDbDynamicBlockGUID
1000
{43040643-6A0D-47E2-B4E9-C87A8E2C0154}
  0
BLOCK_RECORD
  5
29C
102
{ACAD_XDICTIONARY
360
29D
102
}
330
1
100
AcDbSymbolTableRecord
100
AcDbBlockTableRecord
  2
düşey ankraj plan
340
0
310
2800000020000000200000000100080000000000000400000000000000000000000000000000000000000000000080000080000000808000800000008000800080800000C0C0C000C0DCC000F0CAA6000020400000206000002080000020A0000020C0000020E00000400000004020000040400000406000004080000040A0
310
000040C0000040E00000600000006020000060400000606000006080000060A0000060C0000060E00000800000008020000080400000806000008080000080A0000080C0000080E00000A0000000A0200000A0400000A0600000A0800000A0A00000A0C00000A0E00000C0000000C0200000C0400000C0600000C0800000C0
310
A00000C0C00000C0E00000E0000000E0200000E0400000E0600000E0800000E0A00000E0C00000E0E00040000000400020004000400040006000400080004000A0004000C0004000E00040200000402020004020400040206000402080004020A0004020C0004020E000404000004040200040404000404060004040800040
310
40A0004040C0004040E00040600000406020004060400040606000406080004060A0004060C0004060E00040800000408020004080400040806000408080004080A0004080C0004080E00040A0000040A0200040A0400040A0600040A0800040A0A00040A0C00040A0E00040C0000040C0200040C0400040C0600040C08000
310
40C0A00040C0C00040C0E00040E0000040E0200040E0400040E0600040E0800040E0A00040E0C00040E0E00080000000800020008000400080006000800080008000A0008000C0008000E00080200000802020008020400080206000802080008020A0008020C0008020E00080400000804020008040400080406000804080
310
008040A0008040C0008040E00080600000806020008060400080606000806080008060A0008060C0008060E00080800000808020008080400080806000808080008080A0008080C0008080E00080A0000080A0200080A0400080A0600080A0800080A0A00080A0C00080A0E00080C0000080C0200080C0400080C0600080C0
310
800080C0A00080C0C00080C0E00080E0000080E0200080E0400080E0600080E0800080E0A00080E0C00080E0E000C0000000C0002000C0004000C0006000C0008000C000A000C000C000C000E000C0200000C0202000C0204000C0206000C0208000C020A000C020C000C020E000C0400000C0402000C0404000C0406000C0
310
408000C040A000C040C000C040E000C0600000C0602000C0604000C0606000C0608000C060A000C060C000C060E000C0800000C0802000C0804000C0806000C0808000C080A000C080C000C080E000C0A00000C0A02000C0A04000C0A06000C0A08000C0A0A000C0A0C000C0A0E000C0C00000C0C02000C0C04000C0C06000
310
C0C08000C0C0A000F0FBFF00A4A0A000808080000000FF0000FF000000FFFF00FF000000FF00FF00FFFF0000FFFFFF000000000000000000000000000000000000000000000000000000000000000000000000000000000000000000B4000000000000B4000000000000000000000000000000000000000000000000B40000
310
00000000B400000000000000000000000000000000000000000000FFFFFFFFFF0000FFFFFFFFFF00000000000000000000000000000000000000000000FF000000000000FF000000000000000000000000000000000000000000000000B4000000000000B4000000000000000000000000000000000000000000000000B400
310
0000000000B4000000000000000000000000000000000000000000000000B4000000000000B4000000000000000000000000000000000000000000000000B4000000000000B4000000000000000000000000000000000000000000000000B4000000000000B4000000000000000000000000000000000000000000000000B4
310
000000000000B4000000000000000000000000000000000000000000000000B4000000000000B4000000000000000000000000000000000000000000000000B4000000000000B40000000000000000000000000000000000000000FF000000B4000000000000B400000000000000000000000000000000000000A7A7A70000
310
B4000000000000B40000A7A7A7000000000000000000000000B4FFA7A7A7FFB4B4B4B4B4B4B4B4B4B4FFA7A7A7FFB400000000000000000000B4FFB4A7A7FFB4B4000000000000B4B4FFA7A7B4FFB400000000000000000000000000A7A7000000000000000000000000A7A700000000000000000000000000000000A7A700
310
0000000000000000000000A7A700000000000000000000000000000000A7A7000000000000000000000000A7A700000000000000000000000000000000A7A7000000000000000000000000A7A700000000000000000000000000000000A7A7000000000000000000000000A7A700000000000000000000000000000000A7A7
310
000000000000000000000000A7A700000000000000000000000000000000A7A7000000000000000000000000A7A700000000000000000000000000000000A7A7000000000000000000000000A7A700000000000000000000000000000000A7A7000000000000000000000000A7A700000000000000000000000000000000A7
310
A7000000000000000000000000A7A7A70000000000000000000000000000A7A7A7000000000000000000000000A7A7A7000000000000000000000000000000A7A7000000000000000000000000A7A700000000000000000000000000000000A7A7000000000000000000000000A7A700000000000000000000000000000000
310
A70000000000000000000000000000A700000000000000000000000000000000000000000000000000000000000000000000000000000000
 70
     4
280
     1
281
     0
1001
ACDBBLOCKREPETAG
1070
     1
1071
       39
1001
AcDbDynamicBlockTrueName
1000
düşey ankraj plan
1001
AcDbDynamicBlockGUID
1000
{1DDA82F0-011D-4048-9188-97980B7D96A6}
  0
BLOCK_RECORD
  5
5D6
102
{ACAD_XDICTIONARY
360
5D7
102
}
330
1
100
AcDbSymbolTableRecord
100
AcDbBlockTableRecord
  2
Civi30
340
0
 70
     0
280
     1
281
     0
1001
ACDBBLOCKREPETAG
1070
     1
1071
       10
1001
AcDbDynamicBlockTrueName
1000
Civi30
1001
AcDbDynamicBlockGUID
1000
{1A32DD19-9333-4364-9324-ABC8FAE411BE}
  0
BLOCK_RECORD
  5
5F3
102
{ACAD_XDICTIONARY
360
5F4
102
}
330
1
100
AcDbSymbolTableRecord
100
AcDbBlockTableRecord
  2
*U9
340
0
102
{BLKREFS
331
5D2
102
}
 70
     0
280
     1
281
     0
1001
AcDbBlockRepBTag
1070
     1
1005
5D6
  0
BLOCK_RECORD
  5
215
102
{ACAD_XDICTIONARY
360
216
102
}
330
1
100
AcDbSymbolTableRecord
100
AcDbBlockTableRecord
  2
*U10
340
0
102
{BLKREFS
331
1ED
102
}
 70
     0
280
     1
281
     0
1001
AcDbBlockRepBTag
1070
     1
1005
1F1
  0
BLOCK_RECORD
  5
2D4
102
{ACAD_XDICTIONARY
360
2D5
102
}
330
1
100
AcDbSymbolTableRecord
100
AcDbBlockTableRecord
  2
*U11
340
0
102
{BLKREFS
331
298
102
}
 70
     0
280
     1
281
     0
1001
AcDbBlockRepBTag
1070
     1
1005
29C
  0
BLOCK_RECORD
  5
26D
102
{ACAD_XDICTIONARY
360
26E
102
}
330
1
100
AcDbSymbolTableRecord
100
AcDbBlockTableRecord
  2
*U12
340
0
102
{BLKREFS
331
22D
102
}
 70
     0
280
     1
281
     0
1001
AcDbBlockRepBTag
1070
     1
1005
231
  0
BLOCK_RECORD
  5
3B0
330
1
100
AcDbSymbolTableRecord
100
AcDbBlockTableRecord
  2
*D13
340
0
 70
     0
280
     1
281
     0
  0
BLOCK_RECORD
  5
3BD
330
1
100
AcDbSymbolTableRecord
100
AcDbBlockTableRecord
  2
*D14
340
0
 70
     0
280
     1
281
     0
  0
BLOCK_RECORD
  5
3CA
330
1
100
AcDbSymbolTableRecord
100
AcDbBlockTableRecord
  2
*D15
340
0
 70
     0
280
     1
281
     0
  0
BLOCK_RECORD
  5
4A9
330
1
100
AcDbSymbolTableRecord
100
AcDbBlockTableRecord
  2
*D16
340
0
 70
     0
280
     1
281
     0
  0
BLOCK_RECORD
  5
4B6
330
1
100
AcDbSymbolTableRecord
100
AcDbBlockTableRecord
  2
*D17
340
0
 70
     0
280
     1
281
     0
  0
BLOCK_RECORD
  5
4C3
330
1
100
AcDbSymbolTableRecord
100
AcDbBlockTableRecord
  2
*D18
340
0
 70
     0
280
     1
281
     0
  0
BLOCK_RECORD
  5
4D0
330
1
100
AcDbSymbolTableRecord
100
AcDbBlockTableRecord
  2
*D19
340
0
 70
     0
280
     1
281
     0
  0
BLOCK_RECORD
  5
4DD
330
1
100
AcDbSymbolTableRecord
100
AcDbBlockTableRecord
  2
*D20
340
0
 70
     0
280
     1
281
     0
  0
BLOCK_RECORD
  5
4EA
330
1
100
AcDbSymbolTableRecord
100
AcDbBlockTableRecord
  2
*D21
340
0
 70
     0
280
     1
281
     0
  0
BLOCK_RECORD
  5
4F7
330
1
100
AcDbSymbolTableRecord
100
AcDbBlockTableRecord
  2
*D22
340
0
 70
     0
280
     1
281
     0
  0
BLOCK_RECORD
  5
504
330
1
100
AcDbSymbolTableRecord
100
AcDbBlockTableRecord
  2
*D23
340
0
 70
     0
280
     1
281
     0
  0
BLOCK_RECORD
  5
511
330
1
100
AcDbSymbolTableRecord
100
AcDbBlockTableRecord
  2
*D24
340
0
 70
     0
280
     1
281
     0
  0
BLOCK_RECORD
  5
51E
330
1
100
AcDbSymbolTableRecord
100
AcDbBlockTableRecord
  2
*D25
340
0
 70
     0
280
     1
281
     0
  0
BLOCK_RECORD
  5
52B
330
1
100
AcDbSymbolTableRecord
100
AcDbBlockTableRecord
  2
*D26
340
0
 70
     0
280
     1
281
     0
  0
BLOCK_RECORD
  5
538
330
1
100
AcDbSymbolTableRecord
100
AcDbBlockTableRecord
  2
*D27
340
0
 70
     0
280
     1
281
     0
  0
BLOCK_RECORD
  5
545
330
1
100
AcDbSymbolTableRecord
100
AcDbBlockTableRecord
  2
*D28
340
0
 70
     0
280
     1
281
     0
  0
BLOCK_RECORD
  5
552
330
1
100
AcDbSymbolTableRecord
100
AcDbBlockTableRecord
  2
*D29
340
0
 70
     0
280
     1
281
     0
  0
BLOCK_RECORD
  5
55F
330
1
100
AcDbSymbolTableRecord
100
AcDbBlockTableRecord
  2
*D30
340
0
 70
     0
280
     1
281
     0
  0
BLOCK_RECORD
  5
56C
330
1
100
AcDbSymbolTableRecord
100
AcDbBlockTableRecord
  2
*D31
340
0
 70
     0
280
     1
281
     0
  0
BLOCK_RECORD
  5
579
330
1
100
AcDbSymbolTableRecord
100
AcDbBlockTableRecord
  2
*D32
340
0
 70
     0
280
     1
281
     0
  0
BLOCK_RECORD
  5
586
330
1
100
AcDbSymbolTableRecord
100
AcDbBlockTableRecord
  2
*D33
340
0
 70
     0
280
     1
281
     0
  0
BLOCK_RECORD
  5
593
330
1
100
AcDbSymbolTableRecord
100
AcDbBlockTableRecord
  2
*D34
340
0
 70
     0
280
     1
281
     0
  0
BLOCK_RECORD
  5
31B
330
1
100
AcDbSymbolTableRecord
100
AcDbBlockTableRecord
  2
*D35
340
0
 70
     0
280
     1
281
     0
  0
BLOCK_RECORD
  5
32B
330
1
100
AcDbSymbolTableRecord
100
AcDbBlockTableRecord
  2
*D36
340
0
 70
     0
280
     1
281
     0
  0
BLOCK_RECORD
  5
33A
330
1
100
AcDbSymbolTableRecord
100
AcDbBlockTableRecord
  2
*D37
340
0
 70
     0
280
     1
281
     0
  0
BLOCK_RECORD
  5
349
330
1
100
AcDbSymbolTableRecord
100
AcDbBlockTableRecord
  2
*D38
340
0
 70
     0
280
     1
281
     0
  0
BLOCK_RECORD
  5
358
330
1
100
AcDbSymbolTableRecord
100
AcDbBlockTableRecord
  2
*D39
340
0
 70
     0
280
     1
281
     0
  0
BLOCK_RECORD
  5
367
330
1
100
AcDbSymbolTableRecord
100
AcDbBlockTableRecord
  2
*D40
340
0
 70
     0
280
     1
281
     0
  0
BLOCK_RECORD
  5
376
330
1
100
AcDbSymbolTableRecord
100
AcDbBlockTableRecord
  2
*D41
340
0
 70
     0
280
     1
281
     0
  0
BLOCK_RECORD
  5
385
330
1
100
AcDbSymbolTableRecord
100
AcDbBlockTableRecord
  2
*D42
340
0
 70
     0
280
     1
281
     0
  0
BLOCK_RECORD
  5
394
330
1
100
AcDbSymbolTableRecord
100
AcDbBlockTableRecord
  2
*D43
340
0
 70
     0
280
     1
281
     0
  0
BLOCK_RECORD
  5
3A3
330
1
100
AcDbSymbolTableRecord
100
AcDbBlockTableRecord
  2
*D44
340
0
 70
     0
280
     1
281
     0
  0
BLOCK_RECORD
  5
3D9
330
1
100
AcDbSymbolTableRecord
100
AcDbBlockTableRecord
  2
*D45
340
0
 70
     0
280
     1
281
     0
  0
BLOCK_RECORD
  5
3E8
330
1
100
AcDbSymbolTableRecord
100
AcDbBlockTableRecord
  2
*D46
340
0
 70
     0
280
     1
281
     0
  0
BLOCK_RECORD
  5
3F7
330
1
100
AcDbSymbolTableRecord
100
AcDbBlockTableRecord
  2
*D47
340
0
 70
     0
280
     1
281
     0
  0
BLOCK_RECORD
  5
406
330
1
100
AcDbSymbolTableRecord
100
AcDbBlockTableRecord
  2
*D48
340
0
 70
     0
280
     1
281
     0
  0
BLOCK_RECORD
  5
415
330
1
100
AcDbSymbolTableRecord
100
AcDbBlockTableRecord
  2
*D49
340
0
 70
     0
280
     1
281
     0
  0
BLOCK_RECORD
  5
424
330
1
100
AcDbSymbolTableRecord
100
AcDbBlockTableRecord
  2
*D50
340
0
 70
     0
280
     1
281
     0
  0
BLOCK_RECORD
  5
433
330
1
100
AcDbSymbolTableRecord
100
AcDbBlockTableRecord
  2
*D51
340
0
 70
     0
280
     1
281
     0
  0
BLOCK_RECORD
  5
442
330
1
100
AcDbSymbolTableRecord
100
AcDbBlockTableRecord
  2
*D52
340
0
 70
     0
280
     1
281
     0
  0
BLOCK_RECORD
  5
451
330
1
100
AcDbSymbolTableRecord
100
AcDbBlockTableRecord
  2
*D53
340
0
 70
     0
280
     1
281
     0
  0
BLOCK_RECORD
  5
460
330
1
100
AcDbSymbolTableRecord
100
AcDbBlockTableRecord
  2
*D54
340
0
 70
     0
280
     1
281
     0
  0
BLOCK_RECORD
  5
46F
330
1
100
AcDbSymbolTableRecord
100
AcDbBlockTableRecord
  2
*D55
340
0
 70
     0
280
     1
281
     0
  0
BLOCK_RECORD
  5
47E
330
1
100
AcDbSymbolTableRecord
100
AcDbBlockTableRecord
  2
*D56
340
0
 70
     0
280
     1
281
     0
  0
BLOCK_RECORD
  5
48D
330
1
100
AcDbSymbolTableRecord
100
AcDbBlockTableRecord
  2
*D57
340
0
 70
     0
280
     1
281
     0
  0
BLOCK_RECORD
  5
49C
330
1
100
AcDbSymbolTableRecord
100
AcDbBlockTableRecord
  2
*D58
340
0
 70
     0
280
     1
281
     0
  0
BLOCK_RECORD
  5
5A2
330
1
100
AcDbSymbolTableRecord
100
AcDbBlockTableRecord
  2
*D59
340
0
 70
     0
280
     1
281
     0
  0
BLOCK_RECORD
  5
5B1
330
1
100
AcDbSymbolTableRecord
100
AcDbBlockTableRecord
  2
*D60
340
0
 70
     0
280
     1
281
     0
  0
BLOCK_RECORD
  5
5C6
330
1
100
AcDbSymbolTableRecord
100
AcDbBlockTableRecord
  2
*D61
340
0
 70
     0
280
     1
281
     0
  0
ENDTAB
  0
ENDSEC
  0
SECTION
  2
BLOCKS
  0
BLOCK
  5
5
330
2
100
AcDbEntity
  8
0
100
AcDbBlockBegin
  2
*Model_Space
 70
     0
 10
0.0
 20
0.0
 30
0.0
  3
*Model_Space
  1

  0
ENDBLK
  5
15
330
2
100
AcDbEntity
  8
0
100
AcDbBlockEnd
  0
BLOCK
  5
1B
330
1A
100
AcDbEntity
 67
     1
  8
0
100
AcDbBlockBegin
  2
*Paper_Space
 70
     0
 10
0.0
 20
0.0
 30
0.0
  3
*Paper_Space
  1

  0
ENDBLK
  5
1C
330
1A
100
AcDbEntity
 67
     1
  8
0
100
AcDbBlockEnd
  0
BLOCK
  5
3E
330
3B
100
AcDbEntity
  8
0
100
AcDbBlockBegin
  2
_OBLIQUE
 70
     0
 10
0.0
 20
0.0
 30
0.0
  3
_OBLIQUE
  1

  0
LINE
  5
3F
330
3B
100
AcDbEntity
  8
0
  6
ByBlock
 62
     0
380
     1
100
AcDbLine
 10
-0.5
 20
-0.5
 30
0.0
 11
0.5
 21
0.5
 31
0.0
  0
ENDBLK
  5
40
330
3B
100
AcDbEntity
  8
0
100
AcDbBlockEnd
  0
BLOCK
  5
47
330
44
100
AcDbEntity
  8
0
100
AcDbBlockBegin
  2
_ArchTick
 70
     0
 10
0.0
 20
0.0
 30
0.0
  3
_ArchTick
  1

  0
LWPOLYLINE
  5
48
330
44
100
AcDbEntity
  8
0
 62
     0
100
AcDbPolyline
 90
        2
 70
     0
 43
0.15
 10
-0.5
 20
-0.5
 10
0.5
 20
0.5
  0
ENDBLK
  5
49
330
44
100
AcDbEntity
  8
0
100
AcDbBlockEnd
  0
BLOCK
  5
34
330
33
100
AcDbEntity
  8
0
100
AcDbBlockBegin
  2
huseyin1_ArchTick
 70
     0
 10
0.0
 20
0.0
 30
0.0
  3
huseyin1_ArchTick
  1

  0
LWPOLYLINE
  5
35
330
33
100
AcDbEntity
  8
0
  6
ByBlock
 62
     0
100
AcDbPolyline
 90
        2
 70
     0
 43
0.15
 10
-0.5
 20
-0.5
 10
0.5
 20
0.5
  0
ENDBLK
  5
36
330
33
100
AcDbEntity
  8
0
100
AcDbBlockEnd
  0
BLOCK
  5
97
330
95
100
AcDbEntity
  8
0
 48
10.0
100
AcDbBlockBegin
  2
120'lik_Dubel
 70
     0
 10
0.0
 20
0.0
 30
0.0
  3
120'lik_Dubel
  1

  0
LINE
  5
98
330
95
100
AcDbEntity
  8
ART_DUBEL
  6
DASHDOT
100
AcDbLine
 10
9439.288751066479
 20
62566.49904927572
 30
0.0
 11
9439.288751066479
 21
62650.87404927572
 31
0.0
1001
ACDBBLOCKREPETAG
1070
     1
1071
        0
1005
98
  0
LWPOLYLINE
  5
9A
330
95
100
AcDbEntity
  8
ART_DUBEL
  6
DASHDOT
100
AcDbPolyline
 90
       14
 70
     0
 43
0.0
 10
9448.134904912635
 20
62555.87404927572
 10
9439.288751066479
 20
62557.12404927572
 10
9439.288751066479
 20
62560.87404927572
 42
0.414213562373095
 10
9440.53875106648
 20
62562.12404927572
 42
0.4142135623730951
 10
9441.788751066479
 20
62560.87404927572
 10
9446.788751066479
 20
62560.87404927572
 42
0.4142135623730951
 10
9448.038751066478
 20
62562.12404927572
 10
9448.038751066478
 20
62565.24904927572
 42
-0.4142135623730951
 10
9449.288751066479
 20
62566.49904927572
 10
9449.288751066479
 20
62650.87404927572
 10
9450.53875106648
 20
62663.37404927572
 10
9438.038751066478
 20
62663.37404927572
 10
9439.288751066479
 20
62650.87404927572
 10
9449.288751066479
 20
62650.87404927572
1001
ACDBBLOCKREPETAG
1070
     1
1071
        1
1005
9A
  0
LINE
  5
9B
330
95
100
AcDbEntity
  8
ART_DUBEL
  6
DASHDOT
100
AcDbLine
 10
9439.288751066479
 20
62663.37404927572
 30
0.0
 11
9439.288751066479
 21
62684.62404927572
 31
0.0
1001
ACDBBLOCKREPETAG
1070
     1
1071
        2
1005
9B
  0
LINE
  5
9C
330
95
100
AcDbEntity
  8
ART_DUBEL
  6
DASHDOT
100
AcDbLine
 10
9439.288751066479
 20
62684.62404927572
 30
0.0
 11
9444.288751066478
 21
62687.37404927572
 31
0.0
1001
ACDBBLOCKREPETAG
1070
     1
1071
        3
1005
9C
  0
LINE
  5
9D
330
95
100
AcDbEntity
  8
ART_DUBEL
  6
DASHDOT
100
AcDbLine
 10
9444.288751066478
 20
62687.37404927572
 30
0.0
 11
9449.288751066479
 21
62684.62404927572
 31
0.0
1001
ACDBBLOCKREPETAG
1070
     1
1071
        4
1005
9D
  0
LINE
  5
9E
330
95
100
AcDbEntity
  8
ART_DUBEL
  6
DASHDOT
100
AcDbLine
 10
9449.288751066479
 20
62663.37404927572
 30
0.0
 11
9449.288751066479
 21
62684.62404927572
 31
0.0
1001
ACDBBLOCKREPETAG
1070
     1
1071
        5
1005
9E
  0
LINE
  5
9F
330
95
100
AcDbEntity
  8
ART_DUBEL
  6
DASHDOT
100
AcDbLine
 10
9439.288751066479
 20
62684.62404927572
 30
0.0
 11
9449.288751066479
 21
62684.62404927572
 31
0.0
1001
ACDBBLOCKREPETAG
1070
     1
1071
        6
1005
9F
  0
LINE
  5
A0
330
95
100
AcDbEntity
  8
ART_DUBEL
  6
DASHDOT
100
AcDbLine
 10
9439.288751066479
 20
62665.87404927572
 30
0.0
 11
9449.288751066479
 21
62665.87404927572
 31
0.0
1001
ACDBBLOCKREPETAG
1070
     1
1071
        7
1005
A0
  0
LINE
  5
A1
330
95
100
AcDbEntity
  8
ART_DUBEL
  6
DASHDOT
100
AcDbLine
 10
9439.288751066479
 20
62672.12404927572
 30
0.0
 11
9449.288751066479
 21
62672.12404927572
 31
0.0
1001
ACDBBLOCKREPETAG
1070
     1
1071
        8
1005
A1
  0
LINE
  5
A2
330
95
100
AcDbEntity
  8
ART_DUBEL
  6
DASHDOT
100
AcDbLine
 10
9445.337523717425
 20
62662.38716344357
 30
0.0
 11
9445.2774172493
 21
62662.34526095992
 31
0.0
1001
ACDBBLOCKREPETAG
1070
     1
1071
        9
1005
A2
  0
LINE
  5
A3
330
95
100
AcDbEntity
  8
ART_DUBEL
  6
DASHDOT
100
AcDbLine
 10
9445.396044402199
 20
62662.42927219442
 30
0.0
 11
9445.337523717425
 21
62662.38716344357
 31
0.0
1001
ACDBBLOCKREPETAG
1070
     1
1071
       10
1005
A3
  0
LINE
  5
A4
330
95
100
AcDbEntity
  8
ART_DUBEL
  6
DASHDOT
100
AcDbLine
 10
9445.452912903004
 20
62662.47156628707
 30
0.0
 11
9445.396044402199
 21
62662.42927219442
 31
0.0
1001
ACDBBLOCKREPETAG
1070
     1
1071
       11
1005
A4
  0
LINE
  5
A5
330
95
100
AcDbEntity
  8
ART_DUBEL
  6
DASHDOT
100
AcDbLine
 10
9445.508062819069
 20
62662.51402479618
 30
0.0
 11
9445.452912903004
 21
62662.47156628707
 31
0.0
1001
ACDBBLOCKREPETAG
1070
     1
1071
       12
1005
A5
  0
LINE
  5
A6
330
95
100
AcDbEntity
  8
ART_DUBEL
  6
DASHDOT
100
AcDbLine
 10
9445.561427749771
 20
62662.55662679639
 30
0.0
 11
9445.508062819069
 21
62662.51402479618
 31
0.0
1001
ACDBBLOCKREPETAG
1070
     1
1071
       13
1005
A6
  0
LINE
  5
A7
330
95
100
AcDbEntity
  8
ART_DUBEL
  6
DASHDOT
100
AcDbLine
 10
9445.61298684999
 20
62662.59940689788
 30
0.0
 11
9445.561427749771
 21
62662.55662679639
 31
0.0
1001
ACDBBLOCKREPETAG
1070
     1
1071
       14
1005
A7
  0
LINE
  5
A8
330
95
100
AcDbEntity
  8
ART_DUBEL
  6
DASHDOT
100
AcDbLine
 10
9445.662901497177
 20
62662.64262185345
 30
0.0
 11
9445.61298684999
 21
62662.59940689788
 31
0.0
1001
ACDBBLOCKREPETAG
1070
     1
1071
       15
1005
A8
  0
LINE
  5
A9
330
95
100
AcDbEntity
  8
ART_DUBEL
  6
DASHDOT
100
AcDbLine
 10
9445.711378624334
 20
62662.68658395129
 30
0.0
 11
9445.662901497177
 21
62662.64262185345
 31
0.0
1001
ACDBBLOCKREPETAG
1070
     1
1071
       16
1005
A9
  0
LINE
  5
AA
330
95
100
AcDbEntity
  8
ART_DUBEL
  6
DASHDOT
100
AcDbLine
 10
9445.758625164533
 20
62662.7316054797
 30
0.0
 11
9445.711378624334
 21
62662.68658395129
 31
0.0
1001
ACDBBLOCKREPETAG
1070
     1
1071
       17
1005
AA
  0
LINE
  5
AB
330
95
100
AcDbEntity
  8
ART_DUBEL
  6
DASHDOT
100
AcDbLine
 10
9445.804848050803
 20
62662.77799872696
 30
0.0
 11
9445.758625164533
 21
62662.7316054797
 31
0.0
1001
ACDBBLOCKREPETAG
1070
     1
1071
       18
1005
AB
  0
LINE
  5
AC
330
95
100
AcDbEntity
  8
ART_DUBEL
  6
DASHDOT
100
AcDbLine
 10
9445.850254216194
 20
62662.82607598139
 30
0.0
 11
9445.804848050803
 21
62662.77799872696
 31
0.0
1001
ACDBBLOCKREPETAG
1070
     1
1071
       19
1005
AC
  0
LINE
  5
AD
330
95
100
AcDbEntity
  8
ART_DUBEL
  6
DASHDOT
100
AcDbLine
 10
9445.8950505937
 20
62662.87614953125
 30
0.0
 11
9445.850254216194
 21
62662.82607598139
 31
0.0
1001
ACDBBLOCKREPETAG
1070
     1
1071
       20
1005
AD
  0
LINE
  5
AE
330
95
100
AcDbEntity
  8
ART_DUBEL
  6
DASHDOT
100
AcDbLine
 10
9445.939444116424
 20
62662.92853166482
 30
0.0
 11
9445.8950505937
 21
62662.87614953125
 31
0.0
1001
ACDBBLOCKREPETAG
1070
     1
1071
       21
1005
AE
  0
LINE
  5
AF
330
95
100
AcDbEntity
  8
ART_DUBEL
  6
DASHDOT
100
AcDbLine
 10
9445.983472348881
 20
62662.98335083633
 30
0.0
 11
9445.939444116424
 21
62662.92853166482
 31
0.0
1001
ACDBBLOCKREPETAG
1070
     1
1071
       22
1005
AF
  0
LINE
  5
B0
330
95
100
AcDbEntity
  8
ART_DUBEL
  6
DASHDOT
100
AcDbLine
 10
9446.026495381802
 20
62663.04000016341
 30
0.0
 11
9445.983472348881
 21
62662.98335083633
 31
0.0
1001
ACDBBLOCKREPETAG
1070
     1
1071
       23
1005
B0
  0
LINE
  5
B1
330
95
100
AcDbEntity
  8
ART_DUBEL
  6
DASHDOT
100
AcDbLine
 10
9446.067703937405
 20
62663.09768892972
 30
0.0
 11
9446.026495381802
 21
62663.04000016341
 31
0.0
1001
ACDBBLOCKREPETAG
1070
     1
1071
       24
1005
B1
  0
LINE
  5
B2
330
95
100
AcDbEntity
  8
ART_DUBEL
  6
DASHDOT
100
AcDbLine
 10
9446.106288737928
 20
62663.15562641884
 30
0.0
 11
9446.067703937405
 21
62663.09768892972
 31
0.0
1001
ACDBBLOCKREPETAG
1070
     1
1071
       25
1005
B2
  0
LINE
  5
B3
330
95
100
AcDbEntity
  8
ART_DUBEL
  6
DASHDOT
100
AcDbLine
 10
9446.141440505561
 20
62663.21302191443
 30
0.0
 11
9446.106288737928
 21
62663.15562641884
 31
0.0
1001
ACDBBLOCKREPETAG
1070
     1
1071
       26
1005
B3
  0
LINE
  5
B4
330
95
100
AcDbEntity
  8
ART_DUBEL
  6
DASHDOT
100
AcDbLine
 10
9446.1723499626
 20
62663.26908469999
 30
0.0
 11
9446.141440505561
 21
62663.21302191443
 31
0.0
1001
ACDBBLOCKREPETAG
1070
     1
1071
       27
1005
B4
  0
LINE
  5
B5
330
95
100
AcDbEntity
  8
ART_DUBEL
  6
DASHDOT
100
AcDbLine
 10
9446.198207831203
 20
62663.32302405924
 30
0.0
 11
9446.1723499626
 21
62663.26908469999
 31
0.0
1001
ACDBBLOCKREPETAG
1070
     1
1071
       28
1005
B5
  0
LINE
  5
B6
330
95
100
AcDbEntity
  8
ART_DUBEL
  6
DASHDOT
100
AcDbLine
 10
9446.218204833646
 20
62663.37404927572
 30
0.0
 11
9446.198207831203
 21
62663.32302405924
 31
0.0
1001
ACDBBLOCKREPETAG
1070
     1
1071
       29
1005
B6
  0
LINE
  5
B7
330
95
100
AcDbEntity
  8
ART_DUBEL
  6
DASHDOT
100
AcDbLine
 10
9447.538751066479
 20
62663.37404927572
 30
0.0
 11
9447.302402596417
 21
62662.68028299968
 31
0.0
1001
ACDBBLOCKREPETAG
1070
     1
1071
       30
1005
B7
  0
LINE
  5
B8
330
95
100
AcDbEntity
  8
ART_DUBEL
  6
DASHDOT
100
AcDbLine
 10
9441.506933651998
 20
62657.43669314259
 30
0.0
 11
9441.543886923396
 21
62657.37835629834
 31
0.0
1001
ACDBBLOCKREPETAG
1070
     1
1071
       31
1005
B8
  0
LINE
  5
B9
330
95
100
AcDbEntity
  8
ART_DUBEL
  6
DASHDOT
100
AcDbLine
 10
9441.470939518991
 20
62657.49619035602
 30
0.0
 11
9441.506933651998
 21
62657.43669314259
 31
0.0
1001
ACDBBLOCKREPETAG
1070
     1
1071
       32
1005
B9
  0
LINE
  5
BA
330
95
100
AcDbEntity
  8
ART_DUBEL
  6
DASHDOT
100
AcDbLine
 10
9441.435988814095
 20
62657.55691620126
 30
0.0
 11
9441.470939518991
 21
62657.49619035602
 31
0.0
1001
ACDBBLOCKREPETAG
1070
     1
1071
       33
1005
BA
  0
LINE
  5
BB
330
95
100
AcDbEntity
  8
ART_DUBEL
  6
DASHDOT
100
AcDbLine
 10
9441.402165827069
 20
62657.61893894072
 30
0.0
 11
9441.435988814095
 21
62657.55691620126
 31
0.0
1001
ACDBBLOCKREPETAG
1070
     1
1071
       34
1005
BB
  0
LINE
  5
BC
330
95
100
AcDbEntity
  8
ART_DUBEL
  6
DASHDOT
100
AcDbLine
 10
9441.369554847645
 20
62657.68232683705
 30
0.0
 11
9441.402165827069
 21
62657.61893894072
 31
0.0
1001
ACDBBLOCKREPETAG
1070
     1
1071
       35
1005
BC
  0
LINE
  5
BD
330
95
100
AcDbEntity
  8
ART_DUBEL
  6
DASHDOT
100
AcDbLine
 10
9441.338240165489
 20
62657.74714815277
 30
0.0
 11
9441.369554847645
 21
62657.68232683705
 31
0.0
1001
ACDBBLOCKREPETAG
1070
     1
1071
       36
1005
BD
  0
LINE
  5
BE
330
95
100
AcDbEntity
  8
ART_DUBEL
  6
DASHDOT
100
AcDbLine
 10
9441.308306070414
 20
62657.81347115043
 30
0.0
 11
9441.338240165489
 21
62657.74714815277
 31
0.0
1001
ACDBBLOCKREPETAG
1070
     1
1071
       37
1005
BE
  0
LINE
  5
BF
330
95
100
AcDbEntity
  8
ART_DUBEL
  6
DASHDOT
100
AcDbLine
 10
9441.279850354058
 20
62657.88134755565
 30
0.0
 11
9441.308306070414
 21
62657.81347115043
 31
0.0
1001
ACDBBLOCKREPETAG
1070
     1
1071
       38
1005
BF
  0
LINE
  5
C0
330
95
100
AcDbEntity
  8
ART_DUBEL
  6
DASHDOT
100
AcDbLine
 10
9441.253024816068
 20
62657.95076294612
 30
0.0
 11
9441.279850354058
 21
62657.88134755565
 31
0.0
1001
ACDBBLOCKREPETAG
1070
     1
1071
       39
1005
C0
  0
LINE
  5
C1
330
95
100
AcDbEntity
  8
ART_DUBEL
  6
DASHDOT
100
AcDbLine
 10
9441.227994758044
 20
62658.02168636276
 30
0.0
 11
9441.253024816068
 21
62657.95076294612
 31
0.0
1001
ACDBBLOCKREPETAG
1070
     1
1071
       40
1005
C1
  0
LINE
  5
C2
330
95
100
AcDbEntity
  8
ART_DUBEL
  6
DASHDOT
100
AcDbLine
 10
9441.204925481512
 20
62658.0940868463
 30
0.0
 11
9441.227994758044
 21
62658.02168636276
 31
0.0
1001
ACDBBLOCKREPETAG
1070
     1
1071
       41
1005
C2
  0
LINE
  5
C3
330
95
100
AcDbEntity
  8
ART_DUBEL
  6
DASHDOT
100
AcDbLine
 10
9441.183982288135
 20
62658.16793343758
 30
0.0
 11
9441.204925481512
 21
62658.0940868463
 31
0.0
1001
ACDBBLOCKREPETAG
1070
     1
1071
       42
1005
C3
  0
LINE
  5
C4
330
95
100
AcDbEntity
  8
ART_DUBEL
  6
DASHDOT
100
AcDbLine
 10
9441.165330479437
 20
62658.24319517744
 30
0.0
 11
9441.183982288135
 21
62658.16793343758
 31
0.0
1001
ACDBBLOCKREPETAG
1070
     1
1071
       43
1005
C4
  0
LINE
  5
C5
330
95
100
AcDbEntity
  8
ART_DUBEL
  6
DASHDOT
100
AcDbLine
 10
9441.149135356992
 20
62658.31984110666
 30
0.0
 11
9441.165330479437
 21
62658.24319517744
 31
0.0
1001
ACDBBLOCKREPETAG
1070
     1
1071
       44
1005
C5
  0
LINE
  5
C6
330
95
100
AcDbEntity
  8
ART_DUBEL
  6
DASHDOT
100
AcDbLine
 10
9441.13556222244
 20
62658.39784026607
 30
0.0
 11
9441.149135356992
 21
62658.31984110666
 31
0.0
1001
ACDBBLOCKREPETAG
1070
     1
1071
       45
1005
C6
  0
LINE
  5
C7
330
95
100
AcDbEntity
  8
ART_DUBEL
  6
DASHDOT
100
AcDbLine
 10
9441.12476448967
 20
62658.47713166088
 30
0.0
 11
9441.13556222244
 21
62658.39784026607
 31
0.0
1001
ACDBBLOCKREPETAG
1070
     1
1071
       46
1005
C7
  0
LINE
  5
C8
330
95
100
AcDbEntity
  8
ART_DUBEL
  6
DASHDOT
100
AcDbLine
 10
9441.116848021911
 20
62658.5575341538
 30
0.0
 11
9441.12476448967
 21
62658.47713166088
 31
0.0
1001
ACDBBLOCKREPETAG
1070
     1
1071
       47
1005
C8
  0
LINE
  5
C9
330
95
100
AcDbEntity
  8
ART_DUBEL
  6
DASHDOT
100
AcDbLine
 10
9441.111906794706
 20
62658.63883657199
 30
0.0
 11
9441.116848021911
 21
62658.5575341538
 31
0.0
1001
ACDBBLOCKREPETAG
1070
     1
1071
       48
1005
C9
  0
LINE
  5
CA
330
95
100
AcDbEntity
  8
ART_DUBEL
  6
DASHDOT
100
AcDbLine
 10
9441.110034783594
 20
62658.72082774256
 30
0.0
 11
9441.111906794706
 21
62658.63883657199
 31
0.0
1001
ACDBBLOCKREPETAG
1070
     1
1071
       49
1005
CA
  0
LINE
  5
CB
330
95
100
AcDbEntity
  8
ART_DUBEL
  6
DASHDOT
100
AcDbLine
 10
9441.11132596412
 20
62658.80329649267
 30
0.0
 11
9441.110034783594
 21
62658.72082774256
 31
0.0
1001
ACDBBLOCKREPETAG
1070
     1
1071
       50
1005
CB
  0
LINE
  5
CC
330
95
100
AcDbEntity
  8
ART_DUBEL
  6
DASHDOT
100
AcDbLine
 10
9441.115874311876
 20
62658.88603164942
 30
0.0
 11
9441.11132596412
 21
62658.80329649267
 31
0.0
1001
ACDBBLOCKREPETAG
1070
     1
1071
       51
1005
CC
  0
LINE
  5
CD
330
95
100
AcDbEntity
  8
ART_DUBEL
  6
DASHDOT
100
AcDbLine
 10
9441.123773802354
 20
62658.96882203997
 30
0.0
 11
9441.115874311876
 21
62658.88603164942
 31
0.0
1001
ACDBBLOCKREPETAG
1070
     1
1071
       52
1005
CD
  0
LINE
  5
CE
330
95
100
AcDbEntity
  8
ART_DUBEL
  6
DASHDOT
100
AcDbLine
 10
9441.135118411146
 20
62659.05145649142
 30
0.0
 11
9441.123773802354
 21
62658.96882203997
 31
0.0
1001
ACDBBLOCKREPETAG
1070
     1
1071
       53
1005
CE
  0
LINE
  5
CF
330
95
100
AcDbEntity
  8
ART_DUBEL
  6
DASHDOT
100
AcDbLine
 10
9441.149966450806
 20
62659.13372843817
 30
0.0
 11
9441.135118411146
 21
62659.05145649142
 31
0.0
1001
ACDBBLOCKREPETAG
1070
     1
1071
       54
1005
CF
  0
LINE
  5
D0
330
95
100
AcDbEntity
  8
ART_DUBEL
  6
DASHDOT
100
AcDbLine
 10
9441.168233581926
 20
62659.21544974362
 30
0.0
 11
9441.149966450806
 21
62659.13372843817
 31
0.0
1001
ACDBBLOCKREPETAG
1070
     1
1071
       55
1005
D0
  0
LINE
  5
D1
330
95
100
AcDbEntity
  8
ART_DUBEL
  6
DASHDOT
100
AcDbLine
 10
9441.189799802165
 20
62659.29643687841
 30
0.0
 11
9441.168233581926
 21
62659.21544974362
 31
0.0
1001
ACDBBLOCKREPETAG
1070
     1
1071
       56
1005
D1
  0
LINE
  5
D2
330
95
100
AcDbEntity
  8
ART_DUBEL
  6
DASHDOT
100
AcDbLine
 10
9441.214545109096
 20
62659.37650631316
 30
0.0
 11
9441.189799802165
 21
62659.29643687841
 31
0.0
1001
ACDBBLOCKREPETAG
1070
     1
1071
       57
1005
D2
  0
LINE
  5
D3
330
95
100
AcDbEntity
  8
ART_DUBEL
  6
DASHDOT
100
AcDbLine
 10
9441.242349500408
 20
62659.45547451853
 30
0.0
 11
9441.214545109096
 21
62659.37650631316
 31
0.0
1001
ACDBBLOCKREPETAG
1070
     1
1071
       58
1005
D3
  0
LINE
  5
D4
330
95
100
AcDbEntity
  8
ART_DUBEL
  6
DASHDOT
100
AcDbLine
 10
9441.273092973675
 20
62659.53315796517
 30
0.0
 11
9441.242349500408
 21
62659.45547451853
 31
0.0
1001
ACDBBLOCKREPETAG
1070
     1
1071
       59
1005
D4
  0
LINE
  5
D5
330
95
100
AcDbEntity
  8
ART_DUBEL
  6
DASHDOT
100
AcDbLine
 10
9441.30665552656
 20
62659.60937312369
 30
0.0
 11
9441.273092973675
 21
62659.53315796517
 31
0.0
1001
ACDBBLOCKREPETAG
1070
     1
1071
       60
1005
D5
  0
LINE
  5
D6
330
95
100
AcDbEntity
  8
ART_DUBEL
  6
DASHDOT
100
AcDbLine
 10
9441.342917156687
 20
62659.6839364648
 30
0.0
 11
9441.30665552656
 21
62659.60937312369
 31
0.0
1001
ACDBBLOCKREPETAG
1070
     1
1071
       61
1005
D6
  0
LINE
  5
D7
330
95
100
AcDbEntity
  8
ART_DUBEL
  6
DASHDOT
100
AcDbLine
 10
9441.381754055056
 20
62659.75669682707
 30
0.0
 11
9441.342917156687
 21
62659.6839364648
 31
0.0
1001
ACDBBLOCKREPETAG
1070
     1
1071
       62
1005
D7
  0
LINE
  5
D8
330
95
100
AcDbEntity
  8
ART_DUBEL
  6
DASHDOT
100
AcDbLine
 10
9441.423027186413
 20
62659.82763252097
 30
0.0
 11
9441.381754055056
 21
62659.75669682707
 31
0.0
1001
ACDBBLOCKREPETAG
1070
     1
1071
       63
1005
D8
  0
LINE
  5
D9
330
95
100
AcDbEntity
  8
ART_DUBEL
  6
DASHDOT
100
AcDbLine
 10
9441.466593708836
 20
62659.89675422495
 30
0.0
 11
9441.423027186413
 21
62659.82763252097
 31
0.0
1001
ACDBBLOCKREPETAG
1070
     1
1071
       64
1005
D9
  0
LINE
  5
DA
330
95
100
AcDbEntity
  8
ART_DUBEL
  6
DASHDOT
100
AcDbLine
 10
9441.512310780458
 20
62659.96407261751
 30
0.0
 11
9441.466593708836
 21
62659.89675422495
 31
0.0
1001
ACDBBLOCKREPETAG
1070
     1
1071
       65
1005
DA
  0
LINE
  5
DB
330
95
100
AcDbEntity
  8
ART_DUBEL
  6
DASHDOT
100
AcDbLine
 10
9441.560035559398
 20
62660.02959837706
 30
0.0
 11
9441.512310780458
 21
62659.96407261751
 31
0.0
1001
ACDBBLOCKREPETAG
1070
     1
1071
       66
1005
DB
  0
LINE
  5
DC
330
95
100
AcDbEntity
  8
ART_DUBEL
  6
DASHDOT
100
AcDbLine
 10
9442.089358257993
 20
62656.69662245562
 30
0.0
 11
9442.135329859032
 21
62656.64816214557
 31
0.0
1001
ACDBBLOCKREPETAG
1070
     1
1071
       67
1005
DC
  0
LINE
  5
DD
330
95
100
AcDbEntity
  8
ART_DUBEL
  6
DASHDOT
100
AcDbLine
 10
9442.135329859032
 20
62656.64816214557
 30
0.0
 11
9442.181761100064
 21
62656.60007397888
 31
0.0
1001
ACDBBLOCKREPETAG
1070
     1
1071
       68
1005
DD
  0
LINE
  5
DE
330
95
100
AcDbEntity
  8
ART_DUBEL
  6
DASHDOT
100
AcDbLine
 10
9442.043866863262
 20
62656.74548591517
 30
0.0
 11
9442.089358257993
 21
62656.69662245562
 31
0.0
1001
ACDBBLOCKREPETAG
1070
     1
1071
       69
1005
DE
  0
LINE
  5
DF
330
95
100
AcDbEntity
  8
ART_DUBEL
  6
DASHDOT
100
AcDbLine
 10
9441.998876241113
 20
62656.7947835305
 30
0.0
 11
9442.043866863262
 21
62656.74548591517
 31
0.0
1001
ACDBBLOCKREPETAG
1070
     1
1071
       70
1005
DF
  0
LINE
  5
E0
330
95
100
AcDbEntity
  8
ART_DUBEL
  6
DASHDOT
100
AcDbLine
 10
9441.954406957917
 20
62656.84454630775
 30
0.0
 11
9441.998876241113
 21
62656.7947835305
 31
0.0
1001
ACDBBLOCKREPETAG
1070
     1
1071
       71
1005
E0
  0
LINE
  5
E1
330
95
100
AcDbEntity
  8
ART_DUBEL
  6
DASHDOT
100
AcDbLine
 10
9441.910479579986
 20
62656.89480525311
 30
0.0
 11
9441.954406957917
 21
62656.84454630775
 31
0.0
1001
ACDBBLOCKREPETAG
1070
     1
1071
       72
1005
E1
  0
LINE
  5
E2
330
95
100
AcDbEntity
  8
ART_DUBEL
  6
DASHDOT
100
AcDbLine
 10
9441.867115997728
 20
62656.94559655236
 30
0.0
 11
9441.910479579986
 21
62656.89480525311
 31
0.0
1001
ACDBBLOCKREPETAG
1070
     1
1071
       73
1005
E2
  0
LINE
  5
E3
330
95
100
AcDbEntity
  8
ART_DUBEL
  6
DASHDOT
100
AcDbLine
 10
9441.824343397973
 20
62656.99697710966
 30
0.0
 11
9441.867115997728
 21
62656.94559655236
 31
0.0
1001
ACDBBLOCKREPETAG
1070
     1
1071
       74
1005
E3
  0
LINE
  5
E4
330
95
100
AcDbEntity
  8
ART_DUBEL
  6
DASHDOT
100
AcDbLine
 10
9441.782190291638
 20
62657.04900900874
 30
0.0
 11
9441.824343397973
 21
62656.99697710966
 31
0.0
1001
ACDBBLOCKREPETAG
1070
     1
1071
       75
1005
E4
  0
LINE
  5
E5
330
95
100
AcDbEntity
  8
ART_DUBEL
  6
DASHDOT
100
AcDbLine
 10
9441.740685189655
 20
62657.10175433327
 30
0.0
 11
9441.782190291638
 21
62657.04900900874
 31
0.0
1001
ACDBBLOCKREPETAG
1070
     1
1071
       76
1005
E5
  0
LINE
  5
E6
330
95
100
AcDbEntity
  8
ART_DUBEL
  6
DASHDOT
100
AcDbLine
 10
9441.699856602928
 20
62657.15527516702
 30
0.0
 11
9441.740685189655
 21
62657.10175433327
 31
0.0
1001
ACDBBLOCKREPETAG
1070
     1
1071
       77
1005
E6
  0
LINE
  5
E7
330
95
100
AcDbEntity
  8
ART_DUBEL
  6
DASHDOT
100
AcDbLine
 10
9441.659733042374
 20
62657.2096335937
 30
0.0
 11
9441.699856602928
 21
62657.15527516702
 31
0.0
1001
ACDBBLOCKREPETAG
1070
     1
1071
       78
1005
E7
  0
LINE
  5
E8
330
95
100
AcDbEntity
  8
ART_DUBEL
  6
DASHDOT
100
AcDbLine
 10
9441.620343018895
 20
62657.26489169701
 30
0.0
 11
9441.659733042374
 21
62657.2096335937
 31
0.0
1001
ACDBBLOCKREPETAG
1070
     1
1071
       79
1005
E8
  0
LINE
  5
E9
330
95
100
AcDbEntity
  8
ART_DUBEL
  6
DASHDOT
100
AcDbLine
 10
9441.581715043453
 20
62657.32111156074
 30
0.0
 11
9441.620343018895
 21
62657.26489169701
 31
0.0
1001
ACDBBLOCKREPETAG
1070
     1
1071
       80
1005
E9
  0
LINE
  5
EA
330
95
100
AcDbEntity
  8
ART_DUBEL
  6
DASHDOT
100
AcDbLine
 10
9441.660936871622
 20
62660.15531471091
 30
0.0
 11
9441.609625203758
 21
62660.09334218202
 31
0.0
1001
ACDBBLOCKREPETAG
1070
     1
1071
       81
1005
EA
  0
LINE
  5
EB
330
95
100
AcDbEntity
  8
ART_DUBEL
  6
DASHDOT
100
AcDbLine
 10
9441.713827721157
 20
62660.21552664213
 30
0.0
 11
9441.660936871622
 21
62660.15531471091
 31
0.0
1001
ACDBBLOCKREPETAG
1070
     1
1071
       82
1005
EB
  0
LINE
  5
EC
330
95
100
AcDbEntity
  8
ART_DUBEL
  6
DASHDOT
100
AcDbLine
 10
9441.768171278809
 20
62660.27400034027
 30
0.0
 11
9441.713827721157
 21
62660.21552664213
 31
0.0
1001
ACDBBLOCKREPETAG
1070
     1
1071
       83
1005
EC
  0
LINE
  5
ED
330
95
100
AcDbEntity
  8
ART_DUBEL
  6
DASHDOT
100
AcDbLine
 10
9441.82390654444
 20
62660.33080491459
 30
0.0
 11
9441.768171278809
 21
62660.27400034027
 31
0.0
1001
ACDBBLOCKREPETAG
1070
     1
1071
       84
1005
ED
  0
LINE
  5
EE
330
95
100
AcDbEntity
  8
ART_DUBEL
  6
DASHDOT
100
AcDbLine
 10
9441.880988886309
 20
62660.38602116046
 30
0.0
 11
9441.82390654444
 21
62660.33080491459
 31
0.0
1001
ACDBBLOCKREPETAG
1070
     1
1071
       85
1005
EE
  0
LINE
  5
EF
330
95
100
AcDbEntity
  8
ART_DUBEL
  6
DASHDOT
100
AcDbLine
 10
9441.93937367261
 20
62660.43972987325
 30
0.0
 11
9441.880988886309
 21
62660.38602116046
 31
0.0
1001
ACDBBLOCKREPETAG
1070
     1
1071
       86
1005
EF
  0
LINE
  5
F0
330
95
100
AcDbEntity
  8
ART_DUBEL
  6
DASHDOT
100
AcDbLine
 10
9441.999016271632
 20
62660.49201184834
 30
0.0
 11
9441.93937367261
 21
62660.43972987325
 31
0.0
1001
ACDBBLOCKREPETAG
1070
     1
1071
       87
1005
F0
  0
LINE
  5
F1
330
95
100
AcDbEntity
  8
ART_DUBEL
  6
DASHDOT
100
AcDbLine
 10
9442.059872051606
 20
62660.54294788112
 30
0.0
 11
9441.999016271632
 21
62660.49201184834
 31
0.0
1001
ACDBBLOCKREPETAG
1070
     1
1071
       88
1005
F1
  0
LINE
  5
F2
330
95
100
AcDbEntity
  8
ART_DUBEL
  6
DASHDOT
100
AcDbLine
 10
9442.121896380724
 20
62660.59261876695
 30
0.0
 11
9442.059872051606
 21
62660.54294788112
 31
0.0
1001
ACDBBLOCKREPETAG
1070
     1
1071
       89
1005
F2
  0
LINE
  5
F3
330
95
100
AcDbEntity
  8
ART_DUBEL
  6
DASHDOT
100
AcDbLine
 10
9442.185044627221
 20
62660.64110530122
 30
0.0
 11
9442.121896380724
 21
62660.59261876695
 31
0.0
1001
ACDBBLOCKREPETAG
1070
     1
1071
       90
1005
F3
  0
LINE
  5
F4
330
95
100
AcDbEntity
  8
ART_DUBEL
  6
DASHDOT
100
AcDbLine
 10
9442.249274469991
 20
62660.68848414026
 30
0.0
 11
9442.185044627221
 21
62660.64110530122
 31
0.0
1001
ACDBBLOCKREPETAG
1070
     1
1071
       91
1005
F4
  0
LINE
  5
F5
330
95
100
AcDbEntity
  8
ART_DUBEL
  6
DASHDOT
100
AcDbLine
 10
9442.314552830293
 20
62660.73481538412
 30
0.0
 11
9442.249274469991
 21
62660.68848414026
 31
0.0
1001
ACDBBLOCKREPETAG
1070
     1
1071
       92
1005
F5
  0
LINE
  5
F6
330
95
100
AcDbEntity
  8
ART_DUBEL
  6
DASHDOT
100
AcDbLine
 10
9442.380848940045
 20
62660.78015499385
 30
0.0
 11
9442.314552830293
 21
62660.73481538412
 31
0.0
1001
ACDBBLOCKREPETAG
1070
     1
1071
       93
1005
F6
  0
LINE
  5
F7
330
95
100
AcDbEntity
  8
ART_DUBEL
  6
DASHDOT
100
AcDbLine
 10
9442.448132031151
 20
62660.82455893044
 30
0.0
 11
9442.380848940045
 21
62660.78015499385
 31
0.0
1001
ACDBBLOCKREPETAG
1070
     1
1071
       94
1005
F7
  0
LINE
  5
F8
330
95
100
AcDbEntity
  8
ART_DUBEL
  6
DASHDOT
100
AcDbLine
 10
9442.516371335477
 20
62660.86808315495
 30
0.0
 11
9442.448132031151
 21
62660.82455893044
 31
0.0
1001
ACDBBLOCKREPETAG
1070
     1
1071
       95
1005
F8
  0
LINE
  5
F9
330
95
100
AcDbEntity
  8
ART_DUBEL
  6
DASHDOT
100
AcDbLine
 10
9442.585536084973
 20
62660.91078362836
 30
0.0
 11
9442.516371335477
 21
62660.86808315495
 31
0.0
1001
ACDBBLOCKREPETAG
1070
     1
1071
       96
1005
F9
  0
LINE
  5
FA
330
95
100
AcDbEntity
  8
ART_DUBEL
  6
DASHDOT
100
AcDbLine
 10
9442.655595511538
 20
62660.9527163117
 30
0.0
 11
9442.585536084973
 21
62660.91078362836
 31
0.0
1001
ACDBBLOCKREPETAG
1070
     1
1071
       97
1005
FA
  0
LINE
  5
FB
330
95
100
AcDbEntity
  8
ART_DUBEL
  6
DASHDOT
100
AcDbLine
 10
9442.726518847068
 20
62660.99393716602
 30
0.0
 11
9442.655595511538
 21
62660.9527163117
 31
0.0
1001
ACDBBLOCKREPETAG
1070
     1
1071
       98
1005
FB
  0
LINE
  5
FC
330
95
100
AcDbEntity
  8
ART_DUBEL
  6
DASHDOT
100
AcDbLine
 10
9442.798269256766
 20
62661.03450188471
 30
0.0
 11
9442.726518847068
 21
62660.99393716602
 31
0.0
1001
ACDBBLOCKREPETAG
1070
     1
1071
       99
1005
FC
  0
LINE
  5
FD
330
95
100
AcDbEntity
  8
ART_DUBEL
  6
DASHDOT
100
AcDbLine
 10
9442.870785639088
 20
62661.07446509086
 30
0.0
 11
9442.798269256766
 21
62661.03450188471
 31
0.0
1001
ACDBBLOCKREPETAG
1070
     1
1071
      100
1005
FD
  0
LINE
  5
FE
330
95
100
AcDbEntity
  8
ART_DUBEL
  6
DASHDOT
100
AcDbLine
 10
9442.944000825772
 20
62661.11388113992
 30
0.0
 11
9442.870785639088
 21
62661.07446509086
 31
0.0
1001
ACDBBLOCKREPETAG
1070
     1
1071
      101
1005
FE
  0
LINE
  5
FF
330
95
100
AcDbEntity
  8
ART_DUBEL
  6
DASHDOT
100
AcDbLine
 10
9443.017847648581
 20
62661.15280438742
 30
0.0
 11
9442.944000825772
 21
62661.11388113992
 31
0.0
1001
ACDBBLOCKREPETAG
1070
     1
1071
      102
1005
FF
  0
LINE
  5
100
330
95
100
AcDbEntity
  8
ART_DUBEL
  6
DASHDOT
100
AcDbLine
 10
9443.092258939248
 20
62661.19128918879
 30
0.0
 11
9443.017847648581
 21
62661.15280438742
 31
0.0
1001
ACDBBLOCKREPETAG
1070
     1
1071
      103
1005
100
  0
LINE
  5
101
330
95
100
AcDbEntity
  8
ART_DUBEL
  6
DASHDOT
100
AcDbLine
 10
9443.167167529514
 20
62661.22938989956
 30
0.0
 11
9443.092258939248
 21
62661.19128918879
 31
0.0
1001
ACDBBLOCKREPETAG
1070
     1
1071
      104
1005
101
  0
LINE
  5
102
330
95
100
AcDbEntity
  8
ART_DUBEL
  6
DASHDOT
100
AcDbLine
 10
9443.242506251166
 20
62661.26716087516
 30
0.0
 11
9443.167167529514
 21
62661.22938989956
 31
0.0
1001
ACDBBLOCKREPETAG
1070
     1
1071
      105
1005
102
  0
LINE
  5
103
330
95
100
AcDbEntity
  8
ART_DUBEL
  6
DASHDOT
100
AcDbLine
 10
9443.318207935915
 20
62661.30465647107
 30
0.0
 11
9443.242506251166
 21
62661.26716087516
 31
0.0
1001
ACDBBLOCKREPETAG
1070
     1
1071
      106
1005
103
  0
LINE
  5
104
330
95
100
AcDbEntity
  8
ART_DUBEL
  6
DASHDOT
100
AcDbLine
 10
9443.394207594558
 20
62661.34192924722
 30
0.0
 11
9443.318207935915
 21
62661.30465647107
 31
0.0
1001
ACDBBLOCKREPETAG
1070
     1
1071
      107
1005
104
  0
LINE
  5
105
330
95
100
AcDbEntity
  8
ART_DUBEL
  6
DASHDOT
100
AcDbLine
 10
9443.470448953847
 20
62661.37902458106
 30
0.0
 11
9443.394207594558
 21
62661.34192924722
 31
0.0
1001
ACDBBLOCKREPETAG
1070
     1
1071
      108
1005
105
  0
LINE
  5
106
330
95
100
AcDbEntity
  8
ART_DUBEL
  6
DASHDOT
100
AcDbLine
 10
9443.546877919599
 20
62661.41598605455
 30
0.0
 11
9443.470448953847
 21
62661.37902458106
 31
0.0
1001
ACDBBLOCKREPETAG
1070
     1
1071
      109
1005
106
  0
LINE
  5
107
330
95
100
AcDbEntity
  8
ART_DUBEL
  6
DASHDOT
100
AcDbLine
 10
9443.623440397603
 20
62661.45285724957
 30
0.0
 11
9443.546877919599
 21
62661.41598605455
 31
0.0
1001
ACDBBLOCKREPETAG
1070
     1
1071
      110
1005
107
  0
LINE
  5
108
330
95
100
AcDbEntity
  8
ART_DUBEL
  6
DASHDOT
100
AcDbLine
 10
9443.700082293672
 20
62661.48968174808
 30
0.0
 11
9443.623440397603
 21
62661.45285724957
 31
0.0
1001
ACDBBLOCKREPETAG
1070
     1
1071
      111
1005
108
  0
LINE
  5
109
330
95
100
AcDbEntity
  8
ART_DUBEL
  6
DASHDOT
100
AcDbLine
 10
9443.776749513629
 20
62661.52650313192
 30
0.0
 11
9443.700082293672
 21
62661.48968174808
 31
0.0
1001
ACDBBLOCKREPETAG
1070
     1
1071
      112
1005
109
  0
LINE
  5
10A
330
95
100
AcDbEntity
  8
ART_DUBEL
  6
DASHDOT
100
AcDbLine
 10
9443.853387963221
 20
62661.56336498307
 30
0.0
 11
9443.776749513629
 21
62661.52650313192
 31
0.0
1001
ACDBBLOCKREPETAG
1070
     1
1071
      113
1005
10A
  0
LINE
  5
10B
330
95
100
AcDbEntity
  8
ART_DUBEL
  6
DASHDOT
100
AcDbLine
 10
9443.929943548274
 20
62661.6003108834
 30
0.0
 11
9443.853387963221
 21
62661.56336498307
 31
0.0
1001
ACDBBLOCKREPETAG
1070
     1
1071
      114
1005
10B
  0
LINE
  5
10C
330
95
100
AcDbEntity
  8
ART_DUBEL
  6
DASHDOT
100
AcDbLine
 10
9444.006359639976
 20
62661.63738059582
 30
0.0
 11
9443.929943548274
 21
62661.6003108834
 31
0.0
1001
ACDBBLOCKREPETAG
1070
     1
1071
      115
1005
10C
  0
LINE
  5
10D
330
95
100
AcDbEntity
  8
ART_DUBEL
  6
DASHDOT
100
AcDbLine
 10
9444.082569470998
 20
62661.67459860706
 30
0.0
 11
9444.006359639976
 21
62661.63738059582
 31
0.0
1001
ACDBBLOCKREPETAG
1070
     1
1071
      116
1005
10D
  0
LINE
  5
10E
330
95
100
AcDbEntity
  8
ART_DUBEL
  6
DASHDOT
100
AcDbLine
 10
9444.158503739416
 20
62661.71198558481
 30
0.0
 11
9444.082569470998
 21
62661.67459860706
 31
0.0
1001
ACDBBLOCKREPETAG
1070
     1
1071
      117
1005
10E
  0
LINE
  5
10F
330
95
100
AcDbEntity
  8
ART_DUBEL
  6
DASHDOT
100
AcDbLine
 10
9444.234093143334
 20
62661.74956219678
 30
0.0
 11
9444.158503739416
 21
62661.71198558481
 31
0.0
1001
ACDBBLOCKREPETAG
1070
     1
1071
      118
1005
10F
  0
LINE
  5
110
330
95
100
AcDbEntity
  8
ART_DUBEL
  6
DASHDOT
100
AcDbLine
 10
9444.309268380797
 20
62661.78734911068
 30
0.0
 11
9444.234093143334
 21
62661.74956219678
 31
0.0
1001
ACDBBLOCKREPETAG
1070
     1
1071
      119
1005
110
  0
LINE
  5
111
330
95
100
AcDbEntity
  8
ART_DUBEL
  6
DASHDOT
100
AcDbLine
 10
9444.383960149854
 20
62661.82536699419
 30
0.0
 11
9444.309268380797
 21
62661.78734911068
 31
0.0
1001
ACDBBLOCKREPETAG
1070
     1
1071
      120
1005
111
  0
LINE
  5
112
330
95
100
AcDbEntity
  8
ART_DUBEL
  6
DASHDOT
100
AcDbLine
 10
9444.458099148636
 20
62661.86363651502
 30
0.0
 11
9444.383960149854
 21
62661.82536699419
 31
0.0
1001
ACDBBLOCKREPETAG
1070
     1
1071
      121
1005
112
  0
LINE
  5
113
330
95
100
AcDbEntity
  8
ART_DUBEL
  6
DASHDOT
100
AcDbLine
 10
9444.531616075158
 20
62661.90217834091
 30
0.0
 11
9444.458099148636
 21
62661.86363651502
 31
0.0
1001
ACDBBLOCKREPETAG
1070
     1
1071
      122
1005
113
  0
LINE
  5
114
330
95
100
AcDbEntity
  8
ART_DUBEL
  6
DASHDOT
100
AcDbLine
 10
9444.604440077725
 20
62661.94100963231
 30
0.0
 11
9444.531616075158
 21
62661.90217834091
 31
0.0
1001
ACDBBLOCKREPETAG
1070
     1
1071
      123
1005
114
  0
LINE
  5
115
330
95
100
AcDbEntity
  8
ART_DUBEL
  6
DASHDOT
100
AcDbLine
 10
9444.676494105305
 20
62661.98013352092
 30
0.0
 11
9444.604440077725
 21
62661.94100963231
 31
0.0
1001
ACDBBLOCKREPETAG
1070
     1
1071
      124
1005
115
  0
LINE
  5
116
330
95
100
AcDbEntity
  8
ART_DUBEL
  6
DASHDOT
100
AcDbLine
 10
9444.747699557154
 20
62662.01954963128
 30
0.0
 11
9444.676494105305
 21
62661.98013352092
 31
0.0
1001
ACDBBLOCKREPETAG
1070
     1
1071
      125
1005
116
  0
LINE
  5
117
330
95
100
AcDbEntity
  8
ART_DUBEL
  6
DASHDOT
100
AcDbLine
 10
9444.817977832418
 20
62662.0592575878
 30
0.0
 11
9444.747699557154
 21
62662.01954963128
 31
0.0
1001
ACDBBLOCKREPETAG
1070
     1
1071
      126
1005
117
  0
LINE
  5
118
330
95
100
AcDbEntity
  8
ART_DUBEL
  6
DASHDOT
100
AcDbLine
 10
9444.887250330349
 20
62662.09925701502
 30
0.0
 11
9444.817977832418
 21
62662.0592575878
 31
0.0
1001
ACDBBLOCKREPETAG
1070
     1
1071
      127
1005
118
  0
LINE
  5
119
330
95
100
AcDbEntity
  8
ART_DUBEL
  6
DASHDOT
100
AcDbLine
 10
9444.955438450115
 20
62662.13954753742
 30
0.0
 11
9444.887250330349
 21
62662.09925701502
 31
0.0
1001
ACDBBLOCKREPETAG
1070
     1
1071
      128
1005
119
  0
LINE
  5
11A
330
95
100
AcDbEntity
  8
ART_DUBEL
  6
DASHDOT
100
AcDbLine
 10
9445.022463590943
 20
62662.18012877949
 30
0.0
 11
9444.955438450115
 21
62662.13954753742
 31
0.0
1001
ACDBBLOCKREPETAG
1070
     1
1071
      129
1005
11A
  0
LINE
  5
11B
330
95
100
AcDbEntity
  8
ART_DUBEL
  6
DASHDOT
100
AcDbLine
 10
9445.088247152035
 20
62662.22100036574
 30
0.0
 11
9445.022463590943
 21
62662.18012877949
 31
0.0
1001
ACDBBLOCKREPETAG
1070
     1
1071
      130
1005
11B
  0
LINE
  5
11C
330
95
100
AcDbEntity
  8
ART_DUBEL
  6
DASHDOT
100
AcDbLine
 10
9445.152712565926
 20
62662.26215849562
 30
0.0
 11
9445.088247152035
 21
62662.22100036574
 31
0.0
1001
ACDBBLOCKREPETAG
1070
     1
1071
      131
1005
11C
  0
LINE
  5
11D
330
95
100
AcDbEntity
  8
ART_DUBEL
  6
DASHDOT
100
AcDbLine
 10
9445.215791398565
 20
62662.30358566883
 30
0.0
 11
9445.152712565926
 21
62662.26215849562
 31
0.0
1001
ACDBBLOCKREPETAG
1070
     1
1071
      132
1005
11D
  0
LINE
  5
11E
330
95
100
AcDbEntity
  8
ART_DUBEL
  6
DASHDOT
100
AcDbLine
 10
9443.505222420636
 20
62657.05764302571
 30
0.0
 11
9443.887994230539
 21
62656.7215427653
 31
0.0
1001
ACDBBLOCKREPETAG
1070
     1
1071
      133
1005
11E
  0
LINE
  5
11F
330
95
100
AcDbEntity
  8
ART_DUBEL
  6
DASHDOT
100
AcDbLine
 10
9443.154188892007
 20
62657.38788391112
 30
0.0
 11
9443.505222420636
 21
62657.05764302571
 31
0.0
1001
ACDBBLOCKREPETAG
1070
     1
1071
      134
1005
11F
  0
LINE
  5
120
330
95
100
AcDbEntity
  8
ART_DUBEL
  6
DASHDOT
100
AcDbLine
 10
9442.851251066478
 20
62657.70738260905
 30
0.0
 11
9443.154188892007
 21
62657.38788391112
 31
0.0
1001
ACDBBLOCKREPETAG
1070
     1
1071
      135
1005
120
  0
LINE
  5
121
330
95
100
AcDbEntity
  8
ART_DUBEL
  6
DASHDOT
100
AcDbLine
 10
9442.611240487044
 20
62658.01247701008
 30
0.0
 11
9442.851251066478
 21
62657.70738260905
 31
0.0
1001
ACDBBLOCKREPETAG
1070
     1
1071
      136
1005
121
  0
LINE
  5
122
330
95
100
AcDbEntity
  8
ART_DUBEL
  6
DASHDOT
100
AcDbLine
 10
9442.442885181071
 20
62658.30438781739
 30
0.0
 11
9442.611240487044
 21
62658.01247701008
 31
0.0
1001
ACDBBLOCKREPETAG
1070
     1
1071
      137
1005
122
  0
LINE
  5
123
330
95
100
AcDbEntity
  8
ART_DUBEL
  6
DASHDOT
100
AcDbLine
 10
9442.353387296947
 20
62658.58555643718
 30
0.0
 11
9442.442885181071
 21
62658.30438781739
 31
0.0
1001
ACDBBLOCKREPETAG
1070
     1
1071
      138
1005
123
  0
LINE
  5
124
330
95
100
AcDbEntity
  8
ART_DUBEL
  6
DASHDOT
100
AcDbLine
 10
9442.349948983135
 20
62658.85842427572
 30
0.0
 11
9442.353387296947
 21
62658.58555643718
 31
0.0
1001
ACDBBLOCKREPETAG
1070
     1
1071
      139
1005
124
  0
LINE
  5
125
330
95
100
AcDbEntity
  8
ART_DUBEL
  6
DASHDOT
100
AcDbLine
 10
9442.439772388103
 20
62659.12543273927
 30
0.0
 11
9442.349948983135
 21
62658.85842427572
 31
0.0
1001
ACDBBLOCKREPETAG
1070
     1
1071
      140
1005
125
  0
LINE
  5
126
330
95
100
AcDbEntity
  8
ART_DUBEL
  6
DASHDOT
100
AcDbLine
 10
9442.630059660229
 20
62659.38902323405
 30
0.0
 11
9442.439772388103
 21
62659.12543273927
 31
0.0
1001
ACDBBLOCKREPETAG
1070
     1
1071
      141
1005
126
  0
LINE
  5
127
330
95
100
AcDbEntity
  8
ART_DUBEL
  6
DASHDOT
100
AcDbLine
 10
9442.928012947978
 20
62659.65163716634
 30
0.0
 11
9442.630059660229
 21
62659.38902323405
 31
0.0
1001
ACDBBLOCKREPETAG
1070
     1
1071
      142
1005
127
  0
LINE
  5
128
330
95
100
AcDbEntity
  8
ART_DUBEL
  6
DASHDOT
100
AcDbLine
 10
9443.340834399824
 20
62659.91571594239
 30
0.0
 11
9442.928012947978
 21
62659.65163716634
 31
0.0
1001
ACDBBLOCKREPETAG
1070
     1
1071
      143
1005
128
  0
LINE
  5
129
330
95
100
AcDbEntity
  8
ART_DUBEL
  6
DASHDOT
100
AcDbLine
 10
9443.867710213604
 20
62660.18565409343
 30
0.0
 11
9443.340834399824
 21
62659.91571594239
 31
0.0
1001
ACDBBLOCKREPETAG
1070
     1
1071
      144
1005
129
  0
LINE
  5
12A
330
95
100
AcDbEntity
  8
ART_DUBEL
  6
DASHDOT
100
AcDbLine
 10
9444.475762785229
 20
62660.47365865071
 30
0.0
 11
9443.867710213604
 21
62660.18565409343
 31
0.0
1001
ACDBBLOCKREPETAG
1070
     1
1071
      145
1005
12A
  0
LINE
  5
12B
330
95
100
AcDbEntity
  8
ART_DUBEL
  6
DASHDOT
100
AcDbLine
 10
9445.124098559977
 20
62660.7938897705
 30
0.0
 11
9444.475762785229
 21
62660.47365865071
 31
0.0
1001
ACDBBLOCKREPETAG
1070
     1
1071
      146
1005
12B
  0
LINE
  5
12C
330
95
100
AcDbEntity
  8
ART_DUBEL
  6
DASHDOT
100
AcDbLine
 10
9445.771823983134
 20
62661.16050760905
 30
0.0
 11
9445.124098559977
 21
62660.7938897705
 31
0.0
1001
ACDBBLOCKREPETAG
1070
     1
1071
      147
1005
12C
  0
LINE
  5
12D
330
95
100
AcDbEntity
  8
ART_DUBEL
  6
DASHDOT
100
AcDbLine
 10
9446.378045500074
 20
62661.58767232258
 30
0.0
 11
9445.771823983134
 21
62661.16050760905
 31
0.0
1001
ACDBBLOCKREPETAG
1070
     1
1071
      148
1005
12D
  0
LINE
  5
12E
330
95
100
AcDbEntity
  8
ART_DUBEL
  6
DASHDOT
100
AcDbLine
 10
9446.901869556072
 20
62662.08954406739
 30
0.0
 11
9446.378045500074
 21
62661.58767232258
 31
0.0
1001
ACDBBLOCKREPETAG
1070
     1
1071
      149
1005
12E
  0
LINE
  5
12F
330
95
100
AcDbEntity
  8
ART_DUBEL
  6
DASHDOT
100
AcDbLine
 10
9441.543886923396
 20
62657.37835629834
 30
0.0
 11
9441.581715043453
 21
62657.32111156074
 31
0.0
1001
ACDBBLOCKREPETAG
1070
     1
1071
      150
1005
12F
  0
LINE
  5
130
330
95
100
AcDbEntity
  8
ART_DUBEL
  6
DASHDOT
100
AcDbLine
 10
9441.609625203758
 20
62660.09334218202
 30
0.0
 11
9441.560035559398
 21
62660.02959837706
 31
0.0
1001
ACDBBLOCKREPETAG
1070
     1
1071
      151
1005
130
  0
LINE
  5
131
330
95
100
AcDbEntity
  8
ART_DUBEL
  6
DASHDOT
100
AcDbLine
 10
9445.2774172493
 20
62662.34526095992
 30
0.0
 11
9445.215791398565
 21
62662.30358566883
 31
0.0
1001
ACDBBLOCKREPETAG
1070
     1
1071
      152
1005
131
  0
LINE
  5
132
330
95
100
AcDbEntity
  8
ART_DUBEL
  6
DASHDOT
100
AcDbLine
 10
9447.302402596417
 20
62662.68028299968
 30
0.0
 11
9446.901869556072
 21
62662.08954406739
 31
0.0
1001
ACDBBLOCKREPETAG
1070
     1
1071
      153
1005
132
  0
LINE
  5
133
330
95
100
AcDbEntity
  8
ART_DUBEL
  6
DASHDOT
100
AcDbLine
 10
9439.288751066479
 20
62579.62404927572
 30
0.0
 11
9449.288751066479
 21
62578.21100579747
 31
0.0
1001
ACDBBLOCKREPETAG
1070
     1
1071
      154
1005
133
  0
LINE
  5
134
330
95
100
AcDbEntity
  8
ART_DUBEL
  6
DASHDOT
100
AcDbLine
 10
9439.288751066479
 20
62572.12404927572
 30
0.0
 11
9449.288751066479
 21
62570.71100579747
 31
0.0
1001
ACDBBLOCKREPETAG
1070
     1
1071
      155
1005
134
  0
LINE
  5
135
330
95
100
AcDbEntity
  8
ART_DUBEL
  6
DASHDOT
100
AcDbLine
 10
9439.288751066479
 20
62574.62404927572
 30
0.0
 11
9449.288751066479
 21
62573.21100579746
 31
0.0
1001
ACDBBLOCKREPETAG
1070
     1
1071
      156
1005
135
  0
LINE
  5
136
330
95
100
AcDbEntity
  8
ART_DUBEL
  6
DASHDOT
100
AcDbLine
 10
9439.288751066479
 20
62577.12404927572
 30
0.0
 11
9449.288751066479
 21
62575.71100579746
 31
0.0
1001
ACDBBLOCKREPETAG
1070
     1
1071
      157
1005
136
  0
LINE
  5
137
330
95
100
AcDbEntity
  8
ART_DUBEL
  6
DASHDOT
100
AcDbLine
 10
9439.288751066479
 20
62582.12404927572
 30
0.0
 11
9449.288751066479
 21
62580.71100579746
 31
0.0
1001
ACDBBLOCKREPETAG
1070
     1
1071
      158
1005
137
  0
LINE
  5
138
330
95
100
AcDbEntity
  8
ART_DUBEL
  6
DASHDOT
100
AcDbLine
 10
9439.288751066479
 20
62587.12404927572
 30
0.0
 11
9449.288751066479
 21
62587.12404927572
 31
0.0
1001
ACDBBLOCKREPETAG
1070
     1
1071
      159
1005
138
  0
LINE
  5
139
330
95
100
AcDbEntity
  8
ART_DUBEL
  6
DASHDOT
100
AcDbLine
 10
9439.288751066479
 20
62587.12404927572
 30
0.0
 11
9449.288751066479
 21
62585.71100579747
 31
0.0
1001
ACDBBLOCKREPETAG
1070
     1
1071
      160
1005
139
  0
LINE
  5
13A
330
95
100
AcDbEntity
  8
ART_DUBEL
  6
DASHDOT
100
AcDbLine
 10
9439.288751066479
 20
62584.62404927572
 30
0.0
 11
9449.288751066479
 21
62583.21100579746
 31
0.0
1001
ACDBBLOCKREPETAG
1070
     1
1071
      161
1005
13A
  0
LINE
  5
13B
330
95
100
AcDbEntity
  8
ART_DUBEL
  6
DASHDOT
100
AcDbLine
 10
9439.288751066479
 20
62644.62404927572
 30
0.0
 11
9449.288751066479
 21
62644.62404927572
 31
0.0
1001
ACDBBLOCKREPETAG
1070
     1
1071
      162
1005
13B
  0
LINE
  5
13C
330
95
100
AcDbEntity
  8
ART_DUBEL
  6
DASHDOT
100
AcDbLine
 10
9440.53875106648
 20
62555.87404927572
 30
0.0
 11
9448.038751066478
 21
62555.87404927572
 31
0.0
1001
ACDBBLOCKREPETAG
1070
     1
1071
      163
1005
13C
  0
ARC
  5
13D
330
95
100
AcDbEntity
  8
ART_DUBEL
  6
DASHDOT
100
AcDbCircle
 10
9439.288751066479
 20
62565.24904927572
 30
0.0
 40
1.25
100
AcDbArc
 50
0.0
 51
90.0
1001
ACDBBLOCKREPETAG
1070
     1
1071
      164
1005
13D
  0
ARC
  5
13E
330
95
100
AcDbEntity
  8
ART_DUBEL
  6
DASHDOT
100
AcDbCircle
 10
9441.788751066479
 20
62565.24904927572
 30
0.0
 40
1.25
100
AcDbArc
 50
90.0
 51
180.0
1001
ACDBBLOCKREPETAG
1070
     1
1071
      165
1005
13E
  0
LINE
  5
13F
330
95
100
AcDbEntity
  8
ART_DUBEL
  6
DASHDOT
100
AcDbLine
 10
9435.538751066479
 20
62568.37404927572
 30
0.0
 11
9453.038751066479
 21
62568.37404927572
 31
0.0
1001
ACDBBLOCKREPETAG
1070
     1
1071
      166
1005
13F
  0
LINE
  5
140
330
95
100
AcDbEntity
  8
ART_DUBEL
  6
DASHDOT
100
AcDbLine
 10
9435.538751066479
 20
62567.12404927572
 30
0.0
 11
9453.038751066479
 21
62567.12404927572
 31
0.0
1001
ACDBBLOCKREPETAG
1070
     1
1071
      167
1005
140
  0
LINE
  5
141
330
95
100
AcDbEntity
  8
ART_DUBEL
  6
DASHDOT
100
AcDbLine
 10
9439.288751066479
 20
62569.62404927572
 30
0.0
 11
9448.134904912635
 21
62568.37404927572
 31
0.0
1001
ACDBBLOCKREPETAG
1070
     1
1071
      168
1005
141
  0
LINE
  5
142
330
95
100
AcDbEntity
  8
ART_DUBEL
  6
DASHDOT
100
AcDbLine
 10
9441.196150512309
 20
62651.16488043772
 30
0.0
 11
9441.155924238838
 21
62650.87404927572
 31
0.0
1001
ACDBBLOCKREPETAG
1070
     1
1071
      169
1005
142
  0
LINE
  5
143
330
95
100
AcDbEntity
  8
ART_DUBEL
  6
DASHDOT
100
AcDbLine
 10
9441.246026076049
 20
62651.41775832633
 30
0.0
 11
9441.196150512309
 21
62651.16488043772
 31
0.0
1001
ACDBBLOCKREPETAG
1070
     1
1071
      170
1005
143
  0
LINE
  5
144
330
95
100
AcDbEntity
  8
ART_DUBEL
  6
DASHDOT
100
AcDbLine
 10
9441.303974278932
 20
62651.63676584128
 30
0.0
 11
9441.246026076049
 21
62651.41775832633
 31
0.0
1001
ACDBBLOCKREPETAG
1070
     1
1071
      171
1005
144
  0
LINE
  5
145
330
95
100
AcDbEntity
  8
ART_DUBEL
  6
DASHDOT
100
AcDbLine
 10
9441.368418469958
 20
62651.82598588244
 30
0.0
 11
9441.303974278932
 21
62651.63676584128
 31
0.0
1001
ACDBBLOCKREPETAG
1070
     1
1071
      172
1005
145
  0
LINE
  5
146
330
95
100
AcDbEntity
  8
ART_DUBEL
  6
DASHDOT
100
AcDbLine
 10
9441.437781998093
 20
62651.98950134957
 30
0.0
 11
9441.368418469958
 21
62651.82598588244
 31
0.0
1001
ACDBBLOCKREPETAG
1070
     1
1071
      173
1005
146
  0
LINE
  5
147
330
95
100
AcDbEntity
  8
ART_DUBEL
  6
DASHDOT
100
AcDbLine
 10
9441.510488212303
 20
62652.13139514247
 30
0.0
 11
9441.437781998093
 21
62651.98950134957
 31
0.0
1001
ACDBBLOCKREPETAG
1070
     1
1071
      174
1005
147
  0
LINE
  5
148
330
95
100
AcDbEntity
  8
ART_DUBEL
  6
DASHDOT
100
AcDbLine
 10
9441.659622094643
 20
62652.36664930476
 30
0.0
 11
9441.584960461495
 21
62652.25575016092
 31
0.0
1001
ACDBBLOCKREPETAG
1070
     1
1071
      175
1005
148
  0
LINE
  5
149
330
95
100
AcDbEntity
  8
ART_DUBEL
  6
DASHDOT
100
AcDbLine
 10
9441.733198157736
 20
62652.46764421737
 30
0.0
 11
9441.659622094643
 21
62652.36664930476
 31
0.0
1001
ACDBBLOCKREPETAG
1070
     1
1071
      176
1005
149
  0
LINE
  5
14A
330
95
100
AcDbEntity
  8
ART_DUBEL
  6
DASHDOT
100
AcDbLine
 10
9441.805620484799
 20
62652.56016151668
 30
0.0
 11
9441.733198157736
 21
62652.46764421737
 31
0.0
1001
ACDBBLOCKREPETAG
1070
     1
1071
      177
1005
14A
  0
LINE
  5
14B
330
95
100
AcDbEntity
  8
ART_DUBEL
  6
DASHDOT
100
AcDbLine
 10
9441.87712260687
 20
62652.64509656417
 30
0.0
 11
9441.805620484799
 21
62652.56016151668
 31
0.0
1001
ACDBBLOCKREPETAG
1070
     1
1071
      178
1005
14B
  0
LINE
  5
14C
330
95
100
AcDbEntity
  8
ART_DUBEL
  6
DASHDOT
100
AcDbLine
 10
9441.947938055024
 20
62652.72334472133
 30
0.0
 11
9441.87712260687
 21
62652.64509656417
 31
0.0
1001
ACDBBLOCKREPETAG
1070
     1
1071
      179
1005
14C
  0
LINE
  5
14D
330
95
100
AcDbEntity
  8
ART_DUBEL
  6
DASHDOT
100
AcDbLine
 10
9442.018300360322
 20
62652.79580134972
 30
0.0
 11
9441.947938055024
 21
62652.72334472133
 31
0.0
1001
ACDBBLOCKREPETAG
1070
     1
1071
      180
1005
14D
  0
LINE
  5
14E
330
95
100
AcDbEntity
  8
ART_DUBEL
  6
DASHDOT
100
AcDbLine
 10
9442.08844305376
 20
62652.86336181082
 30
0.0
 11
9442.018300360322
 21
62652.79580134972
 31
0.0
1001
ACDBBLOCKREPETAG
1070
     1
1071
      181
1005
14E
  0
LINE
  5
14F
330
95
100
AcDbEntity
  8
ART_DUBEL
  6
DASHDOT
100
AcDbLine
 10
9442.158599666456
 20
62652.92692146612
 30
0.0
 11
9442.08844305376
 21
62652.86336181082
 31
0.0
1001
ACDBBLOCKREPETAG
1070
     1
1071
      182
1005
14F
  0
LINE
  5
150
330
95
100
AcDbEntity
  8
ART_DUBEL
  6
DASHDOT
100
AcDbLine
 10
9442.229003729435
 20
62652.9873756772
 30
0.0
 11
9442.158599666456
 21
62652.92692146612
 31
0.0
1001
ACDBBLOCKREPETAG
1070
     1
1071
      183
1005
150
  0
LINE
  5
151
330
95
100
AcDbEntity
  8
ART_DUBEL
  6
DASHDOT
100
AcDbLine
 10
9442.299839060309
 20
62653.04548940391
 30
0.0
 11
9442.229003729435
 21
62652.9873756772
 31
0.0
1001
ACDBBLOCKREPETAG
1070
     1
1071
      184
1005
151
  0
LINE
  5
152
330
95
100
AcDbEntity
  8
ART_DUBEL
  6
DASHDOT
100
AcDbLine
 10
9442.3710906229
 20
62653.10150599982
 30
0.0
 11
9442.299839060309
 21
62653.04548940391
 31
0.0
1001
ACDBBLOCKREPETAG
1070
     1
1071
      185
1005
152
  0
LINE
  5
153
330
95
100
AcDbEntity
  8
ART_DUBEL
  6
DASHDOT
100
AcDbLine
 10
9442.442693667594
 20
62653.1555384169
 30
0.0
 11
9442.3710906229
 21
62653.10150599982
 31
0.0
1001
ACDBBLOCKREPETAG
1070
     1
1071
      186
1005
153
  0
LINE
  5
154
330
95
100
AcDbEntity
  8
ART_DUBEL
  6
DASHDOT
100
AcDbLine
 10
9442.514583444824
 20
62653.20769960706
 30
0.0
 11
9442.442693667594
 21
62653.1555384169
 31
0.0
1001
ACDBBLOCKREPETAG
1070
     1
1071
      187
1005
154
  0
LINE
  5
155
330
95
100
AcDbEntity
  8
ART_DUBEL
  6
DASHDOT
100
AcDbLine
 10
9442.586695204916
 20
62653.25810252234
 30
0.0
 11
9442.514583444824
 21
62653.20769960706
 31
0.0
1001
ACDBBLOCKREPETAG
1070
     1
1071
      188
1005
155
  0
LINE
  5
156
330
95
100
AcDbEntity
  8
ART_DUBEL
  6
DASHDOT
100
AcDbLine
 10
9442.658964198335
 20
62653.30686011465
 30
0.0
 11
9442.586695204916
 21
62653.25810252234
 31
0.0
1001
ACDBBLOCKREPETAG
1070
     1
1071
      189
1005
156
  0
LINE
  5
157
330
95
100
AcDbEntity
  8
ART_DUBEL
  6
DASHDOT
100
AcDbLine
 10
9442.731325675405
 20
62653.35408533596
 30
0.0
 11
9442.658964198335
 21
62653.30686011465
 31
0.0
1001
ACDBBLOCKREPETAG
1070
     1
1071
      190
1005
157
  0
LINE
  5
158
330
95
100
AcDbEntity
  8
ART_DUBEL
  6
DASHDOT
100
AcDbLine
 10
9442.803714886563
 20
62653.39989113821
 30
0.0
 11
9442.731325675405
 21
62653.35408533596
 31
0.0
1001
ACDBBLOCKREPETAG
1070
     1
1071
      191
1005
158
  0
LINE
  5
159
330
95
100
AcDbEntity
  8
ART_DUBEL
  6
DASHDOT
100
AcDbLine
 10
9442.876068753383
 20
62653.44438123717
 30
0.0
 11
9442.803714886563
 21
62653.39989113821
 31
0.0
1001
ACDBBLOCKREPETAG
1070
     1
1071
      192
1005
159
  0
LINE
  5
15A
330
95
100
AcDbEntity
  8
ART_DUBEL
  6
DASHDOT
100
AcDbLine
 10
9442.948330882346
 20
62653.4876224039
 30
0.0
 11
9442.876068753383
 21
62653.44438123717
 31
0.0
1001
ACDBBLOCKREPETAG
1070
     1
1071
      193
1005
15A
  0
LINE
  5
15B
330
95
100
AcDbEntity
  8
ART_DUBEL
  6
DASHDOT
100
AcDbLine
 10
9443.020446551113
 20
62653.52967217322
 30
0.0
 11
9442.948330882346
 21
62653.4876224039
 31
0.0
1001
ACDBBLOCKREPETAG
1070
     1
1071
      194
1005
15B
  0
LINE
  5
15C
330
95
100
AcDbEntity
  8
ART_DUBEL
  6
DASHDOT
100
AcDbLine
 10
9443.092361037406
 20
62653.57058808
 30
0.0
 11
9443.020446551113
 21
62653.52967217322
 31
0.0
1001
ACDBBLOCKREPETAG
1070
     1
1071
      195
1005
15C
  0
LINE
  5
15D
330
95
100
AcDbEntity
  8
ART_DUBEL
  6
DASHDOT
100
AcDbLine
 10
9443.164019618873
 20
62653.61042765904
 30
0.0
 11
9443.092361037406
 21
62653.57058808
 31
0.0
1001
ACDBBLOCKREPETAG
1070
     1
1071
      196
1005
15D
  0
LINE
  5
15E
330
95
100
AcDbEntity
  8
ART_DUBEL
  6
DASHDOT
100
AcDbLine
 10
9443.235367573235
 20
62653.64924844522
 30
0.0
 11
9443.164019618873
 21
62653.61042765904
 31
0.0
1001
ACDBBLOCKREPETAG
1070
     1
1071
      197
1005
15E
  0
LINE
  5
15F
330
95
100
AcDbEntity
  8
ART_DUBEL
  6
DASHDOT
100
AcDbLine
 10
9443.306350178136
 20
62653.68710797339
 30
0.0
 11
9443.235367573235
 21
62653.64924844522
 31
0.0
1001
ACDBBLOCKREPETAG
1070
     1
1071
      198
1005
15F
  0
LINE
  5
160
330
95
100
AcDbEntity
  8
ART_DUBEL
  6
DASHDOT
100
AcDbLine
 10
9443.376912711237
 20
62653.72406377838
 30
0.0
 11
9443.306350178136
 21
62653.68710797339
 31
0.0
1001
ACDBBLOCKREPETAG
1070
     1
1071
      199
1005
160
  0
LINE
  5
161
330
95
100
AcDbEntity
  8
ART_DUBEL
  6
DASHDOT
100
AcDbLine
 10
9443.44699747228
 20
62653.76016798137
 30
0.0
 11
9443.376912711237
 21
62653.72406377838
 31
0.0
1001
ACDBBLOCKREPETAG
1070
     1
1071
      200
1005
161
  0
LINE
  5
162
330
95
100
AcDbEntity
  8
ART_DUBEL
  6
DASHDOT
100
AcDbLine
 10
9443.516534848829
 20
62653.795451049
 30
0.0
 11
9443.44699747228
 21
62653.76016798137
 31
0.0
1001
ACDBBLOCKREPETAG
1070
     1
1071
      201
1005
162
  0
LINE
  5
163
330
95
100
AcDbEntity
  8
ART_DUBEL
  6
DASHDOT
100
AcDbLine
 10
9443.585452250516
 20
62653.82993803416
 30
0.0
 11
9443.516534848829
 21
62653.795451049
 31
0.0
1001
ACDBBLOCKREPETAG
1070
     1
1071
      202
1005
163
  0
LINE
  5
164
330
95
100
AcDbEntity
  8
ART_DUBEL
  6
DASHDOT
100
AcDbLine
 10
9443.653677086977
 20
62653.86365398984
 30
0.0
 11
9443.585452250516
 21
62653.82993803416
 31
0.0
1001
ACDBBLOCKREPETAG
1070
     1
1071
      203
1005
164
  0
LINE
  5
165
330
95
100
AcDbEntity
  8
ART_DUBEL
  6
DASHDOT
100
AcDbLine
 10
9443.721136767786
 20
62653.89662396898
 30
0.0
 11
9443.653677086977
 21
62653.86365398984
 31
0.0
1001
ACDBBLOCKREPETAG
1070
     1
1071
      204
1005
165
  0
LINE
  5
166
330
95
100
AcDbEntity
  8
ART_DUBEL
  6
DASHDOT
100
AcDbLine
 10
9443.787758702578
 20
62653.92887302453
 30
0.0
 11
9443.721136767786
 21
62653.89662396898
 31
0.0
1001
ACDBBLOCKREPETAG
1070
     1
1071
      205
1005
166
  0
LINE
  5
167
330
95
100
AcDbEntity
  8
ART_DUBEL
  6
DASHDOT
100
AcDbLine
 10
9443.853470300956
 20
62653.96042620942
 30
0.0
 11
9443.787758702578
 21
62653.92887302453
 31
0.0
1001
ACDBBLOCKREPETAG
1070
     1
1071
      206
1005
167
  0
LINE
  5
168
330
95
100
AcDbEntity
  8
ART_DUBEL
  6
DASHDOT
100
AcDbLine
 10
9443.918198972523
 20
62653.9913085766
 30
0.0
 11
9443.853470300956
 21
62653.96042620942
 31
0.0
1001
ACDBBLOCKREPETAG
1070
     1
1071
      207
1005
168
  0
LINE
  5
169
330
95
100
AcDbEntity
  8
ART_DUBEL
  6
DASHDOT
100
AcDbLine
 10
9443.981842919857
 20
62654.02152820375
 30
0.0
 11
9443.918198972523
 21
62653.9913085766
 31
0.0
1001
ACDBBLOCKREPETAG
1070
     1
1071
      208
1005
169
  0
LINE
  5
16A
330
95
100
AcDbEntity
  8
ART_DUBEL
  6
DASHDOT
100
AcDbLine
 10
9444.044183517013
 20
62654.05102526731
 30
0.0
 11
9443.981842919857
 21
62654.02152820375
 31
0.0
1001
ACDBBLOCKREPETAG
1070
     1
1071
      209
1005
16A
  0
LINE
  5
16B
330
95
100
AcDbEntity
  8
ART_DUBEL
  6
DASHDOT
100
AcDbLine
 10
9444.104972931141
 20
62654.07972296842
 30
0.0
 11
9444.044183517013
 21
62654.05102526731
 31
0.0
1001
ACDBBLOCKREPETAG
1070
     1
1071
      210
1005
16B
  0
LINE
  5
16C
330
95
100
AcDbEntity
  8
ART_DUBEL
  6
DASHDOT
100
AcDbLine
 10
9444.163963329271
 20
62654.10754450827
 30
0.0
 11
9444.104972931141
 21
62654.07972296842
 31
0.0
1001
ACDBBLOCKREPETAG
1070
     1
1071
      211
1005
16C
  0
LINE
  5
16D
330
95
100
AcDbEntity
  8
ART_DUBEL
  6
DASHDOT
100
AcDbLine
 10
9444.220906878433
 20
62654.13441308798
 30
0.0
 11
9444.163963329271
 21
62654.10754450827
 31
0.0
1001
ACDBBLOCKREPETAG
1070
     1
1071
      212
1005
16D
  0
LINE
  5
16E
330
95
100
AcDbEntity
  8
ART_DUBEL
  6
DASHDOT
100
AcDbLine
 10
9444.275555745747
 20
62654.16025190879
 30
0.0
 11
9444.220906878433
 21
62654.13441308798
 31
0.0
1001
ACDBBLOCKREPETAG
1070
     1
1071
      213
1005
16E
  0
LINE
  5
16F
330
95
100
AcDbEntity
  8
ART_DUBEL
  6
DASHDOT
100
AcDbLine
 10
9444.327662098242
 20
62654.18498417178
 30
0.0
 11
9444.275555745747
 21
62654.16025190879
 31
0.0
1001
ACDBBLOCKREPETAG
1070
     1
1071
      214
1005
16F
  0
LINE
  5
170
330
95
100
AcDbEntity
  8
ART_DUBEL
  6
DASHDOT
100
AcDbLine
 10
9444.376978102978
 20
62654.20853307812
 30
0.0
 11
9444.327662098242
 21
62654.18498417178
 31
0.0
1001
ACDBBLOCKREPETAG
1070
     1
1071
      215
1005
170
  0
LINE
  5
171
330
95
100
AcDbEntity
  8
ART_DUBEL
  6
DASHDOT
100
AcDbLine
 10
9444.423221214609
 20
62654.23086005498
 30
0.0
 11
9444.376978102978
 21
62654.20853307812
 31
0.0
1001
ACDBBLOCKREPETAG
1070
     1
1071
      216
1005
171
  0
LINE
  5
172
330
95
100
AcDbEntity
  8
ART_DUBEL
  6
DASHDOT
100
AcDbLine
 10
9444.465970038136
 20
62654.25207943335
 30
0.0
 11
9444.423221214609
 21
62654.23086005498
 31
0.0
1001
ACDBBLOCKREPETAG
1070
     1
1071
      217
1005
172
  0
LINE
  5
173
330
95
100
AcDbEntity
  8
ART_DUBEL
  6
DASHDOT
100
AcDbLine
 10
9444.50476846619
 20
62654.27234377024
 30
0.0
 11
9444.465970038136
 21
62654.25207943335
 31
0.0
1001
ACDBBLOCKREPETAG
1070
     1
1071
      218
1005
173
  0
LINE
  5
174
330
95
100
AcDbEntity
  8
ART_DUBEL
  6
DASHDOT
100
AcDbLine
 10
9444.539160391276
 20
62654.29180562263
 30
0.0
 11
9444.50476846619
 21
62654.27234377024
 31
0.0
1001
ACDBBLOCKREPETAG
1070
     1
1071
      219
1005
174
  0
LINE
  5
175
330
95
100
AcDbEntity
  8
ART_DUBEL
  6
DASHDOT
100
AcDbLine
 10
9444.568689706056
 20
62654.3106175475
 30
0.0
 11
9444.539160391276
 21
62654.29180562263
 31
0.0
1001
ACDBBLOCKREPETAG
1070
     1
1071
      220
1005
175
  0
LINE
  5
176
330
95
100
AcDbEntity
  8
ART_DUBEL
  6
DASHDOT
100
AcDbLine
 10
9444.592900303126
 20
62654.32893210188
 30
0.0
 11
9444.568689706056
 21
62654.3106175475
 31
0.0
1001
ACDBBLOCKREPETAG
1070
     1
1071
      221
1005
176
  0
LINE
  5
177
330
95
100
AcDbEntity
  8
ART_DUBEL
  6
DASHDOT
100
AcDbLine
 10
9444.611336075025
 20
62654.34690184271
 30
0.0
 11
9444.592900303126
 21
62654.32893210188
 31
0.0
1001
ACDBBLOCKREPETAG
1070
     1
1071
      222
1005
177
  0
LINE
  5
178
330
95
100
AcDbEntity
  8
ART_DUBEL
  6
DASHDOT
100
AcDbLine
 10
9444.623540914347
 20
62654.36467932702
 30
0.0
 11
9444.611336075025
 21
62654.34690184271
 31
0.0
1001
ACDBBLOCKREPETAG
1070
     1
1071
      223
1005
178
  0
LINE
  5
179
330
95
100
AcDbEntity
  8
ART_DUBEL
  6
DASHDOT
100
AcDbLine
 10
9444.629218632812
 20
62654.38243812075
 30
0.0
 11
9444.623540914347
 21
62654.36467932702
 31
0.0
1001
ACDBBLOCKREPETAG
1070
     1
1071
      224
1005
179
  0
LINE
  5
17A
330
95
100
AcDbEntity
  8
ART_DUBEL
  6
DASHDOT
100
AcDbLine
 10
9444.628712718367
 20
62654.40043582575
 30
0.0
 11
9444.629218632812
 21
62654.38243812075
 31
0.0
1001
ACDBBLOCKREPETAG
1070
     1
1071
      225
1005
17A
  0
LINE
  5
17B
330
95
100
AcDbEntity
  8
ART_DUBEL
  6
DASHDOT
100
AcDbLine
 10
9444.6225265781
 20
62654.41895105277
 30
0.0
 11
9444.628712718367
 21
62654.40043582575
 31
0.0
1001
ACDBBLOCKREPETAG
1070
     1
1071
      226
1005
17B
  0
LINE
  5
17C
330
95
100
AcDbEntity
  8
ART_DUBEL
  6
DASHDOT
100
AcDbLine
 10
9444.611163619024
 20
62654.4382624126
 30
0.0
 11
9444.6225265781
 21
62654.41895105277
 31
0.0
1001
ACDBBLOCKREPETAG
1070
     1
1071
      227
1005
17C
  0
LINE
  5
17D
330
95
100
AcDbEntity
  8
ART_DUBEL
  6
DASHDOT
100
AcDbLine
 10
9444.595127248282
 20
62654.45864851602
 30
0.0
 11
9444.611163619024
 21
62654.4382624126
 31
0.0
1001
ACDBBLOCKREPETAG
1070
     1
1071
      228
1005
17D
  0
LINE
  5
17E
330
95
100
AcDbEntity
  8
ART_DUBEL
  6
DASHDOT
100
AcDbLine
 10
9444.574920872858
 20
62654.48038797383
 30
0.0
 11
9444.595127248282
 21
62654.45864851602
 31
0.0
1001
ACDBBLOCKREPETAG
1070
     1
1071
      229
1005
17E
  0
LINE
  5
17F
330
95
100
AcDbEntity
  8
ART_DUBEL
  6
DASHDOT
100
AcDbLine
 10
9444.551047899869
 20
62654.50375939681
 30
0.0
 11
9444.574920872858
 21
62654.48038797383
 31
0.0
1001
ACDBBLOCKREPETAG
1070
     1
1071
      230
1005
17F
  0
LINE
  5
180
330
95
100
AcDbEntity
  8
ART_DUBEL
  6
DASHDOT
100
AcDbLine
 10
9444.524011736378
 20
62654.52904139571
 30
0.0
 11
9444.551047899869
 21
62654.50375939681
 31
0.0
1001
ACDBBLOCKREPETAG
1070
     1
1071
      231
1005
180
  0
LINE
  5
181
330
95
100
AcDbEntity
  8
ART_DUBEL
  6
DASHDOT
100
AcDbLine
 10
9444.494270633112
 20
62654.55643033125
 30
0.0
 11
9444.524011736378
 21
62654.52904139571
 31
0.0
1001
ACDBBLOCKREPETAG
1070
     1
1071
      232
1005
181
  0
LINE
  5
182
330
95
100
AcDbEntity
  8
ART_DUBEL
  6
DASHDOT
100
AcDbLine
 10
9444.462102215611
 20
62654.58579356367
 30
0.0
 11
9444.494270633112
 21
62654.55643033125
 31
0.0
1001
ACDBBLOCKREPETAG
1070
     1
1071
      233
1005
182
  0
LINE
  5
183
330
95
100
AcDbEntity
  8
ART_DUBEL
  6
DASHDOT
100
AcDbLine
 10
9444.427738953052
 20
62654.61691620317
 30
0.0
 11
9444.462102215611
 21
62654.58579356367
 31
0.0
1001
ACDBBLOCKREPETAG
1070
     1
1071
      234
1005
183
  0
LINE
  5
184
330
95
100
AcDbEntity
  8
ART_DUBEL
  6
DASHDOT
100
AcDbLine
 10
9444.391413314638
 20
62654.64958335986
 30
0.0
 11
9444.427738953052
 21
62654.61691620317
 31
0.0
1001
ACDBBLOCKREPETAG
1070
     1
1071
      235
1005
184
  0
LINE
  5
185
330
95
100
AcDbEntity
  8
ART_DUBEL
  6
DASHDOT
100
AcDbLine
 10
9444.353357769626
 20
62654.68358014391
 30
0.0
 11
9444.391413314638
 21
62654.64958335986
 31
0.0
1001
ACDBBLOCKREPETAG
1070
     1
1071
      236
1005
185
  0
LINE
  5
186
330
95
100
AcDbEntity
  8
ART_DUBEL
  6
DASHDOT
100
AcDbLine
 10
9444.313804787167
 20
62654.7186916655
 30
0.0
 11
9444.353357769626
 21
62654.68358014391
 31
0.0
1001
ACDBBLOCKREPETAG
1070
     1
1071
      237
1005
186
  0
LINE
  5
187
330
95
100
AcDbEntity
  8
ART_DUBEL
  6
DASHDOT
100
AcDbLine
 10
9444.272986836487
 20
62654.75470303479
 30
0.0
 11
9444.313804787167
 21
62654.7186916655
 31
0.0
1001
ACDBBLOCKREPETAG
1070
     1
1071
      238
1005
187
  0
LINE
  5
188
330
95
100
AcDbEntity
  8
ART_DUBEL
  6
DASHDOT
100
AcDbLine
 10
9444.231136386768
 20
62654.79139936195
 30
0.0
 11
9444.272986836487
 21
62654.75470303479
 31
0.0
1001
ACDBBLOCKREPETAG
1070
     1
1071
      239
1005
188
  0
LINE
  5
189
330
95
100
AcDbEntity
  8
ART_DUBEL
  6
DASHDOT
100
AcDbLine
 10
9444.188453670786
 20
62654.82859850702
 30
0.0
 11
9444.231136386768
 21
62654.79139936195
 31
0.0
1001
ACDBBLOCKREPETAG
1070
     1
1071
      240
1005
189
  0
LINE
  5
18A
330
95
100
AcDbEntity
  8
ART_DUBEL
  6
DASHDOT
100
AcDbLine
 10
9444.145009975258
 20
62654.8662493299
 30
0.0
 11
9444.188453670786
 21
62654.82859850702
 31
0.0
1001
ACDBBLOCKREPETAG
1070
     1
1071
      241
1005
18A
  0
LINE
  5
18B
330
95
100
AcDbEntity
  8
ART_DUBEL
  6
DASHDOT
100
AcDbLine
 10
9444.100844350577
 20
62654.90433344034
 30
0.0
 11
9444.145009975258
 21
62654.8662493299
 31
0.0
1001
ACDBBLOCKREPETAG
1070
     1
1071
      242
1005
18B
  0
LINE
  5
18C
330
95
100
AcDbEntity
  8
ART_DUBEL
  6
DASHDOT
100
AcDbLine
 10
9444.055995847033
 20
62654.94283244807
 30
0.0
 11
9444.100844350577
 21
62654.90433344034
 31
0.0
1001
ACDBBLOCKREPETAG
1070
     1
1071
      243
1005
18C
  0
LINE
  5
18D
330
95
100
AcDbEntity
  8
ART_DUBEL
  6
DASHDOT
100
AcDbLine
 10
9444.010503514894
 20
62654.98172796292
 30
0.0
 11
9444.055995847033
 21
62654.94283244807
 31
0.0
1001
ACDBBLOCKREPETAG
1070
     1
1071
      244
1005
18D
  0
LINE
  5
18E
330
95
100
AcDbEntity
  8
ART_DUBEL
  6
DASHDOT
100
AcDbLine
 10
9443.964406404548
 20
62655.02100159463
 30
0.0
 11
9444.010503514894
 21
62654.98172796292
 31
0.0
1001
ACDBBLOCKREPETAG
1070
     1
1071
      245
1005
18E
  0
LINE
  5
18F
330
95
100
AcDbEntity
  8
ART_DUBEL
  6
DASHDOT
100
AcDbLine
 10
9443.917743566265
 20
62655.06063495298
 30
0.0
 11
9443.964406404548
 21
62655.02100159463
 31
0.0
1001
ACDBBLOCKREPETAG
1070
     1
1071
      246
1005
18F
  0
LINE
  5
190
330
95
100
AcDbEntity
  8
ART_DUBEL
  6
DASHDOT
100
AcDbLine
 10
9443.870554050363
 20
62655.10060964769
 30
0.0
 11
9443.917743566265
 21
62655.06063495298
 31
0.0
1001
ACDBBLOCKREPETAG
1070
     1
1071
      247
1005
190
  0
LINE
  5
191
330
95
100
AcDbEntity
  8
ART_DUBEL
  6
DASHDOT
100
AcDbLine
 10
9443.822876064912
 20
62655.14090842644
 30
0.0
 11
9443.870554050363
 21
62655.10060964769
 31
0.0
1001
ACDBBLOCKREPETAG
1070
     1
1071
      248
1005
191
  0
LINE
  5
192
330
95
100
AcDbEntity
  8
ART_DUBEL
  6
DASHDOT
100
AcDbLine
 10
9443.774744448999
 20
62655.18151858812
 30
0.0
 11
9443.822876064912
 21
62655.14090842644
 31
0.0
1001
ACDBBLOCKREPETAG
1070
     1
1071
      249
1005
192
  0
LINE
  5
193
330
95
100
AcDbEntity
  8
ART_DUBEL
  6
DASHDOT
100
AcDbLine
 10
9443.726193199394
 20
62655.22242856951
 30
0.0
 11
9443.774744448999
 21
62655.18151858812
 31
0.0
1001
ACDBBLOCKREPETAG
1070
     1
1071
      250
1005
193
  0
LINE
  5
194
330
95
100
AcDbEntity
  8
ART_DUBEL
  6
DASHDOT
100
AcDbLine
 10
9443.677256312971
 20
62655.26362680738
 30
0.0
 11
9443.726193199394
 21
62655.22242856951
 31
0.0
1001
ACDBBLOCKREPETAG
1070
     1
1071
      251
1005
194
  0
LINE
  5
195
330
95
100
AcDbEntity
  8
ART_DUBEL
  6
DASHDOT
100
AcDbLine
 10
9443.6279677865
 20
62655.30510173848
 30
0.0
 11
9443.677256312971
 21
62655.26362680738
 31
0.0
1001
ACDBBLOCKREPETAG
1070
     1
1071
      252
1005
195
  0
LINE
  5
196
330
95
100
AcDbEntity
  8
ART_DUBEL
  6
DASHDOT
100
AcDbLine
 10
9443.57836161684
 20
62655.34684179963
 30
0.0
 11
9443.6279677865
 21
62655.30510173848
 31
0.0
1001
ACDBBLOCKREPETAG
1070
     1
1071
      253
1005
196
  0
LINE
  5
197
330
95
100
AcDbEntity
  8
ART_DUBEL
  6
DASHDOT
100
AcDbLine
 10
9443.528471800751
 20
62655.38883542754
 30
0.0
 11
9443.57836161684
 21
62655.34684179963
 31
0.0
1001
ACDBBLOCKREPETAG
1070
     1
1071
      254
1005
197
  0
LINE
  5
198
330
95
100
AcDbEntity
  8
ART_DUBEL
  6
DASHDOT
100
AcDbLine
 10
9443.47833233512
 20
62655.43107105902
 30
0.0
 11
9443.528471800751
 21
62655.38883542754
 31
0.0
1001
ACDBBLOCKREPETAG
1070
     1
1071
      255
1005
198
  0
LINE
  5
199
330
95
100
AcDbEntity
  8
ART_DUBEL
  6
DASHDOT
100
AcDbLine
 10
9443.427976549797
 20
62655.47353800124
 30
0.0
 11
9443.47833233512
 21
62655.43107105902
 31
0.0
1001
ACDBBLOCKREPETAG
1070
     1
1071
      256
1005
199
  0
LINE
  5
19A
330
95
100
AcDbEntity
  8
ART_DUBEL
  6
DASHDOT
100
AcDbLine
 10
9443.377435107151
 20
62655.51622904298
 30
0.0
 11
9443.427976549797
 21
62655.47353800124
 31
0.0
1001
ACDBBLOCKREPETAG
1070
     1
1071
      257
1005
19A
  0
LINE
  5
19B
330
95
100
AcDbEntity
  8
ART_DUBEL
  6
DASHDOT
100
AcDbLine
 10
9443.326738002614
 20
62655.55913784345
 30
0.0
 11
9443.377435107151
 21
62655.51622904298
 31
0.0
1001
ACDBBLOCKREPETAG
1070
     1
1071
      258
1005
19B
  0
LINE
  5
19C
330
95
100
AcDbEntity
  8
ART_DUBEL
  6
DASHDOT
100
AcDbLine
 10
9443.275915231605
 20
62655.60225806185
 30
0.0
 11
9443.326738002614
 21
62655.55913784345
 31
0.0
1001
ACDBBLOCKREPETAG
1070
     1
1071
      259
1005
19C
  0
LINE
  5
19D
330
95
100
AcDbEntity
  8
ART_DUBEL
  6
DASHDOT
100
AcDbLine
 10
9443.224996789524
 20
62655.6455833574
 30
0.0
 11
9443.275915231605
 21
62655.60225806185
 31
0.0
1001
ACDBBLOCKREPETAG
1070
     1
1071
      260
1005
19D
  0
LINE
  5
19E
330
95
100
AcDbEntity
  8
ART_DUBEL
  6
DASHDOT
100
AcDbLine
 10
9443.174012671827
 20
62655.6891073893
 30
0.0
 11
9443.224996789524
 21
62655.6455833574
 31
0.0
1001
ACDBBLOCKREPETAG
1070
     1
1071
      261
1005
19E
  0
LINE
  5
19F
330
95
100
AcDbEntity
  8
ART_DUBEL
  6
DASHDOT
100
AcDbLine
 10
9443.122992873968
 20
62655.73282381676
 30
0.0
 11
9443.174012671827
 21
62655.6891073893
 31
0.0
1001
ACDBBLOCKREPETAG
1070
     1
1071
      262
1005
19F
  0
LINE
  5
1A0
330
95
100
AcDbEntity
  8
ART_DUBEL
  6
DASHDOT
100
AcDbLine
 10
9443.071967391317
 20
62655.77672629897
 30
0.0
 11
9443.122992873968
 21
62655.73282381676
 31
0.0
1001
ACDBBLOCKREPETAG
1070
     1
1071
      263
1005
1A0
  0
LINE
  5
1A1
330
95
100
AcDbEntity
  8
ART_DUBEL
  6
DASHDOT
100
AcDbLine
 10
9443.020965500348
 20
62655.82080961888
 30
0.0
 11
9443.071967391317
 21
62655.77672629897
 31
0.0
1001
ACDBBLOCKREPETAG
1070
     1
1071
      264
1005
1A1
  0
LINE
  5
1A2
330
95
100
AcDbEntity
  8
ART_DUBEL
  6
DASHDOT
100
AcDbLine
 10
9442.970013601522
 20
62655.86507305437
 30
0.0
 11
9443.020965500348
 21
62655.82080961888
 31
0.0
1001
ACDBBLOCKREPETAG
1070
     1
1071
      265
1005
1A2
  0
LINE
  5
1A3
330
95
100
AcDbEntity
  8
ART_DUBEL
  6
DASHDOT
100
AcDbLine
 10
9442.919137376291
 20
62655.90951700717
 30
0.0
 11
9442.970013601522
 21
62655.86507305437
 31
0.0
1001
ACDBBLOCKREPETAG
1070
     1
1071
      266
1005
1A3
  0
LINE
  5
1A4
330
95
100
AcDbEntity
  8
ART_DUBEL
  6
DASHDOT
100
AcDbLine
 10
9442.868362506171
 20
62655.95414187888
 30
0.0
 11
9442.919137376291
 21
62655.90951700717
 31
0.0
1001
ACDBBLOCKREPETAG
1070
     1
1071
      267
1005
1A4
  0
LINE
  5
1A5
330
95
100
AcDbEntity
  8
ART_DUBEL
  6
DASHDOT
100
AcDbLine
 10
9442.817714672614
 20
62655.99894807118
 30
0.0
 11
9442.868362506171
 21
62655.95414187888
 31
0.0
1001
ACDBBLOCKREPETAG
1070
     1
1071
      268
1005
1A5
  0
LINE
  5
1A6
330
95
100
AcDbEntity
  8
ART_DUBEL
  6
DASHDOT
100
AcDbLine
 10
9442.767219557069
 20
62656.04393598571
 30
0.0
 11
9442.817714672614
 21
62655.99894807118
 31
0.0
1001
ACDBBLOCKREPETAG
1070
     1
1071
      269
1005
1A6
  0
LINE
  5
1A7
330
95
100
AcDbEntity
  8
ART_DUBEL
  6
DASHDOT
100
AcDbLine
 10
9442.716902841048
 20
62656.08910602412
 30
0.0
 11
9442.767219557069
 21
62656.04393598571
 31
0.0
1001
ACDBBLOCKREPETAG
1070
     1
1071
      270
1005
1A7
  0
LINE
  5
1A8
330
95
100
AcDbEntity
  8
ART_DUBEL
  6
DASHDOT
100
AcDbLine
 10
9442.666790206006
 20
62656.13445858808
 30
0.0
 11
9442.716902841048
 21
62656.08910602412
 31
0.0
1001
ACDBBLOCKREPETAG
1070
     1
1071
      271
1005
1A8
  0
LINE
  5
1A9
330
95
100
AcDbEntity
  8
ART_DUBEL
  6
DASHDOT
100
AcDbLine
 10
9442.616906556905
 20
62656.17999601643
 30
0.0
 11
9442.666790206006
 21
62656.13445858808
 31
0.0
1001
ACDBBLOCKREPETAG
1070
     1
1071
      272
1005
1A9
  0
LINE
  5
1AA
330
95
100
AcDbEntity
  8
ART_DUBEL
  6
DASHDOT
100
AcDbLine
 10
9442.567273692567
 20
62656.22572839665
 30
0.0
 11
9442.616906556905
 21
62656.17999601643
 31
0.0
1001
ACDBBLOCKREPETAG
1070
     1
1071
      273
1005
1AA
  0
LINE
  5
1AB
330
95
100
AcDbEntity
  8
ART_DUBEL
  6
DASHDOT
100
AcDbLine
 10
9442.517912635338
 20
62656.27166775347
 30
0.0
 11
9442.567273692567
 21
62656.22572839665
 31
0.0
1001
ACDBBLOCKREPETAG
1070
     1
1071
      274
1005
1AB
  0
LINE
  5
1AC
330
95
100
AcDbEntity
  8
ART_DUBEL
  6
DASHDOT
100
AcDbLine
 10
9442.468844407519
 20
62656.31782611158
 30
0.0
 11
9442.517912635338
 21
62656.27166775347
 31
0.0
1001
ACDBBLOCKREPETAG
1070
     1
1071
      275
1005
1AC
  0
LINE
  5
1AD
330
95
100
AcDbEntity
  8
ART_DUBEL
  6
DASHDOT
100
AcDbLine
 10
9442.420090031424
 20
62656.36421549563
 30
0.0
 11
9442.468844407519
 21
62656.31782611158
 31
0.0
1001
ACDBBLOCKREPETAG
1070
     1
1071
      276
1005
1AD
  0
LINE
  5
1AE
330
95
100
AcDbEntity
  8
ART_DUBEL
  6
DASHDOT
100
AcDbLine
 10
9442.371670529382
 20
62656.41084793041
 30
0.0
 11
9442.420090031424
 21
62656.36421549563
 31
0.0
1001
ACDBBLOCKREPETAG
1070
     1
1071
      277
1005
1AE
  0
LINE
  5
1AF
330
95
100
AcDbEntity
  8
ART_DUBEL
  6
DASHDOT
100
AcDbLine
 10
9442.323606923707
 20
62656.45773544056
 30
0.0
 11
9442.371670529382
 21
62656.41084793041
 31
0.0
1001
ACDBBLOCKREPETAG
1070
     1
1071
      278
1005
1AF
  0
LINE
  5
1B0
330
95
100
AcDbEntity
  8
ART_DUBEL
  6
DASHDOT
100
AcDbLine
 10
9442.275920236708
 20
62656.50489005077
 30
0.0
 11
9442.323606923707
 21
62656.45773544056
 31
0.0
1001
ACDBBLOCKREPETAG
1070
     1
1071
      279
1005
1B0
  0
LINE
  5
1B1
330
95
100
AcDbEntity
  8
ART_DUBEL
  6
DASHDOT
100
AcDbLine
 10
9442.228631414726
 20
62656.55232694934
 30
0.0
 11
9442.275920236708
 21
62656.50489005077
 31
0.0
1001
ACDBBLOCKREPETAG
1070
     1
1071
      280
1005
1B1
  0
LINE
  5
1B2
330
95
100
AcDbEntity
  8
ART_DUBEL
  6
DASHDOT
100
AcDbLine
 10
9442.463128507885
 20
62651.31460103352
 30
0.0
 11
9442.41375106648
 21
62650.87404927572
 31
0.0
1001
ACDBBLOCKREPETAG
1070
     1
1071
      281
1005
1B2
  0
LINE
  5
1B3
330
95
100
AcDbEntity
  8
ART_DUBEL
  6
DASHDOT
100
AcDbLine
 10
9442.679864347729
 20
62651.70315083822
 30
0.0
 11
9442.463128507885
 21
62651.31460103352
 31
0.0
1001
ACDBBLOCKREPETAG
1070
     1
1071
      282
1005
1B3
  0
LINE
  5
1B4
330
95
100
AcDbEntity
  8
ART_DUBEL
  6
DASHDOT
100
AcDbLine
 10
9443.026238859447
 20
62652.04629048666
 30
0.0
 11
9442.679864347729
 21
62651.70315083822
 31
0.0
1001
ACDBBLOCKREPETAG
1070
     1
1071
      283
1005
1B4
  0
LINE
  5
1B5
330
95
100
AcDbEntity
  8
ART_DUBEL
  6
DASHDOT
100
AcDbLine
 10
9443.464532316479
 20
62652.35061177572
 30
0.0
 11
9443.026238859447
 21
62652.04629048666
 31
0.0
1001
ACDBBLOCKREPETAG
1070
     1
1071
      284
1005
1B5
  0
LINE
  5
1B6
330
95
100
AcDbEntity
  8
ART_DUBEL
  6
DASHDOT
100
AcDbLine
 10
9443.957024992259
 20
62652.62270650227
 30
0.0
 11
9443.464532316479
 21
62652.35061177572
 31
0.0
1001
ACDBBLOCKREPETAG
1070
     1
1071
      285
1005
1B6
  0
LINE
  5
1B7
330
95
100
AcDbEntity
  8
ART_DUBEL
  6
DASHDOT
100
AcDbLine
 10
9444.465997160229
 20
62652.86916646322
 30
0.0
 11
9443.957024992259
 21
62652.62270650227
 31
0.0
1001
ACDBBLOCKREPETAG
1070
     1
1071
      286
1005
1B7
  0
LINE
  5
1B8
330
95
100
AcDbEntity
  8
ART_DUBEL
  6
DASHDOT
100
AcDbLine
 10
9444.953729093823
 20
62653.0965834554
 30
0.0
 11
9444.465997160229
 21
62652.86916646322
 31
0.0
1001
ACDBBLOCKREPETAG
1070
     1
1071
      287
1005
1B8
  0
LINE
  5
1B9
330
95
100
AcDbEntity
  8
ART_DUBEL
  6
DASHDOT
100
AcDbLine
 10
9445.382501066479
 20
62653.31154927572
 30
0.0
 11
9444.953729093823
 21
62653.0965834554
 31
0.0
1001
ACDBBLOCKREPETAG
1070
     1
1071
      288
1005
1B9
  0
LINE
  5
1BA
330
95
100
AcDbEntity
  8
ART_DUBEL
  6
DASHDOT
100
AcDbLine
 10
9445.721510669351
 20
62653.52016743977
 30
0.0
 11
9445.382501066479
 21
62653.31154927572
 31
0.0
1001
ACDBBLOCKREPETAG
1070
     1
1071
      289
1005
1BA
  0
LINE
  5
1BB
330
95
100
AcDbEntity
  8
ART_DUBEL
  6
DASHDOT
100
AcDbLine
 10
9445.967624764383
 20
62653.72658833822
 30
0.0
 11
9445.721510669351
 21
62653.52016743977
 31
0.0
1001
ACDBBLOCKREPETAG
1070
     1
1071
      290
1005
1BB
  0
LINE
  5
1BC
330
95
100
AcDbEntity
  8
ART_DUBEL
  6
DASHDOT
100
AcDbLine
 10
9446.124627531323
 20
62653.93447408039
 30
0.0
 11
9445.967624764383
 21
62653.72658833822
 31
0.0
1001
ACDBBLOCKREPETAG
1070
     1
1071
      291
1005
1BC
  0
LINE
  5
1BD
330
95
100
AcDbEntity
  8
ART_DUBEL
  6
DASHDOT
100
AcDbLine
 10
9446.196303149822
 20
62654.14748677572
 30
0.0
 11
9446.124627531323
 21
62653.93447408039
 31
0.0
1001
ACDBBLOCKREPETAG
1070
     1
1071
      292
1005
1BD
  0
LINE
  5
1BE
330
95
100
AcDbEntity
  8
ART_DUBEL
  6
DASHDOT
100
AcDbLine
 10
9446.186435799544
 20
62654.36928853352
 30
0.0
 11
9446.196303149822
 21
62654.14748677572
 31
0.0
1001
ACDBBLOCKREPETAG
1070
     1
1071
      293
1005
1BE
  0
LINE
  5
1BF
330
95
100
AcDbEntity
  8
ART_DUBEL
  6
DASHDOT
100
AcDbLine
 10
9446.098809660229
 20
62654.60354146322
 30
0.0
 11
9446.186435799544
 21
62654.36928853352
 31
0.0
1001
ACDBBLOCKREPETAG
1070
     1
1071
      294
1005
1BF
  0
LINE
  5
1C0
330
95
100
AcDbEntity
  8
ART_DUBEL
  6
DASHDOT
100
AcDbLine
 10
9445.937208911541
 20
62654.85390767415
 30
0.0
 11
9446.098809660229
 21
62654.60354146322
 31
0.0
1001
ACDBBLOCKREPETAG
1070
     1
1071
      295
1005
1C0
  0
LINE
  5
1C1
330
95
100
AcDbEntity
  8
ART_DUBEL
  6
DASHDOT
100
AcDbLine
 10
9445.705417733135
 20
62655.12404927572
 30
0.0
 11
9445.937208911541
 21
62654.85390767415
 31
0.0
1001
ACDBBLOCKREPETAG
1070
     1
1071
      296
1005
1C1
  0
LINE
  5
1C2
330
95
100
AcDbEntity
  8
ART_DUBEL
  6
DASHDOT
100
AcDbLine
 10
9445.409315845134
 20
62655.41620422362
 30
0.0
 11
9445.705417733135
 21
62655.12404927572
 31
0.0
1001
ACDBBLOCKREPETAG
1070
     1
1071
      297
1005
1C2
  0
LINE
  5
1C3
330
95
100
AcDbEntity
  8
ART_DUBEL
  6
DASHDOT
100
AcDbLine
 10
9445.063165128978
 20
62655.72691385905
 30
0.0
 11
9445.409315845134
 21
62655.41620422362
 31
0.0
1001
ACDBBLOCKREPETAG
1070
     1
1071
      298
1005
1C3
  0
LINE
  5
1C4
330
95
100
AcDbEntity
  8
ART_DUBEL
  6
DASHDOT
100
AcDbLine
 10
9444.683323006573
 20
62656.05129536947
 30
0.0
 11
9445.063165128978
 21
62655.72691385905
 31
0.0
1001
ACDBBLOCKREPETAG
1070
     1
1071
      299
1005
1C4
  0
LINE
  5
1C5
330
95
100
AcDbEntity
  8
ART_DUBEL
  6
DASHDOT
100
AcDbLine
 10
9444.286146899822
 20
62656.38446594237
 30
0.0
 11
9444.683323006573
 21
62656.05129536947
 31
0.0
1001
ACDBBLOCKREPETAG
1070
     1
1071
      300
1005
1C5
  0
LINE
  5
1C6
330
95
100
AcDbEntity
  8
ART_DUBEL
  6
DASHDOT
100
AcDbLine
 10
9441.584960461495
 20
62652.25575016092
 30
0.0
 11
9441.510488212303
 21
62652.13139514247
 31
0.0
1001
ACDBBLOCKREPETAG
1070
     1
1071
      301
1005
1C6
  0
LINE
  5
1C7
330
95
100
AcDbEntity
  8
ART_DUBEL
  6
DASHDOT
100
AcDbLine
 10
9448.663751066479
 20
62644.62404927572
 30
0.0
 11
9448.663751066479
 21
62650.87404927572
 31
0.0
1001
ACDBBLOCKREPETAG
1070
     1
1071
      302
1005
1C7
  0
LINE
  5
1C8
330
95
100
AcDbEntity
  8
ART_DUBEL
  6
DASHDOT
100
AcDbLine
 10
9441.788751066479
 20
62566.49904927572
 30
0.0
 11
9446.788751066479
 21
62566.49904927572
 31
0.0
1001
ACDBBLOCKREPETAG
1070
     1
1071
      303
1005
1C8
  0
ARC
  5
1C9
330
95
100
AcDbEntity
  8
ART_DUBEL
  6
DASHDOT
100
AcDbCircle
 10
9450.53875106648
 20
62562.12404927572
 30
0.0
 40
1.25
100
AcDbArc
 50
270.0
 51
0.0
1001
ACDBBLOCKREPETAG
1070
     1
1071
      304
1005
1C9
  0
LINE
  5
1CA
330
95
100
AcDbEntity
  8
ART_DUBEL
  6
DASHDOT
100
AcDbLine
 10
9449.288751066479
 20
62560.87404927572
 30
0.0
 11
9450.53875106648
 21
62560.87404927572
 31
0.0
1001
ACDBBLOCKREPETAG
1070
     1
1071
      305
1005
1CA
  0
LINE
  5
1CB
330
95
100
AcDbEntity
  8
ART_DUBEL
  6
DASHDOT
100
AcDbLine
 10
9449.288751066479
 20
62557.12404927572
 30
0.0
 11
9449.288751066479
 21
62560.87404927572
 31
0.0
1001
ACDBBLOCKREPETAG
1070
     1
1071
      306
1005
1CB
  0
LINE
  5
1CC
330
95
100
AcDbEntity
  8
ART_DUBEL
  6
DASHDOT
100
AcDbLine
 10
9451.788751066478
 20
62562.12404927572
 30
0.0
 11
9451.788751066478
 21
62565.24904927572
 31
0.0
1001
ACDBBLOCKREPETAG
1070
     1
1071
      307
1005
1CC
  0
LINE
  5
1CD
330
95
100
AcDbEntity
  8
ART_DUBEL
  6
DASHDOT
100
AcDbLine
 10
9449.288751066479
 20
62566.49904927572
 30
0.0
 11
9450.53875106648
 21
62566.49904927572
 31
0.0
1001
ACDBBLOCKREPETAG
1070
     1
1071
      308
1005
1CD
  0
ARC
  5
1CE
330
95
100
AcDbEntity
  8
ART_DUBEL
  6
DASHDOT
100
AcDbCircle
 10
9450.53875106648
 20
62565.24904927572
 30
0.0
 40
1.25
100
AcDbArc
 50
0.0
 51
90.0
1001
ACDBBLOCKREPETAG
1070
     1
1071
      309
1005
1CE
  0
LINE
  5
1CF
330
95
100
AcDbEntity
  8
ART_DUBEL
  6
DASHDOT
100
AcDbLine
 10
9453.038751066479
 20
62567.12404927572
 30
0.0
 11
9453.038751066479
 21
62568.37404927572
 31
0.0
1001
ACDBBLOCKREPETAG
1070
     1
1071
      310
1005
1CF
  0
ARC
  5
1D0
330
95
100
AcDbEntity
  8
ART_DUBEL
  6
DASHDOT
100
AcDbCircle
 10
9449.288751066479
 20
62562.12404927572
 30
0.0
 40
1.25
100
AcDbArc
 50
180.0
 51
270.0
1001
ACDBBLOCKREPETAG
1070
     1
1071
      311
1005
1D0
  0
ARC
  5
1D1
330
95
100
AcDbEntity
  8
ART_DUBEL
  6
DASHDOT
100
AcDbCircle
 10
9446.788751066479
 20
62565.24904927572
 30
0.0
 40
1.25
100
AcDbArc
 50
0.0
 51
90.0
1001
ACDBBLOCKREPETAG
1070
     1
1071
      312
1005
1D1
  0
ARC
  5
1D2
330
95
100
AcDbEntity
  8
ART_DUBEL
  6
DASHDOT
100
AcDbCircle
 10
9448.038751066478
 20
62557.12404927572
 30
0.0
 40
1.25
100
AcDbArc
 50
270.0
 51
0.0
1001
ACDBBLOCKREPETAG
1070
     1
1071
      313
1005
1D2
  0
LINE
  5
1D3
330
95
100
AcDbEntity
  8
ART_DUBEL
  6
DASHDOT
100
AcDbLine
 10
9439.913751066479
 20
62644.62404927572
 30
0.0
 11
9439.913751066479
 21
62650.87404927572
 31
0.0
1001
ACDBBLOCKREPETAG
1070
     1
1071
      314
1005
1D3
  0
LINE
  5
1D4
330
95
100
AcDbEntity
  8
ART_DUBEL
  6
DASHDOT
100
AcDbLine
 10
9439.892533580644
 20
62585.72621450108
 30
0.0
 11
9439.892533580644
 21
62585.72621450108
 31
0.0
1001
ACDBBLOCKREPETAG
1070
     1
1071
      315
1005
1D4
  0
ARC
  5
1D5
330
95
100
AcDbEntity
  8
ART_DUBEL
  6
DASHDOT
100
AcDbCircle
 10
9438.038751066478
 20
62562.12404927572
 30
0.0
 40
1.25
100
AcDbArc
 50
180.0
 51
270.0
1001
ACDBBLOCKREPETAG
1070
     1
1071
      316
1005
1D5
  0
LINE
  5
1D6
330
95
100
AcDbEntity
  8
ART_DUBEL
  6
DASHDOT
100
AcDbLine
 10
9439.288751066479
 20
62560.87404927572
 30
0.0
 11
9438.038751066478
 21
62560.87404927572
 31
0.0
1001
ACDBBLOCKREPETAG
1070
     1
1071
      317
1005
1D6
  0
ARC
  5
1D7
330
95
100
AcDbEntity
  8
ART_DUBEL
  6
DASHDOT
100
AcDbCircle
 10
9440.53875106648
 20
62557.12404927572
 30
0.0
 40
1.25
100
AcDbArc
 50
180.0
 51
270.0
1001
ACDBBLOCKREPETAG
1070
     1
1071
      318
1005
1D7
  0
LINE
  5
1D8
330
95
100
AcDbEntity
  8
ART_DUBEL
  6
DASHDOT
100
AcDbLine
 10
9440.53875106648
 20
62562.12404927572
 30
0.0
 11
9440.53875106648
 21
62565.24904927572
 31
0.0
1001
ACDBBLOCKREPETAG
1070
     1
1071
      319
1005
1D8
  0
LINE
  5
1D9
330
95
100
AcDbEntity
  8
ART_DUBEL
  6
DASHDOT
100
AcDbLine
 10
9436.788751066478
 20
62562.12404927572
 30
0.0
 11
9436.788751066478
 21
62565.24904927572
 31
0.0
1001
ACDBBLOCKREPETAG
1070
     1
1071
      320
1005
1D9
  0
LINE
  5
1DA
330
95
100
AcDbEntity
  8
ART_DUBEL
  6
DASHDOT
100
AcDbLine
 10
9439.288751066479
 20
62566.49904927572
 30
0.0
 11
9438.038751066478
 21
62566.49904927572
 31
0.0
1001
ACDBBLOCKREPETAG
1070
     1
1071
      321
1005
1DA
  0
ARC
  5
1DB
330
95
100
AcDbEntity
  8
ART_DUBEL
  6
DASHDOT
100
AcDbCircle
 10
9438.038751066478
 20
62565.24904927572
 30
0.0
 40
1.25
100
AcDbArc
 50
90.0
 51
180.0
1001
ACDBBLOCKREPETAG
1070
     1
1071
      322
1005
1DB
  0
LINE
  5
1DC
330
95
100
AcDbEntity
  8
ART_DUBEL
  6
DASHDOT
100
AcDbLine
 10
9435.538751066479
 20
62567.12404927572
 30
0.0
 11
9435.538751066479
 21
62568.37404927572
 31
0.0
1001
ACDBBLOCKREPETAG
1070
     1
1071
      323
1005
1DC
  0
LINE
  5
1DD
330
95
100
AcDbEntity
  8
ART_DUBEL
  6
DASHDOT
100
AcDbLine
 10
9443.887994230539
 20
62656.7215427653
 30
0.0
 11
9444.286146899822
 21
62656.38446594237
 31
0.0
1001
ACDBBLOCKREPETAG
1070
     1
1071
      324
1005
1DD
  0
LINE
  5
1DE
330
95
100
AcDbEntity
  8
ART_DUBEL
  6
DASHDOT
100
AcDbLine
 10
9442.181761100064
 20
62656.60007397888
 30
0.0
 11
9442.228631414726
 21
62656.55232694934
 31
0.0
1001
ACDBBLOCKREPETAG
1070
     1
1071
      325
1005
1DE
  0
SOLID
  5
1DF
330
95
100
AcDbEntity
  8
ART_DUBEL
  6
DASHDOT
100
AcDbTrace
 10
9444.22975762499
 20
62686.98986757094
 30
0.0
 11
9444.462088314836
 21
62686.75084129273
 31
0.0
 12
9443.628844135316
 22
62686.17336236232
 32
0.0
 13
9443.628844135316
 23
62686.17336236232
 33
0.0
1001
ACDBBLOCKREPETAG
1070
     1
1071
      326
1005
1DF
  0
ENDBLK
  5
1E0
330
95
100
AcDbEntity
  8
0
 48
10.0
100
AcDbBlockEnd
  0
BLOCK
  5
80
330
74
100
AcDbEntity
  8
0
100
AcDbBlockBegin
  2
yatay ankraj
 70
     0
 10
0.0
 20
0.0
 30
0.0
  3
yatay ankraj
  1

  0
LWPOLYLINE
  5
81
330
74
100
AcDbEntity
  8
ART_ANKRAJ
 48
10.0
100
AcDbPolyline
 90
        5
 70
     0
 43
0.0
 10
18498.19653487254
 20
1600.960417593691
 10
18598.19653487278
 20
1600.960417593807
 10
18598.19653487289
 20
1500.960417593691
 10
18498.19653487266
 20
1500.960417593575
 10
18498.19653487254
 20
1600.960417593691
1001
ACDBBLOCKREPETAG
1070
     1
1071
        0
1005
81
  0
LINE
  5
85
330
74
100
AcDbEntity
  8
ART_ANKRAJ
 48
10.0
100
AcDbLine
 10
18503.19653487266
 20
1500.960417593575
 30
0.0000000000018048
 11
18503.19653487254
 21
1600.960417593691
 31
0.0000000000018048
1001
ACDBBLOCKREPETAG
1070
     1
1071
        1
1005
85
  0
LWPOLYLINE
  5
86
330
74
100
AcDbEntity
  8
ART_ANKRAJ
 48
10.0
100
AcDbPolyline
 90
        8
 70
     1
 43
0.0
 10
18541.69653487281
 20
1573.960417593805
 10
18580.69653487281
 20
1573.960417593805
 42
-0.4142135623730951
 10
18586.19653487281
 20
1568.460417593805
 10
18586.19653487281
 20
1568.460417593805
 42
-0.4142135623730951
 10
18580.69653487281
 20
1562.960417593805
 10
18541.69653487281
 20
1562.960417593805
 42
-0.4142135623730951
 10
18536.19653487281
 20
1568.460417593805
 10
18536.19653487281
 20
1568.460417593805
 42
-0.4142135623730951
1001
ACDBBLOCKREPETAG
1070
     1
1071
        2
1005
86
  0
LINE
  5
87
330
74
100
AcDbEntity
  8
ART_AKS
 48
5.0
100
AcDbLine
 10
18561.19653487281
 20
1554.473822218924
 30
0.0
 11
18561.19653487281
 21
1582.447012968803
 31
0.0
1001
ACDBBLOCKREPETAG
1070
     1
1071
        3
1005
87
  0
LINE
  5
8B
330
74
100
AcDbEntity
  8
ART_AKS
 48
5.0
100
AcDbLine
 10
18530.39501866052
 20
1568.460417593805
 30
0.0
 11
18590.40428459685
 21
1568.460417593805
 31
0.0
1001
ACDBBLOCKREPETAG
1070
     1
1071
        4
1005
8B
  0
CIRCLE
  5
8C
330
74
100
AcDbEntity
  8
ART_ANKRAJ
 48
10.0
100
AcDbCircle
 10
18582.68521087141
 20
1523.460417593646
 30
0.0
 40
3.0
1001
ACDBBLOCKREPETAG
1070
     1
1071
        5
1005
8C
  0
LINE
  5
8D
330
74
100
AcDbEntity
  8
ÇELİK
  6
HIDDEN
 48
10.0
100
AcDbLine
 10
18503.19653487258
 20
1569.460417593773
 30
0.0000000000018048
 11
18498.19653487258
 21
1569.460417593773
 31
0.0000000000018048
1001
ACDBBLOCKREPETAG
1070
     1
1071
        6
1005
8D
  0
LINE
  5
90
330
74
100
AcDbEntity
  8
ÇELİK
  6
HIDDEN
 48
10.0
100
AcDbLine
 10
18503.19653487258
 20
1582.460417593773
 30
0.0000000000018048
 11
18498.19653487258
 21
1582.460417593773
 31
0.0000000000018048
1001
ACDBBLOCKREPETAG
1070
     1
1071
        7
1005
90
  0
LINE
  5
91
330
74
100
AcDbEntity
  8
ÇELİK
  6
HIDDEN
 48
10.0
100
AcDbLine
 10
18503.19653487264
 20
1519.46041759364
 30
0.0000000000018048
 11
18498.19653487264
 21
1519.46041759364
 31
0.0000000000018048
1001
ACDBBLOCKREPETAG
1070
     1
1071
        8
1005
91
  0
LINE
  5
92
330
74
100
AcDbEntity
  8
ÇELİK
  6
HIDDEN
 48
10.0
100
AcDbLine
 10
18503.19653487264
 20
1532.46041759364
 30
0.0000000000018048
 11
18498.19653487264
 21
1532.46041759364
 31
0.0000000000018048
1001
ACDBBLOCKREPETAG
1070
     1
1071
        9
1005
92
  0
INSERT
  5
93
330
74
100
AcDbEntity
  8
ART_AKSESUAR
100
AcDbBlockReference
  2
120'lik_Dubel
 10
-81071.57058414834
 20
10970.24916866012
 30
-0.0000000000018048
 43
-1.0
 50
270.0
210
0.0
220
0.0
230
-1.0
1001
ACDBBLOCKREPETAG
1070
     1
1071
       10
1005
93
  0
INSERT
  5
1E2
330
74
100
AcDbEntity
  8
ART_AKSESUAR
100
AcDbBlockReference
  2
120'lik_Dubel
 10
-81071.57058414829
 20
-7868.328333472715
 30
-0.0000000000018048
 41
-1.0
 43
-1.0
 50
270.0
210
0.0
220
0.0
230
-1.0
1001
ACDBBLOCKREPETAG
1070
     1
1071
       11
1005
1E2
  0
LWPOLYLINE
  5
1E3
330
74
100
AcDbEntity
  8
Vida-Aksesuar
100
AcDbPolyline
 90
        6
 70
     1
 43
0.0
 10
18552.69653487281
 20
1563.552940305676
 10
18552.69653487281
 20
1573.367894881904
 10
18561.19653487281
 20
1578.275372170033
 10
18569.69653487281
 20
1573.367894881905
 10
18569.69653487281
 20
1563.552940305677
 10
18561.19653487281
 20
1558.645463017577
1001
ACDBBLOCKREPETAG
1070
     1
1071
       12
1005
1E3
  0
LINE
  5
1E6
330
74
100
AcDbEntity
  8
Vida-Aksesuar
100
AcDbLine
 10
18561.19653487281
 20
1571.760417593793
 30
0.0
 11
18561.19653487281
 21
1565.460417593805
 31
0.0
1001
ACDBBLOCKREPETAG
1070
     1
1071
       13
1005
1E6
  0
LINE
  5
1E7
330
74
100
AcDbEntity
  8
Vida-Aksesuar
100
AcDbLine
 10
18557.4965348728
 20
1568.460417593805
 30
0.0
 11
18564.59653487283
 21
1568.460417593805
 31
0.0
1001
ACDBBLOCKREPETAG
1070
     1
1071
       14
1005
1E7
  0
CIRCLE
  5
1E8
330
74
100
AcDbEntity
  8
Vida-Aksesuar
100
AcDbCircle
 10
18561.19653487281
 20
1568.460417593805
 30
-0.0000000000000017
 40
8.5
1001
ACDBBLOCKREPETAG
1070
     1
1071
       15
1005
1E8
  0
ARC
  5
1E9
330
74
100
AcDbEntity
  8
Vida-Aksesuar
100
AcDbCircle
 10
18561.19653487281
 20
1568.460417593805
 30
-0.0000000000000017
 40
5.0
100
AcDbArc
 50
150.0000000000418
 51
59.99999999978289
1001
ACDBBLOCKREPETAG
1070
     1
1071
       16
1005
1E9
  0
CIRCLE
  5
1EA
330
74
100
AcDbEntity
  8
Vida-Aksesuar
100
AcDbCircle
 10
18561.19653487281
 20
1568.460417593805
 30
-0.0000000000000017
 40
4.5
1001
ACDBBLOCKREPETAG
1070
     1
1071
       17
1005
1EA
  0
ENDBLK
  5
1EB
330
74
100
AcDbEntity
  8
0
100
AcDbBlockEnd
  0
BLOCK
  5
1FC
330
1F1
100
AcDbEntity
  8
0
100
AcDbBlockBegin
  2
düşey ankraj
 70
     0
 10
0.0
 20
0.0
 30
0.0
  3
düşey ankraj
  1

  0
LWPOLYLINE
  5
1FD
330
1F1
100
AcDbEntity
  8
ART_ANKRAJ
 48
10.0
100
AcDbPolyline
 90
        5
 70
     0
 43
0.0
 10
18686.93781286762
 20
1600.960417593574
 10
18786.9264888665
 20
1600.960417593574
 10
18786.9264888665
 20
1500.960417593575
 10
18686.93781286762
 20
1500.960417593575
 10
18686.93781286762
 20
1600.960417593574
1001
ACDBBLOCKREPETAG
1070
     1
1071
        0
1005
1FD
  0
LINE
  5
1FE
330
1F1
100
AcDbEntity
  8
ART_ANKRAJ
 48
10.0
100
AcDbLine
 10
18691.93781286762
 20
1500.960417593575
 30
0.0000000000018048
 11
18691.93781286762
 21
1600.960417593574
 31
0.0000000000018048
1001
ACDBBLOCKREPETAG
1070
     1
1071
        1
1005
1FE
  0
LWPOLYLINE
  5
1FF
330
1F1
100
AcDbEntity
  8
ART_ANKRAJ
 48
10.0
100
AcDbPolyline
 90
        8
 70
     1
 43
0.0
 10
18774.92648886591
 20
1570.460417593691
 10
18774.92648886591
 20
1531.460417593691
 42
-0.4142135623730951
 10
18769.42648886591
 20
1525.960417593691
 10
18769.42648886591
 20
1525.960417593691
 42
-0.4142135623730951
 10
18763.92648886591
 20
1531.460417593691
 10
18763.92648886591
 20
1570.460417593691
 42
-0.4142135623730951
 10
18769.42648886591
 20
1575.960417593691
 10
18769.42648886591
 20
1575.960417593691
 42
-0.4142135623730951
1001
ACDBBLOCKREPETAG
1070
     1
1071
        2
1005
1FF
  0
LINE
  5
200
330
1F1
100
AcDbEntity
  8
ART_AKS
 48
5.0
100
AcDbLine
 10
18755.43989349103
 20
1550.960417593691
 30
0.0
 11
18783.4130842409
 21
1550.960417593691
 31
0.0
1001
ACDBBLOCKREPETAG
1070
     1
1071
        3
1005
200
  0
LINE
  5
201
330
1F1
100
AcDbEntity
  8
ART_AKS
 48
5.0
100
AcDbLine
 10
18769.42648886591
 20
1581.761933805981
 30
0.0
 11
18769.42648886591
 21
1521.752667869652
 31
0.0
1001
ACDBBLOCKREPETAG
1070
     1
1071
        4
1005
201
  0
CIRCLE
  5
202
330
1F1
100
AcDbEntity
  8
ART_ANKRAJ
 48
10.0
100
AcDbCircle
 10
18769.41516486502
 20
1513.503416038948
 30
0.0
 40
3.0
1001
ACDBBLOCKREPETAG
1070
     1
1071
        5
1005
202
  0
LINE
  5
203
330
1F1
100
AcDbEntity
  8
ÇELİK
  6
HIDDEN
 48
10.0
100
AcDbLine
 10
18691.93781286762
 20
1569.460417593594
 30
0.0000000000018048
 11
18686.93781286762
 21
1569.460417593594
 31
0.0000000000018048
1001
ACDBBLOCKREPETAG
1070
     1
1071
        6
1005
203
  0
LINE
  5
204
330
1F1
100
AcDbEntity
  8
ÇELİK
  6
HIDDEN
 48
10.0
100
AcDbLine
 10
18691.93781286762
 20
1582.460417593594
 30
0.0000000000018048
 11
18686.93781286762
 21
1582.460417593594
 31
0.0000000000018048
1001
ACDBBLOCKREPETAG
1070
     1
1071
        7
1005
204
  0
LINE
  5
205
330
1F1
100
AcDbEntity
  8
ÇELİK
  6
HIDDEN
 48
10.0
100
AcDbLine
 10
18691.93781286762
 20
1519.460417593575
 30
0.0000000000018048
 11
18686.93781286762
 21
1519.460417593575
 31
0.0000000000018048
1001
ACDBBLOCKREPETAG
1070
     1
1071
        8
1005
205
  0
LINE
  5
206
330
1F1
100
AcDbEntity
  8
ÇELİK
  6
HIDDEN
 48
10.0
100
AcDbLine
 10
18691.93781286762
 20
1532.460417593575
 30
0.0000000000018048
 11
18686.93781286762
 21
1532.460417593575
 31
0.0000000000018048
1001
ACDBBLOCKREPETAG
1070
     1
1071
        9
1005
206
  0
INSERT
  5
207
330
1F1
100
AcDbEntity
  8
ART_DUBEL
100
AcDbBlockReference
  2
120'lik_Dubel
 10
-81260.31186214332
 20
10970.24916866006
 30
-0.0000000000018048
 43
-1.0
 50
270.0
210
0.0
220
0.0
230
-1.0
1001
ACDBBLOCKREPETAG
1070
     1
1071
       10
1005
207
  0
INSERT
  5
208
330
1F1
100
AcDbEntity
  8
ART_DUBEL
100
AcDbBlockReference
  2
120'lik_Dubel
 10
-81260.31186214332
 20
-7868.328333472892
 30
-0.0000000000018048
 41
-1.0
 43
-1.0
 50
270.0
210
0.0
220
0.0
230
-1.0
1001
ACDBBLOCKREPETAG
1070
     1
1071
       11
1005
208
  0
LWPOLYLINE
  5
209
330
1F1
100
AcDbEntity
  8
Vida-Aksesuar
100
AcDbPolyline
 90
        6
 70
     1
 43
0.0
 10
18760.92648886597
 20
1546.052940305562
 10
18760.92648886597
 20
1555.86789488179
 10
18769.42648886597
 20
1560.775372169919
 10
18777.92648886597
 20
1555.867894881791
 10
18777.92648886597
 20
1546.052940305563
 10
18769.42648886597
 20
1541.145463017463
1001
ACDBBLOCKREPETAG
1070
     1
1071
       12
1005
209
  0
LINE
  5
20A
330
1F1
100
AcDbEntity
  8
Vida-Aksesuar
100
AcDbLine
 10
18769.42648886597
 20
1554.260417593679
 30
0.0000000000000017
 11
18769.42648886597
 21
1547.960417593691
 31
0.0000000000000017
1001
ACDBBLOCKREPETAG
1070
     1
1071
       13
1005
20A
  0
LINE
  5
20B
330
1F1
100
AcDbEntity
  8
Vida-Aksesuar
100
AcDbLine
 10
18765.72648886596
 20
1550.960417593691
 30
0.0000000000000017
 11
18772.826488866
 21
1550.960417593691
 31
0.0000000000000017
1001
ACDBBLOCKREPETAG
1070
     1
1071
       14
1005
20B
  0
CIRCLE
  5
20C
330
1F1
100
AcDbEntity
  8
Vida-Aksesuar
100
AcDbCircle
 10
18769.42648886597
 20
1550.960417593691
 30
0.0
 40
8.5
1001
ACDBBLOCKREPETAG
1070
     1
1071
       15
1005
20C
  0
ARC
  5
20D
330
1F1
100
AcDbEntity
  8
Vida-Aksesuar
100
AcDbCircle
 10
18769.42648886597
 20
1550.960417593691
 30
0.0
 40
5.0
100
AcDbArc
 50
150.0000000000418
 51
59.99999999978327
1001
ACDBBLOCKREPETAG
1070
     1
1071
       16
1005
20D
  0
CIRCLE
  5
20E
330
1F1
100
AcDbEntity
  8
Vida-Aksesuar
100
AcDbCircle
 10
18769.42648886597
 20
1550.960417593691
 30
0.0
 40
4.5
1001
ACDBBLOCKREPETAG
1070
     1
1071
       17
1005
20E
  0
ENDBLK
  5
20F
330
1F1
100
AcDbEntity
  8
0
100
AcDbBlockEnd
  0
BLOCK
  5
23B
330
231
100
AcDbEntity
  8
0
100
AcDbBlockBegin
  2
yatay ankraj plan
 70
     0
 10
0.0
 20
0.0
 30
0.0
  3
yatay ankraj plan
  1

  0
HATCH
  5
23C
330
231
100
AcDbEntity
  8
ART_ANKRAJ
100
AcDbHatch
 10
0.0
 20
0.0
 30
0.0
210
0.0
220
0.0
230
1.0
  2
SOLID
 70
     1
 71
     0
 91
        1
 92
        7
 72
     1
 73
     1
 93
        3
 10
17897.68713363167
 20
1332.608142080287
 42
0.0
 10
17897.68713363167
 20
1333.829710455298
 42
0.0
 10
17896.24487582687
 20
1333.829710455298
 42
-0.2672209219631376
 97
        0
 75
     0
 76
     1
 47
0.0339865135127925
 98
        1
 10
17897.60011197207
 20
1333.452751973214
450
        0
451
        0
460
0.0
461
0.0
452
        1
462
1.0
453
        2
463
0.0
 63
     5
421
      255
463
1.0
 63
     7
421
 16777215
470
LINEAR
1001
ACAD
1010
0.0
1020
0.0
1030
0.0
1001
ACDBBLOCKREPETAG
1070
     1
1071
        0
1005
23C
  0
LINE
  5
23D
330
231
100
AcDbEntity
  8
ART_ANKRAJ
100
AcDbLine
 10
17897.68713363155
 20
1243.829710454716
 30
0.0
 11
17897.68713363167
 21
1338.829710454833
 31
0.0
1001
ACDBBLOCKREPETAG
1070
     1
1071
        1
1005
23D
  0
ARC
  5
23E
330
231
100
AcDbEntity
  8
ART_ANKRAJ
100
AcDbCircle
 10
17902.68713363167
 20
1338.829710454833
 30
0.0
 40
5.0
100
AcDbArc
 50
90.0
 51
180.0
1001
ACDBBLOCKREPETAG
1070
     1
1071
        2
1005
23E
  0
LINE
  5
23F
330
231
100
AcDbEntity
  8
ART_ANKRAJ
100
AcDbLine
 10
17902.68713363155
 20
1243.829710454716
 30
0.0
 11
17902.68713363167
 21
1337.829710454833
 31
0.0
1001
ACDBBLOCKREPETAG
1070
     1
1071
        3
1005
23F
  0
ARC
  5
240
330
231
100
AcDbEntity
  8
ART_ANKRAJ
100
AcDbCircle
 10
17903.68713363167
 20
1337.829710454833
 30
0.0
 40
1.0
100
AcDbArc
 50
90.0
 51
180.0
1001
ACDBBLOCKREPETAG
1070
     1
1071
        4
1005
240
  0
LINE
  5
241
330
231
100
AcDbEntity
  8
ART_ANKRAJ
100
AcDbLine
 10
17902.68713363167
 20
1343.829710454833
 30
0.0
 11
17962.68713363178
 21
1343.829710454833
 31
0.0
1001
ACDBBLOCKREPETAG
1070
     1
1071
        5
1005
241
  0
LINE
  5
242
330
231
100
AcDbEntity
  8
ART_ANKRAJ
100
AcDbLine
 10
17903.68713363167
 20
1338.829710454833
 30
0.0
 11
17962.68713363178
 21
1338.829710454833
 31
0.0
1001
ACDBBLOCKREPETAG
1070
     1
1071
        6
1005
242
  0
LINE
  5
243
330
231
100
AcDbEntity
  8
ART_ANKRAJ
100
AcDbLine
 10
17962.6871336319
 20
1338.829710454833
 30
0.0
 11
17962.6871336319
 21
1343.829710454833
 31
0.0
1001
ACDBBLOCKREPETAG
1070
     1
1071
        7
1005
243
  0
LINE
  5
244
330
231
100
AcDbEntity
  8
ART_ANKRAJ
100
AcDbLine
 10
17902.68713363167
 20
1243.829710454716
 30
0.0
 11
17897.68713363167
 21
1243.829710454716
 31
0.0
1001
ACDBBLOCKREPETAG
1070
     1
1071
        8
1005
244
  0
LINE
  5
245
330
231
100
AcDbEntity
  8
ART_ANKRAJ
  6
HIDDEN2
 62
     0
 48
5.0
370
     5
100
AcDbLine
 10
17902.68713363167
 20
1305.829710455066
 30
0.0
 11
17897.68713363167
 21
1305.829710455066
 31
0.0
1001
ACDBBLOCKREPETAG
1070
     1
1071
        9
1005
245
  0
LINE
  5
247
330
231
100
AcDbEntity
  8
ART_ANKRAJ
  6
HIDDEN2
 62
     0
 48
5.0
370
     5
100
AcDbLine
 10
17902.68713363167
 20
1255.829710455182
 30
0.0
 11
17897.68713363155
 21
1255.829710455182
 31
0.0
1001
ACDBBLOCKREPETAG
1070
     1
1071
       10
1005
247
  0
LINE
  5
248
330
231
100
AcDbEntity
  8
ART_ANKRAJ
  6
CENTER
 62
     0
 48
5.0
370
     5
100
AcDbLine
 10
17917.83377583674
 20
1280.829710454716
 30
0.0
 11
17887.17112482153
 21
1280.829710454716
 31
0.0
1001
ACDBBLOCKREPETAG
1070
     1
1071
       11
1005
248
  0
LINE
  5
24A
330
231
100
AcDbEntity
  8
ART_ANKRAJ
  6
CENTER
 62
     0
 48
5.0
370
     5
100
AcDbLine
 10
17932.6871336333
 20
1327.175152719639
 30
0.0
 11
17932.6871336333
 21
1352.501679045883
 31
0.0
1001
ACDBBLOCKREPETAG
1070
     1
1071
       12
1005
24A
  0
LINE
  5
24B
330
231
100
AcDbEntity
  8
ART_ANKRAJ
  6
HIDDEN2
 62
     0
 48
5.0
370
     5
100
AcDbLine
 10
17950.1871336333
 20
1338.829710454833
 30
0.0
 11
17950.1871336333
 21
1343.829710454833
 31
0.0
1001
ACDBBLOCKREPETAG
1070
     1
1071
       13
1005
24B
  0
LINE
  5
24C
330
231
100
AcDbEntity
  8
ART_ANKRAJ
  6
HIDDEN2
 62
     0
 48
5.0
370
     5
100
AcDbLine
 10
17915.18713363248
 20
1338.829710454833
 30
0.0
 11
17915.1871336326
 21
1343.829710454833
 31
0.0
1001
ACDBBLOCKREPETAG
1070
     1
1071
       14
1005
24C
  0
LINE
  5
24D
330
231
100
AcDbEntity
  8
ART_ANKRAJ
100
AcDbLine
 10
17845.6871336326
 20
1243.8297104546
 30
0.0
 11
17845.6871336319
 21
1338.829710454716
 31
0.0
1001
ACDBBLOCKREPETAG
1070
     1
1071
       15
1005
24D
  0
ARC
  5
24E
330
231
100
AcDbEntity
  8
ART_ANKRAJ
100
AcDbCircle
 10
17840.6871336319
 20
1338.829710454716
 30
0.0
 40
5.0
100
AcDbArc
 50
0.0
 51
90.0
1001
ACDBBLOCKREPETAG
1070
     1
1071
       16
1005
24E
  0
LINE
  5
24F
330
231
100
AcDbEntity
  8
ART_ANKRAJ
100
AcDbLine
 10
17840.6871336326
 20
1243.8297104546
 30
0.0
 11
17840.6871336319
 21
1337.829710454716
 31
0.0
1001
ACDBBLOCKREPETAG
1070
     1
1071
       17
1005
24F
  0
ARC
  5
250
330
231
100
AcDbEntity
  8
ART_ANKRAJ
100
AcDbCircle
 10
17839.6871336319
 20
1337.829710454716
 30
0.0
 40
1.0
100
AcDbArc
 50
0.0
 51
90.0
1001
ACDBBLOCKREPETAG
1070
     1
1071
       18
1005
250
  0
LINE
  5
251
330
231
100
AcDbEntity
  8
ART_ANKRAJ
100
AcDbLine
 10
17840.6871336319
 20
1343.829710454716
 30
0.0
 11
17780.68713363178
 21
1343.829710454483
 31
0.0
1001
ACDBBLOCKREPETAG
1070
     1
1071
       19
1005
251
  0
LINE
  5
252
330
231
100
AcDbEntity
  8
ART_ANKRAJ
100
AcDbLine
 10
17839.6871336319
 20
1338.829710454716
 30
0.0
 11
17780.68713363178
 21
1338.829710454483
 31
0.0
1001
ACDBBLOCKREPETAG
1070
     1
1071
       20
1005
252
  0
LINE
  5
253
330
231
100
AcDbEntity
  8
ART_ANKRAJ
100
AcDbLine
 10
17780.68713363167
 20
1338.829710454483
 30
0.0
 11
17780.68713363167
 21
1343.829710454483
 31
0.0
1001
ACDBBLOCKREPETAG
1070
     1
1071
       21
1005
253
  0
LINE
  5
254
330
231
100
AcDbEntity
  8
ART_ANKRAJ
100
AcDbLine
 10
17840.68713363248
 20
1243.8297104546
 30
0.0
 11
17845.68713363248
 21
1243.8297104546
 31
0.0
1001
ACDBBLOCKREPETAG
1070
     1
1071
       22
1005
254
  0
LINE
  5
255
330
231
100
AcDbEntity
  8
ART_ANKRAJ
  6
HIDDEN2
 62
     0
 48
5.0
370
     5
100
AcDbLine
 10
17840.68713363225
 20
1305.829710454949
 30
0.0
 11
17845.68713363225
 21
1305.829710454949
 31
0.0
1001
ACDBBLOCKREPETAG
1070
     1
1071
       23
1005
255
  0
LINE
  5
256
330
231
100
AcDbEntity
  8
ART_ANKRAJ
  6
HIDDEN2
 62
     0
 48
5.0
370
     5
100
AcDbLine
 10
17840.68713363248
 20
1255.829710455065
 30
0.0
 11
17845.6871336326
 21
1255.829710455065
 31
0.0
1001
ACDBBLOCKREPETAG
1070
     1
1071
       24
1005
256
  0
LINE
  5
257
330
231
100
AcDbEntity
  8
ART_ANKRAJ
  6
CENTER
 62
     0
 48
5.0
370
     5
100
AcDbLine
 10
17825.54049142753
 20
1280.829710454483
 30
0.0
 11
17856.20314244274
 21
1280.8297104546
 31
0.0
1001
ACDBBLOCKREPETAG
1070
     1
1071
       25
1005
257
  0
LINE
  5
258
330
231
100
AcDbEntity
  8
ART_ANKRAJ
  6
CENTER
 62
     0
 48
5.0
370
     5
100
AcDbLine
 10
17810.68713363027
 20
1324.030236419559
 30
0.0
 11
17810.68713363015
 21
1352.50167904565
 31
0.0
1001
ACDBBLOCKREPETAG
1070
     1
1071
       26
1005
258
  0
LINE
  5
259
330
231
100
AcDbEntity
  8
ART_ANKRAJ
  6
HIDDEN2
 62
     0
 48
5.0
370
     5
100
AcDbLine
 10
17793.18713363027
 20
1338.829710454483
 30
0.0
 11
17793.18713363027
 21
1343.829710454483
 31
0.0
1001
ACDBBLOCKREPETAG
1070
     1
1071
       27
1005
259
  0
LINE
  5
25A
330
231
100
AcDbEntity
  8
ART_ANKRAJ
  6
HIDDEN2
 62
     0
 48
5.0
370
     5
100
AcDbLine
 10
17828.18713363108
 20
1338.8297104546
 30
0.0
 11
17828.18713363097
 21
1343.8297104546
 31
0.0
1001
ACDBBLOCKREPETAG
1070
     1
1071
       28
1005
25A
  0
LWPOLYLINE
  5
25B
330
231
100
AcDbEntity
  8
ART_ANKRAJ
100
AcDbPolyline
 90
        4
 70
     1
 43
0.0
 10
17897.68713363167
 20
1333.829710455298
 10
17845.68713363213
 20
1333.829710454949
 10
17845.68713363225
 20
1338.829710454949
 10
17897.68713363178
 20
1338.829710454833
1001
ACDBBLOCKREPETAG
1070
     1
1071
       29
1005
25B
  0
ARC
  5
25C
330
231
100
AcDbEntity
  8
ART_ANKRAJ
100
AcDbCircle
 10
17895.90476688917
 20
1331.965964428768
 30
0.0
 40
1.894524568569431
100
AcDbArc
 50
19.81383303801179
 51
79.65807807856904
1001
ACDBBLOCKREPETAG
1070
     1
1071
       30
1005
25C
  0
HATCH
  5
25D
330
231
100
AcDbEntity
  8
ART_ANKRAJ
100
AcDbHatch
 10
0.0
 20
0.0
 30
0.0
210
0.0
220
0.0
230
1.0
  2
SOLID
 70
     1
 71
     0
 91
        1
 92
        7
 72
     1
 73
     1
 93
        3
 10
17845.68713363237
 20
1332.608142079356
 42
0.0
 10
17845.68713363237
 20
1333.829710454367
 42
0.0
 10
17847.12939143716
 20
1333.829710454367
 42
0.2672209219631376
 97
        0
 75
     0
 76
     1
 47
0.0339865135127925
 98
        1
 10
17845.77415529196
 20
1333.452751972283
450
        0
451
        0
460
0.0
461
0.0
452
        1
462
1.0
453
        2
463
0.0
 63
     5
421
      255
463
1.0
 63
     7
421
 16777215
470
LINEAR
1001
ACAD
1010
0.0
1020
0.0
1030
0.0
1001
ACDBBLOCKREPETAG
1070
     1
1071
       31
1005
25D
  0
ARC
  5
25E
330
231
100
AcDbEntity
  8
ART_ANKRAJ
100
AcDbCircle
 10
17847.46950037486
 20
1331.965964427836
 30
0.0
 40
1.894524568569431
100
AcDbArc
 50
100.3419219146493
 51
160.1861669619882
1001
ACDBBLOCKREPETAG
1070
     1
1071
       32
1005
25E
  0
HATCH
  5
25F
330
231
100
AcDbEntity
  8
ART_ANKRAJ
100
AcDbHatch
 10
0.0
 20
0.0
 30
0.0
210
0.0
220
0.0
230
1.0
  2
SOLID
 70
     1
 71
     0
 91
        1
 92
        7
 72
     1
 73
     1
 93
        3
 10
17897.68713363167
 20
1340.051278829727
 42
0.0
 10
17897.68713363167
 20
1338.829710454716
 42
0.0
 10
17896.24487582687
 20
1338.829710454716
 42
0.2672209219631376
 97
        0
 75
     0
 76
     1
 47
0.0339865135127925
 98
        1
 10
17897.60011197207
 20
1339.2066689368
450
        0
451
        0
460
0.0
461
0.0
452
        1
462
1.0
453
        2
463
0.0
 63
     5
421
      255
463
1.0
 63
     7
421
 16777215
470
LINEAR
1001
ACAD
1010
0.0
1020
0.0
1030
0.0
1001
ACDBBLOCKREPETAG
1070
     1
1071
       33
1005
25F
  0
ARC
  5
260
330
231
100
AcDbEntity
  8
ART_ANKRAJ
100
AcDbCircle
 10
17895.90476688917
 20
1340.693456481247
 30
0.0
 40
1.894524568569431
100
AcDbArc
 50
280.3419219214309
 51
340.1861669619882
1001
ACDBBLOCKREPETAG
1070
     1
1071
       34
1005
260
  0
HATCH
  5
261
330
231
100
AcDbEntity
  8
ART_ANKRAJ
100
AcDbHatch
 10
0.0
 20
0.0
 30
0.0
210
0.0
220
0.0
230
1.0
  2
SOLID
 70
     1
 71
     0
 91
        1
 92
        7
 72
     1
 73
     1
 93
        3
 10
17845.68713363237
 20
1340.051278830659
 42
0.0
 10
17845.68713363237
 20
1338.829710455647
 42
0.0
 10
17847.12939143716
 20
1338.829710455647
 42
-0.2672209219631376
 97
        0
 75
     0
 76
     1
 47
0.0339865135127925
 98
        1
 10
17845.77415529196
 20
1339.206668937731
450
        0
451
        0
460
0.0
461
0.0
452
        1
462
1.0
453
        2
463
0.0
 63
     5
421
      255
463
1.0
 63
     7
421
 16777215
470
LINEAR
1001
ACAD
1010
0.0
1020
0.0
1030
0.0
1001
ACDBBLOCKREPETAG
1070
     1
1071
       35
1005
261
  0
ARC
  5
262
330
231
100
AcDbEntity
  8
ART_ANKRAJ
100
AcDbCircle
 10
17847.46950037486
 20
1340.693456482178
 30
0.0
 40
1.894524568569431
100
AcDbArc
 50
199.8138330380118
 51
259.6580780853506
1001
ACDBBLOCKREPETAG
1070
     1
1071
       36
1005
262
  0
INSERT
  5
263
330
231
100
AcDbEntity
  8
ART_AKSESUAR
100
AcDbBlockReference
  2
120'lik_Dubel
 10
-27254.97588469669
 20
-61229.54433882112
 30
0.0
 43
-1.0
210
0.0
220
0.0
230
-1.0
1001
ACDBBLOCKREPETAG
1070
     1
1071
       37
1005
263
  0
INSERT
  5
264
330
231
100
AcDbEntity
  8
ART_AKSESUAR
100
AcDbBlockReference
  2
120'lik_Dubel
 10
-27376.97588469978
 20
-61229.54433882089
 30
0.0
 43
-1.0
210
0.0
220
0.0
230
-1.0
1001
ACDBBLOCKREPETAG
1070
     1
1071
       38
1005
264
  0
ENDBLK
  5
265
330
231
100
AcDbEntity
  8
0
100
AcDbBlockEnd
  0
BLOCK
  5
2A6
330
29C
100
AcDbEntity
  8
0
100
AcDbBlockBegin
  2
düşey ankraj plan
 70
     0
 10
0.0
 20
0.0
 30
0.0
  3
düşey ankraj plan
  1

  0
HATCH
  5
2A7
330
29C
100
AcDbEntity
  8
ART_ANKRAJ
100
AcDbHatch
 10
0.0
 20
0.0
 30
0.0
210
0.0
220
0.0
230
1.0
  2
SOLID
 70
     1
 71
     0
 91
        1
 92
        7
 72
     1
 73
     1
 93
        3
 10
18118.20333611709
 20
1327.608142080287
 42
0.0
 10
18118.20333611709
 20
1328.829710455298
 42
0.0
 10
18116.76107831229
 20
1328.829710455298
 42
-0.2672209219631376
 97
        0
 75
     0
 76
     1
 47
0.0339865135127925
 98
        1
 10
18118.11631445749
 20
1328.452751973214
450
        0
451
        0
460
0.0
461
0.0
452
        1
462
1.0
453
        2
463
0.0
 63
     5
421
      255
463
1.0
 63
     7
421
 16777215
470
LINEAR
1001
ACAD
1010
0.0
1020
0.0
1030
0.0
1001
ACDBBLOCKREPETAG
1070
     1
1071
        0
1005
2A7
  0
LINE
  5
2A8
330
29C
100
AcDbEntity
  8
ART_ANKRAJ
100
AcDbLine
 10
18118.20333611688
 20
1238.829710454713
 30
0.0
 11
18118.20333611709
 21
1333.829710454833
 31
0.0
1001
ACDBBLOCKREPETAG
1070
     1
1071
        1
1005
2A8
  0
ARC
  5
2A9
330
29C
100
AcDbEntity
  8
ART_ANKRAJ
100
AcDbCircle
 10
18123.20333611709
 20
1333.829710454833
 30
0.0
 40
5.0
100
AcDbArc
 50
90.0
 51
180.0
1001
ACDBBLOCKREPETAG
1070
     1
1071
        2
1005
2A9
  0
LINE
  5
2AA
330
29C
100
AcDbEntity
  8
ART_ANKRAJ
100
AcDbLine
 10
18123.20333611688
 20
1238.829710454713
 30
0.0
 11
18123.20333611709
 21
1332.829710454833
 31
0.0
1001
ACDBBLOCKREPETAG
1070
     1
1071
        3
1005
2AA
  0
ARC
  5
2AB
330
29C
100
AcDbEntity
  8
ART_ANKRAJ
100
AcDbCircle
 10
18124.20333611709
 20
1332.829710454833
 30
0.0
 40
1.0
100
AcDbArc
 50
90.0
 51
180.0
1001
ACDBBLOCKREPETAG
1070
     1
1071
        4
1005
2AB
  0
LINE
  5
2AC
330
29C
100
AcDbEntity
  8
ART_ANKRAJ
100
AcDbLine
 10
18123.20333611709
 20
1338.829710454833
 30
0.0
 11
18183.20333611721
 21
1338.829710454833
 31
0.0
1001
ACDBBLOCKREPETAG
1070
     1
1071
        5
1005
2AC
  0
LINE
  5
2AD
330
29C
100
AcDbEntity
  8
ART_ANKRAJ
100
AcDbLine
 10
18124.20333611709
 20
1333.829710454833
 30
0.0
 11
18183.20333611721
 21
1333.829710454833
 31
0.0
1001
ACDBBLOCKREPETAG
1070
     1
1071
        6
1005
2AD
  0
LINE
  5
2AE
330
29C
100
AcDbEntity
  8
ART_ANKRAJ
100
AcDbLine
 10
18183.20333611732
 20
1333.829710454833
 30
0.0
 11
18183.20333611732
 21
1338.829710454833
 31
0.0
1001
ACDBBLOCKREPETAG
1070
     1
1071
        7
1005
2AE
  0
LINE
  5
2AF
330
29C
100
AcDbEntity
  8
ART_ANKRAJ
100
AcDbLine
 10
18123.20333611699
 20
1238.829710454713
 30
0.0
 11
18118.20333611699
 21
1238.829710454713
 31
0.0
1001
ACDBBLOCKREPETAG
1070
     1
1071
        8
1005
2AF
  0
LINE
  5
2B0
330
29C
100
AcDbEntity
  8
ART_ANKRAJ
  6
HIDDEN2
 62
     0
 48
5.0
370
     5
100
AcDbLine
 10
18123.20333611711
 20
1261.829710455179
 30
0.0
 11
18118.20333611711
 21
1261.829710455179
 31
0.0
1001
ACDBBLOCKREPETAG
1070
     1
1071
        9
1005
2B0
  0
LINE
  5
2B1
330
29C
100
AcDbEntity
  8
ART_ANKRAJ
  6
HIDDEN2
 62
     0
 48
5.0
370
     5
100
AcDbLine
 10
18123.20333611699
 20
1250.829710455179
 30
0.0
 11
18118.20333611688
 21
1250.829710455179
 31
0.0
1001
ACDBBLOCKREPETAG
1070
     1
1071
       10
1005
2B1
  0
LINE
  5
2B2
330
29C
100
AcDbEntity
  8
ART_ANKRAJ
  6
CENTER
 62
     0
 48
5.0
370
     5
100
AcDbLine
 10
18138.34997832218
 20
1256.329710455179
 30
0.0
 11
18107.68732730697
 21
1256.329710455179
 31
0.0
1001
ACDBBLOCKREPETAG
1070
     1
1071
       11
1005
2B2
  0
LINE
  5
2B3
330
29C
100
AcDbEntity
  8
ART_ANKRAJ
  6
CENTER
 62
     0
 48
5.0
370
     5
100
AcDbLine
 10
18153.20333611871
 20
1322.175152719639
 30
0.0
 11
18153.20333611871
 21
1347.501679045883
 31
0.0
1001
ACDBBLOCKREPETAG
1070
     1
1071
       12
1005
2B3
  0
LINE
  5
2B4
330
29C
100
AcDbEntity
  8
ART_ANKRAJ
  6
HIDDEN2
 62
     0
 48
5.0
370
     5
100
AcDbLine
 10
18170.70333611872
 20
1333.829710454833
 30
0.0
 11
18170.70333611872
 21
1338.829710454833
 31
0.0
1001
ACDBBLOCKREPETAG
1070
     1
1071
       13
1005
2B4
  0
LINE
  5
2B5
330
29C
100
AcDbEntity
  8
ART_ANKRAJ
  6
HIDDEN2
 62
     0
 48
5.0
370
     5
100
AcDbLine
 10
18135.7033361179
 20
1333.829710454833
 30
0.0
 11
18135.70333611801
 21
1338.829710454833
 31
0.0
1001
ACDBBLOCKREPETAG
1070
     1
1071
       14
1005
2B5
  0
LINE
  5
2B6
330
29C
100
AcDbEntity
  8
ART_ANKRAJ
100
AcDbLine
 10
18066.20333611792
 20
1238.829710454597
 30
0.0
 11
18066.20333611732
 21
1333.829710454716
 31
0.0
1001
ACDBBLOCKREPETAG
1070
     1
1071
       15
1005
2B6
  0
ARC
  5
2B7
330
29C
100
AcDbEntity
  8
ART_ANKRAJ
100
AcDbCircle
 10
18061.20333611732
 20
1333.829710454716
 30
0.0
 40
5.0
100
AcDbArc
 50
0.0
 51
90.0
1001
ACDBBLOCKREPETAG
1070
     1
1071
       16
1005
2B7
  0
LINE
  5
2B8
330
29C
100
AcDbEntity
  8
ART_ANKRAJ
100
AcDbLine
 10
18061.20333611793
 20
1238.829710454597
 30
0.0
 11
18061.20333611732
 21
1332.829710454716
 31
0.0
1001
ACDBBLOCKREPETAG
1070
     1
1071
       17
1005
2B8
  0
ARC
  5
2B9
330
29C
100
AcDbEntity
  8
ART_ANKRAJ
100
AcDbCircle
 10
18060.20333611732
 20
1332.829710454716
 30
0.0
 40
1.0
100
AcDbArc
 50
0.0
 51
90.0
1001
ACDBBLOCKREPETAG
1070
     1
1071
       18
1005
2B9
  0
LINE
  5
2BA
330
29C
100
AcDbEntity
  8
ART_ANKRAJ
100
AcDbLine
 10
18061.20333611732
 20
1338.829710454716
 30
0.0
 11
18001.20333611721
 21
1338.829710454483
 31
0.0
1001
ACDBBLOCKREPETAG
1070
     1
1071
       19
1005
2BA
  0
LINE
  5
2BB
330
29C
100
AcDbEntity
  8
ART_ANKRAJ
100
AcDbLine
 10
18060.20333611732
 20
1333.829710454716
 30
0.0
 11
18001.20333611721
 21
1333.829710454483
 31
0.0
1001
ACDBBLOCKREPETAG
1070
     1
1071
       20
1005
2BB
  0
LINE
  5
2BC
330
29C
100
AcDbEntity
  8
ART_ANKRAJ
100
AcDbLine
 10
18001.20333611709
 20
1333.829710454483
 30
0.0
 11
18001.20333611709
 21
1338.829710454483
 31
0.0
1001
ACDBBLOCKREPETAG
1070
     1
1071
       21
1005
2BC
  0
LINE
  5
2BD
330
29C
100
AcDbEntity
  8
ART_ANKRAJ
100
AcDbLine
 10
18061.20333611781
 20
1238.829710454597
 30
0.0
 11
18066.20333611781
 21
1238.829710454597
 31
0.0
1001
ACDBBLOCKREPETAG
1070
     1
1071
       22
1005
2BD
  0
LINE
  5
2BE
330
29C
100
AcDbEntity
  8
ART_ANKRAJ
  6
HIDDEN2
 62
     0
 48
5.0
370
     5
100
AcDbLine
 10
18061.20333611769
 20
1261.829710455063
 30
0.0
 11
18066.20333611769
 21
1261.829710455063
 31
0.0
1001
ACDBBLOCKREPETAG
1070
     1
1071
       23
1005
2BE
  0
LINE
  5
2BF
330
29C
100
AcDbEntity
  8
ART_ANKRAJ
  6
HIDDEN2
 62
     0
 48
5.0
370
     5
100
AcDbLine
 10
18061.20333611781
 20
1250.829710455062
 30
0.0
 11
18066.20333611792
 21
1250.829710455062
 31
0.0
1001
ACDBBLOCKREPETAG
1070
     1
1071
       24
1005
2BF
  0
LINE
  5
2C0
330
29C
100
AcDbEntity
  8
ART_ANKRAJ
  6
CENTER
 62
     0
 48
5.0
370
     5
100
AcDbLine
 10
18046.05669391296
 20
1256.329710454946
 30
0.0
 11
18076.71934492818
 21
1256.329710455063
 31
0.0
1001
ACDBBLOCKREPETAG
1070
     1
1071
       25
1005
2C0
  0
LINE
  5
2C1
330
29C
100
AcDbEntity
  8
ART_ANKRAJ
  6
CENTER
 62
     0
 48
5.0
370
     5
100
AcDbLine
 10
18031.20333611569
 20
1319.030236419559
 30
0.0
 11
18031.20333611557
 21
1347.50167904565
 31
0.0
1001
ACDBBLOCKREPETAG
1070
     1
1071
       26
1005
2C1
  0
LINE
  5
2C2
330
29C
100
AcDbEntity
  8
ART_ANKRAJ
  6
HIDDEN2
 62
     0
 48
5.0
370
     5
100
AcDbLine
 10
18013.70333611569
 20
1333.829710454483
 30
0.0
 11
18013.70333611569
 21
1338.829710454483
 31
0.0
1001
ACDBBLOCKREPETAG
1070
     1
1071
       27
1005
2C2
  0
LINE
  5
2C3
330
29C
100
AcDbEntity
  8
ART_ANKRAJ
  6
HIDDEN2
 62
     0
 48
5.0
370
     5
100
AcDbLine
 10
18048.70333611651
 20
1333.8297104546
 30
0.0
 11
18048.70333611639
 21
1338.8297104546
 31
0.0
1001
ACDBBLOCKREPETAG
1070
     1
1071
       28
1005
2C3
  0
LWPOLYLINE
  5
2C4
330
29C
100
AcDbEntity
  8
ART_ANKRAJ
100
AcDbPolyline
 90
        4
 70
     1
 43
0.0
 10
18118.20333611709
 20
1328.829710455298
 10
18066.20333611755
 20
1328.829710454949
 10
18066.20333611767
 20
1333.829710454949
 10
18118.20333611721
 20
1333.829710454833
1001
ACDBBLOCKREPETAG
1070
     1
1071
       29
1005
2C4
  0
ARC
  5
2C5
330
29C
100
AcDbEntity
  8
ART_ANKRAJ
100
AcDbCircle
 10
18116.42096937459
 20
1326.965964428767
 30
0.0
 40
1.894524568569431
100
AcDbArc
 50
19.8138330380129
 51
79.65807807856918
1001
ACDBBLOCKREPETAG
1070
     1
1071
       30
1005
2C5
  0
HATCH
  5
2C6
330
29C
100
AcDbEntity
  8
ART_ANKRAJ
100
AcDbHatch
 10
0.0
 20
0.0
 30
0.0
210
0.0
220
0.0
230
1.0
  2
SOLID
 70
     1
 71
     0
 91
        1
 92
        7
 72
     1
 73
     1
 93
        3
 10
18066.20333611779
 20
1327.608142079356
 42
0.0
 10
18066.20333611779
 20
1328.829710454367
 42
0.0
 10
18067.64559392258
 20
1328.829710454367
 42
0.2672209219631376
 97
        0
 75
     0
 76
     1
 47
0.0339865135127925
 98
        1
 10
18066.29035777738
 20
1328.452751972283
450
        0
451
        0
460
0.0
461
0.0
452
        1
462
1.0
453
        2
463
0.0
 63
     5
421
      255
463
1.0
 63
     7
421
 16777215
470
LINEAR
1001
ACAD
1010
0.0
1020
0.0
1030
0.0
1001
ACDBBLOCKREPETAG
1070
     1
1071
       31
1005
2C6
  0
ARC
  5
2C7
330
29C
100
AcDbEntity
  8
ART_ANKRAJ
100
AcDbCircle
 10
18067.98570286028
 20
1326.965964427836
 30
0.0
 40
1.894524568569431
100
AcDbArc
 50
100.3419219146505
 51
160.1861669619871
1001
ACDBBLOCKREPETAG
1070
     1
1071
       32
1005
2C7
  0
HATCH
  5
2C8
330
29C
100
AcDbEntity
  8
ART_ANKRAJ
100
AcDbHatch
 10
0.0
 20
0.0
 30
0.0
210
0.0
220
0.0
230
1.0
  2
SOLID
 70
     1
 71
     0
 91
        1
 92
        7
 72
     1
 73
     1
 93
        3
 10
18118.20333611709
 20
1335.051278829727
 42
0.0
 10
18118.20333611709
 20
1333.829710454716
 42
0.0
 10
18116.76107831229
 20
1333.829710454716
 42
0.2672209219631376
 97
        0
 75
     0
 76
     1
 47
0.0339865135127925
 98
        1
 10
18118.11631445749
 20
1334.2066689368
450
        0
451
        0
460
0.0
461
0.0
452
        1
462
1.0
453
        2
463
0.0
 63
     5
421
      255
463
1.0
 63
     7
421
 16777215
470
LINEAR
1001
ACAD
1010
0.0
1020
0.0
1030
0.0
1001
ACDBBLOCKREPETAG
1070
     1
1071
       33
1005
2C8
  0
ARC
  5
2C9
330
29C
100
AcDbEntity
  8
ART_ANKRAJ
100
AcDbCircle
 10
18116.42096937459
 20
1335.693456481247
 30
0.0
 40
1.894524568569431
100
AcDbArc
 50
280.3419219214308
 51
340.186166961987
1001
ACDBBLOCKREPETAG
1070
     1
1071
       34
1005
2C9
  0
HATCH
  5
2CA
330
29C
100
AcDbEntity
  8
ART_ANKRAJ
100
AcDbHatch
 10
0.0
 20
0.0
 30
0.0
210
0.0
220
0.0
230
1.0
  2
SOLID
 70
     1
 71
     0
 91
        1
 92
        7
 72
     1
 73
     1
 93
        3
 10
18066.20333611779
 20
1335.051278830659
 42
0.0
 10
18066.20333611779
 20
1333.829710455648
 42
0.0
 10
18067.64559392258
 20
1333.829710455648
 42
-0.2672209219631376
 97
        0
 75
     0
 76
     1
 47
0.0339865135127925
 98
        1
 10
18066.29035777738
 20
1334.206668937732
450
        0
451
        0
460
0.0
461
0.0
452
        1
462
1.0
453
        2
463
0.0
 63
     5
421
      255
463
1.0
 63
     7
421
 16777215
470
LINEAR
1001
ACAD
1010
0.0
1020
0.0
1030
0.0
1001
ACDBBLOCKREPETAG
1070
     1
1071
       35
1005
2CA
  0
ARC
  5
2CB
330
29C
100
AcDbEntity
  8
ART_ANKRAJ
100
AcDbCircle
 10
18067.98570286028
 20
1335.693456482178
 30
0.0
 40
1.894524568569431
100
AcDbArc
 50
199.8138330380129
 51
259.6580780853495
1001
ACDBBLOCKREPETAG
1070
     1
1071
       36
1005
2CB
  0
INSERT
  5
2CC
330
29C
100
AcDbEntity
  8
ART_AKSESUAR
100
AcDbBlockReference
  2
120'lik_Dubel
 10
-27475.49208718211
 20
-61234.54433882112
 30
0.0
 43
-1.0
210
0.0
220
0.0
230
-1.0
1001
ACDBBLOCKREPETAG
1070
     1
1071
       37
1005
2CC
  0
INSERT
  5
2CD
330
29C
100
AcDbEntity
  8
ART_AKSESUAR
100
AcDbBlockReference
  2
120'lik_Dubel
 10
-27597.4920871852
 20
-61234.54433882089
 30
0.0
 43
-1.0
210
0.0
220
0.0
230
-1.0
1001
ACDBBLOCKREPETAG
1070
     1
1071
       38
1005
2CD
  0
ENDBLK
  5
2CE
330
29C
100
AcDbEntity
  8
0
100
AcDbBlockEnd
  0
BLOCK
  5
5E2
330
5D6
100
AcDbEntity
  8
0
100
AcDbBlockBegin
  2
Civi30
 70
     0
 10
0.0
 20
0.0
 30
0.0
  3
Civi30
  1

  0
LINE
  5
5E3
330
5D6
100
AcDbEntity
  8
0
  6
HIDDEN
100
AcDbLine
 10
-14.79402882563323
 20
-0.375
 30
0.0
 11
-0.25
 21
-0.75
 31
0.0
1001
ACDBBLOCKREPETAG
1070
     1
1071
        0
1005
5E3
  0
LINE
  5
5E4
330
5D6
100
AcDbEntity
  8
0
  6
HIDDEN
100
AcDbLine
 10
-0.25
 20
0.75
 30
0.0
 11
-14.79402882563323
 21
0.375
 31
0.0
1001
ACDBBLOCKREPETAG
1070
     1
1071
        1
1005
5E4
  0
LINE
  5
5E5
330
5D6
100
AcDbEntity
  8
0
100
AcDbLine
 10
-14.54402882563323
 20
-5.0
 30
0.0
 11
-14.79402882563323
 21
-5.0
 31
0.0
1001
ACDBBLOCKREPETAG
1070
     1
1071
        2
1005
5E5
  0
LINE
  5
5E6
330
5D6
100
AcDbEntity
  8
0
100
AcDbLine
 10
-14.54402882563323
 20
5.0
 30
0.0
 11
-14.54402882563323
 21
-5.0
 31
0.0
1001
ACDBBLOCKREPETAG
1070
     1
1071
        3
1005
5E6
  0
LINE
  5
5E7
330
5D6
100
AcDbEntity
  8
0
100
AcDbLine
 10
-14.79402882563323
 20
-5.0
 30
0.0
 11
-14.79402882563323
 21
5.0
 31
0.0
1001
ACDBBLOCKREPETAG
1070
     1
1071
        4
1005
5E7
  0
LINE
  5
5E8
330
5D6
100
AcDbEntity
  8
0
100
AcDbLine
 10
-14.79402882563323
 20
5.0
 30
0.0
 11
-14.54402882563323
 21
5.0
 31
0.0
1001
ACDBBLOCKREPETAG
1070
     1
1071
        5
1005
5E8
  0
LINE
  5
5E9
330
5D6
100
AcDbEntity
  8
0
  6
HIDDEN
100
AcDbLine
 10
-14.79402882563323
 20
0.375
 30
0.0
 11
-18.98252277068002
 21
0.0
 31
0.0
1001
ACDBBLOCKREPETAG
1070
     1
1071
        6
1005
5E9
  0
LINE
  5
5EA
330
5D6
100
AcDbEntity
  8
0
  6
HIDDEN
100
AcDbLine
 10
-18.98252277068002
 20
0.0
 30
0.0
 11
-14.79402882563323
 21
-0.375
 31
0.0
1001
ACDBBLOCKREPETAG
1070
     1
1071
        7
1005
5EA
  0
ARC
  5
5EB
330
5D6
100
AcDbEntity
  8
0
100
AcDbCircle
 10
-5.129035674535597
 20
0.0026617377315006
 30
0.0
 40
10.18765307978358
100
AcDbArc
 50
161.5674847874769
 51
198.432515212523
1001
ACDBBLOCKREPETAG
1070
     1
1071
        8
1005
5EB
  0
LWPOLYLINE
  5
5EC
330
5D6
100
AcDbEntity
  8
0
100
AcDbPolyline
 90
        4
 70
     1
 43
0.0
 10
0.0
 20
7.5
 10
0.0
 20
-7.5
 10
-0.25
 20
-7.5
 10
-0.25
 20
7.5
1001
ACDBBLOCKREPETAG
1070
     1
1071
        9
1005
5EC
  0
ENDBLK
  5
5ED
330
5D6
100
AcDbEntity
  8
0
100
AcDbBlockEnd
  0
BLOCK
  5
5F5
330
5F3
100
AcDbEntity
  8
0
100
AcDbBlockBegin
  2
*U9
 70
     1
 10
0.0
 20
0.0
 30
0.0
  3
*U9
  1

  0
LINE
  5
5F6
330
5F3
100
AcDbEntity
  8
0
  6
HIDDEN
100
AcDbLine
 10
-14.79402882563323
 20
-0.375
 30
0.0
 11
-0.25
 21
-0.75
 31
0.0
1001
ACDBBLOCKREPETAG
1070
     1
1071
        0
1005
5F6
  0
LINE
  5
5F7
330
5F3
100
AcDbEntity
  8
0
  6
HIDDEN
100
AcDbLine
 10
-0.25
 20
0.75
 30
0.0
 11
-14.79402882563323
 21
0.375
 31
0.0
1001
ACDBBLOCKREPETAG
1070
     1
1071
        1
1005
5F7
  0
LINE
  5
5F8
330
5F3
100
AcDbEntity
  8
0
100
AcDbLine
 10
-14.54402882563323
 20
-5.0
 30
0.0
 11
-14.79402882563323
 21
-5.0
 31
0.0
1001
ACDBBLOCKREPETAG
1070
     1
1071
        2
1005
5F8
  0
LINE
  5
5F9
330
5F3
100
AcDbEntity
  8
0
100
AcDbLine
 10
-14.54402882563323
 20
5.0
 30
0.0
 11
-14.54402882563323
 21
-5.0
 31
0.0
1001
ACDBBLOCKREPETAG
1070
     1
1071
        3
1005
5F9
  0
LINE
  5
5FA
330
5F3
100
AcDbEntity
  8
0
100
AcDbLine
 10
-14.79402882563323
 20
-5.0
 30
0.0
 11
-14.79402882563323
 21
5.0
 31
0.0
1001
ACDBBLOCKREPETAG
1070
     1
1071
        4
1005
5FA
  0
LINE
  5
5FB
330
5F3
100
AcDbEntity
  8
0
100
AcDbLine
 10
-14.79402882563323
 20
5.0
 30
0.0
 11
-14.54402882563323
 21
5.0
 31
0.0
1001
ACDBBLOCKREPETAG
1070
     1
1071
        5
1005
5FB
  0
LINE
  5
5FC
330
5F3
100
AcDbEntity
  8
0
  6
HIDDEN
100
AcDbLine
 10
-14.79402882563323
 20
0.375
 30
0.0
 11
-18.98252277068002
 21
0.0
 31
0.0
1001
ACDBBLOCKREPETAG
1070
     1
1071
        6
1005
5FC
  0
LINE
  5
5FD
330
5F3
100
AcDbEntity
  8
0
  6
HIDDEN
100
AcDbLine
 10
-18.98252277068002
 20
0.0
 30
0.0
 11
-14.79402882563323
 21
-0.375
 31
0.0
1001
ACDBBLOCKREPETAG
1070
     1
1071
        7
1005
5FD
  0
ARC
  5
5FE
330
5F3
100
AcDbEntity
  8
0
100
AcDbCircle
 10
-5.129035674535597
 20
0.0026617377315006
 30
0.0
 40
10.18765307978358
100
AcDbArc
 50
161.5674847874769
 51
198.432515212523
1001
ACDBBLOCKREPETAG
1070
     1
1071
        8
1005
5FE
  0
LWPOLYLINE
  5
5FF
330
5F3
100
AcDbEntity
  8
0
100
AcDbPolyline
 90
        4
 70
     1
 43
0.0
 10
0.0
 20
7.5
 10
0.0
 20
-7.5
 10
-0.25
 20
-7.5
 10
-0.25
 20
7.5
1001
ACDBBLOCKREPETAG
1070
     1
1071
        9
1005
5FF
  0
ENDBLK
  5
600
330
5F3
100
AcDbEntity
  8
0
100
AcDbBlockEnd
  0
BLOCK
  5
218
330
215
100
AcDbEntity
  8
0
100
AcDbBlockBegin
  2
*U10
 70
     1
 10
0.0
 20
0.0
 30
0.0
  3
*U10
  1

  0
LWPOLYLINE
  5
219
330
215
100
AcDbEntity
  8
ART_ANKRAJ
 48
10.0
100
AcDbPolyline
 90
        5
 70
     0
 43
0.0
 10
18686.93781286762
 20
1600.960417593574
 10
18786.9264888665
 20
1600.960417593574
 10
18786.9264888665
 20
1500.960417593575
 10
18686.93781286762
 20
1500.960417593575
 10
18686.93781286762
 20
1600.960417593574
1001
ACDBBLOCKREPETAG
1070
     1
1071
        0
1005
219
  0
LINE
  5
21A
330
215
100
AcDbEntity
  8
ART_ANKRAJ
 48
10.0
100
AcDbLine
 10
18691.93781286762
 20
1500.960417593575
 30
0.0000000000018048
 11
18691.93781286762
 21
1600.960417593574
 31
0.0000000000018048
1001
ACDBBLOCKREPETAG
1070
     1
1071
        1
1005
21A
  0
LWPOLYLINE
  5
21B
330
215
100
AcDbEntity
  8
ART_ANKRAJ
 48
10.0
100
AcDbPolyline
 90
        8
 70
     1
 43
0.0
 10
18774.92648886591
 20
1570.460417593691
 10
18774.92648886591
 20
1531.460417593691
 42
-0.4142135623730951
 10
18769.42648886591
 20
1525.960417593691
 10
18769.42648886591
 20
1525.960417593691
 42
-0.4142135623730951
 10
18763.92648886591
 20
1531.460417593691
 10
18763.92648886591
 20
1570.460417593691
 42
-0.4142135623730951
 10
18769.42648886591
 20
1575.960417593691
 10
18769.42648886591
 20
1575.960417593691
 42
-0.4142135623730951
1001
ACDBBLOCKREPETAG
1070
     1
1071
        2
1005
21B
  0
LINE
  5
21C
330
215
100
AcDbEntity
  8
ART_AKS
 48
5.0
100
AcDbLine
 10
18755.43989349103
 20
1550.960417593691
 30
0.0
 11
18783.4130842409
 21
1550.960417593691
 31
0.0
1001
ACDBBLOCKREPETAG
1070
     1
1071
        3
1005
21C
  0
LINE
  5
21D
330
215
100
AcDbEntity
  8
ART_AKS
 48
5.0
100
AcDbLine
 10
18769.42648886591
 20
1581.761933805981
 30
0.0
 11
18769.42648886591
 21
1521.752667869652
 31
0.0
1001
ACDBBLOCKREPETAG
1070
     1
1071
        4
1005
21D
  0
CIRCLE
  5
21E
330
215
100
AcDbEntity
  8
ART_ANKRAJ
 48
10.0
100
AcDbCircle
 10
18769.41516486502
 20
1513.503416038948
 30
0.0
 40
3.0
1001
ACDBBLOCKREPETAG
1070
     1
1071
        5
1005
21E
  0
LINE
  5
21F
330
215
100
AcDbEntity
  8
ÇELİK
  6
HIDDEN
 48
10.0
100
AcDbLine
 10
18691.93781286762
 20
1569.460417593594
 30
0.0000000000018048
 11
18686.93781286762
 21
1569.460417593594
 31
0.0000000000018048
1001
ACDBBLOCKREPETAG
1070
     1
1071
        6
1005
21F
  0
LINE
  5
220
330
215
100
AcDbEntity
  8
ÇELİK
  6
HIDDEN
 48
10.0
100
AcDbLine
 10
18691.93781286762
 20
1582.460417593594
 30
0.0000000000018048
 11
18686.93781286762
 21
1582.460417593594
 31
0.0000000000018048
1001
ACDBBLOCKREPETAG
1070
     1
1071
        7
1005
220
  0
LINE
  5
221
330
215
100
AcDbEntity
  8
ÇELİK
  6
HIDDEN
 48
10.0
100
AcDbLine
 10
18691.93781286762
 20
1519.460417593575
 30
0.0000000000018048
 11
18686.93781286762
 21
1519.460417593575
 31
0.0000000000018048
1001
ACDBBLOCKREPETAG
1070
     1
1071
        8
1005
221
  0
LINE
  5
222
330
215
100
AcDbEntity
  8
ÇELİK
  6
HIDDEN
 48
10.0
100
AcDbLine
 10
18691.93781286762
 20
1532.460417593575
 30
0.0000000000018048
 11
18686.93781286762
 21
1532.460417593575
 31
0.0000000000018048
1001
ACDBBLOCKREPETAG
1070
     1
1071
        9
1005
222
  0
INSERT
  5
223
330
215
100
AcDbEntity
  8
ART_DUBEL
100
AcDbBlockReference
  2
120'lik_Dubel
 10
-81260.31186214332
 20
10970.24916866006
 30
-0.0000000000018048
 43
-1.0
 50
270.0
210
0.0
220
0.0
230
-1.0
1001
ACDBBLOCKREPETAG
1070
     1
1071
       10
1005
223
  0
INSERT
  5
224
330
215
100
AcDbEntity
  8
ART_DUBEL
100
AcDbBlockReference
  2
120'lik_Dubel
 10
-81260.31186214332
 20
-7868.328333472892
 30
-0.0000000000018048
 41
-1.0
 43
-1.0
 50
270.0
210
0.0
220
0.0
230
-1.0
1001
ACDBBLOCKREPETAG
1070
     1
1071
       11
1005
224
  0
LWPOLYLINE
  5
225
330
215
100
AcDbEntity
  8
Vida-Aksesuar
100
AcDbPolyline
 90
        6
 70
     1
 43
0.0
 10
18760.92648886597
 20
1546.052940305562
 10
18760.92648886597
 20
1555.86789488179
 10
18769.42648886597
 20
1560.775372169919
 10
18777.92648886597
 20
1555.867894881791
 10
18777.92648886597
 20
1546.052940305563
 10
18769.42648886597
 20
1541.145463017463
1001
ACDBBLOCKREPETAG
1070
     1
1071
       12
1005
225
  0
LINE
  5
226
330
215
100
AcDbEntity
  8
Vida-Aksesuar
100
AcDbLine
 10
18769.42648886597
 20
1554.260417593679
 30
0.0000000000000017
 11
18769.42648886597
 21
1547.960417593691
 31
0.0000000000000017
1001
ACDBBLOCKREPETAG
1070
     1
1071
       13
1005
226
  0
LINE
  5
227
330
215
100
AcDbEntity
  8
Vida-Aksesuar
100
AcDbLine
 10
18765.72648886596
 20
1550.960417593691
 30
0.0000000000000017
 11
18772.826488866
 21
1550.960417593691
 31
0.0000000000000017
1001
ACDBBLOCKREPETAG
1070
     1
1071
       14
1005
227
  0
CIRCLE
  5
228
330
215
100
AcDbEntity
  8
Vida-Aksesuar
100
AcDbCircle
 10
18769.42648886597
 20
1550.960417593691
 30
0.0
 40
8.5
1001
ACDBBLOCKREPETAG
1070
     1
1071
       15
1005
228
  0
ARC
  5
229
330
215
100
AcDbEntity
  8
Vida-Aksesuar
100
AcDbCircle
 10
18769.42648886597
 20
1550.960417593691
 30
0.0
 40
5.0
100
AcDbArc
 50
150.0000000000418
 51
59.99999999978327
1001
ACDBBLOCKREPETAG
1070
     1
1071
       16
1005
229
  0
CIRCLE
  5
22A
330
215
100
AcDbEntity
  8
Vida-Aksesuar
100
AcDbCircle
 10
18769.42648886597
 20
1550.960417593691
 30
0.0
 40
4.5
1001
ACDBBLOCKREPETAG
1070
     1
1071
       17
1005
22A
  0
ENDBLK
  5
22B
330
215
100
AcDbEntity
  8
0
100
AcDbBlockEnd
  0
BLOCK
  5
2D6
330
2D4
100
AcDbEntity
  8
0
100
AcDbBlockBegin
  2
*U11
 70
     1
 10
0.0
 20
0.0
 30
0.0
  3
*U11
  1

  0
HATCH
  5
2D7
330
2D4
100
AcDbEntity
  8
ART_ANKRAJ
100
AcDbHatch
 10
0.0
 20
0.0
 30
0.0
210
0.0
220
0.0
230
1.0
  2
SOLID
 70
     1
 71
     0
 91
        1
 92
        7
 72
     1
 73
     1
 93
        3
 10
18118.20333611709
 20
1327.608142080287
 42
0.0
 10
18118.20333611709
 20
1328.829710455298
 42
0.0
 10
18116.76107831229
 20
1328.829710455298
 42
-0.2672209219631376
 97
        0
 75
     0
 76
     1
 47
0.0339865135127925
 98
        1
 10
18118.11631445749
 20
1328.452751973214
450
        0
451
        0
460
0.0
461
0.0
452
        1
462
1.0
453
        2
463
0.0
 63
     5
421
      255
463
1.0
 63
     7
421
 16777215
470
LINEAR
1001
ACAD
1010
0.0
1020
0.0
1030
0.0
1001
ACDBBLOCKREPETAG
1070
     1
1071
        0
1005
2D7
  0
LINE
  5
2D8
330
2D4
100
AcDbEntity
  8
ART_ANKRAJ
100
AcDbLine
 10
18118.20333611688
 20
1238.829710454713
 30
0.0
 11
18118.20333611709
 21
1333.829710454833
 31
0.0
1001
ACDBBLOCKREPETAG
1070
     1
1071
        1
1005
2D8
  0
ARC
  5
2D9
330
2D4
100
AcDbEntity
  8
ART_ANKRAJ
100
AcDbCircle
 10
18123.20333611709
 20
1333.829710454833
 30
0.0
 40
5.0
100
AcDbArc
 50
90.0
 51
180.0
1001
ACDBBLOCKREPETAG
1070
     1
1071
        2
1005
2D9
  0
LINE
  5
2DA
330
2D4
100
AcDbEntity
  8
ART_ANKRAJ
100
AcDbLine
 10
18123.20333611688
 20
1238.829710454713
 30
0.0
 11
18123.20333611709
 21
1332.829710454833
 31
0.0
1001
ACDBBLOCKREPETAG
1070
     1
1071
        3
1005
2DA
  0
ARC
  5
2DB
330
2D4
100
AcDbEntity
  8
ART_ANKRAJ
100
AcDbCircle
 10
18124.20333611709
 20
1332.829710454833
 30
0.0
 40
1.0
100
AcDbArc
 50
90.0
 51
180.0
1001
ACDBBLOCKREPETAG
1070
     1
1071
        4
1005
2DB
  0
LINE
  5
2DC
330
2D4
100
AcDbEntity
  8
ART_ANKRAJ
100
AcDbLine
 10
18123.20333611709
 20
1338.829710454833
 30
0.0
 11
18183.20333611721
 21
1338.829710454833
 31
0.0
1001
ACDBBLOCKREPETAG
1070
     1
1071
        5
1005
2DC
  0
LINE
  5
2DD
330
2D4
100
AcDbEntity
  8
ART_ANKRAJ
100
AcDbLine
 10
18124.20333611709
 20
1333.829710454833
 30
0.0
 11
18183.20333611721
 21
1333.829710454833
 31
0.0
1001
ACDBBLOCKREPETAG
1070
     1
1071
        6
1005
2DD
  0
LINE
  5
2DE
330
2D4
100
AcDbEntity
  8
ART_ANKRAJ
100
AcDbLine
 10
18183.20333611732
 20
1333.829710454833
 30
0.0
 11
18183.20333611732
 21
1338.829710454833
 31
0.0
1001
ACDBBLOCKREPETAG
1070
     1
1071
        7
1005
2DE
  0
LINE
  5
2DF
330
2D4
100
AcDbEntity
  8
ART_ANKRAJ
100
AcDbLine
 10
18123.20333611699
 20
1238.829710454713
 30
0.0
 11
18118.20333611699
 21
1238.829710454713
 31
0.0
1001
ACDBBLOCKREPETAG
1070
     1
1071
        8
1005
2DF
  0
LINE
  5
2E0
330
2D4
100
AcDbEntity
  8
ART_ANKRAJ
  6
HIDDEN2
 62
     0
 48
5.0
370
     5
100
AcDbLine
 10
18123.20333611711
 20
1261.829710455179
 30
0.0
 11
18118.20333611711
 21
1261.829710455179
 31
0.0
1001
ACDBBLOCKREPETAG
1070
     1
1071
        9
1005
2E0
  0
LINE
  5
2E1
330
2D4
100
AcDbEntity
  8
ART_ANKRAJ
  6
HIDDEN2
 62
     0
 48
5.0
370
     5
100
AcDbLine
 10
18123.20333611699
 20
1250.829710455179
 30
0.0
 11
18118.20333611688
 21
1250.829710455179
 31
0.0
1001
ACDBBLOCKREPETAG
1070
     1
1071
       10
1005
2E1
  0
LINE
  5
2E2
330
2D4
100
AcDbEntity
  8
ART_ANKRAJ
  6
CENTER
 62
     0
 48
5.0
370
     5
100
AcDbLine
 10
18138.34997832218
 20
1256.329710455179
 30
0.0
 11
18107.68732730697
 21
1256.329710455179
 31
0.0
1001
ACDBBLOCKREPETAG
1070
     1
1071
       11
1005
2E2
  0
LINE
  5
2E3
330
2D4
100
AcDbEntity
  8
ART_ANKRAJ
  6
CENTER
 62
     0
 48
5.0
370
     5
100
AcDbLine
 10
18153.20333611871
 20
1322.175152719639
 30
0.0
 11
18153.20333611871
 21
1347.501679045883
 31
0.0
1001
ACDBBLOCKREPETAG
1070
     1
1071
       12
1005
2E3
  0
LINE
  5
2E4
330
2D4
100
AcDbEntity
  8
ART_ANKRAJ
  6
HIDDEN2
 62
     0
 48
5.0
370
     5
100
AcDbLine
 10
18170.70333611872
 20
1333.829710454833
 30
0.0
 11
18170.70333611872
 21
1338.829710454833
 31
0.0
1001
ACDBBLOCKREPETAG
1070
     1
1071
       13
1005
2E4
  0
LINE
  5
2E5
330
2D4
100
AcDbEntity
  8
ART_ANKRAJ
  6
HIDDEN2
 62
     0
 48
5.0
370
     5
100
AcDbLine
 10
18135.7033361179
 20
1333.829710454833
 30
0.0
 11
18135.70333611801
 21
1338.829710454833
 31
0.0
1001
ACDBBLOCKREPETAG
1070
     1
1071
       14
1005
2E5
  0
LINE
  5
2E6
330
2D4
100
AcDbEntity
  8
ART_ANKRAJ
100
AcDbLine
 10
18066.20333611792
 20
1238.829710454597
 30
0.0
 11
18066.20333611732
 21
1333.829710454716
 31
0.0
1001
ACDBBLOCKREPETAG
1070
     1
1071
       15
1005
2E6
  0
ARC
  5
2E7
330
2D4
100
AcDbEntity
  8
ART_ANKRAJ
100
AcDbCircle
 10
18061.20333611732
 20
1333.829710454716
 30
0.0
 40
5.0
100
AcDbArc
 50
0.0
 51
90.0
1001
ACDBBLOCKREPETAG
1070
     1
1071
       16
1005
2E7
  0
LINE
  5
2E8
330
2D4
100
AcDbEntity
  8
ART_ANKRAJ
100
AcDbLine
 10
18061.20333611793
 20
1238.829710454597
 30
0.0
 11
18061.20333611732
 21
1332.829710454716
 31
0.0
1001
ACDBBLOCKREPETAG
1070
     1
1071
       17
1005
2E8
  0
ARC
  5
2E9
330
2D4
100
AcDbEntity
  8
ART_ANKRAJ
100
AcDbCircle
 10
18060.20333611732
 20
1332.829710454716
 30
0.0
 40
1.0
100
AcDbArc
 50
0.0
 51
90.0
1001
ACDBBLOCKREPETAG
1070
     1
1071
       18
1005
2E9
  0
LINE
  5
2EA
330
2D4
100
AcDbEntity
  8
ART_ANKRAJ
100
AcDbLine
 10
18061.20333611732
 20
1338.829710454716
 30
0.0
 11
18001.20333611721
 21
1338.829710454483
 31
0.0
1001
ACDBBLOCKREPETAG
1070
     1
1071
       19
1005
2EA
  0
LINE
  5
2EB
330
2D4
100
AcDbEntity
  8
ART_ANKRAJ
100
AcDbLine
 10
18060.20333611732
 20
1333.829710454716
 30
0.0
 11
18001.20333611721
 21
1333.829710454483
 31
0.0
1001
ACDBBLOCKREPETAG
1070
     1
1071
       20
1005
2EB
  0
LINE
  5
2EC
330
2D4
100
AcDbEntity
  8
ART_ANKRAJ
100
AcDbLine
 10
18001.20333611709
 20
1333.829710454483
 30
0.0
 11
18001.20333611709
 21
1338.829710454483
 31
0.0
1001
ACDBBLOCKREPETAG
1070
     1
1071
       21
1005
2EC
  0
LINE
  5
2ED
330
2D4
100
AcDbEntity
  8
ART_ANKRAJ
100
AcDbLine
 10
18061.20333611781
 20
1238.829710454597
 30
0.0
 11
18066.20333611781
 21
1238.829710454597
 31
0.0
1001
ACDBBLOCKREPETAG
1070
     1
1071
       22
1005
2ED
  0
LINE
  5
2EE
330
2D4
100
AcDbEntity
  8
ART_ANKRAJ
  6
HIDDEN2
 62
     0
 48
5.0
370
     5
100
AcDbLine
 10
18061.20333611769
 20
1261.829710455063
 30
0.0
 11
18066.20333611769
 21
1261.829710455063
 31
0.0
1001
ACDBBLOCKREPETAG
1070
     1
1071
       23
1005
2EE
  0
LINE
  5
2EF
330
2D4
100
AcDbEntity
  8
ART_ANKRAJ
  6
HIDDEN2
 62
     0
 48
5.0
370
     5
100
AcDbLine
 10
18061.20333611781
 20
1250.829710455062
 30
0.0
 11
18066.20333611792
 21
1250.829710455062
 31
0.0
1001
ACDBBLOCKREPETAG
1070
     1
1071
       24
1005
2EF
  0
LINE
  5
2F0
330
2D4
100
AcDbEntity
  8
ART_ANKRAJ
  6
CENTER
 62
     0
 48
5.0
370
     5
100
AcDbLine
 10
18046.05669391296
 20
1256.329710454946
 30
0.0
 11
18076.71934492818
 21
1256.329710455063
 31
0.0
1001
ACDBBLOCKREPETAG
1070
     1
1071
       25
1005
2F0
  0
LINE
  5
2F1
330
2D4
100
AcDbEntity
  8
ART_ANKRAJ
  6
CENTER
 62
     0
 48
5.0
370
     5
100
AcDbLine
 10
18031.20333611569
 20
1319.030236419559
 30
0.0
 11
18031.20333611557
 21
1347.50167904565
 31
0.0
1001
ACDBBLOCKREPETAG
1070
     1
1071
       26
1005
2F1
  0
LINE
  5
2F2
330
2D4
100
AcDbEntity
  8
ART_ANKRAJ
  6
HIDDEN2
 62
     0
 48
5.0
370
     5
100
AcDbLine
 10
18013.70333611569
 20
1333.829710454483
 30
0.0
 11
18013.70333611569
 21
1338.829710454483
 31
0.0
1001
ACDBBLOCKREPETAG
1070
     1
1071
       27
1005
2F2
  0
LINE
  5
2F3
330
2D4
100
AcDbEntity
  8
ART_ANKRAJ
  6
HIDDEN2
 62
     0
 48
5.0
370
     5
100
AcDbLine
 10
18048.70333611651
 20
1333.8297104546
 30
0.0
 11
18048.70333611639
 21
1338.8297104546
 31
0.0
1001
ACDBBLOCKREPETAG
1070
     1
1071
       28
1005
2F3
  0
LWPOLYLINE
  5
2F4
330
2D4
100
AcDbEntity
  8
ART_ANKRAJ
100
AcDbPolyline
 90
        4
 70
     1
 43
0.0
 10
18118.20333611709
 20
1328.829710455298
 10
18066.20333611755
 20
1328.829710454949
 10
18066.20333611767
 20
1333.829710454949
 10
18118.20333611721
 20
1333.829710454833
1001
ACDBBLOCKREPETAG
1070
     1
1071
       29
1005
2F4
  0
ARC
  5
2F5
330
2D4
100
AcDbEntity
  8
ART_ANKRAJ
100
AcDbCircle
 10
18116.42096937459
 20
1326.965964428767
 30
0.0
 40
1.894524568569431
100
AcDbArc
 50
19.8138330380129
 51
79.65807807856918
1001
ACDBBLOCKREPETAG
1070
     1
1071
       30
1005
2F5
  0
HATCH
  5
2F6
330
2D4
100
AcDbEntity
  8
ART_ANKRAJ
100
AcDbHatch
 10
0.0
 20
0.0
 30
0.0
210
0.0
220
0.0
230
1.0
  2
SOLID
 70
     1
 71
     0
 91
        1
 92
        7
 72
     1
 73
     1
 93
        3
 10
18066.20333611779
 20
1327.608142079356
 42
0.0
 10
18066.20333611779
 20
1328.829710454367
 42
0.0
 10
18067.64559392258
 20
1328.829710454367
 42
0.2672209219631376
 97
        0
 75
     0
 76
     1
 47
0.0339865135127925
 98
        1
 10
18066.29035777738
 20
1328.452751972283
450
        0
451
        0
460
0.0
461
0.0
452
        1
462
1.0
453
        2
463
0.0
 63
     5
421
      255
463
1.0
 63
     7
421
 16777215
470
LINEAR
1001
ACAD
1010
0.0
1020
0.0
1030
0.0
1001
ACDBBLOCKREPETAG
1070
     1
1071
       31
1005
2F6
  0
ARC
  5
2F7
330
2D4
100
AcDbEntity
  8
ART_ANKRAJ
100
AcDbCircle
 10
18067.98570286028
 20
1326.965964427836
 30
0.0
 40
1.894524568569431
100
AcDbArc
 50
100.3419219146505
 51
160.1861669619871
1001
ACDBBLOCKREPETAG
1070
     1
1071
       32
1005
2F7
  0
HATCH
  5
2F8
330
2D4
100
AcDbEntity
  8
ART_ANKRAJ
100
AcDbHatch
 10
0.0
 20
0.0
 30
0.0
210
0.0
220
0.0
230
1.0
  2
SOLID
 70
     1
 71
     0
 91
        1
 92
        7
 72
     1
 73
     1
 93
        3
 10
18118.20333611709
 20
1335.051278829727
 42
0.0
 10
18118.20333611709
 20
1333.829710454716
 42
0.0
 10
18116.76107831229
 20
1333.829710454716
 42
0.2672209219631376
 97
        0
 75
     0
 76
     1
 47
0.0339865135127925
 98
        1
 10
18118.11631445749
 20
1334.2066689368
450
        0
451
        0
460
0.0
461
0.0
452
        1
462
1.0
453
        2
463
0.0
 63
     5
421
      255
463
1.0
 63
     7
421
 16777215
470
LINEAR
1001
ACAD
1010
0.0
1020
0.0
1030
0.0
1001
ACDBBLOCKREPETAG
1070
     1
1071
       33
1005
2F8
  0
ARC
  5
2F9
330
2D4
100
AcDbEntity
  8
ART_ANKRAJ
100
AcDbCircle
 10
18116.42096937459
 20
1335.693456481247
 30
0.0
 40
1.894524568569431
100
AcDbArc
 50
280.3419219214308
 51
340.186166961987
1001
ACDBBLOCKREPETAG
1070
     1
1071
       34
1005
2F9
  0
HATCH
  5
2FA
330
2D4
100
AcDbEntity
  8
ART_ANKRAJ
100
AcDbHatch
 10
0.0
 20
0.0
 30
0.0
210
0.0
220
0.0
230
1.0
  2
SOLID
 70
     1
 71
     0
 91
        1
 92
        7
 72
     1
 73
     1
 93
        3
 10
18066.20333611779
 20
1335.051278830659
 42
0.0
 10
18066.20333611779
 20
1333.829710455648
 42
0.0
 10
18067.64559392258
 20
1333.829710455648
 42
-0.2672209219631376
 97
        0
 75
     0
 76
     1
 47
0.0339865135127925
 98
        1
 10
18066.29035777738
 20
1334.206668937732
450
        0
451
        0
460
0.0
461
0.0
452
        1
462
1.0
453
        2
463
0.0
 63
     5
421
      255
463
1.0
 63
     7
421
 16777215
470
LINEAR
1001
ACAD
1010
0.0
1020
0.0
1030
0.0
1001
ACDBBLOCKREPETAG
1070
     1
1071
       35
1005
2FA
  0
ARC
  5
2FB
330
2D4
100
AcDbEntity
  8
ART_ANKRAJ
100
AcDbCircle
 10
18067.98570286028
 20
1335.693456482178
 30
0.0
 40
1.894524568569431
100
AcDbArc
 50
199.8138330380129
 51
259.6580780853495
1001
ACDBBLOCKREPETAG
1070
     1
1071
       36
1005
2FB
  0
INSERT
  5
2FC
330
2D4
100
AcDbEntity
  8
ART_AKSESUAR
100
AcDbBlockReference
  2
120'lik_Dubel
 10
-27475.49208718211
 20
-61234.54433882112
 30
0.0
 43
-1.0
210
0.0
220
0.0
230
-1.0
1001
ACDBBLOCKREPETAG
1070
     1
1071
       37
1005
2FC
  0
INSERT
  5
2FD
330
2D4
100
AcDbEntity
  8
ART_AKSESUAR
100
AcDbBlockReference
  2
120'lik_Dubel
 10
-27597.4920871852
 20
-61234.54433882089
 30
0.0
 43
-1.0
210
0.0
220
0.0
230
-1.0
1001
ACDBBLOCKREPETAG
1070
     1
1071
       38
1005
2FD
  0
ENDBLK
  5
2FE
330
2D4
100
AcDbEntity
  8
0
100
AcDbBlockEnd
  0
BLOCK
  5
26F
330
26D
100
AcDbEntity
  8
0
100
AcDbBlockBegin
  2
*U12
 70
     1
 10
0.0
 20
0.0
 30
0.0
  3
*U12
  1

  0
HATCH
  5
270
330
26D
100
AcDbEntity
  8
ART_ANKRAJ
100
AcDbHatch
 10
0.0
 20
0.0
 30
0.0
210
0.0
220
0.0
230
1.0
  2
SOLID
 70
     1
 71
     0
 91
        1
 92
        7
 72
     1
 73
     1
 93
        3
 10
17897.68713363167
 20
1332.608142080287
 42
0.0
 10
17897.68713363167
 20
1333.829710455298
 42
0.0
 10
17896.24487582687
 20
1333.829710455298
 42
-0.2672209219631376
 97
        0
 75
     0
 76
     1
 47
0.0339865135127925
 98
        1
 10
17897.60011197207
 20
1333.452751973214
450
        0
451
        0
460
0.0
461
0.0
452
        1
462
1.0
453
        2
463
0.0
 63
     5
421
      255
463
1.0
 63
     7
421
 16777215
470
LINEAR
1001
ACAD
1010
0.0
1020
0.0
1030
0.0
1001
ACDBBLOCKREPETAG
1070
     1
1071
        0
1005
270
  0
LINE
  5
271
330
26D
100
AcDbEntity
  8
ART_ANKRAJ
100
AcDbLine
 10
17897.68713363155
 20
1243.829710454716
 30
0.0
 11
17897.68713363167
 21
1338.829710454833
 31
0.0
1001
ACDBBLOCKREPETAG
1070
     1
1071
        1
1005
271
  0
ARC
  5
272
330
26D
100
AcDbEntity
  8
ART_ANKRAJ
100
AcDbCircle
 10
17902.68713363167
 20
1338.829710454833
 30
0.0
 40
5.0
100
AcDbArc
 50
90.0
 51
180.0
1001
ACDBBLOCKREPETAG
1070
     1
1071
        2
1005
272
  0
LINE
  5
273
330
26D
100
AcDbEntity
  8
ART_ANKRAJ
100
AcDbLine
 10
17902.68713363155
 20
1243.829710454716
 30
0.0
 11
17902.68713363167
 21
1337.829710454833
 31
0.0
1001
ACDBBLOCKREPETAG
1070
     1
1071
        3
1005
273
  0
ARC
  5
274
330
26D
100
AcDbEntity
  8
ART_ANKRAJ
100
AcDbCircle
 10
17903.68713363167
 20
1337.829710454833
 30
0.0
 40
1.0
100
AcDbArc
 50
90.0
 51
180.0
1001
ACDBBLOCKREPETAG
1070
     1
1071
        4
1005
274
  0
LINE
  5
275
330
26D
100
AcDbEntity
  8
ART_ANKRAJ
100
AcDbLine
 10
17902.68713363167
 20
1343.829710454833
 30
0.0
 11
17962.68713363178
 21
1343.829710454833
 31
0.0
1001
ACDBBLOCKREPETAG
1070
     1
1071
        5
1005
275
  0
LINE
  5
276
330
26D
100
AcDbEntity
  8
ART_ANKRAJ
100
AcDbLine
 10
17903.68713363167
 20
1338.829710454833
 30
0.0
 11
17962.68713363178
 21
1338.829710454833
 31
0.0
1001
ACDBBLOCKREPETAG
1070
     1
1071
        6
1005
276
  0
LINE
  5
277
330
26D
100
AcDbEntity
  8
ART_ANKRAJ
100
AcDbLine
 10
17962.6871336319
 20
1338.829710454833
 30
0.0
 11
17962.6871336319
 21
1343.829710454833
 31
0.0
1001
ACDBBLOCKREPETAG
1070
     1
1071
        7
1005
277
  0
LINE
  5
278
330
26D
100
AcDbEntity
  8
ART_ANKRAJ
100
AcDbLine
 10
17902.68713363167
 20
1243.829710454716
 30
0.0
 11
17897.68713363167
 21
1243.829710454716
 31
0.0
1001
ACDBBLOCKREPETAG
1070
     1
1071
        8
1005
278
  0
LINE
  5
279
330
26D
100
AcDbEntity
  8
ART_ANKRAJ
  6
HIDDEN2
 62
     0
 48
5.0
370
     5
100
AcDbLine
 10
17902.68713363167
 20
1305.829710455066
 30
0.0
 11
17897.68713363167
 21
1305.829710455066
 31
0.0
1001
ACDBBLOCKREPETAG
1070
     1
1071
        9
1005
279
  0
LINE
  5
27A
330
26D
100
AcDbEntity
  8
ART_ANKRAJ
  6
HIDDEN2
 62
     0
 48
5.0
370
     5
100
AcDbLine
 10
17902.68713363167
 20
1255.829710455182
 30
0.0
 11
17897.68713363155
 21
1255.829710455182
 31
0.0
1001
ACDBBLOCKREPETAG
1070
     1
1071
       10
1005
27A
  0
LINE
  5
27B
330
26D
100
AcDbEntity
  8
ART_ANKRAJ
  6
CENTER
 62
     0
 48
5.0
370
     5
100
AcDbLine
 10
17917.83377583674
 20
1280.829710454716
 30
0.0
 11
17887.17112482153
 21
1280.829710454716
 31
0.0
1001
ACDBBLOCKREPETAG
1070
     1
1071
       11
1005
27B
  0
LINE
  5
27C
330
26D
100
AcDbEntity
  8
ART_ANKRAJ
  6
CENTER
 62
     0
 48
5.0
370
     5
100
AcDbLine
 10
17932.6871336333
 20
1327.175152719639
 30
0.0
 11
17932.6871336333
 21
1352.501679045883
 31
0.0
1001
ACDBBLOCKREPETAG
1070
     1
1071
       12
1005
27C
  0
LINE
  5
27D
330
26D
100
AcDbEntity
  8
ART_ANKRAJ
  6
HIDDEN2
 62
     0
 48
5.0
370
     5
100
AcDbLine
 10
17950.1871336333
 20
1338.829710454833
 30
0.0
 11
17950.1871336333
 21
1343.829710454833
 31
0.0
1001
ACDBBLOCKREPETAG
1070
     1
1071
       13
1005
27D
  0
LINE
  5
27E
330
26D
100
AcDbEntity
  8
ART_ANKRAJ
  6
HIDDEN2
 62
     0
 48
5.0
370
     5
100
AcDbLine
 10
17915.18713363248
 20
1338.829710454833
 30
0.0
 11
17915.1871336326
 21
1343.829710454833
 31
0.0
1001
ACDBBLOCKREPETAG
1070
     1
1071
       14
1005
27E
  0
LINE
  5
27F
330
26D
100
AcDbEntity
  8
ART_ANKRAJ
100
AcDbLine
 10
17845.6871336326
 20
1243.8297104546
 30
0.0
 11
17845.6871336319
 21
1338.829710454716
 31
0.0
1001
ACDBBLOCKREPETAG
1070
     1
1071
       15
1005
27F
  0
ARC
  5
280
330
26D
100
AcDbEntity
  8
ART_ANKRAJ
100
AcDbCircle
 10
17840.6871336319
 20
1338.829710454716
 30
0.0
 40
5.0
100
AcDbArc
 50
0.0
 51
90.0
1001
ACDBBLOCKREPETAG
1070
     1
1071
       16
1005
280
  0
LINE
  5
281
330
26D
100
AcDbEntity
  8
ART_ANKRAJ
100
AcDbLine
 10
17840.6871336326
 20
1243.8297104546
 30
0.0
 11
17840.6871336319
 21
1337.829710454716
 31
0.0
1001
ACDBBLOCKREPETAG
1070
     1
1071
       17
1005
281
  0
ARC
  5
282
330
26D
100
AcDbEntity
  8
ART_ANKRAJ
100
AcDbCircle
 10
17839.6871336319
 20
1337.829710454716
 30
0.0
 40
1.0
100
AcDbArc
 50
0.0
 51
90.0
1001
ACDBBLOCKREPETAG
1070
     1
1071
       18
1005
282
  0
LINE
  5
283
330
26D
100
AcDbEntity
  8
ART_ANKRAJ
100
AcDbLine
 10
17840.6871336319
 20
1343.829710454716
 30
0.0
 11
17780.68713363178
 21
1343.829710454483
 31
0.0
1001
ACDBBLOCKREPETAG
1070
     1
1071
       19
1005
283
  0
LINE
  5
284
330
26D
100
AcDbEntity
  8
ART_ANKRAJ
100
AcDbLine
 10
17839.6871336319
 20
1338.829710454716
 30
0.0
 11
17780.68713363178
 21
1338.829710454483
 31
0.0
1001
ACDBBLOCKREPETAG
1070
     1
1071
       20
1005
284
  0
LINE
  5
285
330
26D
100
AcDbEntity
  8
ART_ANKRAJ
100
AcDbLine
 10
17780.68713363167
 20
1338.829710454483
 30
0.0
 11
17780.68713363167
 21
1343.829710454483
 31
0.0
1001
ACDBBLOCKREPETAG
1070
     1
1071
       21
1005
285
  0
LINE
  5
286
330
26D
100
AcDbEntity
  8
ART_ANKRAJ
100
AcDbLine
 10
17840.68713363248
 20
1243.8297104546
 30
0.0
 11
17845.68713363248
 21
1243.8297104546
 31
0.0
1001
ACDBBLOCKREPETAG
1070
     1
1071
       22
1005
286
  0
LINE
  5
287
330
26D
100
AcDbEntity
  8
ART_ANKRAJ
  6
HIDDEN2
 62
     0
 48
5.0
370
     5
100
AcDbLine
 10
17840.68713363225
 20
1305.829710454949
 30
0.0
 11
17845.68713363225
 21
1305.829710454949
 31
0.0
1001
ACDBBLOCKREPETAG
1070
     1
1071
       23
1005
287
  0
LINE
  5
288
330
26D
100
AcDbEntity
  8
ART_ANKRAJ
  6
HIDDEN2
 62
     0
 48
5.0
370
     5
100
AcDbLine
 10
17840.68713363248
 20
1255.829710455065
 30
0.0
 11
17845.6871336326
 21
1255.829710455065
 31
0.0
1001
ACDBBLOCKREPETAG
1070
     1
1071
       24
1005
288
  0
LINE
  5
289
330
26D
100
AcDbEntity
  8
ART_ANKRAJ
  6
CENTER
 62
     0
 48
5.0
370
     5
100
AcDbLine
 10
17825.54049142753
 20
1280.829710454483
 30
0.0
 11
17856.20314244274
 21
1280.8297104546
 31
0.0
1001
ACDBBLOCKREPETAG
1070
     1
1071
       25
1005
289
  0
LINE
  5
28A
330
26D
100
AcDbEntity
  8
ART_ANKRAJ
  6
CENTER
 62
     0
 48
5.0
370
     5
100
AcDbLine
 10
17810.68713363027
 20
1324.030236419559
 30
0.0
 11
17810.68713363015
 21
1352.50167904565
 31
0.0
1001
ACDBBLOCKREPETAG
1070
     1
1071
       26
1005
28A
  0
LINE
  5
28B
330
26D
100
AcDbEntity
  8
ART_ANKRAJ
  6
HIDDEN2
 62
     0
 48
5.0
370
     5
100
AcDbLine
 10
17793.18713363027
 20
1338.829710454483
 30
0.0
 11
17793.18713363027
 21
1343.829710454483
 31
0.0
1001
ACDBBLOCKREPETAG
1070
     1
1071
       27
1005
28B
  0
LINE
  5
28C
330
26D
100
AcDbEntity
  8
ART_ANKRAJ
  6
HIDDEN2
 62
     0
 48
5.0
370
     5
100
AcDbLine
 10
17828.18713363108
 20
1338.8297104546
 30
0.0
 11
17828.18713363097
 21
1343.8297104546
 31
0.0
1001
ACDBBLOCKREPETAG
1070
     1
1071
       28
1005
28C
  0
LWPOLYLINE
  5
28D
330
26D
100
AcDbEntity
  8
ART_ANKRAJ
100
AcDbPolyline
 90
        4
 70
     1
 43
0.0
 10
17897.68713363167
 20
1333.829710455298
 10
17845.68713363213
 20
1333.829710454949
 10
17845.68713363225
 20
1338.829710454949
 10
17897.68713363178
 20
1338.829710454833
1001
ACDBBLOCKREPETAG
1070
     1
1071
       29
1005
28D
  0
ARC
  5
28E
330
26D
100
AcDbEntity
  8
ART_ANKRAJ
100
AcDbCircle
 10
17895.90476688917
 20
1331.965964428768
 30
0.0
 40
1.894524568569431
100
AcDbArc
 50
19.81383303801179
 51
79.65807807856904
1001
ACDBBLOCKREPETAG
1070
     1
1071
       30
1005
28E
  0
HATCH
  5
28F
330
26D
100
AcDbEntity
  8
ART_ANKRAJ
100
AcDbHatch
 10
0.0
 20
0.0
 30
0.0
210
0.0
220
0.0
230
1.0
  2
SOLID
 70
     1
 71
     0
 91
        1
 92
        7
 72
     1
 73
     1
 93
        3
 10
17845.68713363237
 20
1332.608142079356
 42
0.0
 10
17845.68713363237
 20
1333.829710454367
 42
0.0
 10
17847.12939143716
 20
1333.829710454367
 42
0.2672209219631376
 97
        0
 75
     0
 76
     1
 47
0.0339865135127925
 98
        1
 10
17845.77415529196
 20
1333.452751972283
450
        0
451
        0
460
0.0
461
0.0
452
        1
462
1.0
453
        2
463
0.0
 63
     5
421
      255
463
1.0
 63
     7
421
 16777215
470
LINEAR
1001
ACAD
1010
0.0
1020
0.0
1030
0.0
1001
ACDBBLOCKREPETAG
1070
     1
1071
       31
1005
28F
  0
ARC
  5
290
330
26D
100
AcDbEntity
  8
ART_ANKRAJ
100
AcDbCircle
 10
17847.46950037486
 20
1331.965964427836
 30
0.0
 40
1.894524568569431
100
AcDbArc
 50
100.3419219146493
 51
160.1861669619882
1001
ACDBBLOCKREPETAG
1070
     1
1071
       32
1005
290
  0
HATCH
  5
291
330
26D
100
AcDbEntity
  8
ART_ANKRAJ
100
AcDbHatch
 10
0.0
 20
0.0
 30
0.0
210
0.0
220
0.0
230
1.0
  2
SOLID
 70
     1
 71
     0
 91
        1
 92
        7
 72
     1
 73
     1
 93
        3
 10
17897.68713363167
 20
1340.051278829727
 42
0.0
 10
17897.68713363167
 20
1338.829710454716
 42
0.0
 10
17896.24487582687
 20
1338.829710454716
 42
0.2672209219631376
 97
        0
 75
     0
 76
     1
 47
0.0339865135127925
 98
        1
 10
17897.60011197207
 20
1339.2066689368
450
        0
451
        0
460
0.0
461
0.0
452
        1
462
1.0
453
        2
463
0.0
 63
     5
421
      255
463
1.0
 63
     7
421
 16777215
470
LINEAR
1001
ACAD
1010
0.0
1020
0.0
1030
0.0
1001
ACDBBLOCKREPETAG
1070
     1
1071
       33
1005
291
  0
ARC
  5
292
330
26D
100
AcDbEntity
  8
ART_ANKRAJ
100
AcDbCircle
 10
17895.90476688917
 20
1340.693456481247
 30
0.0
 40
1.894524568569431
100
AcDbArc
 50
280.3419219214309
 51
340.1861669619882
1001
ACDBBLOCKREPETAG
1070
     1
1071
       34
1005
292
  0
HATCH
  5
293
330
26D
100
AcDbEntity
  8
ART_ANKRAJ
100
AcDbHatch
 10
0.0
 20
0.0
 30
0.0
210
0.0
220
0.0
230
1.0
  2
SOLID
 70
     1
 71
     0
 91
        1
 92
        7
 72
     1
 73
     1
 93
        3
 10
17845.68713363237
 20
1340.051278830659
 42
0.0
 10
17845.68713363237
 20
1338.829710455647
 42
0.0
 10
17847.12939143716
 20
1338.829710455647
 42
-0.2672209219631376
 97
        0
 75
     0
 76
     1
 47
0.0339865135127925
 98
        1
 10
17845.77415529196
 20
1339.206668937731
450
        0
451
        0
460
0.0
461
0.0
452
        1
462
1.0
453
        2
463
0.0
 63
     5
421
      255
463
1.0
 63
     7
421
 16777215
470
LINEAR
1001
ACAD
1010
0.0
1020
0.0
1030
0.0
1001
ACDBBLOCKREPETAG
1070
     1
1071
       35
1005
293
  0
ARC
  5
294
330
26D
100
AcDbEntity
  8
ART_ANKRAJ
100
AcDbCircle
 10
17847.46950037486
 20
1340.693456482178
 30
0.0
 40
1.894524568569431
100
AcDbArc
 50
199.8138330380118
 51
259.6580780853506
1001
ACDBBLOCKREPETAG
1070
     1
1071
       36
1005
294
  0
INSERT
  5
295
330
26D
100
AcDbEntity
  8
ART_AKSESUAR
100
AcDbBlockReference
  2
120'lik_Dubel
 10
-27254.97588469669
 20
-61229.54433882112
 30
0.0
 43
-1.0
210
0.0
220
0.0
230
-1.0
1001
ACDBBLOCKREPETAG
1070
     1
1071
       37
1005
295
  0
INSERT
  5
296
330
26D
100
AcDbEntity
  8
ART_AKSESUAR
100
AcDbBlockReference
  2
120'lik_Dubel
 10
-27376.97588469978
 20
-61229.54433882089
 30
0.0
 43
-1.0
210
0.0
220
0.0
230
-1.0
1001
ACDBBLOCKREPETAG
1070
     1
1071
       38
1005
296
  0
ENDBLK
  5
297
330
26D
100
AcDbEntity
  8
0
100
AcDbBlockEnd
  0
BLOCK
  5
3B1
330
3B0
100
AcDbEntity
  8
0
100
AcDbBlockBegin
  2
*D13
 70
     1
 10
0.0
 20
0.0
 30
0.0
  3
*D13
  1

  0
LINE
  5
3B2
330
3B0
100
AcDbEntity
  8
ART_ÖLÇÜ
 62
     0
440
 16777216
370
     5
100
AcDbLine
 10
-74175.35506285418
 20
42306.52675377458
 30
0.0
 11
-74183.06279042787
 21
42306.52675377458
 31
0.0
  0
LINE
  5
3B3
330
3B0
100
AcDbEntity
  8
ART_ÖLÇÜ
 62
     0
440
 16777216
370
     5
100
AcDbLine
 10
-74175.35506285418
 20
42294.52675377458
 30
0.0
 11
-74183.06279042787
 21
42294.52675377458
 31
0.0
  0
LINE
  5
3B4
330
3B0
100
AcDbEntity
  8
ART_ÖLÇÜ
 62
     0
440
 16777216
370
     5
100
AcDbLine
 10
-74181.56279042786
 20
42308.02675377458
 30
0.0
 11
-74181.56279042786
 21
42293.02675377458
 31
0.0
  0
INSERT
  5
3B5
330
3B0
100
AcDbEntity
  8
ART_ÖLÇÜ
 62
     0
440
 16777216
370
     5
100
AcDbBlockReference
  2
_OBLIQUE
 10
-74181.56279042786
 20
42306.52675377458
 30
0.0
 41
1.5
 42
1.5
 43
1.5
 50
90.0
  0
INSERT
  5
3B6
330
3B0
100
AcDbEntity
  8
ART_ÖLÇÜ
 62
     0
440
 16777216
370
     5
100
AcDbBlockReference
  2
_OBLIQUE
 10
-74181.56279042786
 20
42294.52675377458
 30
0.0
 41
1.5
 42
1.5
 43
1.5
 50
270.0
  0
MTEXT
  5
3B7
330
3B0
100
AcDbEntity
  8
ART_ÖLÇÜ
440
 16777216
100
AcDbMText
 10
-74183.43779042784
 20
42300.52675377459
 30
0.0
 40
2.25
 41
0.0
 46
0.0
 71
     5
 72
     1
  1
\A1;12
  7
YZ
 11
0.0000000000000001
 21
1.0
 31
0.0
 73
     1
 44
1.0
  0
POINT
  5
3B8
330
3B0
100
AcDbEntity
  8
Defpoints
 62
     0
440
 16777216
100
AcDbPoint
 10
-74173.85506285419
 20
42306.52675377458
 30
0.0
  0
POINT
  5
3B9
330
3B0
100
AcDbEntity
  8
Defpoints
 62
     0
440
 16777216
100
AcDbPoint
 10
-74173.85506285419
 20
42294.52675377458
 30
0.0
  0
POINT
  5
3BA
330
3B0
100
AcDbEntity
  8
Defpoints
 62
     0
440
 16777216
100
AcDbPoint
 10
-74181.56279042786
 20
42294.52675377458
 30
0.0
  0
ENDBLK
  5
3BB
330
3B0
100
AcDbEntity
  8
0
100
AcDbBlockEnd
  0
BLOCK
  5
3BE
330
3BD
100
AcDbEntity
  8
0
100
AcDbBlockBegin
  2
*D14
 70
     1
 10
0.0
 20
0.0
 30
0.0
  3
*D14
  1

  0
LINE
  5
3BF
330
3BD
100
AcDbEntity
  8
ART_ÖLÇÜ
 62
     0
440
 16777216
370
     5
100
AcDbLine
 10
-74175.35506285418
 20
42294.52675377458
 30
0.0
 11
-74183.06279042787
 21
42294.52675377458
 31
0.0
  0
LINE
  5
3C0
330
3BD
100
AcDbEntity
  8
ART_ÖLÇÜ
 62
     0
440
 16777216
370
     5
100
AcDbLine
 10
-74175.35506285418
 20
42268.4892450523
 30
0.0
 11
-74183.06279042787
 21
42268.4892450523
 31
0.0
  0
LINE
  5
3C1
330
3BD
100
AcDbEntity
  8
ART_ÖLÇÜ
 62
     0
440
 16777216
370
     5
100
AcDbLine
 10
-74181.56279042786
 20
42296.02675377458
 30
0.0
 11
-74181.56279042786
 21
42266.98924505231
 31
0.0
  0
INSERT
  5
3C2
330
3BD
100
AcDbEntity
  8
ART_ÖLÇÜ
 62
     0
440
 16777216
370
     5
100
AcDbBlockReference
  2
_OBLIQUE
 10
-74181.56279042786
 20
42294.52675377458
 30
0.0
 41
1.5
 42
1.5
 43
1.5
 50
90.0
  0
INSERT
  5
3C3
330
3BD
100
AcDbEntity
  8
ART_ÖLÇÜ
 62
     0
440
 16777216
370
     5
100
AcDbBlockReference
  2
_OBLIQUE
 10
-74181.56279042786
 20
42268.4892450523
 30
0.0
 41
1.5
 42
1.5
 43
1.5
 50
270.0
  0
MTEXT
  5
3C4
330
3BD
100
AcDbEntity
  8
ART_ÖLÇÜ
440
 16777216
100
AcDbMText
 10
-74183.43779042784
 20
42281.50799941346
 30
0.0
 40
2.25
 41
0.0
 46
0.0
 71
     5
 72
     1
  1
\A1;26
  7
YZ
 11
0.0000000000000001
 21
1.0
 31
0.0
 73
     1
 44
1.0
  0
POINT
  5
3C5
330
3BD
100
AcDbEntity
  8
Defpoints
 62
     0
440
 16777216
100
AcDbPoint
 10
-74173.85506285419
 20
42294.52675377458
 30
0.0
  0
POINT
  5
3C6
330
3BD
100
AcDbEntity
  8
Defpoints
 62
     0
440
 16777216
100
AcDbPoint
 10
-74173.85506285419
 20
42268.4892450523
 30
0.0
  0
POINT
  5
3C7
330
3BD
100
AcDbEntity
  8
Defpoints
 62
     0
440
 16777216
100
AcDbPoint
 10
-74181.56279042786
 20
42268.4892450523
 30
0.0
  0
ENDBLK
  5
3C8
330
3BD
100
AcDbEntity
  8
0
100
AcDbBlockEnd
  0
BLOCK
  5
3CB
330
3CA
100
AcDbEntity
  8
0
100
AcDbBlockBegin
  2
*D15
 70
     1
 10
0.0
 20
0.0
 30
0.0
  3
*D15
  1

  0
LINE
  5
3CC
330
3CA
100
AcDbEntity
  8
ART_ÖLÇÜ
 62
     0
440
 16777216
370
     5
100
AcDbLine
 10
-74175.35506285418
 20
42268.4892450523
 30
0.0
 11
-74183.06279042787
 21
42268.4892450523
 31
0.0
  0
LINE
  5
3CD
330
3CA
100
AcDbEntity
  8
ART_ÖLÇÜ
 62
     0
440
 16777216
370
     5
100
AcDbLine
 10
-74175.35506285418
 20
42256.48924505231
 30
0.0
 11
-74183.06279042787
 21
42256.48924505231
 31
0.0
  0
LINE
  5
3CE
330
3CA
100
AcDbEntity
  8
ART_ÖLÇÜ
 62
     0
440
 16777216
370
     5
100
AcDbLine
 10
-74181.56279042786
 20
42269.98924505231
 30
0.0
 11
-74181.56279042786
 21
42254.98924505231
 31
0.0
  0
INSERT
  5
3CF
330
3CA
100
AcDbEntity
  8
ART_ÖLÇÜ
 62
     0
440
 16777216
370
     5
100
AcDbBlockReference
  2
_OBLIQUE
 10
-74181.56279042786
 20
42268.4892450523
 30
0.0
 41
1.5
 42
1.5
 43
1.5
 50
90.0
  0
INSERT
  5
3D0
330
3CA
100
AcDbEntity
  8
ART_ÖLÇÜ
 62
     0
440
 16777216
370
     5
100
AcDbBlockReference
  2
_OBLIQUE
 10
-74181.56279042786
 20
42256.48924505231
 30
0.0
 41
1.5
 42
1.5
 43
1.5
 50
270.0
  0
MTEXT
  5
3D1
330
3CA
100
AcDbEntity
  8
ART_ÖLÇÜ
440
 16777216
100
AcDbMText
 10
-74183.43779042784
 20
42262.48924505232
 30
0.0
 40
2.25
 41
0.0
 46
0.0
 71
     5
 72
     1
  1
\A1;12
  7
YZ
 11
0.0000000000000001
 21
1.0
 31
0.0
 73
     1
 44
1.0
  0
POINT
  5
3D2
330
3CA
100
AcDbEntity
  8
Defpoints
 62
     0
440
 16777216
100
AcDbPoint
 10
-74173.85506285419
 20
42268.4892450523
 30
0.0
  0
POINT
  5
3D3
330
3CA
100
AcDbEntity
  8
Defpoints
 62
     0
440
 16777216
100
AcDbPoint
 10
-74173.85506285419
 20
42256.48924505231
 30
0.0
  0
POINT
  5
3D4
330
3CA
100
AcDbEntity
  8
Defpoints
 62
     0
440
 16777216
100
AcDbPoint
 10
-74181.56279042786
 20
42256.48924505231
 30
0.0
  0
ENDBLK
  5
3D5
330
3CA
100
AcDbEntity
  8
0
100
AcDbBlockEnd
  0
BLOCK
  5
4AA
330
4A9
100
AcDbEntity
  8
0
100
AcDbBlockBegin
  2
*D16
 70
     1
 10
0.0
 20
0.0
 30
0.0
  3
*D16
  1

  0
LINE
  5
4AB
330
4A9
100
AcDbEntity
  8
ART_ÖLÇÜ
 62
     0
440
 16777216
370
     5
100
AcDbLine
 10
-74095.38695419677
 20
42375.19559288259
 30
0.0
 11
-74095.38695419677
 21
42379.69510485932
 31
0.0
  0
LINE
  5
4AC
330
4A9
100
AcDbEntity
  8
ART_ÖLÇÜ
 62
     0
440
 16777216
370
     5
100
AcDbLine
 10
-74071.90570855803
 20
42375.19559288259
 30
0.0
 11
-74071.90570855803
 21
42379.69510485932
 31
0.0
  0
LINE
  5
4AD
330
4A9
100
AcDbEntity
  8
ART_ÖLÇÜ
 62
     0
440
 16777216
370
     5
100
AcDbLine
 10
-74096.88695419677
 20
42378.1951048593
 30
0.0
 11
-74070.40570855802
 21
42378.1951048593
 31
0.0
  0
INSERT
  5
4AE
330
4A9
100
AcDbEntity
  8
ART_ÖLÇÜ
 62
     0
440
 16777216
370
     5
100
AcDbBlockReference
  2
_OBLIQUE
 10
-74095.38695419677
 20
42378.1951048593
 30
0.0
 41
1.5
 42
1.5
 43
1.5
 50
180.0
  0
INSERT
  5
4AF
330
4A9
100
AcDbEntity
  8
ART_ÖLÇÜ
 62
     0
440
 16777216
370
     5
100
AcDbBlockReference
  2
_OBLIQUE
 10
-74071.90570855803
 20
42378.1951048593
 30
0.0
 41
1.5
 42
1.5
 43
1.5
  0
MTEXT
  5
4B0
330
4A9
100
AcDbEntity
  8
ART_ÖLÇÜ
440
 16777216
100
AcDbMText
 10
-74083.6463313774
 20
42380.0701048593
 30
0.0
 40
2.25
 41
0.0
 46
0.0
 71
     5
 72
     1
  1
\A1;23
  7
YZ
 73
     1
 44
1.0
  0
POINT
  5
4B1
330
4A9
100
AcDbEntity
  8
Defpoints
 62
     0
440
 16777216
100
AcDbPoint
 10
-74095.38695419677
 20
42373.69559288258
 30
0.0
  0
POINT
  5
4B2
330
4A9
100
AcDbEntity
  8
Defpoints
 62
     0
440
 16777216
100
AcDbPoint
 10
-74071.90570855803
 20
42373.69559288258
 30
0.0
  0
POINT
  5
4B3
330
4A9
100
AcDbEntity
  8
Defpoints
 62
     0
440
 16777216
100
AcDbPoint
 10
-74071.90570855803
 20
42378.1951048593
 30
0.0
  0
ENDBLK
  5
4B4
330
4A9
100
AcDbEntity
  8
0
100
AcDbBlockEnd
  0
BLOCK
  5
4B7
330
4B6
100
AcDbEntity
  8
0
100
AcDbBlockBegin
  2
*D17
 70
     1
 10
0.0
 20
0.0
 30
0.0
  3
*D17
  1

  0
LINE
  5
4B8
330
4B6
100
AcDbEntity
  8
ART_ÖLÇÜ
 62
     0
440
 16777216
370
     5
100
AcDbLine
 10
-74071.90570855803
 20
42375.19559288259
 30
0.0
 11
-74071.90570855803
 21
42379.69510485932
 31
0.0
  0
LINE
  5
4B9
330
4B6
100
AcDbEntity
  8
ART_ÖLÇÜ
 62
     0
440
 16777216
370
     5
100
AcDbLine
 10
-74045.86819983575
 20
42375.19559288259
 30
0.0
 11
-74045.86819983575
 21
42379.69510485932
 31
0.0
  0
LINE
  5
4BA
330
4B6
100
AcDbEntity
  8
ART_ÖLÇÜ
 62
     0
440
 16777216
370
     5
100
AcDbLine
 10
-74073.40570855803
 20
42378.1951048593
 30
0.0
 11
-74044.36819983575
 21
42378.1951048593
 31
0.0
  0
INSERT
  5
4BB
330
4B6
100
AcDbEntity
  8
ART_ÖLÇÜ
 62
     0
440
 16777216
370
     5
100
AcDbBlockReference
  2
_OBLIQUE
 10
-74071.90570855803
 20
42378.1951048593
 30
0.0
 41
1.5
 42
1.5
 43
1.5
 50
180.0
  0
INSERT
  5
4BC
330
4B6
100
AcDbEntity
  8
ART_ÖLÇÜ
 62
     0
440
 16777216
370
     5
100
AcDbBlockReference
  2
_OBLIQUE
 10
-74045.86819983575
 20
42378.1951048593
 30
0.0
 41
1.5
 42
1.5
 43
1.5
  0
MTEXT
  5
4BD
330
4B6
100
AcDbEntity
  8
ART_ÖLÇÜ
440
 16777216
100
AcDbMText
 10
-74058.88695419688
 20
42380.0701048593
 30
0.0
 40
2.25
 41
0.0
 46
0.0
 71
     5
 72
     1
  1
\A1;26
  7
YZ
 73
     1
 44
1.0
  0
POINT
  5
4BE
330
4B6
100
AcDbEntity
  8
Defpoints
 62
     0
440
 16777216
100
AcDbPoint
 10
-74071.90570855803
 20
42373.69559288258
 30
0.0
  0
POINT
  5
4BF
330
4B6
100
AcDbEntity
  8
Defpoints
 62
     0
440
 16777216
100
AcDbPoint
 10
-74045.86819983575
 20
42373.69559288258
 30
0.0
  0
POINT
  5
4C0
330
4B6
100
AcDbEntity
  8
Defpoints
 62
     0
440
 16777216
100
AcDbPoint
 10
-74045.86819983575
 20
42378.1951048593
 30
0.0
  0
ENDBLK
  5
4C1
330
4B6
100
AcDbEntity
  8
0
100
AcDbBlockEnd
  0
BLOCK
  5
4C4
330
4C3
100
AcDbEntity
  8
0
100
AcDbBlockBegin
  2
*D18
 70
     1
 10
0.0
 20
0.0
 30
0.0
  3
*D18
  1

  0
LINE
  5
4C5
330
4C3
100
AcDbEntity
  8
ART_ÖLÇÜ
 62
     0
440
 16777216
370
     5
100
AcDbLine
 10
-74045.86819983575
 20
42375.19559288259
 30
0.0
 11
-74045.86819983575
 21
42379.69510485932
 31
0.0
  0
LINE
  5
4C6
330
4C3
100
AcDbEntity
  8
ART_ÖLÇÜ
 62
     0
440
 16777216
370
     5
100
AcDbLine
 10
-74022.38695419677
 20
42375.19559288259
 30
0.0
 11
-74022.38695419677
 21
42379.69510485932
 31
0.0
  0
LINE
  5
4C7
330
4C3
100
AcDbEntity
  8
ART_ÖLÇÜ
 62
     0
440
 16777216
370
     5
100
AcDbLine
 10
-74047.36819983575
 20
42378.1951048593
 30
0.0
 11
-74020.88695419677
 21
42378.1951048593
 31
0.0
  0
INSERT
  5
4C8
330
4C3
100
AcDbEntity
  8
ART_ÖLÇÜ
 62
     0
440
 16777216
370
     5
100
AcDbBlockReference
  2
_OBLIQUE
 10
-74045.86819983575
 20
42378.1951048593
 30
0.0
 41
1.5
 42
1.5
 43
1.5
 50
180.0
  0
INSERT
  5
4C9
330
4C3
100
AcDbEntity
  8
ART_ÖLÇÜ
 62
     0
440
 16777216
370
     5
100
AcDbBlockReference
  2
_OBLIQUE
 10
-74022.38695419677
 20
42378.1951048593
 30
0.0
 41
1.5
 42
1.5
 43
1.5
  0
MTEXT
  5
4CA
330
4C3
100
AcDbEntity
  8
ART_ÖLÇÜ
440
 16777216
100
AcDbMText
 10
-74034.12757701626
 20
42380.0701048593
 30
0.0
 40
2.25
 41
0.0
 46
0.0
 71
     5
 72
     1
  1
\A1;23
  7
YZ
 73
     1
 44
1.0
  0
POINT
  5
4CB
330
4C3
100
AcDbEntity
  8
Defpoints
 62
     0
440
 16777216
100
AcDbPoint
 10
-74045.86819983575
 20
42373.69559288258
 30
0.0
  0
POINT
  5
4CC
330
4C3
100
AcDbEntity
  8
Defpoints
 62
     0
440
 16777216
100
AcDbPoint
 10
-74022.38695419677
 20
42373.69559288258
 30
0.0
  0
POINT
  5
4CD
330
4C3
100
AcDbEntity
  8
Defpoints
 62
     0
440
 16777216
100
AcDbPoint
 10
-74022.38695419677
 20
42378.1951048593
 30
0.0
  0
ENDBLK
  5
4CE
330
4C3
100
AcDbEntity
  8
0
100
AcDbBlockEnd
  0
BLOCK
  5
4D1
330
4D0
100
AcDbEntity
  8
0
100
AcDbBlockBegin
  2
*D19
 70
     1
 10
0.0
 20
0.0
 30
0.0
  3
*D19
  1

  0
LINE
  5
4D2
330
4D0
100
AcDbEntity
  8
ART_ÖLÇÜ
 62
     0
440
 16777216
370
     5
100
AcDbLine
 10
-74226.0791530486
 20
42306.52675377458
 30
0.0
 11
-74214.80324324423
 21
42306.52675377458
 31
0.0
  0
LINE
  5
4D3
330
4D0
100
AcDbEntity
  8
ART_ÖLÇÜ
 62
     0
440
 16777216
370
     5
100
AcDbLine
 10
-74226.0791530486
 20
42294.52675377458
 30
0.0
 11
-74214.80324324423
 21
42294.52675377458
 31
0.0
  0
LINE
  5
4D4
330
4D0
100
AcDbEntity
  8
ART_ÖLÇÜ
 62
     0
440
 16777216
370
     5
100
AcDbLine
 10
-74216.30324324422
 20
42308.02675377458
 30
0.0
 11
-74216.30324324422
 21
42293.02675377458
 31
0.0
  0
INSERT
  5
4D5
330
4D0
100
AcDbEntity
  8
ART_ÖLÇÜ
 62
     0
440
 16777216
370
     5
100
AcDbBlockReference
  2
_OBLIQUE
 10
-74216.30324324422
 20
42306.52675377458
 30
0.0
 41
1.5
 42
1.5
 43
1.5
 50
90.0
  0
INSERT
  5
4D6
330
4D0
100
AcDbEntity
  8
ART_ÖLÇÜ
 62
     0
440
 16777216
370
     5
100
AcDbBlockReference
  2
_OBLIQUE
 10
-74216.30324324422
 20
42294.52675377458
 30
0.0
 41
1.5
 42
1.5
 43
1.5
 50
270.0
  0
MTEXT
  5
4D7
330
4D0
100
AcDbEntity
  8
ART_ÖLÇÜ
440
 16777216
100
AcDbMText
 10
-74218.1782432442
 20
42300.52675377459
 30
0.0
 40
2.25
 41
0.0
 46
0.0
 71
     5
 72
     1
  1
\A1;12
  7
YZ
 11
0.0000000000000001
 21
1.0
 31
0.0
 73
     1
 44
1.0
  0
POINT
  5
4D8
330
4D0
100
AcDbEntity
  8
Defpoints
 62
     0
440
 16777216
100
AcDbPoint
 10
-74227.5791530486
 20
42306.52675377458
 30
0.0
  0
POINT
  5
4D9
330
4D0
100
AcDbEntity
  8
Defpoints
 62
     0
440
 16777216
100
AcDbPoint
 10
-74227.5791530486
 20
42294.52675377458
 30
0.0
  0
POINT
  5
4DA
330
4D0
100
AcDbEntity
  8
Defpoints
 62
     0
440
 16777216
100
AcDbPoint
 10
-74216.30324324422
 20
42294.52675377458
 30
0.0
  0
ENDBLK
  5
4DB
330
4D0
100
AcDbEntity
  8
0
100
AcDbBlockEnd
  0
BLOCK
  5
4DE
330
4DD
100
AcDbEntity
  8
0
100
AcDbBlockBegin
  2
*D20
 70
     1
 10
0.0
 20
0.0
 30
0.0
  3
*D20
  1

  0
LINE
  5
4DF
330
4DD
100
AcDbEntity
  8
ART_ÖLÇÜ
 62
     0
440
 16777216
370
     5
100
AcDbLine
 10
-74226.0791530486
 20
42294.52675377458
 30
0.0
 11
-74214.80324324423
 21
42294.52675377458
 31
0.0
  0
LINE
  5
4E0
330
4DD
100
AcDbEntity
  8
ART_ÖLÇÜ
 62
     0
440
 16777216
370
     5
100
AcDbLine
 10
-74226.0791530486
 20
42289.02675377458
 30
0.0
 11
-74214.80324324423
 21
42289.02675377458
 31
0.0
  0
LINE
  5
4E1
330
4DD
100
AcDbEntity
  8
ART_ÖLÇÜ
 62
     0
440
 16777216
370
     5
100
AcDbLine
 10
-74216.30324324422
 20
42296.02675377458
 30
0.0
 11
-74216.30324324422
 21
42287.52675377458
 31
0.0
  0
INSERT
  5
4E2
330
4DD
100
AcDbEntity
  8
ART_ÖLÇÜ
 62
     0
440
 16777216
370
     5
100
AcDbBlockReference
  2
_OBLIQUE
 10
-74216.30324324422
 20
42294.52675377458
 30
0.0
 41
1.5
 42
1.5
 43
1.5
 50
90.0
  0
INSERT
  5
4E3
330
4DD
100
AcDbEntity
  8
ART_ÖLÇÜ
 62
     0
440
 16777216
370
     5
100
AcDbBlockReference
  2
_OBLIQUE
 10
-74216.30324324422
 20
42289.02675377458
 30
0.0
 41
1.5
 42
1.5
 43
1.5
 50
270.0
  0
MTEXT
  5
4E4
330
4DD
100
AcDbEntity
  8
ART_ÖLÇÜ
440
 16777216
100
AcDbMText
 10
-74218.1782432442
 20
42291.77675377458
 30
0.0
 40
2.25
 41
0.0
 46
0.0
 71
     5
 72
     1
  1
\A1;6
  7
YZ
 11
0.0000000000000001
 21
1.0
 31
0.0
 73
     1
 44
1.0
  0
POINT
  5
4E5
330
4DD
100
AcDbEntity
  8
Defpoints
 62
     0
440
 16777216
100
AcDbPoint
 10
-74227.5791530486
 20
42294.52675377458
 30
0.0
  0
POINT
  5
4E6
330
4DD
100
AcDbEntity
  8
Defpoints
 62
     0
440
 16777216
100
AcDbPoint
 10
-74227.5791530486
 20
42289.02675377458
 30
0.0
  0
POINT
  5
4E7
330
4DD
100
AcDbEntity
  8
Defpoints
 62
     0
440
 16777216
100
AcDbPoint
 10
-74216.30324324422
 20
42289.02675377458
 30
0.0
  0
ENDBLK
  5
4E8
330
4DD
100
AcDbEntity
  8
0
100
AcDbBlockEnd
  0
BLOCK
  5
4EB
330
4EA
100
AcDbEntity
  8
0
100
AcDbBlockBegin
  2
*D21
 70
     1
 10
0.0
 20
0.0
 30
0.0
  3
*D21
  1

  0
LINE
  5
4EC
330
4EA
100
AcDbEntity
  8
ART_ÖLÇÜ
 62
     0
440
 16777216
370
     5
100
AcDbLine
 10
-74226.0791530486
 20
42289.02675377458
 30
0.0
 11
-74214.80324324423
 21
42289.02675377458
 31
0.0
  0
LINE
  5
4ED
330
4EA
100
AcDbEntity
  8
ART_ÖLÇÜ
 62
     0
440
 16777216
370
     5
100
AcDbLine
 10
-74226.0791530486
 20
42273.98924505231
 30
0.0
 11
-74214.80324324423
 21
42273.98924505231
 31
0.0
  0
LINE
  5
4EE
330
4EA
100
AcDbEntity
  8
ART_ÖLÇÜ
 62
     0
440
 16777216
370
     5
100
AcDbLine
 10
-74216.30324324422
 20
42290.52675377458
 30
0.0
 11
-74216.30324324422
 21
42272.4892450523
 31
0.0
  0
INSERT
  5
4EF
330
4EA
100
AcDbEntity
  8
ART_ÖLÇÜ
 62
     0
440
 16777216
370
     5
100
AcDbBlockReference
  2
_OBLIQUE
 10
-74216.30324324422
 20
42289.02675377458
 30
0.0
 41
1.5
 42
1.5
 43
1.5
 50
90.0
  0
INSERT
  5
4F0
330
4EA
100
AcDbEntity
  8
ART_ÖLÇÜ
 62
     0
440
 16777216
370
     5
100
AcDbBlockReference
  2
_OBLIQUE
 10
-74216.30324324422
 20
42273.98924505231
 30
0.0
 41
1.5
 42
1.5
 43
1.5
 50
270.0
  0
MTEXT
  5
4F1
330
4EA
100
AcDbEntity
  8
ART_ÖLÇÜ
440
 16777216
100
AcDbMText
 10
-74218.1782432442
 20
42281.50799941346
 30
0.0
 40
2.25
 41
0.0
 46
0.0
 71
     5
 72
     1
  1
\A1;15
  7
YZ
 11
0.0000000000000001
 21
1.0
 31
0.0
 73
     1
 44
1.0
  0
POINT
  5
4F2
330
4EA
100
AcDbEntity
  8
Defpoints
 62
     0
440
 16777216
100
AcDbPoint
 10
-74227.5791530486
 20
42289.02675377458
 30
0.0
  0
POINT
  5
4F3
330
4EA
100
AcDbEntity
  8
Defpoints
 62
     0
440
 16777216
100
AcDbPoint
 10
-74227.5791530486
 20
42273.98924505231
 30
0.0
  0
POINT
  5
4F4
330
4EA
100
AcDbEntity
  8
Defpoints
 62
     0
440
 16777216
100
AcDbPoint
 10
-74216.30324324422
 20
42273.98924505231
 30
0.0
  0
ENDBLK
  5
4F5
330
4EA
100
AcDbEntity
  8
0
100
AcDbBlockEnd
  0
BLOCK
  5
4F8
330
4F7
100
AcDbEntity
  8
0
100
AcDbBlockBegin
  2
*D22
 70
     1
 10
0.0
 20
0.0
 30
0.0
  3
*D22
  1

  0
LINE
  5
4F9
330
4F7
100
AcDbEntity
  8
ART_ÖLÇÜ
 62
     0
440
 16777216
370
     5
100
AcDbLine
 10
-74226.0791530486
 20
42273.98924505231
 30
0.0
 11
-74214.80324324423
 21
42273.98924505231
 31
0.0
  0
LINE
  5
4FA
330
4F7
100
AcDbEntity
  8
ART_ÖLÇÜ
 62
     0
440
 16777216
370
     5
100
AcDbLine
 10
-74226.0791530486
 20
42268.4892450523
 30
0.0
 11
-74214.80324324423
 21
42268.4892450523
 31
0.0
  0
LINE
  5
4FB
330
4F7
100
AcDbEntity
  8
ART_ÖLÇÜ
 62
     0
440
 16777216
370
     5
100
AcDbLine
 10
-74216.30324324422
 20
42275.48924505231
 30
0.0
 11
-74216.30324324422
 21
42266.98924505231
 31
0.0
  0
INSERT
  5
4FC
330
4F7
100
AcDbEntity
  8
ART_ÖLÇÜ
 62
     0
440
 16777216
370
     5
100
AcDbBlockReference
  2
_OBLIQUE
 10
-74216.30324324422
 20
42273.98924505231
 30
0.0
 41
1.5
 42
1.5
 43
1.5
 50
90.0
  0
INSERT
  5
4FD
330
4F7
100
AcDbEntity
  8
ART_ÖLÇÜ
 62
     0
440
 16777216
370
     5
100
AcDbBlockReference
  2
_OBLIQUE
 10
-74216.30324324422
 20
42268.4892450523
 30
0.0
 41
1.5
 42
1.5
 43
1.5
 50
270.0
  0
MTEXT
  5
4FE
330
4F7
100
AcDbEntity
  8
ART_ÖLÇÜ
440
 16777216
100
AcDbMText
 10
-74218.1782432442
 20
42271.23924505232
 30
0.0
 40
2.25
 41
0.0
 46
0.0
 71
     5
 72
     1
  1
\A1;6
  7
YZ
 11
0.0000000000000001
 21
1.0
 31
0.0
 73
     1
 44
1.0
  0
POINT
  5
4FF
330
4F7
100
AcDbEntity
  8
Defpoints
 62
     0
440
 16777216
100
AcDbPoint
 10
-74227.5791530486
 20
42273.98924505231
 30
0.0
  0
POINT
  5
500
330
4F7
100
AcDbEntity
  8
Defpoints
 62
     0
440
 16777216
100
AcDbPoint
 10
-74227.5791530486
 20
42268.4892450523
 30
0.0
  0
POINT
  5
501
330
4F7
100
AcDbEntity
  8
Defpoints
 62
     0
440
 16777216
100
AcDbPoint
 10
-74216.30324324422
 20
42268.4892450523
 30
0.0
  0
ENDBLK
  5
502
330
4F7
100
AcDbEntity
  8
0
100
AcDbBlockEnd
  0
BLOCK
  5
505
330
504
100
AcDbEntity
  8
0
100
AcDbBlockBegin
  2
*D23
 70
     1
 10
0.0
 20
0.0
 30
0.0
  3
*D23
  1

  0
LINE
  5
506
330
504
100
AcDbEntity
  8
ART_ÖLÇÜ
 62
     0
440
 16777216
370
     5
100
AcDbLine
 10
-74226.0791530486
 20
42268.4892450523
 30
0.0
 11
-74214.80324324423
 21
42268.4892450523
 31
0.0
  0
LINE
  5
507
330
504
100
AcDbEntity
  8
ART_ÖLÇÜ
 62
     0
440
 16777216
370
     5
100
AcDbLine
 10
-74226.0791530486
 20
42256.48924505231
 30
0.0
 11
-74214.80324324423
 21
42256.48924505231
 31
0.0
  0
LINE
  5
508
330
504
100
AcDbEntity
  8
ART_ÖLÇÜ
 62
     0
440
 16777216
370
     5
100
AcDbLine
 10
-74216.30324324422
 20
42269.98924505231
 30
0.0
 11
-74216.30324324422
 21
42254.98924505231
 31
0.0
  0
INSERT
  5
509
330
504
100
AcDbEntity
  8
ART_ÖLÇÜ
 62
     0
440
 16777216
370
     5
100
AcDbBlockReference
  2
_OBLIQUE
 10
-74216.30324324422
 20
42268.4892450523
 30
0.0
 41
1.5
 42
1.5
 43
1.5
 50
90.0
  0
INSERT
  5
50A
330
504
100
AcDbEntity
  8
ART_ÖLÇÜ
 62
     0
440
 16777216
370
     5
100
AcDbBlockReference
  2
_OBLIQUE
 10
-74216.30324324422
 20
42256.48924505231
 30
0.0
 41
1.5
 42
1.5
 43
1.5
 50
270.0
  0
MTEXT
  5
50B
330
504
100
AcDbEntity
  8
ART_ÖLÇÜ
440
 16777216
100
AcDbMText
 10
-74218.1782432442
 20
42262.48924505232
 30
0.0
 40
2.25
 41
0.0
 46
0.0
 71
     5
 72
     1
  1
\A1;12
  7
YZ
 11
0.0000000000000001
 21
1.0
 31
0.0
 73
     1
 44
1.0
  0
POINT
  5
50C
330
504
100
AcDbEntity
  8
Defpoints
 62
     0
440
 16777216
100
AcDbPoint
 10
-74227.5791530486
 20
42268.4892450523
 30
0.0
  0
POINT
  5
50D
330
504
100
AcDbEntity
  8
Defpoints
 62
     0
440
 16777216
100
AcDbPoint
 10
-74227.5791530486
 20
42256.48924505231
 30
0.0
  0
POINT
  5
50E
330
504
100
AcDbEntity
  8
Defpoints
 62
     0
440
 16777216
100
AcDbPoint
 10
-74216.30324324422
 20
42256.48924505231
 30
0.0
  0
ENDBLK
  5
50F
330
504
100
AcDbEntity
  8
0
100
AcDbBlockEnd
  0
BLOCK
  5
512
330
511
100
AcDbEntity
  8
0
100
AcDbBlockBegin
  2
*D24
 70
     1
 10
0.0
 20
0.0
 30
0.0
  3
*D24
  1

  0
LINE
  5
513
330
511
100
AcDbEntity
  8
ART_ÖLÇÜ
 62
     0
440
 16777216
370
     5
100
AcDbLine
 10
-74214.8032432442
 20
42306.52675377458
 30
0.0
 11
-74207.09551567056
 21
42306.52675377458
 31
0.0
  0
LINE
  5
514
330
511
100
AcDbEntity
  8
ART_ÖLÇÜ
 62
     0
440
 16777216
370
     5
100
AcDbLine
 10
-74214.8032432442
 20
42294.52675377458
 30
0.0
 11
-74207.09551567056
 21
42294.52675377458
 31
0.0
  0
LINE
  5
515
330
511
100
AcDbEntity
  8
ART_ÖLÇÜ
 62
     0
440
 16777216
370
     5
100
AcDbLine
 10
-74208.59551567056
 20
42308.02675377458
 30
0.0
 11
-74208.59551567056
 21
42293.02675377458
 31
0.0
  0
INSERT
  5
516
330
511
100
AcDbEntity
  8
ART_ÖLÇÜ
 62
     0
440
 16777216
370
     5
100
AcDbBlockReference
  2
_OBLIQUE
 10
-74208.59551567056
 20
42306.52675377458
 30
0.0
 41
1.5
 42
1.5
 43
1.5
 50
90.0
  0
INSERT
  5
517
330
511
100
AcDbEntity
  8
ART_ÖLÇÜ
 62
     0
440
 16777216
370
     5
100
AcDbBlockReference
  2
_OBLIQUE
 10
-74208.59551567056
 20
42294.52675377458
 30
0.0
 41
1.5
 42
1.5
 43
1.5
 50
270.0
  0
MTEXT
  5
518
330
511
100
AcDbEntity
  8
ART_ÖLÇÜ
440
 16777216
100
AcDbMText
 10
-74210.47051567053
 20
42300.52675377459
 30
0.0
 40
2.25
 41
0.0
 46
0.0
 71
     5
 72
     1
  1
\A1;12
  7
YZ
 11
0.0000000000000001
 21
1.0
 31
0.0
 73
     1
 44
1.0
  0
POINT
  5
519
330
511
100
AcDbEntity
  8
Defpoints
 62
     0
440
 16777216
100
AcDbPoint
 10
-74216.3032432442
 20
42306.52675377458
 30
0.0
  0
POINT
  5
51A
330
511
100
AcDbEntity
  8
Defpoints
 62
     0
440
 16777216
100
AcDbPoint
 10
-74216.3032432442
 20
42294.52675377458
 30
0.0
  0
POINT
  5
51B
330
511
100
AcDbEntity
  8
Defpoints
 62
     0
440
 16777216
100
AcDbPoint
 10
-74208.59551567056
 20
42294.52675377458
 30
0.0
  0
ENDBLK
  5
51C
330
511
100
AcDbEntity
  8
0
100
AcDbBlockEnd
  0
BLOCK
  5
51F
330
51E
100
AcDbEntity
  8
0
100
AcDbBlockBegin
  2
*D25
 70
     1
 10
0.0
 20
0.0
 30
0.0
  3
*D25
  1

  0
LINE
  5
520
330
51E
100
AcDbEntity
  8
ART_ÖLÇÜ
 62
     0
440
 16777216
370
     5
100
AcDbLine
 10
-74214.8032432442
 20
42294.52675377458
 30
0.0
 11
-74207.09551567056
 21
42294.52675377458
 31
0.0
  0
LINE
  5
521
330
51E
100
AcDbEntity
  8
ART_ÖLÇÜ
 62
     0
440
 16777216
370
     5
100
AcDbLine
 10
-74214.8032432442
 20
42268.4892450523
 30
0.0
 11
-74207.09551567056
 21
42268.4892450523
 31
0.0
  0
LINE
  5
522
330
51E
100
AcDbEntity
  8
ART_ÖLÇÜ
 62
     0
440
 16777216
370
     5
100
AcDbLine
 10
-74208.59551567056
 20
42296.02675377458
 30
0.0
 11
-74208.59551567056
 21
42266.98924505231
 31
0.0
  0
INSERT
  5
523
330
51E
100
AcDbEntity
  8
ART_ÖLÇÜ
 62
     0
440
 16777216
370
     5
100
AcDbBlockReference
  2
_OBLIQUE
 10
-74208.59551567056
 20
42294.52675377458
 30
0.0
 41
1.5
 42
1.5
 43
1.5
 50
90.0
  0
INSERT
  5
524
330
51E
100
AcDbEntity
  8
ART_ÖLÇÜ
 62
     0
440
 16777216
370
     5
100
AcDbBlockReference
  2
_OBLIQUE
 10
-74208.59551567056
 20
42268.4892450523
 30
0.0
 41
1.5
 42
1.5
 43
1.5
 50
270.0
  0
MTEXT
  5
525
330
51E
100
AcDbEntity
  8
ART_ÖLÇÜ
440
 16777216
100
AcDbMText
 10
-74210.47051567053
 20
42281.50799941346
 30
0.0
 40
2.25
 41
0.0
 46
0.0
 71
     5
 72
     1
  1
\A1;26
  7
YZ
 11
0.0000000000000001
 21
1.0
 31
0.0
 73
     1
 44
1.0
  0
POINT
  5
526
330
51E
100
AcDbEntity
  8
Defpoints
 62
     0
440
 16777216
100
AcDbPoint
 10
-74216.3032432442
 20
42294.52675377458
 30
0.0
  0
POINT
  5
527
330
51E
100
AcDbEntity
  8
Defpoints
 62
     0
440
 16777216
100
AcDbPoint
 10
-74216.3032432442
 20
42268.4892450523
 30
0.0
  0
POINT
  5
528
330
51E
100
AcDbEntity
  8
Defpoints
 62
     0
440
 16777216
100
AcDbPoint
 10
-74208.59551567056
 20
42268.4892450523
 30
0.0
  0
ENDBLK
  5
529
330
51E
100
AcDbEntity
  8
0
100
AcDbBlockEnd
  0
BLOCK
  5
52C
330
52B
100
AcDbEntity
  8
0
100
AcDbBlockBegin
  2
*D26
 70
     1
 10
0.0
 20
0.0
 30
0.0
  3
*D26
  1

  0
LINE
  5
52D
330
52B
100
AcDbEntity
  8
ART_ÖLÇÜ
 62
     0
440
 16777216
370
     5
100
AcDbLine
 10
-74214.8032432442
 20
42268.4892450523
 30
0.0
 11
-74207.09551567056
 21
42268.4892450523
 31
0.0
  0
LINE
  5
52E
330
52B
100
AcDbEntity
  8
ART_ÖLÇÜ
 62
     0
440
 16777216
370
     5
100
AcDbLine
 10
-74214.8032432442
 20
42256.48924505231
 30
0.0
 11
-74207.09551567056
 21
42256.48924505231
 31
0.0
  0
LINE
  5
52F
330
52B
100
AcDbEntity
  8
ART_ÖLÇÜ
 62
     0
440
 16777216
370
     5
100
AcDbLine
 10
-74208.59551567056
 20
42269.98924505231
 30
0.0
 11
-74208.59551567056
 21
42254.98924505231
 31
0.0
  0
INSERT
  5
530
330
52B
100
AcDbEntity
  8
ART_ÖLÇÜ
 62
     0
440
 16777216
370
     5
100
AcDbBlockReference
  2
_OBLIQUE
 10
-74208.59551567056
 20
42268.4892450523
 30
0.0
 41
1.5
 42
1.5
 43
1.5
 50
90.0
  0
INSERT
  5
531
330
52B
100
AcDbEntity
  8
ART_ÖLÇÜ
 62
     0
440
 16777216
370
     5
100
AcDbBlockReference
  2
_OBLIQUE
 10
-74208.59551567056
 20
42256.48924505231
 30
0.0
 41
1.5
 42
1.5
 43
1.5
 50
270.0
  0
MTEXT
  5
532
330
52B
100
AcDbEntity
  8
ART_ÖLÇÜ
440
 16777216
100
AcDbMText
 10
-74210.47051567053
 20
42262.48924505232
 30
0.0
 40
2.25
 41
0.0
 46
0.0
 71
     5
 72
     1
  1
\A1;12
  7
YZ
 11
0.0000000000000001
 21
1.0
 31
0.0
 73
     1
 44
1.0
  0
POINT
  5
533
330
52B
100
AcDbEntity
  8
Defpoints
 62
     0
440
 16777216
100
AcDbPoint
 10
-74216.3032432442
 20
42268.4892450523
 30
0.0
  0
POINT
  5
534
330
52B
100
AcDbEntity
  8
Defpoints
 62
     0
440
 16777216
100
AcDbPoint
 10
-74216.3032432442
 20
42256.48924505231
 30
0.0
  0
POINT
  5
535
330
52B
100
AcDbEntity
  8
Defpoints
 62
     0
440
 16777216
100
AcDbPoint
 10
-74208.59551567056
 20
42256.48924505231
 30
0.0
  0
ENDBLK
  5
536
330
52B
100
AcDbEntity
  8
0
100
AcDbBlockEnd
  0
BLOCK
  5
539
330
538
100
AcDbEntity
  8
0
100
AcDbBlockBegin
  2
*D27
 70
     1
 10
0.0
 20
0.0
 30
0.0
  3
*D27
  1

  0
LINE
  5
53A
330
538
100
AcDbEntity
  8
ART_ÖLÇÜ
 62
     0
440
 16777216
370
     5
100
AcDbLine
 10
-74095.38695419677
 20
42428.35570896279
 30
0.0
 11
-74095.38695419677
 21
42419.51582504412
 31
0.0
  0
LINE
  5
53B
330
538
100
AcDbEntity
  8
ART_ÖLÇÜ
 62
     0
440
 16777216
370
     5
100
AcDbLine
 10
-74071.90570855803
 20
42428.35570896279
 30
0.0
 11
-74071.90570855803
 21
42419.51582504412
 31
0.0
  0
LINE
  5
53C
330
538
100
AcDbEntity
  8
ART_ÖLÇÜ
 62
     0
440
 16777216
370
     5
100
AcDbLine
 10
-74096.88695419677
 20
42421.01582504413
 30
0.0
 11
-74070.40570855802
 21
42421.01582504413
 31
0.0
  0
INSERT
  5
53D
330
538
100
AcDbEntity
  8
ART_ÖLÇÜ
 62
     0
440
 16777216
370
     5
100
AcDbBlockReference
  2
_OBLIQUE
 10
-74095.38695419677
 20
42421.01582504413
 30
0.0
 41
1.5
 42
1.5
 43
1.5
 50
180.0
  0
INSERT
  5
53E
330
538
100
AcDbEntity
  8
ART_ÖLÇÜ
 62
     0
440
 16777216
370
     5
100
AcDbBlockReference
  2
_OBLIQUE
 10
-74071.90570855803
 20
42421.01582504413
 30
0.0
 41
1.5
 42
1.5
 43
1.5
  0
MTEXT
  5
53F
330
538
100
AcDbEntity
  8
ART_ÖLÇÜ
440
 16777216
100
AcDbMText
 10
-74083.6463313774
 20
42422.89082504413
 30
0.0
 40
2.25
 41
0.0
 46
0.0
 71
     5
 72
     1
  1
\A1;23
  7
YZ
 73
     1
 44
1.0
  0
POINT
  5
540
330
538
100
AcDbEntity
  8
Defpoints
 62
     0
440
 16777216
100
AcDbPoint
 10
-74095.38695419677
 20
42429.85570896277
 30
0.0
  0
POINT
  5
541
330
538
100
AcDbEntity
  8
Defpoints
 62
     0
440
 16777216
100
AcDbPoint
 10
-74071.90570855803
 20
42429.85570896277
 30
0.0
  0
POINT
  5
542
330
538
100
AcDbEntity
  8
Defpoints
 62
     0
440
 16777216
100
AcDbPoint
 10
-74071.90570855803
 20
42421.01582504413
 30
0.0
  0
ENDBLK
  5
543
330
538
100
AcDbEntity
  8
0
100
AcDbBlockEnd
  0
BLOCK
  5
546
330
545
100
AcDbEntity
  8
0
100
AcDbBlockBegin
  2
*D28
 70
     1
 10
0.0
 20
0.0
 30
0.0
  3
*D28
  1

  0
LINE
  5
547
330
545
100
AcDbEntity
  8
ART_ÖLÇÜ
 62
     0
440
 16777216
370
     5
100
AcDbLine
 10
-74071.90570855803
 20
42428.35570896279
 30
0.0
 11
-74071.90570855803
 21
42419.51582504412
 31
0.0
  0
LINE
  5
548
330
545
100
AcDbEntity
  8
ART_ÖLÇÜ
 62
     0
440
 16777216
370
     5
100
AcDbLine
 10
-74066.40570855802
 20
42428.35570896279
 30
0.0
 11
-74066.40570855802
 21
42419.51582504412
 31
0.0
  0
LINE
  5
549
330
545
100
AcDbEntity
  8
ART_ÖLÇÜ
 62
     0
440
 16777216
370
     5
100
AcDbLine
 10
-74073.40570855803
 20
42421.01582504413
 30
0.0
 11
-74064.90570855803
 21
42421.01582504413
 31
0.0
  0
INSERT
  5
54A
330
545
100
AcDbEntity
  8
ART_ÖLÇÜ
 62
     0
440
 16777216
370
     5
100
AcDbBlockReference
  2
_OBLIQUE
 10
-74071.90570855803
 20
42421.01582504413
 30
0.0
 41
1.5
 42
1.5
 43
1.5
 50
180.0
  0
INSERT
  5
54B
330
545
100
AcDbEntity
  8
ART_ÖLÇÜ
 62
     0
440
 16777216
370
     5
100
AcDbBlockReference
  2
_OBLIQUE
 10
-74066.40570855802
 20
42421.01582504413
 30
0.0
 41
1.5
 42
1.5
 43
1.5
  0
MTEXT
  5
54C
330
545
100
AcDbEntity
  8
ART_ÖLÇÜ
440
 16777216
100
AcDbMText
 10
-74069.15570855803
 20
42422.89082504413
 30
0.0
 40
2.25
 41
0.0
 46
0.0
 71
     5
 72
     1
  1
\A1;6
  7
YZ
 73
     1
 44
1.0
  0
POINT
  5
54D
330
545
100
AcDbEntity
  8
Defpoints
 62
     0
440
 16777216
100
AcDbPoint
 10
-74071.90570855803
 20
42429.85570896277
 30
0.0
  0
POINT
  5
54E
330
545
100
AcDbEntity
  8
Defpoints
 62
     0
440
 16777216
100
AcDbPoint
 10
-74066.40570855802
 20
42429.85570896277
 30
0.0
  0
POINT
  5
54F
330
545
100
AcDbEntity
  8
Defpoints
 62
     0
440
 16777216
100
AcDbPoint
 10
-74066.40570855802
 20
42421.01582504413
 30
0.0
  0
ENDBLK
  5
550
330
545
100
AcDbEntity
  8
0
100
AcDbBlockEnd
  0
BLOCK
  5
553
330
552
100
AcDbEntity
  8
0
100
AcDbBlockBegin
  2
*D29
 70
     1
 10
0.0
 20
0.0
 30
0.0
  3
*D29
  1

  0
LINE
  5
554
330
552
100
AcDbEntity
  8
ART_ÖLÇÜ
 62
     0
440
 16777216
370
     5
100
AcDbLine
 10
-74066.40570855802
 20
42428.35570896279
 30
0.0
 11
-74066.40570855802
 21
42419.51582504412
 31
0.0
  0
LINE
  5
555
330
552
100
AcDbEntity
  8
ART_ÖLÇÜ
 62
     0
440
 16777216
370
     5
100
AcDbLine
 10
-74051.36819983574
 20
42428.35570896279
 30
0.0
 11
-74051.36819983574
 21
42419.51582504412
 31
0.0
  0
LINE
  5
556
330
552
100
AcDbEntity
  8
ART_ÖLÇÜ
 62
     0
440
 16777216
370
     5
100
AcDbLine
 10
-74067.90570855803
 20
42421.01582504413
 30
0.0
 11
-74049.86819983575
 21
42421.01582504413
 31
0.0
  0
INSERT
  5
557
330
552
100
AcDbEntity
  8
ART_ÖLÇÜ
 62
     0
440
 16777216
370
     5
100
AcDbBlockReference
  2
_OBLIQUE
 10
-74066.40570855802
 20
42421.01582504413
 30
0.0
 41
1.5
 42
1.5
 43
1.5
 50
180.0
  0
INSERT
  5
558
330
552
100
AcDbEntity
  8
ART_ÖLÇÜ
 62
     0
440
 16777216
370
     5
100
AcDbBlockReference
  2
_OBLIQUE
 10
-74051.36819983574
 20
42421.01582504413
 30
0.0
 41
1.5
 42
1.5
 43
1.5
  0
MTEXT
  5
559
330
552
100
AcDbEntity
  8
ART_ÖLÇÜ
440
 16777216
100
AcDbMText
 10
-74058.88695419688
 20
42422.89082504413
 30
0.0
 40
2.25
 41
0.0
 46
0.0
 71
     5
 72
     1
  1
\A1;15
  7
YZ
 73
     1
 44
1.0
  0
POINT
  5
55A
330
552
100
AcDbEntity
  8
Defpoints
 62
     0
440
 16777216
100
AcDbPoint
 10
-74066.40570855802
 20
42429.85570896277
 30
0.0
  0
POINT
  5
55B
330
552
100
AcDbEntity
  8
Defpoints
 62
     0
440
 16777216
100
AcDbPoint
 10
-74051.36819983574
 20
42429.85570896277
 30
0.0
  0
POINT
  5
55C
330
552
100
AcDbEntity
  8
Defpoints
 62
     0
440
 16777216
100
AcDbPoint
 10
-74051.36819983574
 20
42421.01582504413
 30
0.0
  0
ENDBLK
  5
55D
330
552
100
AcDbEntity
  8
0
100
AcDbBlockEnd
  0
BLOCK
  5
560
330
55F
100
AcDbEntity
  8
0
100
AcDbBlockBegin
  2
*D30
 70
     1
 10
0.0
 20
0.0
 30
0.0
  3
*D30
  1

  0
LINE
  5
561
330
55F
100
AcDbEntity
  8
ART_ÖLÇÜ
 62
     0
440
 16777216
370
     5
100
AcDbLine
 10
-74051.36819983574
 20
42428.35570896279
 30
0.0
 11
-74051.36819983574
 21
42419.51582504412
 31
0.0
  0
LINE
  5
562
330
55F
100
AcDbEntity
  8
ART_ÖLÇÜ
 62
     0
440
 16777216
370
     5
100
AcDbLine
 10
-74045.86819983575
 20
42428.35570896279
 30
0.0
 11
-74045.86819983575
 21
42419.51582504412
 31
0.0
  0
LINE
  5
563
330
55F
100
AcDbEntity
  8
ART_ÖLÇÜ
 62
     0
440
 16777216
370
     5
100
AcDbLine
 10
-74052.86819983575
 20
42421.01582504413
 30
0.0
 11
-74044.36819983575
 21
42421.01582504413
 31
0.0
  0
INSERT
  5
564
330
55F
100
AcDbEntity
  8
ART_ÖLÇÜ
 62
     0
440
 16777216
370
     5
100
AcDbBlockReference
  2
_OBLIQUE
 10
-74051.36819983574
 20
42421.01582504413
 30
0.0
 41
1.5
 42
1.5
 43
1.5
 50
180.0
  0
INSERT
  5
565
330
55F
100
AcDbEntity
  8
ART_ÖLÇÜ
 62
     0
440
 16777216
370
     5
100
AcDbBlockReference
  2
_OBLIQUE
 10
-74045.86819983575
 20
42421.01582504413
 30
0.0
 41
1.5
 42
1.5
 43
1.5
  0
MTEXT
  5
566
330
55F
100
AcDbEntity
  8
ART_ÖLÇÜ
440
 16777216
100
AcDbMText
 10
-74048.61819983575
 20
42422.89082504413
 30
0.0
 40
2.25
 41
0.0
 46
0.0
 71
     5
 72
     1
  1
\A1;6
  7
YZ
 73
     1
 44
1.0
  0
POINT
  5
567
330
55F
100
AcDbEntity
  8
Defpoints
 62
     0
440
 16777216
100
AcDbPoint
 10
-74051.36819983574
 20
42429.85570896277
 30
0.0
  0
POINT
  5
568
330
55F
100
AcDbEntity
  8
Defpoints
 62
     0
440
 16777216
100
AcDbPoint
 10
-74045.86819983575
 20
42429.85570896277
 30
0.0
  0
POINT
  5
569
330
55F
100
AcDbEntity
  8
Defpoints
 62
     0
440
 16777216
100
AcDbPoint
 10
-74045.86819983575
 20
42421.01582504413
 30
0.0
  0
ENDBLK
  5
56A
330
55F
100
AcDbEntity
  8
0
100
AcDbBlockEnd
  0
BLOCK
  5
56D
330
56C
100
AcDbEntity
  8
0
100
AcDbBlockBegin
  2
*D31
 70
     1
 10
0.0
 20
0.0
 30
0.0
  3
*D31
  1

  0
LINE
  5
56E
330
56C
100
AcDbEntity
  8
ART_ÖLÇÜ
 62
     0
440
 16777216
370
     5
100
AcDbLine
 10
-74045.86819983575
 20
42428.35570896279
 30
0.0
 11
-74045.86819983575
 21
42419.51582504412
 31
0.0
  0
LINE
  5
56F
330
56C
100
AcDbEntity
  8
ART_ÖLÇÜ
 62
     0
440
 16777216
370
     5
100
AcDbLine
 10
-74022.38695419677
 20
42428.35570896279
 30
0.0
 11
-74022.38695419677
 21
42419.51582504412
 31
0.0
  0
LINE
  5
570
330
56C
100
AcDbEntity
  8
ART_ÖLÇÜ
 62
     0
440
 16777216
370
     5
100
AcDbLine
 10
-74047.36819983575
 20
42421.01582504413
 30
0.0
 11
-74020.88695419677
 21
42421.01582504413
 31
0.0
  0
INSERT
  5
571
330
56C
100
AcDbEntity
  8
ART_ÖLÇÜ
 62
     0
440
 16777216
370
     5
100
AcDbBlockReference
  2
_OBLIQUE
 10
-74045.86819983575
 20
42421.01582504413
 30
0.0
 41
1.5
 42
1.5
 43
1.5
 50
180.0
  0
INSERT
  5
572
330
56C
100
AcDbEntity
  8
ART_ÖLÇÜ
 62
     0
440
 16777216
370
     5
100
AcDbBlockReference
  2
_OBLIQUE
 10
-74022.38695419677
 20
42421.01582504413
 30
0.0
 41
1.5
 42
1.5
 43
1.5
  0
MTEXT
  5
573
330
56C
100
AcDbEntity
  8
ART_ÖLÇÜ
440
 16777216
100
AcDbMText
 10
-74034.12757701626
 20
42422.89082504413
 30
0.0
 40
2.25
 41
0.0
 46
0.0
 71
     5
 72
     1
  1
\A1;23
  7
YZ
 73
     1
 44
1.0
  0
POINT
  5
574
330
56C
100
AcDbEntity
  8
Defpoints
 62
     0
440
 16777216
100
AcDbPoint
 10
-74045.86819983575
 20
42429.85570896277
 30
0.0
  0
POINT
  5
575
330
56C
100
AcDbEntity
  8
Defpoints
 62
     0
440
 16777216
100
AcDbPoint
 10
-74022.38695419677
 20
42429.85570896277
 30
0.0
  0
POINT
  5
576
330
56C
100
AcDbEntity
  8
Defpoints
 62
     0
440
 16777216
100
AcDbPoint
 10
-74022.38695419677
 20
42421.01582504413
 30
0.0
  0
ENDBLK
  5
577
330
56C
100
AcDbEntity
  8
0
100
AcDbBlockEnd
  0
BLOCK
  5
57A
330
579
100
AcDbEntity
  8
0
100
AcDbBlockBegin
  2
*D32
 70
     1
 10
0.0
 20
0.0
 30
0.0
  3
*D32
  1

  0
LINE
  5
57B
330
579
100
AcDbEntity
  8
ART_ÖLÇÜ
 62
     0
440
 16777216
370
     5
100
AcDbLine
 10
-74095.38695419677
 20
42419.51582504412
 30
0.0
 11
-74095.38695419677
 21
42415.0163130674
 31
0.0
  0
LINE
  5
57C
330
579
100
AcDbEntity
  8
ART_ÖLÇÜ
 62
     0
440
 16777216
370
     5
100
AcDbLine
 10
-74071.90570855803
 20
42419.51582504412
 30
0.0
 11
-74071.90570855803
 21
42415.0163130674
 31
0.0
  0
LINE
  5
57D
330
579
100
AcDbEntity
  8
ART_ÖLÇÜ
 62
     0
440
 16777216
370
     5
100
AcDbLine
 10
-74096.88695419677
 20
42416.5163130674
 30
0.0
 11
-74070.40570855802
 21
42416.5163130674
 31
0.0
  0
INSERT
  5
57E
330
579
100
AcDbEntity
  8
ART_ÖLÇÜ
 62
     0
440
 16777216
370
     5
100
AcDbBlockReference
  2
_OBLIQUE
 10
-74095.38695419677
 20
42416.5163130674
 30
0.0
 41
1.5
 42
1.5
 43
1.5
 50
180.0
  0
INSERT
  5
57F
330
579
100
AcDbEntity
  8
ART_ÖLÇÜ
 62
     0
440
 16777216
370
     5
100
AcDbBlockReference
  2
_OBLIQUE
 10
-74071.90570855803
 20
42416.5163130674
 30
0.0
 41
1.5
 42
1.5
 43
1.5
  0
MTEXT
  5
580
330
579
100
AcDbEntity
  8
ART_ÖLÇÜ
440
 16777216
100
AcDbMText
 10
-74083.6463313774
 20
42418.3913130674
 30
0.0
 40
2.25
 41
0.0
 46
0.0
 71
     5
 72
     1
  1
\A1;23
  7
YZ
 73
     1
 44
1.0
  0
POINT
  5
581
330
579
100
AcDbEntity
  8
Defpoints
 62
     0
440
 16777216
100
AcDbPoint
 10
-74095.38695419677
 20
42421.01582504413
 30
0.0
  0
POINT
  5
582
330
579
100
AcDbEntity
  8
Defpoints
 62
     0
440
 16777216
100
AcDbPoint
 10
-74071.90570855803
 20
42421.01582504413
 30
0.0
  0
POINT
  5
583
330
579
100
AcDbEntity
  8
Defpoints
 62
     0
440
 16777216
100
AcDbPoint
 10
-74071.90570855803
 20
42416.5163130674
 30
0.0
  0
ENDBLK
  5
584
330
579
100
AcDbEntity
  8
0
100
AcDbBlockEnd
  0
BLOCK
  5
587
330
586
100
AcDbEntity
  8
0
100
AcDbBlockBegin
  2
*D33
 70
     1
 10
0.0
 20
0.0
 30
0.0
  3
*D33
  1

  0
LINE
  5
588
330
586
100
AcDbEntity
  8
ART_ÖLÇÜ
 62
     0
440
 16777216
370
     5
100
AcDbLine
 10
-74071.90570855803
 20
42419.51582504412
 30
0.0
 11
-74071.90570855803
 21
42415.0163130674
 31
0.0
  0
LINE
  5
589
330
586
100
AcDbEntity
  8
ART_ÖLÇÜ
 62
     0
440
 16777216
370
     5
100
AcDbLine
 10
-74045.86819983575
 20
42419.51582504412
 30
0.0
 11
-74045.86819983575
 21
42415.0163130674
 31
0.0
  0
LINE
  5
58A
330
586
100
AcDbEntity
  8
ART_ÖLÇÜ
 62
     0
440
 16777216
370
     5
100
AcDbLine
 10
-74073.40570855803
 20
42416.5163130674
 30
0.0
 11
-74044.36819983575
 21
42416.5163130674
 31
0.0
  0
INSERT
  5
58B
330
586
100
AcDbEntity
  8
ART_ÖLÇÜ
 62
     0
440
 16777216
370
     5
100
AcDbBlockReference
  2
_OBLIQUE
 10
-74071.90570855803
 20
42416.5163130674
 30
0.0
 41
1.5
 42
1.5
 43
1.5
 50
180.0
  0
INSERT
  5
58C
330
586
100
AcDbEntity
  8
ART_ÖLÇÜ
 62
     0
440
 16777216
370
     5
100
AcDbBlockReference
  2
_OBLIQUE
 10
-74045.86819983575
 20
42416.5163130674
 30
0.0
 41
1.5
 42
1.5
 43
1.5
  0
MTEXT
  5
58D
330
586
100
AcDbEntity
  8
ART_ÖLÇÜ
440
 16777216
100
AcDbMText
 10
-74058.88695419688
 20
42418.3913130674
 30
0.0
 40
2.25
 41
0.0
 46
0.0
 71
     5
 72
     1
  1
\A1;26
  7
YZ
 73
     1
 44
1.0
  0
POINT
  5
58E
330
586
100
AcDbEntity
  8
Defpoints
 62
     0
440
 16777216
100
AcDbPoint
 10
-74071.90570855803
 20
42421.01582504413
 30
0.0
  0
POINT
  5
58F
330
586
100
AcDbEntity
  8
Defpoints
 62
     0
440
 16777216
100
AcDbPoint
 10
-74045.86819983575
 20
42421.01582504413
 30
0.0
  0
POINT
  5
590
330
586
100
AcDbEntity
  8
Defpoints
 62
     0
440
 16777216
100
AcDbPoint
 10
-74045.86819983575
 20
42416.5163130674
 30
0.0
  0
ENDBLK
  5
591
330
586
100
AcDbEntity
  8
0
100
AcDbBlockEnd
  0
BLOCK
  5
594
330
593
100
AcDbEntity
  8
0
100
AcDbBlockBegin
  2
*D34
 70
     1
 10
0.0
 20
0.0
 30
0.0
  3
*D34
  1

  0
LINE
  5
595
330
593
100
AcDbEntity
  8
ART_ÖLÇÜ
 62
     0
440
 16777216
370
     5
100
AcDbLine
 10
-74045.86819983575
 20
42419.51582504412
 30
0.0
 11
-74045.86819983575
 21
42415.0163130674
 31
0.0
  0
LINE
  5
596
330
593
100
AcDbEntity
  8
ART_ÖLÇÜ
 62
     0
440
 16777216
370
     5
100
AcDbLine
 10
-74022.38695419677
 20
42419.51582504412
 30
0.0
 11
-74022.38695419677
 21
42415.0163130674
 31
0.0
  0
LINE
  5
597
330
593
100
AcDbEntity
  8
ART_ÖLÇÜ
 62
     0
440
 16777216
370
     5
100
AcDbLine
 10
-74047.36819983575
 20
42416.5163130674
 30
0.0
 11
-74020.88695419677
 21
42416.5163130674
 31
0.0
  0
INSERT
  5
598
330
593
100
AcDbEntity
  8
ART_ÖLÇÜ
 62
     0
440
 16777216
370
     5
100
AcDbBlockReference
  2
_OBLIQUE
 10
-74045.86819983575
 20
42416.5163130674
 30
0.0
 41
1.5
 42
1.5
 43
1.5
 50
180.0
  0
INSERT
  5
599
330
593
100
AcDbEntity
  8
ART_ÖLÇÜ
 62
     0
440
 16777216
370
     5
100
AcDbBlockReference
  2
_OBLIQUE
 10
-74022.38695419677
 20
42416.5163130674
 30
0.0
 41
1.5
 42
1.5
 43
1.5
  0
MTEXT
  5
59A
330
593
100
AcDbEntity
  8
ART_ÖLÇÜ
440
 16777216
100
AcDbMText
 10
-74034.12757701626
 20
42418.3913130674
 30
0.0
 40
2.25
 41
0.0
 46
0.0
 71
     5
 72
     1
  1
\A1;23
  7
YZ
 73
     1
 44
1.0
  0
POINT
  5
59B
330
593
100
AcDbEntity
  8
Defpoints
 62
     0
440
 16777216
100
AcDbPoint
 10
-74045.86819983575
 20
42421.01582504413
 30
0.0
  0
POINT
  5
59C
330
593
100
AcDbEntity
  8
Defpoints
 62
     0
440
 16777216
100
AcDbPoint
 10
-74022.38695419677
 20
42421.01582504413
 30
0.0
  0
POINT
  5
59D
330
593
100
AcDbEntity
  8
Defpoints
 62
     0
440
 16777216
100
AcDbPoint
 10
-74022.38695419677
 20
42416.5163130674
 30
0.0
  0
ENDBLK
  5
59E
330
593
100
AcDbEntity
  8
0
100
AcDbBlockEnd
  0
BLOCK
  5
31C
330
31B
100
AcDbEntity
  8
0
100
AcDbBlockBegin
  2
*D35
 70
     1
 10
0.0
 20
0.0
 30
0.0
  3
*D35
  1

  0
LINE
  5
31D
330
31B
100
AcDbEntity
  8
ART_ÖLÇÜ
 62
     0
440
 16777216
370
     5
100
AcDbLine
 10
-74245.07915304915
 20
42283.00799941343
 30
0.0
 11
-74245.07915304915
 21
42286.16986622554
 31
0.0
  0
LINE
  5
31E
330
31B
100
AcDbEntity
  8
ART_ÖLÇÜ
 62
     0
440
 16777216
370
     5
100
AcDbLine
 10
-74233.07915304858
 20
42283.00799941343
 30
0.0
 11
-74233.07915304858
 21
42286.16986622554
 31
0.0
  0
LINE
  5
31F
330
31B
100
AcDbEntity
  8
ART_ÖLÇÜ
 62
     0
440
 16777216
370
     5
100
AcDbLine
 10
-74246.57915304916
 20
42284.66986622553
 30
0.0
 11
-74231.57915304857
 21
42284.66986622553
 31
0.0
  0
INSERT
  5
320
330
31B
100
AcDbEntity
  8
ART_ÖLÇÜ
 62
     0
440
 16777216
370
     5
100
AcDbBlockReference
  2
_OBLIQUE
 10
-74245.07915304915
 20
42284.66986622553
 30
0.0
 41
1.5
 42
1.5
 43
1.5
 50
180.0
  0
INSERT
  5
321
330
31B
100
AcDbEntity
  8
ART_ÖLÇÜ
 62
     0
440
 16777216
370
     5
100
AcDbBlockReference
  2
_OBLIQUE
 10
-74233.07915304858
 20
42284.66986622553
 30
0.0
 41
1.5
 42
1.5
 43
1.5
  0
MTEXT
  5
322
330
31B
100
AcDbEntity
  8
ART_ÖLÇÜ
440
 16777216
100
AcDbMText
 10
-74239.07915304886
 20
42286.54486622553
 30
0.0
 40
2.25
 41
0.0
 46
0.0
 71
     5
 72
     1
  1
\A1;12
  7
YZ
 73
     1
 44
1.0
  0
POINT
  5
323
330
31B
100
AcDbEntity
  8
Defpoints
 62
     0
440
 16777216
100
AcDbPoint
 10
-74245.07915304915
 20
42281.50799941341
 30
0.0
  0
POINT
  5
325
330
31B
100
AcDbEntity
  8
Defpoints
 62
     0
440
 16777216
100
AcDbPoint
 10
-74233.07915304858
 20
42281.50799941341
 30
0.0
  0
POINT
  5
326
330
31B
100
AcDbEntity
  8
Defpoints
 62
     0
440
 16777216
100
AcDbPoint
 10
-74233.07915304858
 20
42284.66986622553
 30
0.0
  0
ENDBLK
  5
327
330
31B
100
AcDbEntity
  8
0
100
AcDbBlockEnd
  0
BLOCK
  5
32C
330
32B
100
AcDbEntity
  8
0
100
AcDbBlockBegin
  2
*D36
 70
     1
 10
0.0
 20
0.0
 30
0.0
  3
*D36
  1

  0
LINE
  5
32D
330
32B
100
AcDbEntity
  8
ART_ÖLÇÜ
 62
     0
440
 16777216
370
     5
100
AcDbLine
 10
-74233.07915304858
 20
42283.00799941343
 30
0.0
 11
-74233.07915304858
 21
42286.16986622554
 31
0.0
  0
LINE
  5
32E
330
32B
100
AcDbEntity
  8
ART_ÖLÇÜ
 62
     0
440
 16777216
370
     5
100
AcDbLine
 10
-74222.07915304857
 20
42283.00799941353
 30
0.0
 11
-74222.07915304857
 21
42286.16986622554
 31
0.0
  0
LINE
  5
32F
330
32B
100
AcDbEntity
  8
ART_ÖLÇÜ
 62
     0
440
 16777216
370
     5
100
AcDbLine
 10
-74234.57915304857
 20
42284.66986622553
 30
0.0
 11
-74220.57915304857
 21
42284.66986622553
 31
0.0
  0
INSERT
  5
330
330
32B
100
AcDbEntity
  8
ART_ÖLÇÜ
 62
     0
440
 16777216
370
     5
100
AcDbBlockReference
  2
_OBLIQUE
 10
-74233.07915304858
 20
42284.66986622553
 30
0.0
 41
1.5
 42
1.5
 43
1.5
 50
180.0
  0
INSERT
  5
331
330
32B
100
AcDbEntity
  8
ART_ÖLÇÜ
 62
     0
440
 16777216
370
     5
100
AcDbBlockReference
  2
_OBLIQUE
 10
-74222.07915304857
 20
42284.66986622553
 30
0.0
 41
1.5
 42
1.5
 43
1.5
  0
MTEXT
  5
332
330
32B
100
AcDbEntity
  8
ART_ÖLÇÜ
440
 16777216
100
AcDbMText
 10
-74227.57915304857
 20
42286.54486622553
 30
0.0
 40
2.25
 41
0.0
 46
0.0
 71
     5
 72
     1
  1
\A1;11
  7
YZ
 73
     1
 44
1.0
  0
POINT
  5
333
330
32B
100
AcDbEntity
  8
Defpoints
 62
     0
440
 16777216
100
AcDbPoint
 10
-74233.07915304858
 20
42281.50799941341
 30
0.0
  0
POINT
  5
334
330
32B
100
AcDbEntity
  8
Defpoints
 62
     0
440
 16777216
100
AcDbPoint
 10
-74222.07915304857
 20
42281.50799941354
 30
0.0
  0
POINT
  5
335
330
32B
100
AcDbEntity
  8
Defpoints
 62
     0
440
 16777216
100
AcDbPoint
 10
-74222.07915304857
 20
42284.66986622553
 30
0.0
  0
ENDBLK
  5
336
330
32B
100
AcDbEntity
  8
0
100
AcDbBlockEnd
  0
BLOCK
  5
33B
330
33A
100
AcDbEntity
  8
0
100
AcDbBlockBegin
  2
*D37
 70
     1
 10
0.0
 20
0.0
 30
0.0
  3
*D37
  1

  0
LINE
  5
33C
330
33A
100
AcDbEntity
  8
ART_ÖLÇÜ
 62
     0
440
 16777216
370
     5
100
AcDbLine
 10
-74222.07915304857
 20
42283.00799941355
 30
0.0
 11
-74222.07915304857
 21
42286.16986622554
 31
0.0
  0
LINE
  5
33D
330
33A
100
AcDbEntity
  8
ART_ÖLÇÜ
 62
     0
440
 16777216
370
     5
100
AcDbLine
 10
-74168.07915304974
 20
42283.00799941343
 30
0.0
 11
-74168.07915304974
 21
42286.16986622554
 31
0.0
  0
LINE
  5
33E
330
33A
100
AcDbEntity
  8
ART_ÖLÇÜ
 62
     0
440
 16777216
370
     5
100
AcDbLine
 10
-74223.57915304857
 20
42284.66986622555
 30
0.0
 11
-74166.57915304972
 21
42284.66986622555
 31
0.0
  0
INSERT
  5
33F
330
33A
100
AcDbEntity
  8
ART_ÖLÇÜ
 62
     0
440
 16777216
370
     5
100
AcDbBlockReference
  2
_OBLIQUE
 10
-74222.07915304857
 20
42284.66986622555
 30
0.0
 41
1.5
 42
1.5
 43
1.5
 50
180.0
  0
INSERT
  5
340
330
33A
100
AcDbEntity
  8
ART_ÖLÇÜ
 62
     0
440
 16777216
370
     5
100
AcDbBlockReference
  2
_OBLIQUE
 10
-74168.07915304974
 20
42284.66986622555
 30
0.0
 41
1.5
 42
1.5
 43
1.5
  0
MTEXT
  5
341
330
33A
100
AcDbEntity
  8
ART_ÖLÇÜ
440
 16777216
100
AcDbMText
 10
-74195.07915304915
 20
42286.54486622555
 30
0.0
 40
2.25
 41
0.0
 46
0.0
 71
     5
 72
     1
  1
\A1;54
  7
YZ
 73
     1
 44
1.0
  0
POINT
  5
342
330
33A
100
AcDbEntity
  8
Defpoints
 62
     0
440
 16777216
100
AcDbPoint
 10
-74222.07915304857
 20
42281.50799941355
 30
0.0
  0
POINT
  5
343
330
33A
100
AcDbEntity
  8
Defpoints
 62
     0
440
 16777216
100
AcDbPoint
 10
-74168.07915304974
 20
42281.50799941343
 30
0.0
  0
POINT
  5
344
330
33A
100
AcDbEntity
  8
Defpoints
 62
     0
440
 16777216
100
AcDbPoint
 10
-74168.07915304974
 20
42284.66986622555
 30
0.0
  0
ENDBLK
  5
345
330
33A
100
AcDbEntity
  8
0
100
AcDbBlockEnd
  0
BLOCK
  5
34A
330
349
100
AcDbEntity
  8
0
100
AcDbBlockBegin
  2
*D38
 70
     1
 10
0.0
 20
0.0
 30
0.0
  3
*D38
  1

  0
LINE
  5
34B
330
349
100
AcDbEntity
  8
ART_ÖLÇÜ
 62
     0
440
 16777216
370
     5
100
AcDbLine
 10
-74168.07915304974
 20
42283.00799941343
 30
0.0
 11
-74168.07915304974
 21
42286.16986622554
 31
0.0
  0
LINE
  5
34C
330
349
100
AcDbEntity
  8
ART_ÖLÇÜ
 62
     0
440
 16777216
370
     5
100
AcDbLine
 10
-74157.07915304974
 20
42283.00799941343
 30
0.0
 11
-74157.07915304974
 21
42286.16986622554
 31
0.0
  0
LINE
  5
34D
330
349
100
AcDbEntity
  8
ART_ÖLÇÜ
 62
     0
440
 16777216
370
     5
100
AcDbLine
 10
-74169.57915304974
 20
42284.66986622553
 30
0.0
 11
-74155.57915304972
 21
42284.66986622553
 31
0.0
  0
INSERT
  5
34E
330
349
100
AcDbEntity
  8
ART_ÖLÇÜ
 62
     0
440
 16777216
370
     5
100
AcDbBlockReference
  2
_OBLIQUE
 10
-74168.07915304974
 20
42284.66986622553
 30
0.0
 41
1.5
 42
1.5
 43
1.5
 50
180.0
  0
INSERT
  5
34F
330
349
100
AcDbEntity
  8
ART_ÖLÇÜ
 62
     0
440
 16777216
370
     5
100
AcDbBlockReference
  2
_OBLIQUE
 10
-74157.07915304974
 20
42284.66986622553
 30
0.0
 41
1.5
 42
1.5
 43
1.5
  0
MTEXT
  5
350
330
349
100
AcDbEntity
  8
ART_ÖLÇÜ
440
 16777216
100
AcDbMText
 10
-74162.57915304973
 20
42286.54486622553
 30
0.0
 40
2.25
 41
0.0
 46
0.0
 71
     5
 72
     1
  1
\A1;11
  7
YZ
 73
     1
 44
1.0
  0
POINT
  5
351
330
349
100
AcDbEntity
  8
Defpoints
 62
     0
440
 16777216
100
AcDbPoint
 10
-74168.07915304974
 20
42281.50799941341
 30
0.0
  0
POINT
  5
352
330
349
100
AcDbEntity
  8
Defpoints
 62
     0
440
 16777216
100
AcDbPoint
 10
-74157.07915304974
 20
42281.50799941341
 30
0.0
  0
POINT
  5
353
330
349
100
AcDbEntity
  8
Defpoints
 62
     0
440
 16777216
100
AcDbPoint
 10
-74157.07915304974
 20
42284.66986622553
 30
0.0
  0
ENDBLK
  5
354
330
349
100
AcDbEntity
  8
0
100
AcDbBlockEnd
  0
BLOCK
  5
359
330
358
100
AcDbEntity
  8
0
100
AcDbBlockBegin
  2
*D39
 70
     1
 10
0.0
 20
0.0
 30
0.0
  3
*D39
  1

  0
LINE
  5
35A
330
358
100
AcDbEntity
  8
ART_ÖLÇÜ
 62
     0
440
 16777216
370
     5
100
AcDbLine
 10
-74157.07915304974
 20
42283.00799941343
 30
0.0
 11
-74157.07915304974
 21
42286.16986622554
 31
0.0
  0
LINE
  5
35B
330
358
100
AcDbEntity
  8
ART_ÖLÇÜ
 62
     0
440
 16777216
370
     5
100
AcDbLine
 10
-74145.07915304915
 20
42283.00799941343
 30
0.0
 11
-74145.07915304915
 21
42286.16986622554
 31
0.0
  0
LINE
  5
35C
330
358
100
AcDbEntity
  8
ART_ÖLÇÜ
 62
     0
440
 16777216
370
     5
100
AcDbLine
 10
-74158.57915304972
 20
42284.66986622553
 30
0.0
 11
-74143.57915304916
 21
42284.66986622553
 31
0.0
  0
INSERT
  5
35D
330
358
100
AcDbEntity
  8
ART_ÖLÇÜ
 62
     0
440
 16777216
370
     5
100
AcDbBlockReference
  2
_OBLIQUE
 10
-74157.07915304974
 20
42284.66986622553
 30
0.0
 41
1.5
 42
1.5
 43
1.5
 50
180.0
  0
INSERT
  5
35E
330
358
100
AcDbEntity
  8
ART_ÖLÇÜ
 62
     0
440
 16777216
370
     5
100
AcDbBlockReference
  2
_OBLIQUE
 10
-74145.07915304915
 20
42284.66986622553
 30
0.0
 41
1.5
 42
1.5
 43
1.5
  0
MTEXT
  5
35F
330
358
100
AcDbEntity
  8
ART_ÖLÇÜ
440
 16777216
100
AcDbMText
 10
-74151.07915304943
 20
42286.54486622553
 30
0.0
 40
2.25
 41
0.0
 46
0.0
 71
     5
 72
     1
  1
\A1;12
  7
YZ
 73
     1
 44
1.0
  0
POINT
  5
360
330
358
100
AcDbEntity
  8
Defpoints
 62
     0
440
 16777216
100
AcDbPoint
 10
-74157.07915304974
 20
42281.50799941341
 30
0.0
  0
POINT
  5
361
330
358
100
AcDbEntity
  8
Defpoints
 62
     0
440
 16777216
100
AcDbPoint
 10
-74145.07915304915
 20
42281.50799941341
 30
0.0
  0
POINT
  5
362
330
358
100
AcDbEntity
  8
Defpoints
 62
     0
440
 16777216
100
AcDbPoint
 10
-74145.07915304915
 20
42284.66986622553
 30
0.0
  0
ENDBLK
  5
363
330
358
100
AcDbEntity
  8
0
100
AcDbBlockEnd
  0
BLOCK
  5
368
330
367
100
AcDbEntity
  8
0
100
AcDbBlockBegin
  2
*D40
 70
     1
 10
0.0
 20
0.0
 30
0.0
  3
*D40
  1

  0
LINE
  5
369
330
367
100
AcDbEntity
  8
ART_ÖLÇÜ
 62
     0
440
 16777216
370
     5
100
AcDbLine
 10
-74164.07915304978
 20
42306.52675377458
 30
0.0
 11
-74175.3550628542
 21
42306.52675377458
 31
0.0
  0
LINE
  5
36A
330
367
100
AcDbEntity
  8
ART_ÖLÇÜ
 62
     0
440
 16777216
370
     5
100
AcDbLine
 10
-74164.07915304978
 20
42294.52675377458
 30
0.0
 11
-74175.3550628542
 21
42294.52675377458
 31
0.0
  0
LINE
  5
36B
330
367
100
AcDbEntity
  8
ART_ÖLÇÜ
 62
     0
440
 16777216
370
     5
100
AcDbLine
 10
-74173.8550628542
 20
42308.02675377458
 30
0.0
 11
-74173.8550628542
 21
42293.02675377458
 31
0.0
  0
INSERT
  5
36C
330
367
100
AcDbEntity
  8
ART_ÖLÇÜ
 62
     0
440
 16777216
370
     5
100
AcDbBlockReference
  2
_OBLIQUE
 10
-74173.8550628542
 20
42306.52675377458
 30
0.0
 41
1.5
 42
1.5
 43
1.5
 50
90.0
  0
INSERT
  5
36D
330
367
100
AcDbEntity
  8
ART_ÖLÇÜ
 62
     0
440
 16777216
370
     5
100
AcDbBlockReference
  2
_OBLIQUE
 10
-74173.8550628542
 20
42294.52675377458
 30
0.0
 41
1.5
 42
1.5
 43
1.5
 50
270.0
  0
MTEXT
  5
36E
330
367
100
AcDbEntity
  8
ART_ÖLÇÜ
440
 16777216
100
AcDbMText
 10
-74175.73006285419
 20
42300.52675377459
 30
0.0
 40
2.25
 41
0.0
 46
0.0
 71
     5
 72
     1
  1
\A1;12
  7
YZ
 11
0.0000000000000001
 21
1.0
 31
0.0
 73
     1
 44
1.0
  0
POINT
  5
36F
330
367
100
AcDbEntity
  8
Defpoints
 62
     0
440
 16777216
100
AcDbPoint
 10
-74162.57915304976
 20
42306.52675377458
 30
0.0
  0
POINT
  5
370
330
367
100
AcDbEntity
  8
Defpoints
 62
     0
440
 16777216
100
AcDbPoint
 10
-74162.57915304976
 20
42294.52675377458
 30
0.0
  0
POINT
  5
371
330
367
100
AcDbEntity
  8
Defpoints
 62
     0
440
 16777216
100
AcDbPoint
 10
-74173.8550628542
 20
42294.52675377458
 30
0.0
  0
ENDBLK
  5
372
330
367
100
AcDbEntity
  8
0
100
AcDbBlockEnd
  0
BLOCK
  5
377
330
376
100
AcDbEntity
  8
0
100
AcDbBlockBegin
  2
*D41
 70
     1
 10
0.0
 20
0.0
 30
0.0
  3
*D41
  1

  0
LINE
  5
378
330
376
100
AcDbEntity
  8
ART_ÖLÇÜ
 62
     0
440
 16777216
370
     5
100
AcDbLine
 10
-74164.07915304978
 20
42294.52675377458
 30
0.0
 11
-74175.3550628542
 21
42294.52675377458
 31
0.0
  0
LINE
  5
379
330
376
100
AcDbEntity
  8
ART_ÖLÇÜ
 62
     0
440
 16777216
370
     5
100
AcDbLine
 10
-74164.07915304978
 20
42289.02675377458
 30
0.0
 11
-74175.3550628542
 21
42289.02675377458
 31
0.0
  0
LINE
  5
37A
330
376
100
AcDbEntity
  8
ART_ÖLÇÜ
 62
     0
440
 16777216
370
     5
100
AcDbLine
 10
-74173.8550628542
 20
42296.02675377458
 30
0.0
 11
-74173.8550628542
 21
42287.52675377458
 31
0.0
  0
INSERT
  5
37B
330
376
100
AcDbEntity
  8
ART_ÖLÇÜ
 62
     0
440
 16777216
370
     5
100
AcDbBlockReference
  2
_OBLIQUE
 10
-74173.8550628542
 20
42294.52675377458
 30
0.0
 41
1.5
 42
1.5
 43
1.5
 50
90.0
  0
INSERT
  5
37C
330
376
100
AcDbEntity
  8
ART_ÖLÇÜ
 62
     0
440
 16777216
370
     5
100
AcDbBlockReference
  2
_OBLIQUE
 10
-74173.8550628542
 20
42289.02675377458
 30
0.0
 41
1.5
 42
1.5
 43
1.5
 50
270.0
  0
MTEXT
  5
37D
330
376
100
AcDbEntity
  8
ART_ÖLÇÜ
440
 16777216
100
AcDbMText
 10
-74175.73006285419
 20
42291.77675377458
 30
0.0
 40
2.25
 41
0.0
 46
0.0
 71
     5
 72
     1
  1
\A1;6
  7
YZ
 11
0.0000000000000001
 21
1.0
 31
0.0
 73
     1
 44
1.0
  0
POINT
  5
37E
330
376
100
AcDbEntity
  8
Defpoints
 62
     0
440
 16777216
100
AcDbPoint
 10
-74162.57915304976
 20
42294.52675377458
 30
0.0
  0
POINT
  5
37F
330
376
100
AcDbEntity
  8
Defpoints
 62
     0
440
 16777216
100
AcDbPoint
 10
-74162.57915304976
 20
42289.02675377458
 30
0.0
  0
POINT
  5
380
330
376
100
AcDbEntity
  8
Defpoints
 62
     0
440
 16777216
100
AcDbPoint
 10
-74173.8550628542
 20
42289.02675377458
 30
0.0
  0
ENDBLK
  5
381
330
376
100
AcDbEntity
  8
0
100
AcDbBlockEnd
  0
BLOCK
  5
386
330
385
100
AcDbEntity
  8
0
100
AcDbBlockBegin
  2
*D42
 70
     1
 10
0.0
 20
0.0
 30
0.0
  3
*D42
  1

  0
LINE
  5
387
330
385
100
AcDbEntity
  8
ART_ÖLÇÜ
 62
     0
440
 16777216
370
     5
100
AcDbLine
 10
-74164.07915304978
 20
42289.02675377458
 30
0.0
 11
-74175.3550628542
 21
42289.02675377458
 31
0.0
  0
LINE
  5
388
330
385
100
AcDbEntity
  8
ART_ÖLÇÜ
 62
     0
440
 16777216
370
     5
100
AcDbLine
 10
-74164.07915304978
 20
42273.98924505231
 30
0.0
 11
-74175.3550628542
 21
42273.98924505231
 31
0.0
  0
LINE
  5
389
330
385
100
AcDbEntity
  8
ART_ÖLÇÜ
 62
     0
440
 16777216
370
     5
100
AcDbLine
 10
-74173.8550628542
 20
42290.52675377458
 30
0.0
 11
-74173.8550628542
 21
42272.4892450523
 31
0.0
  0
INSERT
  5
38A
330
385
100
AcDbEntity
  8
ART_ÖLÇÜ
 62
     0
440
 16777216
370
     5
100
AcDbBlockReference
  2
_OBLIQUE
 10
-74173.8550628542
 20
42289.02675377458
 30
0.0
 41
1.5
 42
1.5
 43
1.5
 50
90.0
  0
INSERT
  5
38B
330
385
100
AcDbEntity
  8
ART_ÖLÇÜ
 62
     0
440
 16777216
370
     5
100
AcDbBlockReference
  2
_OBLIQUE
 10
-74173.8550628542
 20
42273.98924505231
 30
0.0
 41
1.5
 42
1.5
 43
1.5
 50
270.0
  0
MTEXT
  5
38C
330
385
100
AcDbEntity
  8
ART_ÖLÇÜ
440
 16777216
100
AcDbMText
 10
-74175.73006285419
 20
42281.50799941346
 30
0.0
 40
2.25
 41
0.0
 46
0.0
 71
     5
 72
     1
  1
\A1;15
  7
YZ
 11
0.0000000000000001
 21
1.0
 31
0.0
 73
     1
 44
1.0
  0
POINT
  5
38D
330
385
100
AcDbEntity
  8
Defpoints
 62
     0
440
 16777216
100
AcDbPoint
 10
-74162.57915304976
 20
42289.02675377458
 30
0.0
  0
POINT
  5
38E
330
385
100
AcDbEntity
  8
Defpoints
 62
     0
440
 16777216
100
AcDbPoint
 10
-74162.57915304976
 20
42273.98924505231
 30
0.0
  0
POINT
  5
38F
330
385
100
AcDbEntity
  8
Defpoints
 62
     0
440
 16777216
100
AcDbPoint
 10
-74173.8550628542
 20
42273.98924505231
 30
0.0
  0
ENDBLK
  5
390
330
385
100
AcDbEntity
  8
0
100
AcDbBlockEnd
  0
BLOCK
  5
395
330
394
100
AcDbEntity
  8
0
100
AcDbBlockBegin
  2
*D43
 70
     1
 10
0.0
 20
0.0
 30
0.0
  3
*D43
  1

  0
LINE
  5
396
330
394
100
AcDbEntity
  8
ART_ÖLÇÜ
 62
     0
440
 16777216
370
     5
100
AcDbLine
 10
-74164.07915304978
 20
42273.98924505231
 30
0.0
 11
-74175.3550628542
 21
42273.98924505231
 31
0.0
  0
LINE
  5
397
330
394
100
AcDbEntity
  8
ART_ÖLÇÜ
 62
     0
440
 16777216
370
     5
100
AcDbLine
 10
-74164.07915304978
 20
42268.4892450523
 30
0.0
 11
-74175.3550628542
 21
42268.4892450523
 31
0.0
  0
LINE
  5
398
330
394
100
AcDbEntity
  8
ART_ÖLÇÜ
 62
     0
440
 16777216
370
     5
100
AcDbLine
 10
-74173.8550628542
 20
42275.48924505231
 30
0.0
 11
-74173.8550628542
 21
42266.98924505231
 31
0.0
  0
INSERT
  5
399
330
394
100
AcDbEntity
  8
ART_ÖLÇÜ
 62
     0
440
 16777216
370
     5
100
AcDbBlockReference
  2
_OBLIQUE
 10
-74173.8550628542
 20
42273.98924505231
 30
0.0
 41
1.5
 42
1.5
 43
1.5
 50
90.0
  0
INSERT
  5
39A
330
394
100
AcDbEntity
  8
ART_ÖLÇÜ
 62
     0
440
 16777216
370
     5
100
AcDbBlockReference
  2
_OBLIQUE
 10
-74173.8550628542
 20
42268.4892450523
 30
0.0
 41
1.5
 42
1.5
 43
1.5
 50
270.0
  0
MTEXT
  5
39B
330
394
100
AcDbEntity
  8
ART_ÖLÇÜ
440
 16777216
100
AcDbMText
 10
-74175.73006285419
 20
42271.23924505232
 30
0.0
 40
2.25
 41
0.0
 46
0.0
 71
     5
 72
     1
  1
\A1;6
  7
YZ
 11
0.0000000000000001
 21
1.0
 31
0.0
 73
     1
 44
1.0
  0
POINT
  5
39C
330
394
100
AcDbEntity
  8
Defpoints
 62
     0
440
 16777216
100
AcDbPoint
 10
-74162.57915304976
 20
42273.98924505231
 30
0.0
  0
POINT
  5
39D
330
394
100
AcDbEntity
  8
Defpoints
 62
     0
440
 16777216
100
AcDbPoint
 10
-74162.57915304976
 20
42268.4892450523
 30
0.0
  0
POINT
  5
39E
330
394
100
AcDbEntity
  8
Defpoints
 62
     0
440
 16777216
100
AcDbPoint
 10
-74173.8550628542
 20
42268.4892450523
 30
0.0
  0
ENDBLK
  5
39F
330
394
100
AcDbEntity
  8
0
100
AcDbBlockEnd
  0
BLOCK
  5
3A4
330
3A3
100
AcDbEntity
  8
0
100
AcDbBlockBegin
  2
*D44
 70
     1
 10
0.0
 20
0.0
 30
0.0
  3
*D44
  1

  0
LINE
  5
3A5
330
3A3
100
AcDbEntity
  8
ART_ÖLÇÜ
 62
     0
440
 16777216
370
     5
100
AcDbLine
 10
-74164.07915304978
 20
42268.4892450523
 30
0.0
 11
-74175.3550628542
 21
42268.4892450523
 31
0.0
  0
LINE
  5
3A6
330
3A3
100
AcDbEntity
  8
ART_ÖLÇÜ
 62
     0
440
 16777216
370
     5
100
AcDbLine
 10
-74164.07915304978
 20
42256.48924505231
 30
0.0
 11
-74175.3550628542
 21
42256.48924505231
 31
0.0
  0
LINE
  5
3A7
330
3A3
100
AcDbEntity
  8
ART_ÖLÇÜ
 62
     0
440
 16777216
370
     5
100
AcDbLine
 10
-74173.8550628542
 20
42269.98924505231
 30
0.0
 11
-74173.8550628542
 21
42254.98924505231
 31
0.0
  0
INSERT
  5
3A8
330
3A3
100
AcDbEntity
  8
ART_ÖLÇÜ
 62
     0
440
 16777216
370
     5
100
AcDbBlockReference
  2
_OBLIQUE
 10
-74173.8550628542
 20
42268.4892450523
 30
0.0
 41
1.5
 42
1.5
 43
1.5
 50
90.0
  0
INSERT
  5
3A9
330
3A3
100
AcDbEntity
  8
ART_ÖLÇÜ
 62
     0
440
 16777216
370
     5
100
AcDbBlockReference
  2
_OBLIQUE
 10
-74173.8550628542
 20
42256.48924505231
 30
0.0
 41
1.5
 42
1.5
 43
1.5
 50
270.0
  0
MTEXT
  5
3AA
330
3A3
100
AcDbEntity
  8
ART_ÖLÇÜ
440
 16777216
100
AcDbMText
 10
-74175.73006285419
 20
42262.48924505232
 30
0.0
 40
2.25
 41
0.0
 46
0.0
 71
     5
 72
     1
  1
\A1;12
  7
YZ
 11
0.0000000000000001
 21
1.0
 31
0.0
 73
     1
 44
1.0
  0
POINT
  5
3AB
330
3A3
100
AcDbEntity
  8
Defpoints
 62
     0
440
 16777216
100
AcDbPoint
 10
-74162.57915304976
 20
42268.4892450523
 30
0.0
  0
POINT
  5
3AC
330
3A3
100
AcDbEntity
  8
Defpoints
 62
     0
440
 16777216
100
AcDbPoint
 10
-74162.57915304976
 20
42256.48924505231
 30
0.0
  0
POINT
  5
3AD
330
3A3
100
AcDbEntity
  8
Defpoints
 62
     0
440
 16777216
100
AcDbPoint
 10
-74173.8550628542
 20
42256.48924505231
 30
0.0
  0
ENDBLK
  5
3AE
330
3A3
100
AcDbEntity
  8
0
100
AcDbBlockEnd
  0
BLOCK
  5
3DA
330
3D9
100
AcDbEntity
  8
0
100
AcDbBlockBegin
  2
*D45
 70
     1
 10
0.0
 20
0.0
 30
0.0
  3
*D45
  1

  0
LINE
  5
3DB
330
3D9
100
AcDbEntity
  8
ART_ÖLÇÜ
 62
     0
440
 16777216
370
     5
100
AcDbLine
 10
-74246.57915304918
 20
42306.52675377458
 30
0.0
 11
-74252.96352768455
 21
42306.52675377458
 31
0.0
  0
LINE
  5
3DC
330
3D9
100
AcDbEntity
  8
ART_ÖLÇÜ
 62
     0
440
 16777216
370
     5
100
AcDbLine
 10
-74246.57915304918
 20
42256.48924505231
 30
0.0
 11
-74252.96352768455
 21
42256.48924505231
 31
0.0
  0
LINE
  5
3DD
330
3D9
100
AcDbEntity
  8
ART_ÖLÇÜ
 62
     0
440
 16777216
370
     5
100
AcDbLine
 10
-74251.46352768455
 20
42308.02675377458
 30
0.0
 11
-74251.46352768455
 21
42254.98924505231
 31
0.0
  0
INSERT
  5
3DE
330
3D9
100
AcDbEntity
  8
ART_ÖLÇÜ
 62
     0
440
 16777216
370
     5
100
AcDbBlockReference
  2
_OBLIQUE
 10
-74251.46352768455
 20
42306.52675377458
 30
0.0
 41
1.5
 42
1.5
 43
1.5
 50
90.0
  0
INSERT
  5
3DF
330
3D9
100
AcDbEntity
  8
ART_ÖLÇÜ
 62
     0
440
 16777216
370
     5
100
AcDbBlockReference
  2
_OBLIQUE
 10
-74251.46352768455
 20
42256.48924505231
 30
0.0
 41
1.5
 42
1.5
 43
1.5
 50
270.0
  0
MTEXT
  5
3E0
330
3D9
100
AcDbEntity
  8
ART_ÖLÇÜ
440
 16777216
100
AcDbMText
 10
-74253.33852768452
 20
42281.50799941346
 30
0.0
 40
2.25
 41
0.0
 46
0.0
 71
     5
 72
     1
  1
\A1;50
  7
YZ
 11
0.0000000000000001
 21
1.0
 31
0.0
 73
     1
 44
1.0
  0
POINT
  5
3E1
330
3D9
100
AcDbEntity
  8
Defpoints
 62
     0
440
 16777216
100
AcDbPoint
 10
-74245.07915304919
 20
42306.52675377458
 30
0.0
  0
POINT
  5
3E2
330
3D9
100
AcDbEntity
  8
Defpoints
 62
     0
440
 16777216
100
AcDbPoint
 10
-74245.07915304919
 20
42256.48924505231
 30
0.0
  0
POINT
  5
3E3
330
3D9
100
AcDbEntity
  8
Defpoints
 62
     0
440
 16777216
100
AcDbPoint
 10
-74251.46352768455
 20
42256.48924505231
 30
0.0
  0
ENDBLK
  5
3E4
330
3D9
100
AcDbEntity
  8
0
100
AcDbBlockEnd
  0
BLOCK
  5
3E9
330
3E8
100
AcDbEntity
  8
0
100
AcDbBlockBegin
  2
*D46
 70
     1
 10
0.0
 20
0.0
 30
0.0
  3
*D46
  1

  0
LINE
  5
3EA
330
3E8
100
AcDbEntity
  8
ART_ÖLÇÜ
 62
     0
440
 16777216
370
     5
100
AcDbLine
 10
-74245.07915304915
 20
42308.02675377455
 30
0.0
 11
-74245.07915304915
 21
42313.55740987529
 31
0.0
  0
LINE
  5
3EB
330
3E8
100
AcDbEntity
  8
ART_ÖLÇÜ
 62
     0
440
 16777216
370
     5
100
AcDbLine
 10
-74145.07915304915
 20
42308.02675377455
 30
0.0
 11
-74145.07915304915
 21
42313.55740987529
 31
0.0
  0
LINE
  5
3EC
330
3E8
100
AcDbEntity
  8
ART_ÖLÇÜ
 62
     0
440
 16777216
370
     5
100
AcDbLine
 10
-74246.57915304916
 20
42312.0574098753
 30
0.0
 11
-74143.57915304916
 21
42312.0574098753
 31
0.0
  0
INSERT
  5
3ED
330
3E8
100
AcDbEntity
  8
ART_ÖLÇÜ
 62
     0
440
 16777216
370
     5
100
AcDbBlockReference
  2
_OBLIQUE
 10
-74245.07915304915
 20
42312.0574098753
 30
0.0
 41
1.5
 42
1.5
 43
1.5
 50
180.0
  0
INSERT
  5
3EE
330
3E8
100
AcDbEntity
  8
ART_ÖLÇÜ
 62
     0
440
 16777216
370
     5
100
AcDbBlockReference
  2
_OBLIQUE
 10
-74145.07915304915
 20
42312.0574098753
 30
0.0
 41
1.5
 42
1.5
 43
1.5
  0
MTEXT
  5
3EF
330
3E8
100
AcDbEntity
  8
ART_ÖLÇÜ
440
 16777216
100
AcDbMText
 10
-74195.07915304915
 20
42313.9324098753
 30
0.0
 40
2.25
 41
0.0
 46
0.0
 71
     5
 72
     1
  1
\A1;100
  7
YZ
 73
     1
 44
1.0
  0
POINT
  5
3F0
330
3E8
100
AcDbEntity
  8
Defpoints
 62
     0
440
 16777216
100
AcDbPoint
 10
-74245.07915304915
 20
42306.52675377457
 30
0.0
  0
POINT
  5
3F1
330
3E8
100
AcDbEntity
  8
Defpoints
 62
     0
440
 16777216
100
AcDbPoint
 10
-74145.07915304915
 20
42306.52675377457
 30
0.0
  0
POINT
  5
3F2
330
3E8
100
AcDbEntity
  8
Defpoints
 62
     0
440
 16777216
100
AcDbPoint
 10
-74145.07915304915
 20
42312.0574098753
 30
0.0
  0
ENDBLK
  5
3F3
330
3E8
100
AcDbEntity
  8
0
100
AcDbBlockEnd
  0
BLOCK
  5
3F8
330
3F7
100
AcDbEntity
  8
0
100
AcDbBlockBegin
  2
*D47
 70
     1
 10
0.0
 20
0.0
 30
0.0
  3
*D47
  1

  0
LINE
  5
3F9
330
3F7
100
AcDbEntity
  8
ART_ÖLÇÜ
 62
     0
440
 16777216
370
     5
100
AcDbLine
 10
-74095.38695419677
 20
42345.85570896336
 30
0.0
 11
-74095.38695419677
 21
42339.78209494123
 31
0.0
  0
LINE
  5
3FA
330
3F7
100
AcDbEntity
  8
ART_ÖLÇÜ
 62
     0
440
 16777216
370
     5
100
AcDbLine
 10
-74022.38695419677
 20
42345.85570896336
 30
0.0
 11
-74022.38695419677
 21
42339.78209494123
 31
0.0
  0
LINE
  5
3FB
330
3F7
100
AcDbEntity
  8
ART_ÖLÇÜ
 62
     0
440
 16777216
370
     5
100
AcDbLine
 10
-74096.88695419677
 20
42341.28209494125
 30
0.0
 11
-74020.88695419677
 21
42341.28209494125
 31
0.0
  0
INSERT
  5
3FC
330
3F7
100
AcDbEntity
  8
ART_ÖLÇÜ
 62
     0
440
 16777216
370
     5
100
AcDbBlockReference
  2
_OBLIQUE
 10
-74095.38695419677
 20
42341.28209494125
 30
0.0
 41
1.5
 42
1.5
 43
1.5
 50
180.0
  0
INSERT
  5
3FD
330
3F7
100
AcDbEntity
  8
ART_ÖLÇÜ
 62
     0
440
 16777216
370
     5
100
AcDbBlockReference
  2
_OBLIQUE
 10
-74022.38695419677
 20
42341.28209494125
 30
0.0
 41
1.5
 42
1.5
 43
1.5
  0
MTEXT
  5
3FE
330
3F7
100
AcDbEntity
  8
ART_ÖLÇÜ
440
 16777216
100
AcDbMText
 10
-74058.88695419677
 20
42343.15709494125
 30
0.0
 40
2.25
 41
0.0
 46
0.0
 71
     5
 72
     1
  1
\A1;73
  7
YZ
 73
     1
 44
1.0
  0
POINT
  5
3FF
330
3F7
100
AcDbEntity
  8
Defpoints
 62
     0
440
 16777216
100
AcDbPoint
 10
-74095.38695419677
 20
42347.35570896336
 30
0.0
  0
POINT
  5
400
330
3F7
100
AcDbEntity
  8
Defpoints
 62
     0
440
 16777216
100
AcDbPoint
 10
-74022.38695419677
 20
42347.35570896336
 30
0.0
  0
POINT
  5
401
330
3F7
100
AcDbEntity
  8
Defpoints
 62
     0
440
 16777216
100
AcDbPoint
 10
-74022.38695419677
 20
42341.28209494125
 30
0.0
  0
ENDBLK
  5
402
330
3F7
100
AcDbEntity
  8
0
100
AcDbBlockEnd
  0
BLOCK
  5
407
330
406
100
AcDbEntity
  8
0
100
AcDbBlockBegin
  2
*D48
 70
     1
 10
0.0
 20
0.0
 30
0.0
  3
*D48
  1

  0
LINE
  5
408
330
406
100
AcDbEntity
  8
ART_ÖLÇÜ
 62
     0
440
 16777216
370
     5
100
AcDbLine
 10
-74020.8869541968
 20
42347.35570896337
 30
0.0
 11
-74013.52673692637
 21
42347.35570896337
 31
0.0
  0
LINE
  5
409
330
406
100
AcDbEntity
  8
ART_ÖLÇÜ
 62
     0
440
 16777216
370
     5
100
AcDbLine
 10
-74020.8869541968
 20
42447.35570896336
 30
0.0
 11
-74013.52673692637
 21
42447.35570896336
 31
0.0
  0
LINE
  5
40A
330
406
100
AcDbEntity
  8
ART_ÖLÇÜ
 62
     0
440
 16777216
370
     5
100
AcDbLine
 10
-74015.02673692637
 20
42345.85570896337
 30
0.0
 11
-74015.02673692637
 21
42448.85570896338
 31
0.0
  0
INSERT
  5
40B
330
406
100
AcDbEntity
  8
ART_ÖLÇÜ
 62
     0
440
 16777216
370
     5
100
AcDbBlockReference
  2
_OBLIQUE
 10
-74015.02673692637
 20
42347.35570896337
 30
0.0
 41
1.5
 42
1.5
 43
1.5
 50
270.0
  0
INSERT
  5
40C
330
406
100
AcDbEntity
  8
ART_ÖLÇÜ
 62
     0
440
 16777216
370
     5
100
AcDbBlockReference
  2
_OBLIQUE
 10
-74015.02673692637
 20
42447.35570896336
 30
0.0
 41
1.5
 42
1.5
 43
1.5
 50
90.0
  0
MTEXT
  5
40D
330
406
100
AcDbEntity
  8
ART_ÖLÇÜ
440
 16777216
100
AcDbMText
 10
-74016.90173692633
 20
42397.35570896339
 30
0.0
 40
2.25
 41
0.0
 46
0.0
 71
     5
 72
     1
  1
\A1;100
  7
YZ
 11
0.0000000000000001
 21
1.0
 31
0.0
 73
     1
 44
1.0
  0
POINT
  5
40E
330
406
100
AcDbEntity
  8
Defpoints
 62
     0
440
 16777216
100
AcDbPoint
 10
-74022.3869541968
 20
42347.35570896337
 30
0.0
  0
POINT
  5
40F
330
406
100
AcDbEntity
  8
Defpoints
 62
     0
440
 16777216
100
AcDbPoint
 10
-74022.3869541968
 20
42447.35570896336
 30
0.0
  0
POINT
  5
410
330
406
100
AcDbEntity
  8
Defpoints
 62
     0
440
 16777216
100
AcDbPoint
 10
-74015.02673692637
 20
42447.35570896336
 30
0.0
  0
ENDBLK
  5
411
330
406
100
AcDbEntity
  8
0
100
AcDbBlockEnd
  0
BLOCK
  5
416
330
415
100
AcDbEntity
  8
0
100
AcDbBlockBegin
  2
*D49
 70
     1
 10
0.0
 20
0.0
 30
0.0
  3
*D49
  1

  0
LINE
  5
417
330
415
100
AcDbEntity
  8
ART_ÖLÇÜ
 62
     0
440
 16777216
370
     5
100
AcDbLine
 10
-74060.3869541968
 20
42347.35570896337
 30
0.0
 11
-74063.68580203959
 21
42347.35570896337
 31
0.0
  0
LINE
  5
418
330
415
100
AcDbEntity
  8
ART_ÖLÇÜ
 62
     0
440
 16777216
370
     5
100
AcDbLine
 10
-74060.3869541968
 20
42359.35570896396
 30
0.0
 11
-74063.68580203959
 21
42359.35570896396
 31
0.0
  0
LINE
  5
419
330
415
100
AcDbEntity
  8
ART_ÖLÇÜ
 62
     0
440
 16777216
370
     5
100
AcDbLine
 10
-74062.18580203959
 20
42345.85570896337
 30
0.0
 11
-74062.18580203959
 21
42360.85570896396
 31
0.0
  0
INSERT
  5
41A
330
415
100
AcDbEntity
  8
ART_ÖLÇÜ
 62
     0
440
 16777216
370
     5
100
AcDbBlockReference
  2
_OBLIQUE
 10
-74062.18580203959
 20
42347.35570896337
 30
0.0
 41
1.5
 42
1.5
 43
1.5
 50
270.0
  0
INSERT
  5
41B
330
415
100
AcDbEntity
  8
ART_ÖLÇÜ
 62
     0
440
 16777216
370
     5
100
AcDbBlockReference
  2
_OBLIQUE
 10
-74062.18580203959
 20
42359.35570896396
 30
0.0
 41
1.5
 42
1.5
 43
1.5
 50
90.0
  0
MTEXT
  5
41C
330
415
100
AcDbEntity
  8
ART_ÖLÇÜ
440
 16777216
100
AcDbMText
 10
-74064.06080203955
 20
42353.35570896368
 30
0.0
 40
2.25
 41
0.0
 46
0.0
 71
     5
 72
     1
  1
\A1;12
  7
YZ
 11
0.0000000000000001
 21
1.0
 31
0.0
 73
     1
 44
1.0
  0
POINT
  5
41D
330
415
100
AcDbEntity
  8
Defpoints
 62
     0
440
 16777216
100
AcDbPoint
 10
-74058.8869541968
 20
42347.35570896337
 30
0.0
  0
POINT
  5
41E
330
415
100
AcDbEntity
  8
Defpoints
 62
     0
440
 16777216
100
AcDbPoint
 10
-74058.8869541968
 20
42359.35570896396
 30
0.0
  0
POINT
  5
41F
330
415
100
AcDbEntity
  8
Defpoints
 62
     0
440
 16777216
100
AcDbPoint
 10
-74062.18580203959
 20
42359.35570896396
 30
0.0
  0
ENDBLK
  5
420
330
415
100
AcDbEntity
  8
0
100
AcDbBlockEnd
  0
BLOCK
  5
425
330
424
100
AcDbEntity
  8
0
100
AcDbBlockBegin
  2
*D50
 70
     1
 10
0.0
 20
0.0
 30
0.0
  3
*D50
  1

  0
LINE
  5
426
330
424
100
AcDbEntity
  8
ART_ÖLÇÜ
 62
     0
440
 16777216
370
     5
100
AcDbLine
 10
-74060.3869541968
 20
42359.35570896396
 30
0.0
 11
-74063.68580203959
 21
42359.35570896396
 31
0.0
  0
LINE
  5
427
330
424
100
AcDbEntity
  8
ART_ÖLÇÜ
 62
     0
440
 16777216
370
     5
100
AcDbLine
 10
-74060.3869541968
 20
42370.35570896395
 30
0.0
 11
-74063.68580203959
 21
42370.35570896395
 31
0.0
  0
LINE
  5
428
330
424
100
AcDbEntity
  8
ART_ÖLÇÜ
 62
     0
440
 16777216
370
     5
100
AcDbLine
 10
-74062.18580203959
 20
42357.85570896394
 30
0.0
 11
-74062.18580203959
 21
42371.85570896397
 31
0.0
  0
INSERT
  5
429
330
424
100
AcDbEntity
  8
ART_ÖLÇÜ
 62
     0
440
 16777216
370
     5
100
AcDbBlockReference
  2
_OBLIQUE
 10
-74062.18580203959
 20
42359.35570896396
 30
0.0
 41
1.5
 42
1.5
 43
1.5
 50
270.0
  0
INSERT
  5
42A
330
424
100
AcDbEntity
  8
ART_ÖLÇÜ
 62
     0
440
 16777216
370
     5
100
AcDbBlockReference
  2
_OBLIQUE
 10
-74062.18580203959
 20
42370.35570896395
 30
0.0
 41
1.5
 42
1.5
 43
1.5
 50
90.0
  0
MTEXT
  5
42B
330
424
100
AcDbEntity
  8
ART_ÖLÇÜ
440
 16777216
100
AcDbMText
 10
-74064.06080203955
 20
42364.85570896397
 30
0.0
 40
2.25
 41
0.0
 46
0.0
 71
     5
 72
     1
  1
\A1;11
  7
YZ
 11
0.0000000000000001
 21
1.0
 31
0.0
 73
     1
 44
1.0
  0
POINT
  5
42C
330
424
100
AcDbEntity
  8
Defpoints
 62
     0
440
 16777216
100
AcDbPoint
 10
-74058.8869541968
 20
42359.35570896396
 30
0.0
  0
POINT
  5
42D
330
424
100
AcDbEntity
  8
Defpoints
 62
     0
440
 16777216
100
AcDbPoint
 10
-74058.8869541968
 20
42370.35570896395
 30
0.0
  0
POINT
  5
42E
330
424
100
AcDbEntity
  8
Defpoints
 62
     0
440
 16777216
100
AcDbPoint
 10
-74062.18580203959
 20
42370.35570896395
 30
0.0
  0
ENDBLK
  5
42F
330
424
100
AcDbEntity
  8
0
100
AcDbBlockEnd
  0
BLOCK
  5
434
330
433
100
AcDbEntity
  8
0
100
AcDbBlockBegin
  2
*D51
 70
     1
 10
0.0
 20
0.0
 30
0.0
  3
*D51
  1

  0
LINE
  5
435
330
433
100
AcDbEntity
  8
ART_ÖLÇÜ
 62
     0
440
 16777216
370
     5
100
AcDbLine
 10
-74060.3869541968
 20
42370.35570896395
 30
0.0
 11
-74063.68580203959
 21
42370.35570896395
 31
0.0
  0
LINE
  5
436
330
433
100
AcDbEntity
  8
ART_ÖLÇÜ
 62
     0
440
 16777216
370
     5
100
AcDbLine
 10
-74060.3869541968
 20
42424.35570896279
 30
0.0
 11
-74063.68580203959
 21
42424.35570896279
 31
0.0
  0
LINE
  5
437
330
433
100
AcDbEntity
  8
ART_ÖLÇÜ
 62
     0
440
 16777216
370
     5
100
AcDbLine
 10
-74062.18580203959
 20
42368.85570896395
 30
0.0
 11
-74062.18580203959
 21
42425.85570896278
 31
0.0
  0
INSERT
  5
438
330
433
100
AcDbEntity
  8
ART_ÖLÇÜ
 62
     0
440
 16777216
370
     5
100
AcDbBlockReference
  2
_OBLIQUE
 10
-74062.18580203959
 20
42370.35570896395
 30
0.0
 41
1.5
 42
1.5
 43
1.5
 50
270.0
  0
INSERT
  5
439
330
433
100
AcDbEntity
  8
ART_ÖLÇÜ
 62
     0
440
 16777216
370
     5
100
AcDbBlockReference
  2
_OBLIQUE
 10
-74062.18580203959
 20
42424.35570896279
 30
0.0
 41
1.5
 42
1.5
 43
1.5
 50
90.0
  0
MTEXT
  5
43A
330
433
100
AcDbEntity
  8
ART_ÖLÇÜ
440
 16777216
100
AcDbMText
 10
-74064.06080203955
 20
42397.35570896339
 30
0.0
 40
2.25
 41
0.0
 46
0.0
 71
     5
 72
     1
  1
\A1;54
  7
YZ
 11
0.0000000000000001
 21
1.0
 31
0.0
 73
     1
 44
1.0
  0
POINT
  5
43B
330
433
100
AcDbEntity
  8
Defpoints
 62
     0
440
 16777216
100
AcDbPoint
 10
-74058.8869541968
 20
42370.35570896395
 30
0.0
  0
POINT
  5
43C
330
433
100
AcDbEntity
  8
Defpoints
 62
     0
440
 16777216
100
AcDbPoint
 10
-74058.8869541968
 20
42424.35570896279
 30
0.0
  0
POINT
  5
43D
330
433
100
AcDbEntity
  8
Defpoints
 62
     0
440
 16777216
100
AcDbPoint
 10
-74062.18580203959
 20
42424.35570896279
 30
0.0
  0
ENDBLK
  5
43E
330
433
100
AcDbEntity
  8
0
100
AcDbBlockEnd
  0
BLOCK
  5
443
330
442
100
AcDbEntity
  8
0
100
AcDbBlockBegin
  2
*D52
 70
     1
 10
0.0
 20
0.0
 30
0.0
  3
*D52
  1

  0
LINE
  5
444
330
442
100
AcDbEntity
  8
0
 62
     0
440
 16777216
370
     5
100
AcDbLine
 10
-74060.3869541968
 20
42424.35570896279
 30
0.0
 11
-74063.68580203959
 21
42424.35570896279
 31
0.0
  0
LINE
  5
445
330
442
100
AcDbEntity
  8
0
 62
     0
440
 16777216
370
     5
100
AcDbLine
 10
-74060.3869541968
 20
42435.35570896279
 30
0.0
 11
-74063.68580203959
 21
42435.35570896279
 31
0.0
  0
LINE
  5
446
330
442
100
AcDbEntity
  8
0
 62
     0
440
 16777216
370
     5
100
AcDbLine
 10
-74062.18580203959
 20
42422.85570896278
 30
0.0
 11
-74062.18580203959
 21
42436.85570896278
 31
0.0
  0
INSERT
  5
447
330
442
100
AcDbEntity
  8
0
 62
     0
440
 16777216
370
     5
100
AcDbBlockReference
  2
_OBLIQUE
 10
-74062.18580203959
 20
42424.35570896279
 30
0.0
 41
1.5
 42
1.5
 43
1.5
 50
270.0
  0
INSERT
  5
448
330
442
100
AcDbEntity
  8
0
 62
     0
440
 16777216
370
     5
100
AcDbBlockReference
  2
_OBLIQUE
 10
-74062.18580203959
 20
42435.35570896279
 30
0.0
 41
1.5
 42
1.5
 43
1.5
 50
90.0
  0
MTEXT
  5
449
330
442
100
AcDbEntity
  8
0
440
 16777216
100
AcDbMText
 10
-74064.06080203955
 20
42429.85570896281
 30
0.0
 40
2.25
 41
0.0
 46
0.0
 71
     5
 72
     1
  1
\A1;11
  7
YZ
 11
0.0000000000000001
 21
1.0
 31
0.0
 73
     1
 44
1.0
  0
POINT
  5
44A
330
442
100
AcDbEntity
  8
Defpoints
 62
     0
440
 16777216
100
AcDbPoint
 10
-74058.8869541968
 20
42424.35570896279
 30
0.0
  0
POINT
  5
44B
330
442
100
AcDbEntity
  8
Defpoints
 62
     0
440
 16777216
100
AcDbPoint
 10
-74058.8869541968
 20
42435.35570896279
 30
0.0
  0
POINT
  5
44C
330
442
100
AcDbEntity
  8
Defpoints
 62
     0
440
 16777216
100
AcDbPoint
 10
-74062.18580203959
 20
42435.35570896279
 30
0.0
  0
ENDBLK
  5
44D
330
442
100
AcDbEntity
  8
0
100
AcDbBlockEnd
  0
BLOCK
  5
452
330
451
100
AcDbEntity
  8
0
100
AcDbBlockBegin
  2
*D53
 70
     1
 10
0.0
 20
0.0
 30
0.0
  3
*D53
  1

  0
LINE
  5
453
330
451
100
AcDbEntity
  8
ART_ÖLÇÜ
 62
     0
440
 16777216
370
     5
100
AcDbLine
 10
-74060.3869541968
 20
42435.35570896279
 30
0.0
 11
-74063.68580203959
 21
42435.35570896279
 31
0.0
  0
LINE
  5
454
330
451
100
AcDbEntity
  8
ART_ÖLÇÜ
 62
     0
440
 16777216
370
     5
100
AcDbLine
 10
-74060.3869541968
 20
42447.35570896336
 30
0.0
 11
-74063.68580203959
 21
42447.35570896336
 31
0.0
  0
LINE
  5
455
330
451
100
AcDbEntity
  8
ART_ÖLÇÜ
 62
     0
440
 16777216
370
     5
100
AcDbLine
 10
-74062.18580203959
 20
42433.85570896278
 30
0.0
 11
-74062.18580203959
 21
42448.85570896338
 31
0.0
  0
INSERT
  5
456
330
451
100
AcDbEntity
  8
ART_ÖLÇÜ
 62
     0
440
 16777216
370
     5
100
AcDbBlockReference
  2
_OBLIQUE
 10
-74062.18580203959
 20
42435.35570896279
 30
0.0
 41
1.5
 42
1.5
 43
1.5
 50
270.0
  0
INSERT
  5
457
330
451
100
AcDbEntity
  8
ART_ÖLÇÜ
 62
     0
440
 16777216
370
     5
100
AcDbBlockReference
  2
_OBLIQUE
 10
-74062.18580203959
 20
42447.35570896336
 30
0.0
 41
1.5
 42
1.5
 43
1.5
 50
90.0
  0
MTEXT
  5
458
330
451
100
AcDbEntity
  8
ART_ÖLÇÜ
440
 16777216
100
AcDbMText
 10
-74064.06080203955
 20
42441.35570896308
 30
0.0
 40
2.25
 41
0.0
 46
0.0
 71
     5
 72
     1
  1
\A1;12
  7
YZ
 11
0.0000000000000001
 21
1.0
 31
0.0
 73
     1
 44
1.0
  0
POINT
  5
459
330
451
100
AcDbEntity
  8
Defpoints
 62
     0
440
 16777216
100
AcDbPoint
 10
-74058.8869541968
 20
42435.35570896279
 30
0.0
  0
POINT
  5
45A
330
451
100
AcDbEntity
  8
Defpoints
 62
     0
440
 16777216
100
AcDbPoint
 10
-74058.8869541968
 20
42447.35570896336
 30
0.0
  0
POINT
  5
45B
330
451
100
AcDbEntity
  8
Defpoints
 62
     0
440
 16777216
100
AcDbPoint
 10
-74062.18580203959
 20
42447.35570896336
 30
0.0
  0
ENDBLK
  5
45C
330
451
100
AcDbEntity
  8
0
100
AcDbBlockEnd
  0
BLOCK
  5
461
330
460
100
AcDbEntity
  8
0
100
AcDbBlockBegin
  2
*D54
 70
     1
 10
0.0
 20
0.0
 30
0.0
  3
*D54
  1

  0
LINE
  5
462
330
460
100
AcDbEntity
  8
ART_ÖLÇÜ
 62
     0
440
 16777216
370
     5
100
AcDbLine
 10
-74095.38695419677
 20
42366.35570896393
 30
0.0
 11
-74095.38695419677
 21
42375.19559288259
 31
0.0
  0
LINE
  5
463
330
460
100
AcDbEntity
  8
ART_ÖLÇÜ
 62
     0
440
 16777216
370
     5
100
AcDbLine
 10
-74071.90570855803
 20
42366.35570896393
 30
0.0
 11
-74071.90570855803
 21
42375.19559288259
 31
0.0
  0
LINE
  5
464
330
460
100
AcDbEntity
  8
ART_ÖLÇÜ
 62
     0
440
 16777216
370
     5
100
AcDbLine
 10
-74096.88695419677
 20
42373.69559288258
 30
0.0
 11
-74070.40570855802
 21
42373.69559288258
 31
0.0
  0
INSERT
  5
465
330
460
100
AcDbEntity
  8
ART_ÖLÇÜ
 62
     0
440
 16777216
370
     5
100
AcDbBlockReference
  2
_OBLIQUE
 10
-74095.38695419677
 20
42373.69559288258
 30
0.0
 41
1.5
 42
1.5
 43
1.5
 50
180.0
  0
INSERT
  5
466
330
460
100
AcDbEntity
  8
ART_ÖLÇÜ
 62
     0
440
 16777216
370
     5
100
AcDbBlockReference
  2
_OBLIQUE
 10
-74071.90570855803
 20
42373.69559288258
 30
0.0
 41
1.5
 42
1.5
 43
1.5
  0
MTEXT
  5
467
330
460
100
AcDbEntity
  8
ART_ÖLÇÜ
440
 16777216
100
AcDbMText
 10
-74083.6463313774
 20
42375.57059288258
 30
0.0
 40
2.25
 41
0.0
 46
0.0
 71
     5
 72
     1
  1
\A1;23
  7
YZ
 73
     1
 44
1.0
  0
POINT
  5
468
330
460
100
AcDbEntity
  8
Defpoints
 62
     0
440
 16777216
100
AcDbPoint
 10
-74095.38695419677
 20
42364.85570896394
 30
0.0
  0
POINT
  5
469
330
460
100
AcDbEntity
  8
Defpoints
 62
     0
440
 16777216
100
AcDbPoint
 10
-74071.90570855803
 20
42364.85570896394
 30
0.0
  0
POINT
  5
46A
330
460
100
AcDbEntity
  8
Defpoints
 62
     0
440
 16777216
100
AcDbPoint
 10
-74071.90570855803
 20
42373.69559288258
 30
0.0
  0
ENDBLK
  5
46B
330
460
100
AcDbEntity
  8
0
100
AcDbBlockEnd
  0
BLOCK
  5
470
330
46F
100
AcDbEntity
  8
0
100
AcDbBlockBegin
  2
*D55
 70
     1
 10
0.0
 20
0.0
 30
0.0
  3
*D55
  1

  0
LINE
  5
471
330
46F
100
AcDbEntity
  8
ART_ÖLÇÜ
 62
     0
440
 16777216
370
     5
100
AcDbLine
 10
-74071.90570855803
 20
42366.35570896393
 30
0.0
 11
-74071.90570855803
 21
42375.19559288259
 31
0.0
  0
LINE
  5
472
330
46F
100
AcDbEntity
  8
ART_ÖLÇÜ
 62
     0
440
 16777216
370
     5
100
AcDbLine
 10
-74066.40570855802
 20
42366.35570896393
 30
0.0
 11
-74066.40570855802
 21
42375.19559288259
 31
0.0
  0
LINE
  5
473
330
46F
100
AcDbEntity
  8
ART_ÖLÇÜ
 62
     0
440
 16777216
370
     5
100
AcDbLine
 10
-74073.40570855803
 20
42373.69559288258
 30
0.0
 11
-74064.90570855803
 21
42373.69559288258
 31
0.0
  0
INSERT
  5
474
330
46F
100
AcDbEntity
  8
ART_ÖLÇÜ
 62
     0
440
 16777216
370
     5
100
AcDbBlockReference
  2
_OBLIQUE
 10
-74071.90570855803
 20
42373.69559288258
 30
0.0
 41
1.5
 42
1.5
 43
1.5
 50
180.0
  0
INSERT
  5
475
330
46F
100
AcDbEntity
  8
ART_ÖLÇÜ
 62
     0
440
 16777216
370
     5
100
AcDbBlockReference
  2
_OBLIQUE
 10
-74066.40570855802
 20
42373.69559288258
 30
0.0
 41
1.5
 42
1.5
 43
1.5
  0
MTEXT
  5
476
330
46F
100
AcDbEntity
  8
ART_ÖLÇÜ
440
 16777216
100
AcDbMText
 10
-74069.15570855803
 20
42375.57059288258
 30
0.0
 40
2.25
 41
0.0
 46
0.0
 71
     5
 72
     1
  1
\A1;6
  7
YZ
 73
     1
 44
1.0
  0
POINT
  5
477
330
46F
100
AcDbEntity
  8
Defpoints
 62
     0
440
 16777216
100
AcDbPoint
 10
-74071.90570855803
 20
42364.85570896394
 30
0.0
  0
POINT
  5
478
330
46F
100
AcDbEntity
  8
Defpoints
 62
     0
440
 16777216
100
AcDbPoint
 10
-74066.40570855802
 20
42364.85570896394
 30
0.0
  0
POINT
  5
479
330
46F
100
AcDbEntity
  8
Defpoints
 62
     0
440
 16777216
100
AcDbPoint
 10
-74066.40570855802
 20
42373.69559288258
 30
0.0
  0
ENDBLK
  5
47A
330
46F
100
AcDbEntity
  8
0
100
AcDbBlockEnd
  0
BLOCK
  5
47F
330
47E
100
AcDbEntity
  8
0
100
AcDbBlockBegin
  2
*D56
 70
     1
 10
0.0
 20
0.0
 30
0.0
  3
*D56
  1

  0
LINE
  5
480
330
47E
100
AcDbEntity
  8
ART_ÖLÇÜ
 62
     0
440
 16777216
370
     5
100
AcDbLine
 10
-74066.40570855802
 20
42366.35570896393
 30
0.0
 11
-74066.40570855802
 21
42375.19559288259
 31
0.0
  0
LINE
  5
481
330
47E
100
AcDbEntity
  8
ART_ÖLÇÜ
 62
     0
440
 16777216
370
     5
100
AcDbLine
 10
-74051.36819983574
 20
42366.35570896393
 30
0.0
 11
-74051.36819983574
 21
42375.19559288259
 31
0.0
  0
LINE
  5
482
330
47E
100
AcDbEntity
  8
ART_ÖLÇÜ
 62
     0
440
 16777216
370
     5
100
AcDbLine
 10
-74067.90570855803
 20
42373.69559288258
 30
0.0
 11
-74049.86819983575
 21
42373.69559288258
 31
0.0
  0
INSERT
  5
483
330
47E
100
AcDbEntity
  8
ART_ÖLÇÜ
 62
     0
440
 16777216
370
     5
100
AcDbBlockReference
  2
_OBLIQUE
 10
-74066.40570855802
 20
42373.69559288258
 30
0.0
 41
1.5
 42
1.5
 43
1.5
 50
180.0
  0
INSERT
  5
484
330
47E
100
AcDbEntity
  8
ART_ÖLÇÜ
 62
     0
440
 16777216
370
     5
100
AcDbBlockReference
  2
_OBLIQUE
 10
-74051.36819983574
 20
42373.69559288258
 30
0.0
 41
1.5
 42
1.5
 43
1.5
  0
MTEXT
  5
485
330
47E
100
AcDbEntity
  8
ART_ÖLÇÜ
440
 16777216
100
AcDbMText
 10
-74058.88695419688
 20
42375.57059288258
 30
0.0
 40
2.25
 41
0.0
 46
0.0
 71
     5
 72
     1
  1
\A1;15
  7
YZ
 73
     1
 44
1.0
  0
POINT
  5
486
330
47E
100
AcDbEntity
  8
Defpoints
 62
     0
440
 16777216
100
AcDbPoint
 10
-74066.40570855802
 20
42364.85570896394
 30
0.0
  0
POINT
  5
487
330
47E
100
AcDbEntity
  8
Defpoints
 62
     0
440
 16777216
100
AcDbPoint
 10
-74051.36819983574
 20
42364.85570896394
 30
0.0
  0
POINT
  5
488
330
47E
100
AcDbEntity
  8
Defpoints
 62
     0
440
 16777216
100
AcDbPoint
 10
-74051.36819983574
 20
42373.69559288258
 30
0.0
  0
ENDBLK
  5
489
330
47E
100
AcDbEntity
  8
0
100
AcDbBlockEnd
  0
BLOCK
  5
48E
330
48D
100
AcDbEntity
  8
0
100
AcDbBlockBegin
  2
*D57
 70
     1
 10
0.0
 20
0.0
 30
0.0
  3
*D57
  1

  0
LINE
  5
48F
330
48D
100
AcDbEntity
  8
ART_ÖLÇÜ
 62
     0
440
 16777216
370
     5
100
AcDbLine
 10
-74051.36819983574
 20
42366.35570896393
 30
0.0
 11
-74051.36819983574
 21
42375.19559288259
 31
0.0
  0
LINE
  5
490
330
48D
100
AcDbEntity
  8
ART_ÖLÇÜ
 62
     0
440
 16777216
370
     5
100
AcDbLine
 10
-74045.86819983575
 20
42366.35570896393
 30
0.0
 11
-74045.86819983575
 21
42375.19559288259
 31
0.0
  0
LINE
  5
491
330
48D
100
AcDbEntity
  8
ART_ÖLÇÜ
 62
     0
440
 16777216
370
     5
100
AcDbLine
 10
-74052.86819983575
 20
42373.69559288258
 30
0.0
 11
-74044.36819983575
 21
42373.69559288258
 31
0.0
  0
INSERT
  5
492
330
48D
100
AcDbEntity
  8
ART_ÖLÇÜ
 62
     0
440
 16777216
370
     5
100
AcDbBlockReference
  2
_OBLIQUE
 10
-74051.36819983574
 20
42373.69559288258
 30
0.0
 41
1.5
 42
1.5
 43
1.5
 50
180.0
  0
INSERT
  5
493
330
48D
100
AcDbEntity
  8
ART_ÖLÇÜ
 62
     0
440
 16777216
370
     5
100
AcDbBlockReference
  2
_OBLIQUE
 10
-74045.86819983575
 20
42373.69559288258
 30
0.0
 41
1.5
 42
1.5
 43
1.5
  0
MTEXT
  5
494
330
48D
100
AcDbEntity
  8
ART_ÖLÇÜ
440
 16777216
100
AcDbMText
 10
-74048.61819983575
 20
42375.57059288258
 30
0.0
 40
2.25
 41
0.0
 46
0.0
 71
     5
 72
     1
  1
\A1;6
  7
YZ
 73
     1
 44
1.0
  0
POINT
  5
495
330
48D
100
AcDbEntity
  8
Defpoints
 62
     0
440
 16777216
100
AcDbPoint
 10
-74051.36819983574
 20
42364.85570896394
 30
0.0
  0
POINT
  5
496
330
48D
100
AcDbEntity
  8
Defpoints
 62
     0
440
 16777216
100
AcDbPoint
 10
-74045.86819983575
 20
42364.85570896394
 30
0.0
  0
POINT
  5
497
330
48D
100
AcDbEntity
  8
Defpoints
 62
     0
440
 16777216
100
AcDbPoint
 10
-74045.86819983575
 20
42373.69559288258
 30
0.0
  0
ENDBLK
  5
498
330
48D
100
AcDbEntity
  8
0
100
AcDbBlockEnd
  0
BLOCK
  5
49D
330
49C
100
AcDbEntity
  8
0
100
AcDbBlockBegin
  2
*D58
 70
     1
 10
0.0
 20
0.0
 30
0.0
  3
*D58
  1

  0
LINE
  5
49E
330
49C
100
AcDbEntity
  8
ART_ÖLÇÜ
 62
     0
440
 16777216
370
     5
100
AcDbLine
 10
-74045.86819983575
 20
42366.35570896393
 30
0.0
 11
-74045.86819983575
 21
42375.19559288259
 31
0.0
  0
LINE
  5
49F
330
49C
100
AcDbEntity
  8
ART_ÖLÇÜ
 62
     0
440
 16777216
370
     5
100
AcDbLine
 10
-74022.38695419677
 20
42366.35570896393
 30
0.0
 11
-74022.38695419677
 21
42375.19559288259
 31
0.0
  0
LINE
  5
4A0
330
49C
100
AcDbEntity
  8
ART_ÖLÇÜ
 62
     0
440
 16777216
370
     5
100
AcDbLine
 10
-74047.36819983575
 20
42373.69559288258
 30
0.0
 11
-74020.88695419677
 21
42373.69559288258
 31
0.0
  0
INSERT
  5
4A1
330
49C
100
AcDbEntity
  8
ART_ÖLÇÜ
 62
     0
440
 16777216
370
     5
100
AcDbBlockReference
  2
_OBLIQUE
 10
-74045.86819983575
 20
42373.69559288258
 30
0.0
 41
1.5
 42
1.5
 43
1.5
 50
180.0
  0
INSERT
  5
4A2
330
49C
100
AcDbEntity
  8
ART_ÖLÇÜ
 62
     0
440
 16777216
370
     5
100
AcDbBlockReference
  2
_OBLIQUE
 10
-74022.38695419677
 20
42373.69559288258
 30
0.0
 41
1.5
 42
1.5
 43
1.5
  0
MTEXT
  5
4A3
330
49C
100
AcDbEntity
  8
ART_ÖLÇÜ
440
 16777216
100
AcDbMText
 10
-74034.12757701626
 20
42375.57059288258
 30
0.0
 40
2.25
 41
0.0
 46
0.0
 71
     5
 72
     1
  1
\A1;23
  7
YZ
 73
     1
 44
1.0
  0
POINT
  5
4A4
330
49C
100
AcDbEntity
  8
Defpoints
 62
     0
440
 16777216
100
AcDbPoint
 10
-74045.86819983575
 20
42364.85570896394
 30
0.0
  0
POINT
  5
4A5
330
49C
100
AcDbEntity
  8
Defpoints
 62
     0
440
 16777216
100
AcDbPoint
 10
-74022.38695419677
 20
42364.85570896394
 30
0.0
  0
POINT
  5
4A6
330
49C
100
AcDbEntity
  8
Defpoints
 62
     0
440
 16777216
100
AcDbPoint
 10
-74022.38695419677
 20
42373.69559288258
 30
0.0
  0
ENDBLK
  5
4A7
330
49C
100
AcDbEntity
  8
0
100
AcDbBlockEnd
  0
BLOCK
  5
5A3
330
5A2
100
AcDbEntity
  8
0
100
AcDbBlockBegin
  2
*D59
 70
     1
 10
0.0
 20
0.0
 30
0.0
  3
*D59
  1

  0
LINE
  5
5A4
330
5A2
100
AcDbEntity
  8
ART_ÖLÇÜ
 62
     0
440
 16777216
370
     5
100
AcDbLine
 10
-74096.8869541968
 20
42256.48924505231
 30
0.0
 11
-74103.87945160778
 21
42256.48924505231
 31
0.0
  0
LINE
  5
5A5
330
5A2
100
AcDbEntity
  8
ART_ÖLÇÜ
 62
     0
440
 16777216
370
     5
100
AcDbLine
 10
-74096.8869541968
 20
42306.52675377458
 30
0.0
 11
-74103.87945160778
 21
42306.52675377458
 31
0.0
  0
LINE
  5
5A6
330
5A2
100
AcDbEntity
  8
ART_ÖLÇÜ
 62
     0
440
 16777216
370
     5
100
AcDbLine
 10
-74102.37945160777
 20
42254.98924505231
 30
0.0
 11
-74102.37945160777
 21
42308.02675377458
 31
0.0
  0
INSERT
  5
5A7
330
5A2
100
AcDbEntity
  8
ART_ÖLÇÜ
 62
     0
440
 16777216
370
     5
100
AcDbBlockReference
  2
_OBLIQUE
 10
-74102.37945160777
 20
42256.48924505231
 30
0.0
 41
1.5
 42
1.5
 43
1.5
 50
270.0
  0
INSERT
  5
5A8
330
5A2
100
AcDbEntity
  8
ART_ÖLÇÜ
 62
     0
440
 16777216
370
     5
100
AcDbBlockReference
  2
_OBLIQUE
 10
-74102.37945160777
 20
42306.52675377458
 30
0.0
 41
1.5
 42
1.5
 43
1.5
 50
90.0
  0
MTEXT
  5
5A9
330
5A2
100
AcDbEntity
  8
ART_ÖLÇÜ
440
 16777216
100
AcDbMText
 10
-74104.25445160773
 20
42281.50799941346
 30
0.0
 40
2.25
 41
0.0
 46
0.0
 71
     5
 72
     1
  1
\A1;50
  7
YZ
 11
0.0000000000000001
 21
1.0
 31
0.0
 73
     1
 44
1.0
  0
POINT
  5
5AA
330
5A2
100
AcDbEntity
  8
Defpoints
 62
     0
440
 16777216
100
AcDbPoint
 10
-74095.3869541968
 20
42256.48924505231
 30
0.0
  0
POINT
  5
5AB
330
5A2
100
AcDbEntity
  8
Defpoints
 62
     0
440
 16777216
100
AcDbPoint
 10
-74095.3869541968
 20
42306.52675377458
 30
0.0
  0
POINT
  5
5AC
330
5A2
100
AcDbEntity
  8
Defpoints
 62
     0
440
 16777216
100
AcDbPoint
 10
-74102.37945160777
 20
42306.52675377458
 30
0.0
  0
ENDBLK
  5
5AD
330
5A2
100
AcDbEntity
  8
0
100
AcDbBlockEnd
  0
BLOCK
  5
5B2
330
5B1
100
AcDbEntity
  8
0
100
AcDbBlockBegin
  2
*D60
 70
     1
 10
0.0
 20
0.0
 30
0.0
  3
*D60
  1

  0
LINE
  5
5B3
330
5B1
100
AcDbEntity
  8
ART_ÖLÇÜ
 62
     0
440
 16777216
370
     5
100
AcDbLine
 10
-74095.38695419677
 20
42308.02675377455
 30
0.0
 11
-74095.38695419677
 21
42315.21933244899
 31
0.0
  0
LINE
  5
5B4
330
5B1
100
AcDbEntity
  8
ART_ÖLÇÜ
 62
     0
440
 16777216
370
     5
100
AcDbLine
 10
-74022.38695419677
 20
42308.02675377455
 30
0.0
 11
-74022.38695419677
 21
42315.21933244899
 31
0.0
  0
LINE
  5
5B5
330
5B1
100
AcDbEntity
  8
ART_ÖLÇÜ
 62
     0
440
 16777216
370
     5
100
AcDbLine
 10
-74096.88695419677
 20
42313.71933244897
 30
0.0
 11
-74020.88695419677
 21
42313.71933244897
 31
0.0
  0
INSERT
  5
5B6
330
5B1
100
AcDbEntity
  8
ART_ÖLÇÜ
 62
     0
440
 16777216
370
     5
100
AcDbBlockReference
  2
_OBLIQUE
 10
-74095.38695419677
 20
42313.71933244897
 30
0.0
 41
1.5
 42
1.5
 43
1.5
 50
180.0
  0
INSERT
  5
5B7
330
5B1
100
AcDbEntity
  8
ART_ÖLÇÜ
 62
     0
440
 16777216
370
     5
100
AcDbBlockReference
  2
_OBLIQUE
 10
-74022.38695419677
 20
42313.71933244897
 30
0.0
 41
1.5
 42
1.5
 43
1.5
  0
MTEXT
  5
5B8
330
5B1
100
AcDbEntity
  8
ART_ÖLÇÜ
440
 16777216
100
AcDbMText
 10
-74058.88695419677
 20
42315.59433244897
 30
0.0
 40
2.25
 41
0.0
 46
0.0
 71
     5
 72
     1
  1
\A1;73
  7
YZ
 73
     1
 44
1.0
  0
POINT
  5
5B9
330
5B1
100
AcDbEntity
  8
Defpoints
 62
     0
440
 16777216
100
AcDbPoint
 10
-74095.38695419677
 20
42306.52675377457
 30
0.0
  0
POINT
  5
5BA
330
5B1
100
AcDbEntity
  8
Defpoints
 62
     0
440
 16777216
100
AcDbPoint
 10
-74022.38695419677
 20
42306.52675377457
 30
0.0
  0
POINT
  5
5BB
330
5B1
100
AcDbEntity
  8
Defpoints
 62
     0
440
 16777216
100
AcDbPoint
 10
-74022.38695419677
 20
42313.71933244897
 30
0.0
  0
ENDBLK
  5
5BC
330
5B1
100
AcDbEntity
  8
0
100
AcDbBlockEnd
  0
BLOCK
  5
5C7
330
5C6
100
AcDbEntity
  8
0
100
AcDbBlockBegin
  2
*D61
 70
     1
 10
0.0
 20
0.0
 30
0.0
  3
*D61
  1

  0
LINE
  5
5C8
330
5C6
100
AcDbEntity
  8
ART_ÖLÇÜ
 62
     0
440
 16777216
370
     5
100
AcDbLine
 10
-74020.8869541968
 20
42306.52675377458
 30
0.0
 11
-74018.46693208963
 21
42306.52675377458
 31
0.0
  0
LINE
  5
5C9
330
5C6
100
AcDbEntity
  8
ART_ÖLÇÜ
 62
     0
440
 16777216
370
     5
100
AcDbLine
 10
-74020.8869541968
 20
42303.52675377458
 30
0.0
 11
-74018.46693208963
 21
42303.52675377458
 31
0.0
  0
LINE
  5
5CA
330
5C6
100
AcDbEntity
  8
ART_ÖLÇÜ
 62
     0
440
 16777216
370
     5
100
AcDbLine
 10
-74019.96693208963
 20
42308.02675377458
 30
0.0
 11
-74019.96693208963
 21
42302.02675377458
 31
0.0
  0
INSERT
  5
5CB
330
5C6
100
AcDbEntity
  8
ART_ÖLÇÜ
 62
     0
440
 16777216
370
     5
100
AcDbBlockReference
  2
_OBLIQUE
 10
-74019.96693208963
 20
42306.52675377458
 30
0.0
 41
1.5
 42
1.5
 43
1.5
 50
90.0
  0
INSERT
  5
5CC
330
5C6
100
AcDbEntity
  8
ART_ÖLÇÜ
 62
     0
440
 16777216
370
     5
100
AcDbBlockReference
  2
_OBLIQUE
 10
-74019.96693208963
 20
42303.52675377458
 30
0.0
 41
1.5
 42
1.5
 43
1.5
 50
270.0
  0
MTEXT
  5
5CD
330
5C6
100
AcDbEntity
  8
ART_ÖLÇÜ
440
 16777216
100
AcDbMText
 10
-74021.8419320896
 20
42305.0267537746
 30
0.0
 40
2.25
 41
0.0
 46
0.0
 71
     5
 72
     1
  1
\A1;3
  7
YZ
 11
0.0000000000000001
 21
1.0
 31
0.0
 73
     1
 44
1.0
  0
POINT
  5
5CE
330
5C6
100
AcDbEntity
  8
Defpoints
 62
     0
440
 16777216
100
AcDbPoint
 10
-74022.3869541968
 20
42306.52675377458
 30
0.0
  0
POINT
  5
5CF
330
5C6
100
AcDbEntity
  8
Defpoints
 62
     0
440
 16777216
100
AcDbPoint
 10
-74022.3869541968
 20
42303.52675377458
 30
0.0
  0
POINT
  5
5D0
330
5C6
100
AcDbEntity
  8
Defpoints
 62
     0
440
 16777216
100
AcDbPoint
 10
-74019.96693208963
 20
42303.52675377458
 30
0.0
  0
ENDBLK
  5
5D1
330
5C6
100
AcDbEntity
  8
0
100
AcDbBlockEnd
  0
ENDSEC
  0
SECTION
  2
ENTITIES
  0
INSERT
  5
72
102
{ACAD_XDICTIONARY
360
73
102
}
330
2
100
AcDbEntity
  8
0
100
AcDbBlockReference
  2
yatay ankraj
 10
-93188.66184539553
 20
40874.97063575133
 30
0.0
  0
INSERT
  5
1ED
102
{ACAD_XDICTIONARY
360
1EE
102
}
330
2
100
AcDbEntity
  8
0
100
AcDbBlockReference
  2
*U10
 10
-93377.39179938925
 20
41053.69078783795
 30
0.0
  0
INSERT
  5
22D
102
{ACAD_XDICTIONARY
360
22E
102
}
330
2
100
AcDbEntity
  8
GÖR-PROFIL
100
AcDbBlockReference
  2
*U12
 10
-73346.63560006808
 20
24361.58881729701
 30
0.0
 50
90.0
  0
INSERT
  5
298
102
{ACAD_XDICTIONARY
360
299
102
}
330
2
100
AcDbEntity
  8
GÖR-PROFIL
100
AcDbBlockReference
  2
*U11
 10
-73351.62427606703
 20
24685.99333602986
 30
0.0
 50
90.0
  0
LWPOLYLINE
  5
2FF
102
{ACAD_REACTORS
330
5A1
330
5B0
330
5C5
102
}
330
2
100
AcDbEntity
  8
ART_ANKRAJ
100
AcDbPolyline
 90
        6
 70
     1
 43
0.0
 10
-74022.38695419677
 20
42303.52675377456
 10
-74092.38695419677
 20
42303.52675377456
 10
-74092.38695419677
 20
42256.4892450523
 10
-74095.38695419677
 20
42256.4892450523
 10
-74095.38695419677
 20
42306.52675377457
 10
-74022.38695419677
 20
42306.52675377457
  0
LWPOLYLINE
  5
300
102
{ACAD_REACTORS
330
318
330
357
330
366
330
3D8
330
3E7
102
}
330
2
100
AcDbEntity
  8
ART_ANKRAJ
100
AcDbPolyline
 90
        4
 70
     1
 43
0.0
 10
-74145.07915304915
 20
42306.52675377457
 10
-74145.07915304915
 20
42256.4892450523
 10
-74245.07915304915
 20
42256.4892450523
 10
-74245.07915304915
 20
42306.52675377457
  0
LWPOLYLINE
  5
301
102
{ACAD_REACTORS
330
339
330
348
330
357
330
366
330
375
330
384
330
393
330
3A2
102
}
330
2
100
AcDbEntity
  8
ART_ANKRAJ
 48
10.0
100
AcDbPolyline
 90
        8
 70
     1
 43
0.0
 10
-74157.07915304974
 20
42289.02675377455
 10
-74157.07915304974
 20
42273.98924505228
 42
-0.4142135623730951
 10
-74162.57915304973
 20
42268.4892450523
 10
-74162.57915304973
 20
42268.4892450523
 42
-0.4142135623730951
 10
-74168.07915304974
 20
42273.98924505228
 10
-74168.07915304974
 20
42289.02675377455
 42
-0.4142135623730951
 10
-74162.57915304973
 20
42294.52675377457
 10
-74162.57915304973
 20
42294.52675377457
 42
-0.4142135623730951
1001
ACDBBLOCKREPETAG
1070
     1
1071
        2
1005
0
  0
LINE
  5
302
330
2
100
AcDbEntity
  8
ART_AKS
 48
5.0
100
AcDbLine
 10
-74176.56574842463
 20
42281.50799941355
 30
0.0
 11
-74148.59255767474
 21
42281.50799941355
 31
0.0
1001
ACDBBLOCKREPETAG
1070
     1
1071
        3
1005
0
  0
LINE
  5
303
102
{ACAD_REACTORS
330
366
102
}
330
2
100
AcDbEntity
  8
ART_AKS
 48
5.0
100
AcDbLine
 10
-74162.57915304973
 20
42300.32826998685
 30
0.0
 11
-74162.57915304973
 21
42264.28149532826
 31
0.0
1001
ACDBBLOCKREPETAG
1070
     1
1071
        4
1005
0
  0
LINE
  5
304
330
2
100
AcDbEntity
  8
Vida-Aksesuar
100
AcDbLine
 10
-74162.57915304968
 20
42284.80799941353
 30
0.0
 11
-74162.57915304968
 21
42278.50799941355
 31
0.0
1001
ACDBBLOCKREPETAG
1070
     1
1071
       13
1005
0
  0
LINE
  5
305
330
2
100
AcDbEntity
  8
Vida-Aksesuar
100
AcDbLine
 10
-74166.27915304969
 20
42281.50799941355
 30
0.0
 11
-74159.17915304966
 21
42281.50799941355
 31
0.0
1001
ACDBBLOCKREPETAG
1070
     1
1071
       14
1005
0
  0
LWPOLYLINE
  5
306
102
{ACAD_REACTORS
330
318
330
32A
330
339
102
}
330
2
100
AcDbEntity
  8
ART_ANKRAJ
 48
10.0
100
AcDbPolyline
 90
        8
 70
     1
 43
0.0
 10
-74233.07915304858
 20
42289.02675377455
 10
-74233.07915304858
 20
42273.98924505228
 42
0.4142135623730951
 10
-74227.57915304857
 20
42268.4892450523
 10
-74227.57915304857
 20
42268.4892450523
 42
0.4142135623730951
 10
-74222.07915304857
 20
42273.98924505228
 10
-74222.07915304857
 20
42289.02675377455
 42
0.4142135623730951
 10
-74227.57915304857
 20
42294.52675377457
 10
-74227.57915304857
 20
42294.52675377457
 42
0.4142135623730951
1001
ACDBBLOCKREPETAG
1070
     1
1071
        2
1005
0
  0
LINE
  5
307
102
{ACAD_REACTORS
330
32A
330
339
102
}
330
2
100
AcDbEntity
  8
ART_AKS
 48
5.0
100
AcDbLine
 10
-74213.59255767369
 20
42281.50799941355
 30
0.0
 11
-74241.56574842357
 21
42281.50799941355
 31
0.0
1001
ACDBBLOCKREPETAG
1070
     1
1071
        3
1005
0
  0
LINE
  5
308
330
2
100
AcDbEntity
  8
ART_AKS
 48
5.0
100
AcDbLine
 10
-74227.57915304857
 20
42300.32826998685
 30
0.0
 11
-74227.57915304857
 21
42264.28149532826
 31
0.0
1001
ACDBBLOCKREPETAG
1070
     1
1071
        4
1005
0
  0
LINE
  5
309
330
2
100
AcDbEntity
  8
Vida-Aksesuar
100
AcDbLine
 10
-74227.57915304861
 20
42284.80799941353
 30
0.0
 11
-74227.57915304861
 21
42278.50799941355
 31
0.0
1001
ACDBBLOCKREPETAG
1070
     1
1071
       13
1005
0
  0
LINE
  5
30A
330
2
100
AcDbEntity
  8
Vida-Aksesuar
100
AcDbLine
 10
-74223.87915304862
 20
42281.50799941355
 30
0.0
 11
-74230.97915304865
 21
42281.50799941355
 31
0.0
1001
ACDBBLOCKREPETAG
1070
     1
1071
       14
1005
0
  0
LWPOLYLINE
  5
30B
102
{ACAD_REACTORS
330
3F6
330
405
330
414
330
450
330
45F
330
49B
102
}
330
2
100
AcDbEntity
  8
ART_ANKRAJ
100
AcDbPolyline
 90
        4
 70
     1
 43
0.0
 10
-74095.38695419677
 20
42347.35570896336
 10
-74022.38695419677
 20
42347.35570896336
 10
-74022.38695419677
 20
42447.35570896335
 10
-74095.38695419677
 20
42447.35570896335
  0
LWPOLYLINE
  5
30C
102
{ACAD_REACTORS
330
414
330
423
330
432
330
45F
330
46E
330
47D
330
48C
330
49B
102
}
330
2
100
AcDbEntity
  8
ART_ANKRAJ
 48
10.0
100
AcDbPolyline
 90
        8
 70
     1
 43
0.0
 10
-74051.36819983574
 20
42359.35570896393
 10
-74066.40570855802
 20
42359.35570896393
 42
-0.4142135623730951
 10
-74071.90570855803
 20
42364.85570896394
 10
-74071.90570855803
 20
42364.85570896394
 42
-0.4142135623730951
 10
-74066.40570855802
 20
42370.35570896393
 10
-74051.36819983574
 20
42370.35570896393
 42
-0.4142135623730951
 10
-74045.86819983575
 20
42364.85570896394
 10
-74045.86819983575
 20
42364.85570896394
 42
-0.4142135623730951
1001
ACDBBLOCKREPETAG
1070
     1
1071
        2
1005
0
  0
LINE
  5
30D
102
{ACAD_REACTORS
330
414
330
423
330
432
102
}
330
2
100
AcDbEntity
  8
ART_AKS
 48
5.0
100
AcDbLine
 10
-74058.88695419677
 20
42378.84230433881
 30
0.0
 11
-74058.88695419677
 21
42350.86911358894
 31
0.0
1001
ACDBBLOCKREPETAG
1070
     1
1071
        3
1005
0
  0
LINE
  5
30E
102
{ACAD_REACTORS
330
45F
330
49B
102
}
330
2
100
AcDbEntity
  8
ART_AKS
 48
5.0
100
AcDbLine
 10
-74040.06668362346
 20
42364.85570896394
 30
0.0
 11
-74076.11345828207
 21
42364.85570896394
 31
0.0
1001
ACDBBLOCKREPETAG
1070
     1
1071
        4
1005
0
  0
LINE
  5
30F
330
2
100
AcDbEntity
  8
Vida-Aksesuar
100
AcDbLine
 10
-74055.58695419678
 20
42364.85570896388
 30
0.0
 11
-74061.88695419677
 21
42364.85570896388
 31
0.0
1001
ACDBBLOCKREPETAG
1070
     1
1071
       13
1005
0
  0
LINE
  5
310
330
2
100
AcDbEntity
  8
Vida-Aksesuar
100
AcDbLine
 10
-74058.88695419677
 20
42368.55570896389
 30
0.0
 11
-74058.88695419677
 21
42361.45570896386
 31
0.0
1001
ACDBBLOCKREPETAG
1070
     1
1071
       14
1005
0
  0
LWPOLYLINE
  5
311
102
{ACAD_REACTORS
330
432
330
441
330
450
102
}
330
2
100
AcDbEntity
  8
ART_ANKRAJ
 48
10.0
100
AcDbPolyline
 90
        8
 70
     1
 43
0.0
 10
-74051.36819983574
 20
42435.35570896279
 10
-74066.40570855802
 20
42435.35570896279
 42
0.4142135623730951
 10
-74071.90570855803
 20
42429.85570896277
 10
-74071.90570855803
 20
42429.85570896277
 42
0.4142135623730951
 10
-74066.40570855802
 20
42424.35570896279
 10
-74051.36819983574
 20
42424.35570896279
 42
0.4142135623730951
 10
-74045.86819983575
 20
42429.85570896277
 10
-74045.86819983575
 20
42429.85570896277
 42
0.4142135623730951
1001
ACDBBLOCKREPETAG
1070
     1
1071
        2
1005
0
  0
LINE
  5
312
102
{ACAD_REACTORS
330
432
330
441
330
450
102
}
330
2
100
AcDbEntity
  8
ART_AKS
 48
5.0
100
AcDbLine
 10
-74058.88695419677
 20
42415.8691135879
 30
0.0
 11
-74058.88695419677
 21
42443.84230433777
 31
0.0
1001
ACDBBLOCKREPETAG
1070
     1
1071
        3
1005
0
  0
LINE
  5
313
330
2
100
AcDbEntity
  8
ART_AKS
 48
5.0
100
AcDbLine
 10
-74040.06668362346
 20
42429.85570896277
 30
0.0
 11
-74076.11345828207
 21
42429.85570896277
 31
0.0
1001
ACDBBLOCKREPETAG
1070
     1
1071
        4
1005
0
  0
LINE
  5
314
330
2
100
AcDbEntity
  8
Vida-Aksesuar
100
AcDbLine
 10
-74055.58695419678
 20
42429.85570896284
 30
0.0
 11
-74061.88695419677
 21
42429.85570896284
 31
0.0
1001
ACDBBLOCKREPETAG
1070
     1
1071
       13
1005
0
  0
LINE
  5
315
330
2
100
AcDbEntity
  8
Vida-Aksesuar
100
AcDbLine
 10
-74058.88695419677
 20
42426.15570896282
 30
0.0
 11
-74058.88695419677
 21
42433.25570896286
 31
0.0
1001
ACDBBLOCKREPETAG
1070
     1
1071
       14
1005
0
  0
DIMENSION
  5
316
102
{ACAD_XDICTIONARY
360
317
102
}
102
{ACAD_REACTORS
330
318
102
}
330
2
100
AcDbEntity
  8
ART_ÖLÇÜ
100
AcDbDimension
280
     0
  2
*D35
 10
-74233.07915304858
 20
42284.66986622553
 30
0.0
 11
-74239.07915304886
 21
42286.54486622553
 31
0.0
 71
     5
 42
12.00000000058208
 73
     0
 74
     0
 75
     0
  3
1-1
100
AcDbAlignedDimension
 13
-74245.07915304915
 23
42281.50799941341
 33
0.0
 14
-74233.07915304858
 24
42281.50799941341
 34
0.0
100
AcDbRotatedDimension
  0
DIMENSION
  5
328
102
{ACAD_XDICTIONARY
360
329
102
}
102
{ACAD_REACTORS
330
32A
102
}
330
2
100
AcDbEntity
  8
ART_ÖLÇÜ
100
AcDbDimension
280
     0
  2
*D36
 10
-74222.07915304857
 20
42284.66986622553
 30
0.0
 11
-74227.57915304857
 21
42286.54486622553
 31
0.0
 71
     5
 42
11.0
 73
     0
 74
     0
 75
     0
  3
1-1
100
AcDbAlignedDimension
 13
-74233.07915304858
 23
42281.50799941341
 33
0.0
 14
-74222.07915304857
 24
42281.50799941354
 34
0.0
100
AcDbRotatedDimension
  0
DIMENSION
  5
337
102
{ACAD_XDICTIONARY
360
338
102
}
102
{ACAD_REACTORS
330
339
102
}
330
2
100
AcDbEntity
  8
ART_ÖLÇÜ
100
AcDbDimension
280
     0
  2
*D37
 10
-74168.07915304974
 20
42284.66986622555
 30
0.0
 11
-74195.07915304915
 21
42286.54486622555
 31
0.0
 71
     5
 42
53.99999999883585
 73
     0
 74
     0
 75
     0
  3
1-1
100
AcDbAlignedDimension
 13
-74222.07915304857
 23
42281.50799941355
 33
0.0
 14
-74168.07915304974
 24
42281.50799941343
 34
0.0
100
AcDbRotatedDimension
  0
DIMENSION
  5
346
102
{ACAD_XDICTIONARY
360
347
102
}
102
{ACAD_REACTORS
330
348
102
}
330
2
100
AcDbEntity
  8
ART_ÖLÇÜ
100
AcDbDimension
280
     0
  2
*D38
 10
-74157.07915304974
 20
42284.66986622553
 30
0.0
 11
-74162.57915304973
 21
42286.54486622553
 31
0.0
 71
     5
 42
11.0
 73
     0
 74
     0
 75
     0
  3
1-1
100
AcDbAlignedDimension
 13
-74168.07915304974
 23
42281.50799941341
 33
0.0
 14
-74157.07915304974
 24
42281.50799941341
 34
0.0
100
AcDbRotatedDimension
  0
DIMENSION
  5
355
102
{ACAD_XDICTIONARY
360
356
102
}
102
{ACAD_REACTORS
330
357
102
}
330
2
100
AcDbEntity
  8
ART_ÖLÇÜ
100
AcDbDimension
280
     0
  2
*D39
 10
-74145.07915304915
 20
42284.66986622553
 30
0.0
 11
-74151.07915304943
 21
42286.54486622553
 31
0.0
 71
     5
 42
12.00000000058208
 73
     0
 74
     0
 75
     0
  3
1-1
100
AcDbAlignedDimension
 13
-74157.07915304974
 23
42281.50799941341
 33
0.0
 14
-74145.07915304915
 24
42281.50799941341
 34
0.0
100
AcDbRotatedDimension
  0
DIMENSION
  5
364
102
{ACAD_XDICTIONARY
360
365
102
}
102
{ACAD_REACTORS
330
366
102
}
330
2
100
AcDbEntity
  8
ART_ÖLÇÜ
100
AcDbDimension
280
     0
  2
*D40
 10
-74173.8550628542
 20
42294.52675377458
 30
0.0
 11
-74175.73006285419
 21
42300.52675377459
 31
0.0
 71
     5
 42
12.0
 73
     0
 74
     0
 75
     0
  3
1-1
100
AcDbAlignedDimension
 13
-74162.57915304973
 23
42306.52675377457
 33
0.0
 14
-74162.57915304973
 24
42294.52675377457
 34
0.0
 50
90.0
100
AcDbRotatedDimension
  0
DIMENSION
  5
373
102
{ACAD_XDICTIONARY
360
374
102
}
102
{ACAD_REACTORS
330
375
102
}
330
2
100
AcDbEntity
  8
ART_ÖLÇÜ
100
AcDbDimension
280
     0
  2
*D41
 10
-74173.8550628542
 20
42289.02675377458
 30
0.0
 11
-74175.73006285419
 21
42291.77675377458
 31
0.0
 71
     5
 42
5.5
 73
     0
 74
     0
 75
     0
  3
1-1
100
AcDbAlignedDimension
 13
-74162.57915304973
 23
42294.52675377457
 33
0.0
 14
-74162.57915304973
 24
42289.02675377455
 34
0.0
 50
90.0
100
AcDbRotatedDimension
  0
DIMENSION
  5
382
102
{ACAD_XDICTIONARY
360
383
102
}
102
{ACAD_REACTORS
330
384
102
}
330
2
100
AcDbEntity
  8
ART_ÖLÇÜ
100
AcDbDimension
280
     0
  2
*D42
 10
-74173.8550628542
 20
42273.98924505231
 30
0.0
 11
-74175.73006285419
 21
42281.50799941346
 31
0.0
 71
     5
 42
15.03750872227101
 73
     0
 74
     0
 75
     0
  3
1-1
100
AcDbAlignedDimension
 13
-74162.57915304973
 23
42289.02675377455
 33
0.0
 14
-74162.57915304973
 24
42273.98924505228
 34
0.0
 50
90.0
100
AcDbRotatedDimension
  0
DIMENSION
  5
391
102
{ACAD_XDICTIONARY
360
392
102
}
102
{ACAD_REACTORS
330
393
102
}
330
2
100
AcDbEntity
  8
ART_ÖLÇÜ
100
AcDbDimension
280
     0
  2
*D43
 10
-74173.8550628542
 20
42268.4892450523
 30
0.0
 11
-74175.73006285419
 21
42271.23924505232
 31
0.0
 71
     5
 42
5.5
 73
     0
 74
     0
 75
     0
  3
1-1
100
AcDbAlignedDimension
 13
-74162.57915304973
 23
42273.98924505228
 33
0.0
 14
-74162.57915304973
 24
42268.4892450523
 34
0.0
 50
90.0
100
AcDbRotatedDimension
  0
DIMENSION
  5
3A0
102
{ACAD_XDICTIONARY
360
3A1
102
}
102
{ACAD_REACTORS
330
3A2
102
}
330
2
100
AcDbEntity
  8
ART_ÖLÇÜ
100
AcDbDimension
280
     0
  2
*D44
 10
-74173.8550628542
 20
42256.48924505231
 30
0.0
 11
-74175.73006285419
 21
42262.48924505232
 31
0.0
 71
     5
 42
12.0
 73
     0
 74
     0
 75
     0
  3
1-1
100
AcDbAlignedDimension
 13
-74162.57915304973
 23
42268.4892450523
 33
0.0
 14
-74162.57915304973
 24
42256.4892450523
 34
0.0
 50
90.0
100
AcDbRotatedDimension
  0
DIMENSION
  5
3AF
330
2
100
AcDbEntity
  8
ART_ÖLÇÜ
100
AcDbDimension
280
     0
  2
*D13
 10
-74181.56279042786
 20
42294.52675377458
 30
0.0
 11
-74183.43779042784
 21
42300.52675377459
 31
0.0
 71
     5
 42
12.0
 73
     0
 74
     0
 75
     0
  3
1-1
100
AcDbAlignedDimension
 13
-74173.85506285414
 23
42306.52675377457
 33
0.0
 14
-74173.85506285414
 24
42294.52675377457
 34
0.0
 50
90.0
100
AcDbRotatedDimension
  0
DIMENSION
  5
3BC
330
2
100
AcDbEntity
  8
ART_ÖLÇÜ
100
AcDbDimension
280
     0
  2
*D14
 10
-74181.56279042786
 20
42268.4892450523
 30
0.0
 11
-74183.43779042784
 21
42281.50799941346
 31
0.0
 71
     5
 42
26.03750872227101
 73
     0
 74
     0
 75
     0
  3
1-1
100
AcDbAlignedDimension
 13
-74173.85506285414
 23
42294.52675377457
 33
0.0
 14
-74173.85506285414
 24
42268.4892450523
 34
0.0
 50
90.0
100
AcDbRotatedDimension
  0
DIMENSION
  5
3C9
330
2
100
AcDbEntity
  8
ART_ÖLÇÜ
100
AcDbDimension
280
     0
  2
*D15
 10
-74181.56279042786
 20
42256.48924505231
 30
0.0
 11
-74183.43779042784
 21
42262.48924505232
 31
0.0
 71
     5
 42
12.0
 73
     0
 74
     0
 75
     0
  3
1-1
100
AcDbAlignedDimension
 13
-74173.85506285414
 23
42268.4892450523
 33
0.0
 14
-74173.85506285414
 24
42256.4892450523
 34
0.0
 50
90.0
100
AcDbRotatedDimension
  0
DIMENSION
  5
3D6
102
{ACAD_XDICTIONARY
360
3D7
102
}
102
{ACAD_REACTORS
330
3D8
102
}
330
2
100
AcDbEntity
  8
ART_ÖLÇÜ
100
AcDbDimension
280
     0
  2
*D45
 10
-74251.46352768455
 20
42256.48924505231
 30
0.0
 11
-74253.33852768452
 21
42281.50799941346
 31
0.0
 71
     5
 42
50.03750872227101
 73
     0
 74
     0
 75
     0
  3
1-1
100
AcDbAlignedDimension
 13
-74245.07915304915
 23
42306.52675377457
 33
0.0
 14
-74245.07915304915
 24
42256.4892450523
 34
0.0
 50
90.0
100
AcDbRotatedDimension
  0
DIMENSION
  5
3E5
102
{ACAD_XDICTIONARY
360
3E6
102
}
102
{ACAD_REACTORS
330
3E7
102
}
330
2
100
AcDbEntity
  8
ART_ÖLÇÜ
100
AcDbDimension
280
     0
  2
*D46
 10
-74145.07915304915
 20
42312.0574098753
 30
0.0
 11
-74195.07915304915
 21
42313.9324098753
 31
0.0
 71
     5
 42
100.0
 73
     0
 74
     0
 75
     0
  3
1-1
100
AcDbAlignedDimension
 13
-74245.07915304915
 23
42306.52675377457
 33
0.0
 14
-74145.07915304915
 24
42306.52675377457
 34
0.0
100
AcDbRotatedDimension
  0
DIMENSION
  5
3F4
102
{ACAD_XDICTIONARY
360
3F5
102
}
102
{ACAD_REACTORS
330
3F6
102
}
330
2
100
AcDbEntity
  8
ART_ÖLÇÜ
100
AcDbDimension
280
     0
  2
*D47
 10
-74022.38695419677
 20
42341.28209494125
 30
0.0
 11
-74058.88695419677
 21
42343.15709494125
 31
0.0
 71
     5
 42
73.0
 73
     0
 74
     0
 75
     0
  3
1-1
100
AcDbAlignedDimension
 13
-74095.38695419677
 23
42347.35570896336
 33
0.0
 14
-74022.38695419677
 24
42347.35570896336
 34
0.0
100
AcDbRotatedDimension
  0
DIMENSION
  5
403
102
{ACAD_XDICTIONARY
360
404
102
}
102
{ACAD_REACTORS
330
405
102
}
330
2
100
AcDbEntity
  8
ART_ÖLÇÜ
100
AcDbDimension
280
     0
  2
*D48
 10
-74015.02673692637
 20
42447.35570896336
 30
0.0
 11
-74016.90173692633
 21
42397.35570896339
 31
0.0
 71
     5
 42
100.0
 73
     0
 74
     0
 75
     0
  3
1-1
100
AcDbAlignedDimension
 13
-74022.38695419677
 23
42347.35570896336
 33
0.0
 14
-74022.38695419677
 24
42447.35570896335
 34
0.0
 50
90.0
100
AcDbRotatedDimension
  0
DIMENSION
  5
412
102
{ACAD_XDICTIONARY
360
413
102
}
102
{ACAD_REACTORS
330
414
102
}
330
2
100
AcDbEntity
  8
ART_ÖLÇÜ
100
AcDbDimension
280
     0
  2
*D49
 10
-74062.18580203959
 20
42359.35570896396
 30
0.0
 11
-74064.06080203955
 21
42353.35570896368
 31
0.0
 71
     5
 42
12.00000000058208
 73
     0
 74
     0
 75
     0
  3
1-1
100
AcDbAlignedDimension
 13
-74058.88695419677
 23
42347.35570896336
 33
0.0
 14
-74058.88695419677
 24
42359.35570896393
 34
0.0
 50
90.0
100
AcDbRotatedDimension
  0
DIMENSION
  5
421
102
{ACAD_XDICTIONARY
360
422
102
}
102
{ACAD_REACTORS
330
423
102
}
330
2
100
AcDbEntity
  8
ART_ÖLÇÜ
100
AcDbDimension
280
     0
  2
*D50
 10
-74062.18580203959
 20
42370.35570896395
 30
0.0
 11
-74064.06080203955
 21
42364.85570896397
 31
0.0
 71
     5
 42
11.0
 73
     0
 74
     0
 75
     0
  3
1-1
100
AcDbAlignedDimension
 13
-74058.88695419677
 23
42359.35570896393
 33
0.0
 14
-74058.88695419677
 24
42370.35570896393
 34
0.0
 50
90.0
100
AcDbRotatedDimension
  0
DIMENSION
  5
430
102
{ACAD_XDICTIONARY
360
431
102
}
102
{ACAD_REACTORS
330
432
102
}
330
2
100
AcDbEntity
  8
ART_ÖLÇÜ
100
AcDbDimension
280
     0
  2
*D51
 10
-74062.18580203959
 20
42424.35570896279
 30
0.0
 11
-74064.06080203955
 21
42397.35570896339
 31
0.0
 71
     5
 42
53.99999999883585
 73
     0
 74
     0
 75
     0
  3
1-1
100
AcDbAlignedDimension
 13
-74058.88695419677
 23
42370.35570896393
 33
0.0
 14
-74058.88695419677
 24
42424.35570896279
 34
0.0
 50
90.0
100
AcDbRotatedDimension
  0
DIMENSION
  5
43F
102
{ACAD_XDICTIONARY
360
440
102
}
102
{ACAD_REACTORS
330
441
102
}
330
2
100
AcDbEntity
  8
0
100
AcDbDimension
280
     0
  2
*D52
 10
-74062.18580203959
 20
42435.35570896279
 30
0.0
 11
-74064.06080203955
 21
42429.85570896281
 31
0.0
 71
     5
 42
11.0
 73
     0
 74
     0
 75
     0
  3
1-1
100
AcDbAlignedDimension
 13
-74058.88695419677
 23
42424.35570896279
 33
0.0
 14
-74058.88695419677
 24
42435.35570896279
 34
0.0
 50
90.0
100
AcDbRotatedDimension
  0
DIMENSION
  5
44E
102
{ACAD_XDICTIONARY
360
44F
102
}
102
{ACAD_REACTORS
330
450
102
}
330
2
100
AcDbEntity
  8
ART_ÖLÇÜ
100
AcDbDimension
280
     0
  2
*D53
 10
-74062.18580203959
 20
42447.35570896336
 30
0.0
 11
-74064.06080203955
 21
42441.35570896308
 31
0.0
 71
     5
 42
12.00000000058208
 73
     0
 74
     0
 75
     0
  3
1-1
100
AcDbAlignedDimension
 13
-74058.88695419677
 23
42435.35570896279
 33
0.0
 14
-74058.88695419677
 24
42447.35570896335
 34
0.0
 50
90.0
100
AcDbRotatedDimension
  0
DIMENSION
  5
45D
102
{ACAD_XDICTIONARY
360
45E
102
}
102
{ACAD_REACTORS
330
45F
102
}
330
2
100
AcDbEntity
  8
ART_ÖLÇÜ
100
AcDbDimension
280
     0
  2
*D54
 10
-74071.90570855803
 20
42373.69559288258
 30
0.0
 11
-74083.6463313774
 21
42375.57059288258
 31
0.0
 71
     5
 42
23.48124563874444
 73
     0
 74
     0
 75
     0
  3
1-1
100
AcDbAlignedDimension
 13
-74095.38695419677
 23
42364.85570896394
 33
0.0
 14
-74071.90570855803
 24
42364.85570896394
 34
0.0
100
AcDbRotatedDimension
  0
DIMENSION
  5
46C
102
{ACAD_XDICTIONARY
360
46D
102
}
102
{ACAD_REACTORS
330
46E
102
}
330
2
100
AcDbEntity
  8
ART_ÖLÇÜ
100
AcDbDimension
280
     0
  2
*D55
 10
-74066.40570855802
 20
42373.69559288258
 30
0.0
 11
-74069.15570855803
 21
42375.57059288258
 31
0.0
 71
     5
 42
5.5
 73
     0
 74
     0
 75
     0
  3
1-1
100
AcDbAlignedDimension
 13
-74071.90570855803
 23
42364.85570896394
 33
0.0
 14
-74066.40570855802
 24
42364.85570896394
 34
0.0
100
AcDbRotatedDimension
  0
DIMENSION
  5
47B
102
{ACAD_XDICTIONARY
360
47C
102
}
102
{ACAD_REACTORS
330
47D
102
}
330
2
100
AcDbEntity
  8
ART_ÖLÇÜ
100
AcDbDimension
280
     0
  2
*D56
 10
-74051.36819983574
 20
42373.69559288258
 30
0.0
 11
-74058.88695419688
 21
42375.57059288258
 31
0.0
 71
     5
 42
15.03750872227829
 73
     0
 74
     0
 75
     0
  3
1-1
100
AcDbAlignedDimension
 13
-74066.40570855802
 23
42364.85570896394
 33
0.0
 14
-74051.36819983574
 24
42364.85570896394
 34
0.0
100
AcDbRotatedDimension
  0
DIMENSION
  5
48A
102
{ACAD_XDICTIONARY
360
48B
102
}
102
{ACAD_REACTORS
330
48C
102
}
330
2
100
AcDbEntity
  8
ART_ÖLÇÜ
100
AcDbDimension
280
     0
  2
*D57
 10
-74045.86819983575
 20
42373.69559288258
 30
0.0
 11
-74048.61819983575
 21
42375.57059288258
 31
0.0
 71
     5
 42
5.5
 73
     0
 74
     0
 75
     0
  3
1-1
100
AcDbAlignedDimension
 13
-74051.36819983574
 23
42364.85570896394
 33
0.0
 14
-74045.86819983575
 24
42364.85570896394
 34
0.0
100
AcDbRotatedDimension
  0
DIMENSION
  5
499
102
{ACAD_XDICTIONARY
360
49A
102
}
102
{ACAD_REACTORS
330
49B
102
}
330
2
100
AcDbEntity
  8
ART_ÖLÇÜ
100
AcDbDimension
280
     0
  2
*D58
 10
-74022.38695419677
 20
42373.69559288258
 30
0.0
 11
-74034.12757701626
 21
42375.57059288258
 31
0.0
 71
     5
 42
23.48124563897727
 73
     0
 74
     0
 75
     0
  3
1-1
100
AcDbAlignedDimension
 13
-74045.86819983575
 23
42364.85570896394
 33
0.0
 14
-74022.38695419677
 24
42364.85570896394
 34
0.0
100
AcDbRotatedDimension
  0
DIMENSION
  5
4A8
330
2
100
AcDbEntity
  8
ART_ÖLÇÜ
100
AcDbDimension
280
     0
  2
*D16
 10
-74071.90570855803
 20
42378.1951048593
 30
0.0
 11
-74083.6463313774
 21
42380.0701048593
 31
0.0
 71
     5
 42
23.48124563874444
 73
     0
 74
     0
 75
     0
  3
1-1
100
AcDbAlignedDimension
 13
-74095.38695419677
 23
42373.69559288258
 33
0.0
 14
-74071.90570855803
 24
42373.69559288258
 34
0.0
100
AcDbRotatedDimension
  0
DIMENSION
  5
4B5
330
2
100
AcDbEntity
  8
ART_ÖLÇÜ
100
AcDbDimension
280
     0
  2
*D17
 10
-74045.86819983575
 20
42378.1951048593
 30
0.0
 11
-74058.88695419688
 21
42380.0701048593
 31
0.0
 71
     5
 42
26.03750872227829
 73
     0
 74
     0
 75
     0
  3
1-1
100
AcDbAlignedDimension
 13
-74071.90570855803
 23
42373.69559288258
 33
0.0
 14
-74045.86819983575
 24
42373.69559288258
 34
0.0
100
AcDbRotatedDimension
  0
DIMENSION
  5
4C2
330
2
100
AcDbEntity
  8
ART_ÖLÇÜ
100
AcDbDimension
280
     0
  2
*D18
 10
-74022.38695419677
 20
42378.1951048593
 30
0.0
 11
-74034.12757701626
 21
42380.0701048593
 31
0.0
 71
     5
 42
23.48124563897727
 73
     0
 74
     0
 75
     0
  3
1-1
100
AcDbAlignedDimension
 13
-74045.86819983575
 23
42373.69559288258
 33
0.0
 14
-74022.38695419677
 24
42373.69559288258
 34
0.0
100
AcDbRotatedDimension
  0
DIMENSION
  5
4CF
330
2
100
AcDbEntity
  8
ART_ÖLÇÜ
100
AcDbDimension
280
     0
  2
*D19
 10
-74216.30324324422
 20
42294.52675377458
 30
0.0
 11
-74218.1782432442
 21
42300.52675377459
 31
0.0
 71
     5
 42
12.0
 73
     0
 74
     0
 75
     0
  3
1-1
100
AcDbAlignedDimension
 13
-74227.57915304857
 23
42306.52675377457
 33
0.0
 14
-74227.57915304857
 24
42294.52675377457
 34
0.0
 50
90.0
100
AcDbRotatedDimension
  0
DIMENSION
  5
4DC
330
2
100
AcDbEntity
  8
ART_ÖLÇÜ
100
AcDbDimension
280
     0
  2
*D20
 10
-74216.30324324422
 20
42289.02675377458
 30
0.0
 11
-74218.1782432442
 21
42291.77675377458
 31
0.0
 71
     5
 42
5.5
 73
     0
 74
     0
 75
     0
  3
1-1
100
AcDbAlignedDimension
 13
-74227.57915304857
 23
42294.52675377457
 33
0.0
 14
-74227.57915304857
 24
42289.02675377455
 34
0.0
 50
90.0
100
AcDbRotatedDimension
  0
DIMENSION
  5
4E9
330
2
100
AcDbEntity
  8
ART_ÖLÇÜ
100
AcDbDimension
280
     0
  2
*D21
 10
-74216.30324324422
 20
42273.98924505231
 30
0.0
 11
-74218.1782432442
 21
42281.50799941346
 31
0.0
 71
     5
 42
15.03750872227101
 73
     0
 74
     0
 75
     0
  3
1-1
100
AcDbAlignedDimension
 13
-74227.57915304857
 23
42289.02675377455
 33
0.0
 14
-74227.57915304857
 24
42273.98924505228
 34
0.0
 50
90.0
100
AcDbRotatedDimension
  0
DIMENSION
  5
4F6
330
2
100
AcDbEntity
  8
ART_ÖLÇÜ
100
AcDbDimension
280
     0
  2
*D22
 10
-74216.30324324422
 20
42268.4892450523
 30
0.0
 11
-74218.1782432442
 21
42271.23924505232
 31
0.0
 71
     5
 42
5.5
 73
     0
 74
     0
 75
     0
  3
1-1
100
AcDbAlignedDimension
 13
-74227.57915304857
 23
42273.98924505228
 33
0.0
 14
-74227.57915304857
 24
42268.4892450523
 34
0.0
 50
90.0
100
AcDbRotatedDimension
  0
DIMENSION
  5
503
330
2
100
AcDbEntity
  8
ART_ÖLÇÜ
100
AcDbDimension
280
     0
  2
*D23
 10
-74216.30324324422
 20
42256.48924505231
 30
0.0
 11
-74218.1782432442
 21
42262.48924505232
 31
0.0
 71
     5
 42
12.0
 73
     0
 74
     0
 75
     0
  3
1-1
100
AcDbAlignedDimension
 13
-74227.57915304857
 23
42268.4892450523
 33
0.0
 14
-74227.57915304857
 24
42256.4892450523
 34
0.0
 50
90.0
100
AcDbRotatedDimension
  0
DIMENSION
  5
510
330
2
100
AcDbEntity
  8
ART_ÖLÇÜ
100
AcDbDimension
280
     0
  2
*D24
 10
-74208.59551567056
 20
42294.52675377458
 30
0.0
 11
-74210.47051567053
 21
42300.52675377459
 31
0.0
 71
     5
 42
12.0
 73
     0
 74
     0
 75
     0
  3
1-1
100
AcDbAlignedDimension
 13
-74216.30324324418
 23
42306.52675377457
 33
0.0
 14
-74216.30324324418
 24
42294.52675377457
 34
0.0
 50
90.0
100
AcDbRotatedDimension
  0
DIMENSION
  5
51D
330
2
100
AcDbEntity
  8
ART_ÖLÇÜ
100
AcDbDimension
280
     0
  2
*D25
 10
-74208.59551567056
 20
42268.4892450523
 30
0.0
 11
-74210.47051567053
 21
42281.50799941346
 31
0.0
 71
     5
 42
26.03750872227101
 73
     0
 74
     0
 75
     0
  3
1-1
100
AcDbAlignedDimension
 13
-74216.30324324418
 23
42294.52675377457
 33
0.0
 14
-74216.30324324418
 24
42268.4892450523
 34
0.0
 50
90.0
100
AcDbRotatedDimension
  0
DIMENSION
  5
52A
330
2
100
AcDbEntity
  8
ART_ÖLÇÜ
100
AcDbDimension
280
     0
  2
*D26
 10
-74208.59551567056
 20
42256.48924505231
 30
0.0
 11
-74210.47051567053
 21
42262.48924505232
 31
0.0
 71
     5
 42
12.0
 73
     0
 74
     0
 75
     0
  3
1-1
100
AcDbAlignedDimension
 13
-74216.30324324418
 23
42268.4892450523
 33
0.0
 14
-74216.30324324418
 24
42256.4892450523
 34
0.0
 50
90.0
100
AcDbRotatedDimension
  0
DIMENSION
  5
537
330
2
100
AcDbEntity
  8
ART_ÖLÇÜ
100
AcDbDimension
280
     0
  2
*D27
 10
-74071.90570855803
 20
42421.01582504413
 30
0.0
 11
-74083.6463313774
 21
42422.89082504413
 31
0.0
 71
     5
 42
23.48124563874444
 73
     0
 74
     0
 75
     0
  3
1-1
100
AcDbAlignedDimension
 13
-74095.38695419677
 23
42429.85570896277
 33
0.0
 14
-74071.90570855803
 24
42429.85570896277
 34
0.0
100
AcDbRotatedDimension
  0
DIMENSION
  5
544
330
2
100
AcDbEntity
  8
ART_ÖLÇÜ
100
AcDbDimension
280
     0
  2
*D28
 10
-74066.40570855802
 20
42421.01582504413
 30
0.0
 11
-74069.15570855803
 21
42422.89082504413
 31
0.0
 71
     5
 42
5.5
 73
     0
 74
     0
 75
     0
  3
1-1
100
AcDbAlignedDimension
 13
-74071.90570855803
 23
42429.85570896277
 33
0.0
 14
-74066.40570855802
 24
42429.85570896277
 34
0.0
100
AcDbRotatedDimension
  0
DIMENSION
  5
551
330
2
100
AcDbEntity
  8
ART_ÖLÇÜ
100
AcDbDimension
280
     0
  2
*D29
 10
-74051.36819983574
 20
42421.01582504413
 30
0.0
 11
-74058.88695419688
 21
42422.89082504413
 31
0.0
 71
     5
 42
15.03750872227829
 73
     0
 74
     0
 75
     0
  3
1-1
100
AcDbAlignedDimension
 13
-74066.40570855802
 23
42429.85570896277
 33
0.0
 14
-74051.36819983574
 24
42429.85570896277
 34
0.0
100
AcDbRotatedDimension
  0
DIMENSION
  5
55E
330
2
100
AcDbEntity
  8
ART_ÖLÇÜ
100
AcDbDimension
280
     0
  2
*D30
 10
-74045.86819983575
 20
42421.01582504413
 30
0.0
 11
-74048.61819983575
 21
42422.89082504413
 31
0.0
 71
     5
 42
5.5
 73
     0
 74
     0
 75
     0
  3
1-1
100
AcDbAlignedDimension
 13
-74051.36819983574
 23
42429.85570896277
 33
0.0
 14
-74045.86819983575
 24
42429.85570896277
 34
0.0
100
AcDbRotatedDimension
  0
DIMENSION
  5
56B
330
2
100
AcDbEntity
  8
ART_ÖLÇÜ
100
AcDbDimension
280
     0
  2
*D31
 10
-74022.38695419677
 20
42421.01582504413
 30
0.0
 11
-74034.12757701626
 21
42422.89082504413
 31
0.0
 71
     5
 42
23.48124563897727
 73
     0
 74
     0
 75
     0
  3
1-1
100
AcDbAlignedDimension
 13
-74045.86819983575
 23
42429.85570896277
 33
0.0
 14
-74022.38695419677
 24
42429.85570896277
 34
0.0
100
AcDbRotatedDimension
  0
DIMENSION
  5
578
330
2
100
AcDbEntity
  8
ART_ÖLÇÜ
100
AcDbDimension
280
     0
  2
*D32
 10
-74071.90570855803
 20
42416.5163130674
 30
0.0
 11
-74083.6463313774
 21
42418.3913130674
 31
0.0
 71
     5
 42
23.48124563874444
 73
     0
 74
     0
 75
     0
  3
1-1
100
AcDbAlignedDimension
 13
-74095.38695419677
 23
42421.01582504413
 33
0.0
 14
-74071.90570855803
 24
42421.01582504413
 34
0.0
100
AcDbRotatedDimension
  0
DIMENSION
  5
585
330
2
100
AcDbEntity
  8
ART_ÖLÇÜ
100
AcDbDimension
280
     0
  2
*D33
 10
-74045.86819983575
 20
42416.5163130674
 30
0.0
 11
-74058.88695419688
 21
42418.3913130674
 31
0.0
 71
     5
 42
26.03750872227829
 73
     0
 74
     0
 75
     0
  3
1-1
100
AcDbAlignedDimension
 13
-74071.90570855803
 23
42421.01582504413
 33
0.0
 14
-74045.86819983575
 24
42421.01582504413
 34
0.0
100
AcDbRotatedDimension
  0
DIMENSION
  5
592
330
2
100
AcDbEntity
  8
ART_ÖLÇÜ
100
AcDbDimension
280
     0
  2
*D34
 10
-74022.38695419677
 20
42416.5163130674
 30
0.0
 11
-74034.12757701626
 21
42418.3913130674
 31
0.0
 71
     5
 42
23.48124563897727
 73
     0
 74
     0
 75
     0
  3
1-1
100
AcDbAlignedDimension
 13
-74045.86819983575
 23
42421.01582504413
 33
0.0
 14
-74022.38695419677
 24
42421.01582504413
 34
0.0
100
AcDbRotatedDimension
  0
DIMENSION
  5
59F
102
{ACAD_XDICTIONARY
360
5A0
102
}
102
{ACAD_REACTORS
330
5A1
102
}
330
2
100
AcDbEntity
  8
ART_ÖLÇÜ
100
AcDbDimension
280
     0
  2
*D59
 10
-74102.37945160777
 20
42306.52675377458
 30
0.0
 11
-74104.25445160773
 21
42281.50799941346
 31
0.0
 71
     5
 42
50.03750872227101
 73
     0
 74
     0
 75
     0
  3
1-1
100
AcDbAlignedDimension
 13
-74095.38695419677
 23
42256.4892450523
 33
0.0
 14
-74095.38695419677
 24
42306.52675377457
 34
0.0
 50
90.0
100
AcDbRotatedDimension
  0
DIMENSION
  5
5AE
102
{ACAD_XDICTIONARY
360
5AF
102
}
102
{ACAD_REACTORS
330
5B0
102
}
330
2
100
AcDbEntity
  8
ART_ÖLÇÜ
100
AcDbDimension
280
     0
  2
*D60
 10
-74022.38695419677
 20
42313.71933244897
 30
0.0
 11
-74058.88695419677
 21
42315.59433244897
 31
0.0
 71
     5
 42
73.0
 73
     0
 74
     0
 75
     0
  3
1-1
100
AcDbAlignedDimension
 13
-74095.38695419677
 23
42306.52675377457
 33
0.0
 14
-74022.38695419677
 24
42306.52675377457
 34
0.0
100
AcDbRotatedDimension
  0
LINE
  5
5BD
330
2
100
AcDbEntity
  8
ART_AKS
 48
5.0
100
AcDbLine
 10
-74058.88695419677
 20
42319.01334914945
 30
0.0
 11
-74058.88695419677
 21
42291.04015839957
 31
0.0
1001
ACDBBLOCKREPETAG
1070
     1
1071
        3
1005
0
  0
LINE
  5
5BE
330
2
100
AcDbEntity
  8
0
100
AcDbLine
 10
-74071.90570855803
 20
42306.52675377457
 30
0.0
 11
-74071.90570855803
 21
42303.52675377456
 31
0.0
  0
LINE
  5
5BF
330
2
100
AcDbEntity
  8
0
100
AcDbLine
 10
-74045.86819983575
 20
42306.52675377457
 30
0.0
 11
-74045.86819983575
 21
42303.52675377456
 31
0.0
  0
LINE
  5
5C0
330
2
100
AcDbEntity
  8
0
100
AcDbLine
 10
-74095.38695419677
 20
42294.52675377457
 30
0.0
 11
-74092.38695419677
 21
42294.52675377457
 31
0.0
  0
LINE
  5
5C1
330
2
100
AcDbEntity
  8
0
100
AcDbLine
 10
-74095.38695419677
 20
42268.4892450523
 30
0.0
 11
-74092.38695419677
 21
42268.4892450523
 31
0.0
  0
LINE
  5
5C2
330
2
100
AcDbEntity
  8
ART_AKS
 48
5.0
100
AcDbLine
 10
-74107.87354957171
 20
42281.50799941354
 30
0.0
 11
-74079.90035882183
 21
42281.50799941354
 31
0.0
1001
ACDBBLOCKREPETAG
1070
     1
1071
        3
1005
0
  0
DIMENSION
  5
5C3
102
{ACAD_XDICTIONARY
360
5C4
102
}
102
{ACAD_REACTORS
330
5C5
102
}
330
2
100
AcDbEntity
  8
ART_ÖLÇÜ
100
AcDbDimension
280
     0
  2
*D61
 10
-74019.96693208963
 20
42303.52675377458
 30
0.0
 11
-74021.8419320896
 21
42305.0267537746
 31
0.0
 71
     5
 42
3.0
 73
     0
 74
     0
 75
     0
  3
1-1
100
AcDbAlignedDimension
 13
-74022.38695419677
 23
42306.52675377457
 33
0.0
 14
-74022.38695419677
 24
42303.52675377456
 34
0.0
 50
90.0
100
AcDbRotatedDimension
  0
INSERT
  5
5D2
102
{ACAD_XDICTIONARY
360
5D3
102
}
330
2
100
AcDbEntity
  8
ART_IZOPIM
100
AcDbBlockReference
  2
*U9
 10
-74770.06242583938
 20
42068.8623372437
 30
0.0
 41
3.52
 42
3.52
 43
3.52
 50
180.0
  0
TEXT
  5
601
330
2
100
AcDbEntity
  8
ART_YZ
100
AcDbText
 10
-74684.96457853718
 20
42066.48202709901
 30
0.0
 40
6.0
  1
IZOPIM - LEVHA ICI TASYUNU CIVISI
  7
YZ
100
AcDbText
  0
ENDSEC
  0
SECTION
  2
OBJECTS
  0
DICTIONARY
  5
A
330
0
100
AcDbDictionary
281
     1
  3
ACAD_COLOR
350
55
  3
ACAD_GROUP
350
4C
  3
ACAD_LAYOUT
350
17
  3
ACAD_MATERIAL
350
C
  3
ACAD_MLEADERSTYLE
350
58
  3
ACAD_MLINESTYLE
350
4D
  3
ACAD_PLOTSETTINGS
350
4E
  3
ACAD_PLOTSTYLENAME
350
9
  3
ACAD_SCALELIST
350
56
  3
ACAD_TABLESTYLE
350
57
  3
ACAD_VISUALSTYLE
350
2C
  3
ACDB_RECOMPOSE_DATA
350
612
  3
AcDbVariableDictionary
350
60A
  0
DICTIONARY
  5
1F
330
1E
100
AcDbDictionary
280
     1
281
     1
  3
ACAD_LAYERSTATES
360
20
  0
DICTIONARY
  5
7
330
6
100
AcDbDictionary
280
     1
281
     1
  0
DICTIONARY
  5
603
330
602
100
AcDbDictionary
280
     1
281
     1
  0
DICTIONARY
  5
89
330
88
100
AcDbDictionary
280
     1
281
     1
  0
DICTIONARY
  5
83
330
82
100
AcDbDictionary
280
     1
281
     1
  0
DICTIONARY
  5
26C
330
26B
100
AcDbDictionary
280
     1
281
     1
  0
DICTIONARY
  5
1E5
330
1E4
100
AcDbDictionary
280
     1
281
     1
  0
DICTIONARY
  5
31A
330
319
100
AcDbDictionary
280
     1
281
     1
  0
DICTIONARY
  5
3
330
2
100
AcDbDictionary
280
     1
281
     1
  3
ACAD_SORTENTS
360
609
  0
DICTIONARY
  5
3C
330
3B
100
AcDbDictionary
280
     1
281
     1
  3
ACAD_SORTENTS
360
605
  0
DICTIONARY
  5
45
330
44
100
AcDbDictionary
280
     1
281
     1
  3
ACAD_SORTENTS
360
604
  0
DICTIONARY
  5
96
330
95
100
AcDbDictionary
280
     1
281
     1
  0
DICTIONARY
  5
75
330
74
100
AcDbDictionary
280
     1
281
     1
  3
ACAD_ENHANCEDBLOCK
360
76
  3
ACAD_SORTENTS
360
606
  3
AcDbDynamicBlockRoundTripPurgePreventer
360
7F
  0
DICTIONARY
  5
1F2
330
1F1
100
AcDbDictionary
280
     1
281
     1
  3
ACAD_ENHANCEDBLOCK
360
1F3
  3
ACAD_SORTENTS
360
607
  3
AcDbDynamicBlockRoundTripPurgePreventer
360
1FB
  0
DICTIONARY
  5
232
330
231
100
AcDbDictionary
280
     1
281
     1
  3
ACAD_ENHANCEDBLOCK
360
233
  3
AcDbDynamicBlockRoundTripPurgePreventer
360
23A
  0
DICTIONARY
  5
29D
330
29C
100
AcDbDictionary
280
     1
281
     1
  3
ACAD_ENHANCEDBLOCK
360
29E
  3
AcDbDynamicBlockRoundTripPurgePreventer
360
2A5
  0
DICTIONARY
  5
5D7
330
5D6
100
AcDbDictionary
280
     1
281
     1
  3
ACAD_ENHANCEDBLOCK
360
5D8
  3
AcDbDynamicBlockRoundTripPurgePreventer
360
5E1
  0
DICTIONARY
  5
5F4
330
5F3
100
AcDbDictionary
280
     1
281
     1
  0
DICTIONARY
  5
216
330
215
100
AcDbDictionary
280
     1
281
     1
  3
ACAD_SORTENTS
360
608
  0
DICTIONARY
  5
2D5
330
2D4
100
AcDbDictionary
280
     1
281
     1
  0
DICTIONARY
  5
26E
330
26D
100
AcDbDictionary
280
     1
281
     1
  0
DICTIONARY
  5
73
330
72
100
AcDbDictionary
280
     1
281
     1
  0
DICTIONARY
  5
1EE
330
1ED
100
AcDbDictionary
280
     1
281
     1
  3
AcDbBlockRepresentation
360
1EF
  0
DICTIONARY
  5
22E
330
22D
100
AcDbDictionary
280
     1
281
     1
  3
AcDbBlockRepresentation
360
22F
  0
DICTIONARY
  5
299
330
298
100
AcDbDictionary
280
     1
281
     1
  3
AcDbBlockRepresentation
360
29A
  0
DICTIONARY
  5
317
330
316
100
AcDbDictionary
280
     1
281
     1
  3
ACAD_DIMASSOC
360
318
  0
DICTIONARY
  5
329
330
328
100
AcDbDictionary
280
     1
281
     1
  3
ACAD_DIMASSOC
360
32A
  0
DICTIONARY
  5
338
330
337
100
AcDbDictionary
280
     1
281
     1
  3
ACAD_DIMASSOC
360
339
  0
DICTIONARY
  5
347
330
346
100
AcDbDictionary
280
     1
281
     1
  3
ACAD_DIMASSOC
360
348
  0
DICTIONARY
  5
356
330
355
100
AcDbDictionary
280
     1
281
     1
  3
ACAD_DIMASSOC
360
357
  0
DICTIONARY
  5
365
330
364
100
AcDbDictionary
280
     1
281
     1
  3
ACAD_DIMASSOC
360
366
  0
DICTIONARY
  5
374
330
373
100
AcDbDictionary
280
     1
281
     1
  3
ACAD_DIMASSOC
360
375
  0
DICTIONARY
  5
383
330
382
100
AcDbDictionary
280
     1
281
     1
  3
ACAD_DIMASSOC
360
384
  0
DICTIONARY
  5
392
330
391
100
AcDbDictionary
280
     1
281
     1
  3
ACAD_DIMASSOC
360
393
  0
DICTIONARY
  5
3A1
330
3A0
100
AcDbDictionary
280
     1
281
     1
  3
ACAD_DIMASSOC
360
3A2
  0
DICTIONARY
  5
3D7
330
3D6
100
AcDbDictionary
280
     1
281
     1
  3
ACAD_DIMASSOC
360
3D8
  0
DICTIONARY
  5
3E6
330
3E5
100
AcDbDictionary
280
     1
281
     1
  3
ACAD_DIMASSOC
360
3E7
  0
DICTIONARY
  5
3F5
330
3F4
100
AcDbDictionary
280
     1
281
     1
  3
ACAD_DIMASSOC
360
3F6
  0
DICTIONARY
  5
404
330
403
100
AcDbDictionary
280
     1
281
     1
  3
ACAD_DIMASSOC
360
405
  0
DICTIONARY
  5
413
330
412
100
AcDbDictionary
280
     1
281
     1
  3
ACAD_DIMASSOC
360
414
  0
DICTIONARY
  5
422
330
421
100
AcDbDictionary
280
     1
281
     1
  3
ACAD_DIMASSOC
360
423
  0
DICTIONARY
  5
431
330
430
100
AcDbDictionary
280
     1
281
     1
  3
ACAD_DIMASSOC
360
432
  0
DICTIONARY
  5
440
330
43F
100
AcDbDictionary
280
     1
281
     1
  3
ACAD_DIMASSOC
360
441
  0
DICTIONARY
  5
44F
330
44E
100
AcDbDictionary
280
     1
281
     1
  3
ACAD_DIMASSOC
360
450
  0
DICTIONARY
  5
45E
330
45D
100
AcDbDictionary
280
     1
281
     1
  3
ACAD_DIMASSOC
360
45F
  0
DICTIONARY
  5
46D
330
46C
100
AcDbDictionary
280
     1
281
     1
  3
ACAD_DIMASSOC
360
46E
  0
DICTIONARY
  5
47C
330
47B
100
AcDbDictionary
280
     1
281
     1
  3
ACAD_DIMASSOC
360
47D
  0
DICTIONARY
  5
48B
330
48A
100
AcDbDictionary
280
     1
281
     1
  3
ACAD_DIMASSOC
360
48C
  0
DICTIONARY
  5
49A
330
499
100
AcDbDictionary
280
     1
281
     1
  3
ACAD_DIMASSOC
360
49B
  0
DICTIONARY
  5
5A0
330
59F
100
AcDbDictionary
280
     1
281
     1
  3
ACAD_DIMASSOC
360
5A1
  0
DICTIONARY
  5
5AF
330
5AE
100
AcDbDictionary
280
     1
281
     1
  3
ACAD_DIMASSOC
360
5B0
  0
DICTIONARY
  5
5C4
330
5C3
100
AcDbDictionary
280
     1
281
     1
  3
ACAD_DIMASSOC
360
5C5
  0
DICTIONARY
  5
5D3
330
5D2
100
AcDbDictionary
280
     1
281
     1
  3
AcDbBlockRepresentation
360
5D4
  0
DICTIONARY
  5
55
102
{ACAD_REACTORS
330
A
102
}
330
A
100
AcDbDictionary
281
     1
  0
DICTIONARY
  5
4C
102
{ACAD_REACTORS
330
A
102
}
330
A
100
AcDbDictionary
281
     1
  0
DICTIONARY
  5
17
102
{ACAD_REACTORS
330
A
102
}
330
A
100
AcDbDictionary
281
     1
  3
Layout1
350
1D
  3
Model
350
16
  0
DICTIONARY
  5
C
102
{ACAD_REACTORS
330
A
102
}
330
A
100
AcDbDictionary
281
     1
  3
ByBlock
350
52
  3
ByLayer
350
4F
  3
Global
350
B
  0
DICTIONARY
  5
58
102
{ACAD_REACTORS
330
A
102
}
330
A
100
AcDbDictionary
281
     1
  0
DICTIONARY
  5
4D
102
{ACAD_REACTORS
330
A
102
}
330
A
100
AcDbDictionary
281
     1
  3
Standard
350
5C
  0
DICTIONARY
  5
4E
102
{ACAD_REACTORS
330
A
102
}
330
A
100
AcDbDictionary
281
     1
  0
ACDBDICTIONARYWDFLT
  5
9
102
{ACAD_REACTORS
330
A
102
}
330
A
100
AcDbDictionary
281
     1
  3
Normal
350
8
100
AcDbDictionaryWithDefault
340
8
  0
DICTIONARY
  5
56
102
{ACAD_REACTORS
330
A
102
}
330
A
100
AcDbDictionary
281
     1
  3
A0
350
61
  3
A1
350
62
  3
A2
350
63
  3
A3
350
64
  3
A4
350
65
  3
A5
350
66
  3
A6
350
67
  3
A7
350
68
  3
A8
350
69
  3
A9
350
6A
  3
B0
350
6B
  3
B1
350
6C
  3
B2
350
6D
  3
B3
350
6E
  3
B4
350
6F
  3
B5
350
70
  3
B6
350
71
  0
DICTIONARY
  5
57
102
{ACAD_REACTORS
330
A
102
}
330
A
100
AcDbDictionary
281
     1
  3
Standard
350
5D
  0
DICTIONARY
  5
2C
102
{ACAD_REACTORS
330
A
102
}
330
A
100
AcDbDictionary
281
     1
  3
2dWireframe
350
2B
  3
Realistic
350
5F
  3
Wireframe
350
60
  0
XRECORD
  5
612
102
{ACAD_REACTORS
330
A
102
}
330
A
100
AcDbXrecord
280
     1
 90
        1
330
5D
  0
DICTIONARY
  5
60A
102
{ACAD_REACTORS
330
A
102
}
330
A
100
AcDbDictionary
281
     1
  3
CANNOSCALE
350
60F
  3
CMLEADERSTYLE
350
60C
  3
CTABLESTYLE
350
60B
  3
CVIEWDETAILSTYLE
350
60D
  3
CVIEWSECTIONSTYLE
350
60E
  0
DICTIONARY
  5
20
102
{ACAD_REACTORS
330
1F
102
}
330
1F
100
AcDbDictionary
281
     1
  0
SORTENTSTABLE
  5
609
102
{ACAD_REACTORS
330
3
102
}
330
3
100
AcDbSortentsTable
330
2
  0
SORTENTSTABLE
  5
605
102
{ACAD_REACTORS
330
3C
102
}
330
3C
100
AcDbSortentsTable
330
3B
  0
SORTENTSTABLE
  5
604
102
{ACAD_REACTORS
330
45
102
}
330
45
100
AcDbSortentsTable
330
44
  0
ACAD_EVALUATION_GRAPH
  5
76
102
{ACAD_REACTORS
330
75
102
}
330
75
100
AcDbEvalGraph
 96
        7
 97
        7
 91
        0
 93
       32
 95
        2
360
77
 92
        2
 92
        2
 92
        0
 92
        4
 91
        1
 93
       32
 95
        3
360
79
 92
       -1
 92
       -1
 92
        2
 92
        2
 91
        2
 93
       32
 95
        4
360
7A
 92
        0
 92
        0
 92
       -1
 92
       -1
 91
        3
 93
       32
 95
        5
360
7B
 92
        1
 92
        1
 92
       -1
 92
       -1
 91
        4
 93
       32
 95
        6
360
7C
 92
        3
 92
        3
 92
       -1
 92
       -1
 91
        5
 93
       32
 95
        7
360
7D
 92
        4
 92
        4
 92
       -1
 92
       -1
 92
        0
 93
        0
 94
        1
 91
        0
 91
        2
 92
       -1
 92
       -1
 92
       -1
 92
        1
 92
       -1
 92
        1
 93
        0
 94
        1
 91
        0
 91
        3
 92
       -1
 92
       -1
 92
        0
 92
        3
 92
       -1
 92
        2
 93
        0
 94
        2
 91
        1
 91
        0
 92
       -1
 92
       -1
 92
       -1
 92
       -1
 92
       -1
 92
        3
 93
        0
 94
        2
 91
        0
 91
        4
 92
       -1
 92
       -1
 92
        1
 92
        4
 92
       -1
 92
        4
 93
        0
 94
        2
 91
        0
 91
        5
 92
       -1
 92
       -1
 92
        3
 92
       -1
 92
       -1
  0
SORTENTSTABLE
  5
606
102
{ACAD_REACTORS
330
75
102
}
330
75
100
AcDbSortentsTable
330
74
  0
ACDB_DYNAMICBLOCKPURGEPREVENTER_VERSION
  5
7F
102
{ACAD_REACTORS
330
75
102
}
330
75
100
AcDbDynamicBlockPurgePreventer
 70
     1
  0
ACAD_EVALUATION_GRAPH
  5
1F3
102
{ACAD_REACTORS
330
1F2
102
}
330
1F2
100
AcDbEvalGraph
 96
       13
 97
       13
 91
        0
 93
       32
 95
        8
360
1F4
 92
        2
 92
        2
 92
        0
 92
        4
 91
        1
 93
       32
 95
        9
360
1F5
 92
       -1
 92
       -1
 92
        2
 92
        2
 91
        2
 93
       32
 95
       10
360
1F6
 92
        0
 92
        0
 92
       -1
 92
       -1
 91
        3
 93
       32
 95
       11
360
1F7
 92
        1
 92
        1
 92
       -1
 92
       -1
 91
        4
 93
       32
 95
       12
360
1F8
 92
        3
 92
        3
 92
       -1
 92
       -1
 91
        5
 93
       32
 95
       13
360
1F9
 92
        4
 92
        4
 92
       -1
 92
       -1
 92
        0
 93
        0
 94
        1
 91
        0
 91
        2
 92
       -1
 92
       -1
 92
       -1
 92
        1
 92
       -1
 92
        1
 93
        0
 94
        1
 91
        0
 91
        3
 92
       -1
 92
       -1
 92
        0
 92
        3
 92
       -1
 92
        2
 93
        0
 94
        2
 91
        1
 91
        0
 92
       -1
 92
       -1
 92
       -1
 92
       -1
 92
       -1
 92
        3
 93
        0
 94
        2
 91
        0
 91
        4
 92
       -1
 92
       -1
 92
        1
 92
        4
 92
       -1
 92
        4
 93
        0
 94
        2
 91
        0
 91
        5
 92
       -1
 92
       -1
 92
        3
 92
       -1
 92
       -1
  0
SORTENTSTABLE
  5
607
102
{ACAD_REACTORS
330
1F2
102
}
330
1F2
100
AcDbSortentsTable
330
1F1
  0
ACDB_DYNAMICBLOCKPURGEPREVENTER_VERSION
  5
1FB
102
{ACAD_REACTORS
330
1F2
102
}
330
1F2
100
AcDbDynamicBlockPurgePreventer
 70
     1
  0
ACAD_EVALUATION_GRAPH
  5
233
102
{ACAD_REACTORS
330
232
102
}
330
232
100
AcDbEvalGraph
 96
       12
 97
       12
 91
        0
 93
       32
 95
        7
360
234
 92
        2
 92
        2
 92
        0
 92
        4
 91
        1
 93
       32
 95
        8
360
235
 92
       -1
 92
       -1
 92
        2
 92
        2
 91
        2
 93
       32
 95
        9
360
236
 92
        0
 92
        0
 92
       -1
 92
       -1
 91
        3
 93
       32
 95
       10
360
237
 92
        1
 92
        1
 92
       -1
 92
       -1
 91
        4
 93
       32
 95
       11
360
238
 92
        3
 92
        3
 92
       -1
 92
       -1
 91
        5
 93
       32
 95
       12
360
239
 92
        4
 92
        4
 92
       -1
 92
       -1
 92
        0
 93
        0
 94
        1
 91
        0
 91
        2
 92
       -1
 92
       -1
 92
       -1
 92
        1
 92
       -1
 92
        1
 93
        0
 94
        1
 91
        0
 91
        3
 92
       -1
 92
       -1
 92
        0
 92
        3
 92
       -1
 92
        2
 93
        0
 94
        2
 91
        1
 91
        0
 92
       -1
 92
       -1
 92
       -1
 92
       -1
 92
       -1
 92
        3
 93
        0
 94
        2
 91
        0
 91
        4
 92
       -1
 92
       -1
 92
        1
 92
        4
 92
       -1
 92
        4
 93
        0
 94
        2
 91
        0
 91
        5
 92
       -1
 92
       -1
 92
        3
 92
       -1
 92
       -1
  0
ACDB_DYNAMICBLOCKPURGEPREVENTER_VERSION
  5
23A
102
{ACAD_REACTORS
330
232
102
}
330
232
100
AcDbDynamicBlockPurgePreventer
 70
     1
  0
ACAD_EVALUATION_GRAPH
  5
29E
102
{ACAD_REACTORS
330
29D
102
}
330
29D
100
AcDbEvalGraph
 96
        7
 97
        7
 91
        0
 93
       32
 95
        2
360
29F
 92
        2
 92
        2
 92
        0
 92
        4
 91
        1
 93
       32
 95
        3
360
2A0
 92
       -1
 92
       -1
 92
        2
 92
        2
 91
        2
 93
       32
 95
        4
360
2A1
 92
        0
 92
        0
 92
       -1
 92
       -1
 91
        3
 93
       32
 95
        5
360
2A2
 92
        1
 92
        1
 92
       -1
 92
       -1
 91
        4
 93
       32
 95
        6
360
2A3
 92
        3
 92
        3
 92
       -1
 92
       -1
 91
        5
 93
       32
 95
        7
360
2A4
 92
        4
 92
        4
 92
       -1
 92
       -1
 92
        0
 93
        0
 94
        1
 91
        0
 91
        2
 92
       -1
 92
       -1
 92
       -1
 92
        1
 92
       -1
 92
        1
 93
        0
 94
        1
 91
        0
 91
        3
 92
       -1
 92
       -1
 92
        0
 92
        3
 92
       -1
 92
        2
 93
        0
 94
        2
 91
        1
 91
        0
 92
       -1
 92
       -1
 92
       -1
 92
       -1
 92
       -1
 92
        3
 93
        0
 94
        2
 91
        0
 91
        4
 92
       -1
 92
       -1
 92
        1
 92
        4
 92
       -1
 92
        4
 93
        0
 94
        2
 91
        0
 91
        5
 92
       -1
 92
       -1
 92
        3
 92
       -1
 92
       -1
  0
ACDB_DYNAMICBLOCKPURGEPREVENTER_VERSION
  5
2A5
102
{ACAD_REACTORS
330
29D
102
}
330
29D
100
AcDbDynamicBlockPurgePreventer
 70
     1
  0
ACAD_EVALUATION_GRAPH
  5
5D8
102
{ACAD_REACTORS
330
5D7
102
}
330
5D7
100
AcDbEvalGraph
 96
       35
 97
       35
 91
        0
 93
       32
 95
       28
360
5D9
 92
        2
 92
        5
 92
        0
 92
        6
 91
        1
 93
       32
 95
       29
360
5DA
 92
       -1
 92
       -1
 92
        2
 92
        2
 91
        2
 93
       32
 95
       30
360
5DB
 92
        0
 92
        0
 92
       -1
 92
       -1
 91
        3
 93
       32
 95
       31
360
5DC
 92
        1
 92
        1
 92
       -1
 92
       -1
 91
        4
 93
       32
 95
       32
360
5DD
 92
       -1
 92
       -1
 92
        5
 92
        5
 91
        5
 93
       32
 95
       33
360
5DE
 92
        3
 92
        3
 92
       -1
 92
       -1
 91
        6
 93
       32
 95
       34
360
5DF
 92
        4
 92
        4
 92
       -1
 92
       -1
 91
        7
 93
       32
 95
       35
360
5E0
 92
        6
 92
        6
 92
       -1
 92
       -1
 92
        0
 93
        0
 94
        1
 91
        0
 91
        2
 92
       -1
 92
       -1
 92
       -1
 92
        1
 92
       -1
 92
        1
 93
        0
 94
        1
 91
        0
 91
        3
 92
       -1
 92
       -1
 92
        0
 92
        3
 92
       -1
 92
        2
 93
        0
 94
        2
 91
        1
 91
        0
 92
       -1
 92
        5
 92
       -1
 92
       -1
 92
       -1
 92
        3
 93
        0
 94
        1
 91
        0
 91
        5
 92
       -1
 92
       -1
 92
        1
 92
        4
 92
       -1
 92
        4
 93
        0
 94
        1
 91
        0
 91
        6
 92
       -1
 92
       -1
 92
        3
 92
        6
 92
       -1
 92
        5
 93
        0
 94
        2
 91
        4
 91
        0
 92
        2
 92
       -1
 92
       -1
 92
       -1
 92
       -1
 92
        6
 93
        0
 94
        2
 91
        0
 91
        7
 92
       -1
 92
       -1
 92
        4
 92
       -1
 92
       -1
  0
ACDB_DYNAMICBLOCKPURGEPREVENTER_VERSION
  5
5E1
102
{ACAD_REACTORS
330
5D7
102
}
330
5D7
100
AcDbDynamicBlockPurgePreventer
 70
     1
  0
SORTENTSTABLE
  5
608
102
{ACAD_REACTORS
330
216
102
}
330
216
100
AcDbSortentsTable
330
215
  0
DICTIONARY
  5
1EF
102
{ACAD_REACTORS
330
1EE
102
}
330
1EE
100
AcDbDictionary
280
     1
281
     1
  3
AcDbRepData
360
1F0
  3
AppDataCache
360
210
  0
DICTIONARY
  5
22F
102
{ACAD_REACTORS
330
22E
102
}
330
22E
100
AcDbDictionary
280
     1
281
     1
  3
AcDbRepData
360
230
  3
AppDataCache
360
266
  0
DICTIONARY
  5
29A
102
{ACAD_REACTORS
330
299
102
}
330
299
100
AcDbDictionary
280
     1
281
     1
  3
AcDbRepData
360
29B
  3
AppDataCache
360
2CF
  0
DIMASSOC
  5
318
102
{ACAD_REACTORS
330
317
102
}
330
317
100
AcDbDimAssoc
330
316
 90
        3
 70
     0
 71
     0
  1
AcDbOsnapPointRef
 72
     2
331
300
 73
     2
 91
        3
 40
0.5
 10
0.0
 20
0.0
 30
0.0
 75
     0
  1
AcDbOsnapPointRef
 72
     2
331
306
 73
     2
 91
        1
 40
0.5
 10
0.0
 20
0.0
 30
0.0
 75
     0
  0
DIMASSOC
  5
32A
102
{ACAD_REACTORS
330
329
102
}
330
329
100
AcDbDimAssoc
330
328
 90
        3
 70
     0
 71
     0
  1
AcDbOsnapPointRef
 72
     2
331
306
 73
     2
 91
        1
 40
0.5
 10
0.0
 20
0.0
 30
0.0
 75
     0
  1
AcDbOsnapPointRef
 72
    11
331
307
 73
     2
 91
        0
 40
0.3033831732233835
 10
0.0
 20
0.0
 30
0.0
332
306
 74
     2
 92
        0
 75
     0
  0
DIMASSOC
  5
339
102
{ACAD_REACTORS
330
338
102
}
330
338
100
AcDbDimAssoc
330
337
 90
        3
 70
     0
 71
     0
  1
AcDbOsnapPointRef
 72
    11
331
307
 73
     2
 91
        0
 40
0.3033831732233835
 10
0.0
 20
0.0
 30
0.0
332
306
 74
     2
 92
        0
 75
     0
  1
AcDbOsnapPointRef
 72
     2
331
301
 73
     2
 91
        5
 40
0.5
 10
0.0
 20
0.0
 30
0.0
 75
     0
  0
DIMASSOC
  5
348
102
{ACAD_REACTORS
330
347
102
}
330
347
100
AcDbDimAssoc
330
346
 90
        3
 70
     0
 71
     0
  1
AcDbOsnapPointRef
 72
     2
331
301
 73
     2
 91
        5
 40
0.5
 10
0.0
 20
0.0
 30
0.0
 75
     0
  1
AcDbOsnapPointRef
 72
     2
331
301
 73
     2
 91
        1
 40
0.5
 10
0.0
 20
0.0
 30
0.0
 75
     0
  0
DIMASSOC
  5
357
102
{ACAD_REACTORS
330
356
102
}
330
356
100
AcDbDimAssoc
330
355
 90
        3
 70
     0
 71
     0
  1
AcDbOsnapPointRef
 72
     2
331
301
 73
     2
 91
        1
 40
0.5
 10
0.0
 20
0.0
 30
0.0
 75
     0
  1
AcDbOsnapPointRef
 72
     2
331
300
 73
     2
 91
        1
 40
0.5
 10
0.0
 20
0.0
 30
0.0
 75
     0
  0
DIMASSOC
  5
366
102
{ACAD_REACTORS
330
365
102
}
330
365
100
AcDbDimAssoc
330
364
 90
        3
 70
     0
 71
     0
  1
AcDbOsnapPointRef
 72
    11
331
300
 73
     2
 91
        4
 40
0.8249999999941783
 10
0.0
 20
0.0
 30
0.0
332
303
 74
     2
 92
        0
 75
     0
  1
AcDbOsnapPointRef
 72
     1
331
301
 73
     2
 91
        6
 40
1.570796326794896
 10
0.0
 20
0.0
 30
2.000000000000000E+50
 75
     0
  0
DIMASSOC
  5
375
102
{ACAD_REACTORS
330
374
102
}
330
374
100
AcDbDimAssoc
330
373
 90
        3
 70
     0
 71
     0
  1
AcDbOsnapPointRef
 72
     1
331
301
 73
     2
 91
        6
 40
1.570796326794896
 10
0.0
 20
0.0
 30
2.000000000000000E+50
 75
     0
  1
AcDbOsnapPointRef
 72
     3
331
301
 73
     2
 91
        6
 40
1.570796326794896
 10
0.0
 20
0.0
 30
0.0
 75
     0
  0
DIMASSOC
  5
384
102
{ACAD_REACTORS
330
383
102
}
330
383
100
AcDbDimAssoc
330
382
 90
        3
 70
     0
 71
     0
  1
AcDbOsnapPointRef
 72
     3
331
301
 73
     2
 91
        6
 40
1.570796326794896
 10
0.0
 20
0.0
 30
0.0
 75
     0
  1
AcDbOsnapPointRef
 72
     3
331
301
 73
     2
 91
        2
 40
4.712388980384688
 10
0.0
 20
0.0
 30
0.0
 75
     0
  0
DIMASSOC
  5
393
102
{ACAD_REACTORS
330
392
102
}
330
392
100
AcDbDimAssoc
330
391
 90
        3
 70
     0
 71
     0
  1
AcDbOsnapPointRef
 72
     3
331
301
 73
     2
 91
        2
 40
4.712388980384688
 10
0.0
 20
0.0
 30
0.0
 75
     0
  1
AcDbOsnapPointRef
 72
     1
331
301
 73
     2
 91
        2
 40
4.712388980384688
 10
0.0
 20
0.0
 30
2.000000000000000E+50
 75
     0
  0
DIMASSOC
  5
3A2
102
{ACAD_REACTORS
330
3A1
102
}
330
3A1
100
AcDbDimAssoc
330
3A0
 90
        1
 70
     0
 71
     0
  1
AcDbOsnapPointRef
 72
     1
331
301
 73
     2
 91
        2
 40
4.712388980384688
 10
0.0
 20
0.0
 30
2.000000000000000E+50
 75
     0
  0
DIMASSOC
  5
3D8
102
{ACAD_REACTORS
330
3D7
102
}
330
3D7
100
AcDbDimAssoc
330
3D6
 90
        3
 70
     0
 71
     0
  1
AcDbOsnapPointRef
 72
     1
331
300
 73
     2
 91
        3
 40
1.0
 10
0.0
 20
0.0
 30
2.000000000000000E+50
 75
     0
  1
AcDbOsnapPointRef
 72
     8
331
300
 73
     2
 91
        2
 40
0.9999999999999952
 10
0.0
 20
0.0
 30
0.0
 75
     1
  1
AcDbOsnapPointRef
 72
     1
331
300
 73
     2
 91
        3
 40
1.0
 10
0.0
 20
0.0
 30
2.000000000000000E+50
 75
     0
  0
DIMASSOC
  5
3E7
102
{ACAD_REACTORS
330
3E6
102
}
330
3E6
100
AcDbDimAssoc
330
3E5
 90
        2
 70
     0
 71
     0
  1
AcDbOsnapPointRef
 72
    13
331
300
 73
     2
 91
        1
 40
0.0
 10
0.0
 20
0.0
 30
2.000000000000000E+50
 75
     0
  0
DIMASSOC
  5
3F6
102
{ACAD_REACTORS
330
3F5
102
}
330
3F5
100
AcDbDimAssoc
330
3F4
 90
        3
 70
     0
 71
     0
  1
AcDbOsnapPointRef
 72
    13
331
30B
 73
     2
 91
        1
 40
0.0
 10
0.0
 20
0.0
 30
2.000000000000000E+50
 75
     0
  1
AcDbOsnapPointRef
 72
     1
331
30B
 73
     2
 91
        1
 40
1.0
 10
0.0
 20
0.0
 30
2.000000000000000E+50
 75
     0
  0
DIMASSOC
  5
405
102
{ACAD_REACTORS
330
404
102
}
330
404
100
AcDbDimAssoc
330
403
 90
        2
 70
     0
 71
     0
  1
AcDbOsnapPointRef
 72
     1
331
30B
 73
     2
 91
        2
 40
1.0
 10
0.0
 20
0.0
 30
2.000000000000000E+50
 75
     0
  0
DIMASSOC
  5
414
102
{ACAD_REACTORS
330
413
102
}
330
413
100
AcDbDimAssoc
330
412
 90
        3
 70
     0
 71
     0
  1
AcDbOsnapPointRef
 72
     2
331
30B
 73
     2
 91
        1
 40
0.5
 10
0.0
 20
0.0
 30
0.0
 75
     0
  1
AcDbOsnapPointRef
 72
    11
331
30D
 73
     2
 91
        0
 40
0.6966168267724548
 10
0.0
 20
0.0
 30
0.0
332
30C
 74
     2
 92
        0
 75
     0
  0
DIMASSOC
  5
423
102
{ACAD_REACTORS
330
422
102
}
330
422
100
AcDbDimAssoc
330
421
 90
        3
 70
     0
 71
     0
  1
AcDbOsnapPointRef
 72
    11
331
30D
 73
     2
 91
        0
 40
0.6966168267724548
 10
0.0
 20
0.0
 30
0.0
332
30C
 74
     2
 92
        0
 75
     0
  1
AcDbOsnapPointRef
 72
    11
331
30D
 73
     2
 91
        0
 40
0.3033831732233835
 10
0.0
 20
0.0
 30
0.0
332
30C
 74
     2
 92
        0
 75
     0
  0
DIMASSOC
  5
432
102
{ACAD_REACTORS
330
431
102
}
330
431
100
AcDbDimAssoc
330
430
 90
        3
 70
     0
 71
     0
  1
AcDbOsnapPointRef
 72
    11
331
30D
 73
     2
 91
        0
 40
0.3033831732233835
 10
0.0
 20
0.0
 30
0.0
332
30C
 74
     2
 92
        0
 75
     0
  1
AcDbOsnapPointRef
 72
    11
331
312
 73
     2
 91
        0
 40
0.3033831732233835
 10
0.0
 20
0.0
 30
0.0
332
311
 74
     2
 92
        0
 75
     0
  0
DIMASSOC
  5
441
102
{ACAD_REACTORS
330
440
102
}
330
440
100
AcDbDimAssoc
330
43F
 90
        3
 70
     0
 71
     0
  1
AcDbOsnapPointRef
 72
    11
331
312
 73
     2
 91
        0
 40
0.3033831732233835
 10
0.0
 20
0.0
 30
0.0
332
311
 74
     2
 92
        0
 75
     0
  1
AcDbOsnapPointRef
 72
    11
331
312
 73
     2
 91
        0
 40
0.6966168267724548
 10
0.0
 20
0.0
 30
0.0
332
311
 74
     2
 92
        0
 75
     0
  0
DIMASSOC
  5
450
102
{ACAD_REACTORS
330
44F
102
}
330
44F
100
AcDbDimAssoc
330
44E
 90
        3
 70
     0
 71
     0
  1
AcDbOsnapPointRef
 72
    11
331
312
 73
     2
 91
        0
 40
0.6966168267724548
 10
0.0
 20
0.0
 30
0.0
332
311
 74
     2
 92
        0
 75
     0
  1
AcDbOsnapPointRef
 72
     2
331
30B
 73
     2
 91
        3
 40
0.5
 10
0.0
 20
0.0
 30
0.0
 75
     0
  0
DIMASSOC
  5
45F
102
{ACAD_REACTORS
330
45E
102
}
330
45E
100
AcDbDimAssoc
330
45D
 90
        3
 70
     0
 71
     0
  1
AcDbOsnapPointRef
 72
    11
331
30B
 73
     2
 91
        4
 40
0.8249999999941813
 10
0.0
 20
0.0
 30
0.0
332
30E
 74
     2
 92
        0
 75
     0
  1
AcDbOsnapPointRef
 72
     1
331
30C
 73
     2
 91
        2
 40
3.141592653589792
 10
0.0
 20
0.0
 30
2.000000000000000E+50
 75
     0
  0
DIMASSOC
  5
46E
102
{ACAD_REACTORS
330
46D
102
}
330
46D
100
AcDbDimAssoc
330
46C
 90
        3
 70
     0
 71
     0
  1
AcDbOsnapPointRef
 72
     1
331
30C
 73
     2
 91
        2
 40
3.141592653589792
 10
0.0
 20
0.0
 30
2.000000000000000E+50
 75
     0
  1
AcDbOsnapPointRef
 72
     3
331
30C
 73
     2
 91
        2
 40
3.141592653589792
 10
0.0
 20
0.0
 30
0.0
 75
     0
  0
DIMASSOC
  5
47D
102
{ACAD_REACTORS
330
47C
102
}
330
47C
100
AcDbDimAssoc
330
47B
 90
        3
 70
     0
 71
     0
  1
AcDbOsnapPointRef
 72
     3
331
30C
 73
     2
 91
        2
 40
3.141592653589792
 10
0.0
 20
0.0
 30
0.0
 75
     0
  1
AcDbOsnapPointRef
 72
     3
331
30C
 73
     2
 91
        8
 40
4.712388980384688
 10
0.0
 20
0.0
 30
0.0
 75
     0
  0
DIMASSOC
  5
48C
102
{ACAD_REACTORS
330
48B
102
}
330
48B
100
AcDbDimAssoc
330
48A
 90
        3
 70
     0
 71
     0
  1
AcDbOsnapPointRef
 72
     3
331
30C
 73
     2
 91
        8
 40
4.712388980384688
 10
0.0
 20
0.0
 30
0.0
 75
     0
  1
AcDbOsnapPointRef
 72
     1
331
30C
 73
     2
 91
        6
 40
0.0
 10
0.0
 20
0.0
 30
2.000000000000000E+50
 75
     0
  0
DIMASSOC
  5
49B
102
{ACAD_REACTORS
330
49A
102
}
330
49A
100
AcDbDimAssoc
330
499
 90
        3
 70
     0
 71
     0
  1
AcDbOsnapPointRef
 72
     1
331
30C
 73
     2
 91
        6
 40
0.0
 10
0.0
 20
0.0
 30
2.000000000000000E+50
 75
     0
  1
AcDbOsnapPointRef
 72
    11
331
30B
 73
     2
 91
        2
 40
0.1750000000058185
 10
0.0
 20
0.0
 30
0.0
332
30E
 74
     2
 92
        0
 75
     0
  0
DIMASSOC
  5
5A1
102
{ACAD_REACTORS
330
5A0
102
}
330
5A0
100
AcDbDimAssoc
330
59F
 90
        3
 70
     0
 71
     0
  1
AcDbOsnapPointRef
 72
     1
331
2FF
 73
     2
 91
        3
 40
1.0
 10
0.0
 20
0.0
 30
2.000000000000000E+50
 75
     0
  1
AcDbOsnapPointRef
 72
     1
331
2FF
 73
     2
 91
        4
 40
1.0
 10
0.0
 20
0.0
 30
2.000000000000000E+50
 75
     0
  0
DIMASSOC
  5
5B0
102
{ACAD_REACTORS
330
5AF
102
}
330
5AF
100
AcDbDimAssoc
330
5AE
 90
        2
 70
     0
 71
     0
  1
AcDbOsnapPointRef
 72
     1
331
2FF
 73
     2
 91
        5
 40
1.0
 10
0.0
 20
0.0
 30
2.000000000000000E+50
 75
     0
  0
DIMASSOC
  5
5C5
102
{ACAD_REACTORS
330
5C4
102
}
330
5C4
100
AcDbDimAssoc
330
5C3
 90
        2
 70
     0
 71
     0
  1
AcDbOsnapPointRef
 72
    13
331
2FF
 73
     2
 91
        1
 40
0.0
 10
0.0
 20
0.0
 30
2.000000000000000E+50
 75
     0
  0
DICTIONARY
  5
5D4
102
{ACAD_REACTORS
330
5D3
102
}
330
5D3
100
AcDbDictionary
280
     1
281
     1
  3
AcDbRepData
360
5D5
  3
AppDataCache
360
5EE
  0
LAYOUT
  5
1D
102
{ACAD_REACTORS
330
17
102
}
330
17
100
AcDbPlotSettings
  1

  2
Adobe PDF
  4
A4
  6

 40
3.174999952316283
 41
3.174999952316283
 42
3.175003051757812
 43
3.17498779296875
 44
209.9733276367186
 45
297.0318298339844
 46
0.0
 47
0.0
 48
0.0
 49
0.0
140
0.0
141
0.0
142
1.0
143
1.0
 70
   688
 72
     1
 73
     1
 74
     5
  7

 75
    16
147
1.0
 76
     0
 77
     2
 78
   300
148
0.0
149
0.0
100
AcDbLayout
  1
Layout1
 70
     1
 71
     1
 10
-3.17498779296875
 20
-3.174999952316283
 11
293.8568420410156
 21
206.7983276844024
 12
0.0
 22
0.0
 32
0.0
 14
29.06818420886992
 24
20.36233246326446
 34
0.0
 15
261.6136578798294
 25
183.2609921693802
 35
0.0
146
0.0
 13
0.0
 23
0.0
 33
0.0
 16
1.0
 26
0.0
 36
0.0
 17
0.0
 27
1.0
 37
0.0
 76
     0
330
1A
1001
ACAD_PSEXT
1000
Adobe PDF
1000
Adobe PDF Converter
1000
Documents\*.pdf
1000

1070
     0
  0
LAYOUT
  5
16
102
{ACAD_XDICTIONARY
360
18
102
}
102
{ACAD_REACTORS
330
17
102
}
330
17
100
AcDbPlotSettings
  1

  2
none_device
  4
ISO_A4_(210.00_x_297.00_MM)
  6

 40
7.5
 41
20.0
 42
7.5
 43
20.0
 44
210.0
 45
297.0
 46
11.54999923706054
 47
-13.65000009536743
 48
0.0
 49
0.0
140
0.0
141
0.0
142
1.0
143
8.704084754739808
 70
 11952
 72
     1
 73
     0
 74
     0
  7

 75
     0
147
0.1148885871608098
 76
     0
 77
     2
 78
   300
148
0.0
149
0.0
100
AcDbLayout
  1
Model
 70
     1
 71
     0
 10
0.0
 20
0.0
 11
12.0
 21
9.0
 12
0.0
 22
0.0
 32
0.0
 14
0.0
 24
0.0
 34
0.0
 15
0.0
 25
0.0
 35
0.0
146
0.0
 13
0.0
 23
0.0
 33
0.0
 16
1.0
 26
0.0
 36
0.0
 17
0.0
 27
1.0
 37
0.0
 76
     0
330
2
331
2A
1001
ACAD_PSEXT
1000
None
1000
None
1000
Not applicable
1000
The layout will not be plotted unless a new plotter configuration name is selected.
1070
     0
  0
MATERIAL
  5
52
102
{ACAD_XDICTIONARY
360
53
102
}
102
{ACAD_REACTORS
330
C
102
}
330
C
100
AcDbMaterial
  1
ByBlock
 94
       63
  0
MATERIAL
  5
4F
102
{ACAD_XDICTIONARY
360
50
102
}
102
{ACAD_REACTORS
330
C
102
}
330
C
100
AcDbMaterial
  1
ByLayer
 94
       63
  0
MATERIAL
  5
B
102
{ACAD_XDICTIONARY
360
D
102
}
102
{ACAD_REACTORS
330
C
102
}
330
C
100
AcDbMaterial
  1
Global
 43
0.0007999999797903
 43
0.0
 43
0.0
 43
0.0
 43
0.0
 43
0.0007999999797903
 43
0.0
 43
0.0
 43
0.0
 43
0.0
 43
1.0
 43
0.0
 43
0.0
 43
0.0
 43
0.0
 43
1.0
 49
0.0007999999797903
 49
0.0
 49
0.0
 49
0.0
 49
0.0
 49
0.0007999999797903
 49
0.0
 49
0.0
 49
0.0
 49
0.0
 49
1.0
 49
0.0
 49
0.0
 49
0.0
 49
0.0
 49
1.0
142
0.0007999999797903
142
0.0
142
0.0
142
0.0
142
0.0
142
0.0007999999797903
142
0.0
142
0.0
142
0.0
142
0.0
142
1.0
142
0.0
142
0.0
142
0.0
142
0.0
142
1.0
144
0.0007999999797903
144
0.0
144
0.0
144
0.0
144
0.0
144
0.0007999999797903
144
0.0
144
0.0
144
0.0
144
0.0
144
1.0
144
0.0
144
0.0
144
0.0
144
0.0
144
1.0
 94
       63
1001
ACAD
1070
    -1
1070
     3
1070
     0
1000

1071
        0
1070
     0
  0
MLINESTYLE
  5
5C
102
{ACAD_REACTORS
330
4D
102
}
330
4D
100
AcDbMlineStyle
  2
STANDARD
 70
     0
  3

 62
   256
 51
90.0
 52
90.0
 71
     2
 49
0.5
 62
   256
  6
BYLAYER
 49
-0.5
 62
   256
  6
BYLAYER
  0
ACDBPLACEHOLDER
  5
8
102
{ACAD_REACTORS
330
9
102
}
330
9
  0
SCALE
  5
61
102
{ACAD_REACTORS
330
56
102
}
330
56
100
AcDbScale
 70
     0
300
1:1
140
1.0
141
1.0
290
     1
  0
SCALE
  5
62
102
{ACAD_REACTORS
330
56
102
}
330
56
100
AcDbScale
 70
     0
300
1:2
140
1.0
141
2.0
290
     0
  0
SCALE
  5
63
102
{ACAD_REACTORS
330
56
102
}
330
56
100
AcDbScale
 70
     0
300
1:4
140
1.0
141
4.0
290
     0
  0
SCALE
  5
64
102
{ACAD_REACTORS
330
56
102
}
330
56
100
AcDbScale
 70
     0
300
1:5
140
1.0
141
5.0
290
     0
  0
SCALE
  5
65
102
{ACAD_REACTORS
330
56
102
}
330
56
100
AcDbScale
 70
     0
300
1:8
140
1.0
141
8.0
290
     0
  0
SCALE
  5
66
102
{ACAD_REACTORS
330
56
102
}
330
56
100
AcDbScale
 70
     0
300
1:10
140
1.0
141
10.0
290
     0
  0
SCALE
  5
67
102
{ACAD_REACTORS
330
56
102
}
330
56
100
AcDbScale
 70
     0
300
1:16
140
1.0
141
16.0
290
     0
  0
SCALE
  5
68
102
{ACAD_REACTORS
330
56
102
}
330
56
100
AcDbScale
 70
     0
300
1:20
140
1.0
141
20.0
290
     0
  0
SCALE
  5
69
102
{ACAD_REACTORS
330
56
102
}
330
56
100
AcDbScale
 70
     0
300
1:30
140
1.0
141
30.0
290
     0
  0
SCALE
  5
6A
102
{ACAD_REACTORS
330
56
102
}
330
56
100
AcDbScale
 70
     0
300
1:40
140
1.0
141
40.0
290
     0
  0
SCALE
  5
6B
102
{ACAD_REACTORS
330
56
102
}
330
56
100
AcDbScale
 70
     0
300
1:50
140
1.0
141
50.0
290
     0
  0
SCALE
  5
6C
102
{ACAD_REACTORS
330
56
102
}
330
56
100
AcDbScale
 70
     0
300
1:100
140
1.0
141
100.0
290
     0
  0
SCALE
  5
6D
102
{ACAD_REACTORS
330
56
102
}
330
56
100
AcDbScale
 70
     0
300
2:1
140
2.0
141
1.0
290
     0
  0
SCALE
  5
6E
102
{ACAD_REACTORS
330
56
102
}
330
56
100
AcDbScale
 70
     0
300
4:1
140
4.0
141
1.0
290
     0
  0
SCALE
  5
6F
102
{ACAD_REACTORS
330
56
102
}
330
56
100
AcDbScale
 70
     0
300
8:1
140
8.0
141
1.0
290
     0
  0
SCALE
  5
70
102
{ACAD_REACTORS
330
56
102
}
330
56
100
AcDbScale
 70
     0
300
10:1
140
10.0
141
1.0
290
     0
  0
SCALE
  5
71
102
{ACAD_REACTORS
330
56
102
}
330
56
100
AcDbScale
 70
     0
300
100:1
140
100.0
141
1.0
290
     0
  0
TABLESTYLE
  5
5D
102
{ACAD_XDICTIONARY
360
5E
102
}
102
{ACAD_REACTORS
330
57
102
}
330
57
100
AcDbTableStyle
280
     0
  3
Standard
 70
     0
 71
     0
 40
1.5
 41
1.5
280
     0
281
     0
  7
Standard
140
4.5
170
     2
 62
     0
 63
     7
283
     0
 90
      512
 91
        0
  1

274
    -2
284
     1
 64
     0
275
    -2
285
     1
 65
     0
276
    -2
286
     1
 66
     0
277
    -2
287
     1
 67
     0
278
    -2
288
     1
 68
     0
279
    -2
289
     1
 69
     0
  7
Standard
140
6.0
170
     5
 62
     0
 63
     7
283
     0
 90
      512
 91
        0
  1

274
    -2
284
     1
 64
     0
275
    -2
285
     1
 65
     0
276
    -2
286
     1
 66
     0
277
    -2
287
     1
 67
     0
278
    -2
288
     1
 68
     0
279
    -2
289
     1
 69
     0
  7
Standard
140
4.5
170
     5
 62
     0
 63
     7
283
     0
 90
      512
 91
        0
  1

274
    -2
284
     1
 64
     0
275
    -2
285
     1
 65
     0
276
    -2
286
     1
 66
     0
277
    -2
287
     1
 67
     0
278
    -2
288
     1
 68
     0
279
    -2
289
     1
 69
     0
  0
VISUALSTYLE
  5
2B
102
{ACAD_REACTORS
330
2C
102
}
330
2C
100
AcDbVisualStyle
  2
2dWireframe
 70
     4
177
     3
291
     0
 70
    58
 90
        0
176
     1
 90
        2
176
     1
 90
        1
176
     1
 90
        0
176
     1
 40
0.6
176
     1
 40
30.0
176
     1
 62
     7
420
 16777215
176
     1
 90
        1
176
     1
 90
        4
176
     1
 62
     7
176
     1
 62
   257
176
     1
 90
        1
176
     1
 90
        1
176
     1
 40
1.0
176
     1
 90
        0
176
     1
 62
   257
176
     1
 40
1.0
176
     1
 90
        1
176
     1
 90
        6
176
     1
 90
        2
176
     1
 62
     7
176
     1
 90
        5
176
     1
 90
        0
176
     1
 90
        0
176
     1
290
     0
176
     1
 90
        1
176
     1
 40
0.0
176
     1
 90
        0
176
     1
290
     1
176
     1
290
     1
176
     1
290
     0
176
     1
290
     0
176
     1
290
     0
176
     1
290
     0
176
     1
290
     0
176
     1
290
     0
176
     1
290
     0
176
     1
 90
       50
176
     1
 40
0.0
176
     1
 40
1.0
176
     1
 90
        0
176
     1
 62
    18
176
     1
 90
       50
176
     1
 90
        3
176
     1
 62
     5
420
      255
176
     1
290
     0
176
     1
 90
       50
176
     1
 90
       50
176
     1
 90
       50
176
     1
290
     0
176
     1
 90
       50
176
     1
 62
   256
176
     0
 40
1.0
176
     0
 90
        2
176
     1
  1
strokes_ogs.tif
176
     1
290
     0
176
     1
 40
1.0
176
     1
 40
1.0
176
     1
1001
ACAD
1000
AcDbSavedByObjectVersion
1070
     0
  0
VISUALSTYLE
  5
5F
102
{ACAD_REACTORS
330
2C
102
}
330
2C
100
AcDbVisualStyle
  2
Realistic
 70
     8
177
     3
291
     0
 70
    58
 90
        2
176
     1
 90
        2
176
     1
 90
        0
176
     1
 90
        2
176
     1
 40
0.6
176
     1
 40
30.0
176
     1
 62
     7
420
 16777215
176
     1
 90
        0
176
     1
 90
        0
176
     1
 62
     7
176
     1
 62
   257
176
     1
 90
        1
176
     1
 90
        1
176
     1
 40
1.0
176
     1
 90
        8
176
     1
 62
   257
176
     1
 40
1.0
176
     1
 90
        1
176
     1
 90
        6
176
     1
 90
        2
176
     1
 62
     7
176
     1
 90
        3
176
     1
 90
        0
176
     1
 90
        0
176
     1
290
     0
176
     1
 90
       13
176
     1
 40
0.0
176
     1
 90
        0
176
     1
290
     0
176
     1
290
     1
176
     1
290
     1
176
     1
290
     0
176
     1
290
     0
176
     1
290
     0
176
     1
290
     0
176
     1
290
     0
176
     1
290
     0
176
     1
 90
       50
176
     1
 40
0.0
176
     1
 40
1.0
176
     1
 90
        0
176
     1
 62
    18
176
     1
 90
       50
176
     1
 90
        3
176
     1
 62
     5
420
      255
176
     1
290
     0
176
     1
 90
       50
176
     1
 90
       50
176
     1
 90
       50
176
     1
290
     0
176
     1
 90
       50
176
     1
 62
   256
176
     0
 40
1.0
176
     0
 90
        2
176
     1
  1
strokes_ogs.tif
176
     1
290
     0
176
     1
 40
1.0
176
     1
 40
1.0
176
     1
1001
ACAD
1000
AcDbSavedByObjectVersion
1070
     0
  0
VISUALSTYLE
  5
60
102
{ACAD_REACTORS
330
2C
102
}
330
2C
100
AcDbVisualStyle
  2
Wireframe
 70
     5
177
     3
291
     0
 70
    58
 90
        0
176
     1
 90
        2
176
     1
 90
        0
176
     1
 90
        0
176
     1
 40
0.6
176
     1
 40
30.0
176
     1
 62
     7
420
 16777215
176
     1
 90
        1
176
     1
 90
        4
176
     1
 62
     7
176
     1
 62
   257
176
     1
 90
        1
176
     1
 90
        1
176
     1
 40
1.0
176
     1
 90
        0
176
     1
 62
   257
176
     1
 40
1.0
176
     1
 90
        1
176
     1
 90
        6
176
     1
 90
        2
176
     1
 62
     7
176
     1
 90
        3
176
     1
 90
        0
176
     1
 90
        0
176
     1
290
     0
176
     1
 90
        1
176
     1
 40
0.0
176
     1
 90
        0
176
     1
290
     0
176
     1
290
     1
176
     1
290
     1
176
     1
290
     0
176
     1
290
     0
176
     1
290
     0
176
     1
290
     0
176
     1
290
     0
176
     1
290
     0
176
     1
 90
       50
176
     1
 40
0.0
176
     1
 40
1.0
176
     1
 90
        0
176
     1
 62
    18
176
     1
 90
       50
176
     1
 90
        3
176
     1
 62
     5
420
      255
176
     1
290
     0
176
     1
 90
       50
176
     1
 90
       50
176
     1
 90
       50
176
     1
290
     0
176
     1
 90
       50
176
     1
 62
   256
176
     0
 40
1.0
176
     0
 90
        2
176
     1
  1
strokes_ogs.tif
176
     1
290
     0
176
     1
 40
1.0
176
     1
 40
1.0
176
     1
1001
ACAD
1000
AcDbSavedByObjectVersion
1070
     0
  0
DICTIONARYVAR
  5
60F
102
{ACAD_REACTORS
330
60A
102
}
330
60A
100
DictionaryVariables
280
     0
  1
1:1
  0
DICTIONARYVAR
  5
60C
102
{ACAD_REACTORS
330
60A
102
}
330
60A
100
DictionaryVariables
280
     0
  1
STANDARD
  0
DICTIONARYVAR
  5
60B
102
{ACAD_REACTORS
330
60A
102
}
330
60A
100
DictionaryVariables
280
     0
  1
STANDARD
  0
DICTIONARYVAR
  5
60D
102
{ACAD_REACTORS
330
60A
102
}
330
60A
100
DictionaryVariables
280
     0
  1

  0
DICTIONARYVAR
  5
60E
102
{ACAD_REACTORS
330
60A
102
}
330
60A
100
DictionaryVariables
280
     0
  1

  0
BLOCKLINEARPARAMETER
  5
77
330
76
100
AcDbEvalExpr
 90
        2
 98
       31
 99
        8
100
AcDbBlockElement
300
Linear
 98
       31
 99
        8
1071
        0
100
AcDbBlockParameter
280
     1
281
     0
100
AcDbBlock2PtParameter
1010
18498.19653487266
1020
1500.960417593575
1030
0.0
1011
18598.19653487289
1021
1500.960417593691
1031
0.0
170
     4
 91
        0
 91
        3
 91
        0
 91
        0
171
     0
172
     0
173
     1
 94
        3
303
DisplacementX
174
     1
 95
        3
304
DisplacementY
177
     0
100
AcDbBlockLinearParameter
305
Distance1
306

140
-12.2805921709514
307

 96
        1
141
0.0
142
0.0
143
0.0
175
     0
1001
ACAUTHENVIRON
1010
18601.92364436992
1020
1484.952715925719
1030
0.0
  0
BLOCKLINEARGRIP
  5
79
330
76
100
AcDbEvalExpr
 90
        3
 98
       31
 99
        8
100
AcDbBlockElement
300
End Grip
 98
       31
 99
        8
1071
        0
100
AcDbBlockGrip
 91
        4
 92
        5
1010
18598.19653487289
1020
1500.960417593691
1030
0.0
280
     1
 93
       -1
100
AcDbBlockLinearGrip
140
100.0000000002328
141
0.0000000001164153
142
0.0
  0
BLOCKGRIPLOCATIONCOMPONENT
  5
7A
330
76
100
AcDbEvalExpr
 90
        4
 98
       31
 99
        8
  1

 70
    40
140
1.797693134862313E+99
100
AcDbBlockGripExpr
 91
        2
300
UpdatedEndX
  0
BLOCKGRIPLOCATIONCOMPONENT
  5
7B
330
76
100
AcDbEvalExpr
 90
        5
 98
       31
 99
        8
  1

 70
    40
140
1.797693134862313E+99
100
AcDbBlockGripExpr
 91
        2
300
UpdatedEndY
  0
BLOCKSTRETCHACTION
  5
7C
330
76
100
AcDbEvalExpr
 90
        6
 98
       31
 99
        8
100
AcDbBlockElement
300
Stretch
 98
       31
 99
        8
1071
        1
100
AcDbBlockAction
 70
     0
 71
     0
1010
18608.51547929294
1020
1490.641473173641
1030
0.0
100
AcDbBlockStretchAction
 92
        2
301
EndXDelta
 93
        2
302
EndYDelta
 72
     0
 73
     0
 75
     0
140
1.0
141
0.0
280
     0
  0
BLOCKSTRETCHACTION
  5
7D
330
76
100
AcDbEvalExpr
 90
        7
 98
       31
 99
        8
100
AcDbBlockElement
300
Stretch1
 98
       31
 99
        8
1071
        0
100
AcDbBlockAction
 70
     0
 71
    12
330
79
330
1EA
330
1E9
330
1E8
330
1E7
330
1E6
330
1E3
330
8C
330
8B
330
87
330
86
330
81
1010
18610.86870716277
1020
1484.952715925719
1030
0.0
100
AcDbBlockStretchAction
 92
        2
301
EndXDelta
 93
        2
302
EndYDelta
 72
     2
1011
18608.3712526816
1021
1492.845910001163
1011
18526.87179081723
1021
1605.789317254741
 73
    11
331
81
 74
     2
 94
        1
 94
        2
331
86
 74
     8
 94
        0
 94
        1
 94
        2
 94
        3
 94
        4
 94
        5
 94
        6
 94
        7
331
87
 74
     2
 94
        0
 94
        1
331
8B
 74
     2
 94
        0
 94
        1
331
8C
 74
     1
 94
        0
331
1E3
 74
     6
 94
        0
 94
        1
 94
        2
 94
        3
 94
        4
 94
        5
331
1E6
 74
     2
 94
        0
 94
        1
331
1E7
 74
     2
 94
        0
 94
        1
331
1E8
 74
     1
 94
        0
331
1E9
 74
     2
 94
        0
 94
        1
331
1EA
 74
     1
 94
        0
 75
     0
140
1.0
141
0.0
280
     0
  0
BLOCKLINEARPARAMETER
  5
1F4
330
1F3
100
AcDbEvalExpr
 90
        8
 98
       31
 99
        8
100
AcDbBlockElement
300
Linear
 98
       31
 99
        8
1071
        0
100
AcDbBlockParameter
280
     1
281
     0
100
AcDbBlock2PtParameter
1010
18686.93781286762
1020
1500.960417593575
1030
0.0
1011
18786.9264888665
1021
1500.960417593575
1031
0.0
170
     4
 91
        0
 91
        9
 91
        0
 91
        0
171
     0
172
     0
173
     1
 94
        9
303
DisplacementX
174
     1
 95
        9
304
DisplacementY
177
     0
100
AcDbBlockLinearParameter
305
Distance1
306

140
-12.99109537085132
307

 96
        1
141
0.0
142
0.0
143
0.0
175
     0
1001
ACAUTHENVIRON
1010
18791.28447004285
1020
1483.611341046369
1030
0.0
  0
BLOCKLINEARGRIP
  5
1F5
330
1F3
100
AcDbEvalExpr
 90
        9
 98
       31
 99
        8
100
AcDbBlockElement
300
End Grip
 98
       31
 99
        8
1071
        0
100
AcDbBlockGrip
 91
       10
 92
       11
1010
18786.9264888665
1020
1500.960417593575
1030
0.0
280
     1
 93
       -1
100
AcDbBlockLinearGrip
140
99.98867599887308
141
0.0
142
0.0
  0
BLOCKGRIPLOCATIONCOMPONENT
  5
1F6
330
1F3
100
AcDbEvalExpr
 90
       10
 98
       31
 99
        8
  1

 70
    40
140
1.797693134862313E+99
100
AcDbBlockGripExpr
 91
        8
300
UpdatedEndX
  0
BLOCKGRIPLOCATIONCOMPONENT
  5
1F7
330
1F3
100
AcDbEvalExpr
 90
       11
 98
       31
 99
        8
  1

 70
    40
140
1.797693134862313E+99
100
AcDbBlockGripExpr
 91
        8
300
UpdatedEndY
  0
BLOCKSTRETCHACTION
  5
1F8
330
1F3
100
AcDbEvalExpr
 90
       12
 98
       31
 99
        8
100
AcDbBlockElement
300
Stretch2
 98
       31
 99
        8
1071
        1
100
AcDbBlockAction
 70
     0
 71
     0
1010
18797.38564368975
1020
1490.501262770325
1030
0.0
100
AcDbBlockStretchAction
 92
        8
301
EndXDelta
 93
        8
302
EndYDelta
 72
     0
 73
     0
 75
     0
140
1.0
141
0.0
280
     0
  0
BLOCKSTRETCHACTION
  5
1F9
330
1F3
100
AcDbEvalExpr
 90
       13
 98
       31
 99
        8
100
AcDbBlockElement
300
Stretch3
 98
       31
 99
        8
1071
        0
100
AcDbBlockAction
 70
     0
 71
    12
330
1F5
330
20E
330
20D
330
20C
330
20B
330
20A
330
209
330
202
330
201
330
200
330
1FF
330
1FD
1010
18801.7436248661
1020
1483.611341046369
1030
0.0
100
AcDbBlockStretchAction
 92
        8
301
EndXDelta
 93
        8
302
EndYDelta
 72
     2
1011
18725.40439488982
1021
1607.263145057337
1011
18808.49657071165
1021
1492.903616361432
 73
    11
331
1FD
 74
     2
 94
        1
 94
        2
331
1FF
 74
     8
 94
        0
 94
        1
 94
        2
 94
        3
 94
        4
 94
        5
 94
        6
 94
        7
331
200
 74
     2
 94
        0
 94
        1
331
201
 74
     2
 94
        0
 94
        1
331
202
 74
     1
 94
        0
331
209
 74
     6
 94
        0
 94
        1
 94
        2
 94
        3
 94
        4
 94
        5
331
20A
 74
     2
 94
        0
 94
        1
331
20B
 74
     2
 94
        0
 94
        1
331
20C
 74
     1
 94
        0
331
20D
 74
     2
 94
        0
 94
        1
331
20E
 74
     1
 94
        0
 75
     0
140
1.0
141
0.0
280
     0
  0
BLOCKLINEARPARAMETER
  5
234
330
233
100
AcDbEvalExpr
 90
        7
 98
       31
 99
        8
100
AcDbBlockElement
300
Linear
 98
       31
 99
        8
1071
        0
100
AcDbBlockParameter
280
     1
281
     0
100
AcDbBlock2PtParameter
1010
17840.6871336319
1020
1343.829710454716
1030
0.0
1011
17840.6871336319
1021
1243.8297104546
1031
0.0
170
     4
 91
        0
 91
        8
 91
        0
 91
        0
171
     0
172
     0
173
     1
 94
        8
303
DisplacementX
174
     1
 95
        8
304
DisplacementY
177
     0
100
AcDbBlockLinearParameter
305
Distance1
306

140
-89.2551618433645
307

 96
        1
141
0.0
142
0.0
143
0.0
175
     0
1001
ACAUTHENVIRON
1010
17757.31851452249
1020
1237.943167720643
1030
0.0
  0
BLOCKLINEARGRIP
  5
235
330
233
100
AcDbEvalExpr
 90
        8
 98
       31
 99
        8
100
AcDbBlockElement
300
End Grip
 98
       31
 99
        8
1071
        0
100
AcDbBlockGrip
 91
        9
 92
       10
1010
17840.6871336319
1020
1243.8297104546
1030
0.0
280
     1
 93
       -1
100
AcDbBlockLinearGrip
140
0.0
141
-100.0000000001164
142
0.0
  0
BLOCKGRIPLOCATIONCOMPONENT
  5
236
330
233
100
AcDbEvalExpr
 90
        9
 98
       31
 99
        8
  1

 70
    40
140
1.797693134862313E+99
100
AcDbBlockGripExpr
 91
        7
300
UpdatedEndX
  0
BLOCKGRIPLOCATIONCOMPONENT
  5
237
330
233
100
AcDbEvalExpr
 90
       10
 98
       31
 99
        8
  1

 70
    40
140
1.797693134862313E+99
100
AcDbBlockGripExpr
 91
        7
300
UpdatedEndY
  0
BLOCKSTRETCHACTION
  5
238
330
233
100
AcDbEvalExpr
 90
       11
 98
       31
 99
        8
100
AcDbBlockElement
300
Stretch2
 98
       31
 99
        8
1071
        1
100
AcDbBlockAction
 70
     0
 71
     0
1010
17856.74619801512
1020
1227.770646071381
1030
0.0
100
AcDbBlockStretchAction
 92
        7
301
EndXDelta
 93
        7
302
EndYDelta
 72
     0
 73
     0
 75
     0
140
1.0
141
0.0
280
     0
  0
BLOCKSTRETCHACTION
  5
239
330
233
100
AcDbEvalExpr
 90
       12
 98
       31
 99
        8
100
AcDbBlockElement
300
Stretch3
 98
       31
 99
        8
1071
        0
100
AcDbBlockAction
 70
     0
 71
    13
330
235
330
257
330
256
330
255
330
254
330
24F
330
24D
330
248
330
247
330
245
330
244
330
23F
330
23D
1010
17771.44621708399
1020
1237.943167720643
1030
0.0
100
AcDbBlockStretchAction
 92
        7
301
EndXDelta
 93
        7
302
EndYDelta
 72
     2
1011
17969.50150959699
1021
1214.37193652116
1011
17805.07074922847
1021
1312.027062145205
 73
    12
331
23D
 74
     1
 94
        0
331
23F
 74
     1
 94
        0
331
244
 74
     2
 94
        0
 94
        1
331
245
 74
     2
 94
        0
 94
        1
331
247
 74
     2
 94
        0
 94
        1
331
248
 74
     2
 94
        0
 94
        1
331
24D
 74
     1
 94
        0
331
24F
 74
     1
 94
        0
331
254
 74
     2
 94
        0
 94
        1
331
255
 74
     2
 94
        0
 94
        1
331
256
 74
     2
 94
        0
 94
        1
331
257
 74
     2
 94
        0
 94
        1
 75
     0
140
1.0
141
0.0
280
     0
  0
BLOCKLINEARPARAMETER
  5
29F
330
29E
100
AcDbEvalExpr
 90
        2
 98
       31
 99
        8
100
AcDbBlockElement
300
Linear
 98
       31
 99
        8
1071
        0
100
AcDbBlockParameter
280
     1
281
     0
100
AcDbBlock2PtParameter
1010
18061.20333611754
1020
1338.829710454716
1030
0.0
1011
18061.20333611793
1021
1238.829710454597
1031
0.0
170
     4
 91
        0
 91
        3
 91
        0
 91
        0
171
     0
172
     0
173
     1
 94
        3
303
DisplacementX
174
     1
 95
        3
304
DisplacementY
177
     0
100
AcDbBlockLinearParameter
305
Distance1
306

140
-96.26126146006761
307

 96
        1
141
0.0
142
0.0
143
0.0
175
     0
1001
ACAUTHENVIRON
1010
17970.39351472225
1020
1233.378270389831
1030
0.0
  0
BLOCKLINEARGRIP
  5
2A0
330
29E
100
AcDbEvalExpr
 90
        3
 98
       31
 99
        8
100
AcDbBlockElement
300
End Grip
 98
       31
 99
        8
1071
        0
100
AcDbBlockGrip
 91
        4
 92
        5
1010
18061.20333611793
1020
1238.829710454597
1030
0.0
280
     1
 93
       -1
100
AcDbBlockLinearGrip
140
0.0000000003892637
141
-100.0000000001193
142
0.0
  0
BLOCKGRIPLOCATIONCOMPONENT
  5
2A1
330
29E
100
AcDbEvalExpr
 90
        4
 98
       31
 99
        8
  1

 70
    40
140
1.797693134862313E+99
100
AcDbBlockGripExpr
 91
        2
300
UpdatedEndX
  0
BLOCKGRIPLOCATIONCOMPONENT
  5
2A2
330
29E
100
AcDbEvalExpr
 90
        5
 98
       31
 99
        8
  1

 70
    40
140
1.797693134862313E+99
100
AcDbBlockGripExpr
 91
        2
300
UpdatedEndY
  0
BLOCKSTRETCHACTION
  5
2A3
330
29E
100
AcDbEvalExpr
 90
        6
 98
       31
 99
        8
100
AcDbBlockElement
300
Stretch
 98
       31
 99
        8
1071
        1
100
AcDbBlockAction
 70
     0
 71
     0
1010
18071.7730197173
1020
1228.260026855209
1030
0.0
100
AcDbBlockStretchAction
 92
        2
301
EndXDelta
 93
        2
302
EndYDelta
 72
     0
 73
     0
 75
     0
140
1.0
141
0.0
280
     0
  0
BLOCKSTRETCHACTION
  5
2A4
330
29E
100
AcDbEvalExpr
 90
        7
 98
       31
 99
        8
100
AcDbBlockElement
300
Stretch1
 98
       31
 99
        8
1071
        0
100
AcDbBlockAction
 70
     0
 71
    13
330
2A0
330
2C0
330
2BF
330
2BE
330
2BD
330
2B8
330
2B6
330
2B2
330
2B1
330
2B0
330
2AF
330
2AA
330
2A8
1010
17983.47697087679
1020
1233.378270389831
1030
0.0
100
AcDbBlockStretchAction
 92
        2
301
EndXDelta
 93
        2
302
EndYDelta
 72
     2
1011
18167.97505012934
1021
1207.009191127216
1011
17995.34611469615
1021
1293.450950154268
 73
    12
331
2A8
 74
     1
 94
        0
331
2AA
 74
     1
 94
        0
331
2AF
 74
     2
 94
        0
 94
        1
331
2B0
 74
     2
 94
        0
 94
        1
331
2B1
 74
     2
 94
        0
 94
        1
331
2B2
 74
     2
 94
        0
 94
        1
331
2B6
 74
     1
 94
        0
331
2B8
 74
     1
 94
        0
331
2BD
 74
     2
 94
        0
 94
        1
331
2BE
 74
     2
 94
        0
 94
        1
331
2BF
 74
     2
 94
        0
 94
        1
331
2C0
 74
     2
 94
        0
 94
        1
 75
     0
140
1.0
141
0.0
280
     0
  0
BLOCKLINEARPARAMETER
  5
5D9
330
5D8
100
AcDbEvalExpr
 90
       28
 98
       31
 99
        8
100
AcDbBlockElement
300
Linear
 98
       31
 99
        8
1071
        1
100
AcDbBlockParameter
280
     1
281
     0
100
AcDbBlock2PtParameter
1010
-0.25
1020
-2.931872200390216
1030
0.0
1011
-14.54402882563323
1021
-2.931872200390216
1031
0.0
170
     4
 91
       32
 91
       29
 91
        0
 91
        0
171
     1
 92
       32
301
DisplacementX
172
     1
 93
       32
302
DisplacementY
173
     1
 94
       29
303
DisplacementX
174
     1
 95
       29
304
DisplacementY
177
     0
100
AcDbBlockLinearParameter
305
Distance1
306

140
0.2675507406401891
307

 96
        1
141
0.0
142
0.0
143
0.0
175
     0
1001
ACAUTHENVIRON
1010
-14.04199742908188
1020
-3.701454337581755
1030
0.0
  0
BLOCKLINEARGRIP
  5
5DA
330
5D8
100
AcDbEvalExpr
 90
       29
 98
       31
 99
        8
100
AcDbBlockElement
300
End Grip
 98
       31
 99
        8
1071
        0
100
AcDbBlockGrip
 91
       30
 92
       31
1010
-14.54402882563323
1020
-2.931872200390216
1030
0.0
280
     1
 93
       -1
100
AcDbBlockLinearGrip
140
-14.29402882563323
141
0.0
142
0.0
  0
BLOCKGRIPLOCATIONCOMPONENT
  5
5DB
330
5D8
100
AcDbEvalExpr
 90
       30
 98
       31
 99
        8
  1

 70
    40
140
1.797693134862313E+99
100
AcDbBlockGripExpr
 91
       28
300
UpdatedEndX
  0
BLOCKGRIPLOCATIONCOMPONENT
  5
5DC
330
5D8
100
AcDbEvalExpr
 90
       31
 98
       31
 99
        8
  1

 70
    40
140
1.797693134862313E+99
100
AcDbBlockGripExpr
 91
       28
300
UpdatedEndY
  0
BLOCKLINEARGRIP
  5
5DD
330
5D8
100
AcDbEvalExpr
 90
       32
 98
       31
 99
        8
100
AcDbBlockElement
300
Base Grip
 98
       31
 99
        8
1071
        0
100
AcDbBlockGrip
 91
       33
 92
       34
1010
-0.25
1020
-2.931872200390216
1030
0.0
280
     1
 93
       -1
100
AcDbBlockLinearGrip
140
14.29402882563323
141
0.0
142
0.0
  0
BLOCKGRIPLOCATIONCOMPONENT
  5
5DE
330
5D8
100
AcDbEvalExpr
 90
       33
 98
       31
 99
        8
  1

 70
    40
140
0.0
100
AcDbBlockGripExpr
 91
       28
300
UpdatedBaseX
  0
BLOCKGRIPLOCATIONCOMPONENT
  5
5DF
330
5D8
100
AcDbEvalExpr
 90
       34
 98
       31
 99
        8
  1

 70
    40
140
0.0
100
AcDbBlockGripExpr
 91
       28
300
UpdatedBaseY
  0
BLOCKSTRETCHACTION
  5
5E0
330
5D8
100
AcDbEvalExpr
 90
       35
 98
       31
 99
        8
100
AcDbBlockElement
300
Stretch1
 98
       31
 99
        8
1071
        0
100
AcDbBlockAction
 70
     0
 71
    10
330
5DA
330
5EB
330
5EA
330
5E9
330
5E8
330
5E7
330
5E6
330
5E5
330
5E4
330
5E3
1010
-14.04199742908188
1020
-3.701454337581755
1030
0.0
100
AcDbBlockStretchAction
 92
       28
301
EndXDelta
 93
       28
302
EndYDelta
 72
     2
1011
-5.814123763422031
1021
-10.69084348337807
1011
-22.44809743231974
1021
8.271814819445687
 73
     9
331
5E3
 74
     1
 94
        0
331
5E4
 74
     1
 94
        1
331
5E5
 74
     2
 94
        0
 94
        1
331
5E6
 74
     2
 94
        0
 94
        1
331
5E7
 74
     2
 94
        0
 94
        1
331
5E8
 74
     2
 94
        0
 94
        1
331
5E9
 74
     2
 94
        0
 94
        1
331
5EA
 74
     2
 94
        0
 94
        1
331
5EB
 74
     2
 94
        0
 94
        1
 75
     0
140
1.0
141
0.0
280
     0
  0
ACDB_BLOCKREPRESENTATION_DATA
  5
1F0
102
{ACAD_REACTORS
330
1EF
102
}
330
1EF
100
AcDbBlockRepresentationData
 70
     1
340
1F1
  0
DICTIONARY
  5
210
102
{ACAD_REACTORS
330
1EF
102
}
330
1EF
100
AcDbDictionary
280
     1
281
     1
  3
ACAD_ENHANCEDBLOCKDATA
360
211
  0
ACDB_BLOCKREPRESENTATION_DATA
  5
230
102
{ACAD_REACTORS
330
22F
102
}
330
22F
100
AcDbBlockRepresentationData
 70
     1
340
231
  0
DICTIONARY
  5
266
102
{ACAD_REACTORS
330
22F
102
}
330
22F
100
AcDbDictionary
280
     1
281
     1
  3
ACAD_ENHANCEDBLOCKDATA
360
267
  0
ACDB_BLOCKREPRESENTATION_DATA
  5
29B
102
{ACAD_REACTORS
330
29A
102
}
330
29A
100
AcDbBlockRepresentationData
 70
     1
340
29C
  0
DICTIONARY
  5
2CF
102
{ACAD_REACTORS
330
29A
102
}
330
29A
100
AcDbDictionary
280
     1
281
     1
  3
ACAD_ENHANCEDBLOCKDATA
360
2D0
  0
ACDB_BLOCKREPRESENTATION_DATA
  5
5D5
102
{ACAD_REACTORS
330
5D4
102
}
330
5D4
100
AcDbBlockRepresentationData
 70
     1
340
5D6
  0
DICTIONARY
  5
5EE
102
{ACAD_REACTORS
330
5D4
102
}
330
5D4
100
AcDbDictionary
280
     1
281
     1
  3
ACAD_ENHANCEDBLOCKDATA
360
5EF
  0
DICTIONARY
  5
18
330
16
100
AcDbDictionary
280
     1
281
     1
  0
DICTIONARY
  5
53
330
52
100
AcDbDictionary
280
     1
281
     1
  3
FBXASSET
360
54
  0
DICTIONARY
  5
50
330
4F
100
AcDbDictionary
280
     1
281
     1
  3
FBXASSET
360
51
  0
DICTIONARY
  5
D
330
B
100
AcDbDictionary
280
     1
281
     1
  3
BUMPTILE
360
E
  3
DIFFUSETILE
360
F
  3
FBXASSET
360
10
  3
OPACITYTILE
360
11
  3
REFLECTIONTILE
360
12
  0
DICTIONARY
  5
5E
330
5D
100
AcDbDictionary
280
     1
281
     1
  3
ACAD_ROUNDTRIP_2008_TABLESTYLE_CELLSTYLEMAP
360
610
  0
DICTIONARY
  5
211
102
{ACAD_REACTORS
330
210
102
}
330
210
100
AcDbDictionary
280
     1
281
     1
  3
12
360
212
  3
13
360
213
  3
8
360
214
  0
DICTIONARY
  5
267
102
{ACAD_REACTORS
330
266
102
}
330
266
100
AcDbDictionary
280
     1
281
     1
  3
11
360
268
  3
12
360
269
  3
7
360
26A
  0
DICTIONARY
  5
2D0
102
{ACAD_REACTORS
330
2CF
102
}
330
2CF
100
AcDbDictionary
280
     1
281
     1
  3
2
360
2D1
  3
6
360
2D2
  3
7
360
2D3
  0
DICTIONARY
  5
5EF
102
{ACAD_REACTORS
330
5EE
102
}
330
5EE
100
AcDbDictionary
280
     1
281
     1
  3
28
360
5F0
  3
35
360
5F1
  0
XRECORD
  5
54
102
{ACAD_REACTORS
330
53
102
}
330
53
100
AcDbXrecord
280
     1
 70
     1
 90
429727718
  1
D62C5603-E3A1-4AEA-B7FB-FE5D8D0755AF
310
504B03040A0000080000CC70623B3DEE336E79000000790000001B0000006175746F6465736B2D64657369676E2D7061636B6167652E786D6C3C3F786D6C2076657273696F6E3D22312E302220656E636F64696E673D227574662D3822203F3E3C666F726D6174733E3C666F726D61743E687474703A2F2F736368656D612E
310
6175746F6465736B2E636F6D2F64657369676E2D7061636B6167652F323030393C2F666F726D61743E3C2F666F726D6174733E504B0304140006080800CC70623BD486FD9CA0000000F4000000130000005B436F6E74656E745F54797065735D2E786D6C7D8EC10E82300C865F65E91D8A1E8C310C0EEA1BF002731658846E
310
D98AC1B77784ABF1D8FE5FBFBF75BBCE937A534CCEB38643598122B6FEE978D0B0485F9C41B54DDD7D022595594E1A469170414C76A4D9A4D207E29CF43ECE46F218070CC6BECC4078ACAA135ACF422C856C0E68EA1BF5669944DDD7BCDE7B1F8E415D77AECB980613C2E4AC91FC167A2B244592486606FC29C8FD7F045B9A
310
EF7053A7E60B504B0304140006080800CC70623B853B8169EB0000007C01000008000000636F72652E786D6C8D90416EC3201045AF62CDB6C206821CC7C244919D9CA01740401C94182C03558F5F9C3852BBEB6A467FFE9B197D7EFC9E1EC5975982F5AE035262288C535E5B377690E21535501C055FBC8FBF6C503839990E
310
5619041F179FE64D52DE45E362569DD7661365082642A11EB9E920A89B99642953CC8E702F67A9EE7234257977194EC9EAE275C4EABCCF5EAD5940D4AC6F0E35A568B8F43562CD7046CD199FD07E60174276A7BE677B5EADB0E0D14EEFFB6A31321A0D82627C4084204C3F096B71DD52F6819B16635EADF63F509AF53FA164
310
5DDCD1EDDD17164090FCC8732078B56691CB33A85CD7DCC40F504B0304140006080800CC70623B55019EA25F0000007C00000007000000636E782E786D6C4DCB3B0E80201045D1AD90E915ED2CF8AC45050C11660C8261F98AB1B07AC9C97D42D718D865D3E909258CFD00CCE24AC6E326A164D74DC0B4128928FF32603847
310
2BA13128B1252AC747C6BAB984FC68F0B87FE8960A5C09FE86CFB69FBA01504B0304140006080800CC70623BDBABAAF470010000D40300000C0000006662782F636F72652E786D6CC553D16E823014FD95A6AF4B694182CC941A83FA05FB810A9511A125A5257EFE2E82712ECEB8A7F100CD39F7F69E734AF9FADC366850B6
310
AF8DCE7018308C942E4C59EB2AC3DE1D498AD15A706B8CFB56869196ADCAF00863C12B6B7C374385D14E6907A836A59A41D9F7CA615434B0C8705F7CAA5606D23BA8E84F41278B93AC54100640439DE0BDB320004D43C63716C7C399D30917DCFBBA9CD9BA8469F5B156168B24CED3F7248AC8769F27244EB73B92EED8862C
310
B7F13E0C179B3C8F979C8ECD82BBBABDAA2BAC924E9558448CBD9330242CFA08E3154B5651FCC6D215639C8EE5774DBE2B5F6CF2B5768B68963BB5F5588420E442FC700B1139D4CB01F450C1E918227C2E09DF070D8140C84E1E9AAB8F1340832A9CB13130A5F1376A908D57309505ECF2A0DF179C4E9D30F5B239B87E3823
310
7A79C6F31DE1A8A5AEC08474B03C7837EAE4938639B44E5932B833D2C6B6B279CDC613877FA26EE21F4A2A4C63EC7F29A2F301D1F9F7A0E37D145F504B0304140006080800CC70623B9C113CC27E0000009D0000000B0000006662782F636E782E786D6C4DCCDF0A83201C86E15B91DFB94BFB330DD428C8FB886521330DA7
310
6397BF1A1DECE883878F57749FCDA1B7892F1BBC047A23808C7F84D9FA55424E0BE6803A256208E9EF06C84F9B91703228B1C690F78B66B34CD9A5439DF5CF0BFBF65E35BCA1B8D6A5C6F540381E886698B5741C695F9503EBA150A2F8958E3DC3EA0B504B0304140006080800CC70623B7DF2F77C2A010000120200003100
310
00006662782F41393633353835312D344632462D344230382D423046372D3739314545314133324237412F636F72652E786D6C8D51DB8EC22014FC15C2939B0D2DB4B45643319AE817EC0F6041255A68B86CFCFC856D4D76DF7CE190393373060EDB3DC707F856CE6B6B7A480A0C81328395DA5C7B18C3057510EC3873D686
310
3F34088C18550F330C39BB3A1BA7051AAC09CA84841A2BD5020AEF55806078A44B0FFD7053A328440C89E1EFC52486BBB8AA8214A99D789CF9E05200300FC927E4FB4D5B375D43103D5527440FB843077C5AA3F5861C8F645F5787F59E95B390B318B55CE45AA638FAA2957BD7248B390B7A7CC51F9C124149C82B8C378810
310
84AB2F42B7B8DD56F413775B8C5999E9FF4471926F8AA236A1AE96B8B3CC434E5839373893369E1FAF30EA395917409EB7F26AF8801C171837A4A6AC9C89E9F9C9B1A58BA30FD6A5EF5DDDCF894B9AD9B6A59C957943A9FCAE2FD5BC4DFE03504B0304140006080800CC70623BAD7543B64E01000033030000300000006662
310
782F41393633353835312D344632462D344230382D423046372D3739314545314133324237412F636E782E786D6CD593CD6EC32010845F0571AD6CE3D48AD20813A9873E410FBD12D82434182C7EAAE6EDBB2424CD25871E7B41D6EC30B3FA84F9E67BB2E40B4234DE8DB46F1925E094D7C6ED479AD3AE5951B2113C789FEE
310
6C943839C1488B4C05DF079FE72A69D8C96C13AAD6B8631503449F83828872B949AC57D26200B826A308D316B4064D6E46FCDA41C05550DC9E483A00797BFD207EFB092A45DE9514C1BBD22178396BD39D891265658C238DEA00936C654E5E433CB65A26D9F6EDB5EBC14EBF49A45CB856E66048291F6939A9A81BB5C89177
310
38143CA680F4AA299D66A042CEB3354A2684DC9D8D178FE0D9B8B41CAAD720F880EE7EF93C0C18769E099ECC04D5A102C8049A8A05632F4DDF376CF1DE0F6BB65C2F8627B65A33C6BB62177CEBBDAD973006829F89F22E814B54F4BC2BE347F8AA8F681390B50FA73F804400B5F542E796F19FF974E7F78DB802FE05E20750
310
4B0304140006080800CC70623BE75B7789680500003C100000340000006662782F41393633353835312D344632462D344230382D423046372D3739314545314133324237412F6F626A656374732E786D6CAD575B8F9B3818FD2B887D06C22499CB8AA1CA655245D5B455A356FB305264C061D8018C6C3393D95FBFC7600890
310
A4CD5EF210B0B1BFEBF98E3F7B1FF6596ABC522E1296DF9BAE3D320D9A872C4AF2F8DE2CE5CEBA358D0FBEC719939D65A691938CDE9B6ADAF4BD98B3B2D05311DD91329583D9D5FC0F438434A7A611A644887B5384CF34233629258BA878B12322891DEFF6B66BD70BFB62634E8AE781D082709A4B588AF91C528CDA28B73F
310
1C998EEF39EABBEFA97FBD6A7C7E9553F9D3D79FE442923C3C523610337627CB87ABE99D359D4CC6D6E4FACAB5E6ABF9D2726FC6A3C5F56271377BB88362213924694B38DD99FE47C48627A1E7D49F5A8BB5E1A74C0A599ED3B0F21F1E56366B89112D681E218F0915D0D6F17AD41FBA2A369DCF6335D62ABBD39779D5DDD1
310
11D4D8DE3CBB96B2E04FB8202E41051754A1AA8E8F76B4C6DFE810B580B1547F4B84911149794252234D024EF8BBE963A95AE27B3D310A9D5C215C7960FAEE415ED75694C6AFB17BCACA5D99A60A9AA65F217B0BFC53292ACB92BF283FAD0D3621576592CB5BED907C2FA8E9DF794E35E97BEA31BED21FEB401ABB94C44839
310
DCACBF0E1C5DA8DA5B2F4DFFD32AD86F543D9E565E7056502E157C00AD2671CD534549AB752FCA9CDA00677A313F04E51B22FF19E57B300579E3C97EB29F682D92935CEC18CF901B7B54FD8C51F362B56FC72FE0B3C1EAE335EDCCBF5AEC39ADB17DC238973F804BA5E6F6BFE7AF1FB32E523BE9F3BD571418E3631DCA4D48
310
5250CF639223210A9446CA30052EDF057BD35F8329C1ECD84552BF0DC8D18BE7BCE23BFE6BD960AB4A7DE79923A103BEBD80F911CBAA2C60DB19B01CF164A5583B772EE6D3FFA56666CBCDA74DC97724A48F9A58967497E489C4D979006FD7A05E227A1EBDD0F737C623387A9C844D3709995625106D157315F8B8392CD4E0
310
A0B9A720C4BE9829CEF37EA1E13111214D53925356365ADA634861B52519DD27A00AEB808EAF0628E6F435519D446F45CF2C9CF5214F0A15B2F6D06B79DA3EE3CBF7F56780D2F4E7EF73A0F5E5B02A38D07DC852C6B7C1FBB6664213E0C39E3EBA7FF4E1AD23EA2829407C85E586727488B751B2DB9502BC7B228A3FD68B6E
310
A65A22397E690AA8D158D7E404EC8CDA235CC3B7D1898680131CEC2CDF2638C65196279577750F15884AEE19F94199155B92B13297978469D4F8D358DF0AEF7631E28DC8F0D9F437D5D39A83B2231A1D52D543813A824EF8D44BCFF2FA6A31BD1E8DAD87F1CCB526B3879935BF59CDADD5C37479BB1CDD4CA7B3556B516589
310
EF352754B706114D9C885EC9131DE6EFEB43D99AFE2391C2F958179413D7CFEF6B1B6DB1E7600F00DE6E5C67454A339A4BA2E0FBA85ED26F045D454F463DBFCE484C2F90F2E5E3666003662ED8F755951A7D1BECD5B30B550B2785C8E7320B7292A4838DDA71BBC863ED7613CAF659337A3354231D4FF4A182A54904C2898C
310
98B28C4AD0CE056CCF332A80986E571EE9DBC305BB5FEB7E509220A58D25CF042D712A806AC0AD0C657FDEF80D2D9CEAA2EE4D1C76F60BFE74219A06527D6F82DF6412526107381E55E353090704D085B52408A8913C4ED159D79BDA71BB4BC506F4831350EB6F975CD22D69BF7AC49B91A2C0A9DDA3D5CA36AD20FC478E37
310
E61844E2352865EBCB61A275A65283CAAA9DD27703B4102F5AF51EF5F573B75CBB5AD38BC845F7A49F82A0966A49C2E3EA5EA0ECD326CD965F1DB402C6FA8B51A4658C5C5E2EC9E214602E55810345408596591009A82E7E7FFACA19EEA299B14A0081A705CB3296EBC14CDF658DCD336EA6D1136881AAEB87B81AB9EE53D5
310
F5EB8BC8362082DA24122F98680A4E7930C01A0079749CEA14382A0783E5EBA5A10F8C098456A03D6A4AEB6BB881E2513747552A5DB22C7EDAF83BD5528081A365F7FF06504B0304140006080000CC70623B000000000000000000000000350000006662782F41393633353835312D344632462D344230382D423046372D37
310
39314545314133324237412F76657274696365732E62696E504B0304140006080800CC70623BF270F1330600000004000000360000006662782F41393633353835312D344632462D344230382D423046372D3739314545314133324237412F747269616E676C65732E62696E636660600000504B0304140006080000CC7062
310
3B000000000000000000000000370000006662782F41393633353835312D344632462D344230382D423046372D3739314545314133324237412F617474726962757465732E62696E504B0304140006080800CC70623B08DA0BD19000000041010000360000006662782F41393633353835312D344632462D344230382D4230
310
46372D3739314545314133324237412F6469726563746F72792E786D6C858F410AC3201045AF22B36F53E9A60B35CBEEBAE80D244E44489C6234F4F835464A48035D0DF398FF9F8AF63D0E6CC63039F212F8F9020C7D47C6792B21C5FE7403D62A1188E2E60C98D7234A5830286103A55745067B9D86B8A3CF9C7F90C11DE6
310
07FB144396D7B6A82D282E9A152AD114D5EF2CB866EEE831B8EEA07A7BB5A8D7D61A2BAAEB7FD5F70921FF497D00504B0304140006080800CC70623BEDD1DC58FD000000A00100003B0000006662782F41393633353835312D344632462D344230382D423046372D3739314545314133324237412F7265736F75726365732F
310
636F72652E786D6C8D504B6E833010BD0A9A6D65B00922041947112427E8052C33A156828DFCA97AFC9A40A576D7CDCCE87D344F8F9FBFE667F689CE6B6B3A6039850C8DB2A336530731DC4903D95970676DF82583CCC8193B5861107C72362E3BA4AC096842428D1D7107A5F7182053CF7474E0D507CE32973124857FE48B
310
540F3961CEF244279DE03EB81420DB9EAC1384436FA353E879B1B182C7A8C75DA3C7F453DF353A1075D537A7BA6464B8F535A99AE14A9A2BBD90E350DD183B5CFABE3AF262350B1EF4FC9351399401471025A527C218A1E53BAB5A5AB765F5469B96525EACF23FA6B88CFF34456DC2A1DCE36E360F82A5202F42F062ED2BAD
310
579969AFDD8A6F504B010214000A0000080000CC70623B3DEE336E79000000790000001B00000000000000000000000000000000006175746F6465736B2D64657369676E2D7061636B6167652E786D6C504B01021400140006080800CC70623BD486FD9CA0000000F40000001300000000000000000000000000B20000005B
310
436F6E74656E745F54797065735D2E786D6C504B01021400140006080800CC70623B853B8169EB0000007C010000080000000000000000000000000083010000636F72652E786D6C504B01021400140006080800CC70623B55019EA25F0000007C000000070000000000000000000000000094020000636E782E786D6C504B
310
01021400140006080800CC70623BDBABAAF470010000D40300000C00000000000000000000000000180300006662782F636F72652E786D6C504B01021400140006080800CC70623B9C113CC27E0000009D0000000B00000000000000000000000000B20400006662782F636E782E786D6C504B01021400140006080800CC70
310
623B7DF2F77C2A010000120200003100000000000000000000000000590500006662782F41393633353835312D344632462D344230382D423046372D3739314545314133324237412F636F72652E786D6C504B01021400140006080800CC70623BAD7543B64E010000330300003000000000000000000000000000D2060000
310
6662782F41393633353835312D344632462D344230382D423046372D3739314545314133324237412F636E782E786D6C504B01021400140006080800CC70623BE75B7789680500003C10000034000000000000000000000000006E0800006662782F41393633353835312D344632462D344230382D423046372D3739314545
310
314133324237412F6F626A656374732E786D6C504B01021400140006080000CC70623B0000000000000000000000003500000000000000000000000000280E00006662782F41393633353835312D344632462D344230382D423046372D3739314545314133324237412F76657274696365732E62696E504B01021400140006
310
080800CC70623BF270F133060000000400000036000000000000000000000000007B0E00006662782F41393633353835312D344632462D344230382D423046372D3739314545314133324237412F747269616E676C65732E62696E504B01021400140006080000CC70623B0000000000000000000000003700000000000000
310
000000000000D50E00006662782F41393633353835312D344632462D344230382D423046372D3739314545314133324237412F617474726962757465732E62696E504B01021400140006080800CC70623B08DA0BD1900000004101000036000000000000000000000000002A0F00006662782F41393633353835312D344632
310
462D344230382D423046372D3739314545314133324237412F6469726563746F72792E786D6C504B01021400140006080800CC70623BEDD1DC58FD000000A00100003B000000000000000000000000000E1000006662782F41393633353835312D344632462D344230382D423046372D3739314545314133324237412F7265
310
736F75726365732F636F72652E786D6C504B0506000000000E000E0080040000641100000000
  0
XRECORD
  5
51
102
{ACAD_REACTORS
330
50
102
}
330
50
100
AcDbXrecord
280
     1
 70
     1
 90
429727718
  1
30362254-06B7-45E0-A893-8CFA70E3D6BC
310
504B03040A0000080000CC70623B3DEE336E79000000790000001B0000006175746F6465736B2D64657369676E2D7061636B6167652E786D6C3C3F786D6C2076657273696F6E3D22312E302220656E636F64696E673D227574662D3822203F3E3C666F726D6174733E3C666F726D61743E687474703A2F2F736368656D612E
310
6175746F6465736B2E636F6D2F64657369676E2D7061636B6167652F323030393C2F666F726D61743E3C2F666F726D6174733E504B0304140006080800CC70623BD486FD9CA0000000F4000000130000005B436F6E74656E745F54797065735D2E786D6C7D8EC10E82300C865F65E91D8A1E8C310C0EEA1BF002731658846E
310
D98AC1B77784ABF1D8FE5FBFBF75BBCE937A534CCEB38643598122B6FEE978D0B0485F9C41B54DDD7D022595594E1A469170414C76A4D9A4D207E29CF43ECE46F218070CC6BECC4078ACAA135ACF422C856C0E68EA1BF5669944DDD7BCDE7B1F8E415D77AECB980613C2E4AC91FC167A2B244592486606FC29C8FD7F045B9A
310
EF7053A7E60B504B0304140006080800CC70623B1EC5D7A3EB0000007C01000008000000636F72652E786D6C8D90416EC3201045AF82665B6103C6756C6122AB4D4ED00B204C5C94182C03558F5F9C3852BBEB6A467FFE9B197D71FC9E6FE8CBACC17AD7032D0820E3B41FAD9B7A48F1820F808E52ACDEC75F36404ECDA687
310
4D0629A6D5A76597B477D1B89855E747B38B2A041301E95B6E7A08FAD3CCAA50296647B8168BD2573599823EBB0CA76447F43862C7BCCF5EAC59410E4DDD9C7973C2755553CCCFA4C603E3040F1565ED3B1FDE4E432BCA0D9622DAF9795FAF464533826484B498524CD807E51D79ED187F21878E10516EF63F505AC67F42C9
310
BA58B1FDDD071640D2FCC87D2045B96591CB3DA85CB7DCE40F504B0304140006080800CC70623B55019EA25F0000007C00000007000000636E782E786D6C4DCB3B0E80201045D1AD90E915ED2CF8AC45050C11660C8261F98AB1B07AC9C97D42D718D865D3E909258CFD00CCE24AC6E326A164D74DC0B4128928FF32603847
310
2BA13128B1252AC747C6BAB984FC68F0B87FE8960A5C09FE86CFB69FBA01504B0304140006080800CC70623B8C9102E971010000D40300000C0000006662782F636F72652E786D6CC5535B6E833010BC8AE5DF0A6C08340F1947A84D4ED00B38C6A128602363A31CBFCB234A53A551FA553EC09AD9F5CE8C31DB9E9B1AF5CA
310
7695D1198E428A91D2D214952E33ECDD315861B4E5CC1AE3BE9561A445A3323CC098B3D21ADFCE9034DA29ED00D5A6503328BA4E398C640D8B0C77F253352214DE4145770A5B214FA2546114020D759C75CE8200340D19DE981F0F6746269C33EFAB6266AB02A655C74A59CCF365BADC27CB5D902ED22848F6340DF238A141
310
BE88E2F57B92BFEDF23523433367AE6A2EEAA455C2A902F398D2751045018D3FA264435F3771F242571B4A1919CA6F9A7C5B3CD9E42BED16F12C776AEB308F40C848FC700B1139D4891EF410CEC810227CC6846F8386402064270EF5C5C709A05E49676C024C61FC95EA45ED154CA5211D1FF4FB8291A913A68E9B83EBBB33
310
E2A7673CDE118E5AE8124C0807CB8377834E366998436B950D7A7746DAD846D4CFD978E0F04FD455FC5D49D2D4C6FE9722321F10997F0F32DC47FE05504B0304140006080800CC70623BFFEA85907E0000009D0000000B0000006662782F636E782E786D6C4DCCD10A83201886E15B91FFDC95D95A811AB6F23E625948A6C3
310
E9D8E5AF46073BFAE0E1E365ED67B3E8ADC3CB78C7815C7240DA3DFC64DCC221C519D7805AC182F7F1EF06C88D9BE6703008B6049F9E274D7A1E938DBB5AE3D6131B2589BA0D3D965551E0B2EA732C9B9A624AAEB41E3A557677029960D9AFB4EF11165F504B0304140006080800CC70623B4FEEA4082C0100001202000031
310
0000006662782F39464131463745442D413632322D343644302D413938332D3331353338454246344243312F636F72652E786D6C8D515B6EC32010BC0AE2AB55850DD871ED0813254D72825EC00192A2C460F1A872FC42ED48ED5F7E00CDCECCCEB26C731F6FE05B39AFADE921293004CA082BB5B9F43086336A21D870E6AC
310
0D7F68109861543DCC30E4ECE26C9C164858139409093556AA051CBC570102714B8F1E7AF1A5C6A11862480C7F2DA6415C878B2A4891CA89C7990F2E050073937C42DE1DB7E4F87ED8A36D4329AA9B3D46DBAEAD504556557BD81DEBDD0761E52CE42C462D17B996298E3E6BE59E35C962CE821E1FF18553435012728A7187
310
0841987E927A8D9B35ADDF70BBC6989599FE4F1427F9A4286A132ABAC49D651EF234CD5CE04CDA78BA3DC2A8FB645D00B9DF8B57E215725C60BCA2A463E54C4CE327C7A65E1C7DB02E7DEFCBF594B864C5CA6CDBD49C957943E9FA5D5FBAF336F90F504B0304140006080800CC70623BAD7543B64E01000033030000300000
310
006662782F39464131463745442D413632322D343644302D413938332D3331353338454246344243312F636E782E786D6CD593CD6EC32010845F0571AD6CE3D48AD20813A9873E410FBD12D82434182C7EAAE6EDBB2424CD25871E7B41D6EC30B3FA84F9E67BB2E40B4234DE8DB46F1925E094D7C6ED479AD3AE5951B2113C
310
789FEE6C943839C1488B4C05DF079FE72A69D8C96C13AAD6B8631503449F83828872B949AC57D26200B826A308D316B4064D6E46FCDA41C05550DC9E483A00797BFD207EFB092A45DE9514C1BBD22178396BD39D891265658C238DEA00936C654E5E433CB65A26D9F6EDB5EBC14EBF49A45CB856E66048291F6939A9A81BB5
310
C8917738143CA680F4AA299D66A042CEB3354A2684DC9D8D178FE0D9B8B41CAAD720F880EE7EF93C0C18769E099ECC04D5A102C8049A8A05632F4DDF376CF1DE0F6BB65C2F8627B65A33C6BB62177CEBBDAD973006829F89F22E814B54F4BC2BE347F8AA8F681390B50FA73F804400B5F542E796F19FF974E7F78DB802FE05
310
E207504B0304140006080800CC70623B16AB87BA640500003C100000340000006662782F39464131463745442D413632322D343644302D413938332D3331353338454246344243312F6F626A656374732E786D6CAD575B6FA33818FD2B887DE6924B3BED8A326A92B68A663B534DD4D13E548A0C38942D60649B369D5FBFC7
310
600890A493BDE42160637FD7F31D7FF63E6FB3D478A55C242CBF3247B66B1A340F5994E4F19559CA8D75611A9F7D8F33263BCB4C232719BD32D5B4E97B316765A1A722BA21652A07B3B7B33F0D11D29C9A46981221AE4C113ED38CD8A4942CA2E2C58E882476BCD9DA23BB5ED8171B73523C0F841684D35CC252CCE79062D4
310
468DFA43D7747CCF51DF7D4FFDEB5593E3AB9CCA9FBEFE241792E4E19EB28198C968BAB8199F5D5A67D3E9C49A9E8F47D6EC76B6B0469F26EEFC7C3EBFBCBEB98462213924694B38DD98FE1D62C393D073EA4FADC5DAF04326852CCF6958F90F0F2B9BB5C48816348F90C7840A68EB78EDF68723159BCEE7891A6B95DDE9D3
310
BCEAEEE8086A6C6F9E5D4B59F0175C10A7A0820BAA5055C7473B5AE3CFDD452D602CD5DF12616444529E90D448938013FE6EFA58AA96F85E4F8C42275708571E98FE6827AF6B2B4AE3D7D83D64E5A64C53054DD3AF90BD06FEA9149565C94FCA0F6B834DC85599E4F2423B24DF0B6AFA979E534DFA9E7A4CC6FA631D486393
310
921829879BF5D781A373557BCB85E97FB90DB62B558F8795179C15944B051F40AB495CF35451D26A4727654E6D8033BD98EF82F21D91FF8AF2DD9982BCF1643BDD4EB516C9492E368C67C88DED563FC36D5EACF66DFF057C3658BDBFA69DF9578B3DA735B64F18C7F20770A9D45CFCF7FCF563D6456A277DBEF78A02637CA2
310
43B90A490AEAB94F72244481D24819A6C0E59B606BFA4B3025981DBB48EAB701D97BF19C577CC77F2D1B6C55A9EF3C732474C0B727303F625995056C3B02963D9EAC146BE78EC5FCEC7FA999EBC5EACBAAE41B12D27B4D2C0BBA49F244E2ECDC81B76B502F113D8F5EE8FB1BE3111CDD4FC2AA9B844CAB1288B68AB90A7CDC
310
1C166AB0D3DC5310625FCC14E779BFD0709F8890A629C9292B1B2DED31A4B0DA928CEE135085754027E3018A397D4D5427D15BD1330B677DC8934285AC3DF45A9EB68FF8F2B8FC0A509AFEECFD0FF2DE25CC6047F7214B195F07EFEB9A094D800F7BFAE8FED187B78EA8A3A400F115961BCAD1215E47C966530AF0EE8128FE
310
58CEBB996A8964FFA529A046635D9353B0336A8F700DDF46271A024E70B0B37C9DE01847591E54DED53D54202AB947E4076556AC49C6CA5C9E1226B7F1A7B1BE15DEED62C41B91E1B3E9AFAAA735036547343A925075041DF0A9979E893B391F8FCFA6967B3EFB644DCF6E5CEBFAE272625DCC6FAF3FB93793C5F90CE1EF57
310
407342756B10D1C489E8953CD1617E5CEECAD6F4EF8914CE5D5D504E5C3F1F9736DA62CFC11E00BCDDB8CC8A9466349744C1F75EBDA4DF09BA8A9E8C7A7E9991989E20E5DBDD6A6003664ED8F7A04A8DBE0DF6EAD9B9AA858342E47399053949D2C146EDB85DE4B176BB0965FBAC19BD19AA918E27FA50C1D22402E144464C
310
59462568E704B6E71915404CB72B8FF4EDE184DDAF753F284990D2C6926782963815403548A70C657FDEF80D2D9CEAA2AE4C1C76F60BFE74219A06527D6582DF6412526107381E55E353090704D085B52408D0933C4ED159D79BDA71BB4BC506F4831350EB6F979CD22D69BF7AC49B91A2C0A9DDA3D5CA36AD20FC478E37E6
310
1844E2352865EBCB6EA275A652E3836BE04EFB400BF1A2556F515F1FBB35B2AB35BD889C744FFA1004B5544B121E57F70215746DD2F5E2C1412B602CBF19455AC6C8E5E9922C4E01E65215385004546899059180EAFCF7A707CE7017CD8CDB0410789AB32C63B91E5CEBBBACB17AC6CD347A022D5075FD106377347AAABA7E
310
7D11590744509B44E205134DC1290F06580320F78E537D3D73540E06CB970B431F185308AD40BBD794D6D77003C5A36E8EAA54BA64597CD8F83BD552A080A365F7FF06504B0304140006080000CC70623B000000000000000000000000350000006662782F39464131463745442D413632322D343644302D413938332D3331
310
353338454246344243312F76657274696365732E62696E504B0304140006080800CC70623BF270F1330600000004000000360000006662782F39464131463745442D413632322D343644302D413938332D3331353338454246344243312F747269616E676C65732E62696E636660600000504B0304140006080000CC70623B
310
000000000000000000000000370000006662782F39464131463745442D413632322D343644302D413938332D3331353338454246344243312F617474726962757465732E62696E504B0304140006080800CC70623B08DA0BD19000000041010000360000006662782F39464131463745442D413632322D343644302D413938
310
332D3331353338454246344243312F6469726563746F72792E786D6C858F410AC3201045AF22B36F53E9A60B35CBEEBAE80D244E44489C6234F4F835464A48035D0DF398FF9F8AF63D0E6CC63039F212F8F9020C7D47C6792B21C5FE7403D62A1188E2E60C98D7234A5830286103A55745067B9D86B8A3CF9C7F90C11DE607
310
FB144396D7B6A82D282E9A152AD114D5EF2CB866EEE831B8EEA07A7BB5A8D7D61A2BAAEB7FD5F70921FF497D00504B0304140006080800CC70623B0D6EF93BFE000000A00100003B0000006662782F39464131463745442D413632322D343644302D413938332D3331353338454246344243312F7265736F75726365732F63
310
6F72652E786D6C8D50596E833010BD0A9ADFCA60B334011947A8694ED00B586642AC041B79A97AFC9A40A5F6AF3F33A3B7689E1E3F7DCD8FEC139DD7D6F4C0720A191A65476DA61E62B892236427C19DB5E1970C322367EC618541F0C9D9B8EC90B226A009093576C41D94DE63804C3DD2D18357379C652E63480A7FCF17A9
310
EE72C29CE5894E3AC17D702940B63D59270887DE46A7D0F36263058F518FBB468FE9A7BE6A7420864373B8D4873369AA8691FA421B3294352543C5CAF65C0F6FEF43CB8BD52C78D0F34F46E550061C419494B6843142CB0F5677F4B52BEB177AEC28E5C52AFF638ACBF84F53D42654E51E77B379102C05791282176B5F693D
310
CB4C7BED567C03504B010214000A0000080000CC70623B3DEE336E79000000790000001B00000000000000000000000000000000006175746F6465736B2D64657369676E2D7061636B6167652E786D6C504B01021400140006080800CC70623BD486FD9CA0000000F40000001300000000000000000000000000B20000005B
310
436F6E74656E745F54797065735D2E786D6C504B01021400140006080800CC70623B1EC5D7A3EB0000007C010000080000000000000000000000000083010000636F72652E786D6C504B01021400140006080800CC70623B55019EA25F0000007C000000070000000000000000000000000094020000636E782E786D6C504B
310
01021400140006080800CC70623B8C9102E971010000D40300000C00000000000000000000000000180300006662782F636F72652E786D6C504B01021400140006080800CC70623BFFEA85907E0000009D0000000B00000000000000000000000000B30400006662782F636E782E786D6C504B01021400140006080800CC70
310
623B4FEEA4082C0100001202000031000000000000000000000000005A0500006662782F39464131463745442D413632322D343644302D413938332D3331353338454246344243312F636F72652E786D6C504B01021400140006080800CC70623BAD7543B64E010000330300003000000000000000000000000000D5060000
310
6662782F39464131463745442D413632322D343644302D413938332D3331353338454246344243312F636E782E786D6C504B01021400140006080800CC70623B16AB87BA640500003C1000003400000000000000000000000000710800006662782F39464131463745442D413632322D343644302D413938332D3331353338
310
454246344243312F6F626A656374732E786D6C504B01021400140006080000CC70623B0000000000000000000000003500000000000000000000000000270E00006662782F39464131463745442D413632322D343644302D413938332D3331353338454246344243312F76657274696365732E62696E504B01021400140006
310
080800CC70623BF270F133060000000400000036000000000000000000000000007A0E00006662782F39464131463745442D413632322D343644302D413938332D3331353338454246344243312F747269616E676C65732E62696E504B01021400140006080000CC70623B0000000000000000000000003700000000000000
310
000000000000D40E00006662782F39464131463745442D413632322D343644302D413938332D3331353338454246344243312F617474726962757465732E62696E504B01021400140006080800CC70623B08DA0BD190000000410100003600000000000000000000000000290F00006662782F39464131463745442D413632
310
322D343644302D413938332D3331353338454246344243312F6469726563746F72792E786D6C504B01021400140006080800CC70623B0D6EF93BFE000000A00100003B000000000000000000000000000D1000006662782F39464131463745442D413632322D343644302D413938332D3331353338454246344243312F7265
310
736F75726365732F636F72652E786D6C504B0506000000000E000E0080040000641100000000
  0
XRECORD
  5
E
102
{ACAD_REACTORS
330
D
102
}
330
D
100
AcDbXrecord
280
     1
270
     1
271
     1
  0
XRECORD
  5
F
102
{ACAD_REACTORS
330
D
102
}
330
D
100
AcDbXrecord
280
     1
270
     1
271
     1
  0
XRECORD
  5
10
102
{ACAD_REACTORS
330
D
102
}
330
D
100
AcDbXrecord
280
     1
 70
     0
 90
1673772943
  1
ECE7A1D2-D628-4531-984C-D00F80459256
310
504B03040A0000080000CC70623B3DEE336E79000000790000001B0000006175746F6465736B2D64657369676E2D7061636B6167652E786D6C3C3F786D6C2076657273696F6E3D22312E302220656E636F64696E673D227574662D3822203F3E3C666F726D6174733E3C666F726D61743E687474703A2F2F736368656D612E
310
6175746F6465736B2E636F6D2F64657369676E2D7061636B6167652F323030393C2F666F726D61743E3C2F666F726D6174733E504B0304140006080800CC70623BD486FD9CA0000000F4000000130000005B436F6E74656E745F54797065735D2E786D6C7D8EC10E82300C865F65E91D8A1E8C310C0EEA1BF002731658846E
310
D98AC1B77784ABF1D8FE5FBFBF75BBCE937A534CCEB38643598122B6FEE978D0B0485F9C41B54DDD7D022595594E1A469170414C76A4D9A4D207E29CF43ECE46F218070CC6BECC4078ACAA135ACF422C856C0E68EA1BF5669944DDD7BCDE7B1F8E415D77AECB980613C2E4AC91FC167A2B244592486606FC29C8FD7F045B9A
310
EF7053A7E60B504B0304140006080800CC70623BD9DDAED0EC0000007C01000008000000636F72652E786D6C8D90416EC3201045AF82665B61836D9CD8C2444DD39CA01740405C94182C03558F5F9C3852BBEB6A467FFE9B197D7EF89E6EE8CB2CC17A37002D0820E394D7D68D03A478C17B4007C117EFE32F1B20272733C0
310
2A83E0E3E2D3BC49CABB685CCCAAF3DA6CA20CC14440EA969B0182FA34932C648AD911AEC52CD5558EA6A0CF2EC329598D1E47ACCEFBECC59A050463A7EA5833865FEBDD0E37353BE3EE8DBDE3F6786A48D375FBF6CC78B9C282473B3DEFABC5C86834888A900E538A49F5419B9EB47DD5BC907D4F082F57FB1F28CDFA9F50
310
B22ED6D5F6EE030B20687EE43E10BC5CB3C8E51E54AE6B6EE207504B0304140006080800CC70623B55019EA25F0000007C00000007000000636E782E786D6C4DCB3B0E80201045D1AD90E915ED2CF8AC45050C11660C8261F98AB1B07AC9C97D42D718D865D3E909258CFD00CCE24AC6E326A164D74DC0B4128928FF326038
310
472BA13128B1252AC747C6BAB984FC68F0B87FE8960A5C09FE86CFB69FBA01504B0304140006080800CC70623BA24EB22D72010000D40300000C0000006662782F636F72652E786D6CC5535B6E833010BC8AE5DF0A6C5E49888CA3A6694ED00B38E05014B091B1518EDFE511A5A9D228FD2A1F60CDEC7A67C6986DCE4D8D7A
310
69BA4AAB0C073EC548AA5C17952A33ECECD15B61B4E1CC686DBF9561A44423333CC098B3D268D7CE50AE9595CA02AA74216750749DB418E5352C32DCE59FB211BE70162ABA93DF8AFC244AE9073ED050C759670D0840D390E18DF9F1706664C23973AE2A66B62A605A75ACA4C13C4976E1364A12EF355A2EBD384AF65EFA96
310
BC7B8BED2EA6719AAE16FB8491A199335B351775B991C2CA02F390D2D40B028F861F41BCA68B7518BFD0D59A524686F29B26D7164F36B94AD9289CE54E6D1DE6010819891F6E21228B3AD1831EC219194284CF98F06DD01008846CC5A1BEF83801D4CBDC6A1303536877A57A513B0953A94FC707FDBE6064EA84A9E3E6E0FA
310
EE8CF0E9198F7784A316AA0413C2C2F2E0ECA0934D1AE6D05A69BCDE9E91D2A611F573361E38FC1375157F5752AE6B6DFE4B11990F88CCBF0719EE23FF02504B0304140006080800CC70623B408A7D3B7C0000009D0000000B0000006662782F636E782E786D6C4DCCD10A83201886E15B91FFDC552A92A0064DBC8F581632
310
D3703A76F9ABD1C18E3E78F878E5F0D9027ABBFCF2292AE86E2D20171F69F6715550CB827B40839639A5F2770314A7CD293819B45C73AAFB45B35BA61ACAA1C1C7E7855C58C15BC331339661262CC762340413D68D77DA5B42298546CBE6573AF60CEB2F504B0304140006080800CC70623B449FB9BD290100001202000031
310
0000006662782F36394639363044362D344446342D343946362D394244322D3234314243333846323333332F636F72652E786D6C8D515B6EC32010BC0AE22B55850D98B871848994463E412FE002495162B07854397EA176A4F62F3F2C9A9D991D587EB84F37F0AD7D30CEF6905418026DA553C65E7A98E219ED203808EE9D
310
8B7F6810D871D23D2C3014FCE25D9A57483A1BB58D19B54EE9151C43D0110279CB971E06F9A5A7B11A53CC8C70ADE6515EC78BAE4895DB992778883E0700CB907242D17643D7E2538BD869608875438BBAE38922CAC8F1BDD90DB4691A5E2F42C153326A951B95E398B3D1FE599322163C9AE9115F7A3D46ADA0A018778810
310
84E907617BDCEE297BC5BB3DC6BC2EF47FA234AB2745C9D8D8D035EE220B50105E2F0DC1954B9FB747187D9F9D8FA0CCDB042D5FA0C015C65B42DF78BD10F3F3B363CB56C7109DCFDFBBB97E662ED92EB62D13BC2E1BCAE5777DB9966D8A1F504B0304140006080800CC70623BAD7543B64E01000033030000300000006662
310
782F36394639363044362D344446342D343946362D394244322D3234314243333846323333332F636E782E786D6CD593CD6EC32010845F0571AD6CE3D48AD20813A9873E410FBD12D82434182C7EAAE6EDBB2424CD25871E7B41D6EC30B3FA84F9E67BB2E40B4234DE8DB46F1925E094D7C6ED479AD3AE5951B2113C789FEE
310
6C943839C1488B4C05DF079FE72A69D8C96C13AAD6B8631503449F83828872B949AC57D26200B826A308D316B4064D6E46FCDA41C05550DC9E483A00797BFD207EFB092A45DE9514C1BBD22178396BD39D891265658C238DEA00936C654E5E433CB65A26D9F6EDB5EBC14EBF49A45CB856E66048291F6939A9A81BB5C89177
310
38143CA680F4AA299D66A042CEB3354A2684DC9D8D178FE0D9B8B41CAAD720F880EE7EF93C0C18769E099ECC04D5A102C8049A8A05632F4DDF376CF1DE0F6BB65C2F8627B65A33C6BB62177CEBBDAD973006829F89F22E814B54F4BC2BE347F8AA8F681390B50FA73F804400B5F542E796F19FF974E7F78DB802FE05E20750
310
4B0304140006080800CC70623B8D05915C650500003B100000340000006662782F36394639363044362D344446342D343946362D394244322D3234314243333846323333332F6F626A656374732E786D6CAD575B6FA33814FE2B887D06429276DA1565D4266D158D3A339A6846FB502932E050B66023DB74D2FDF5FB190C01
310
9276B2973C046C8ECFF53B17071F77456EBD502133CEAE6CDF9DD81665314F32965ED995DA3A17B6F5310C04E7AA47665B8C14F4CAD6DB7618A48257A5D94AE89654B91AEDDEDDFC61C998326A5B714EA4BCB265FC440BE2924AF184CA6737218AB8E976E7FA6E4338649B0A523E8D98964450A6A029F619B8588D52FE7039
310
B1BD30F0F4F730D0FF866AF6369557DB33949F31A9088B0F848DD8CCFCF9F2767A76E99CCDE733677E3EF59D9BBB9BA5E37F984D16E78BC5E5F5ED25044B25C0C96822E8D60EEFE11B91C581D77CEA34368A1F5329E68CD1B8B61F16D63A1B8E092D294B10C78C4A48EB593D192E7DED9BDEE7995E1B91FDEDD3ACEA9FE831
310
6A756F9F7D4D79F4274C90A7A04248AA51D5F8C718DAE06FB2F75AC4796EBE65D22A88A22223B995679120E2D50E41AA49C260C046A35368846B0BECD0DFF3EBEB8AD4F835768F69B9ADF25C43D30E6B646F807FAA64AD59F61715C7A54127C4AACA98BA3006A9D792DAE165E0D59B61A01FB3A9F9D838D2DAE62445C86166
310
F37564E842E7DE6A69879FEEA2DD5AE7E371E1A5E025154AC307D06A03D73EB5978C58FFA4C8E9033066E0F3BD53BEC1F39F91BE7B55103791EDE6BBB991A2046172CB4581D8B893FA674DDA17A77B3B7C413D1B511FD2743BFF8A38F03A658705E3ADF8015C3A3417FF3D7E439FF591DA0B5F18BC20C1B8981957AE6392A3
310
F43C640C01D1A0B4728E2DD4F26DB4B3C3152A252A3B4E913CEC1C72F012782FF88EFF8637AA552DBEF76408E8A8DE9E50F9E1CB3A2DA0DB1B6039A893B56063DC5B3E3FFB5F72E67AB9FEB4AEC496C4F4C1149625DD662C53E89D7BF0F6151A046260D1337DFDC94502430F83B0EE07A130A224BCAD7DAE1D9FB6CD422FF6
310
920702629C4BB9AE79C12F243C6432A6794E18E5552BA56B431AAB5D91317302B2B071E86C3A42B1A02F999E24061403B5D0EB639195DA655DD3EBEAB4FB862DDF579F014AD0E73C22F99E28DA57FB98E75C6CA2D74D53086D600F4786E0FE3144B771A8A7B900F03594DB8A633CBC49B2EDB69228BB479CF863B5E807AAAB
310
23872F6DFEB4129B949CA33823F58830E86D65621E10047D9DB34D862E8EAC3C2ABC2F7B2C40D67CDFE01F5545B92105AF983AC54D93D69E56FB8E797F88913F898A9FEC705D3F9D1B54EC8426FB500D40A03BD0119B06E1B95DDC7EB8F6975367793EBD70E66733DFB9BC982F9CE564727731999F5D4ECFCE3B8D6A4DC2A0
310
6D50FD148437D110834A64C6CDDF57FBACB5C307A2A477DFE4939736CFEF2B175371E0E10CF0DD1D5C15654E0BCA14D1E87DD02FF93782A162C0A3D95F1524A52770F972BF1EE9809D13CE7DD599467F8ECE9ADD85CE85A34CD45355448C64F9E8A031DC2D596ACC6E5DD93D9B82DE2EF5CAF81363A8E47996A0DE24564A79
310
4115AACE09C55E14540231FDA13C319787134EBF34E3A022514E5B4D9E0826E25C02D5805B15ABE1BEF51B26383D445DD9E875EE33FE4C22DA16427D65A3BCA92CA6D28DD01DF5DC53330704308475351050232CCD31583787BA75774AFB06E5070DD0C8EF484E19968C5D83BA5B90B244D31E54D55A372320FE4786B7EA58
310
44E135AA5467CB7EA333A61683CC6A8C3257034C10CF46F40EF9F5BE59BE5BD30C3C72D235E95D10345C1D45445A5F0BB47E46A5EBE5570F9380B5FA629579952296A773720405982B9DE04011506178964401AA8BDF1FBF0A8EAB6861DD6580C0E38217056766716DAEB2D6FA0917D3E4116581EADB879C4E7CFFB11EFACD
310
3D641311495D92C8676CB409A72D18610D803CE8A626049E8EC1887CB5B44CC39883690DDA8399B4B9855B481E7D71D4A9D22F96E5BB73BF5793020C02137BF837504B0304140006080000CC70623B000000000000000000000000350000006662782F36394639363044362D344446342D343946362D394244322D32343142
310
43333846323333332F76657274696365732E62696E504B0304140006080800CC70623BF270F1330600000004000000360000006662782F36394639363044362D344446342D343946362D394244322D3234314243333846323333332F747269616E676C65732E62696E636660600000504B0304140006080000CC70623B0000
310
00000000000000000000370000006662782F36394639363044362D344446342D343946362D394244322D3234314243333846323333332F617474726962757465732E62696E504B0304140006080800CC70623B08DA0BD19000000041010000360000006662782F36394639363044362D344446342D343946362D394244322D
310
3234314243333846323333332F6469726563746F72792E786D6C858F410AC3201045AF22B36F53E9A60B35CBEEBAE80D244E44489C6234F4F835464A48035D0DF398FF9F8AF63D0E6CC63039F212F8F9020C7D47C6792B21C5FE7403D62A1188E2E60C98D7234A5830286103A55745067B9D86B8A3CF9C7F90C11DE607FB14
310
4396D7B6A82D282E9A152AD114D5EF2CB866EEE831B8EEA07A7BB5A8D7D61A2BAAEB7FD5F70921FF497D00504B0304140006080800CC70623BCA768048FE000000A00100003B0000006662782F36394639363044362D344446342D343946362D394244322D3234314243333846323333332F7265736F75726365732F636F72
310
652E786D6C8D50596E833010BD0A9ADFCA60D600328E9AA639412F609909B1126CE4A5EAF16B0295DABFFECC8CDEA2797AECF8353F924FB44E193D409E5248504B332A3D0D10FC95B4901C39B3C6F85F3248B49871801506CE266BC2B243D2688FDA47549B11775038871E12F988C7004EDE7016A9083E2ADC3D5D84BC8B09
310
D33C8D74D471E6BC8D0192EDC93A815B742658898E651BCB59086ADC356A8C3FD555A1055ED7E7E254D615792D0F075295F585746FF53B694EE78A565DD736979A65AB9933AFE69F8CD2A2F038022F28ED489E135A7CE4554F9BBEA85E68DB53CAB255FEC71496F19FA6A0B42F8B3DEE6673C0F318E4497096AD7DC5F52C33
310
EEB55BFE0D504B010214000A0000080000CC70623B3DEE336E79000000790000001B00000000000000000000000000000000006175746F6465736B2D64657369676E2D7061636B6167652E786D6C504B01021400140006080800CC70623BD486FD9CA0000000F40000001300000000000000000000000000B20000005B436F
310
6E74656E745F54797065735D2E786D6C504B01021400140006080800CC70623BD9DDAED0EC0000007C010000080000000000000000000000000083010000636F72652E786D6C504B01021400140006080800CC70623B55019EA25F0000007C000000070000000000000000000000000095020000636E782E786D6C504B0102
310
1400140006080800CC70623BA24EB22D72010000D40300000C00000000000000000000000000190300006662782F636F72652E786D6C504B01021400140006080800CC70623B408A7D3B7C0000009D0000000B00000000000000000000000000B50400006662782F636E782E786D6C504B01021400140006080800CC70623B
310
449FB9BD290100001202000031000000000000000000000000005A0500006662782F36394639363044362D344446342D343946362D394244322D3234314243333846323333332F636F72652E786D6C504B01021400140006080800CC70623BAD7543B64E010000330300003000000000000000000000000000D20600006662
310
782F36394639363044362D344446342D343946362D394244322D3234314243333846323333332F636E782E786D6C504B01021400140006080800CC70623B8D05915C650500003B10000034000000000000000000000000006E0800006662782F36394639363044362D344446342D343946362D394244322D32343142433338
310
46323333332F6F626A656374732E786D6C504B01021400140006080000CC70623B0000000000000000000000003500000000000000000000000000250E00006662782F36394639363044362D344446342D343946362D394244322D3234314243333846323333332F76657274696365732E62696E504B010214001400060808
310
00CC70623BF270F13306000000040000003600000000000000000000000000780E00006662782F36394639363044362D344446342D343946362D394244322D3234314243333846323333332F747269616E676C65732E62696E504B01021400140006080000CC70623B00000000000000000000000037000000000000000000
310
00000000D20E00006662782F36394639363044362D344446342D343946362D394244322D3234314243333846323333332F617474726962757465732E62696E504B01021400140006080800CC70623B08DA0BD190000000410100003600000000000000000000000000270F00006662782F36394639363044362D344446342D
310
343946362D394244322D3234314243333846323333332F6469726563746F72792E786D6C504B01021400140006080800CC70623BCA768048FE000000A00100003B000000000000000000000000000B1000006662782F36394639363044362D344446342D343946362D394244322D3234314243333846323333332F7265736F
310
75726365732F636F72652E786D6C504B0506000000000E000E0080040000621100000000
  0
XRECORD
  5
11
102
{ACAD_REACTORS
330
D
102
}
330
D
100
AcDbXrecord
280
     1
270
     1
271
     1
  0
XRECORD
  5
12
102
{ACAD_REACTORS
330
D
102
}
330
D
100
AcDbXrecord
280
     1
270
     1
271
     1
  0
CELLSTYLEMAP
  5
610
102
{ACAD_REACTORS
330
5E
102
}
330
5E
100
AcDbCellStyleMap
 90
        3
300
CELLSTYLE
  1
TABLEFORMAT_BEGIN
 90
        5
170
     1
 91
        0
 92
    32768
 62
   257
 93
        1
300
CONTENTFORMAT
  1
CONTENTFORMAT_BEGIN
 90
        0
 91
        0
 92
      512
 93
        0
300

 40
0.0
140
1.0
 94
        5
 62
     0
340
22
144
6.0
309
CONTENTFORMAT_END
171
     1
301
MARGIN
  1
CELLMARGIN_BEGIN
 40
1.5
 40
1.5
 40
1.5
 40
1.5
 40
0.18
 40
0.18
309
CELLMARGIN_END
 94
        6
 95
        1
302
GRIDFORMAT
  1
GRIDFORMAT_BEGIN
 90
        0
 91
        1
 62
     0
 92
       -2
340
25
 93
        0
 40
1.125
309
GRIDFORMAT_END
 95
        2
302
GRIDFORMAT
  1
GRIDFORMAT_BEGIN
 90
        0
 91
        1
 62
     0
 92
       -2
340
25
 93
        0
 40
1.125
309
GRIDFORMAT_END
 95
        4
302
GRIDFORMAT
  1
GRIDFORMAT_BEGIN
 90
        0
 91
        1
 62
     0
 92
       -2
340
25
 93
        0
 40
1.125
309
GRIDFORMAT_END
 95
        8
302
GRIDFORMAT
  1
GRIDFORMAT_BEGIN
 90
        0
 91
        1
 62
     0
 92
       -2
340
25
 93
        0
 40
1.125
309
GRIDFORMAT_END
 95
       16
302
GRIDFORMAT
  1
GRIDFORMAT_BEGIN
 90
        0
 91
        1
 62
     0
 92
       -2
340
25
 93
        0
 40
1.125
309
GRIDFORMAT_END
 95
       32
302
GRIDFORMAT
  1
GRIDFORMAT_BEGIN
 90
        0
 91
        1
 62
     0
 92
       -2
340
25
 93
        0
 40
1.125
309
GRIDFORMAT_END
309
TABLEFORMAT_END
  1
CELLSTYLE_BEGIN
 90
        1
 91
        1
300
_TITLE
309
CELLSTYLE_END
300
CELLSTYLE
  1
TABLEFORMAT_BEGIN
 90
        5
170
     1
 91
        0
 92
        0
 62
   257
 93
        1
300
CONTENTFORMAT
  1
CONTENTFORMAT_BEGIN
 90
        0
 91
        0
 92
      512
 93
        0
300

 40
0.0
140
1.0
 94
        5
 62
     0
340
22
144
4.5
309
CONTENTFORMAT_END
171
     1
301
MARGIN
  1
CELLMARGIN_BEGIN
 40
1.5
 40
1.5
 40
1.5
 40
1.5
 40
0.18
 40
0.18
309
CELLMARGIN_END
 94
        6
 95
        1
302
GRIDFORMAT
  1
GRIDFORMAT_BEGIN
 90
        0
 91
        1
 62
     0
 92
       -2
340
25
 93
        0
 40
1.125
309
GRIDFORMAT_END
 95
        2
302
GRIDFORMAT
  1
GRIDFORMAT_BEGIN
 90
        0
 91
        1
 62
     0
 92
       -2
340
25
 93
        0
 40
1.125
309
GRIDFORMAT_END
 95
        4
302
GRIDFORMAT
  1
GRIDFORMAT_BEGIN
 90
        0
 91
        1
 62
     0
 92
       -2
340
25
 93
        0
 40
1.125
309
GRIDFORMAT_END
 95
        8
302
GRIDFORMAT
  1
GRIDFORMAT_BEGIN
 90
        0
 91
        1
 62
     0
 92
       -2
340
25
 93
        0
 40
1.125
309
GRIDFORMAT_END
 95
       16
302
GRIDFORMAT
  1
GRIDFORMAT_BEGIN
 90
        0
 91
        1
 62
     0
 92
       -2
340
25
 93
        0
 40
1.125
309
GRIDFORMAT_END
 95
       32
302
GRIDFORMAT
  1
GRIDFORMAT_BEGIN
 90
        0
 91
        1
 62
     0
 92
       -2
340
25
 93
        0
 40
1.125
309
GRIDFORMAT_END
309
TABLEFORMAT_END
  1
CELLSTYLE_BEGIN
 90
        2
 91
        1
300
_HEADER
309
CELLSTYLE_END
300
CELLSTYLE
  1
TABLEFORMAT_BEGIN
 90
        5
170
     1
 91
        0
 92
        0
 62
   257
 93
        1
300
CONTENTFORMAT
  1
CONTENTFORMAT_BEGIN
 90
        0
 91
        0
 92
      512
 93
        0
300

 40
0.0
140
1.0
 94
        2
 62
     0
340
22
144
4.5
309
CONTENTFORMAT_END
171
     1
301
MARGIN
  1
CELLMARGIN_BEGIN
 40
1.5
 40
1.5
 40
1.5
 40
1.5
 40
0.18
 40
0.18
309
CELLMARGIN_END
 94
        6
 95
        1
302
GRIDFORMAT
  1
GRIDFORMAT_BEGIN
 90
        0
 91
        1
 62
     0
 92
       -2
340
25
 93
        0
 40
1.125
309
GRIDFORMAT_END
 95
        2
302
GRIDFORMAT
  1
GRIDFORMAT_BEGIN
 90
        0
 91
        1
 62
     0
 92
       -2
340
25
 93
        0
 40
1.125
309
GRIDFORMAT_END
 95
        4
302
GRIDFORMAT
  1
GRIDFORMAT_BEGIN
 90
        0
 91
        1
 62
     0
 92
       -2
340
25
 93
        0
 40
1.125
309
GRIDFORMAT_END
 95
        8
302
GRIDFORMAT
  1
GRIDFORMAT_BEGIN
 90
        0
 91
        1
 62
     0
 92
       -2
340
25
 93
        0
 40
1.125
309
GRIDFORMAT_END
 95
       16
302
GRIDFORMAT
  1
GRIDFORMAT_BEGIN
 90
        0
 91
        1
 62
     0
 92
       -2
340
25
 93
        0
 40
1.125
309
GRIDFORMAT_END
 95
       32
302
GRIDFORMAT
  1
GRIDFORMAT_BEGIN
 90
        0
 91
        1
 62
     0
 92
       -2
340
25
 93
        0
 40
1.125
309
GRIDFORMAT_END
309
TABLEFORMAT_END
  1
CELLSTYLE_BEGIN
 90
        3
 91
        2
300
_DATA
309
CELLSTYLE_END
  0
XRECORD
  5
212
102
{ACAD_REACTORS
330
211
102
}
330
211
100
AcDbXrecord
280
     1
1071
  6895636
1071
  9291323
 70
    25
 70
   104
 40
0.0
  0
XRECORD
  5
213
102
{ACAD_REACTORS
330
211
102
}
330
211
100
AcDbXrecord
280
     1
1071
  6895636
1071
  9291323
 70
    25
 70
   104
 40
0.0
  0
XRECORD
  5
214
102
{ACAD_REACTORS
330
211
102
}
330
211
100
AcDbXrecord
280
     1
1071
 18597260
1071
 25303744
 70
    25
 70
   104
 10
18686.93781286762
 20
1500.960417593575
 30
0.0
 10
18786.9264888665
 20
1500.960417593575
 30
0.0
 10
0.0
 20
0.0
 30
-1.0
  0
XRECORD
  5
268
102
{ACAD_REACTORS
330
267
102
}
330
267
100
AcDbXrecord
280
     1
1071
  6895636
1071
  9291323
 70
    25
 70
   104
 40
0.0
  0
XRECORD
  5
269
102
{ACAD_REACTORS
330
267
102
}
330
267
100
AcDbXrecord
280
     1
1071
  6895636
1071
  9291323
 70
    25
 70
   104
 40
0.0
  0
XRECORD
  5
26A
102
{ACAD_REACTORS
330
267
102
}
330
267
100
AcDbXrecord
280
     1
1071
 18597260
1071
 25303744
 70
    25
 70
   104
 10
17840.6871336319
 20
1343.829710454716
 30
0.0
 10
17840.6871336319
 20
1243.8297104546
 30
0.0
 10
0.0
 20
0.0
 30
-1.0
  0
XRECORD
  5
2D1
102
{ACAD_REACTORS
330
2D0
102
}
330
2D0
100
AcDbXrecord
280
     1
1071
 18597260
1071
 25303744
 70
    25
 70
   104
 10
18061.20333611754
 20
1338.829710454716
 30
0.0
 10
18061.20333611793
 20
1238.829710454597
 30
0.0
 10
0.0
 20
0.0
 30
-1.0
  0
XRECORD
  5
2D2
102
{ACAD_REACTORS
330
2D0
102
}
330
2D0
100
AcDbXrecord
280
     1
1071
  6895636
1071
  9291323
 70
    25
 70
   104
 40
0.0
  0
XRECORD
  5
2D3
102
{ACAD_REACTORS
330
2D0
102
}
330
2D0
100
AcDbXrecord
280
     1
1071
  6895636
1071
  9291323
 70
    25
 70
   104
 40
0.0
  0
XRECORD
  5
5F0
102
{ACAD_REACTORS
330
5EF
102
}
330
5EF
100
AcDbXrecord
280
     1
1071
 18597260
1071
 25303744
 70
    25
 70
   104
 10
-0.25
 20
-2.931872200390216
 30
0.0
 10
-14.54402882563323
 20
-2.931872200390216
 30
0.0
 10
0.0
 20
0.0
 30
-1.0
  0
XRECORD
  5
5F1
102
{ACAD_REACTORS
330
5EF
102
}
330
5EF
100
AcDbXrecord
280
     1
1071
  6895636
1071
  9291323
 70
    25
 70
   104
 40
0.0
  0
ENDSEC
  0
SECTION
  2
ACDSDATA
 70
     2
 71
     2
  0
ACDSSCHEMA
 90
        0
  1
AcDb_Thumbnail_Schema
  2
AcDbDs::ID
280
    10
 91
        8
  2
Thumbnail_Data
280
    15
 91
        0
101
ACDSRECORD
 95
        0
 90
        1
  2
AcDbDs::TreatedAsObjectData
280
     1
291
     1
101
ACDSRECORD
 95
        0
 90
        2
  2
AcDbDs::Legacy
280
     1
291
     1
101
ACDSRECORD
  1
AcDbDs::ID
 90
        3
  2
AcDs:Indexable
280
     1
291
     1
101
ACDSRECORD
  1
AcDbDs::ID
 90
        4
  2
AcDbDs::HandleAttribute
280
     7
282
     1
  0
ACDSSCHEMA
 90
        1
  1
AcDbDs::TreatedAsObjectDataSchema
  2
AcDbDs::TreatedAsObjectData
280
     1
 91
        0
  0
ACDSSCHEMA
 90
        2
  1
AcDbDs::LegacySchema
  2
AcDbDs::Legacy
280
     1
 91
        0
  0
ACDSSCHEMA
 90
        3
  1
AcDbDs::IndexedPropertySchema
  2
AcDs:Indexable
280
     1
 91
        0
  0
ACDSSCHEMA
 90
        4
  1
AcDbDs::HandleAttributeSchema
  2
AcDbDs::HandleAttribute
280
     7
 91
        1
284
     1
  0
ACDSRECORD
 90
        0
  2
AcDbDs::ID
280
    10
320
16
  2
Thumbnail_Data
280
    15
 94
     1836
310
89504E470D0A1A0A0000000D4948445200000100000000670803000000D82A6C0200000300504C5445FFFFFFFFFFFFFFFFFF0000000000000000000000000000000000000000000000000000330000660000990000CC0000FF0033000033330033660033990033CC0033FF0066000066330066660066990066CC0066FF0099
310
000099330099660099990099CC0099FF00CC0000CC3300CC6600CC9900CCCC00CCFF00FF0000FF3300FF6600FF9900FFCC00FFFF3300003300333300663300993300CC3300FF3333003333333333663333993333CC3333FF3366003366333366663366993366CC3366FF3399003399333399663399993399CC3399FF33CC00
310
33CC3333CC6633CC9933CCCC33CCFF33FF0033FF3333FF6633FF9933FFCC33FFFF6600006600336600666600996600CC6600FF6633006633336633666633996633CC6633FF6666006666336666666666996666CC6666FF6699006699336699666699996699CC6699FF66CC0066CC3366CC6666CC9966CCCC66CCFF66FF0066
310
FF3366FF6666FF9966FFCC66FFFF9900009900339900669900999900CC9900FF9933009933339933669933999933CC9933FF9966009966339966669966999966CC9966FF9999009999339999669999999999CC9999FF99CC0099CC3399CC6699CC9999CCCC99CCFF99FF0099FF3399FF6699FF9999FFCC99FFFFCC0000CC00
310
33CC0066CC0099CC00CCCC00FFCC3300CC3333CC3366CC3399CC33CCCC33FFCC6600CC6633CC6666CC6699CC66CCCC66FFCC9900CC9933CC9966CC9999CC99CCCC99FFCCCC00CCCC33CCCC66CCCC99CCCCCCCCCCFFCCFF00CCFF33CCFF66CCFF99CCFFCCCCFFFFFF0000FF0033FF0066FF0099FF00CCFF00FFFF3300FF3333
310
FF3366FF3399FF33CCFF33FFFF6600FF6633FF6666FF6699FF66CCFF66FFFF9900FF9933FF9966FF9999FF99CCFF99FFFFCC00FFCC33FFCC66FFCC99FFCCCCFFCCFFFFFF00FFFF33FFFF66FFFF99FFFFCCFFFFFF0000000D0D0D1A1A1A2828283535354343435050505D5D5D6B6B6B787878868686939393A1A1A1AEAEAEBB
310
BBBBC9C9C9D6D6D6E4E4E4F1F1F1FFFFFF000000000000000000000000000000000000000000000000000000000000AD4AB4E40000011B4944415478DAEDD8B10DC2301484616F60D12131004B64840CF13648C73EEC9249AEA6A507E38224988886C6F77F52A22454777A38869400000000000000007F92539A26D7F0C330
310
152A27CB028EC75CF3CBB480F359D2ACC8926701392BE25980ED02783848A125BF55D0FD25389CBE7CA01F9E7441B734CFAB07FBFA9F098DD2588EE779E5F5C8A800EB09781D650234D641A895F43901512DD7809D76D45FFCEDC56E01DD4D407C5E5BED88A271B759F4AE5DAF7FAD02EE5F0BE8AF8568DD3B6D847E29A0EF
310
09B8695EED83E35DC0C5A08012D7BE8075B64601EABC806815905CB6FEB1FD916F5840F32DB0F86A18166025CCF353405AFC0F108EF9DFB95DE3D7ECE11C1F000000000000000000000000000000000000F8BF075A5E97D1850EAF140000000049454E44AE4260824260820026C15A47440002501C00134091037E08F9E139
310
A0D0B20002AED947014222B49224382B80AA0E0849CE42006C25C8120129D2C1510E059000A036802B01370C26094E301600E4E5B0A56783BD27842C876F791E0F5F5E4603B85C04805D925C569E03CEAA44CBF62E00E505D07C97579FF28AE8EA007C7E7E3200D75A673962A062D01003C7DF42FD01F061902F17F3A1BCB9
310
698D0E6803408A8D7F078EA0250062DAA491F10ADA6221A0560F23424001206E6B8B1FA403C080D6D1EABC291848D91905D8D7E954749530121C86280356EB80C10014BFDC58A7E8E5E15439400010CF69B853079CCBFBCC6775B10940AE312B88934FE83A47811EFA42BBF7F73C1203468E3E78413104C081850129362C0B
310
6023352E36A47011287D4240AE320065AF0971AA1456124623776800ACBE0EB03D17507B3906C071D1DBE8CB03B8CA99A31B007A6E6A8803B07F60CF42F300303F1EE246086C55B5D749EFAB058FABED732D01E0B59607B0DA87A46C02504AA36D735D84C43AF5A794C5B953397D6AADCA4CAE8A807BB8B2D561F000A807E0
310
01B8A3280A6E050480B8B1021900BFB217A9007C089818B80B204D8103A86FAF965520F851C0942D06BEBD48107011B71C30FCAF12EDA30B11B5A4C107B4370D84CD1430E86D92110EF8A6169AE9F7988AE7498B200C6988EE3BF964110D77C093C103E8EDCDAEF9D75AF39A00BC8100C01CB0070D8039E09A020F81BD3107
310
A000440C740800001E029503E258FDC73918E3661D547CBB1C028DFE473A002E9A41C9004D07CCF2FAE52AEA80AAF7692B0270A097630E908550DC3CFFAD6C685C71B812C418413040F864DA821104006168EC120C0784A171139010E89001009CFEBB0820D6C9B0AF93377AEBDEEA969A4A53E49EFDE3B8BF07E6790B7F66
310
651FB7EAAA001D0470EBE40C16004D9B07E00178001E8007E00178001E8007E00178000EE81F503E2EA04532A6A00000000049454E44AE426082
  0
ENDSEC
  0
EOF
