  0
SECTION
  2
HEADER
  9
$ACADVER
  1
AC1027
  9
$ACADMAINTVER
 70
     8
  9
$DWGCODEPAGE
  3
ANSI_1254
  9
$REQUIREDVERSIONS
160
                 0
  9
$INSBASE
 10
0.0
 20
0.0
 30
0.0
  9
$EXTMIN
 10
-84895.69519469284
 20
-16016.59571391443
 30
-70.63299790526267
  9
$EXTMAX
 10
34856.17922438902
 20
53953.11707225569
 30
0.1670391624793321
  9
$LIMMIN
 10
0.0
 20
0.0
  9
$LIMMAX
 10
420.0
 20
297.0
  9
$ORTHOMODE
 70
     0
  9
$REGENMODE
 70
     1
  9
$FILLMODE
 70
     1
  9
$QTEXTMODE
 70
     0
  9
$MIRRTEXT
 70
     0
  9
$LTSCALE
 40
1.0
  9
$ATTMODE
 70
     1
  9
$TEXTSIZE
 40
2.5
  9
$TRACEWID
 40
1.0
  9
$TEXTSTYLE
  7
Standard
  9
$CLAYER
  8
KOMPOZIT
  9
$CELTYPE
  6
ByLayer
  9
$CECOLOR
 62
   256
  9
$CELTSCALE
 40
1.0
  9
$DISPSILH
 70
     0
  9
$DIMSCALE
 40
1.0
  9
$DIMASZ
 40
2.5
  9
$DIMEXO
 40
0.625
  9
$DIMDLI
 40
3.75
  9
$DIMRND
 40
0.0
  9
$DIMDLE
 40
0.0
  9
$DIMEXE
 40
1.25
  9
$DIMTP
 40
0.0
  9
$DIMTM
 40
0.0
  9
$DIMTXT
 40
2.5
  9
$DIMCEN
 40
2.5
  9
$DIMTSZ
 40
0.0
  9
$DIMTOL
 70
     0
  9
$DIMLIM
 70
     0
  9
$DIMTIH
 70
     0
  9
$DIMTOH
 70
     0
  9
$DIMSE1
 70
     0
  9
$DIMSE2
 70
     0
  9
$DIMTAD
 70
     1
  9
$DIMZIN
 70
     8
  9
$DIMBLK
  1

  9
$DIMASO
 70
     1
  9
$DIMSHO
 70
     1
  9
$DIMPOST
  1

  9
$DIMAPOST
  1

  9
$DIMALT
 70
     0
  9
$DIMALTD
 70
     3
  9
$DIMALTF
 40
0.03937007874016
  9
$DIMLFAC
 40
1.0
  9
$DIMTOFL
 70
     1
  9
$DIMTVP
 40
0.0
  9
$DIMTIX
 70
     0
  9
$DIMSOXD
 70
     0
  9
$DIMSAH
 70
     0
  9
$DIMBLK1
  1

  9
$DIMBLK2
  1

  9
$DIMSTYLE
  2
ISO-25
  9
$DIMCLRD
 70
     0
  9
$DIMCLRE
 70
     0
  9
$DIMCLRT
 70
     0
  9
$DIMTFAC
 40
1.0
  9
$DIMGAP
 40
0.625
  9
$DIMJUST
 70
     0
  9
$DIMSD1
 70
     0
  9
$DIMSD2
 70
     0
  9
$DIMTOLJ
 70
     0
  9
$DIMTZIN
 70
     8
  9
$DIMALTZ
 70
     0
  9
$DIMALTTZ
 70
     0
  9
$DIMUPT
 70
     0
  9
$DIMDEC
 70
     2
  9
$DIMTDEC
 70
     2
  9
$DIMALTU
 70
     2
  9
$DIMALTTD
 70
     3
  9
$DIMTXSTY
  7
Standard
  9
$DIMAUNIT
 70
     0
  9
$DIMADEC
 70
     0
  9
$DIMALTRND
 40
0.0
  9
$DIMAZIN
 70
     0
  9
$DIMDSEP
 70
    44
  9
$DIMATFIT
 70
     3
  9
$DIMFRAC
 70
     0
  9
$DIMLDRBLK
  1

  9
$DIMLUNIT
 70
     2
  9
$DIMLWD
 70
    -2
  9
$DIMLWE
 70
    -2
  9
$DIMTMOVE
 70
     0
  9
$DIMFXL
 40
1.0
  9
$DIMFXLON
 70
     0
  9
$DIMJOGANG
 40
0.7853981633974483
  9
$DIMTFILL
 70
     0
  9
$DIMTFILLCLR
 70
     0
  9
$DIMARCSYM
 70
     0
  9
$DIMLTYPE
  6

  9
$DIMLTEX1
  6

  9
$DIMLTEX2
  6

  9
$DIMTXTDIRECTION
 70
     0
  9
$LUNITS
 70
     2
  9
$LUPREC
 70
     4
  9
$SKETCHINC
 40
1.0
  9
$FILLETRAD
 40
0.0
  9
$AUNITS
 70
     0
  9
$AUPREC
 70
     0
  9
$MENU
  1
.
  9
$ELEVATION
 40
0.0
  9
$PELEVATION
 40
0.0
  9
$THICKNESS
 40
0.0
  9
$LIMCHECK
 70
     0
  9
$CHAMFERA
 40
0.0
  9
$CHAMFERB
 40
0.0
  9
$CHAMFERC
 40
0.0
  9
$CHAMFERD
 40
0.0
  9
$SKPOLY
 70
     0
  9
$TDCREATE
 40
2455827.480789155
  9
$TDUCREATE
 40
2455827.355789155
  9
$TDUPDATE
 40
2461292.873229167
  9
$TDUUPDATE
 40
2461292.748229167
  9
$TDINDWG
 40
37.9614076968
  9
$TDUSRTIMER
 40
37.9614075694
  9
$USRTIMER
 70
     1
  9
$ANGBASE
 50
0.0
  9
$ANGDIR
 70
     0
  9
$PDMODE
 70
     0
  9
$PDSIZE
 40
0.0
  9
$PLINEWID
 40
0.0
  9
$SPLFRAME
 70
     0
  9
$SPLINETYPE
 70
     6
  9
$SPLINESEGS
 70
     8
  9
$HANDSEED
  5
125
  9
$SURFTAB1
 70
     6
  9
$SURFTAB2
 70
     6
  9
$SURFTYPE
 70
     6
  9
$SURFU
 70
     6
  9
$SURFV
 70
     6
  9
$UCSBASE
  2

  9
$UCSNAME
  2

  9
$UCSORG
 10
0.0
 20
0.0
 30
0.0
  9
$UCSXDIR
 10
1.0
 20
0.0
 30
0.0
  9
$UCSYDIR
 10
0.0
 20
1.0
 30
0.0
  9
$UCSORTHOREF
  2

  9
$UCSORTHOVIEW
 70
     0
  9
$UCSORGTOP
 10
0.0
 20
0.0
 30
0.0
  9
$UCSORGBOTTOM
 10
0.0
 20
0.0
 30
0.0
  9
$UCSORGLEFT
 10
0.0
 20
0.0
 30
0.0
  9
$UCSORGRIGHT
 10
0.0
 20
0.0
 30
0.0
  9
$UCSORGFRONT
 10
0.0
 20
0.0
 30
0.0
  9
$UCSORGBACK
 10
0.0
 20
0.0
 30
0.0
  9
$PUCSBASE
  2

  9
$PUCSNAME
  2

  9
$PUCSORG
 10
0.0
 20
0.0
 30
0.0
  9
$PUCSXDIR
 10
1.0
 20
0.0
 30
0.0
  9
$PUCSYDIR
 10
0.0
 20
1.0
 30
0.0
  9
$PUCSORTHOREF
  2

  9
$PUCSORTHOVIEW
 70
     0
  9
$PUCSORGTOP
 10
0.0
 20
0.0
 30
0.0
  9
$PUCSORGBOTTOM
 10
0.0
 20
0.0
 30
0.0
  9
$PUCSORGLEFT
 10
0.0
 20
0.0
 30
0.0
  9
$PUCSORGRIGHT
 10
0.0
 20
0.0
 30
0.0
  9
$PUCSORGFRONT
 10
0.0
 20
0.0
 30
0.0
  9
$PUCSORGBACK
 10
0.0
 20
0.0
 30
0.0
  9
$USERI1
 70
     0
  9
$USERI2
 70
     0
  9
$USERI3
 70
     0
  9
$USERI4
 70
     0
  9
$USERI5
 70
     0
  9
$USERR1
 40
0.0
  9
$USERR2
 40
0.0
  9
$USERR3
 40
0.0
  9
$USERR4
 40
0.0
  9
$USERR5
 40
0.0
  9
$WORLDVIEW
 70
     1
  9
$SHADEDGE
 70
     3
  9
$SHADEDIF
 70
    70
  9
$TILEMODE
 70
     1
  9
$MAXACTVP
 70
    64
  9
$PINSBASE
 10
0.0
 20
0.0
 30
0.0
  9
$PLIMCHECK
 70
     0
  9
$PEXTMIN
 10
29.06818420886992
 20
20.36233246326446
 30
0.0
  9
$PEXTMAX
 10
261.6136578798294
 20
183.2609921693802
 30
0.0
  9
$PLIMMIN
 10
-3.17498779296875
 20
-3.174999952316283
  9
$PLIMMAX
 10
293.8568420410156
 20
206.7983276844024
  9
$UNITMODE
 70
     0
  9
$VISRETAIN
 70
     1
  9
$PLINEGEN
 70
     0
  9
$PSLTSCALE
 70
     1
  9
$TREEDEPTH
 70
  3020
  9
$CMLSTYLE
  2
Standard
  9
$CMLJUST
 70
     0
  9
$CMLSCALE
 40
20.0
  9
$PROXYGRAPHICS
 70
     1
  9
$MEASUREMENT
 70
     1
  9
$CELWEIGHT
370
    -1
  9
$ENDCAPS
280
     0
  9
$JOINSTYLE
280
     0
  9
$LWDISPLAY
290
     0
  9
$INSUNITS
 70
     4
  9
$HYPERLINKBASE
  1

  9
$STYLESHEET
  1

  9
$XEDIT
290
     1
  9
$CEPSNTYPE
380
     0
  9
$PSTYLEMODE
290
     1
  9
$FINGERPRINTGUID
  2
{8C351494-B8CC-4D5D-BC91-5BB82FFB4E75}
  9
$VERSIONGUID
  2
{E7778DAC-DB55-E54C-939E-1653FE1F07BA}
  9
$EXTNAMES
290
     1
  9
$PSVPSCALE
 40
0.0
  9
$OLESTARTUP
290
     0
  9
$SORTENTS
280
   127
  9
$INDEXCTL
280
     0
  9
$HIDETEXT
280
     1
  9
$XCLIPFRAME
280
     2
  9
$HALOGAP
280
     0
  9
$OBSCOLOR
 70
   257
  9
$OBSLTYPE
280
     0
  9
$INTERSECTIONDISPLAY
280
     0
  9
$INTERSECTIONCOLOR
 70
   257
  9
$DIMASSOC
280
     2
  9
$PROJECTNAME
  1

  9
$CAMERADISPLAY
290
     0
  9
$LENSLENGTH
 40
50.0
  9
$CAMERAHEIGHT
 40
0.0
  9
$STEPSPERSEC
 40
2.0
  9
$STEPSIZE
 40
6.0
  9
$3DDWFPREC
 40
2.0
  9
$PSOLWIDTH
 40
5.0
  9
$PSOLHEIGHT
 40
80.0
  9
$LOFTANG1
 40
1.570796326794896
  9
$LOFTANG2
 40
1.570796326794896
  9
$LOFTMAG1
 40
0.0
  9
$LOFTMAG2
 40
0.0
  9
$LOFTPARAM
 70
     7
  9
$LOFTNORMALS
280
     1
  9
$LATITUDE
 40
37.795
  9
$LONGITUDE
 40
-122.394
  9
$NORTHDIRECTION
 40
0.0
  9
$TIMEZONE
 70
 -8000
  9
$LIGHTGLYPHDISPLAY
280
     1
  9
$TILEMODELIGHTSYNCH
280
     1
  9
$CMATERIAL
347
4F
  9
$SOLIDHIST
280
     1
  9
$SHOWHIST
280
     1
  9
$DWFFRAME
280
     2
  9
$DGNFRAME
280
     0
  9
$REALWORLDSCALE
290
     1
  9
$INTERFERECOLOR
 62
     1
  9
$INTERFEREOBJVS
345
5F
  9
$INTERFEREVPVS
346
60
  9
$CSHADOW
280
     0
  9
$SHADOWPLANELOCATION
 40
0.0
  0
ENDSEC
  0
SECTION
  2
CLASSES
  0
CLASS
  1
ACDBDICTIONARYWDFLT
  2
AcDbDictionaryWithDefault
  3
ObjectDBX Classes
 90
        0
 91
        1
280
     0
281
     0
  0
CLASS
  1
DICTIONARYVAR
  2
AcDbDictionaryVar
  3
ObjectDBX Classes
 90
        0
 91
        5
280
     0
281
     0
  0
CLASS
  1
TABLESTYLE
  2
AcDbTableStyle
  3
ObjectDBX Classes
 90
     4095
 91
        1
280
     0
281
     0
  0
CLASS
  1
MATERIAL
  2
AcDbMaterial
  3
ObjectDBX Classes
 90
     1153
 91
        3
280
     0
281
     0
  0
CLASS
  1
VISUALSTYLE
  2
AcDbVisualStyle
  3
ObjectDBX Classes
 90
     4095
 91
        3
280
     0
281
     0
  0
CLASS
  1
SCALE
  2
AcDbScale
  3
ObjectDBX Classes
 90
     1153
 91
       17
280
     0
281
     0
  0
CLASS
  1
MLEADERSTYLE
  2
AcDbMLeaderStyle
  3
ACDB_MLEADERSTYLE_CLASS
 90
     4095
 91
        0
280
     0
281
     0
  0
CLASS
  1
CELLSTYLEMAP
  2
AcDbCellStyleMap
  3
ObjectDBX Classes
 90
     1152
 91
        1
280
     0
281
     0
  0
CLASS
  1
EXACXREFPANELOBJECT
  2
ExAcXREFPanelObject
  3
EXAC_ESW
 90
     1025
 91
        0
280
     1
281
     0
  0
CLASS
  1
NPOCOLLECTION
  2
AcDbImpNonPersistentObjectsCollection
  3
ObjectDBX Classes
 90
     1153
 91
        0
280
     0
281
     0
  0
CLASS
  1
LAYER_INDEX
  2
AcDbLayerIndex
  3
ObjectDBX Classes
 90
        0
 91
        0
280
     0
281
     0
  0
CLASS
  1
SPATIAL_INDEX
  2
AcDbSpatialIndex
  3
ObjectDBX Classes
 90
        0
 91
        0
280
     0
281
     0
  0
CLASS
  1
IDBUFFER
  2
AcDbIdBuffer
  3
ObjectDBX Classes
 90
        0
 91
        0
280
     0
281
     0
  0
CLASS
  1
ACAD_EVALUATION_GRAPH
  2
AcDbEvalGraph
  3
ObjectDBX Classes
 90
     1153
 91
        0
280
     0
281
     0
  0
CLASS
  1
BLOCKLINEARPARAMETER
  2
AcDbBlockLinearParameter
  3
ObjectDBX Classes
 90
     1153
 91
        0
280
     0
281
     0
  0
CLASS
  1
BLOCKLINEARGRIP
  2
AcDbBlockLinearGrip
  3
ObjectDBX Classes
 90
     1153
 91
        0
280
     0
281
     0
  0
CLASS
  1
BLOCKGRIPLOCATIONCOMPONENT
  2
AcDbBlockGripExpr
  3
ObjectDBX Classes
 90
     1153
 91
        0
280
     0
281
     0
  0
CLASS
  1
BLOCKARRAYACTION
  2
AcDbBlockArrayAction
  3
ObjectDBX Classes
 90
     1153
 91
        0
280
     0
281
     0
  0
CLASS
  1
ACDB_DYNAMICBLOCKPURGEPREVENTER_VERSION
  2
AcDbDynamicBlockPurgePreventer
  3
ObjectDBX Classes
 90
     1153
 91
        0
280
     0
281
     0
  0
CLASS
  1
ACDB_BLOCKREPRESENTATION_DATA
  2
AcDbBlockRepresentationData
  3
ObjectDBX Classes
 90
     1153
 91
        0
280
     0
281
     0
  0
CLASS
  1
SORTENTSTABLE
  2
AcDbSortentsTable
  3
ObjectDBX Classes
 90
        0
 91
        6
280
     0
281
     0
  0
CLASS
  1
AEC_REFEDIT_STATUS_TRACKER
  2
AecDbRefEditStatusTracker
  3
AecArchBase80|Product Desc: Autodesk Architectural Desktop 2007 |Company: Autodesk,Inc. |WEB Address: www.autodesk.com
 90
      129
 91
        0
280
     1
281
     0
  0
CLASS
  1
BLOCKSTRETCHACTION
  2
AcDbBlockStretchAction
  3
ObjectDBX Classes
 90
     1153
 91
        0
280
     0
281
     0
  0
CLASS
  1
ACDBSECTIONVIEWSTYLE
  2
AcDbSectionViewStyle
  3
ObjectDBX Classes
 90
     1025
 91
        0
280
     0
281
     0
  0
CLASS
  1
ACDBDETAILVIEWSTYLE
  2
AcDbDetailViewStyle
  3
ObjectDBX Classes
 90
     1025
 91
        0
280
     0
281
     0
  0
CLASS
  1
ACAECUSTOBJ
  2
AcAeEditorObj
  3
AcAeEditorObj
 90
     1024
 91
        0
280
     1
281
     0
  0
CLASS
  1
LINEARPARAMETERENTITY
  2
AcDbBlockLinearParameterEntity
  3
ObjectDBX Classes
 90
     1025
 91
        0
280
     0
281
     1
  0
CLASS
  1
ACAEEEMGROBJ
  2
AcAeEEMgrObj
  3
AcAeEEMgrObj
 90
     1024
 91
        0
280
     0
281
     0
  0
CLASS
  1
LINEARGRIPENTITY
  2
AcDbBlockLinearGripEntity
  3
ObjectDBX Classes
 90
     1025
 91
        0
280
     0
281
     1
  0
CLASS
  1
ARRAYACTIONENTITY
  2
AcDbBlockArrayActionEntity
  3
ObjectDBX Classes
 90
     1025
 91
        0
280
     0
281
     1
  0
CLASS
  1
STRETCHACTIONENTITY
  2
AcDbBlockStretchActionEntity
  3
ObjectDBX Classes
 90
     1025
 91
        0
280
     0
281
     1
  0
CLASS
  1
BLOCKMOVEACTION
  2
AcDbBlockMoveAction
  3
ObjectDBX Classes
 90
     1153
 91
        0
280
     0
281
     0
  0
CLASS
  1
DIMASSOC
  2
AcDbDimAssoc
  3
"AcDbDimAssoc|Product Desc:     AcDim ARX App For Dimension|Company:          Autodesk, Inc.|WEB Address:      www.autodesk.com"
 90
        0
 91
        0
280
     0
281
     0
  0
CLASS
  1
BLOCKSCALEACTION
  2
AcDbBlockScaleAction
  3
ObjectDBX Classes
 90
     1153
 91
        0
280
     0
281
     0
  0
CLASS
  1
MULTILEADER
  2
AcDbMLeader
  3
ACDB_MLEADER_CLASS
 90
     1025
 91
        0
280
     0
281
     1
  0
CLASS
  1
BLOCKBASEPOINTPARAMETER
  2
AcDbBlockBasepointParameter
  3
ObjectDBX Classes
 90
     1153
 91
        0
280
     0
281
     0
  0
CLASS
  1
DBCOLOR
  2
AcDbColor
  3
ObjectDBX Classes
 90
        0
 91
        0
280
     0
281
     0
  0
CLASS
  1
BASEPOINTPARAMETERENTITY
  2
AcDbBlockBasepointParameterEntity
  3
ObjectDBX Classes
 90
     1025
 91
        0
280
     0
281
     1
  0
CLASS
  1
IMAGEDEF
  2
AcDbRasterImageDef
  3
ISM
 90
        0
 91
        0
280
     0
281
     0
  0
CLASS
  1
RASTERVARIABLES
  2
AcDbRasterVariables
  3
ISM
 90
        0
 91
        0
280
     0
281
     0
  0
CLASS
  1
IMAGEDEF_REACTOR
  2
AcDbRasterImageDefReactor
  3
ISM
 90
        1
 91
        0
280
     0
281
     0
  0
CLASS
  1
IMAGE
  2
AcDbRasterImage
  3
ISM
 90
     2175
 91
        0
280
     0
281
     1
  0
CLASS
  1
WIPEOUT
  2
AcDbWipeout
  3
WipeOut|Product Desc: Object Enabler for WipeOut entity | Company: Autodesk, Inc. | WEB Address: www.autodesk.com
 90
     2175
 91
        0
280
     0
281
     1
  0
CLASS
  1
WIPEOUTVARIABLES
  2
AcDbWipeoutVariables
  3
"WipeOut|Product Desc:     WipeOut Dbx Application|Company:          Autodesk, Inc.|WEB Address:      www.autodesk.com"
 90
        0
 91
        0
280
     0
281
     0
  0
CLASS
  1
MOVEACTIONENTITY
  2
AcDbBlockMoveActionEntity
  3
ObjectDBX Classes
 90
     1025
 91
        0
280
     0
281
     1
  0
CLASS
  1
BLOCKVISIBILITYPARAMETER
  2
AcDbBlockVisibilityParameter
  3
ObjectDBX Classes
 90
     1153
 91
        0
280
     0
281
     0
  0
CLASS
  1
BLOCKVISIBILITYGRIP
  2
AcDbBlockVisibilityGrip
  3
ObjectDBX Classes
 90
     1153
 91
        0
280
     0
281
     0
  0
CLASS
  1
VISIBILITYPARAMETERENTITY
  2
AcDbBlockVisibilityParameterEntity
  3
ObjectDBX Classes
 90
     1025
 91
        0
280
     0
281
     1
  0
CLASS
  1
VISIBILITYGRIPENTITY
  2
AcDbBlockVisibilityGripEntity
  3
ObjectDBX Classes
 90
     1025
 91
        0
280
     0
281
     1
  0
CLASS
  1
BLOCKLOOKUPPARAMETER
  2
AcDbBlockLookupParameter
  3
ObjectDBX Classes
 90
     1153
 91
        0
280
     0
281
     0
  0
CLASS
  1
BLOCKLOOKUPGRIP
  2
AcDbBlockLookupGrip
  3
ObjectDBX Classes
 90
     1153
 91
        0
280
     0
281
     0
  0
CLASS
  1
BLOCKLOOKUPACTION
  2
AcDbBlockLookupAction
  3
ObjectDBX Classes
 90
     1153
 91
        0
280
     0
281
     0
  0
CLASS
  1
LOOKUPPARAMETERENTITY
  2
AcDbBlockLookupParameterEntity
  3
ObjectDBX Classes
 90
     1025
 91
        0
280
     0
281
     1
  0
CLASS
  1
LOOKUPGRIPENTITY
  2
AcDbBlockLookupGripEntity
  3
ObjectDBX Classes
 90
     1025
 91
        0
280
     0
281
     1
  0
CLASS
  1
LOOKUPACTIONENTITY
  2
AcDbBlockLookupActionEntity
  3
ObjectDBX Classes
 90
     1025
 91
        0
280
     0
281
     1
  0
CLASS
  1
RAPIDRTRENDERSETTINGS
  2
AcDbRapidRTRenderSettings
  3
ObjectDBX Classes
 90
     1024
 91
        0
280
     1
281
     0
  0
CLASS
  1
MENTALRAYRENDERSETTINGS
  2
AcDbMentalRayRenderSettings
  3
SCENEOE
 90
     1024
 91
        0
280
     1
281
     0
  0
CLASS
  1
ACDBASSOCPERSSUBENTMANAGER
  2
AcDbAssocPersSubentManager
  3
ObjectDBX Classes
 90
     1024
 91
        0
280
     0
281
     0
  0
CLASS
  1
ACAD_TABLE
  2
AcDbTable
  3
ObjectDBX Classes
 90
     1025
 91
        0
280
     0
281
     1
  0
CLASS
  1
TABLECONTENT
  2
AcDbTableContent
  3
ObjectDBX Classes
 90
     1152
 91
        0
280
     0
281
     0
  0
CLASS
  1
TABLEGEOMETRY
  2
AcDbTableGeometry
  3
ObjectDBX Classes
 90
     1152
 91
        0
280
     0
281
     0
  0
ENDSEC
  0
SECTION
  2
TABLES
  0
TABLE
  2
VPORT
  5
29
330
0
100
AcDbSymbolTable
 70
     1
1001
ACAD
1000
DbSaveVer
1071
      247
  0
VPORT
  5
2A
330
29
100
AcDbSymbolTableRecord
100
AcDbViewportTableRecord
  2
*Active
 70
     0
 10
0.0
 20
0.0
 11
1.0
 21
1.0
 12
-74187.59462461594
 22
4077.558156604587
 13
0.0
 23
0.0
 14
10.0
 24
10.0
 15
10.0
 25
10.0
 16
0.0
 26
0.0
 36
1.0
 17
0.0
 27
0.0
 37
0.0
 40
575.352991365944
 41
2.580896686159844
 42
50.0
 43
0.0
 44
0.0
 50
0.0
 51
0.0
 71
     0
 72
  1000
 73
     1
 74
     3
 75
     0
 76
     0
 77
     0
 78
     2
281
     0
 65
     1
110
0.0
120
0.0
130
0.0
111
1.0
121
0.0
131
0.0
112
0.0
122
1.0
132
0.0
 79
     0
146
0.0
348
2B
 60
     3
 61
     5
292
     1
282
     1
141
0.0
142
0.0
 63
   250
421
  3355443
1001
ACAD_NAV_VCDISPLAY
1070
     1
  0
ENDTAB
  0
TABLE
  2
LTYPE
  5
24
330
0
100
AcDbSymbolTable
 70
     3
  0
LTYPE
  5
25
330
24
100
AcDbSymbolTableRecord
100
AcDbLinetypeTableRecord
  2
ByBlock
 70
     0
  3

 72
    65
 73
     0
 40
0.0
  0
LTYPE
  5
26
330
24
100
AcDbSymbolTableRecord
100
AcDbLinetypeTableRecord
  2
ByLayer
 70
     0
  3

 72
    65
 73
     0
 40
0.0
  0
LTYPE
  5
14
330
24
100
AcDbSymbolTableRecord
100
AcDbLinetypeTableRecord
  2
Continuous
 70
     0
  3
Solid line
 72
    65
 73
     0
 40
0.0
  0
LTYPE
  5
F2
330
24
100
AcDbSymbolTableRecord
100
AcDbLinetypeTableRecord
  2
HIDDEN
 70
     0
  3
Hidden __ __ __ __ __ __ __ __ __ __ __ __ __ _
 72
    65
 73
     2
 40
0.375
 49
0.25
 74
     0
 49
-0.125
 74
     0
  0
LTYPE
  5
EB
330
24
100
AcDbSymbolTableRecord
100
AcDbLinetypeTableRecord
  2
DASHDOT2
 70
     0
  3
_._._._._._._._._._._._._._._._._._._._._._._._
 72
    65
 73
     4
 40
0.5
 49
0.25
 74
     0
 49
-0.125
 74
     0
 49
0.0
 74
     0
 49
-0.125
 74
     0
  0
ENDTAB
  0
TABLE
  2
LAYER
  5
1E
102
{ACAD_XDICTIONARY
360
1F
102
}
330
0
100
AcDbSymbolTable
 70
    16
  0
LAYER
  5
6
102
{ACAD_XDICTIONARY
360
7
102
}
330
1E
100
AcDbSymbolTableRecord
100
AcDbLayerTableRecord
  2
0
 70
     0
 62
     7
  6
Continuous
370
    -3
390
8
347
B
348
0
  0
LAYER
  5
76
330
1E
100
AcDbSymbolTableRecord
100
AcDbLayerTableRecord
  2
ART_TARAMA
 70
     0
 62
   251
  6
Continuous
370
    -3
390
8
347
B
348
0
1001
AcAecLayerStandard
1000

1000

1001
AcCmTransparency
1071
        0
  0
LAYER
  5
80
102
{ACAD_XDICTIONARY
360
81
102
}
330
1E
100
AcDbSymbolTableRecord
100
AcDbLayerTableRecord
  2
ART_CAM
 70
     0
 62
   150
  6
Continuous
370
    -3
390
8
347
B
348
0
1001
AcAecLayerStandard
1000

1000

  0
LAYER
  5
8D
102
{ACAD_XDICTIONARY
360
8E
102
}
330
1E
100
AcDbSymbolTableRecord
100
AcDbLayerTableRecord
  2
ART_SILIKON
 70
     0
 62
   252
  6
Continuous
370
    -3
390
8
347
B
348
0
  0
LAYER
  5
A6
102
{ACAD_XDICTIONARY
360
A7
102
}
330
1E
100
AcDbSymbolTableRecord
100
AcDbLayerTableRecord
  2
ART_PROFIL
 70
     0
 62
    42
  6
Continuous
370
    -3
390
8
347
B
348
0
1001
AcAecLayerStandard
1000

1000

  0
LAYER
  5
79
102
{ACAD_XDICTIONARY
360
7A
102
}
330
1E
100
AcDbSymbolTableRecord
100
AcDbLayerTableRecord
  2
ART_FITIL
 70
     0
 62
    24
  6
Continuous
370
    -3
390
8
347
B
348
0
1001
AcAecLayerStandard
1000

1000

  0
LAYER
  5
9C
102
{ACAD_XDICTIONARY
360
9D
102
}
330
1E
100
AcDbSymbolTableRecord
100
AcDbLayerTableRecord
  2
ART_BARIYER
 70
     0
 62
   143
  6
Continuous
370
    -3
390
8
347
B
348
0
1001
AcAecLayerStandard
1000

1000

  0
LAYER
  5
E9
102
{ACAD_XDICTIONARY
360
EA
102
}
330
1E
100
AcDbSymbolTableRecord
100
AcDbLayerTableRecord
  2
ARTPROFIL AKS
 70
     0
 62
   123
  6
DASHDOT2
370
    -3
390
8
347
B
348
0
1001
AcAecLayerStandard
1000

1000

  0
LAYER
  5
B4
102
{ACAD_XDICTIONARY
360
B5
102
}
330
1E
100
AcDbSymbolTableRecord
100
AcDbLayerTableRecord
  2
ART_BOND CITASI
 70
     0
 62
    65
  6
Continuous
370
    -3
390
8
347
B
348
0
1001
AcAecLayerStandard
1000

1000

  0
LAYER
  5
C8
102
{ACAD_XDICTIONARY
360
C9
102
}
330
1E
100
AcDbSymbolTableRecord
100
AcDbLayerTableRecord
  2
ART_Mlz-Aksesuar
 70
     0
 62
     8
  6
Continuous
370
    -3
390
8
347
B
348
0
  0
LAYER
  5
C5
330
1E
100
AcDbSymbolTableRecord
100
AcDbLayerTableRecord
  2
ART_TAKOZ
 70
     0
 62
   187
  6
Continuous
370
    -3
390
8
347
B
348
0
1001
AcAecLayerStandard
1000

1000

1001
AcCmTransparency
1071
        0
  0
LAYER
  5
8A
102
{ACAD_XDICTIONARY
360
8B
102
}
330
1E
100
AcDbSymbolTableRecord
100
AcDbLayerTableRecord
  2
silikon
 70
     0
 62
     5
  6
Continuous
370
     9
390
8
347
B
348
0
  0
LAYER
  5
E6
330
1E
100
AcDbSymbolTableRecord
100
AcDbLayerTableRecord
  2
ART_IZALATOR
 70
     0
 62
     5
  6
Continuous
370
    -3
390
8
347
B
348
0
1001
AcAecLayerStandard
1000

1000

1001
AcCmTransparency
1071
        0
  0
LAYER
  5
ED
330
1E
100
AcDbSymbolTableRecord
100
AcDbLayerTableRecord
  2
ART_KLİPS
 70
     0
 62
   154
  6
Continuous
370
    -3
390
8
347
B
348
0
1001
AcAecLayerStandard
1000

1000

1001
AcCmTransparency
1071
        0
  0
LAYER
  5
EF
330
1E
100
AcDbSymbolTableRecord
100
AcDbLayerTableRecord
  2
ART_IZ
 70
     0
 62
   251
  6
Continuous
370
    -3
390
8
347
B
348
0
1001
AcAecLayerStandard
1000

1000

1001
AcCmTransparency
1071
        0
  0
LAYER
  5
59
330
1E
100
AcDbSymbolTableRecord
100
AcDbLayerTableRecord
  2
KOMPOZIT
 70
     0
 62
   117
420
  5667680
  6
Continuous
370
    -3
390
8
347
B
348
0
1001
AcAecLayerStandard
1000

1000

1001
AcCmTransparency
1071
        0
  0
ENDTAB
  0
TABLE
  2
STYLE
  5
21
330
0
100
AcDbSymbolTable
 70
     5
  0
STYLE
  5
22
330
21
100
AcDbSymbolTableRecord
100
AcDbTextStyleTableRecord
  2
Standard
 70
     0
 40
0.0
 41
1.0
 50
0.0
 71
     0
 42
2.5
  3
arial.ttf
  4

1001
ACAD
1000
Arial
1071
       34
  0
STYLE
  5
3A
330
21
100
AcDbSymbolTableRecord
100
AcDbTextStyleTableRecord
  2
YZ
 70
     0
 40
0.0
 41
0.7
 50
0.0
 71
     0
 42
5.0
  3
archs.shx
  4

  0
STYLE
  5
32
330
21
100
AcDbSymbolTableRecord
100
AcDbTextStyleTableRecord
  2
S5
 70
     0
 40
0.0
 41
0.6
 50
0.0
 71
     0
 42
2.5
  3
romand.shx
  4

  0
STYLE
  5
43
330
21
100
AcDbSymbolTableRecord
100
AcDbTextStyleTableRecord
  2
S2
 70
     0
 40
0.0
 41
0.5
 50
0.0
 71
     0
 42
400.0
  3
romand.shx
  4

  0
STYLE
  5
DC
330
21
100
AcDbSymbolTableRecord
100
AcDbTextStyleTableRecord
  2
arialnarrow
 70
     0
 40
0.0
 41
1.0
 50
0.0
 71
     0
 42
2.5
  3
ARIALN.TTF
  4

1001
ACAD
1000
Arial Narrow
1071
       34
  0
ENDTAB
  0
TABLE
  2
VIEW
  5
27
330
0
100
AcDbSymbolTable
 70
     0
  0
ENDTAB
  0
TABLE
  2
UCS
  5
28
330
0
100
AcDbSymbolTable
 70
     0
  0
ENDTAB
  0
TABLE
  2
APPID
  5
2E
330
0
100
AcDbSymbolTable
 70
    11
  0
APPID
  5
13
330
2E
100
AcDbSymbolTableRecord
100
AcDbRegAppTableRecord
  2
ACAD
 70
     0
  0
APPID
  5
19
330
2E
100
AcDbSymbolTableRecord
100
AcDbRegAppTableRecord
  2
ACAD_PSEXT
 70
     0
  0
APPID
  5
77
330
2E
100
AcDbSymbolTableRecord
100
AcDbRegAppTableRecord
  2
ACDBBLOCKREPETAG
 70
     0
  0
APPID
  5
2D
330
2E
100
AcDbSymbolTableRecord
100
AcDbRegAppTableRecord
  2
ACAD_NAV_VCDISPLAY
 70
     0
  0
APPID
  5
5A
330
2E
100
AcDbSymbolTableRecord
100
AcDbRegAppTableRecord
  2
AcAecLayerStandard
 70
     0
  0
APPID
  5
5B
330
2E
100
AcDbSymbolTableRecord
100
AcDbRegAppTableRecord
  2
AcCmTransparency
 70
     0
  0
APPID
  5
37
330
2E
100
AcDbSymbolTableRecord
100
AcDbRegAppTableRecord
  2
ACAD_DSTYLE_DIMJAG
 70
     0
  0
APPID
  5
38
330
2E
100
AcDbSymbolTableRecord
100
AcDbRegAppTableRecord
  2
ACAD_DSTYLE_DIMTALN
 70
     0
  0
APPID
  5
4A
330
2E
100
AcDbSymbolTableRecord
100
AcDbRegAppTableRecord
  2
ACAD_DSTYLE_DIMBREAK
 70
     0
  0
APPID
  5
A2
330
2E
100
AcDbSymbolTableRecord
100
AcDbRegAppTableRecord
  2
GradientColor1ACI
 70
     0
  0
APPID
  5
A3
330
2E
100
AcDbSymbolTableRecord
100
AcDbRegAppTableRecord
  2
GradientColor2ACI
 70
     0
  0
ENDTAB
  0
TABLE
  2
DIMSTYLE
  5
2F
330
0
100
AcDbSymbolTable
 70
     5
100
AcDbDimStyleTable
 71
     5
340
30
340
31
340
39
340
41
340
42
  0
DIMSTYLE
105
30
330
2F
100
AcDbSymbolTableRecord
100
AcDbDimStyleTableRecord
  2
ISO-25
 70
     0
 41
2.5
 42
0.625
 43
3.75
 44
1.25
 73
     0
 74
     0
 77
     1
 78
     8
140
2.5
141
2.5
143
0.03937007874016
147
0.625
171
     3
172
     1
271
     2
272
     2
274
     3
278
    44
283
     0
284
     8
340
22
  0
DIMSTYLE
105
39
330
2F
100
AcDbSymbolTableRecord
100
AcDbDimStyleTableRecord
  2
1-1
 70
     0
 40
0.75
 41
2.0
 42
2.0
 43
2.0
 44
2.0
 46
2.0
 73
     0
 74
     0
 77
     1
140
3.0
141
1.0
144
-1.0
147
1.0
178
   256
271
     0
272
     0
279
     1
340
3A
342
3B
371
     5
372
     5
1001
ACAD_DSTYLE_DIMJAG
1070
   388
1040
1.5
1001
ACAD_DSTYLE_DIMTALN
1070
   392
1070
     0
  0
DIMSTYLE
105
41
330
2F
100
AcDbSymbolTableRecord
100
AcDbDimStyleTableRecord
  2
1-10
 70
     0
 40
5.0
 41
2.0
 42
2.0
 43
5.0
 44
2.0
 46
2.0
 73
     0
 74
     0
 77
     1
140
3.0
141
1.0
144
-1.0
147
1.0
271
     0
272
     0
279
     1
340
3A
342
3B
371
     5
372
     5
  0
DIMSTYLE
105
31
330
2F
100
AcDbSymbolTableRecord
100
AcDbDimStyleTableRecord
  2
SAR_1-2
 70
     0
 40
1.5
 41
2.0
 42
2.0
 43
2.0
 44
2.0
 73
     0
 74
     0
140
5.0
141
1.0
147
1.0
172
     1
176
     5
177
     5
178
     7
271
     0
272
     0
284
     8
285
     8
286
     8
289
     1
340
32
342
33
1001
ACAD_DSTYLE_DIMJAG
1070
   388
1040
1.5
1001
ACAD_DSTYLE_DIMTALN
1070
   392
1070
     0
  0
DIMSTYLE
105
42
330
2F
100
AcDbSymbolTableRecord
100
AcDbDimStyleTableRecord
  2
SAR_1-250
 70
     0
 40
250.0
 41
0.75
 42
1.0
 43
10.0
 44
1.0
 46
1.0
 73
     0
 74
     0
 78
     8
140
3.0
141
1.0
143
0.03937007874016
147
0.1
171
     3
172
     1
176
     5
177
     5
178
     7
271
     0
272
     0
274
     3
278
    44
283
     0
284
     8
340
43
342
44
371
    -1
372
    -1
1001
ACAD_DSTYLE_DIMBREAK
1070
   391
1040
3.75
1001
ACAD_DSTYLE_DIMJAG
1070
   388
1040
1.5
1001
ACAD_DSTYLE_DIMTALN
1070
   392
1070
     0
  0
ENDTAB
  0
TABLE
  2
BLOCK_RECORD
  5
1
330
0
100
AcDbSymbolTable
 70
     4
  0
BLOCK_RECORD
  5
2
102
{ACAD_XDICTIONARY
360
3
102
}
330
1
100
AcDbSymbolTableRecord
100
AcDbBlockTableRecord
  2
*Model_Space
340
16
 70
     0
280
     1
281
     0
  0
BLOCK_RECORD
  5
1A
330
1
100
AcDbSymbolTableRecord
100
AcDbBlockTableRecord
  2
*Paper_Space
340
1D
 70
     0
280
     1
281
     0
  0
BLOCK_RECORD
  5
3B
102
{ACAD_XDICTIONARY
360
3C
102
}
330
1
100
AcDbSymbolTableRecord
100
AcDbBlockTableRecord
  2
_OBLIQUE
340
0
 70
     0
280
     1
281
     0
  0
BLOCK_RECORD
  5
44
102
{ACAD_XDICTIONARY
360
45
102
}
330
1
100
AcDbSymbolTableRecord
100
AcDbBlockTableRecord
  2
_ArchTick
340
0
310
2800000020000000200000000100200000000000001000000100000001000000000000000000000000000000000000FF000000FF000000FFFFFFFFFF000000FF000000FF000000FF000000FF000000FF000000FF000000FF000000FF000000FF000000FF000000FF000000FF000000FF000000FF000000FF000000FF000000
310
FF000000FF000000FF000000FF000000FF000000FF000000FF000000FF000000FF000000FF000000FF000000FF000000FF000000FFFFFFFFFF000000FFFFFFFFFF000000FF000000FF000000FF000000FF000000FF000000FF000000FF000000FF000000FF000000FF000000FF000000FF000000FF000000FF000000FF0000
310
00FF000000FF000000FF000000FF000000FF000000FF000000FF000000FF000000FF000000FF000000FF000000FF000000FFFFFFFFFF000000FF000000FF000000FFFFFFFFFF000000FF000000FF000000FF000000FF000000FF000000FF000000FF000000FF000000FF000000FF000000FF000000FF000000FF000000FF00
310
0000FF000000FF000000FF000000FF000000FF000000FF000000FF000000FF000000FF000000FF000000FF000000FFFFFFFFFF000000FF000000FF000000FF000000FF000000FFFFFFFFFF000000FF000000FF000000FF000000FF000000FF000000FF000000FF000000FF000000FF000000FF000000FF000000FF000000FF
310
000000FF000000FF000000FF000000FF000000FF000000FF000000FF000000FF000000FF000000FF000000FF000000FF000000FFFFFFFFFF000000FF000000FF000000FF000000FF000000FFFFFFFFFF000000FF000000FF000000FF000000FF000000FF000000FF000000FF000000FF000000FF000000FF000000FF000000
310
FF000000FF000000FF000000FF000000FF000000FF000000FF000000FF000000FF000000FF000000FF000000FF000000FF000000FF000000FFFFFFFFFF000000FF000000FF000000FF000000FF000000FFFFFFFFFF000000FF000000FF000000FF000000FF000000FF000000FF000000FF000000FF000000FF000000FF0000
310
00FF000000FF000000FF000000FF000000FF000000FF000000FF000000FF000000FF000000FF000000FF000000FF000000FF000000FF000000FF000000FFFFFFFFFF000000FF000000FF000000FF000000FF000000FFFFFFFFFF000000FF000000FF000000FF000000FF000000FF000000FF000000FF000000FF000000FF00
310
0000FF000000FF000000FF000000FF000000FF000000FF000000FF000000FF000000FF000000FF000000FF000000FF000000FF000000FF000000FF000000FF000000FFFFFFFFFF000000FF000000FF000000FF000000FF000000FFFFFFFFFF000000FF000000FF000000FF000000FF000000FF000000FF000000FF000000FF
310
000000FF000000FF000000FF000000FF000000FF000000FF000000FF000000FF000000FF000000FF000000FF000000FF000000FF000000FF000000FF000000FF000000FF000000FFFFFFFFFF000000FF000000FF000000FF000000FF000000FFFFFFFFFF000000FF000000FF000000FF000000FF000000FF000000FF000000
310
FF000000FF000000FF000000FF000000FF000000FF000000FF000000FF000000FF000000FF000000FF000000FF000000FF000000FF000000FF000000FF000000FF000000FF000000FF000000FFFFFFFFFF000000FF000000FF000000FF000000FF000000FFFFFFFFFF000000FF000000FF000000FF000000FF000000FF0000
310
00FF000000FF000000FF000000FF000000FF000000FF000000FF000000FF000000FF000000FF000000FF000000FF000000FF000000FF000000FF000000FF000000FF000000FF000000FF000000FF000000FFFFFFFFFF000000FF000000FF000000FF000000FF000000FFFFFFFFFF000000FF000000FF000000FF000000FF00
310
0000FF000000FF000000FF000000FF000000FF000000FF000000FF000000FF000000FF000000FF000000FF000000FF000000FF000000FF000000FF000000FF000000FF000000FF000000FF000000FF000000FF000000FFFFFFFFFF000000FF000000FF000000FF000000FF000000FFFFFFFFFF000000FF000000FF000000FF
310
000000FF000000FF000000FF000000FF000000FF000000FF000000FF000000FF000000FF000000FF000000FF000000FF000000FF000000FF000000FF000000FF000000FF000000FF000000FF000000FF000000FF000000FF000000FFFFFFFFFF000000FF000000FF000000FF000000FF000000FFFFFFFFFF000000FF000000
310
FF000000FF000000FF000000FF000000FF000000FF000000FF000000FF000000FF000000FF000000FF000000FF000000FF000000FF000000FF000000FF000000FF000000FF000000FF000000FF000000FF000000FF000000FF000000FF000000FFFFFFFFFF000000FF000000FF000000FF000000FF000000FFFFFFFFFF0000
310
00FF000000FF000000FF000000FF000000FF000000FF000000FF000000FF000000FF000000FF000000FF000000FF000000FF000000FF000000FF000000FF000000FF000000FF000000FF000000FF000000FF000000FF000000FF000000FF000000FF000000FFFFFFFFFF000000FF000000FF000000FF000000FF000000FFFF
310
FFFFFF000000FF000000FF000000FF000000FF000000FF000000FF000000FF000000FF000000FF000000FF000000FF000000FF000000FF000000FF000000FF000000FF000000FF000000FF000000FF000000FF000000FF000000FF000000FF000000FF000000FF000000FFFFFFFFFF000000FF000000FF000000FF000000FF
310
000000FFFFFFFFFF000000FF000000FF000000FF000000FF000000FF000000FF000000FF000000FF000000FF000000FF000000FF000000FF000000FF000000FF000000FF000000FF000000FF000000FF000000FF000000FF000000FF000000FF000000FF000000FF000000FF000000FFFFFFFFFF000000FF000000FF000000
310
FF000000FF000000FFFFFFFFFF000000FF000000FF000000FF000000FF000000FF000000FF000000FF000000FF000000FF000000FF000000FF000000FF000000FF000000FF000000FF000000FF000000FF000000FF000000FF000000FF000000FF000000FF000000FF000000FF000000FF000000FFFFFFFFFF000000FF0000
310
00FF000000FF000000FF000000FFFFFFFFFF000000FF000000FF000000FF000000FF000000FF000000FF000000FF000000FF000000FF000000FF000000FF000000FF000000FF000000FF000000FF000000FF000000FF000000FF000000FF000000FF000000FF000000FF000000FF000000FF000000FF000000FFFFFFFFFF00
310
0000FF000000FF000000FF000000FF000000FFFFFFFFFF000000FF000000FF000000FF000000FF000000FF000000FF000000FF000000FF000000FF000000FF000000FF000000FF000000FF000000FF000000FF000000FF000000FF000000FF000000FF000000FF000000FF000000FF000000FF000000FF000000FF000000FF
310
FFFFFFFF000000FF000000FF000000FF000000FF000000FFFFFFFFFF000000FF000000FF000000FF000000FF000000FF000000FF000000FF000000FF000000FF000000FF000000FF000000FF000000FF000000FF000000FF000000FF000000FF000000FF000000FF000000FF000000FF000000FF000000FF000000FF000000
310
FF000000FFFFFFFFFF000000FF000000FF000000FF000000FF000000FFFFFFFFFF000000FF000000FF000000FF000000FF000000FF000000FF000000FF000000FF000000FF000000FF000000FF000000FF000000FF000000FF000000FF000000FF000000FF000000FF000000FF000000FF000000FF000000FF000000FF0000
310
00FF000000FF000000FFFFFFFFFF000000FF000000FF000000FF000000FF000000FFFFFFFFFF000000FF000000FF000000FF000000FF000000FF000000FF000000FF000000FF000000FF000000FF000000FF000000FF000000FF000000FF000000FF000000FF000000FF000000FF000000FF000000FF000000FF000000FF00
310
0000FF000000FF000000FF000000FFFFFFFFFF000000FF000000FF000000FF000000FF000000FFFFFFFFFF000000FF000000FF000000FF000000FF000000FF000000FF000000FF000000FF000000FF000000FF000000FF000000FF000000FF000000FF000000FF000000FF000000FF000000FF000000FF000000FF000000FF
310
000000FF000000FF000000FF000000FF000000FFFFFFFFFF000000FF000000FF000000FF000000FF000000FFFFFFFFFF000000FF000000FF000000FF000000FF000000FF000000FF000000FF000000FF000000FF000000FF000000FF000000FF000000FF000000FF000000FF000000FF000000FF000000FF000000FF000000
310
FF000000FF000000FF000000FF000000FF000000FF000000FFFFFFFFFF000000FF000000FF000000FF000000FF000000FFFFFFFFFF000000FF000000FF000000FF000000FF000000FF000000FF000000FF000000FF000000FF000000FF000000FF000000FF000000FF000000FF000000FF000000FF000000FF000000FF0000
310
00FF000000FF000000FF000000FF000000FF000000FF000000FF000000FFFFFFFFFF000000FF000000FF000000FF000000FF000000FFFFFFFFFF000000FF000000FF000000FF000000FF000000FF000000FF000000FF000000FF000000FF000000FF000000FF000000FF000000FF000000FF000000FF000000FF000000FF00
310
0000FF000000FF000000FF000000FF000000FF000000FF000000FF000000FF000000FFFFFFFFFF000000FF000000FF000000FF000000FF000000FFFFFFFFFF000000FF000000FF000000FF000000FF000000FF000000FF000000FF000000FF000000FF000000FF000000FF000000FF000000FF000000FF000000FF000000FF
310
000000FF000000FF000000FF000000FF000000FF000000FF000000FF000000FF000000FF000000FFFFFFFFFF000000FF000000FF000000FF000000FF000000FFFFFFFFFF000000FF000000FF000000FF000000FF000000FF000000FF000000FF000000FF000000FF000000FF000000FF000000FF000000FF000000FF000000
310
FF000000FF000000FF000000FF000000FF000000FF000000FF000000FF000000FF000000FF000000FF000000FFFFFFFFFF000000FF000000FF000000FF000000FF000000FFFFFFFFFF000000FF000000FF000000FF000000FF000000FF000000FF000000FF000000FF000000FF000000FF000000FF000000FF000000FF0000
310
00FF000000FF000000FF000000FF000000FF000000FF000000FF000000FF000000FF000000FF000000FF000000FF000000FFFFFFFFFF000000FF000000FF000000FFFFFFFFFF000000FF000000FF000000FF000000FF000000FF000000FF000000FF000000FF000000FF000000FF000000FF000000FF000000FF000000FF00
310
0000FF000000FF000000FF000000FF000000FF000000FF000000FF000000FF000000FF000000FF000000FF000000FF000000FF000000FFFFFFFFFF000000FFFFFFFFFF000000FF000000FF000000FF000000FF000000FF000000FF000000FF000000FF000000FF000000FF000000FF000000FF000000FF000000FF000000FF
310
000000FF000000FF000000FF000000FF000000FF000000FF000000FF000000FF000000FF000000FF000000FF000000FF000000FF000000FF000000FFFFFFFFFF000000FF000000FF
 70
     0
280
     1
281
     0
  0
BLOCK_RECORD
  5
33
330
1
100
AcDbSymbolTableRecord
100
AcDbBlockTableRecord
  2
huseyin1_ArchTick
340
0
310
2800000020000000200000000100080000000000000400000000000000000000000000000000000000000000000080000080000000808000800000008000800080800000C0C0C000C0DCC000F0CAA6000020400000206000002080000020A0000020C0000020E00000400000004020000040400000406000004080000040A0
310
000040C0000040E00000600000006020000060400000606000006080000060A0000060C0000060E00000800000008020000080400000806000008080000080A0000080C0000080E00000A0000000A0200000A0400000A0600000A0800000A0A00000A0C00000A0E00000C0000000C0200000C0400000C0600000C0800000C0
310
A00000C0C00000C0E00000E0000000E0200000E0400000E0600000E0800000E0A00000E0C00000E0E00040000000400020004000400040006000400080004000A0004000C0004000E00040200000402020004020400040206000402080004020A0004020C0004020E000404000004040200040404000404060004040800040
310
40A0004040C0004040E00040600000406020004060400040606000406080004060A0004060C0004060E00040800000408020004080400040806000408080004080A0004080C0004080E00040A0000040A0200040A0400040A0600040A0800040A0A00040A0C00040A0E00040C0000040C0200040C0400040C0600040C08000
310
40C0A00040C0C00040C0E00040E0000040E0200040E0400040E0600040E0800040E0A00040E0C00040E0E00080000000800020008000400080006000800080008000A0008000C0008000E00080200000802020008020400080206000802080008020A0008020C0008020E00080400000804020008040400080406000804080
310
008040A0008040C0008040E00080600000806020008060400080606000806080008060A0008060C0008060E00080800000808020008080400080806000808080008080A0008080C0008080E00080A0000080A0200080A0400080A0600080A0800080A0A00080A0C00080A0E00080C0000080C0200080C0400080C0600080C0
310
800080C0A00080C0C00080C0E00080E0000080E0200080E0400080E0600080E0800080E0A00080E0C00080E0E000C0000000C0002000C0004000C0006000C0008000C000A000C000C000C000E000C0200000C0202000C0204000C0206000C0208000C020A000C020C000C020E000C0400000C0402000C0404000C0406000C0
310
408000C040A000C040C000C040E000C0600000C0602000C0604000C0606000C0608000C060A000C060C000C060E000C0800000C0802000C0804000C0806000C0808000C080A000C080C000C080E000C0A00000C0A02000C0A04000C0A06000C0A08000C0A0A000C0A0C000C0A0E000C0C00000C0C02000C0C04000C0C06000
310
C0C08000C0C0A000F0FBFF00A4A0A000808080000000FF0000FF000000FFFF00FF000000FF00FF00FFFF0000FFFFFF00000000FF000000000000000000000000000000000000000000000000000000000000FF00FF00000000000000000000000000000000000000000000000000000000FF000000FF000000000000000000
310
0000000000000000000000000000000000FF0000000000FF0000000000000000000000000000000000000000000000000000FF0000000000FF0000000000000000000000000000000000000000000000000000FF0000000000FF0000000000000000000000000000000000000000000000000000FF0000000000FF00000000
310
00000000000000000000000000000000000000000000FF0000000000FF0000000000000000000000000000000000000000000000000000FF0000000000FF0000000000000000000000000000000000000000000000000000FF0000000000FF0000000000000000000000000000000000000000000000000000FF0000000000
310
FF0000000000000000000000000000000000000000000000000000FF0000000000FF0000000000000000000000000000000000000000000000000000FF0000000000FF0000000000000000000000000000000000000000000000000000FF0000000000FF0000000000000000000000000000000000000000000000000000FF
310
0000000000FF0000000000000000000000000000000000000000000000000000FF0000000000FF0000000000000000000000000000000000000000000000000000FF0000000000FF0000000000000000000000000000000000000000000000000000FF0000000000FF00000000000000000000000000000000000000000000
310
00000000FF0000000000FF0000000000000000000000000000000000000000000000000000FF0000000000FF0000000000000000000000000000000000000000000000000000FF0000000000FF0000000000000000000000000000000000000000000000000000FF0000000000FF0000000000000000000000000000000000
310
000000000000000000FF0000000000FF0000000000000000000000000000000000000000000000000000FF0000000000FF0000000000000000000000000000000000000000000000000000FF0000000000FF0000000000000000000000000000000000000000000000000000FF0000000000FF000000000000000000000000
310
0000000000000000000000000000FF0000000000FF0000000000000000000000000000000000000000000000000000FF0000000000FF0000000000000000000000000000000000000000000000000000FF0000000000FF0000000000000000000000000000000000000000000000000000FF000000FF000000000000000000
310
00000000000000000000000000000000000000FF00FF000000000000000000000000000000000000000000000000000000000000FF000000
 70
     0
280
     1
281
     0
  0
BLOCK_RECORD
  5
73
330
1
100
AcDbSymbolTableRecord
100
AcDbBlockTableRecord
  2
kanatlı sag dikme
340
0
310
28000000200000002000000001002000000000000010000001000000010000000000000000000000FFFFFFFFFFFFFFFFFFFFFFFFFFFFFFFFFFFFFFFFFFFFFFFFFFFFFFFFFFFFFFFFFFFFFFFFFFFFFFFFFFFFFFFFFFFFFFFFFFFFFFFFFFFFFFFFFFFFFFFFFFFFFFFFFFFFFFFFFFFFFFFFFFFFFFFFFFFFFFFFFFFFFFFFFFFFFF
310
FFFFFFFFFFFFFFFFFFFFFFFFFFFFFFFFFFFFFFFFFFFFFFFFFFFFFFFFFFFFFFFFFFFFFFFFFFFFFFFFFFFFFFFFFFFFFFFFFFFFFFFFFFFFFFFFFFFFFFFFFFFFFFFFFFFFFFFFFFFFFFFFFFFFFFFFFFFFFFFFFFFFFFFFFFFFFFFFFFFFFFFFFFFFFFFFFFFFFFFFFFFFFFFFFFFFFFFFFFFFFFFFFFFFFFFFFFFFFFFFFFFFFFFFFFFFFF
310
FFFFFFFFFFFFFFFFFFFFFFFFFFFFFFFFFFFFFFFFFFFFFFFFFFFFFFFFFFFFFFFFFFFFFFFFFFFFFFFFFFFFFFFFFFFFFFFFFFFFFFFFFFFFFFFFFFFFFFFFFFFFFFFFFFFFFFFFFFFFFFFFFFFFFFFFFFFFFFFFFFFFFFFFFFFFFFFFFFFFFFFFFFFFFFFFFFFFFFFFFFFFFFFFFFFFFFFFFFFFFFFFFFFFFFFFFFFFFFFFFFFFFFFFFFFFFF
310
FFFFFFFFFFFFFFFFFFFFFFFFFFFFFFFFFFFFFFFFFFFFFFFFFFFFFFFFFFFFFFFFFFFFFFFFFFFFFFFFFFFFFFFFFFFFFFFFFFFFFFFFFFFFFFFFFFFFFFFFFFFFFFFFFFFFFFFFFFFFFFFFFFFFFFFFFFFFFFFFFFFFFFFFFFFFFFFFFFFFFFFFFFFFFFFFFFFFFFFFFFFFFFFFFFFFFFFFFFFFFF91A552FFFFFFFFFFFFFFFFFFFFFFFFFF
310
FFFFFFFFFFFFFFFFFFFFFFFFFFFFFFFFFFFFFFFFFFFFFFFFFFFFFFFFFFFFFFFFFFFFFFFFFFFFFFFFFFFFFFFFFFFFFFFFFFFFFFFFFFFFFFFFFFFFFFFFFFFFFFFFFFFFFFFFFFFFFFFFFFFFFFFFFFFFFFFFFFFFFFFFFFFFFFFFFFFFFFFFFFFFFFFFFFFFFFFFFFFFFFFFFFFFFFFFFFFFFFFF91A552FFFFFFFFFFFFFFFFFFFFFFFF
310
FFFFFFFFFFFFFFFFFFFFFFFFFFFFFFFFFFFFFFFFFFFFFFFFFFFFFFFFFFFFFFFFFFFFFFFFFFFFFFFFFFFFFFFFFFFFFFFFFFFF7F00FFFF7F00FFFF7F00FFFF7F00FFFF7F00FFFF7F00FF3F7F6FFF3F7F6FFF5B5B5BFF5B5B5BFF5B5B5BFFFF7F00FFFF7F00FFFF7F00FFFF7F00FF5B5B5BFF5B5B5BFF2D2D2DFF2D2D2DFF2D2D
310
2DFF3F7F6FFF2D2D2DFF2D2D2DFF2D2D2DFF2D2D2DFF2D2D2DFF2D2D2DFF2D2D2DFF2D2D2DFF2D2D2DFFFFFFFFFFFFFFFFFFFFFFFFFFFFFFFFFFFFFFFFFFFFFFFFFFFFFFFFFFFFFFFFFF3F7F6FFF007CA5FF4C262FFF4C262FFF007CA5FFFFFFFFFF001F7FFF007CA5FF7F3F00FF7F3F00FF7F3F00FF7F3F00FF2D2D2DFF2D
310
2D2DFF3F7F6FFFFFFFFFFFFFFFFFFFFFFFFFFFFFFFFFFFFFFFFFFFFFFFFFFFFFFFFFFFFFFFFFFFFFFFFFFFFFFFFFFFFFFFFFFFFFFFFFFFFFFFFFFFFFFFFFFFFFFFFFFFFFFFFFFFFFFFFFFF3F7F6FFF3F7F6FFF4C262FFF4C262FFF007CA5FFFFFFFFFF007CA5FF4C262FFF7F3F00FF2D2D2DFF2D2D2DFF7F3F00FF2D2D2DFF
310
2D2D2DFF3F7F6FFFFFFFFFFFFFFFFFFFFFFFFFFFFFFFFFFFFFFFFFFFFFFFFFFFFFFFFFFFFFFFFFFFFFFFFFFFFFFFFFFFFFFFFFFF2D2D2DFF2D2D2DFF2D2D2DFF2D2D2DFF2D2D2DFF2D2D2DFF3F7F6FFF3F7F6FFF007CA5FF007CA5FF007CA5FFFFFFFFFF4C262FFF2D2D2DFF2D2D2DFF007CA5FF007CA5FF7F3F00FF2D2D2D
310
FF2D2D2DFF3F7F6FFF2D2D2DFF2D2D2DFF2D2D2DFF2D2D2DFF2D2D2DFF2D2D2DFF2D2D2DFF2D2D2DFF2D2D2DFFFFFFFFFFFFFFFFFF007CA5FF007CA5FF007CA5FF007CA5FF007CA5FF007CA5FF007CA5FF007CA5FF007CA5FF007CA5FF007CA5FFFFFFFFFF4C262FFF2D2D2DFF2D2D2DFF007CA5FF007CA5FFFF7F00FF2D2D
310
2DFF2D2D2DFFFF7F00FFFF7F00FFFF7F00FFFF7F00FFFF7F00FFFF7F00FFFF7F00FFFF7F00FFFF7F00FFFF7F00FFFFFFFFFFFFFFFFFFFFFFFFFFFFFFFFFFFFFFFFFFFFFFFFFFFFFFFFFFFFFFFFFF4C262FFF4C262FFF4C262FFF007CA5FF007CA5FF007CA5FF4C262FFF007CA5FF007CA5FF007CA5FF007CA5FF007CA5FF00
310
7CA5FF007CA5FFFFFFFFFFFFFFFFFFFFFFFFFFFFFFFFFFFFFFFFFFFFFFFFFFFFFFFFFFFFFFFFFFFFFFFFFFFFFFFFFFFFFFFFFFFFFFFFFFFFFFFFFFFFFFFFFFFFFFFFFFFFFFFFFFFFFFFFFFFFFFFFFF4C262FFF4C262FFF4C262FFF007CA5FF001F7FFF007CA5FF4C262FFF007CA5FF007CA5FF007CA5FF007CA5FF007CA5FF
310
007CA5FF007CA5FFFFFFFFFFFFFFFFFFFFFFFFFFFFFFFFFFFFFFFFFFFFFFFFFFFFFFFFFFFFFFFFFFFFFFFFFFFFFFFFFFFFFFFFFFFFFFFFFFFFFFFFFFFFFFFFFFFFFFFFFFFFFFFFFFFFFFFFFFFFFFFFFF4C262FFF4C262FFF4C262FFF007CA5FFFFFFFFFF007CA5FF4C262FFF007CA5FFFFFFFFFFFFFFFFFF91A552FFFFFFFF
310
FFFFFFFFFF007CA5FFFFFFFFFFFFFFFFFFFFFFFFFFFFFFFFFFFFFFFFFFFFFFFFFFFFFFFFFFFFFFFFFFFFFFFFFFFFFFFFFFFFFFFFFFFFFFFFFFFFFFFFFFFFFFFFFFFFFFFFFFFFFFFFFFFFFFFFFFFFFFFFFF4C262FFF4C262FFF4C262FFFFFFFFFFFFFFFFFFF007CA5FF4C262FFF007CA5FFFFFFFFFFFFFFFFFF91A552FFFFFF
310
FFFFFFFFFFFF007CA5FFFFFFFFFFFFFFFFFFFFFFFFFFFFFFFFFFFFFFFFFFFFFFFFFFFFFFFFFFFFFFFFFFFFFFFFFFFFFFFFFFFFFFFFFFFFFFFFFF007CA5FF007CA5FF007CA5FF007CA5FF007CA5FF007CA5FF4C262FFF4C262FFF4C262FFF007CA5FFFFFFFFFF007CA5FF4C262FFF007CA5FFFFFFFFFFFFFFFFFF91A552FFFF
310
FFFFFFFFFFFFFF007CA5FFFFFFFFFFFFFFFFFFFFFFFFFFFFFFFFFFFFFFFFFFFFFFFFFFFFFFFFFFFFFFFFFFFFFFFFFFFFFFFFFFFFFFFFFFFFFFFFFF007CA5FF007CA5FF007CA5FF007CA5FF007CA5FF007CA5FF007CA5FF007CA5FF007CA5FF007CA5FF007CA5FF007CA5FF4C262FFF007CA5FFFFFFFFFFFFFFFFFF91A552FF
310
FFFFFFFFFFFFFFFF007CA5FFFFFFFFFFFFFFFFFFFFFFFFFFFFFFFFFFFFFFFFFFFFFFFFFFFFFFFFFFFFFFFFFFFFFFFFFFFFFFFFFFFFFFFFFFFFFFFFFFFFFFFFFFFFFFFFFFFFFFFFFFFFFFFFFFFFFFFFFFFFFFFFFFFFFFFFFFFFFFFFFFFFFFFFFFFFFFFFFFFFFFFFFFFFFFFFFFFFFFFFFF007CA5FFFFFFFFFFFFFFFFFF91A552
310
FFFFFFFFFFFFFFFFFF007CA5FFFFFFFFFFFFFFFFFFFFFFFFFFFFFFFFFFFFFFFFFFFFFFFFFFFFFFFFFFFFFFFFFFFFFFFFFFFFFFFFFFFFFFFFFFFFFFFFFFFFFFFFFFFFFFFFFFFFFFFFFFFFFFFFFFFFFFFFFFFFFFFFFFFFFFFFFFFFFFFFFFFFFFFFFFFFFFFFFFFFFFFFFFFFFFFFFFFFFFFFFF007CA5FFFFFFFFFFFFFFFFFF91A5
310
52FFFFFFFFFFFFFFFFFF007CA5FFFFFFFFFFFFFFFFFFFFFFFFFFFFFFFFFFFFFFFFFFFFFFFFFFFFFFFFFFFFFFFFFFFFFFFFFFFFFFFFFFFFFFFFFFFFFFFFFFFFFFFFFFFFFFFFFFFFFFFFFFFFFFFFFFFFFFFFFFFFFFFFFFFFFFFFFFFFFFFFFFFFFFFFFFFFFFFFFFFFFFFFFFFFFFFFFFFFFFFFFF007CA5FFFFFFFFFFFFFFFFFF91
310
A552FFFFFFFFFFFFFFFFFF007CA5FFFFFFFFFFFFFFFFFFFFFFFFFFFFFFFFFFFFFFFFFFFFFFFFFFFFFFFFFFFFFFFFFFFFFFFFFFFFFFFFFFFFFFFFFFFFFFFFFFFFFFFFFFFFFFFFFFFFFFFFFFFFFFFFFFFFFFFFFFFFFFFFFFFFFFFFFFFFFFFFFFFFFFFFFFFFFFFFFFFFFFFFFFFFFFFFFFFFFFFFFF007CA5FFFFFFFFFFFFFFFFFF
310
91A552FFFFFFFFFFFFFFFFFF007CA5FFFFFFFFFFFFFFFFFFFFFFFFFFFFFFFFFFFFFFFFFFFFFFFFFFFFFFFFFFFFFFFFFFFFFFFFFFFFFFFFFFFFFFFFFFFFFFFFFFFFFFFFFFFFFFFFFFFFFFFFFFFFFFFFFFFFFFFFFFFFFFFFFFFFFFFFFFFFFFFFFFFFFFFFFFFFFFFFFFFFFFFFFFFFFFFFFFFFFFFFFF007CA5FFFFFFFFFFFFFFFF
310
FF91A552FFFFFFFFFFFFFFFFFF007CA5FFFFFFFFFFFFFFFFFFFFFFFFFFFFFFFFFFFFFFFFFFFFFFFFFFFFFFFFFFFFFFFFFFFFFFFFFFFFFFFFFFFFFFFFFFFFFFFFFFFFFFFFFFFFFFFFFFFFFFFFFFFFFFFFFFFFFFFFFFFFFFFFFFFFFFFFFFFFFFFFFFFFFFFFFFFFFFFFFFFFFFFFFFFFFFFFFFFFFFFFFF007CA5FFFFFFFFFFFFFF
310
FFFF91A552FFFFFFFFFFFFFFFFFF007CA5FFFFFFFFFFFFFFFFFFFFFFFFFFFFFFFFFFFFFFFFFFFFFFFFFFFFFFFFFFFFFFFFFFFFFFFFFFFFFFFFFFFFFFFFFFFFFFFFFFFFFFFFFFFFFFFFFFFFFFFFFFFFFFFFFFFFFFFFFFFFFFFFFFFFFFFFFFFFFFFFFFFFFFFFFFFFFFFFFFFFFFFFFFFFFFFFFFFFFFFFFF007CA5FFFFFFFFFFFF
310
FFFFFF91A552FFFFFFFFFFFFFFFFFF007CA5FFFFFFFFFFFFFFFFFFFFFFFFFFFFFFFFFFFFFFFFFFFFFFFFFFFFFFFFFFFFFFFFFFFFFFFFFFFFFFFFFFFFFFFFFFFFFFFFFFFFFFFFFFFFFFFFFFFFFFFFFFFFFFFFFFFFFFFFFFFFFFFFFFFFFFFFFFFFFFFFFFFFFFFFFFFFFFFFFFFFFFFFFFFFFFFFFFFFFFFFFF007CA5FFFFFFFFFF
310
FFFFFFFF91A552FFFFFFFFFFFFFFFFFF007CA5FFFFFFFFFFFFFFFFFFFFFFFFFFFFFFFFFFFFFFFFFFFFFFFFFFFFFFFFFFFFFFFFFFFFFFFFFFFFFFFFFFFFFFFFFFFFFFFFFFFFFFFFFFFFFFFFFFFFFFFFFFFFFFFFFFFFFFFFFFFFFFFFFFFFFFFFFFFFFFFFFFFFFFFFFFFFFFFFFFFFFFFFFFFFFFFFFFFFFFFFFF007CA5FF007CA5
310
FF007CA5FF007CA5FF007CA5FF007CA5FF007CA5FFFFFFFFFFFFFFFFFFFFFFFFFFFFFFFFFFFFFFFFFFFFFFFFFFFFFFFFFFFFFFFFFFFFFFFFFFFFFFFFFFFFFFFFFFFFFFFFFFFFFFFFFFFFFFFFFFFFFFFFFFFFFFFFFFFFFFFFFFFFFFFFFFFFFFFFFFFFFFFFFFFFFFFFFFFFFFFFFFFFFFFFFFFFFFFFFFFFFFFFFFFFFFFFFFFFFF
310
FFFFFFFFFFFF91A552FFFFFFFFFFFFFFFFFFFFFFFFFFFFFFFFFFFFFFFFFFFFFFFFFFFFFFFFFFFFFFFFFFFFFFFFFFFFFFFFFFFFFFFFFFFFFFFFFFFFFFFFFFFFFFFFFFFFFFFFFFFFFFFFFFFFFFFFFFFFFFFFFFFFFFFFFFFFFFFFFFFFFFFFFFFFFFFFFFFFFFFFFFFFFFFFFFFFFFFFFFFFFFFFFFFFFFFFFFFFFFFFFFFFFFFFFFFF
310
FFFFFFFFFFFFFF91A552FFFFFFFFFFFFFFFFFFFFFFFFFFFFFFFFFFFFFFFFFFFFFFFFFFFFFFFFFFFFFFFFFFFFFFFFFFFFFFFFFFFFFFFFFFFFFFFFFFFFFFFFFFFFFFFFFFFFFFFFFFFFFFFFFFFFFFFFFFFFFFFFFFFFFFFFFFFFFFFFFFFFFFFFFFFFFFFFFFFFFFFFFFFFFFFFFFFFFFFFFFFFFFFFFFFFFFFFFFFFFFFFFFFFFFFFFF
310
FFFFFFFFFFFFFFFF91A552FFFFFFFFFFFFFFFFFFFFFFFFFFFFFFFFFFFFFFFFFFFFFFFFFFFFFFFFFFFFFFFFFFFFFFFFFFFFFFFFFFFFFFFFFFFFFFFFFFFFFFFFFFFFFFFFFFFFFFFFFFFFFFFFFFFFFFFFFFFFFFFFFFFFFFFFFFFFFFFFFFFFFFFFFFFFFFFFFFFFFFFFFFFFFFFFFFFFFFFFFFFFFFFFFFFFFFFFFFFFFFFFFFFFFFFF
310
FFFFFFFFFFFFFFFFFF91A552FFFFFFFFFFFFFFFFFFFFFFFFFFFFFFFFFFFFFFFFFFFFFFFFFFFFFFFFFFFFFFFFFFFFFFFFFFFFFFFFFFFFFFFFFFFFFFFFFFFFFFFFFFFFFFFFFFFFFFFFFFFFFFFFFFFFFFFFFFFFFFFFFFFFFFFFFFFFFFFFFFFFFFFFFFFFFFFFFFFFFFFFFFFFFFFFFFFFFFFFFFFFFFFFFFFFFFFFFFFFFFFFFFFFFF
310
FFFFFFFFFFFFFFFFFFFFFFFFFFFFFFFFFFFFFFFFFFFFFFFFFFFFFFFFFFFFFFFFFFFFFFFFFFFFFFFFFFFFFFFFFFFFFFFFFFFFFFFFFFFFFFFFFFFFFFFFFFFFFFFFFFFFFFFFFFFFFFFFFFFFFFFFFFFFFFFFFFFFFFFFFFFFFFFFFFFFFFFFFFFFFFFFFFFFFFFFFFFFFFFFFFFFFFFFFFFFFFFFFFFFFFFFFFFFFFFFFFFFFFFFFFFFFF
310
FFFFFFFFFFFFFFFFFFFFFFFFFFFFFFFFFFFFFFFFFFFFFFFFFFFFFFFFFFFFFFFFFFFFFFFFFFFFFFFFFFFFFFFFFFFFFFFFFFFFFFFFFFFFFFFFFFFFFFFFFFFFFFFFFFFFFFFFFFFFFFFFFFFFFFFFFFFFFFFFFFFFFFFFFFFFFFFFFFFFFFFFFFFFFFFFFFFFFFFFFFFFFFFFFFFFFFFFFFFFFFFFFFFFFFFFFFFFFFFFFFFFFFFFFFFFFF
310
FFFFFFFFFFFFFFFFFFFFFFFFFFFFFFFFFFFFFFFFFFFFFFFFFFFFFFFFFFFFFFFFFFFFFFFFFFFFFFFFFFFFFFFFFFFFFFFFFFFFFFFFFFFFFFFFFFFFFFFFFFFFFFFFFFFFFFFFFFFFFFFF
102
{BLKREFS
331
72
102
}
 70
     4
280
     1
281
     0
  0
ENDTAB
  0
ENDSEC
  0
SECTION
  2
BLOCKS
  0
BLOCK
  5
5
330
2
100
AcDbEntity
  8
0
100
AcDbBlockBegin
  2
*Model_Space
 70
     0
 10
0.0
 20
0.0
 30
0.0
  3
*Model_Space
  1

  0
ENDBLK
  5
15
330
2
100
AcDbEntity
  8
0
100
AcDbBlockEnd
  0
BLOCK
  5
1B
330
1A
100
AcDbEntity
 67
     1
  8
0
100
AcDbBlockBegin
  2
*Paper_Space
 70
     0
 10
0.0
 20
0.0
 30
0.0
  3
*Paper_Space
  1

  0
ENDBLK
  5
1C
330
1A
100
AcDbEntity
 67
     1
  8
0
100
AcDbBlockEnd
  0
BLOCK
  5
3E
330
3B
100
AcDbEntity
  8
0
100
AcDbBlockBegin
  2
_OBLIQUE
 70
     0
 10
0.0
 20
0.0
 30
0.0
  3
_OBLIQUE
  1

  0
LINE
  5
3F
330
3B
100
AcDbEntity
  8
0
  6
ByBlock
 62
     0
380
     1
100
AcDbLine
 10
-0.5
 20
-0.5
 30
0.0
 11
0.5
 21
0.5
 31
0.0
  0
ENDBLK
  5
40
330
3B
100
AcDbEntity
  8
0
100
AcDbBlockEnd
  0
BLOCK
  5
47
330
44
100
AcDbEntity
  8
0
100
AcDbBlockBegin
  2
_ArchTick
 70
     0
 10
0.0
 20
0.0
 30
0.0
  3
_ArchTick
  1

  0
LWPOLYLINE
  5
48
330
44
100
AcDbEntity
  8
0
 62
     0
100
AcDbPolyline
 90
        2
 70
     0
 43
0.15
 10
-0.5
 20
-0.5
 10
0.5
 20
0.5
  0
ENDBLK
  5
49
330
44
100
AcDbEntity
  8
0
100
AcDbBlockEnd
  0
BLOCK
  5
34
330
33
100
AcDbEntity
  8
0
100
AcDbBlockBegin
  2
huseyin1_ArchTick
 70
     0
 10
0.0
 20
0.0
 30
0.0
  3
huseyin1_ArchTick
  1

  0
LWPOLYLINE
  5
35
330
33
100
AcDbEntity
  8
0
  6
ByBlock
 62
     0
100
AcDbPolyline
 90
        2
 70
     0
 43
0.15
 10
-0.5
 20
-0.5
 10
0.5
 20
0.5
  0
ENDBLK
  5
36
330
33
100
AcDbEntity
  8
0
100
AcDbBlockEnd
  0
BLOCK
  5
74
330
73
100
AcDbEntity
  8
0
100
AcDbBlockBegin
  2
kanatlı sag dikme
 70
     0
 10
0.0
 20
0.0
 30
0.0
  3
kanatlı sag dikme
  1

  0
HATCH
  5
75
330
73
100
AcDbEntity
  8
ART_TARAMA
370
     5
100
AcDbHatch
 10
0.0
 20
0.0
 30
0.0
210
0.0
220
0.0
230
1.0
  2
ANSI31
 70
     0
 71
     1
 91
        4
 92
        1
 93
       55
 72
     1
 10
-16.04138610340305
 20
-182.2059462442816
 11
-16.89138610349619
 21
-182.2059462442816
 72
     1
 10
-16.89138610349619
 20
-182.2059462442816
 11
-16.89138610349619
 21
-181.2059462442817
 72
     2
 10
-14.74138610335649
 20
-183.0171962443996
 40
2.811250000182796
 50
220.112189473154
 51
319.8878105268459
 73
     0
 72
     1
 10
-12.59138610321679
 20
-181.2059462442817
 11
-12.59138610321679
 21
-182.2059462442816
 72
     1
 10
-12.59138610321679
 20
-182.2059462442816
 11
-13.54138610340305
 21
-182.2059462442816
 72
     1
 10
-13.54138610340305
 20
-182.2059462442816
 11
-13.54138610340305
 21
-189.7831169469105
 72
     2
 10
-13.24138610312362
 20
-189.7831169469104
 40
0.3000000002794376
 50
180.0000000000054
 51
269.9999999999922
 73
     1
 72
     1
 10
-13.24138610312366
 20
-190.0831169471898
 11
-11.74138610312366
 21
-190.0831169471898
 72
     2
 10
-11.74138610312365
 20
-189.6831169472829
 40
0.3999999999068677
 50
269.9999999999993
 51
360.0
 73
     1
 72
     1
 10
-11.34138610321679
 20
-189.6831169472829
 11
-11.34138610321679
 21
-184.4059462444679
 72
     2
 10
-11.04138610317019
 20
-184.405946244235
 40
0.3000000000465981
 50
179.9999999555381
 51
269.9999999555265
 73
     0
 72
     1
 10
-11.04138610340305
 20
-184.1059462441885
 11
-10.04138610340305
 21
-184.1059462441885
 72
     2
 10
-10.04138610340304
 20
-184.4059462444679
 40
0.3000000002793968
 50
269.9999999999983
 51
360.0
 73
     0
 72
     1
 10
-9.741386103123659
 20
-184.4059462444679
 11
-9.741386103123659
 21
-191.183116947283
 72
     2
 10
-10.24138610312369
 20
-191.183116947283
 40
0.5000000000000285
 50
0.0000000000032569
 51
89.99999999999673
 73
     0
 72
     1
 10
-10.24138610312366
 20
-191.6831169472829
 11
-14.64138610303052
 21
-191.6831169472829
 72
     2
 10
-14.64138610303051
 20
-191.183116947283
 40
0.5
 50
90.00000000000161
 51
180.0
 73
     0
 72
     1
 10
-15.14138610303052
 20
-191.183116947283
 11
-15.14138610303052
 21
-185.9999473946923
 72
     2
 10
-15.64138610303053
 20
-185.9999473946923
 40
0.5
 50
0.0
 51
90.0
 73
     1
 72
     1
 10
-15.64138610303053
 20
-185.4999473946923
 11
-18.94138610330992
 21
-185.4999473946923
 72
     2
 10
-18.94138610309804
 20
-183.6059462442818
 40
1.894001150410474
 50
90.00000000640966
 51
143.0389591920888
 73
     0
 72
     2
 10
-20.61458628735069
 20
-184.8650101669377
 40
0.1999999999991614
 50
36.96104088618719
 51
127.5252719788758
 73
     1
 72
     1
 10
-20.73640854764381
 20
-184.7063932167189
 11
-22.72650867854827
 21
-186.2348458515303
 72
     2
 10
-22.93020904384809
 20
-186.014604708252
 40
0.300000000026345
 50
47.23435611952715
 51
206.6073908299923
 73
     0
 72
     1
 10
-23.19843798517831
 20
-185.8802423807615
 11
-21.32417706414708
 21
-183.8077732147471
 72
     2
 10
-21.69501885377137
 20
-183.4723982498962
 40
0.4999999999805237
 50
317.8750288482619
 51
445.8200521826818
 73
     1
 72
     1
 10
-21.65857427581796
 20
-182.9737282260144
 11
-33.65830196128809
 21
-182.0967454681927
 72
     2
 10
-33.73119111734137
 20
-183.094085515591
 40
0.9999999996074107
 50
85.8200521727875
 51
127.5252719135377
 73
     1
 72
     1
 10
-34.34030241766595
 20
-182.3010007641101
 11
-39.46230976298102
 21
-186.2348458515303
 72
     2
 10
-39.66601012828085
 20
-186.014604708252
 40
0.3000000000263426
 50
47.23435611952767
 51
206.607390829992
 73
     0
 72
     1
 10
-39.93423906961107
 20
-185.8802423807615
 11
-36.19970252425992
 21
-181.7507683285334
 72
     2
 10
-36.94138610305793
 20
-181.0800183986509
 40
0.9999999997480044
 50
317.8750288232718
 51
359.999999991467
 73
     1
 72
     1
 10
-35.94138610330992
 20
-181.0800183987999
 11
-35.94138610330992
 21
-174.7999473949717
 72
     2
 10
-35.44138610330991
 20
-174.7999473949717
 40
0.5000000000000142
 50
180.0
 51
269.9999999999984
 73
     0
 72
     1
 10
-35.44138610330993
 20
-174.2999473949717
 11
-33.34138610321679
 21
-174.2999473949717
 72
     2
 10
-33.04138610317024
 20
-174.2999473949718
 40
0.3000000000465661
 50
179.9999999999783
 51
360.0000000000217
 73
     1
 72
     1
 10
-32.74138610312366
 20
-174.2999473949717
 11
-32.74138610312366
 21
-172.3999473945991
 72
     1
 10
-32.74138610312366
 20
-172.3999473945991
 11
-33.59138610321679
 21
-172.3999473945991
 72
     1
 10
-33.59138610321679
 20
-172.3999473945991
 11
-33.59138610321679
 21
-171.3999473945991
 72
     2
 10
-31.44138610330993
 20
-173.2111973945206
 40
2.81124999987816
 50
220.1121894731493
 51
319.8878105268507
 73
     0
 72
     1
 10
-29.29138610340306
 20
-171.3999473945991
 11
-29.29138610340306
 21
-172.3999473945991
 72
     1
 10
-29.29138610340306
 20
-172.3999473945991
 11
-30.14138610349619
 21
-172.3999473945991
 72
     1
 10
-30.14138610349619
 20
-172.3999473945991
 11
-30.14138610349619
 21
-174.2999473949717
 72
     2
 10
-29.84138610344962
 20
-174.2999473949718
 40
0.3000000000465661
 50
179.9999999999783
 51
360.0000000000217
 73
     1
 72
     1
 10
-29.54138610340306
 20
-174.2999473949717
 11
-28.44138610330992
 21
-174.2999473949717
 72
     2
 10
-28.44138610330995
 20
-174.7999473949717
 40
0.5000000000000285
 50
270.0000000000033
 51
359.9999999999968
 73
     0
 72
     1
 10
-27.94138610330993
 20
-174.7999473949717
 11
-27.94138610330993
 21
-179.5999473947854
 72
     2
 10
-27.44138610330987
 20
-179.5999473947853
 40
0.5000000000000533
 50
180.0000000000065
 51
269.9999999999939
 73
     1
 72
     1
 10
-27.44138610330992
 20
-180.0999473947854
 11
-19.94138610330992
 21
-180.0999473947854
 72
     2
 10
-19.94138610330992
 20
-180.5999473947854
 40
0.5
 50
270.0
 51
360.0
 73
     0
 72
     1
 10
-19.44138610330992
 20
-180.5999473947854
 11
-19.44138610330992
 21
-182.9059462444679
 72
     2
 10
-18.24138610335648
 20
-182.9059462442351
 40
1.199999999953432
 50
180.0000000111168
 51
270.0000000111168
 73
     1
 72
     1
 10
-18.24138610312366
 20
-184.1059462441885
 11
-16.54138610340305
 21
-184.1059462441885
 72
     2
 10
-16.54138610340305
 20
-183.6059462441885
 40
0.5
 50
270.0
 51
360.0
 73
     1
 72
     1
 10
-16.04138610340305
 20
-183.6059462441885
 11
-16.04138610340305
 21
-182.2059462442816
 97
        1
330
7D
 92
       16
 93
        8
 72
     1
 10
-32.69138610330993
 20
-176.3677612347351
 11
-31.19138610330992
 21
-176.3677612347351
 72
     2
 10
-31.19138610330994
 20
-176.8677612347351
 40
0.5000000000000285
 50
270.0000000000021
 51
359.9999999999968
 73
     0
 72
     1
 10
-30.69138610330993
 20
-176.8677612347351
 11
-30.69138610330993
 21
-179.1153031070539
 72
     2
 10
-31.19138610330986
 20
-179.115303107054
 40
0.4999999999999325
 50
359.9999999999935
 51
450.0000000000077
 73
     0
 72
     1
 10
-31.19138610330992
 20
-179.6153031070539
 11
-32.69138610330993
 21
-179.6153031070539
 72
     2
 10
-32.69138610330986
 20
-179.1153031070538
 40
0.5000000000000853
 50
90.00000000000893
 51
179.9999999999902
 73
     0
 72
     1
 10
-33.19138610330993
 20
-179.1153031070539
 11
-33.19138610330993
 21
-176.8677612347351
 72
     2
 10
-32.69138610330994
 20
-176.867761234735
 40
0.4999999999999858
 50
179.9999999999966
 51
270.0000000000017
 73
     0
 97
        1
330
7C
 92
       16
 93
        8
 72
     2
 10
-14.64138610326798
 20
-181.7089885708707
 40
0.4999999997717969
 50
359.9999999787554
 51
446.5148250677738
 73
     1
 72
     1
 10
-14.61099096635007
 20
-181.2099132905537
 11
-14.87178123989724
 21
-181.2099132905537
 72
     2
 10
-14.84138610318336
 20
-181.7089885711451
 40
0.5000000000334373
 50
93.48517490697666
 51
179.9999999897831
 73
     1
 72
     1
 10
-15.34138610321679
 20
-181.7089885710561
 11
-15.34138610321679
 21
-183.6059462441885
 72
     2
 10
-14.84138610321807
 20
-183.6059462441898
 40
0.4999999999987194
 50
179.9999999998534
 51
270.0000000001468
 73
     1
 72
     1
 10
-14.84138610321679
 20
-184.1059462441885
 11
-14.64138610349619
 21
-184.1059462441885
 72
     2
 10
-14.64138610349631
 20
-183.6059462441884
 40
0.5000000000001137
 50
270.0000000000138
 51
359.999999999987
 73
     1
 72
     1
 10
-14.14138610349619
 20
-183.6059462441885
 11
-14.14138610349619
 21
-181.7089885710561
 97
        1
330
7B
 92
       16
 93
        8
 72
     2
 10
-31.54138610339843
 20
-171.9029897214356
 40
0.5000000000046258
 50
180.0000000071097
 51
266.5148250961288
 73
     0
 72
     1
 10
-31.57178124008352
 20
-171.4039144408712
 11
-31.31099096653634
 21
-171.4039144408712
 72
     2
 10
-31.34138610325022
 20
-171.9029897214628
 40
0.5000000000334373
 50
273.4851749069767
 51
359.9999999897832
 73
     0
 72
     1
 10
-30.84138610321679
 20
-171.9029897213736
 11
-30.84138610321679
 21
-173.7999473949717
 72
     2
 10
-31.34138610321552
 20
-173.7999473949729
 40
0.4999999999987212
 50
359.9999999998535
 51
450.0000000001464
 73
     0
 72
     1
 10
-31.34138610321679
 20
-174.2999473949717
 11
-31.54138610340306
 21
-174.2999473949717
 72
     2
 10
-31.54138610340293
 20
-173.7999473949716
 40
0.5000000000001137
 50
90.00000000001383
 51
179.999999999987
 73
     0
 72
     1
 10
-32.04138610340306
 20
-173.7999473949717
 11
-32.04138610340306
 21
-171.9029897213736
 97
        1
330
78
 75
     0
 76
     1
 52
-0.0000000000000127
 41
0.5
 77
     0
 78
     1
 53
44.99999999999999
 43
-3020.378390268103
 44
903.4822843717588
 45
-1.122532015133643
 46
1.122532015133643
 79
     0
 98
        1
 10
1617.199773942906
 20
50.88282991621554
1001
ACAD
1010
0.0
1020
0.0
1030
0.0
1001
ACDBBLOCKREPETAG
1070
     1
1071
        0
1005
0
  0
LWPOLYLINE
  5
78
102
{ACAD_REACTORS
330
75
102
}
330
73
100
AcDbEntity
  8
ART_FITIL
370
     5
100
AcDbPolyline
 90
        8
 70
     1
 43
0.0
 10
-32.04138610340306
 20
-171.9029897213736
 42
-0.3965076820276188
 10
-31.57178124008352
 20
-171.4039144408712
 10
-31.31099096653634
 20
-171.4039144408712
 42
-0.3965076819962588
 10
-30.84138610321679
 20
-171.9029897213736
 10
-30.84138610321679
 20
-173.7999473949717
 42
-0.414213562374595
 10
-31.34138610321679
 20
-174.2999473949717
 10
-31.54138610340306
 20
-174.2999473949717
 42
-0.4142135623729529
 10
-32.04138610340306
 20
-173.7999473949717
1001
ACDBBLOCKREPETAG
1070
     1
1071
        1
1005
0
  0
LWPOLYLINE
  5
7B
102
{ACAD_REACTORS
330
75
102
}
330
73
100
AcDbEntity
  8
ART_FITIL
370
     5
100
AcDbPolyline
 90
        8
 70
     1
 43
0.0
 10
-14.14138610349619
 20
-181.7089885710561
 42
0.3965076820276188
 10
-14.61099096635007
 20
-181.2099132905537
 10
-14.87178123989724
 20
-181.2099132905537
 42
0.3965076819962588
 10
-15.34138610321679
 20
-181.7089885710561
 10
-15.34138610321679
 20
-183.6059462441885
 42
0.414213562374595
 10
-14.84138610321679
 20
-184.1059462441885
 10
-14.64138610349619
 20
-184.1059462441885
 42
0.4142135623729529
 10
-14.14138610349619
 20
-183.6059462441885
1001
ACDBBLOCKREPETAG
1070
     1
1071
        2
1005
0
  0
LWPOLYLINE
  5
7C
102
{ACAD_REACTORS
330
75
102
}
330
73
100
AcDbEntity
  8
ART_FITIL
370
     5
100
AcDbPolyline
 90
        8
 70
     1
 43
0.0
 10
-32.69138610330993
 20
-176.3677612347351
 10
-31.19138610330992
 20
-176.3677612347351
 42
-0.4142135623730745
 10
-30.69138610330993
 20
-176.8677612347351
 10
-30.69138610330993
 20
-179.1153031070539
 42
-0.4142135623731726
 10
-31.19138610330992
 20
-179.6153031070539
 10
-32.69138610330993
 20
-179.6153031070539
 42
-0.4142135623730043
 10
-33.19138610330993
 20
-179.1153031070539
 10
-33.19138610330993
 20
-176.8677612347351
 42
-0.4142135623731156
1001
ACDBBLOCKREPETAG
1070
     1
1071
        3
1005
0
  0
LWPOLYLINE
  5
7D
102
{ACAD_REACTORS
330
75
102
}
330
73
100
AcDbEntity
  8
ART_FITIL
370
     5
100
AcDbPolyline
 90
       55
 70
     1
 43
0.0
 10
-16.04138610340305
 20
-182.2059462442816
 10
-16.89138610349619
 20
-182.2059462442816
 10
-16.89138610349619
 20
-181.2059462442817
 42
-0.4651162790697347
 10
-12.59138610321679
 20
-181.2059462442817
 10
-12.59138610321679
 20
-182.2059462442816
 10
-13.54138610340305
 20
-182.2059462442816
 10
-13.54138610340305
 20
-189.7831169469105
 42
0.4142135623730149
 10
-13.24138610312366
 20
-190.0831169471898
 10
-11.74138610312366
 20
-190.0831169471898
 42
0.4142135623731036
 10
-11.34138610321679
 20
-189.6831169472829
 10
-11.34138610321679
 20
-184.4059462444679
 42
-0.414213562373034
 10
-11.04138610340305
 20
-184.1059462441885
 10
-10.04138610340305
 20
-184.1059462441885
 42
-0.4142135623731111
 10
-9.741386103123659
 20
-184.4059462444679
 10
-9.741386103123659
 20
-191.183116947283
 42
-0.4142135623730618
 10
-10.24138610312366
 20
-191.6831169472829
 10
-14.64138610303052
 20
-191.6831169472829
 42
-0.4142135623730789
 10
-15.14138610303052
 20
-191.183116947283
 10
-15.14138610303052
 20
-185.9999473946923
 42
0.4142135623730951
 10
-15.64138610303053
 20
-185.4999473946923
 10
-18.94138610330992
 20
-185.4999473946923
 42
-0.2356481674525391
 10
-20.45477737966576
 20
-184.744755798933
 42
0.4171008342483569
 10
-20.73640854764381
 20
-184.7063932167189
 10
-22.72650867854827
 20
-186.2348458515303
 42
-0.8344485036439428
 10
-23.19843798517831
 20
-185.8802423807615
 10
-21.32417706414708
 20
-183.8077732147471
 42
0.6245358566076661
 10
-21.65857427581796
 20
-182.9737282260144
 10
-33.65830196128809
 20
-182.0967454681927
 42
0.1840089573186501
 10
-34.34030241766595
 20
-182.3010007641101
 10
-39.46230976298102
 20
-186.2348458515303
 42
-0.8344485036439428
 10
-39.93423906961107
 20
-185.8802423807615
 10
-36.19970252425992
 20
-181.7507683285334
 42
0.1859031225874385
 10
-35.94138610330992
 20
-181.0800183987999
 10
-35.94138610330992
 20
-174.7999473949717
 42
-0.4142135623730784
 10
-35.44138610330993
 20
-174.2999473949717
 10
-33.34138610321679
 20
-174.2999473949717
 42
1.000000000000377
 10
-32.74138610312366
 20
-174.2999473949717
 10
-32.74138610312366
 20
-172.3999473945991
 10
-33.59138610321679
 20
-172.3999473945991
 10
-33.59138610321679
 20
-171.3999473945991
 42
-0.4651162790697818
 10
-29.29138610340306
 20
-171.3999473945991
 10
-29.29138610340306
 20
-172.3999473945991
 10
-30.14138610349619
 20
-172.3999473945991
 10
-30.14138610349619
 20
-174.2999473949717
 42
1.000000000000379
 10
-29.54138610340306
 20
-174.2999473949717
 10
-28.44138610330992
 20
-174.2999473949717
 42
-0.4142135623730617
 10
-27.94138610330993
 20
-174.7999473949717
 10
-27.94138610330993
 20
-179.5999473947854
 42
0.4142135623730326
 10
-27.44138610330992
 20
-180.0999473947854
 10
-19.94138610330992
 20
-180.0999473947854
 42
-0.4142135623730951
 10
-19.44138610330992
 20
-180.5999473947854
 10
-19.44138610330992
 20
-182.9059462444679
 42
0.4142135623730951
 10
-18.24138610312366
 20
-184.1059462441885
 10
-16.54138610340305
 20
-184.1059462441885
 42
0.4142135623730951
 10
-16.04138610340305
 20
-183.6059462441885
1001
ACDBBLOCKREPETAG
1070
     1
1071
        4
1005
0
  0
HATCH
  5
7E
330
73
100
AcDbEntity
  8
ART_TARAMA
370
    -2
100
AcDbHatch
 10
0.0
 20
0.0
 30
0.0
210
0.0
220
0.0
230
1.0
  2
ANSI37
 70
     0
 71
     1
 91
        2
 92
        1
 93
       29
 72
     1
 10
-41.09138610321679
 20
-138.655327376426
 11
-41.09138610321679
 21
-137.7553273765193
 72
     1
 10
-41.09138610321679
 20
-137.7553273765193
 11
-41.94138610330992
 21
-137.7553273765193
 72
     1
 10
-41.94138610330992
 20
-137.7553273765193
 11
-41.94138610330992
 21
-136.7553273765193
 72
     2
 10
-39.79138610340307
 20
-138.5665773764406
 40
2.811249999878106
 50
220.112189473148
 51
319.887810526852
 73
     0
 72
     1
 10
-37.64138610349619
 20
-136.7553273765193
 11
-37.64138610349619
 21
-137.7553273765193
 72
     1
 10
-37.64138610349619
 20
-137.7553273765193
 11
-38.49138610312365
 21
-137.7553273765193
 72
     1
 10
-38.49138610312365
 20
-137.7553273765193
 11
-38.49138610312365
 21
-138.655327376426
 72
     2
 10
-37.49138610312389
 20
-138.6553273764264
 40
0.9999999999997726
 50
179.999999999987
 51
270.000000000013
 73
     1
 72
     1
 10
-37.49138610312365
 20
-139.655327376426
 11
-37.14138610349619
 21
-139.655327376426
 72
     2
 10
-37.14138610349619
 20
-140.655327376426
 40
1.0
 50
270.0
 51
360.0
 73
     0
 72
     1
 10
-36.14138610349619
 20
-140.655327376426
 11
-36.14138610349619
 21
-144.1551531739355
 72
     2
 10
-36.64138610349612
 20
-144.1551531739356
 40
0.499999999999929
 50
359.9999999999935
 51
450.000000000008
 73
     0
 72
     1
 10
-36.64138610349619
 20
-144.6551531739355
 11
-40.14138610349617
 21
-144.6551531739355
 72
     2
 10
-40.14138610349617
 20
-144.1551531739355
 40
0.5
 50
90.0
 51
180.0
 73
     0
 72
     1
 10
-40.64138610349618
 20
-144.1551531739355
 11
-40.64138610349618
 21
-143.655301826057
 72
     2
 10
-41.14138610349619
 20
-143.655301826057
 40
0.5
 50
0.0
 51
90.0
 73
     1
 72
     1
 10
-41.14138610349619
 20
-143.155301826057
 11
-44.40933529581524
 21
-143.155301826057
 72
     2
 10
-44.40933529572675
 20
-142.1553018262099
 40
0.9999999998470343
 50
90.00000000507014
 51
150.0000000050602
 73
     0
 72
     2
 10
-46.14138610336114
 20
-143.1553018260742
 40
1.000000000141817
 50
29.99999999644819
 51
182.7148475911221
 73
     1
 72
     2
 10
-45.14138610321729
 20
-143.2696611801276
 40
2.000000000291886
 50
178.080402653352
 51
239.9999999956025
 73
     1
 72
     1
 10
-46.14138610349619
 20
-145.0017119878725
 11
-42.78675819063209
 21
-146.9385073161506
 72
     2
 10
-42.93675819053938
 20
-147.1983149372795
 40
0.2999999999481385
 50
299.999999985274
 51
389.9999999851548
 73
     0
 72
     1
 10
-42.6769505694101
 20
-147.3483149371864
 11
-42.97695056922385
 21
-147.8679301794441
 72
     2
 10
-43.23675819035256
 20
-147.7179301795378
 40
0.2999999999474338
 50
29.99999998513859
 51
119.9999999852894
 73
     0
 72
     1
 10
-43.38675819025957
 20
-147.9777378006661
 11
-47.64138610349617
 21
-145.5213272301303
 72
     2
 10
-46.14138610315579
 20
-142.9232510185804
 40
3.000000000340373
 50
120.0000000037534
 51
180.0000000039039
 73
     0
 72
     1
 10
-49.14138610349619
 20
-142.923251018376
 11
-49.14138610349619
 21
-139.655327376426
 72
     1
 10
-49.14138610349619
 20
-139.655327376426
 11
-42.09138610321679
 21
-139.655327376426
 72
     2
 10
-42.09138610321656
 20
-138.6553273764264
 40
0.9999999999997726
 50
269.999999999987
 51
360.000000000013
 73
     1
 97
        1
330
8F
 92
       16
 93
        8
 72
     2
 10
-39.89138610349156
 20
-137.2583697028901
 40
0.5000000000046258
 50
180.0000000071097
 51
266.5148250961288
 73
     0
 72
     1
 10
-39.92178124017664
 20
-136.7592944223256
 11
-39.66099096662947
 21
-136.7592944223256
 72
     2
 10
-39.69138610334336
 20
-137.2583697029172
 40
0.5000000000334372
 50
273.4851749069763
 51
359.9999999897832
 73
     0
 72
     1
 10
-39.19138610330993
 20
-137.258369702828
 11
-39.19138610330993
 21
-139.1553273764261
 72
     2
 10
-39.69138610330865
 20
-139.1553273764274
 40
0.4999999999987212
 50
359.9999999998535
 51
450.0000000001464
 73
     0
 72
     1
 10
-39.69138610330992
 20
-139.655327376426
 11
-39.89138610349619
 21
-139.655327376426
 72
     2
 10
-39.89138610349607
 20
-139.155327376426
 40
0.5000000000001137
 50
90.00000000001383
 51
179.999999999987
 73
     0
 72
     1
 10
-40.39138610349619
 20
-139.1553273764261
 11
-40.39138610349619
 21
-137.258369702828
 97
        1
330
90
 75
     0
 76
     1
 52
89.99999999999998
 41
0.5
 77
     0
 78
     2
 53
135.0
 43
-1237.286580702086
 44
-3815.802264887575
 45
-1.122532015133643
 46
-1.122532015133643
 79
     0
 53
225.0
 43
-1237.286580702086
 44
-3815.802264887575
 45
1.122532015133643
 46
-1.122532015133643
 79
     0
 98
        1
 10
-147252.7789100554
 20
-189846.4076953256
1001
ACAD
1010
0.0
1020
0.0
1030
0.0
1001
ACDBBLOCKREPETAG
1070
     1
1071
        5
1005
0
  0
LINE
  5
7F
330
73
100
AcDbEntity
  8
ART_CAM
370
    -2
100
AcDbLine
 10
-72.92300200244063
 20
-165.7999473949717
 30
0.0
 11
-128.6158980822947
 21
-165.7999473949717
 31
0.0
1001
ACDBBLOCKREPETAG
1070
     1
1071
        6
1005
0
  0
LINE
  5
82
330
73
100
AcDbEntity
  8
ART_TARAMA
370
    -2
100
AcDbLine
 10
-72.92300200244063
 20
-164.7999473949717
 30
0.0
 11
-128.6158980822947
 21
-164.7999473949717
 31
0.0
1001
ACDBBLOCKREPETAG
1070
     1
1071
        7
1005
0
  0
LINE
  5
83
330
73
100
AcDbEntity
  8
ART_TARAMA
370
    -2
100
AcDbLine
 10
-72.92300200244063
 20
-163.7999473949717
 30
0.0
 11
-128.6158980822947
 21
-163.7999473949717
 31
0.0
1001
ACDBBLOCKREPETAG
1070
     1
1071
        8
1005
0
  0
LINE
  5
84
330
73
100
AcDbEntity
  8
ART_TARAMA
370
    -2
100
AcDbLine
 10
-72.92300200244063
 20
-162.7999473949717
 30
0.0
 11
-128.6158980822947
 21
-162.7999473954373
 31
0.0
1001
ACDBBLOCKREPETAG
1070
     1
1071
        9
1005
0
  0
LINE
  5
85
330
73
100
AcDbEntity
  8
ART_TARAMA
370
    -2
100
AcDbLine
 10
-72.92300200244063
 20
-161.7999473949717
 30
0.0
 11
-128.6158980822947
 21
-161.7999473949717
 31
0.0
1001
ACDBBLOCKREPETAG
1070
     1
1071
       10
1005
0
  0
LINE
  5
86
330
73
100
AcDbEntity
  8
ART_TARAMA
370
    -2
100
AcDbLine
 10
-72.92300200244063
 20
-160.7999473949717
 30
0.0
 11
-128.6158980822947
 21
-160.7999473954373
 31
0.0
1001
ACDBBLOCKREPETAG
1070
     1
1071
       11
1005
0
  0
LINE
  5
87
330
73
100
AcDbEntity
  8
ART_CAM
370
    -2
100
AcDbLine
 10
-72.92300200244063
 20
-159.7999473949717
 30
0.0
 11
-128.6158980822947
 21
-159.799947394506
 31
0.0
1001
ACDBBLOCKREPETAG
1070
     1
1071
       12
1005
0
  0
LINE
  5
88
330
73
100
AcDbEntity
  8
ART_CAM
370
    -2
100
AcDbLine
 10
-72.92300200244063
 20
-159.7999473949717
 30
0.0
 11
-72.92300200244063
 21
-165.7999473949717
 31
0.0
1001
ACDBBLOCKREPETAG
1070
     1
1071
       13
1005
0
  0
LINE
  5
89
330
73
100
AcDbEntity
  8
silikon
370
    -2
100
AcDbLine
 10
-72.92300200244063
 20
-185.7999473949717
 30
0.0
 11
-72.92300200244063
 21
-179.7999473949717
 31
0.0
1001
ACDBBLOCKREPETAG
1070
     1
1071
       14
1005
0
  0
LINE
  5
8C
330
73
100
AcDbEntity
  8
ART_SILIKON
370
    -2
100
AcDbLine
 10
-65.87430028352537
 20
-179.7999473949717
 30
0.0
 11
-65.87430028352537
 21
-185.7999473949717
 31
0.0
1001
ACDBBLOCKREPETAG
1070
     1
1071
       15
1005
0
  0
LWPOLYLINE
  5
8F
102
{ACAD_REACTORS
330
7E
102
}
330
73
100
AcDbEntity
  8
ART_FITIL
370
     5
100
AcDbPolyline
 90
       29
 70
     1
 43
0.0
 10
-41.09138610321679
 20
-138.655327376426
 10
-41.09138610321679
 20
-137.7553273765193
 10
-41.94138610330992
 20
-137.7553273765193
 10
-41.94138610330992
 20
-136.7553273765193
 42
-0.4651162790697966
 10
-37.64138610349619
 20
-136.7553273765193
 10
-37.64138610349619
 20
-137.7553273765193
 10
-38.49138610312365
 20
-137.7553273765193
 10
-38.49138610312365
 20
-138.655327376426
 42
0.4142135623732285
 10
-37.49138610312365
 20
-139.655327376426
 10
-37.14138610349619
 20
-139.655327376426
 42
-0.4142135623730951
 10
-36.14138610349619
 20
-140.655327376426
 10
-36.14138610349619
 20
-144.1551531739355
 42
-0.4142135623731757
 10
-36.64138610349619
 20
-144.6551531739355
 10
-40.14138610349617
 20
-144.6551531739355
 42
-0.4142135623730951
 10
-40.64138610349618
 20
-144.1551531739355
 10
-40.64138610349618
 20
-143.655301826057
 42
0.4142135623730951
 10
-41.14138610349619
 20
-143.155301826057
 10
-44.40933529581524
 20
-143.155301826057
 42
-0.2679491924310744
 10
-45.27536069942288
 20
-142.655301826057
 42
0.7863209524830586
 10
-47.1402637377905
 20
-143.20266712688
 42
0.2769467766269519
 10
-46.14138610349619
 20
-145.0017119878725
 10
-42.78675819063209
 20
-146.9385073161506
 42
-0.4142135623724887
 10
-42.6769505694101
 20
-147.3483149371864
 10
-42.97695056922385
 20
-147.8679301794441
 42
-0.4142135623738639
 10
-43.38675819025957
 20
-147.9777378006661
 10
-47.64138610349617
 20
-145.5213272301303
 42
-0.267949192431826
 10
-49.14138610349619
 20
-142.923251018376
 10
-49.14138610349619
 20
-139.655327376426
 10
-42.09138610321679
 20
-139.655327376426
 42
0.4142135623732285
1001
ACDBBLOCKREPETAG
1070
     1
1071
       16
1005
0
  0
LWPOLYLINE
  5
90
102
{ACAD_REACTORS
330
7E
102
}
330
73
100
AcDbEntity
  8
ART_FITIL
370
     5
100
AcDbPolyline
 90
        8
 70
     1
 43
0.0
 10
-40.39138610349619
 20
-137.258369702828
 42
-0.3965076820276188
 10
-39.92178124017664
 20
-136.7592944223256
 10
-39.66099096662947
 20
-136.7592944223256
 42
-0.3965076819962588
 10
-39.19138610330993
 20
-137.258369702828
 10
-39.19138610330993
 20
-139.1553273764261
 42
-0.414213562374595
 10
-39.69138610330992
 20
-139.655327376426
 10
-39.89138610349619
 20
-139.655327376426
 42
-0.4142135623729529
 10
-40.39138610349619
 20
-139.1553273764261
1001
ACDBBLOCKREPETAG
1070
     1
1071
       17
1005
0
  0
LINE
  5
91
330
73
100
AcDbEntity
  8
ART_CAM
370
    -2
100
AcDbLine
 10
-21.14138610303053
 20
-185.7999473949717
 30
0.0
 11
-128.6158980823529
 21
-185.7999473954373
 31
0.0
1001
ACDBBLOCKREPETAG
1070
     1
1071
       18
1005
0
  0
LINE
  5
92
330
73
100
AcDbEntity
  8
ART_TARAMA
370
    -2
100
AcDbLine
 10
-20.14138610303053
 20
-186.7999473949717
 30
0.0
 11
-128.6158980823529
 21
-186.799947395903
 31
0.0
1001
ACDBBLOCKREPETAG
1070
     1
1071
       19
1005
0
  0
LINE
  5
93
330
73
100
AcDbEntity
  8
ART_TARAMA
370
    -2
100
AcDbLine
 10
-20.14138610303053
 20
-187.7999473949717
 30
0.0
 11
-128.6158980823529
 21
-187.7999473954373
 31
0.0
1001
ACDBBLOCKREPETAG
1070
     1
1071
       20
1005
0
  0
LINE
  5
94
330
73
100
AcDbEntity
  8
ART_TARAMA
370
    -2
100
AcDbLine
 10
-20.14138610303053
 20
-188.7999473949717
 30
0.0
 11
-128.6158980823529
 21
-188.7999473954373
 31
0.0
1001
ACDBBLOCKREPETAG
1070
     1
1071
       21
1005
0
  0
LINE
  5
95
330
73
100
AcDbEntity
  8
ART_TARAMA
370
    -2
100
AcDbLine
 10
-20.14138610303053
 20
-189.7999473949717
 30
0.0
 11
-128.6158980823529
 21
-189.7999473949717
 31
0.0
1001
ACDBBLOCKREPETAG
1070
     1
1071
       22
1005
0
  0
LINE
  5
96
330
73
100
AcDbEntity
  8
ART_TARAMA
370
    -2
100
AcDbLine
 10
-20.14138610303053
 20
-190.7999473949717
 30
0.0
 11
-128.6158980823529
 21
-190.7999473949717
 31
0.0
1001
ACDBBLOCKREPETAG
1070
     1
1071
       23
1005
0
  0
LINE
  5
97
330
73
100
AcDbEntity
  8
ART_CAM
370
    -2
100
AcDbLine
 10
-21.14138610303053
 20
-191.7999473949717
 30
0.0
 11
-128.6158980823529
 21
-191.7999473954373
 31
0.0
1001
ACDBBLOCKREPETAG
1070
     1
1071
       24
1005
0
  0
LINE
  5
98
330
73
100
AcDbEntity
  8
ART_SILIKON
  6
Continuous
370
    -2
100
AcDbLine
 10
-72.92300200244063
 20
-179.7999473949717
 30
0.0
 11
-49.12419770998531
 21
-179.7999473949717
 31
0.0
1001
ACDBBLOCKREPETAG
1070
     1
1071
       25
1005
0
  0
ARC
  5
99
330
73
100
AcDbEntity
  8
ART_SILIKON
370
    -2
100
AcDbCircle
 10
-40.82592727956943
 20
-182.7999473949717
 30
0.0
 40
8.823904585635046
100
AcDbArc
 50
160.1240066729881
 51
199.8759933270119
1001
ACDBBLOCKREPETAG
1070
     1
1071
       26
1005
0
  0
HATCH
  5
9A
330
73
100
AcDbEntity
  8
ART_TARAMA
100
AcDbHatch
 10
0.0
 20
0.0
 30
0.0
210
0.0
220
0.0
230
1.0
  2
ANSI37
 70
     0
 71
     0
 91
        2
 92
        1
 93
       64
 72
     2
 10
-53.83715404631221
 20
-168.0935373953366
 40
0.2000000000829667
 50
-30.00000001385111
 51
-0.0000000138743937
 73
     0
 72
     1
 10
-53.6371540465916
 20
-168.0935373948709
 11
-53.6371540465916
 21
-168.2999473949717
 72
     2
 10
-54.03715404649847
 20
-168.2999473949717
 40
0.3999999999941792
 50
0.0000000041689184
 51
90.0000000041688
 73
     0
 72
     1
 10
-54.03715404649847
 20
-168.6999473953441
 11
-54.6371540465916
 21
-168.6999473953441
 72
     1
 10
-54.6371540465916
 20
-168.6999473953441
 11
-54.6371540465916
 21
-168.5999473952511
 72
     1
 10
-54.6371540465916
 20
-168.5999473952511
 11
-55.0121540465916
 21
-168.5999473952511
 72
     2
 10
-55.0121540465916
 20
-168.3999473950648
 40
0.1999999999825377
 50
89.99999999166258
 51
179.9999999916624
 73
     0
 72
     1
 10
-55.2121540463122
 20
-168.3999473950648
 11
-55.2121540463122
 21
-168.2881411267267
 72
     2
 10
-55.0121540465916
 20
-168.2881411267267
 40
0.1999999999388107
 50
179.9999999945937
 51
205.0078332306353
 73
     0
 72
     2
 10
-55.73715404621907
 20
-167.9499473953441
 40
0.6000000000194571
 50
334.9921667639616
 51
565.0078332360386
 73
     1
 72
     2
 10
-56.4621540463122
 20
-168.2881411267267
 40
0.1999999999679858
 50
-25.00783326827982
 51
-0.0000000322431911
 73
     0
 72
     1
 10
-56.2621540465916
 20
-168.2881411267267
 11
-56.2621540465916
 21
-168.3999473955305
 72
     2
 10
-56.4621540463122
 20
-168.3999473950648
 40
0.1999999999825377
 50
0.0000000083375824
 51
90.00000000833763
 73
     0
 72
     1
 10
-56.4621540463122
 20
-168.5999473952511
 11
-56.83715404631221
 21
-168.5999473952511
 72
     1
 10
-56.83715404631221
 20
-168.5999473952511
 11
-56.83715404631221
 21
-168.6999473953441
 72
     1
 10
-56.83715404631221
 20
-168.6999473953441
 11
-57.43715404640535
 21
-168.6999473953441
 72
     2
 10
-57.43715404640535
 20
-168.2999473949717
 40
0.3999999999650754
 50
90.0
 51
180.0
 73
     0
 72
     1
 10
-57.8371540463122
 20
-168.2999473949717
 11
-57.8371540463122
 21
-168.0935373948709
 72
     2
 10
-57.63715404612593
 20
-168.0935373948709
 40
0.2000000000539427
 50
179.9999999828036
 51
209.9999999827742
 73
     0
 72
     1
 10
-57.81035912703373
 20
-167.9935373952435
 11
-56.79433372305357
 21
-166.2337293950663
 72
     2
 10
-57.48715404668472
 20
-165.8337293951595
 40
0.8000000000265572
 50
330.0000000052644
 51
360.0000000052761
 73
     1
 72
     1
 10
-56.68715404640535
 20
-165.8337293951595
 11
-56.68715404640535
 21
-164.5149833950968
 72
     2
 10
-56.48715404621907
 20
-164.5149833950968
 40
0.200000000023043
 50
179.9999999946586
 51
234.9999999946854
 73
     0
 72
     1
 10
-56.60186933368095
 20
-164.3511529862703
 11
-53.82243875894346
 21
-162.4049748037764
 72
     2
 10
-53.93715404640534
 20
-162.2411443949499
 40
0.1999999999966349
 50
304.999999981057
 51
359.9999999809798
 73
     1
 72
     1
 10
-53.73715404621908
 20
-162.2411443949499
 11
-53.73715404621908
 21
-160.7587503949003
 72
     2
 10
-53.93715404640534
 20
-160.7587503949003
 40
0.1999999999962452
 50
360.0000000190202
 51
415.0000000190499
 73
     1
 72
     1
 10
-53.82243875894346
 20
-160.5949199860738
 11
-56.60186933368095
 21
-158.6487418040456
 72
     2
 10
-56.48715404621907
 20
-158.4849113952191
 40
0.2000000000230102
 50
125.0000000053146
 51
180.0000000053413
 73
     0
 72
     1
 10
-56.68715404640535
 20
-158.4849113952191
 11
-56.68715404640535
 21
-157.1661653951564
 72
     2
 10
-57.48715404668472
 20
-157.1661653951564
 40
0.8000000000270496
 50
359.99999999474
 51
389.9999999947334
 73
     1
 72
     1
 10
-56.79433372351923
 20
-156.7661653952495
 11
-57.81035912749938
 21
-155.0063573955381
 72
     2
 10
-57.63715404612593
 20
-154.9063573949793
 40
0.200000000053933
 50
150.0000000172821
 51
180.0000000172615
 73
     0
 72
     1
 10
-57.8371540463122
 20
-154.9063573949793
 11
-57.8371540463122
 21
-154.6999473948785
 72
     2
 10
-57.43715404640535
 20
-154.6999473953441
 40
0.3999999999650754
 50
-180.0
 51
-90.00000000000001
 73
     0
 72
     1
 10
-57.43715404640535
 20
-154.2999473949717
 11
-56.83715404631221
 21
-154.2999473949717
 72
     1
 10
-56.83715404631221
 20
-154.2999473949717
 11
-56.83715404631221
 21
-154.3999473950648
 72
     1
 10
-56.83715404631221
 20
-154.3999473950648
 11
-56.4621540463122
 21
-154.3999473950648
 72
     2
 10
-56.4621540463122
 20
-154.5999473952511
 40
0.1999999999825377
 50
-90.00000000833759
 51
-0.0000000083375824
 73
     0
 72
     1
 10
-56.2621540465916
 20
-154.5999473952511
 11
-56.2621540465916
 21
-154.7117536635892
 72
     2
 10
-56.4621540463122
 20
-154.7117536635892
 40
0.1999999999679929
 50
0.0000000322431911
 51
25.00783326827982
 73
     0
 72
     2
 10
-55.73715404621907
 20
-155.0499473949717
 40
0.6000000000194571
 50
514.9921667639614
 51
745.0078332360383
 73
     1
 72
     2
 10
-55.0121540465916
 20
-154.7117536635892
 40
0.1999999999388819
 50
154.9921667693646
 51
180.0000000054063
 73
     0
 72
     1
 10
-55.2121540463122
 20
-154.7117536635892
 11
-55.2121540463122
 21
-154.5999473947854
 72
     2
 10
-55.0121540465916
 20
-154.5999473952511
 40
0.1999999999825377
 50
-179.9999999916624
 51
-89.99999999166245
 73
     0
 72
     1
 10
-55.0121540465916
 20
-154.3999473950648
 11
-54.6371540465916
 21
-154.3999473950648
 72
     1
 10
-54.6371540465916
 20
-154.3999473950648
 11
-54.6371540465916
 21
-154.2999473949717
 72
     1
 10
-54.6371540465916
 20
-154.2999473949717
 11
-54.03715404649847
 21
-154.2999473949717
 72
     2
 10
-54.03715404649847
 20
-154.6999473953441
 40
0.3999999999941792
 50
-90.0000000041688
 51
-0.0000000041688166
 73
     0
 72
     1
 10
-53.6371540465916
 20
-154.6999473953441
 11
-53.6371540465916
 21
-154.9063573954449
 72
     2
 10
-53.83715404631221
 20
-154.9063573949793
 40
0.2000000000211995
 50
0.0000000237100937
 51
29.99999468255171
 73
     0
 72
     1
 10
-53.66394895655685
 20
-155.0063573787743
 11
-54.67997436938457
 21
-156.7661653947839
 72
     2
 10
-53.98715404621907
 20
-157.1661653951564
 40
0.8000000000561158
 50
509.9999999974833
 51
539.9999999974759
 73
     1
 72
     1
 10
-54.78715404649847
 20
-157.1661653951564
 11
-54.78715404649847
 21
-157.4437773953946
 72
     2
 10
-54.48715404621907
 20
-157.4437773949289
 40
0.300000000006603
 50
539.9999999974378
 51
594.9999999974664
 73
     1
 72
     1
 10
-54.65922697741189
 20
-157.6895230086343
 11
-51.9224387590366
 21
-159.605842986592
 72
     2
 10
-52.03715404649847
 20
-159.7696733949528
 40
0.200000000023465
 50
-54.9999999946161
 51
0.0000000052761077
 73
     0
 72
     1
 10
-51.83715404631221
 20
-159.7696733949528
 11
-51.83715404631221
 21
-163.2302213948974
 72
     2
 10
-52.03715404649847
 20
-163.230221395363
 40
0.200000000023043
 50
-0.0000000053412963
 51
54.99999999468536
 73
     0
 72
     1
 10
-51.9224387590366
 20
-163.3940518041895
 11
-54.65922697741189
 21
-165.3103717821473
 72
     2
 10
-54.48715404668472
 20
-165.5561173949213
 40
0.2999999999506144
 50
484.9999999969709
 51
539.9999999970036
 73
     1
 72
     1
 10
-54.78715404649847
 20
-165.5561173949213
 11
-54.78715404649847
 21
-165.8337293946938
 72
     2
 10
-53.98715404621907
 20
-165.8337293951595
 40
0.8000000000556799
 50
180.0000000025078
 51
210.0000000025189
 73
     1
 72
     1
 10
-54.67997436938457
 20
-166.2337293950663
 11
-53.66394896587006
 21
-167.9935373947778
 97
        0
 92
        1
 93
        2
 72
     2
 10
-65.35367873185896
 20
-168.0935373953366
 40
0.2000000000829667
 50
-179.9999999861256
 51
-149.9999999861489
 73
     0
 72
     2
 10
-65.35367873185896
 20
-168.0935373953366
 40
0.2000000000830369
 50
509.9999999861489
 51
539.9999999861258
 73
     1
 97
        0
 75
     0
 76
     1
 52
-0.0000000000000254
 41
0.3
 77
     0
 78
     2
 53
44.99999999999999
 43
-1993.67552192384
 44
-802.0661255460986
 45
-0.6735192090801863
 46
0.6735192090801867
 79
     0
 53
134.9999999999999
 43
-1993.67552192384
 44
-802.0661255460986
 45
-0.6735192090801867
 46
-0.6735192090801863
 79
     0
 98
        1
 10
2328.799145912606
 20
-1708.405923278053
1001
ACAD
1010
0.0
1020
0.0
1030
0.0
1001
ACDBBLOCKREPETAG
1070
     1
1071
       27
1005
0
  0
LWPOLYLINE
  5
9B
330
73
100
AcDbEntity
  8
ART_BARIYER
100
AcDbPolyline
 90
       66
 70
     0
 43
0.0
 10
-53.66394896587006
 20
-167.9935373952435
 42
-0.1316524975872427
 10
-53.6371540465916
 20
-168.0935373948709
 42
0.1316524975872427
 10
-53.66394896587006
 20
-167.9935373952435
 10
-54.67997436938457
 20
-166.2337293950663
 42
-0.1316524975874106
 10
-54.78715404649847
 20
-165.8337293951595
 10
-54.78715404649847
 20
-165.5561173949213
 42
-0.2446984432291633
 10
-54.65922697741189
 20
-165.3103717816816
 10
-51.9224387590366
 20
-163.3940518041895
 42
0.2446984432290996
 10
-51.83715404631221
 20
-163.2302213948974
 10
-51.83715404631221
 20
-159.7696733949528
 42
0.2446984432288626
 10
-51.9224387590366
 20
-159.6058429861264
 10
-54.65922697741189
 20
-157.6895230086343
 42
-0.2446984432290161
 10
-54.78715404649847
 20
-157.4437773949289
 10
-54.78715404649847
 20
-157.1661653951564
 42
-0.1316524975873632
 10
-54.67997436938457
 20
-156.7661653952495
 10
-53.66394895655685
 20
-155.0063573787743
 42
0.1316524738781093
 10
-53.6371540465916
 20
-154.9063573949793
 10
-53.6371540465916
 20
-154.6999473953441
 42
0.4142135623730961
 10
-54.03715404649847
 20
-154.2999473949717
 10
-54.6371540465916
 20
-154.2999473949717
 10
-54.6371540465916
 20
-154.3999473950648
 10
-55.0121540465916
 20
-154.3999473950648
 42
0.4142135623730951
 10
-55.2121540463122
 20
-154.5999473952511
 10
-55.2121540463122
 20
-154.7117536635892
 42
0.1095524007000913
 10
-55.19340404649847
 20
-154.7963020964348
 42
-1.569922388263953
 10
-56.28090404640534
 20
-154.7963020964348
 42
0.1095524007000913
 10
-56.2621540465916
 20
-154.7117536635892
 10
-56.2621540465916
 20
-154.5999473952511
 42
0.4142135623730951
 10
-56.4621540463122
 20
-154.3999473950648
 10
-56.83715404631221
 20
-154.3999473950648
 10
-56.83715404631221
 20
-154.2999473949717
 10
-57.43715404640535
 20
-154.2999473949717
 42
0.4142135623730919
 10
-57.8371540463122
 20
-154.6999473953441
 10
-57.8371540463122
 20
-154.9063573949793
 42
0.1316524975873982
 10
-57.81035912703373
 20
-155.0063573950724
 10
-56.79433372351923
 20
-156.7661653952495
 42
-0.1316524975873822
 10
-56.68715404640535
 20
-157.1661653951564
 10
-56.68715404640535
 20
-158.4849113952191
 42
0.2446984432291243
 10
-56.60186933368095
 20
-158.6487418040456
 10
-53.82243875894346
 20
-160.5949199860738
 42
-0.2446984432291223
 10
-53.73715404621908
 20
-160.7587503949003
 10
-53.73715404621908
 20
-162.2411443949499
 42
-0.2446984432288639
 10
-53.82243875894346
 20
-162.4049748037764
 10
-56.60186933368095
 20
-164.3511529862703
 42
0.2446984432289917
 10
-56.68715404640535
 20
-164.5149833950968
 10
-56.68715404640535
 20
-165.8337293951595
 42
-0.1316524975874312
 10
-56.79433372351923
 20
-166.2337293950663
 10
-57.81035912703373
 20
-167.9935373952435
 42
0.1316524975872053
 10
-57.8371540463122
 20
-168.0935373948709
 10
-57.8371540463122
 20
-168.2999473949717
 42
0.4142135623730982
 10
-57.43715404640535
 20
-168.6999473953441
 10
-56.83715404631221
 20
-168.6999473953441
 10
-56.83715404631221
 20
-168.5999473952511
 10
-56.4621540463122
 20
-168.5999473952511
 42
0.414213562373094
 10
-56.2621540465916
 20
-168.3999473950648
 10
-56.2621540465916
 20
-168.2881411267267
 42
0.1095524007000914
 10
-56.28090404640534
 20
-168.2035926938811
 42
-1.569922388263953
 10
-55.19340404649847
 20
-168.2035926938811
 42
0.1095524007000913
 10
-55.2121540463122
 20
-168.2881411267267
 10
-55.2121540463122
 20
-168.3999473950648
 42
0.4142135623730982
 10
-55.0121540465916
 20
-168.5999473952511
 10
-54.6371540465916
 20
-168.5999473952511
 10
-54.6371540465916
 20
-168.6999473953441
 10
-54.03715404649847
 20
-168.6999473953441
 42
0.414213562373094
 10
-53.6371540465916
 20
-168.2999473949717
 10
-53.6371540465916
 20
-168.0935373948709
1001
ACDBBLOCKREPETAG
1070
     1
1071
       28
1005
0
  0
HATCH
  5
9E
330
73
100
AcDbEntity
  8
ART_TARAMA
370
    -2
100
AcDbHatch
 10
0.0
 20
0.0
 30
0.0
210
0.0
220
0.0
230
1.0
  2
ANSI37
 70
     0
 71
     1
 91
        2
 92
        1
 93
       36
 72
     2
 10
-78.12419773652731
 20
-153.0486066909323
 40
0.9999999967410532
 50
90.00000000003906
 51
179.9999999999609
 73
     0
 72
     1
 10
-79.12419773326837
 20
-153.0486066909329
 11
-79.12419773326837
 21
-152.4486066931681
 72
     1
 10
-79.12419773326837
 20
-152.4486066931681
 11
-77.92419773727306
 21
-152.4486066931681
 72
     1
 10
-77.92419773727306
 20
-152.4486066931681
 11
-77.92419773727306
 21
-151.4486066964277
 72
     2
 10
-80.92419772702852
 20
-155.4486066827698
 40
4.999999982926964
 50
53.13010235416641
 51
126.8698976458336
 73
     1
 72
     1
 10
-83.92419771678396
 20
-151.4486066964277
 11
-83.92419771678396
 21
-152.4486066931681
 72
     1
 10
-83.92419771678396
 20
-152.4486066931681
 11
-82.72419772125431
 21
-152.4486066931681
 72
     1
 10
-82.72419772125431
 20
-152.4486066931681
 11
-82.72419772125431
 21
-153.0486066909329
 72
     2
 10
-83.72419771776185
 20
-153.0486066911658
 40
0.9999999965075403
 50
359.9999999866597
 51
449.9999999866597
 73
     0
 72
     1
 10
-83.72419771752902
 20
-154.0486066876733
 11
-85.9241977102647
 21
-154.0486066876733
 72
     1
 10
-85.9241977102647
 20
-154.0486066876733
 11
-85.9241977102647
 21
-158.8433566978024
 72
     1
 10
-85.9241977102647
 20
-158.8433566978024
 11
-85.52940376722835
 21
-158.8433566978024
 72
     2
 10
-85.52940376713165
 20
-158.1933567000204
 40
0.6499999977819471
 50
269.999999991477
 51
338.4093355046995
 73
     1
 72
     2
 10
-84.6210518313804
 20
-158.5528274807248
 40
0.3268943063079413
 50
201.5906644592706
 51
395.430279095678
 73
     0
 72
     2
 10
-86.34519098103103
 20
-157.3587681452448
 40
2.424115892720542
 50
34.80253337720166
 51
80.30930578426078
 73
     0
 72
     2
 10
-85.92391801320227
 20
-160.2483988789141
 40
0.5002797710298763
 50
91.51460508150305
 51
269.0278413823203
 73
     1
 72
     2
 10
-86.56831397131185
 20
-157.085581924647
 40
3.717812388338582
 50
279.8485004325062
 51
316.5000209223379
 73
     1
 72
     2
 10
-83.74731688293659
 20
-159.8015238807517
 40
0.1999999992356119
 50
231.6143370658115
 51
299.9999999520791
 73
     0
 72
     1
 10
-83.64731688346365
 20
-159.6283188005732
 11
-81.74172905008891
 21
-160.728510449157
 72
     2
 10
-81.66672905048121
 20
-160.5986066389338
 40
0.1499999995055871
 50
240.00000006399
 51
400.0000000636866
 73
     1
 72
     1
 10
-81.55182238449922
 20
-160.5021884976709
 11
-82.34324575788923
 21
-159.5590068492861
 72
     2
 10
-82.1900368697724
 20
-159.4304493277066
 40
0.1999999993815941
 50
139.9999999851887
 51
299.9999999853397
 73
     0
 72
     1
 10
-82.09003687012589
 20
-159.2572442474597
 11
-79.54172905781887
 21
-160.728510449157
 72
     2
 10
-79.4667290579781
 20
-160.5986066388929
 40
0.1499999996575109
 50
239.9999999947007
 51
399.9999999946173
 73
     1
 72
     1
 10
-79.35182239176356
 20
-160.5021884976709
 11
-80.14324576515354
 21
-159.5590068492861
 72
     2
 10
-79.990036877036
 20
-159.4304493277073
 40
0.1999999993817548
 50
139.9999999854505
 51
299.9999999850779
 73
     0
 72
     1
 10
-79.89003687739023
 20
-159.2572442474597
 11
-77.3417290650832
 21
-160.728510449157
 72
     2
 10
-77.26672906547476
 20
-160.5986066389344
 40
0.1499999995054254
 50
240.0000000636409
 51
400.0000000640357
 73
     1
 72
     1
 10
-77.15182239949355
 20
-160.5021884976709
 11
-77.94324577288353
 21
-159.5590068492861
 72
     2
 10
-77.79003688476668
 20
-159.4304493277066
 40
0.1999999993815941
 50
139.9999999851887
 51
299.9999999853397
 73
     0
 72
     1
 10
-77.69003688512021
 20
-159.2572442474597
 11
-75.14172907281317
 21
-160.728510449157
 72
     2
 10
-75.06672907297185
 20
-160.5986066388934
 40
0.1499999996573871
 50
239.9999999944352
 51
399.999999994883
 73
     1
 72
     1
 10
-74.95182240675784
 20
-160.5021884976709
 11
-75.69024218819686
 21
-159.6221740706646
 72
     2
 10
-74.92419774782675
 20
-158.9793864632541
 40
0.9999999964312326
 50
139.9999999986599
 51
179.999999998637
 73
     0
 72
     1
 10
-75.92419774425798
 20
-158.9793864632779
 11
-75.92419774425798
 21
-154.0486066876733
 72
     1
 10
-75.92419774425798
 20
-154.0486066876733
 11
-78.12419773652798
 21
-154.0486066876733
 97
        1
330
A0
 92
       16
 93
       14
 72
     1
 10
-80.12419773000877
 20
-154.0486066876733
 11
-80.12419773000877
 21
-151.7825461393045
 72
     2
 10
-80.4241977287929
 20
-151.7825461391856
 40
0.299999998784159
 50
359.9999999772942
 51
442.2335658090529
 73
     1
 72
     2
 10
-80.92419772702852
 20
-155.4486066832906
 40
3.999999986794834
 50
82.23356583188994
 51
97.76643416811005
 73
     1
 72
     2
 10
-81.42419772549668
 20
-151.7825461394525
 40
0.2999999990172464
 50
97.76643414004862
 51
179.9999999717194
 73
     1
 72
     1
 10
-81.72419772451394
 20
-151.7825461393045
 11
-81.72419772451394
 21
-154.0486066876733
 72
     2
 10
-82.72419772086093
 20
-154.0486066877211
 40
0.9999999963470004
 50
359.9999999972642
 51
426.4218215190862
 73
     0
 72
     2
 10
-81.92419772357384
 20
-155.8816369595579
 40
0.9999999969354062
 50
113.5781784738736
 51
179.9999999957009
 73
     1
 72
     1
 10
-82.92419772050925
 20
-155.8816369594828
 11
-82.92419772050925
 21
-156.7124968389803
 72
     2
 10
-82.624197721394
 20
-156.7124968392131
 40
0.2999999991152293
 50
179.9999999555326
 51
269.9999999555353
 73
     1
 72
     1
 10
-82.62419772162685
 20
-157.0124968383284
 11
-79.22419773289584
 21
-157.0124968383284
 72
     2
 10
-79.22419773312867
 20
-156.7124968392131
 40
0.2999999991152435
 50
270.0000000444674
 51
360.0000000444674
 73
     1
 72
     1
 10
-78.92419773401343
 20
-156.7124968389803
 11
-78.92419773401343
 21
-155.8816369594828
 72
     2
 10
-79.92419773071642
 20
-155.8816369592025
 40
0.999999996702968
 50
359.999999983937
 51
426.4218215057348
 73
     1
 72
     2
 10
-79.12419773342769
 20
-154.0486066873646
 40
0.9999999965810502
 50
113.5781784605818
 51
179.9999999823118
 73
     0
 97
        1
330
9F
 75
     0
 76
     1
 52
89.99999999999998
 41
0.5
 77
     0
 78
     2
 53
135.0
 43
-1237.286580702086
 44
-3815.802264887575
 45
-1.122532015133643
 46
-1.122532015133643
 79
     0
 53
225.0
 43
-1237.286580702086
 44
-3815.802264887575
 45
1.122532015133643
 46
-1.122532015133643
 79
     0
 98
        1
 10
1615.683549001202
 20
50.88282991621554
1001
ACAD
1010
0.0
1020
0.0
1030
0.0
1001
ACDBBLOCKREPETAG
1070
     1
1071
       29
1005
0
  0
LWPOLYLINE
  5
9F
102
{ACAD_REACTORS
330
9E
102
}
330
73
100
AcDbEntity
  8
ART_FITIL
370
     5
100
AcDbPolyline
 90
       14
 70
     1
 43
0.0
 10
-80.12419773000877
 20
-154.0486066876733
 10
-80.12419773000877
 20
-151.7825461393045
 42
0.3750467088369516
 10
-80.38365718830027
 20
-151.4852979872198
 42
0.06787888806713
 10
-81.46473826575675
 20
-151.4852979872198
 42
0.3750467088364983
 10
-81.72419772451394
 20
-151.7825461393045
 10
-81.72419772451394
 20
-154.0486066876733
 42
-0.29821662669872
 10
-82.32419772227876
 20
-154.9651218233452
 42
0.2982166266987449
 10
-82.92419772050925
 20
-155.8816369594828
 10
-82.92419772050925
 20
-156.7124968389803
 42
0.4142135623731131
 10
-82.62419772162685
 20
-157.0124968383284
 10
-79.22419773289584
 20
-157.0124968383284
 42
0.4142135623730951
 10
-78.92419773401343
 20
-156.7124968389803
 10
-78.92419773401343
 20
-155.8816369594828
 42
0.2982166266986086
 10
-79.52419773177827
 20
-154.9651218233452
 42
-0.2982166266982826
1001
ACDBBLOCKREPETAG
1070
     1
1071
       30
1005
0
  0
LWPOLYLINE
  5
A0
102
{ACAD_REACTORS
330
9E
102
}
330
73
100
AcDbEntity
  8
ART_FITIL
370
     5
100
AcDbPolyline
 90
       36
 70
     1
 43
0.0
 10
-78.12419773652798
 20
-154.0486066876733
 42
-0.4142135623726955
 10
-79.12419773326837
 20
-153.0486066909329
 10
-79.12419773326837
 20
-152.4486066931681
 10
-77.92419773727306
 20
-152.4486066931681
 10
-77.92419773727306
 20
-151.4486066964277
 42
0.3333333333332321
 10
-83.92419771678396
 20
-151.4486066964277
 10
-83.92419771678396
 20
-152.4486066931681
 10
-82.72419772125431
 20
-152.4486066931681
 10
-82.72419772125431
 20
-153.0486066909329
 42
-0.4142135623730951
 10
-83.72419771752902
 20
-154.0486066876733
 10
-85.9241977102647
 20
-154.0486066876733
 10
-85.9241977102647
 20
-158.8433566978024
 10
-85.52940376722835
 20
-158.8433566978024
 42
0.3076847592328205
 10
-84.92501007407554
 20
-158.43253918456
 42
-1.128701775593949
 10
-84.35469130627462
 20
-158.7423319876948
 42
-0.2012120834861555
 10
-85.93714129147702
 20
-159.7482938957223
 42
0.9785310008365527
 10
-85.93240603726005
 20
-160.7486066384995
 42
0.1612998685772744
 10
-83.87150721406213
 20
-159.6447541089551
 42
-0.3075716929249019
 10
-83.64731688346365
 20
-159.6283188005732
 10
-81.74172905008891
 20
-160.728510449157
 42
0.8390996311750223
 10
-81.55182238449922
 20
-160.5021884976709
 10
-82.34324575788923
 20
-159.5590068492861
 42
-0.8390996311784471
 10
-82.09003687012589
 20
-159.2572442474597
 10
-79.54172905781887
 20
-160.728510449157
 42
0.8390996311766826
 10
-79.35182239176356
 20
-160.5021884976709
 10
-80.14324576515354
 20
-159.5590068492861
 42
-0.8390996311745555
 10
-79.89003687739023
 20
-159.2572442474597
 10
-77.3417290650832
 20
-160.728510449157
 42
0.8390996311802112
 10
-77.15182239949355
 20
-160.5021884976709
 10
-77.94324577288353
 20
-159.5590068492861
 42
-0.8390996311784471
 10
-77.69003688512021
 20
-159.2572442474597
 10
-75.14172907281317
 20
-160.728510449157
 42
0.8390996311805551
 10
-74.95182240675784
 20
-160.5021884976709
 10
-75.69024218819686
 20
-159.6221740706646
 42
-0.1763269807083624
 10
-75.92419774425798
 20
-158.9793864632779
 10
-75.92419774425798
 20
-154.0486066876733
1001
ACDBBLOCKREPETAG
1070
     1
1071
       31
1005
0
  0
HATCH
  5
A1
330
73
100
AcDbEntity
  8
ART_CAM
 62
   250
100
AcDbHatch
 10
0.0
 20
0.0
 30
0.0
210
0.0
220
0.0
230
1.0
  2
ANGLE
 70
     0
 71
     1
 91
        3
 92
       16
 93
       13
 72
     1
 10
-23.12868811111548
 20
-178.3999473945991
 11
-25.64138610349619
 21
-178.3999473945991
 72
     2
 10
-25.64138610349609
 20
-178.0999473947853
 40
0.2999999998138207
 50
90.00000000001902
 51
179.9999999999837
 73
     0
 72
     1
 10
-25.94138610330992
 20
-178.0999473947854
 11
-25.94138610330992
 21
-161.799947394506
 72
     1
 10
-25.94138610330992
 20
-161.799947394506
 11
-11.74138610312366
 21
-161.799947394506
 72
     1
 10
-11.74138610312366
 20
-161.799947394506
 11
-11.74138610312366
 21
-171.8999473945991
 72
     1
 10
-11.74138610312366
 20
-171.8999473945991
 11
-18.74642861043685
 21
-171.8999473945991
 72
     2
 10
-18.74642861061833
 20
-176.699947394013
 40
4.799999999413898
 50
89.99999999783371
 51
104.999999997828
 73
     1
 72
     1
 10
-19.98876002678298
 20
-172.0635034283445
 11
-21.06607942949631
 21
-172.3521702922703
 72
     2
 10
-20.34138610334735
 20
-175.0567626060708
 40
2.80000000014883
 50
104.9999999962584
 51
179.9999999962551
 73
     1
 72
     1
 10
-23.14138610349619
 20
-175.0567626058878
 11
-23.14138610349619
 21
-175.8999473945991
 72
     1
 10
-23.14138610349619
 20
-175.8999473945991
 11
-23.14138610349619
 21
-176.7431321833105
 72
     2
 10
-20.34138610343683
 20
-176.7431321825519
 40
2.800000000059359
 50
180.0000000155241
 51
205.9560976986099
 73
     1
 72
     2
 10
-23.12868811100466
 20
-178.0999473945243
 40
0.3000000000747769
 50
334.0439023380767
 51
450.0000000211644
 73
     0
 97
        1
330
B0
 92
       16
 93
       20
 72
     2
 10
-41.34138610321679
 20
-131.7553273760536
 40
0.3000000002793968
 50
90.0
 51
180.0
 73
     0
 72
     1
 10
-41.64138610349619
 20
-131.7553273760536
 11
-41.64138610349619
 21
-109.2553273765193
 72
     2
 10
-41.34138610321667
 20
-109.2553273765194
 40
0.3000000002795105
 50
180.0000000000217
 51
269.9999999999783
 73
     0
 72
     1
 10
-41.34138610321679
 20
-108.9553273762399
 11
-40.94138610330992
 21
-108.9553273762399
 72
     2
 10
-40.94138610330992
 20
-108.6553273764261
 40
0.2999999998137355
 50
270.0
 51
360.0
 73
     1
 72
     1
 10
-40.64138610349618
 20
-108.6553273764261
 11
-40.64138610349618
 21
-106.555327376333
 72
     2
 10
-40.34138610344961
 20
-106.5553273765658
 40
0.3000000000465661
 50
180.0000000444673
 51
270.0000000444674
 73
     0
 72
     1
 10
-40.34138610321678
 20
-106.2553273765193
 11
-35.44138610330993
 21
-106.2553273765193
 72
     2
 10
-35.44138610331005
 20
-106.5553273763331
 40
0.2999999998138492
 50
270.0000000000216
 51
359.9999999999783
 73
     0
 72
     1
 10
-35.14138610349619
 20
-106.555327376333
 11
-35.14138610349619
 21
-107.4553273762399
 72
     2
 10
-34.84138610321668
 20
-107.4553273762397
 40
0.3000000002795105
 50
180.0000000000217
 51
269.9999999999783
 73
     1
 72
     1
 10
-34.84138610321679
 20
-107.7553273765193
 11
-34.44138610330993
 21
-107.7553273765193
 72
     2
 10
-34.44138610354276
 20
-107.4553273764727
 40
0.3000000000465661
 50
270.0000000444674
 51
360.0000000444674
 73
     1
 72
     1
 10
-34.14138610349619
 20
-107.4553273762399
 11
-34.14138610349619
 21
-106.2553273765193
 72
     1
 10
-34.14138610349619
 20
-106.2553273765193
 11
-27.44138610330992
 21
-106.2553273765193
 72
     1
 10
-27.44138610330992
 20
-106.2553273765193
 11
-27.44138610330992
 21
-167.7999473949717
 72
     1
 10
-27.44138610330992
 20
-167.7999473949717
 11
-34.14138610349619
 21
-167.7999473949717
 72
     1
 10
-34.14138610349619
 20
-167.7999473949717
 11
-34.14138610349619
 21
-132.3553273761467
 72
     2
 10
-34.44138610331004
 20
-132.3553273761469
 40
0.2999999998138492
 50
0.0000000000217126
 51
89.99999999997831
 73
     1
 72
     1
 10
-34.44138610330993
 20
-132.055327376333
 11
-41.34138610321679
 21
-132.055327376333
 97
        1
330
A5
 92
       33
 93
      107
 72
     1
 10
-17.24138610312366
 20
-179.8999473945992
 11
-11.74138610312366
 21
-179.8999473945992
 72
     2
 10
-11.74138610312366
 20
-180.3999473945991
 40
0.5
 50
270.0
 51
360.0
 73
     0
 72
     1
 10
-11.24138610312366
 20
-180.3999473945991
 11
-11.24138610312366
 21
-182.4059462444679
 72
     1
 10
-11.24138610312366
 20
-182.4059462444679
 11
-13.24138610312366
 21
-182.4059462444679
 72
     1
 10
-13.24138610312366
 20
-182.4059462444679
 11
-13.24138610312366
 21
-188.4999473946923
 72
     2
 10
-12.94138610307708
 20
-188.4999473949251
 40
0.3000000000465732
 50
179.9999999555326
 51
269.9999999555313
 73
     1
 72
     1
 10
-12.94138610330992
 20
-188.7999473949717
 11
-11.94138610330992
 21
-188.7999473949717
 72
     2
 10
-11.94138610330993
 20
-188.4999473946923
 40
0.3000000002793968
 50
270.0000000000021
 51
360.0
 73
     1
 72
     1
 10
-11.64138610303052
 20
-188.4999473946923
 11
-11.64138610303052
 21
-184.2059462442817
 72
     2
 10
-11.34138610321679
 20
-184.2059462442817
 40
0.2999999998137355
 50
180.0
 51
270.0
 73
     0
 72
     1
 10
-11.34138610321679
 20
-183.9059462444678
 11
-10.24138610312366
 21
-183.9059462444678
 72
     2
 10
-10.24138610312366
 20
-183.4059462444679
 40
0.5
 50
270.0
 51
360.0
 73
     1
 72
     1
 10
-9.741386103123659
 20
-183.4059462444679
 11
-9.741386103123659
 21
-178.6999473948785
 72
     2
 10
-10.04138610340306
 20
-178.6999473948785
 40
0.3000000002794039
 50
0.0
 51
89.99999999999864
 73
     1
 72
     1
 10
-10.04138610340305
 20
-178.3999473945991
 11
-18.74642861043685
 21
-178.3999473945991
 72
     2
 10
-18.74642861026495
 20
-175.0999473938381
 40
3.300000000761031
 50
90.00000000298461
 51
105.000000002977
 73
     0
 72
     1
 10
-19.60053145946585
 20
-178.2875026212828
 11
-20.67785086171352
 21
-177.9988357578227
 72
     2
 10
-20.34138610306908
 20
-176.7431321832077
 40
1.300000000427119
 50
104.9999999954653
 51
179.9999999954679
 73
     0
 72
     1
 10
-21.64138610349619
 20
-176.7431321833105
 11
-21.64138610349619
 21
-175.8999473945991
 72
     1
 10
-21.64138610349619
 20
-175.8999473945991
 11
-21.64138610349619
 21
-175.0567626058878
 72
     2
 10
-20.34138610337251
 20
-175.0567626062234
 40
1.300000000123676
 50
180.0000000147938
 51
255.0000000147963
 73
     0
 72
     1
 10
-20.67785086171352
 20
-173.8010590318413
 11
-19.60053145946585
 21
-173.5123921679155
 72
     2
 10
-18.74642861026495
 20
-176.6999473953602
 40
3.300000000761031
 50
254.999999997023
 51
269.9999999970154
 73
     0
 72
     1
 10
-18.74642861043685
 20
-173.399947394599
 11
-10.54138610340305
 21
-173.399947394599
 72
     2
 10
-10.5413861031702
 20
-173.0999473945526
 40
0.3000000000465377
 50
269.9999999555279
 51
359.9999999555381
 73
     1
 72
     1
 10
-10.24138610312366
 20
-173.0999473947854
 11
-10.24138610312366
 21
-160.2999473949717
 72
     2
 10
-10.54138610340311
 20
-160.2999473949717
 40
0.3000000002794536
 50
0.0000000000108563
 51
89.99999999998914
 73
     1
 72
     1
 10
-10.54138610340305
 20
-159.9999473946923
 11
-25.94138610330992
 21
-159.9999473946923
 72
     1
 10
-25.94138610330992
 20
-159.9999473946923
 11
-25.94138610330992
 21
-104.9553273762399
 72
     2
 10
-26.2413861031236
 20
-104.9553273762398
 40
0.2999999998136786
 50
359.9999999999891
 51
450.0000000000109
 73
     1
 72
     1
 10
-26.24138610312366
 20
-104.6553273764261
 11
-61.14138610349619
 21
-104.6553273764261
 72
     2
 10
-61.14138610349619
 20
-107.6553273764261
 40
3.0
 50
90.0
 51
180.0
 73
     1
 72
     1
 10
-64.14138610349619
 20
-107.6553273764261
 11
-64.14138610349619
 21
-110.1553273764261
 72
     2
 10
-63.84138610343507
 20
-110.1553273761787
 40
0.300000000061118
 50
180.0000000472465
 51
270.0000000416882
 73
     1
 72
     1
 10
-63.84138610321679
 20
-110.4553273762399
 11
-62.64138610349618
 21
-110.4553273762399
 72
     2
 10
-62.64138610349618
 20
-109.4553273762399
 40
1.0
 50
270.0
 51
360.0
 73
     1
 72
     2
 10
-61.94138610330947
 20
-109.4553273762394
 40
0.2999999998132807
 50
359.9999999999131
 51
450.0000000000867
 73
     1
 72
     1
 10
-61.94138610330991
 20
-109.1553273764261
 11
-62.64138610349618
 21
-109.1553273764261
 72
     1
 10
-62.64138610349618
 20
-109.1553273764261
 11
-62.64138610349618
 21
-107.9553273762399
 72
     2
 10
-61.14138610349619
 20
-107.9553273762399
 40
1.5
 50
180.0
 51
270.0
 73
     0
 72
     1
 10
-61.14138610349619
 20
-106.4553273762399
 11
-57.94138610330993
 21
-106.4553273762399
 72
     1
 10
-57.94138610330993
 20
-106.4553273762399
 11
-57.94138610330993
 21
-109.1553273764261
 72
     1
 10
-57.94138610330993
 20
-109.1553273764261
 11
-58.64138610349619
 21
-109.1553273764261
 72
     2
 10
-58.64138610348185
 20
-109.4553273762542
 40
0.29999999982806
 50
90.00000000273578
 51
179.9999999972642
 73
     1
 72
     2
 10
-57.94138610331014
 20
-109.4553273762401
 40
0.9999999999997726
 50
179.999999999987
 51
270.000000000013
 73
     1
 72
     1
 10
-57.94138610330993
 20
-110.4553273762399
 11
-56.74138610312365
 21
-110.4553273762399
 72
     2
 10
-56.74138610312372
 20
-110.1553273764261
 40
0.2999999998137923
 50
270.0000000000108
 51
359.9999999999891
 73
     1
 72
     1
 10
-56.44138610330991
 20
-110.1553273764261
 11
-56.44138610330991
 21
-108.4553273762399
 72
     1
 10
-56.44138610330991
 20
-108.4553273762399
 11
-55.74138610312365
 21
-108.4553273762399
 72
     2
 10
-55.7413861031237
 20
-108.1553273764261
 40
0.2999999998137923
 50
270.0000000000108
 51
359.9999999999891
 73
     1
 72
     1
 10
-55.44138610330993
 20
-108.1553273764261
 11
-55.44138610330993
 21
-107.7553273765193
 72
     2
 10
-55.74138610335654
 20
-107.7553273762865
 40
0.300000000046623
 50
359.9999999555435
 51
449.9999999555218
 73
     1
 72
     1
 10
-55.74138610312365
 20
-107.4553273762399
 11
-56.44138610330991
 21
-107.4553273762399
 72
     1
 10
-56.44138610330991
 20
-107.4553273762399
 11
-56.44138610330991
 21
-106.2553273765193
 72
     1
 10
-56.44138610330991
 20
-106.2553273765193
 11
-42.14138610349619
 21
-106.2553273765193
 72
     1
 10
-42.14138610349619
 20
-106.2553273765193
 11
-42.14138610349619
 21
-107.4553273762399
 72
     1
 10
-42.14138610349619
 20
-107.4553273762399
 11
-42.84138610321678
 21
-107.4553273762399
 72
     2
 10
-42.84138610321672
 20
-107.7553273765193
 40
0.3000000002794536
 50
90.00000000001087
 51
179.9999999999891
 73
     1
 72
     1
 10
-43.14138610349618
 20
-107.7553273765193
 11
-43.14138610349618
 21
-127.7553273765193
 72
     1
 10
-43.14138610349618
 20
-127.7553273765193
 11
-42.84138610321678
 21
-128.055327376333
 72
     1
 10
-42.84138610321678
 20
-128.055327376333
 11
-43.14138610349618
 21
-128.3553273761467
 72
     1
 10
-43.14138610349618
 20
-128.3553273761467
 11
-43.14138610349618
 21
-138.9553273762399
 72
     2
 10
-42.64138610349617
 20
-138.9553273762399
 40
0.5
 50
180.0
 51
270.0
 73
     1
 72
     1
 10
-42.64138610349617
 20
-139.4553273762399
 11
-42.29138610340306
 21
-139.4553273762399
 72
     2
 10
-42.29138610340306
 20
-138.4553273762399
 40
1.0
 50
270.0
 51
360.0
 73
     1
 72
     1
 10
-41.29138610340304
 20
-138.4553273762399
 11
-41.29138610340304
 21
-137.9553273762399
 72
     1
 10
-41.29138610340304
 20
-137.9553273762399
 11
-42.14138610349619
 21
-137.9553273762399
 72
     1
 10
-42.14138610349619
 20
-137.9553273762399
 11
-42.14138610349619
 21
-133.8553273761467
 72
     2
 10
-41.84138610344985
 20
-133.8553273763793
 40
0.3000000000463387
 50
180.0000000444239
 51
270.0000000445108
 73
     0
 72
     1
 10
-41.84138610321679
 20
-133.555327376333
 11
-35.94138610330992
 21
-133.555327376333
 72
     2
 10
-35.94138610330976
 20
-133.8553273761466
 40
0.2999999998135649
 50
269.9999999999674
 51
360.0000000000326
 73
     0
 72
     1
 10
-35.64138610349619
 20
-133.8553273761467
 11
-35.64138610349619
 21
-137.9553273762399
 72
     1
 10
-35.64138610349619
 20
-137.9553273762399
 11
-38.29138610340307
 21
-137.9553273762399
 72
     1
 10
-38.29138610340307
 20
-137.9553273762399
 11
-38.29138610340307
 21
-138.4553273762399
 72
     2
 10
-37.29138610340283
 20
-138.4553273762396
 40
1.000000000000227
 50
180.000000000013
 51
269.999999999987
 73
     1
 72
     1
 10
-37.29138610340307
 20
-139.4553273762399
 11
-36.24138610312365
 21
-139.4553273762399
 72
     2
 10
-36.24138610335632
 20
-139.7553273762863
 40
0.3000000000463956
 50
270.0000000444348
 51
360.0000000444999
 73
     0
 72
     1
 10
-35.94138610330992
 20
-139.7553273765193
 11
-35.94138610330992
 21
-173.5999473947854
 72
     2
 10
-35.44138610330987
 20
-173.5999473947853
 40
0.500000000000057
 50
180.0000000000065
 51
269.9999999999935
 73
     1
 72
     1
 10
-35.44138610330993
 20
-174.0999473947854
 11
-33.94138610330993
 21
-174.0999473947854
 72
     2
 10
-33.94138610331014
 20
-173.0999473947852
 40
1.000000000000227
 50
270.000000000013
 51
359.999999999987
 73
     1
 72
     1
 10
-32.94138610330993
 20
-173.0999473947854
 11
-32.94138610330993
 21
-172.5999473947854
 72
     1
 10
-32.94138610330993
 20
-172.5999473947854
 11
-34.44138610330993
 21
-172.5999473947854
 72
     1
 10
-34.44138610330993
 20
-172.5999473947854
 11
-34.44138610330993
 21
-170.0999473947854
 72
     2
 10
-33.94138610330993
 20
-170.0999473947854
 40
0.5
 50
180.0
 51
270.0
 73
     0
 72
     1
 10
-33.94138610330993
 20
-169.5999473947854
 11
-27.94138610330993
 21
-169.5999473947854
 72
     2
 10
-27.94138610330993
 20
-170.0999473947854
 40
0.5
 50
270.0
 51
360.0
 73
     0
 72
     1
 10
-27.44138610330992
 20
-170.0999473947854
 11
-27.44138610330992
 21
-172.5999473947854
 72
     1
 10
-27.44138610330992
 20
-172.5999473947854
 11
-29.94138610330992
 21
-172.5999473947854
 72
     1
 10
-29.94138610330992
 20
-172.5999473947854
 11
-29.94138610330992
 21
-173.0999473947854
 72
     2
 10
-28.94138610330969
 20
-173.0999473947852
 40
1.000000000000227
 50
180.000000000013
 51
269.999999999987
 73
     1
 72
     1
 10
-28.94138610330993
 20
-174.0999473947854
 11
-28.24138610312366
 21
-174.0999473947854
 72
     2
 10
-28.24138610312366
 20
-174.5999473947854
 40
0.5
 50
270.0
 51
360.0
 73
     0
 72
     1
 10
-27.74138610312366
 20
-174.5999473947854
 11
-27.74138610312366
 21
-179.5999473947854
 72
     2
 10
-27.44138610330992
 20
-179.5999473947854
 40
0.2999999998137355
 50
180.0
 51
270.0
 73
     1
 72
     1
 10
-27.44138610330992
 20
-179.8999473945992
 11
-19.54138610340305
 21
-179.8999473945992
 72
     2
 10
-19.54138610340305
 20
-180.1999473948785
 40
0.3000000002793968
 50
270.0
 51
360.0
 73
     0
 72
     1
 10
-19.24138610312366
 20
-180.1999473948785
 11
-19.24138610312366
 21
-182.9059462444679
 72
     2
 10
-18.24138610312366
 20
-182.9059462444679
 40
1.0
 50
180.0
 51
270.0
 73
     1
 72
     1
 10
-18.24138610312366
 20
-183.9059462444678
 11
-17.24138610312366
 21
-183.9059462444678
 72
     2
 10
-17.24138610312389
 20
-182.9059462444677
 40
1.000000000000227
 50
270.000000000013
 51
359.999999999987
 73
     1
 72
     1
 10
-16.24138610312366
 20
-182.9059462444679
 11
-16.24138610312366
 21
-182.4059462444679
 72
     1
 10
-16.24138610312366
 20
-182.4059462444679
 11
-17.24138610312366
 21
-182.4059462444679
 72
     2
 10
-17.24138610312366
 20
-181.9059462444679
 40
0.5
 50
90.0
 51
180.0
 73
     0
 72
     1
 10
-17.74138610312366
 20
-181.9059462444679
 11
-17.74138610312366
 21
-180.3999473945991
 72
     2
 10
-17.24138610312366
 20
-180.3999473945991
 40
0.5
 50
180.0
 51
270.0
 73
     0
 72
     1
 10
-17.24138610312366
 20
-179.8999473945992
 11
-12.24138610312366
 21
-179.8999473945992
 97
        1
330
B1
 75
     1
 76
     1
 52
0.0
 41
1.0
 77
     0
 78
     2
 53
0.0
 43
-1237.286580702086
 44
-3815.802264887575
 45
0.0
 46
6.985
 79
     2
 49
5.08
 49
-1.905
 53
90.0
 43
-1237.286580702086
 44
-3815.802264887575
 45
-6.985
 46
0.0000000000000004
 79
     2
 49
5.08
 49
-1.905
 98
        1
 10
927.9544589537836
 20
-3815.802264887575
1001
GradientColor1ACI
1070
     5
1001
GradientColor2ACI
1070
     2
1001
ACAD
1010
0.0
1020
0.0
1030
0.0
1001
ACDBBLOCKREPETAG
1070
     1
1071
       32
1005
0
  0
HATCH
  5
A4
330
73
100
AcDbEntity
  8
ART_TARAMA
100
AcDbHatch
 10
0.0
 20
0.0
 30
0.0
210
0.0
220
0.0
230
1.0
  2
ANSI31
 70
     0
 71
     0
 91
        5
 92
        7
 72
     1
 73
     1
 93
      125
 10
-35.94138610330992
 20
-139.7553273762864
 42
0.4142135623730951
 10
-36.24138610335649
 20
-139.4553273762399
 42
0.0
 10
-37.29138610340307
 20
-139.4553273762399
 42
-0.4142135623730951
 10
-38.29138610340307
 20
-138.4553273762399
 42
0.0
 10
-38.29138610340307
 20
-137.9553273762399
 42
0.0
 10
-35.64138610349619
 20
-137.9553273762399
 42
0.0
 10
-35.64138610349619
 20
-133.8553273761467
 42
0.4142135623730949
 10
-35.94138610330992
 20
-133.555327376333
 42
0.0
 10
-41.84138610344962
 20
-133.555327376333
 42
0.4142135623730951
 10
-42.14138610349619
 20
-133.8553273763796
 42
0.0
 10
-42.14138610349619
 20
-137.9553273762399
 42
0.0
 10
-41.29138610340304
 20
-137.9553273762399
 42
0.0
 10
-41.29138610340304
 20
-138.4553273762399
 42
-0.4142135623730951
 10
-42.29138610340306
 20
-139.4553273762399
 42
0.0
 10
-42.64138610349617
 20
-139.4553273762399
 42
-0.4142135623730951
 10
-43.14138610349618
 20
-138.9553273762399
 42
0.0
 10
-43.14138610349618
 20
-128.3553273761467
 42
0.0
 10
-42.84138610321678
 20
-128.055327376333
 42
0.0
 10
-43.14138610349618
 20
-127.7553273765193
 42
0.0
 10
-43.14138610349618
 20
-107.7553273765193
 42
-0.4142135623730952
 10
-42.84138610321678
 20
-107.4553273762399
 42
0.0
 10
-42.14138610349619
 20
-107.4553273762399
 42
0.0
 10
-42.14138610349619
 20
-106.2553273765193
 42
0.0
 10
-56.44138610330991
 20
-106.2553273765193
 42
0.0
 10
-56.44138610330991
 20
-107.4553273762399
 42
0.0
 10
-55.7413861033565
 20
-107.4553273762399
 42
-0.4142135623730951
 10
-55.44138610330993
 20
-107.7553273762864
 42
0.0
 10
-55.44138610330993
 20
-108.1553273764261
 42
-0.4142135623730951
 10
-55.74138610312365
 20
-108.4553273762399
 42
0.0
 10
-56.44138610330991
 20
-108.4553273762399
 42
0.0
 10
-56.44138610330991
 20
-110.1553273764261
 42
-0.4142135623730951
 10
-56.74138610312365
 20
-110.4553273762399
 42
0.0
 10
-57.94138610330993
 20
-110.4553273762399
 42
-0.4142135623671973
 10
-58.94138610330991
 20
-109.4553273762603
 42
-0.4142135623789917
 10
-58.64138610348163
 20
-109.1553273764261
 42
0.0
 10
-57.94138610330993
 20
-109.1553273764261
 42
0.0
 10
-57.94138610330993
 20
-106.4553273762399
 42
0.0
 10
-61.14138610349619
 20
-106.4553273762399
 42
0.4142135623730966
 10
-62.64138610349618
 20
-107.9553273762399
 42
0.0
 10
-62.64138610349618
 20
-109.1553273764261
 42
0.0
 10
-61.94138610330991
 20
-109.1553273764261
 42
-0.4142135623729078
 10
-61.64138610349619
 20
-109.4553273762394
 42
-0.4142135623732845
 10
-62.64138610349618
 20
-110.4553273762399
 42
0.0
 10
-63.84138610343507
 20
-110.4553273762399
 42
-0.4142135623730951
 10
-64.14138610349619
 20
-110.1553273761787
 42
0.0
 10
-64.14138610349619
 20
-107.6553273764261
 42
-0.4142135623730951
 10
-61.14138610349619
 20
-104.6553273764261
 42
0.0
 10
-26.24138610312366
 20
-104.6553273764261
 42
-0.4142135623730952
 10
-25.94138610330992
 20
-104.9553273762399
 42
0.0
 10
-25.94138610330992
 20
-159.9999473946923
 42
0.0
 10
-25.41380005500105
 20
-159.9999473946923
 42
0.4091691634031436
 10
-24.92200832688832
 20
-160.5000121006565
 42
0.0956604446525135
 10
-23.60399380848685
 20
-159.9999473946923
 42
0.0
 10
-21.56266118238272
 20
-159.9999473946923
 42
0.0
 10
-20.7313313257182
 20
-160.4799159113281
 42
0.8390996312606514
 10
-20.54142465926998
 20
-160.2535939593176
 42
0.0
 10
-20.75425939813431
 20
-159.9999473946923
 42
0.0
 10
-19.36266118247295
 20
-159.9999473946923
 42
0.0
 10
-18.53133132551738
 20
-160.4799159113395
 42
0.8390996311976095
 10
-18.34142465908371
 20
-160.2535939593181
 42
0.0
 10
-18.55425939794804
 20
-159.9999473946923
 42
0.0
 10
-17.16266118260682
 20
-159.9999473946923
 42
0.0
 10
-16.33133132581133
 20
-160.4799159113336
 42
0.8390996312313044
 10
-16.14142465936311
 20
-160.2535939593181
 42
0.0
 10
-16.35425939822743
 20
-159.9999473946923
 42
0.0
 10
-14.96266118256608
 20
-159.9999473946923
 42
0.0
 10
-14.13133132561052
 20
-160.4799159113395
 42
0.8390996311280037
 10
-13.94142465914774
 20
-160.2535939593372
 42
0.0
 10
-14.15425939796842
 20
-159.9999473946923
 42
0.0
 10
-10.54138610340305
 20
-159.9999473946923
 42
-0.4142135623730949
 10
-10.24138610312366
 20
-160.2999473949717
 42
0.0
 10
-10.24138610312366
 20
-173.0999473945526
 42
-0.4142135623730951
 10
-10.54138610317022
 20
-173.399947394599
 42
0.0
 10
-18.74642861026223
 20
-173.399947394599
 42
0.0655434628376594
 10
-19.60053145958227
 20
-173.5123921679474
 42
0.0
 10
-20.67785086215008
 20
-173.8010590319581
 42
0.3394542588384779
 10
-21.64138610349619
 20
-175.0567626062234
 42
0.0
 10
-21.64138610349619
 20
-175.8999473945991
 42
0.0
 10
-21.64138610349619
 20
-176.7431321832077
 42
0.3394542589509175
 10
-20.67785086142249
 20
-177.9988357579018
 42
0.0
 10
-19.6005314583017
 20
-178.2875026215952
 42
0.0655434627364043
 10
-18.74642861026223
 20
-178.3999473945991
 42
0.0
 10
-10.04138610340305
 20
-178.3999473945991
 42
-0.4142135623730935
 10
-9.741386103123659
 20
-178.6999473948785
 42
0.0
 10
-9.741386103123659
 20
-183.4059462444679
 42
-0.4142135623730951
 10
-10.24138610312366
 20
-183.9059462444678
 42
0.0
 10
-11.34138610321679
 20
-183.9059462444678
 42
0.4142135623730951
 10
-11.64138610303052
 20
-184.2059462442817
 42
0.0
 10
-11.64138610303052
 20
-188.4999473946923
 42
-0.4142135623730951
 10
-11.94138610330992
 20
-188.7999473949717
 42
0.0
 10
-12.94138610307709
 20
-188.7999473949717
 42
-0.4142135623730935
 10
-13.24138610312366
 20
-188.4999473949251
 42
0.0
 10
-13.24138610312366
 20
-182.4059462444679
 42
0.0
 10
-11.24138610312366
 20
-182.4059462444679
 42
0.0
 10
-11.24138610312366
 20
-180.3999473945991
 42
0.4142135623730951
 10
-11.74138610312366
 20
-179.8999473945992
 42
0.0
 10
-17.24138610312366
 20
-179.8999473945992
 42
0.4142135623730951
 10
-17.74138610312366
 20
-180.3999473945991
 42
0.0
 10
-17.74138610312366
 20
-181.9059462444679
 42
0.4142135623730951
 10
-17.24138610312366
 20
-182.4059462444679
 42
0.0
 10
-16.24138610312366
 20
-182.4059462444679
 42
0.0
 10
-16.24138610312366
 20
-182.9059462444679
 42
-0.4142135623730951
 10
-17.24138610312366
 20
-183.9059462444678
 42
0.0
 10
-18.24138610312366
 20
-183.9059462444678
 42
-0.4142135623730951
 10
-19.24138610312366
 20
-182.9059462444679
 42
0.0
 10
-19.24138610312366
 20
-180.1999473948785
 42
0.414213562373094
 10
-19.54138610340305
 20
-179.8999473945992
 42
0.0
 10
-27.44138610330992
 20
-179.8999473945992
 42
-0.4142135623730951
 10
-27.74138610312366
 20
-179.5999473947854
 42
0.0
 10
-27.74138610312366
 20
-174.5999473947854
 42
0.4142135623730951
 10
-28.24138610312366
 20
-174.0999473947854
 42
0.0
 10
-28.94138610330993
 20
-174.0999473947854
 42
-0.4142135623730951
 10
-29.94138610330992
 20
-173.0999473947854
 42
0.0
 10
-29.94138610330992
 20
-172.5999473947854
 42
0.0
 10
-27.44138610330992
 20
-172.5999473947854
 42
0.0
 10
-27.44138610330992
 20
-170.0999473947854
 42
0.4142135623730951
 10
-27.94138610330993
 20
-169.5999473947854
 42
0.0
 10
-33.94138610330993
 20
-169.5999473947854
 42
0.4142135623730951
 10
-34.44138610330993
 20
-170.0999473947854
 42
0.0
 10
-34.44138610330993
 20
-172.5999473947854
 42
0.0
 10
-32.94138610330993
 20
-172.5999473947854
 42
0.0
 10
-32.94138610330993
 20
-173.0999473947854
 42
-0.4142135623730951
 10
-33.94138610330993
 20
-174.0999473947854
 42
0.0
 10
-35.44138610330993
 20
-174.0999473947854
 42
-0.4142135623730951
 10
-35.94138610330992
 20
-173.5999473947854
 42
0.0
 97
        0
 92
        8
 93
        4
 72
     1
 10
-29.15366182393336
 20
-132.0025937812547
 11
-29.15366182393336
 21
-141.4462158822098
 72
     1
 10
-29.15366182393336
 20
-141.4462158822098
 11
-32.06392785394565
 21
-141.4462158822098
 72
     1
 10
-32.06392785394565
 20
-141.4462158822098
 11
-32.06392785394565
 21
-132.0025937812547
 72
     1
 10
-32.06392785394565
 20
-132.0025937812547
 11
-29.15366182393336
 21
-132.0025937812547
 97
        0
 92
        8
 93
        4
 72
     1
 10
-13.53911625230103
 20
-168.490092159278
 11
-22.98273835325381
 21
-168.490092159278
 72
     1
 10
-22.98273835325381
 20
-168.490092159278
 11
-22.98273835325381
 21
-165.5798261292643
 72
     1
 10
-22.98273835325381
 20
-165.5798261292643
 11
-13.53911625230103
 21
-165.5798261292643
 72
     1
 10
-13.53911625230103
 20
-165.5798261292643
 11
-13.53911625230103
 21
-168.490092159278
 97
        0
 92
        4
 93
       20
 72
     1
 10
-34.14138610349619
 20
-167.7999473949717
 11
-34.14138610349619
 21
-132.3553273761467
 72
     2
 10
-34.44138610330993
 20
-132.3553273761467
 40
0.2999999998140765
 50
360.0
 51
449.9999999999565
 73
     1
 72
     1
 10
-34.44138610330993
 20
-132.0553273763325
 11
-41.34138610321679
 21
-132.055327376333
 72
     2
 10
-41.34138610321679
 20
-131.7553273760541
 40
0.300000000278942
 50
89.99999999993486
 51
180.0000000000868
 73
     0
 72
     1
 10
-41.64138610349619
 20
-131.7553273760536
 11
-41.64138610349619
 21
-109.2553273765193
 72
     2
 10
-41.34138610321679
 20
-109.2553273765193
 40
0.3000000002798515
 50
-180.0
 51
-90.00000000006512
 73
     0
 72
     1
 10
-41.34138610321679
 20
-108.9553273762394
 11
-40.94138610330992
 21
-108.9553273762399
 72
     2
 10
-40.94138610330992
 20
-108.6553273764266
 40
0.2999999998132807
 50
269.9999999999349
 51
360.0000000000869
 73
     1
 72
     1
 10
-40.64138610349618
 20
-108.6553273764261
 11
-40.64138610349618
 21
-106.5553273765658
 72
     2
 10
-40.34138610344961
 20
-106.5553273765658
 40
0.3000000000463387
 50
-180.0
 51
-89.99999999995656
 73
     0
 72
     1
 10
-40.34138610344961
 20
-106.2553273765193
 11
-35.44138610330993
 21
-106.2553273765193
 72
     2
 10
-35.44138610330993
 20
-106.5553273763325
 40
0.2999999998132807
 50
-90.00000000006512
 51
0.0000000000868419
 73
     0
 72
     1
 10
-35.14138610349619
 20
-106.555327376333
 11
-35.14138610349619
 21
-107.4553273762399
 72
     2
 10
-34.84138610321679
 20
-107.4553273762399
 40
0.3000000002798515
 50
540.0
 51
629.9999999999347
 73
     1
 72
     1
 10
-34.84138610321679
 20
-107.7553273765197
 11
-34.44138610354276
 21
-107.7553273765193
 72
     2
 10
-34.44138610354276
 20
-107.4553273764727
 40
0.3000000000465661
 50
269.9999999999131
 51
360.0
 73
     1
 72
     1
 10
-34.14138610349619
 20
-107.4553273764727
 11
-34.14138610349619
 21
-106.2553273765188
 72
     1
 10
-34.14138610349619
 20
-106.2553273765188
 11
-27.44138610330992
 21
-106.2553273765193
 72
     1
 10
-27.44138610330992
 20
-106.2553273765193
 11
-27.44138610330992
 21
-167.7999473949721
 72
     1
 10
-27.44138610330992
 20
-167.7999473949721
 11
-34.14138610349619
 21
-167.7999473949717
 97
        0
 92
        4
 93
       13
 72
     1
 10
-23.14138610349619
 20
-175.0567626060706
 11
-23.14138610349619
 21
-175.8999473945991
 72
     1
 10
-23.14138610349619
 20
-175.8999473945991
 11
-23.14138610349619
 21
-176.743132182552
 72
     2
 10
-20.34138610343507
 20
-176.7431321825511
 40
2.800000000061345
 50
540.0
 51
565.9560976950388
 73
     1
 72
     2
 10
-23.12868811099907
 20
-178.0999473945239
 40
0.3000000000747557
 50
-25.95609769496647
 51
89.99999999995656
 73
     0
 72
     1
 10
-23.12868811099907
 20
-178.3999473945987
 11
-25.64138610349619
 21
-178.3999473945991
 72
     2
 10
-25.64138610349619
 20
-178.0999473947859
 40
0.2999999998132807
 50
89.99999999993486
 51
180.0000000000868
 73
     0
 72
     1
 10
-25.94138610330992
 20
-178.0999473947854
 11
-25.94138610330992
 21
-161.7999473945065
 72
     1
 10
-25.94138610330992
 20
-161.7999473945065
 11
-11.74138610312366
 21
-161.7999473945056
 72
     1
 10
-11.74138610312366
 20
-161.7999473945056
 11
-11.74138610312366
 21
-171.8999473945991
 72
     1
 10
-11.74138610312366
 20
-171.8999473945991
 11
-18.74642861061147
 21
-171.8999473945991
 72
     2
 10
-18.74642861061147
 20
-176.6999473940131
 40
4.799999999414011
 50
450.0000000000135
 51
464.9999999989393
 73
     1
 72
     1
 10
-19.98876002687029
 20
-172.0635034283686
 11
-21.06607942961273
 21
-172.3521702923035
 72
     2
 10
-20.34138610334776
 20
-175.0567626060706
 40
2.800000000148951
 50
464.999999998908
 51
540.0
 73
     1
 97
        0
 75
     0
 76
     1
 52
0.0
 41
0.1
 77
     0
 78
     1
 53
45.0
 43
-1237.286580702086
 44
-3815.802264887575
 45
-0.2245064030267288
 46
0.2245064030267288
 79
     0
 47
0.0448804325902573
 98
        5
 10
-34.78918348602019
 20
-168.0126493574175
 10
-34.78918348602019
 20
-168.0126493574175
 10
-19.53234589556814
 20
-167.8784628231469
 10
-33.01834163174499
 20
-131.4865897426912
 10
-34.78918348602019
 20
-168.0126493574175
1001
GradientColor1ACI
1070
     5
1001
GradientColor2ACI
1070
     2
1001
ACAD
1010
0.0
1020
0.0
1030
0.0
1001
ACDBBLOCKREPETAG
1070
     1
1071
       33
1005
0
  0
LWPOLYLINE
  5
A5
102
{ACAD_REACTORS
330
A1
102
}
330
73
100
AcDbEntity
  8
ART_PROFIL
 48
0.5
370
    -2
100
AcDbPolyline
 90
       20
 70
     1
 43
0.0
 10
-41.34138610321679
 20
-132.055327376333
 42
-0.4142135623730951
 10
-41.64138610349619
 20
-131.7553273760536
 10
-41.64138610349619
 20
-109.2553273765193
 42
-0.4142135623728735
 10
-41.34138610321679
 20
-108.9553273762399
 10
-40.94138610330992
 20
-108.9553273762399
 42
0.4142135623730951
 10
-40.64138610349618
 20
-108.6553273764261
 10
-40.64138610349618
 20
-106.555327376333
 42
-0.4142135623730951
 10
-40.34138610321678
 20
-106.2553273765193
 10
-35.44138610330993
 20
-106.2553273765193
 42
-0.4142135623728729
 10
-35.14138610349619
 20
-106.555327376333
 10
-35.14138610349619
 20
-107.4553273762399
 42
0.4142135623728729
 10
-34.84138610321679
 20
-107.7553273765193
 10
-34.44138610330993
 20
-107.7553273765193
 42
0.4142135623730951
 10
-34.14138610349619
 20
-107.4553273762399
 10
-34.14138610349619
 20
-106.2553273765193
 10
-27.44138610330992
 20
-106.2553273765193
 10
-27.44138610330992
 20
-167.7999473949717
 10
-34.14138610349619
 20
-167.7999473949717
 10
-34.14138610349619
 20
-132.3553273761467
 42
0.4142135623728729
 10
-34.44138610330993
 20
-132.055327376333
1001
ACDBBLOCKREPETAG
1070
     1
1071
       34
1005
0
  0
HATCH
  5
A8
330
73
100
AcDbEntity
  8
ART_TARAMA
100
AcDbHatch
 10
0.0
 20
0.0
 30
0.0
210
0.0
220
0.0
230
1.0
  2
ANSI37
 70
     0
 71
     0
 91
        2
 92
        1
 93
       64
 72
     2
 10
-65.35367873185896
 20
-168.0935373953366
 40
0.2000000000829667
 50
149.9999999861489
 51
179.9999999861256
 73
     1
 72
     1
 10
-65.55367873204523
 20
-168.0935373948709
 11
-65.55367873204523
 21
-168.2999473949717
 72
     2
 10
-65.15367873213836
 20
-168.2999473949717
 40
0.3999999999941792
 50
180.0000000041688
 51
270.0000000041689
 73
     1
 72
     1
 10
-65.15367873213836
 20
-168.6999473953441
 11
-64.55367873204522
 21
-168.6999473953441
 72
     1
 10
-64.55367873204522
 20
-168.6999473953441
 11
-64.55367873204522
 21
-168.5999473952511
 72
     1
 10
-64.55367873204522
 20
-168.5999473952511
 11
-64.17867873204523
 21
-168.5999473952511
 72
     2
 10
-64.17867873204523
 20
-168.3999473950648
 40
0.1999999999825377
 50
269.9999999916624
 51
359.9999999916625
 73
     1
 72
     1
 10
-63.97867873185895
 20
-168.3999473950648
 11
-63.97867873185895
 21
-168.2881411267267
 72
     2
 10
-64.17867873204523
 20
-168.2881411267267
 40
0.1999999999388107
 50
359.9999999945937
 51
385.0078332306351
 73
     1
 72
     2
 10
-63.45367873195209
 20
-167.9499473953441
 40
0.6000000000194571
 50
154.9921667639614
 51
385.0078332360386
 73
     0
 72
     2
 10
-62.72867873185895
 20
-168.2881411267267
 40
0.1999999999679858
 50
154.9921667317202
 51
179.9999999677568
 73
     1
 72
     1
 10
-62.92867873204523
 20
-168.2881411267267
 11
-62.92867873204523
 21
-168.3999473955305
 72
     2
 10
-62.72867873185895
 20
-168.3999473950648
 40
0.1999999999825377
 50
180.0000000083377
 51
270.0000000083376
 73
     1
 72
     1
 10
-62.72867873185895
 20
-168.5999473952511
 11
-62.35367873185897
 21
-168.5999473952511
 72
     1
 10
-62.35367873185897
 20
-168.5999473952511
 11
-62.35367873185897
 21
-168.6999473953441
 72
     1
 10
-62.35367873185897
 20
-168.6999473953441
 11
-61.75367873176583
 21
-168.6999473953441
 72
     2
 10
-61.75367873176583
 20
-168.2999473949717
 40
0.3999999999650754
 50
270.0
 51
360.0
 73
     1
 72
     1
 10
-61.35367873185895
 20
-168.2999473949717
 11
-61.35367873185895
 21
-168.0935373948709
 72
     2
 10
-61.55367873204522
 20
-168.0935373948709
 40
0.2000000000539427
 50
359.9999999828037
 51
389.9999999827743
 73
     1
 72
     1
 10
-61.38047365113743
 20
-167.9935373952435
 11
-62.39649905511759
 21
-166.233729395532
 72
     2
 10
-61.7036787319521
 20
-165.8337293951595
 40
0.8000000000265572
 50
150.0000000052644
 51
180.0000000052761
 73
     0
 72
     1
 10
-62.50367873176582
 20
-165.8337293951595
 11
-62.50367873176582
 21
-164.5149833950968
 72
     2
 10
-62.70367873195209
 20
-164.5149833950968
 40
0.200000000023043
 50
359.9999999946586
 51
414.9999999946853
 73
     1
 72
     1
 10
-62.58896344449023
 20
-164.3511529862703
 11
-65.36839401922771
 21
-162.4049748042421
 72
     2
 10
-65.25367873176581
 20
-162.2411443949499
 40
0.1999999999966349
 50
124.9999999810569
 51
179.9999999809799
 73
     0
 72
     1
 10
-65.4536787319521
 20
-162.2411443949499
 11
-65.4536787319521
 21
-160.7587503949003
 72
     2
 10
-65.25367873176581
 20
-160.7587503949003
 40
0.1999999999962452
 50
180.0000000190202
 51
235.0000000190498
 73
     0
 72
     1
 10
-65.36839401922771
 20
-160.5949199860738
 11
-62.58896344449023
 21
-158.6487418035799
 72
     2
 10
-62.70367873195209
 20
-158.4849113952191
 40
0.2000000000230102
 50
305.0000000053146
 51
360.0000000053413
 73
     1
 72
     1
 10
-62.50367873176582
 20
-158.4849113952191
 11
-62.50367873176582
 21
-157.1661653951564
 72
     2
 10
-61.7036787319521
 20
-157.1661653951564
 40
0.8000000000270496
 50
179.9999999947402
 51
209.9999999947331
 73
     0
 72
     1
 10
-62.39649905511759
 20
-156.7661653952495
 11
-61.38047365113743
 21
-155.0063573950724
 72
     2
 10
-61.55367873204522
 20
-154.9063573949793
 40
0.200000000053933
 50
330.0000000172822
 51
360.0000000172615
 73
     1
 72
     1
 10
-61.35367873185895
 20
-154.9063573949793
 11
-61.35367873185895
 21
-154.6999473948785
 72
     2
 10
-61.75367873176583
 20
-154.6999473953441
 40
0.3999999999650754
 50
0.0
 51
90.00000000000001
 73
     1
 72
     1
 10
-61.75367873176583
 20
-154.2999473949717
 11
-62.35367873185897
 21
-154.2999473949717
 72
     1
 10
-62.35367873185897
 20
-154.2999473949717
 11
-62.35367873185897
 21
-154.3999473950648
 72
     1
 10
-62.35367873185897
 20
-154.3999473950648
 11
-62.72867873185895
 21
-154.3999473950648
 72
     2
 10
-62.72867873185895
 20
-154.5999473952511
 40
0.1999999999825377
 50
89.99999999166245
 51
179.9999999916624
 73
     1
 72
     1
 10
-62.92867873204523
 20
-154.5999473952511
 11
-62.92867873204523
 21
-154.7117536635892
 72
     2
 10
-62.72867873185895
 20
-154.7117536635892
 40
0.1999999999679929
 50
180.0000000322432
 51
205.0078332682798
 73
     1
 72
     2
 10
-63.45367873195209
 20
-155.0499473949717
 40
0.6000000000194571
 50
334.9921667639614
 51
565.0078332360386
 73
     0
 72
     2
 10
-64.17867873204523
 20
-154.7117536635892
 40
0.1999999999388819
 50
334.9921667693648
 51
360.0000000054063
 73
     1
 72
     1
 10
-63.97867873185895
 20
-154.7117536635892
 11
-63.97867873185895
 21
-154.5999473947854
 72
     2
 10
-64.17867873204523
 20
-154.5999473952511
 40
0.1999999999825377
 50
0.0000000083375824
 51
90.00000000833759
 73
     1
 72
     1
 10
-64.17867873204523
 20
-154.3999473950648
 11
-64.55367873204522
 21
-154.3999473950648
 72
     1
 10
-64.55367873204522
 20
-154.3999473950648
 11
-64.55367873204522
 21
-154.2999473949717
 72
     1
 10
-64.55367873204522
 20
-154.2999473949717
 11
-65.15367873213836
 21
-154.2999473949717
 72
     2
 10
-65.15367873213836
 20
-154.6999473953441
 40
0.3999999999941792
 50
89.99999999583119
 51
179.9999999958312
 73
     1
 72
     1
 10
-65.55367873204523
 20
-154.6999473953441
 11
-65.55367873204523
 21
-154.9063573954449
 72
     2
 10
-65.35367873185896
 20
-154.9063573949793
 40
0.2000000000211995
 50
180.0000000237101
 51
209.9999946825518
 73
     1
 72
     1
 10
-65.52688382207996
 20
-155.0063573787743
 11
-64.51085840878659
 21
-156.7661653947839
 72
     2
 10
-65.20367873195209
 20
-157.1661653951564
 40
0.8000000000561158
 50
329.9999999974831
 51
359.9999999974759
 73
     0
 72
     1
 10
-64.40367873213836
 20
-157.1661653951564
 11
-64.40367873213836
 21
-157.4437773953946
 72
     2
 10
-64.70367873195209
 20
-157.4437773949289
 40
0.300000000006603
 50
359.9999999974377
 51
414.9999999974665
 73
     0
 72
     1
 10
-64.53160580122494
 20
-157.6895230086343
 11
-67.26839401960024
 21
-159.605842986592
 72
     2
 10
-67.15367873213835
 20
-159.7696733949528
 40
0.200000000023465
 50
125.000000005384
 51
180.0000000052761
 73
     1
 72
     1
 10
-67.35367873185897
 20
-159.7696733949528
 11
-67.35367873185897
 21
-163.2302213948974
 72
     2
 10
-67.15367873213835
 20
-163.230221395363
 40
0.200000000023043
 50
179.9999999946587
 51
234.9999999946854
 73
     1
 72
     1
 10
-67.26839401913458
 20
-163.3940518041895
 11
-64.53160580075928
 21
-165.3103717821473
 72
     2
 10
-64.70367873195209
 20
-165.5561173949213
 40
0.2999999999506144
 50
304.9999999969709
 51
359.9999999970038
 73
     0
 72
     1
 10
-64.40367873213836
 20
-165.5561173949213
 11
-64.40367873213836
 21
-165.8337293946938
 72
     2
 10
-65.20367873195209
 20
-165.8337293951595
 40
0.8000000000556799
 50
0.0000000025078038
 51
30.00000000251902
 73
     0
 72
     1
 10
-64.51085840878659
 20
-166.2337293950663
 11
-65.52688381230109
 21
-167.9935373952435
 97
        0
 92
        1
 93
        2
 72
     2
 10
-53.83715404631221
 20
-168.0935373953366
 40
0.2000000000829667
 50
0.0000000138743937
 51
30.00000001385111
 73
     1
 72
     2
 10
-53.83715404631221
 20
-168.0935373953366
 40
0.2000000000830369
 50
329.9999999861487
 51
359.9999999861258
 73
     0
 97
        0
 75
     0
 76
     1
 52
-0.0000000000000254
 41
0.3
 77
     0
 78
     2
 53
44.99999999999999
 43
-1993.67552192384
 44
-802.0661255460986
 45
-0.6735192090801863
 46
0.6735192090801867
 79
     0
 53
134.9999999999999
 43
-1993.67552192384
 44
-802.0661255460986
 45
-0.6735192090801867
 46
-0.6735192090801863
 79
     0
 98
        1
 10
-2447.989978690777
 20
-1708.405923278053
1001
ACAD
1010
0.0
1020
0.0
1030
0.0
1001
ACDBBLOCKREPETAG
1070
     1
1071
       35
1005
0
  0
LWPOLYLINE
  5
A9
330
73
100
AcDbEntity
  8
ART_BARIYER
100
AcDbPolyline
 90
       66
 70
     0
 43
0.0
 10
-65.52688381276675
 20
-167.9935373952435
 42
0.1316524975872427
 10
-65.55367873204523
 20
-168.0935373948709
 42
-0.1316524975872427
 10
-65.52688381276675
 20
-167.9935373952435
 10
-64.51085840878659
 20
-166.2337293950663
 42
0.1316524975874106
 10
-64.40367873213836
 20
-165.8337293951595
 10
-64.40367873213836
 20
-165.5561173949213
 42
0.2446984432291633
 10
-64.53160580122494
 20
-165.3103717816816
 10
-67.26839401913458
 20
-163.3940518041895
 42
-0.2446984432290996
 10
-67.35367873185897
 20
-163.2302213948974
 10
-67.35367873185897
 20
-159.7696733949528
 42
-0.2446984432288626
 10
-67.26839401913458
 20
-159.6058429861264
 10
-64.53160580122494
 20
-157.6895230086343
 42
0.2446984432290161
 10
-64.40367873213836
 20
-157.4437773949289
 10
-64.40367873213836
 20
-157.1661653951564
 42
0.1316524975873632
 10
-64.51085840878659
 20
-156.7661653952495
 10
-65.52688382207996
 20
-155.0063573787743
 42
-0.1316524738781093
 10
-65.55367873204523
 20
-154.9063573949793
 10
-65.55367873204523
 20
-154.6999473953441
 42
-0.4142135623730961
 10
-65.15367873213836
 20
-154.2999473949717
 10
-64.55367873204522
 20
-154.2999473949717
 10
-64.55367873204522
 20
-154.3999473950648
 10
-64.17867873204523
 20
-154.3999473950648
 42
-0.4142135623730951
 10
-63.97867873185895
 20
-154.5999473952511
 10
-63.97867873185895
 20
-154.7117536635892
 42
-0.1095524007000913
 10
-63.99742873213836
 20
-154.7963020964348
 42
1.569922388263953
 10
-62.90992873176582
 20
-154.7963020964348
 42
-0.1095524007000913
 10
-62.92867873204523
 20
-154.7117536635892
 10
-62.92867873204523
 20
-154.5999473952511
 42
-0.4142135623730951
 10
-62.72867873185895
 20
-154.3999473950648
 10
-62.35367873185897
 20
-154.3999473950648
 10
-62.35367873185897
 20
-154.2999473949717
 10
-61.75367873176583
 20
-154.2999473949717
 42
-0.4142135623730919
 10
-61.35367873185895
 20
-154.6999473953441
 10
-61.35367873185895
 20
-154.9063573949793
 42
-0.1316524975873982
 10
-61.38047365113743
 20
-155.0063573950724
 10
-62.39649905511759
 20
-156.7661653952495
 42
0.1316524975873822
 10
-62.50367873176582
 20
-157.1661653951564
 10
-62.50367873176582
 20
-158.4849113952191
 42
-0.2446984432291243
 10
-62.58896344449023
 20
-158.6487418040456
 10
-65.36839401922771
 20
-160.5949199860738
 42
0.2446984432291223
 10
-65.4536787319521
 20
-160.7587503949003
 10
-65.4536787319521
 20
-162.2411443949499
 42
0.2446984432288639
 10
-65.36839401922771
 20
-162.4049748037764
 10
-62.58896344449023
 20
-164.3511529862703
 42
-0.2446984432289917
 10
-62.50367873176582
 20
-164.5149833950968
 10
-62.50367873176582
 20
-165.8337293951595
 42
0.1316524975874312
 10
-62.39649905511759
 20
-166.2337293950663
 10
-61.38047365113743
 20
-167.9935373952435
 42
-0.1316524975872053
 10
-61.35367873185895
 20
-168.0935373948709
 10
-61.35367873185895
 20
-168.2999473949717
 42
-0.4142135623730982
 10
-61.75367873176583
 20
-168.6999473953441
 10
-62.35367873185897
 20
-168.6999473953441
 10
-62.35367873185897
 20
-168.5999473952511
 10
-62.72867873185895
 20
-168.5999473952511
 42
-0.414213562373094
 10
-62.92867873204523
 20
-168.3999473950648
 10
-62.92867873204523
 20
-168.2881411267267
 42
-0.1095524007000914
 10
-62.90992873176582
 20
-168.2035926938811
 42
1.569922388263953
 10
-63.99742873213836
 20
-168.2035926938811
 42
-0.1095524007000913
 10
-63.97867873185895
 20
-168.2881411267267
 10
-63.97867873185895
 20
-168.3999473950648
 42
-0.4142135623730982
 10
-64.17867873204523
 20
-168.5999473952511
 10
-64.55367873204522
 20
-168.5999473952511
 10
-64.55367873204522
 20
-168.6999473953441
 10
-65.15367873213836
 20
-168.6999473953441
 42
-0.414213562373094
 10
-65.55367873204523
 20
-168.2999473949717
 10
-65.55367873204523
 20
-168.0935373948709
1001
ACDBBLOCKREPETAG
1070
     1
1071
       36
1005
0
  0
HATCH
  5
AA
330
73
100
AcDbEntity
  8
ART_SILIKON
  6
Continuous
370
    -2
100
AcDbHatch
 10
0.0
 20
0.0
 30
0.0
210
0.0
220
0.0
230
1.0
  2
ANSI34
 70
     0
 71
     0
 91
        1
 92
        7
 72
     1
 73
     1
 93
        4
 10
-49.12419770998531
 20
-179.7999473949717
 42
0.1752113850715109
 10
-49.12419770998531
 20
-185.7999473949717
 42
0.0
 10
-65.87430028352537
 20
-185.7999473949717
 42
0.0
 10
-65.87430028352537
 20
-179.7999473949717
 42
0.0
 97
        0
 75
     0
 76
     1
 52
89.99999999999998
 41
0.1
 77
     0
 78
     4
 53
134.9999999999999
 43
-4170.663753757863
 44
-1278.907793856674
 45
-1.347038418160372
 46
-1.347038418160372
 79
     0
 53
134.9999999999999
 43
-4170.663753757863
 44
-1278.458780856785
 45
-1.347038418160372
 46
-1.347038418160372
 79
     0
 53
134.9999999999999
 43
-4170.663753757863
 44
-1278.009767856431
 45
-1.347038418160372
 46
-1.347038418160372
 79
     0
 53
134.9999999999999
 43
-4170.663753757863
 44
-1277.560753856768
 45
-1.347038418160372
 46
-1.347038418160372
 79
     0
 47
0.0764599769616797
 98
        1
 10
-57.66644622912281
 20
-182.6286805881941
1001
ACAD
1010
0.0
1020
0.0
1030
0.0
1001
ACDBBLOCKREPETAG
1070
     1
1071
       37
1005
0
  0
HATCH
  5
AB
330
73
100
AcDbEntity
  8
ART_SILIKON
  6
Continuous
370
    -2
100
AcDbHatch
 10
0.0
 20
0.0
 30
0.0
210
0.0
220
0.0
230
1.0
  2
AR-HBONE
 70
     0
 71
     0
 91
        2
 92
        7
 72
     0
 73
     1
 93
        4
 10
-65.87430028352537
 20
-185.7999473949717
 10
-68.05953068812961
 20
-185.7999473949717
 10
-68.05953068812961
 20
-179.7999473949717
 10
-65.87430028352537
 20
-179.7999473949717
 97
        0
 92
        7
 72
     0
 73
     1
 93
        4
 10
-68.05953068812961
 20
-179.7999473949717
 10
-68.05953068812961
 20
-185.7999473949717
 10
-72.92300200244063
 20
-185.7999473949717
 10
-72.92300200244063
 20
-179.7999473949717
 97
        0
 75
     0
 76
     1
 52
-0.0000000000000127
 41
0.2
 77
     0
 78
     2
 53
44.99999999999999
 43
-2290.313624081347
 44
-2198.407147241273
 45
0.0000000000000004
 46
1.131370849898475
 79
     2
 49
2.399999999999999
 49
-0.8
 53
134.9999999999999
 43
-2289.747938656394
 44
-2197.841461816319
 45
0.0000000000000004
 46
1.131370849898475
 79
     2
 49
2.399999999999999
 49
-0.8
 47
0.0546208651504211
 98
        2
 10
-66.6841784484277
 20
-182.3408808479839
 10
-70.83928357591503
 20
-181.8492992161596
1001
ACDBBLOCKREPETAG
1070
     1
1071
       38
1005
0
  0
HATCH
  5
AC
330
73
100
AcDbEntity
  8
ART_TARAMA
370
    -2
100
AcDbHatch
 10
0.0
 20
0.0
 30
0.0
210
0.0
220
0.0
230
1.0
  2
ANSI37
 70
     0
 71
     1
 91
        3
 92
       16
 93
        4
 72
     1
 10
-60.86246635267161
 20
-110.4147040392094
 11
-59.66246635248535
 21
-110.4147040392094
 72
     1
 10
-59.66246635248535
 20
-110.4147040392094
 11
-59.66246635248535
 21
-108.5147040393026
 72
     2
 10
-60.26246635257848
 20
-108.5147040393026
 40
0.6000000000931323
 50
0.0
 51
180.0
 73
     1
 72
     1
 10
-60.86246635267161
 20
-108.5147040393026
 11
-60.86246635267161
 21
-110.4147040392094
 97
        1
330
AF
 92
       16
 93
        4
 72
     1
 10
-62.26246635257847
 20
-114.1147040389301
 11
-58.2624663525785
 21
-114.1147040389301
 72
     2
 10
-58.2624663525785
 20
-112.6647040389766
 40
1.449999999953432
 50
270.0
 51
450.0
 73
     1
 72
     1
 10
-58.2624663525785
 20
-111.2147040390232
 11
-62.26246635257847
 21
-111.2147040390232
 72
     2
 10
-62.26246635257847
 20
-112.6647040389766
 40
1.449999999953432
 50
90.0
 51
270.0
 73
     1
 97
        1
330
AD
 92
        1
 93
       14
 72
     1
 10
-59.55535957138636
 20
-107.3975467514069
 11
-58.35033431803458
 21
-108.6025720047587
 72
     2
 10
-58.56246635235314
 20
-108.814704039022
 40
0.2999999999080498
 50
315.0000000074616
 51
450.000000007461
 73
     0
 72
     1
 10
-58.56246635239221
 20
-109.1147040389301
 11
-58.86246635267161
 21
-109.1147040389301
 72
     1
 10
-58.86246635267161
 20
-109.1147040389301
 11
-58.86246635267161
 21
-110.4147040392094
 72
     1
 10
-58.86246635267161
 20
-110.4147040392094
 11
-58.2624663525785
 21
-110.4147040392094
 72
     2
 10
-58.2624663525785
 20
-112.6647040392095
 40
2.25
 50
270.0
 51
450.0
 73
     0
 72
     1
 10
-58.2624663525785
 20
-114.9147040392095
 11
-62.26246635257847
 21
-114.9147040392095
 72
     2
 10
-62.26246635257847
 20
-112.6647040392095
 40
2.25
 50
90.0
 51
270.0
 73
     0
 72
     1
 10
-62.26246635257847
 20
-110.4147040392094
 11
-61.66246635248535
 21
-110.4147040392094
 72
     1
 10
-61.66246635248535
 20
-110.4147040392094
 11
-61.66246635248535
 21
-109.1147040389301
 72
     1
 10
-61.66246635248535
 20
-109.1147040389301
 11
-61.96246635276475
 21
-109.1147040389301
 72
     2
 10
-61.96246635280381
 20
-108.814704039022
 40
0.2999999999080529
 50
89.99999999253903
 51
224.9999999925384
 73
     0
 72
     1
 10
-62.17459838712239
 20
-108.6025720047587
 11
-60.9695731337706
 21
-107.3975467514069
 72
     2
 10
-60.26246635257848
 20
-108.1046535325991
 40
1.000000000007935
 50
225.0000000000029
 51
314.9999999999971
 73
     0
 97
        1
330
AE
 75
     0
 76
     1
 52
89.99999999999998
 41
0.5
 77
     0
 78
     2
 53
135.0
 43
-1237.286580702086
 44
-3815.802264887575
 45
-1.122532015133643
 46
-1.122532015133643
 79
     0
 53
225.0
 43
-1237.286580702086
 44
-3815.802264887575
 45
1.122532015133643
 46
-1.122532015133643
 79
     0
 98
        1
 10
1784.518602773867
 20
-149.1171700837844
1001
ACAD
1010
0.0
1020
0.0
1030
0.0
1001
ACDBBLOCKREPETAG
1070
     1
1071
       39
1005
0
  0
LWPOLYLINE
  5
AD
102
{ACAD_REACTORS
330
AC
102
}
330
73
100
AcDbEntity
  8
ART_FITIL
370
     5
100
AcDbPolyline
 90
        4
 70
     1
 43
0.0
 10
-62.26246635257847
 20
-114.1147040389301
 10
-58.2624663525785
 20
-114.1147040389301
 42
0.9999999999999998
 10
-58.2624663525785
 20
-111.2147040390232
 10
-62.26246635257847
 20
-111.2147040390232
 42
0.9999999999999998
1001
ACDBBLOCKREPETAG
1070
     1
1071
       40
1005
0
  0
LWPOLYLINE
  5
AE
102
{ACAD_REACTORS
330
AC
102
}
330
73
100
AcDbEntity
  8
ART_FITIL
370
     5
100
AcDbPolyline
 90
       14
 70
     1
 43
0.0
 10
-59.55535957138636
 20
-107.3975467514069
 10
-58.35033431803458
 20
-108.6025720047587
 42
-0.6681786379192916
 10
-58.56246635239221
 20
-109.1147040389301
 10
-58.86246635267161
 20
-109.1147040389301
 10
-58.86246635267161
 20
-110.4147040392094
 10
-58.2624663525785
 20
-110.4147040392094
 42
-0.9999999999999998
 10
-58.2624663525785
 20
-114.9147040392095
 10
-62.26246635257847
 20
-114.9147040392095
 42
-0.9999999999999998
 10
-62.26246635257847
 20
-110.4147040392094
 10
-61.66246635248535
 20
-110.4147040392094
 10
-61.66246635248535
 20
-109.1147040389301
 10
-61.96246635276475
 20
-109.1147040389301
 42
-0.6681786379192989
 10
-62.17459838712239
 20
-108.6025720047587
 10
-60.9695731337706
 20
-107.3975467514069
 42
-0.4142135623730681
1001
ACDBBLOCKREPETAG
1070
     1
1071
       41
1005
0
  0
LWPOLYLINE
  5
AF
102
{ACAD_REACTORS
330
AC
102
}
330
73
100
AcDbEntity
  8
ART_FITIL
370
     5
100
AcDbPolyline
 90
        4
 70
     1
 43
0.0
 10
-60.86246635267161
 20
-110.4147040392094
 10
-59.66246635248535
 20
-110.4147040392094
 10
-59.66246635248535
 20
-108.5147040393026
 42
0.9999999999999998
 10
-60.86246635267161
 20
-108.5147040393026
1001
ACDBBLOCKREPETAG
1070
     1
1071
       42
1005
0
  0
LWPOLYLINE
  5
B0
102
{ACAD_REACTORS
330
A1
102
}
330
73
100
AcDbEntity
  8
ART_PROFIL
 48
0.5
370
    -2
100
AcDbPolyline
 90
       13
 70
     1
 43
0.0
 10
-23.12868811111548
 20
-178.3999473945991
 10
-25.64138610349619
 20
-178.3999473945991
 42
-0.414213562372901
 10
-25.94138610330992
 20
-178.0999473947854
 10
-25.94138610330992
 20
-161.799947394506
 10
-11.74138610312366
 20
-161.799947394506
 10
-11.74138610312366
 20
-171.8999473945991
 10
-18.74642861043685
 20
-171.8999473945991
 42
0.0655434628152135
 10
-19.98876002678298
 20
-172.0635034283445
 10
-21.06607942949631
 20
-172.3521702922703
 42
0.3394542588633595
 10
-23.14138610349619
 20
-175.0567626058878
 10
-23.14138610349619
 20
-175.8999473945991
 10
-23.14138610349619
 20
-176.7431321833105
 42
0.113741565837358
 10
-22.85894920691498
 20
-177.9686426967205
 42
-0.5540586596009664
1001
ACDBBLOCKREPETAG
1070
     1
1071
       43
1005
0
  0
LWPOLYLINE
  5
B1
102
{ACAD_REACTORS
330
A1
102
}
330
73
100
AcDbEntity
  8
ART_PROFIL
 48
0.5
370
    -2
100
AcDbPolyline
 90
      109
 70
     0
 43
0.0
 10
-17.24138610312366
 20
-179.8999473945992
 10
-11.74138610312366
 20
-179.8999473945992
 42
-0.4142135623730951
 10
-11.24138610312366
 20
-180.3999473945991
 10
-11.24138610312366
 20
-182.4059462444679
 10
-13.24138610312366
 20
-182.4059462444679
 10
-13.24138610312366
 20
-188.4999473946923
 42
0.4142135623730795
 10
-12.94138610330992
 20
-188.7999473949717
 10
-11.94138610330992
 20
-188.7999473949717
 42
0.4142135623730744
 10
-11.64138610303052
 20
-188.4999473946923
 10
-11.64138610303052
 20
-184.2059462442817
 42
-0.4142135623730951
 10
-11.34138610321679
 20
-183.9059462444678
 10
-10.24138610312366
 20
-183.9059462444678
 42
0.4142135623730951
 10
-9.741386103123659
 20
-183.4059462444679
 10
-9.741386103123659
 20
-178.6999473948785
 42
0.4142135623730799
 10
-10.04138610340305
 20
-178.3999473945991
 10
-18.74642861043685
 20
-178.3999473945991
 10
-18.74642861043685
 20
-178.3999473945991
 42
-0.0655434628152045
 10
-19.60053145946585
 20
-178.2875026212828
 10
-20.67785086171352
 20
-177.9988357578227
 42
-0.3394542588633894
 10
-21.64138610349619
 20
-176.7431321833105
 10
-21.64138610349619
 20
-175.8999473945991
 10
-21.64138610349619
 20
-175.0567626058878
 42
-0.3394542588633892
 10
-20.67785086171352
 20
-173.8010590318413
 10
-19.60053145946585
 20
-173.5123921679155
 42
-0.0655434628152045
 10
-18.74642861043685
 20
-173.399947394599
 10
-10.54138610340305
 20
-173.399947394599
 42
0.4142135623731445
 10
-10.24138610312366
 20
-173.0999473947854
 10
-10.24138610312366
 20
-160.2999473949717
 42
0.414213562372984
 10
-10.54138610340305
 20
-159.9999473946923
 10
-25.94138610330992
 20
-159.9999473946923
 10
-25.94138610330992
 20
-104.9553273762399
 42
0.4142135623732063
 10
-26.24138610312366
 20
-104.6553273764261
 10
-61.14138610349619
 20
-104.6553273764261
 42
0.4142135623730951
 10
-64.14138610349619
 20
-107.6553273764261
 10
-64.14138610349619
 20
-110.1553273764261
 42
0.4142135623446805
 10
-63.84138610321679
 20
-110.4553273762399
 10
-62.64138610349618
 20
-110.4553273762399
 42
0.4142135623730951
 10
-61.64138610349619
 20
-109.4553273762399
 42
0.4142135623739831
 10
-61.94138610330991
 20
-109.1553273764261
 10
-62.64138610349618
 20
-109.1553273764261
 10
-62.64138610349618
 20
-107.9553273762399
 42
-0.4142135623730951
 10
-61.14138610349619
 20
-106.4553273762399
 10
-57.94138610330993
 20
-106.4553273762399
 10
-57.94138610330993
 20
-109.1553273764261
 10
-58.64138610349619
 20
-109.1553273764261
 42
0.4142135623451246
 10
-58.94138610330991
 20
-109.4553273762399
 42
0.4142135623732285
 10
-57.94138610330993
 20
-110.4553273762399
 10
-56.74138610312365
 20
-110.4553273762399
 42
0.414213562372984
 10
-56.44138610330991
 20
-110.1553273764261
 10
-56.44138610330991
 20
-108.4553273762399
 10
-55.74138610312365
 20
-108.4553273762399
 42
0.414213562372984
 10
-55.44138610330993
 20
-108.1553273764261
 10
-55.44138610330993
 20
-107.7553273765193
 42
0.414213562372984
 10
-55.74138610312365
 20
-107.4553273762399
 10
-56.44138610330991
 20
-107.4553273762399
 10
-56.44138610330991
 20
-106.2553273765193
 10
-42.14138610349619
 20
-106.2553273765193
 10
-42.14138610349619
 20
-107.4553273762399
 10
-42.84138610321678
 20
-107.4553273762399
 42
0.4142135623729843
 10
-43.14138610349618
 20
-107.7553273765193
 10
-43.14138610349618
 20
-127.7553273765193
 10
-42.84138610321678
 20
-128.055327376333
 10
-43.14138610349618
 20
-128.3553273761467
 10
-43.14138610349618
 20
-138.9553273762399
 42
0.4142135623730951
 10
-42.64138610349617
 20
-139.4553273762399
 10
-42.29138610340306
 20
-139.4553273762399
 42
0.4142135623730951
 10
-41.29138610340304
 20
-138.4553273762399
 10
-41.29138610340304
 20
-137.9553273762399
 10
-42.14138610349619
 20
-137.9553273762399
 10
-42.14138610349619
 20
-133.8553273761467
 42
-0.4142135623735391
 10
-41.84138610321679
 20
-133.555327376333
 10
-35.94138610330992
 20
-133.555327376333
 42
-0.414213562373428
 10
-35.64138610349619
 20
-133.8553273761467
 10
-35.64138610349619
 20
-137.9553273762399
 10
-38.29138610340307
 20
-137.9553273762399
 10
-38.29138610340307
 20
-138.4553273762399
 42
0.4142135623729619
 10
-37.29138610340307
 20
-139.4553273762399
 10
-36.24138610312365
 20
-139.4553273762399
 42
-0.414213562373428
 10
-35.94138610330992
 20
-139.7553273765193
 10
-35.94138610330992
 20
-173.5999473947854
 42
0.4142135623730284
 10
-35.44138610330993
 20
-174.0999473947854
 10
-33.94138610330993
 20
-174.0999473947854
 42
0.4142135623729619
 10
-32.94138610330993
 20
-173.0999473947854
 10
-32.94138610330993
 20
-172.5999473947854
 10
-34.44138610330993
 20
-172.5999473947854
 10
-34.44138610330993
 20
-170.0999473947854
 42
-0.4142135623730951
 10
-33.94138610330993
 20
-169.5999473947854
 10
-27.94138610330993
 20
-169.5999473947854
 42
-0.4142135623730951
 10
-27.44138610330992
 20
-170.0999473947854
 10
-27.44138610330992
 20
-172.5999473947854
 10
-29.94138610330992
 20
-172.5999473947854
 10
-29.94138610330992
 20
-173.0999473947854
 42
0.4142135623729619
 10
-28.94138610330993
 20
-174.0999473947854
 10
-28.24138610312366
 20
-174.0999473947854
 42
-0.4142135623730951
 10
-27.74138610312366
 20
-174.5999473947854
 10
-27.74138610312366
 20
-179.5999473947854
 42
0.4142135623730951
 10
-27.44138610330992
 20
-179.8999473945992
 10
-19.54138610340305
 20
-179.8999473945992
 42
-0.414213562373094
 10
-19.24138610312366
 20
-180.1999473948785
 10
-19.24138610312366
 20
-182.9059462444679
 42
0.4142135623730951
 10
-18.24138610312366
 20
-183.9059462444678
 10
-17.24138610312366
 20
-183.9059462444678
 42
0.4142135623729619
 10
-16.24138610312366
 20
-182.9059462444679
 10
-16.24138610312366
 20
-182.4059462444679
 10
-17.24138610312366
 20
-182.4059462444679
 42
-0.4142135623730951
 10
-17.74138610312366
 20
-181.9059462444679
 10
-17.74138610312366
 20
-180.3999473945991
 42
-0.4142135623730951
 10
-17.24138610312366
 20
-179.8999473945992
 10
-12.24138610312366
 20
-179.8999473945992
1001
ACDBBLOCKREPETAG
1070
     1
1071
       44
1005
0
  0
LINE
  5
B2
330
73
100
AcDbEntity
  8
ART_PROFIL
 48
0.5
370
    -2
100
AcDbLine
 10
-85.64042265215539
 20
-153.7999473949717
 30
0.0
 11
-128.6158980823529
 21
-153.7999473949717
 31
0.0
1001
ACDBBLOCKREPETAG
1070
     1
1071
       45
1005
0
  0
LWPOLYLINE
  5
B3
330
73
100
AcDbEntity
  8
ART_BOND CITASI
370
    -2
100
AcDbPolyline
 90
        4
 70
     1
 43
0.0
 10
-81.92300200244062
 20
-165.9999473946923
 10
-72.92300200244063
 20
-165.9999473946923
 10
-72.92300200244063
 20
-185.6999473948785
 10
-81.92300200244062
 20
-185.6999473948785
1001
ACDBBLOCKREPETAG
1070
     1
1071
       46
1005
0
  0
LWPOLYLINE
  5
B6
330
73
100
AcDbEntity
  8
ART_BOND CITASI
370
    -2
100
AcDbPolyline
 90
        4
 70
     1
 43
0.0
 10
-80.92300200244062
 20
-166.9999473946923
 10
-73.92300200244062
 20
-166.9999473946923
 10
-73.92300200244062
 20
-184.6999473948785
 10
-80.92300200244062
 20
-184.6999473948785
1001
ACDBBLOCKREPETAG
1070
     1
1071
       47
1005
0
  0
HATCH
  5
B7
330
73
100
AcDbEntity
  8
ART_TARAMA
100
AcDbHatch
 10
0.0
 20
0.0
 30
0.0
210
0.0
220
0.0
230
1.0
  2
ANSI31
 70
     0
 71
     1
 91
        2
 92
        1
 93
       74
 72
     2
 10
-48.62419770998889
 20
-171.6928406134111
 40
0.5000000000035814
 50
315.0000000006218
 51
360.000000000469
 73
     1
 72
     1
 10
-48.12419770998531
 20
-171.692840613407
 11
-48.12419770998531
 21
-170.8999473950648
 72
     2
 10
-50.12419770998531
 20
-170.8999473950648
 40
2.0
 50
0.0
 51
90.0
 73
     1
 72
     1
 10
-50.12419770998531
 20
-168.8999473950648
 11
-51.94285005299025
 21
-168.8999473950648
 72
     1
 10
-51.94285005299025
 20
-168.8999473950648
 11
-51.94285005299025
 21
-167.6898473952719
 72
     2
 10
-51.64285005304158
 20
-167.6898473951776
 40
0.2999999999486675
 50
179.999999981984
 51
259.4788999828776
 73
     0
 72
     2
 10
-51.75225984007866
 20
-167.1000325309655
 40
0.2998767307592072
 50
280.4965625382997
 51
340.0099664016057
 73
     1
 72
     1
 10
-51.47045005267137
 20
-167.2025473951185
 11
-50.96097229808218
 21
-165.8026085202405
 72
     2
 10
-51.24284817872649
 20
-165.6999854694625
 40
0.2999758367602
 50
339.9948631264514
 51
454.9918049198287
 73
     1
 72
     1
 10
-51.2689500527049
 20
-165.401147394889
 11
-53.63085005307222
 21
-165.6077473950395
 72
     2
 10
-53.60468187156261
 20
-165.906507665502
 40
0.2999041062245299
 50
95.00571811366958
 51
135.0066684261382
 73
     1
 72
     1
 10
-53.81677077864877
 20
-165.6944681210266
 11
-54.18085705456906
 21
-166.0585543964812
 72
     2
 10
-54.03943569819951
 20
-166.1999757526955
 40
0.2000000000772532
 50
135.0000000314441
 51
255.0147273618247
 73
     1
 72
     1
 10
-54.09114984903135
 20
-166.3931742170648
 11
-53.92575005270192
 21
-166.4374473951579
 72
     2
 10
-53.97748978534721
 20
-166.6305505361946
 40
0.1999145392722376
 50
284.9994191845631
 51
345.0148162184196
 73
     0
 72
     1
 10
-53.7843737952935
 20
-166.5788587825195
 11
-53.24285005280398
 21
-168.5999473952511
 72
     1
 10
-53.24285005280398
 20
-168.5999473952511
 11
-53.24285005280398
 21
-168.7814971469165
 72
     2
 10
-53.54285005295775
 20
-168.7814971468406
 40
0.3000000001537657
 50
0.0000000144931516
 51
135.7799056752776
 73
     0
 72
     2
 10
-53.97285070699357
 20
-169.1999506242848
 40
0.3000032292206945
 50
44.22044920808986
 51
89.99987505678083
 73
     1
 72
     1
 10
-53.97285005278536
 20
-168.8999473950648
 11
-57.84285005289712
 21
-168.8999473950648
 72
     2
 10
-57.84285005314849
 20
-168.5999473950368
 40
0.3000000000280067
 50
89.99999995198939
 51
179.9999999590772
 73
     0
 72
     1
 10
-58.14285005317652
 20
-168.5999473952511
 11
-58.14285005271084
 21
-168.3843473950223
 72
     2
 10
-57.84304534613472
 20
-168.3844022843419
 40
0.2998047116007992
 50
180.0104899164251
 51
211.4079551717252
 73
     0
 72
     1
 10
-58.09892220670008
 20
-168.2281656134696
 11
-57.16874661916516
 21
-166.7041417690748
 72
     2
 10
-57.33946138821901
 20
-166.59994739498
 40
0.1999999999152452
 50
328.6025347350145
 51
449.9999999979706
 73
     1
 72
     1
 10
-57.33946138821193
 20
-166.3999473950648
 11
-58.69186953981989
 21
-166.3999473950648
 72
     2
 10
-58.6918695395545
 20
-166.6999473950594
 40
0.2999999999945828
 50
90.00000005068532
 51
117.417448513705
 73
     1
 72
     1
 10
-58.83001057957881
 20
-166.4336448358194
 11
-59.44431905649253
 21
-166.7523094853209
 72
     2
 10
-59.58246009605491
 20
-166.486006925734
 40
0.3000000000898014
 50
62.58255159511414
 51
117.4174514951112
 73
     0
 72
     1
 10
-59.72060114998021
 20
-166.7523094778703
 11
-60.33490952072315
 21
-166.4336448428043
 72
     2
 10
-60.47305057423404
 20
-166.6999473951469
 40
0.3000000000821199
 50
62.582548593289
 51
90.00000004160948
 73
     1
 72
     1
 10
-60.47305057445193
 20
-166.3999473950648
 11
-61.82545871767796
 21
-166.3999473950648
 72
     2
 10
-61.82545871767146
 20
-166.5999473949797
 40
0.1999999999149224
 50
90.00000000186457
 51
211.3974652651479
 73
     1
 72
     1
 10
-61.99617348672473
 20
-166.7041417690748
 11
-61.06599789918982
 21
-168.2281656134696
 72
     2
 10
-61.32187475952235
 20
-168.3844022851703
 40
0.2998047118337773
 50
328.5920446699708
 51
359.9895099252713
 73
     0
 72
     1
 10
-61.02207005271338
 20
-168.3843473950223
 11
-61.02207005271338
 21
-168.5999473947854
 72
     2
 10
-61.32207005296768
 20
-168.5999473948105
 40
0.3000000002542933
 50
359.9999999952069
 51
450.0000000047943
 73
     0
 72
     1
 10
-61.32207005299278
 20
-168.8999473950648
 11
-65.19207005310454
 21
-168.8999473950648
 72
     2
 10
-65.19206939889911
 20
-169.1999506242782
 40
0.3000032292141298
 50
90.00012494268993
 51
135.7795507924396
 73
     1
 72
     2
 10
-65.62207005293214
 20
-168.7814971468406
 40
0.3000000001537697
 50
44.2200943247233
 51
179.9999999855068
 73
     0
 72
     1
 10
-65.92207005308591
 20
-168.7814971469165
 11
-65.92207005308591
 21
-168.5999473952511
 72
     1
 10
-65.92207005308591
 20
-168.5999473952511
 11
-65.38054631013074
 21
-166.5788587825195
 72
     2
 10
-65.18743032007701
 20
-166.6305505361946
 40
0.1999145392722349
 50
194.9851837815803
 51
255.0005808154369
 73
     0
 72
     1
 10
-65.23917005272233
 20
-166.4374473951579
 11
-65.07377025685855
 21
-166.3931742170648
 72
     2
 10
-65.12548440769345
 20
-166.1999757526947
 40
0.2000000000788331
 50
284.9852726389619
 51
404.9999999677756
 73
     1
 72
     1
 10
-64.98406305132085
 20
-166.0585543964812
 11
-65.34814932724112
 21
-165.6944681205609
 72
     2
 10
-65.56023823368585
 20
-165.9065076652654
 40
0.2999041059328511
 50
44.99333169145169
 51
84.9942820044658
 73
     1
 72
     1
 10
-65.53407005281768
 20
-165.6077473950395
 11
-67.89597005271935
 21
-165.401147394889
 72
     2
 10
-67.92207192693057
 20
-165.6999854696108
 40
0.2999758369282227
 50
85.00819503833559
 51
200.0051368317122
 73
     1
 72
     1
 10
-68.2039478078077
 20
-165.8026085202405
 11
-67.69447005275289
 21
-167.2025473951185
 72
     2
 10
-67.412660265576
 20
-167.1000325313699
 40
0.2998767304044191
 50
199.9900335408311
 51
259.50343740343
 73
     1
 72
     2
 10
-67.52207005284995
 20
-167.6898473951789
 40
0.2999999999502934
 50
280.5211000173827
 51
360.0000000177609
 73
     0
 72
     1
 10
-67.22207005289965
 20
-167.6898473952719
 11
-67.22207005289965
 21
-168.8999473950648
 72
     1
 10
-67.22207005289965
 20
-168.8999473950648
 11
-67.62419770998531
 21
-168.8999473950648
 72
     2
 10
-67.62419771021814
 20
-169.1999473951114
 40
0.3000000000465661
 50
89.99999995553263
 51
179.9999999555326
 73
     1
 72
     1
 10
-67.9241977102647
 20
-169.1999473948785
 11
-67.9241977102647
 21
-178.5999473947854
 72
     1
 10
-67.9241977102647
 20
-178.5999473947854
 11
-69.42419771026471
 21
-178.5999473947854
 72
     2
 10
-69.4241977100731
 20
-179.5999473947512
 40
0.9999999999657518
 50
90.00000001097816
 51
171.7867893076632
 73
     1
 72
     2
 10
-70.11701803300846
 20
-179.4999473948942
 40
0.3000000000774377
 50
171.7867893050688
 51
270.0000000083865
 73
     1
 72
     1
 10
-70.11701803296453
 20
-179.7999473949717
 11
-49.12419770998531
 21
-179.7999473949717
 72
     2
 10
-49.12419770998531
 20
-178.7999473949717
 40
1.0
 50
270.0
 51
360.0
 73
     1
 72
     1
 10
-48.12419770998531
 20
-178.7999473949717
 11
-48.12419770998531
 21
-177.2070541758844
 72
     2
 10
-48.62419770998889
 20
-177.2070541758803
 40
0.5000000000035813
 50
359.999999999531
 51
404.9999999993781
 73
     1
 72
     1
 10
-48.27064431938925
 20
-176.8535007852883
 11
-49.11206567581395
 21
-176.3120794291429
 72
     2
 10
-49.32419771007936
 20
-176.5242114634566
 40
0.2999999999059597
 50
45.00000000649821
 51
180.0000000084245
 73
     1
 72
     1
 10
-49.62419770998531
 20
-176.5242114635007
 11
-49.62419770998531
 21
-178.2999473949717
 72
     1
 10
-49.62419770998531
 20
-178.2999473949717
 11
-51.62419770998531
 21
-178.2999473949717
 72
     2
 10
-51.62419770998531
 20
-177.7999473949717
 40
0.5
 50
90.0
 51
180.0
 73
     0
 72
     1
 10
-52.12419770998531
 20
-177.7999473949717
 11
-52.12419770998531
 21
-171.0999473947854
 72
     2
 10
-51.62419770998531
 20
-171.0999473947854
 40
0.5
 50
180.0
 51
270.0
 73
     0
 72
     1
 10
-51.62419770998531
 20
-170.5999473947854
 11
-49.62419770998531
 21
-170.5999473947854
 72
     1
 10
-49.62419770998531
 20
-170.5999473947854
 11
-49.62419770998531
 21
-172.3756833257906
 72
     2
 10
-49.32419771007936
 20
-172.3756833258349
 40
0.2999999999059639
 50
179.9999999915755
 51
314.9999999935019
 73
     1
 72
     1
 10
-49.11206567581395
 20
-172.5878153601484
 11
-48.27064431938925
 21
-172.0463940040031
 97
        1
330
B9
 92
       16
 93
        4
 72
     1
 10
-66.52419771035785
 20
-178.3999473945991
 11
-66.52419771035785
 21
-170.2999473949717
 72
     1
 10
-66.52419771035785
 20
-170.2999473949717
 11
-53.52419771035783
 21
-170.2999473949717
 72
     1
 10
-53.52419771035783
 20
-170.2999473949717
 11
-53.52419771035783
 21
-178.3999473945991
 72
     1
 10
-53.52419771035783
 20
-178.3999473945991
 11
-66.52419771035785
 21
-178.3999473945991
 97
        1
330
B8
 75
     0
 76
     1
 52
0.0
 41
0.1
 77
     0
 78
     1
 53
45.0
 43
-1042.42260712161
 44
-3562.648381740667
 45
-0.2245064030267288
 46
0.2245064030267288
 79
     0
 98
        1
 10
1784.518602773867
 20
-49.11717008378445
1001
ACAD
1010
0.0
1020
0.0
1030
0.0
1001
ACDBBLOCKREPETAG
1070
     1
1071
       48
1005
0
  0
LWPOLYLINE
  5
B8
102
{ACAD_REACTORS
330
B7
102
}
330
73
100
AcDbEntity
  8
ART_PROFIL
 48
0.5
370
    -2
100
AcDbPolyline
 90
        4
 70
     1
 43
0.0
 10
-66.52419771035785
 20
-178.3999473945991
 10
-66.52419771035785
 20
-170.2999473949717
 10
-53.52419771035783
 20
-170.2999473949717
 10
-53.52419771035783
 20
-178.3999473945991
1001
ACDBBLOCKREPETAG
1070
     1
1071
       49
1005
0
  0
LWPOLYLINE
  5
B9
102
{ACAD_REACTORS
330
B7
102
}
330
73
100
AcDbEntity
  8
ART_PROFIL
 48
0.5
370
    -2
100
AcDbPolyline
 90
       74
 70
     1
 43
0.0
 10
-48.27064431938925
 20
-172.0463940040031
 42
0.1989123673789653
 10
-48.12419770998531
 20
-171.692840613407
 10
-48.12419770998531
 20
-170.8999473950648
 42
0.4142135623730951
 10
-50.12419770998531
 20
-168.8999473950648
 10
-51.94285005299025
 20
-168.8999473950648
 10
-51.94285005299025
 20
-167.6898473952719
 42
-0.3613974207804323
 10
-51.69762933641322
 20
-167.3948910762378
 42
0.2656748695142221
 10
-51.47045005267137
 20
-167.2025473951185
 10
-50.96097229808218
 20
-165.8026085202405
 42
0.5486014265155486
 10
-51.2689500527049
 20
-165.401147394889
 10
-53.63085005307222
 20
-165.6077473950395
 42
0.1763312561522738
 10
-53.81677077864877
 20
-165.6944681210266
 10
-54.18085705456906
 20
-166.0585543964812
 42
0.5774359525037071
 10
-54.09114984903135
 20
-166.3931742170648
 10
-53.92575005270192
 20
-166.4374473951579
 42
-0.2680211994288024
 10
-53.7843737952935
 20
-166.5788587825195
 10
-53.24285005280398
 20
-168.5999473952511
 10
-53.24285005280398
 20
-168.7814971469165
 42
-0.6731121590012306
 10
-53.75784987086081
 20
-168.9907220937134
 42
0.2024502210650272
 10
-53.97285005278536
 20
-168.8999473950648
 10
-57.84285005289712
 20
-168.8999473950648
 42
-0.4142135624093234
 10
-58.14285005317652
 20
-168.5999473952511
 10
-58.14285005271084
 20
-168.3843473950223
 42
-0.137860836619856
 10
-58.09892220670008
 20
-168.2281656134696
 10
-57.16874661916516
 20
-166.7041417690748
 42
0.5855092167883571
 10
-57.33946138821193
 20
-166.3999473950648
 10
-58.69186953981989
 20
-166.3999473950648
 42
0.1202051785670692
 10
-58.83001057957881
 20
-166.4336448358194
 10
-59.44431905649253
 20
-166.7523094853209
 42
-0.2439350578451251
 10
-59.72060114998021
 20
-166.7523094778703
 10
-60.33490952072315
 20
-166.4336448428043
 42
0.1202051917811202
 10
-60.47305057445193
 20
-166.3999473950648
 10
-61.82545871767796
 20
-166.3999473950648
 42
0.5855092167902872
 10
-61.99617348672473
 20
-166.7041417690748
 10
-61.06599789918982
 20
-168.2281656134696
 42
-0.1378608366198561
 10
-61.02207005271338
 20
-168.3843473950223
 10
-61.02207005271338
 20
-168.5999473947854
 42
-0.4142135624221099
 10
-61.32207005299278
 20
-168.8999473950648
 10
-65.19207005310454
 20
-168.8999473950648
 42
0.202450221069825
 10
-65.4070702350291
 20
-168.9907220937134
 42
-0.6731121590012307
 10
-65.92207005308591
 20
-168.7814971469165
 10
-65.92207005308591
 20
-168.5999473952511
 10
-65.38054631013074
 20
-166.5788587825195
 42
-0.2680211994288022
 10
-65.23917005272233
 20
-166.4374473951579
 10
-65.07377025685855
 20
-166.3931742170648
 42
0.5774359524945979
 10
-64.98406305132085
 20
-166.0585543964812
 10
-65.34814932724112
 20
-165.6944681205609
 42
0.1763312561547341
 10
-65.53407005281768
 20
-165.6077473950395
 10
-67.89597005271935
 20
-165.401147394889
 42
0.5486014265155486
 10
-68.2039478078077
 20
-165.8026085202405
 10
-67.69447005275289
 20
-167.2025473951185
 42
0.2656748695109163
 10
-67.46729076947667
 20
-167.3948910762378
 42
-0.3613974207778837
 10
-67.22207005289965
 20
-167.6898473952719
 10
-67.22207005289965
 20
-168.8999473950648
 10
-67.62419770998531
 20
-168.8999473950648
 42
0.4142135623730951
 10
-67.9241977102647
 20
-169.1999473948785
 10
-67.9241977102647
 20
-178.5999473947854
 10
-69.42419771026471
 20
-178.5999473947854
 42
0.3728246932648587
 10
-70.41394102867343
 20
-179.4570902520613
 42
0.4568502517561728
 10
-70.11701803296453
 20
-179.7999473949717
 10
-49.12419770998531
 20
-179.7999473949717
 42
0.4142135623730951
 10
-48.12419770998531
 20
-178.7999473949717
 10
-48.12419770998531
 20
-177.2070541758844
 42
0.1989123673789655
 10
-48.27064431938925
 20
-176.8535007852883
 10
-49.11206567581395
 20
-176.3120794291429
 42
0.6681786379314253
 10
-49.62419770998531
 20
-176.5242114635007
 10
-49.62419770998531
 20
-178.2999473949717
 10
-51.62419770998531
 20
-178.2999473949717
 42
-0.4142135623730951
 10
-52.12419770998531
 20
-177.7999473949717
 10
-52.12419770998531
 20
-171.0999473947854
 42
-0.4142135623730951
 10
-51.62419770998531
 20
-170.5999473947854
 10
-49.62419770998531
 20
-170.5999473947854
 10
-49.62419770998531
 20
-172.3756833257906
 42
0.6681786379314258
 10
-49.11206567581395
 20
-172.5878153601484
1001
ACDBBLOCKREPETAG
1070
     1
1071
       50
1005
0
  0
HATCH
  5
BA
330
73
100
AcDbEntity
  8
ART_TARAMA
100
AcDbHatch
 10
0.0
 20
0.0
 30
0.0
210
0.0
220
0.0
230
1.0
  2
ANSI31
 70
     0
 71
     1
 91
        3
 92
       16
 93
       12
 72
     2
 10
-52.42419771003515
 20
-152.2999473947356
 40
0.3000000000498417
 50
0.0000000450916143
 51
90.00000004384178
 73
     0
 72
     1
 10
-52.42419771026471
 20
-152.5999473947854
 11
-66.22419771007844
 21
-152.5999473947854
 72
     2
 10
-66.22419771007518
 20
-152.2999473949684
 40
0.299999999817004
 50
90.00000000062426
 51
179.9999999993756
 73
     0
 72
     1
 10
-66.52419770989218
 20
-152.2999473949717
 11
-66.52419770989218
 21
-149.8999473950648
 72
     2
 10
-66.22419770983906
 20
-149.8999473948385
 40
0.3000000000531173
 50
179.9999999567811
 51
269.9999999542814
 73
     0
 72
     1
 10
-66.22419771007844
 20
-149.5999473947854
 11
-65.9241977102647
 21
-149.5999473947854
 72
     2
 10
-65.92419771003187
 20
-149.2999473947388
 40
0.3000000000465661
 50
269.9999999555326
 51
359.9999999555326
 73
     1
 72
     1
 10
-65.62419770998531
 20
-149.2999473949717
 11
-65.62419770998531
 21
-145.6999473948785
 72
     2
 10
-65.32419771017484
 20
-145.6999473948753
 40
0.299999999810467
 50
179.9999999993756
 51
270.0000000006242
 73
     0
 72
     1
 10
-65.32419771017156
 20
-145.3999473950648
 11
-52.42419771026471
 21
-145.3999473950648
 72
     2
 10
-52.42419771003842
 20
-145.6999473951179
 40
0.3000000000531031
 50
269.9999999567838
 51
359.9999999542841
 73
     0
 72
     1
 10
-52.12419770998531
 20
-145.6999473948785
 11
-52.12419770998531
 21
-152.2999473949717
 97
        1
330
BD
 92
       16
 93
       21
 72
     2
 10
-84.17419771026471
 20
-118.1499473950648
 40
0.25
 50
180.0
 51
270.0
 73
     0
 72
     1
 10
-84.17419771026471
 20
-117.8999473950648
 11
-83.72419771007844
 21
-117.8999473950648
 72
     2
 10
-83.72419771031127
 20
-117.5999473950182
 40
0.3000000000465661
 50
270.0000000444674
 51
360.0000000444674
 73
     1
 72
     1
 10
-83.4241977102647
 20
-117.5999473947854
 11
-83.4241977102647
 21
-117.3999473950648
 72
     2
 10
-83.92419771028528
 20
-117.3999473948995
 40
0.5000000000205774
 50
359.9999999810532
 51
439.5631485377034
 73
     1
 72
     2
 10
-83.78833391991575
 20
-116.662356023818
 40
0.2500000001309786
 50
100.4368514146166
 51
211.2440175361438
 73
     0
 72
     2
 10
-80.92419771048779
 20
-118.3999473950156
 40
3.600000000043872
 50
211.2440175727751
 51
270.0000000035507
 73
     0
 72
     1
 10
-80.9241977102647
 20
-114.7999473949717
 11
-67.62419770998531
 21
-114.7999473949717
 72
     2
 10
-67.62419770998531
 20
-115.2999473949717
 40
0.5
 50
270.0
 51
360.0
 73
     0
 72
     1
 10
-67.12419770998531
 20
-115.2999473949717
 11
-67.12419770998531
 21
-116.8999473950648
 72
     1
 10
-67.12419770998531
 20
-116.8999473950648
 11
-67.62419770998531
 21
-116.8999473950648
 72
     2
 10
-67.62419770998531
 20
-117.3999473950648
 40
0.5
 50
90.0
 51
180.0
 73
     1
 72
     1
 10
-68.12419770998531
 20
-117.3999473950648
 11
-68.12419770998531
 21
-117.5999473947854
 72
     2
 10
-67.82419770993874
 20
-117.5999473950182
 40
0.3000000000465661
 50
179.9999999555326
 51
269.9999999555326
 73
     1
 72
     1
 10
-67.82419771017156
 20
-117.8999473950648
 11
-67.37419770998531
 21
-117.8999473950648
 72
     2
 10
-67.37419770998531
 20
-118.1499473950648
 40
0.25
 50
270.0
 51
360.0
 73
     0
 72
     1
 10
-67.12419770998531
 20
-118.1499473950648
 11
-67.12419770998531
 21
-147.9499473948785
 72
     2
 10
-67.37419770998531
 20
-147.9499473948785
 40
0.25
 50
360.0
 51
450.0
 73
     0
 72
     1
 10
-67.37419770998531
 20
-148.1999473948785
 11
-84.17419771026471
 21
-148.1999473948785
 72
     2
 10
-84.17419771026471
 20
-147.9499473948785
 40
0.25
 50
90.0
 51
180.0
 73
     0
 72
     1
 10
-84.4241977102647
 20
-147.9499473948785
 11
-84.4241977102647
 21
-118.1499473950648
 97
        1
330
BC
 92
        1
 93
      136
 72
     2
 10
-62.32419771017048
 20
-117.0499473949706
 40
0.2999999998148297
 50
180.000000000209
 51
269.999999999791
 73
     1
 72
     1
 10
-62.32419771017156
 20
-117.3499473947854
 11
-61.82419771017158
 21
-117.3499473947854
 72
     1
 10
-61.82419771017158
 20
-117.3499473947854
 11
-61.62419770998531
 21
-117.3499473947854
 72
     2
 10
-61.62419770998531
 20
-116.3499473947854
 40
1.0
 50
270.0
 51
360.0
 73
     1
 72
     1
 10
-60.62419770998531
 20
-116.3499473947854
 11
-60.62419770998531
 21
-114.8999473950648
 72
     1
 10
-60.62419770998531
 20
-114.8999473950648
 11
-57.42419771026471
 21
-114.8999473950648
 72
     2
 10
-57.42419771026471
 20
-114.5999473947854
 40
0.3000000002793968
 50
270.0
 51
360.0
 73
     1
 72
     1
 10
-57.12419770998531
 20
-114.5999473947854
 11
-57.12419770998531
 21
-114.3999473950648
 72
     2
 10
-58.12419770998531
 20
-114.3999473950648
 40
1.0
 50
0.0
 51
90.0
 73
     1
 72
     1
 10
-58.12419770998531
 20
-113.3999473950648
 11
-80.9241977102647
 21
-113.3999473950648
 72
     2
 10
-80.9241977102647
 20
-118.3999473950648
 40
5.0
 50
90.0
 51
180.0
 73
     1
 72
     1
 10
-85.9241977102647
 20
-118.3999473950648
 11
-85.9241977102647
 21
-153.4999473951579
 72
     2
 10
-85.62419771021813
 20
-153.4999473949251
 40
0.3000000000465661
 50
180.0000000444673
 51
270.0000000444674
 73
     1
 72
     1
 10
-85.62419770998531
 20
-153.7999473949717
 11
-83.93130449127056
 21
-153.7999473949717
 72
     2
 10
-83.93130449126514
 20
-153.2999473949713
 40
0.5000000000003695
 50
269.9999999993779
 51
314.9999999995302
 73
     1
 72
     1
 10
-83.57775110067448
 20
-153.6535007855676
 11
-83.0070404225553
 21
-153.0827901074485
 72
     2
 10
-83.20704042268349
 20
-152.8827901073912
 40
0.2828427126057873
 50
315.0000000101513
 51
450.0000000117652
 73
     1
 72
     1
 10
-83.20704042274156
 20
-152.5999473947854
 11
-84.52419771035783
 21
-152.5999473947854
 72
     1
 10
-84.52419771035783
 20
-152.5999473947854
 11
-84.52419771035783
 21
-150.0999473947854
 72
     2
 10
-84.02419771035786
 20
-150.0999473947854
 40
0.5
 50
180.0
 51
270.0
 73
     0
 72
     1
 10
-84.02419771035786
 20
-149.5999473947854
 11
-77.82419771017156
 21
-149.5999473947854
 72
     2
 10
-77.82419771017156
 20
-150.0999473947854
 40
0.5
 50
270.0
 51
360.0
 73
     0
 72
     1
 10
-77.32419771017156
 20
-150.0999473947854
 11
-77.32419771017156
 21
-152.5999473947854
 72
     1
 10
-77.32419771017156
 20
-152.5999473947854
 11
-78.64135499778786
 21
-152.5999473947854
 72
     2
 10
-78.64135499760911
 20
-152.8827901072964
 40
0.2828427125110124
 50
90.00000003620842
 51
225.0000000362044
 73
     1
 72
     1
 10
-78.84135499750844
 20
-153.0827901074485
 11
-78.27064431938925
 21
-153.6535007855676
 72
     2
 10
-77.91709092879862
 20
-153.2999473949713
 40
0.5000000000003659
 50
225.0000000004698
 51
270.000000000622
 73
     1
 72
     1
 10
-77.91709092879319
 20
-153.7999473949717
 11
-75.41701803324395
 21
-153.7999473949717
 72
     2
 10
-75.41701803320271
 20
-152.7999473947371
 40
1.000000000234592
 50
269.9999999976379
 51
351.7867892943235
 73
     1
 72
     2
 10
-74.72419771003453
 20
-152.8999473948628
 40
0.3000000000774377
 50
351.7867893050689
 51
450.0000000083865
 73
     1
 72
     1
 10
-74.72419771007844
 20
-152.5999473947854
 11
-75.9241977102647
 21
-152.5999473947854
 72
     1
 10
-75.9241977102647
 20
-152.5999473947854
 11
-75.9241977102647
 21
-150.1999473948785
 72
     2
 10
-75.4241977102647
 20
-150.1999473948785
 40
0.5
 50
180.0
 51
270.0
 73
     0
 72
     1
 10
-75.4241977102647
 20
-149.6999473948785
 11
-73.62419770998531
 21
-149.6999473948785
 72
     2
 10
-73.32419770993872
 20
-149.6999473948785
 40
0.3000000000465661
 50
180.0
 51
360.0
 73
     1
 72
     1
 10
-73.02419770989216
 20
-149.6999473948785
 11
-72.22419771007844
 21
-149.6999473948785
 72
     2
 10
-71.92419771003187
 20
-149.6999473948785
 40
0.3000000000465661
 50
180.0
 51
360.0
 73
     1
 72
     1
 10
-71.62419770998531
 20
-149.6999473948785
 11
-70.99740279107938
 21
-149.6999473948785
 72
     1
 10
-70.99740279107938
 20
-149.6999473948785
 11
-70.82419771017156
 21
-149.9999473951579
 72
     1
 10
-70.82419771017156
 20
-149.9999473951579
 11
-70.65099262926378
 21
-149.6999473948785
 72
     1
 10
-70.65099262926378
 20
-149.6999473948785
 11
-68.4241977102647
 21
-149.6999473948785
 72
     2
 10
-68.4241977102647
 20
-150.1999473948785
 40
0.5
 50
270.0
 51
360.0
 73
     0
 72
     1
 10
-67.9241977102647
 20
-150.1999473948785
 11
-67.9241977102647
 21
-153.4999473951579
 72
     2
 10
-67.62419771021814
 20
-153.4999473949251
 40
0.3000000000465661
 50
180.0000000444673
 51
270.0000000444674
 73
     1
 72
     1
 10
-67.62419770998531
 20
-153.7999473949717
 11
-67.3382466492767
 21
-153.7999473949717
 72
     2
 10
-67.3382466492767
 20
-154.0999473947854
 40
0.2999999998137355
 50
270.0
 51
360.0
 73
     0
 72
     1
 10
-67.03824664946296
 20
-154.0999473947854
 11
-67.03824664946296
 21
-155.3100347127588
 72
     2
 10
-67.33824664971518
 20
-155.3100347127265
 40
0.3000000002522256
 50
0.0000000061663576
 51
79.47892318174462
 73
     0
 72
     2
 10
-67.2286883216653
 20
-155.899947395197
 40
0.2999999999016587
 50
100.5210768402825
 51
160.0000000158422
 73
     1
 72
     1
 10
-67.51059610783705
 20
-155.7973413523109
 11
-68.02015443579874
 21
-157.1973413522178
 72
     2
 10
-67.73824664951549
 20
-157.2999473952388
 40
0.300000000052606
 50
159.9999999989189
 51
274.9999999990168
 73
     1
 72
     1
 10
-67.71209992669174
 20
-157.5988058047192
 11
-65.35025584572577
 21
-157.3921712222331
 72
     2
 10
-65.37640256841361
 20
-157.0933128130595
 40
0.2999999997352248
 50
274.9999999782633
 51
314.9999999781889
 73
     1
 72
     1
 10
-65.16427053432562
 20
-157.305444847309
 11
-64.80019443822675
 21
-156.9413687512101
 72
     2
 10
-64.94161579427471
 20
-156.7999473949954
 40
0.1999999998501349
 50
314.9999999662183
 51
434.9999999662253
 73
     1
 72
     1
 10
-64.88985198517912
 20
-156.6067622299128
 11
-65.05528212865465
 21
-156.5624353564166
 72
     2
 10
-65.0035183196332
 20
-156.3692501911568
 40
0.2000000000022068
 50
105.0000000001074
 51
164.9999999998975
 73
     0
 72
     1
 10
-65.19670348489308
 20
-156.4210140001782
 11
-65.73824664964923
 21
-154.3999473950648
 72
     1
 10
-65.73824664964923
 20
-154.3999473950648
 11
-65.73824664964923
 21
-154.0999473952511
 72
     2
 10
-65.45540393708765
 20
-154.1999473952396
 40
0.3000000000781533
 50
199.4712206268863
 51
318.1896850966505
 73
     0
 72
     2
 10
-65.00819034139388
 20
-153.7999473950751
 40
0.3000000001759364
 50
221.8103148869432
 51
269.9999999913231
 73
     1
 72
     1
 10
-65.00819034143932
 20
-154.0999473952511
 11
-61.13824664955609
 21
-154.0999473952511
 72
     2
 10
-61.13824664932327
 20
-154.3999473952976
 40
0.3000000000465661
 50
269.9999999555326
 51
359.9999999555326
 73
     0
 72
     1
 10
-60.83824664927671
 20
-154.3999473950648
 11
-60.83824664927671
 21
-154.615621197951
 72
     2
 10
-61.13824664986477
 20
-154.6156211976108
 40
0.300000000588085
 50
0.000000064958631
 51
31.40000006501541
 73
     0
 72
     1
 10
-60.88218141035759
 20
-154.77192408776
 11
-61.81232595365146
 21
-156.2957454686807
 72
     2
 10
-61.64161579413442
 20
-156.399947395147
 40
0.2000000001040465
 50
148.5999999852348
 51
269.999999985289
 73
     1
 72
     1
 10
-61.64161579418578
 20
-156.5999473952511
 11
-60.21603256106027
 21
-156.5999473952511
 72
     2
 10
-60.21603256142263
 20
-155.5999473946451
 40
1.000000000605949
 50
270.0000000207618
 51
303.9214480356262
 73
     1
 72
     2
 10
-59.49056005282909
 20
-156.6786918687301
 40
0.2999999998148615
 50
236.0785519851363
 51
303.9214480148637
 73
     0
 72
     2
 10
-58.76508754423554
 20
-155.5999473946451
 40
1.000000000605949
 50
236.0785519643739
 51
269.9999999792382
 73
     1
 72
     1
 10
-58.7650875445979
 20
-156.5999473952511
 11
-57.3395043114724
 21
-156.5999473952511
 72
     2
 10
-57.33950431152376
 20
-156.399947395147
 40
0.2000000001040689
 50
270.000000014711
 51
391.4000000147652
 73
     1
 72
     1
 10
-57.16879415200674
 20
-156.2957454686807
 11
-58.09893869530061
 21
-154.77192408776
 72
     2
 10
-57.84287345579341
 20
-154.6156211976108
 40
0.3000000005880821
 50
148.5999999349846
 51
179.9999999350413
 73
     0
 72
     1
 10
-58.14287345638149
 20
-154.615621197951
 11
-58.14287345638149
 21
-154.3999473950648
 72
     2
 10
-57.84287345633494
 20
-154.3999473952976
 40
0.3000000000465661
 50
180.0000000444673
 51
270.0000000444674
 73
     0
 72
     1
 10
-57.84287345610209
 20
-154.0999473952511
 11
-53.97292976421885
 21
-154.0999473952511
 72
     2
 10
-53.97292976426428
 20
-153.7999473950751
 40
0.3000000001759417
 50
270.0000000086768
 51
318.1896851130567
 73
     1
 72
     2
 10
-53.52571616880337
 20
-154.1999473951016
 40
0.2999999998126696
 50
221.8103149133637
 51
340.5287793831224
 73
     0
 72
     1
 10
-53.24287345647462
 20
-154.0999473952511
 11
-53.24287345647462
 21
-154.3999473950648
 72
     1
 10
-53.24287345647462
 20
-154.3999473950648
 11
-53.78441662076511
 21
-156.4210140001782
 72
     2
 10
-53.9776017862578
 20
-156.3692501907536
 40
0.2000000003314825
 50
15.00000009443284
 51
75.00000009422413
 73
     0
 72
     1
 10
-53.92583797746921
 20
-156.5624353564166
 11
-54.09126812047907
 21
-156.6067622299128
 72
     2
 10
-54.03950431138348
 20
-156.7999473949954
 40
0.1999999998501198
 50
105.0000000337764
 51
225.0000000337802
 73
     1
 72
     1
 10
-54.18092566743144
 20
-156.9413687512101
 11
-53.81684957179823
 21
-157.305444847309
 72
     2
 10
-53.60471753747741
 20
-157.0933128124198
 40
0.3000000003521875
 50
225.000000076756
 51
265.0000000766828
 73
     1
 72
     1
 10
-53.63086425993242
 20
-157.3921712222331
 11
-51.26902017896647
 21
-157.5988058047192
 72
     2
 10
-51.2428734561427
 20
-157.2999473952388
 40
0.3000000000526019
 50
265.0000000009832
 51
380.0000000010811
 73
     1
 72
     1
 10
-50.96096566985942
 20
-157.1973413522178
 11
-51.47052399782115
 21
-155.7973413523109
 72
     2
 10
-51.75243178422571
 20
-155.8999473956046
 40
0.3000000002598489
 50
20.00000004209486
 51
79.47892321765187
 73
     1
 72
     2
 10
-51.64287345617584
 20
-155.3100347130065
 40
0.3000000000194078
 50
100.5210768717424
 51
180.0000000473171
 73
     0
 72
     1
 10
-51.94287345619523
 20
-155.3100347127588
 11
-51.94287345619523
 21
-154.3999473950648
 72
     2
 10
-51.64287345614866
 20
-154.399947394832
 40
0.3000000000465661
 50
179.9999999555326
 51
269.9999999555326
 73
     0
 72
     1
 10
-51.64287345638149
 20
-154.0999473947854
 11
-48.12419770998531
 21
-154.0999473947854
 72
     2
 10
-48.12419770998531
 20
-152.5999473947854
 40
1.5
 50
270.0
 51
360.0
 73
     1
 72
     1
 10
-46.62419770998531
 20
-152.5999473947854
 11
-46.62419770998531
 21
-150.8999473950648
 72
     2
 10
-47.12419770998531
 20
-150.8999473950648
 40
0.5
 50
0.0
 51
90.0
 73
     1
 72
     1
 10
-47.12419770998531
 20
-150.3999473950648
 11
-47.92419771026469
 21
-150.3999473950648
 72
     2
 10
-47.92419771026469
 20
-150.5999473947854
 40
0.1999999997206032
 50
90.0
 51
180.0
 73
     1
 72
     1
 10
-48.12419770998531
 20
-150.5999473947854
 11
-48.12419770998531
 21
-152.0999473947854
 72
     2
 10
-48.42419771026797
 20
-152.0999473947821
 40
0.3000000002826724
 50
0.0000000006242538
 51
89.99999999937442
 73
     0
 72
     1
 10
-48.4241977102647
 20
-152.3999473950648
 11
-50.32419771017156
 21
-152.3999473950648
 72
     2
 10
-50.32419770993546
 20
-152.099947395015
 40
0.3000000000498346
 50
90.00000004509299
 51
180.000000043843
 73
     0
 72
     1
 10
-50.62419770998531
 20
-152.0999473947854
 11
-50.62419770998531
 21
-145.9999473951579
 72
     2
 10
-50.32419770993874
 20
-145.9999473949251
 40
0.3000000000465661
 50
179.9999999555326
 51
269.9999999555326
 73
     0
 72
     1
 10
-50.32419771017156
 20
-145.6999473948785
 11
-45.62419770998531
 21
-145.6999473948785
 72
     1
 10
-45.62419770998531
 20
-145.6999473948785
 11
-45.62419770998531
 21
-146.6999473948785
 72
     2
 10
-45.12419770998531
 20
-146.6999473948785
 40
0.5
 50
180.0
 51
270.0
 73
     1
 72
     1
 10
-45.12419770998531
 20
-147.1999473948785
 11
-44.62419770998531
 21
-147.1999473948785
 72
     2
 10
-44.62419770998531
 20
-146.6999473948785
 40
0.5
 50
270.0
 51
360.0
 73
     1
 72
     1
 10
-44.12419770998531
 20
-146.6999473948785
 11
-44.12419770998531
 21
-145.8999473950648
 72
     2
 10
-46.12419770998529
 20
-145.8999473950648
 40
2.0
 50
0.0
 51
90.0
 73
     1
 72
     1
 10
-46.12419770998529
 20
-143.8999473950648
 11
-65.32419771017156
 21
-143.8999473950648
 72
     2
 10
-65.32419770993548
 20
-143.599947395015
 40
0.3000000000498346
 50
90.00000004509161
 51
180.000000043843
 73
     0
 72
     1
 10
-65.62419770998531
 20
-143.5999473947854
 11
-65.62419770998531
 21
-136.9499473948785
 72
     2
 10
-65.32419771017156
 20
-136.9499473948785
 40
0.2999999998137355
 50
180.0
 51
270.0
 73
     0
 72
     1
 10
-65.32419771017156
 20
-136.6499473950648
 11
-62.12419770998531
 21
-136.6499473950648
 72
     2
 10
-62.12419770998531
 20
-135.1499473950648
 40
1.5
 50
270.0
 51
360.0
 73
     1
 72
     1
 10
-60.62419770998531
 20
-135.1499473950648
 11
-60.62419770998531
 21
-133.3499473947854
 72
     2
 10
-61.62419770998531
 20
-133.3499473947854
 40
1.0
 50
0.0
 51
90.0
 73
     1
 72
     1
 10
-61.62419770998531
 20
-132.3499473947854
 11
-61.82419771017158
 21
-132.3499473947854
 72
     1
 10
-61.82419771017158
 20
-132.3499473947854
 11
-62.32419771017156
 21
-132.3499473947854
 72
     2
 10
-62.32419770993985
 20
-132.6499473948309
 40
0.3000000000454861
 50
90.00000004425841
 51
180.0000000446735
 73
     1
 72
     1
 10
-62.62419770998531
 20
-132.6499473950648
 11
-62.62419770998531
 21
-134.5499473949717
 72
     2
 10
-62.92419771003515
 20
-134.5499473947356
 40
0.3000000000498417
 50
0.0000000450916143
 51
90.00000004384178
 73
     0
 72
     1
 10
-62.92419771026469
 20
-134.8499473947854
 11
-65.32419771017156
 21
-134.8499473947854
 72
     2
 10
-65.32419771016829
 20
-134.5499473949684
 40
0.299999999817004
 50
90.00000000062426
 51
179.9999999993756
 73
     0
 72
     1
 10
-65.62419770998531
 20
-134.5499473949717
 11
-65.62419770998531
 21
-125.2999473949717
 72
     1
 10
-65.62419770998531
 20
-125.2999473949717
 11
-65.9241977102647
 21
-124.9999473951579
 72
     1
 10
-65.9241977102647
 20
-124.9999473951579
 11
-65.62419770998531
 21
-124.6999473948785
 72
     1
 10
-65.62419770998531
 20
-124.6999473948785
 11
-65.62419770998531
 21
-115.4499473948785
 72
     2
 10
-65.32419771017156
 20
-115.4499473948785
 40
0.2999999998137355
 50
180.0
 51
270.0
 73
     0
 72
     1
 10
-65.32419771017156
 20
-115.1499473950648
 11
-62.92419771026469
 21
-115.1499473950648
 72
     2
 10
-62.92419771003189
 20
-115.4499473951114
 40
0.3000000000465661
 50
269.9999999555326
 51
359.9999999555326
 73
     0
 72
     1
 10
-62.62419770998531
 20
-115.4499473948785
 11
-62.62419770998531
 21
-117.0499473949717
 97
        1
330
BB
 75
     0
 76
     1
 52
0.0
 41
0.1
 77
     0
 78
     1
 53
45.0
 43
-1042.42260712161
 44
-3562.648381740667
 45
-0.2245064030267288
 46
0.2245064030267288
 79
     0
 98
        1
 10
1784.518602773867
 20
-49.11717008378445
1001
ACAD
1010
0.0
1020
0.0
1030
0.0
1001
ACDBBLOCKREPETAG
1070
     1
1071
       51
1005
0
  0
LWPOLYLINE
  5
BB
102
{ACAD_REACTORS
330
BA
102
}
330
73
100
AcDbEntity
  8
ART_PROFIL
 48
0.5
370
    -2
100
AcDbPolyline
 90
      137
 70
     0
 43
0.0
 10
-62.62419770998531
 20
-117.0499473949717
 42
0.414213562370964
 10
-62.32419771017156
 20
-117.3499473947854
 10
-61.82419771017158
 20
-117.3499473947854
 10
-61.62419770998531
 20
-117.3499473947854
 42
0.4142135623730951
 10
-60.62419770998531
 20
-116.3499473947854
 10
-60.62419770998531
 20
-114.8999473950648
 10
-57.42419771026471
 20
-114.8999473950648
 42
0.4142135623730951
 10
-57.12419770998531
 20
-114.5999473947854
 10
-57.12419770998531
 20
-114.3999473950648
 42
0.4142135623730951
 10
-58.12419770998531
 20
-113.3999473950648
 10
-80.9241977102647
 20
-113.3999473950648
 42
0.4142135623730951
 10
-85.9241977102647
 20
-118.3999473950648
 10
-85.9241977102647
 20
-153.4999473951579
 42
0.4142135623730951
 10
-85.62419770998531
 20
-153.7999473949717
 10
-83.93130449127056
 20
-153.7999473949717
 42
0.1989123673803507
 10
-83.57775110067448
 20
-153.6535007855676
 10
-83.0070404225553
 20
-153.0827901074485
 42
0.668178637929498
 10
-83.20704042274156
 20
-152.5999473947854
 10
-84.52419771035783
 20
-152.5999473947854
 10
-84.52419771035783
 20
-150.0999473947854
 42
-0.4142135623730951
 10
-84.02419771035786
 20
-149.5999473947854
 10
-77.82419771017156
 20
-149.5999473947854
 42
-0.4142135623730951
 10
-77.32419771017156
 20
-150.0999473947854
 10
-77.32419771017156
 20
-152.5999473947854
 10
-78.64135499778786
 20
-152.5999473947854
 42
0.6681786379192655
 10
-78.84135499750844
 20
-153.0827901074485
 10
-78.27064431938925
 20
-153.6535007855676
 42
0.1989123673803505
 10
-77.91709092879319
 20
-153.7999473949717
 10
-75.41701803324395
 20
-153.7999473949717
 42
0.3728246932648587
 10
-74.42727471436956
 20
-152.9428045376958
 42
0.4568502517561728
 10
-74.72419771007844
 20
-152.5999473947854
 10
-75.9241977102647
 20
-152.5999473947854
 10
-75.9241977102647
 20
-150.1999473948785
 42
-0.4142135623730951
 10
-75.4241977102647
 20
-149.6999473948785
 10
-73.62419770998531
 20
-149.6999473948785
 42
0.9999999999999998
 10
-73.02419770989216
 20
-149.6999473948785
 10
-72.22419771007844
 20
-149.6999473948785
 42
0.9999999999999998
 10
-71.62419770998531
 20
-149.6999473948785
 10
-70.99740279107938
 20
-149.6999473948785
 10
-70.82419771017156
 20
-149.9999473951579
 10
-70.65099262926378
 20
-149.6999473948785
 10
-68.4241977102647
 20
-149.6999473948785
 42
-0.4142135623730951
 10
-67.9241977102647
 20
-150.1999473948785
 10
-67.9241977102647
 20
-153.4999473951579
 42
0.4142135623730951
 10
-67.62419770998531
 20
-153.7999473949717
 10
-67.3382466492767
 20
-153.7999473949717
 42
-0.4142135623730951
 10
-67.03824664946296
 20
-154.0999473947854
 10
-67.03824664946296
 20
-155.3100347127588
 42
-0.3613975351059702
 10
-67.28346748571493
 20
-155.6049910541446
 42
0.2655138063086158
 10
-67.51059610783705
 20
-155.7973413523109
 10
-68.02015443579874
 20
-157.1973413522178
 42
0.5486187866272153
 10
-67.71209992669174
 20
-157.5988058047192
 10
-65.35025584572577
 20
-157.3921712222331
 42
0.1763269807081368
 10
-65.16427053432562
 20
-157.305444847309
 10
-64.80019443822675
 20
-156.9413687512101
 42
0.5773502691896467
 10
-64.88985198517912
 20
-156.6067622299128
 10
-65.05528212865465
 20
-156.5624353564166
 42
-0.2679491924301378
 10
-65.19670348489308
 20
-156.4210140001782
 10
-65.73824664964923
 20
-154.3999473950648
 10
-65.73824664964923
 20
-154.0999473952511
 42
-0.5699185129221629
 10
-65.23179713930585
 20
-153.9999473951579
 42
0.2134217652841196
 10
-65.00819034143932
 20
-154.0999473952511
 10
-61.13824664955609
 20
-154.0999473952511
 42
-0.4142135623730951
 10
-60.83824664927671
 20
-154.3999473950648
 10
-60.83824664927671
 20
-154.615621197951
 42
-0.1378721067478116
 10
-60.88218141035759
 20
-154.77192408776
 10
-61.81232595365146
 20
-156.2957454686807
 42
0.5855240683201456
 10
-61.64161579418578
 20
-156.5999473952511
 10
-60.21603256106027
 20
-156.5999473952511
 42
0.1491006161138808
 10
-59.65797678535455
 20
-156.4297508364366
 42
-0.3049812689031545
 10
-59.32314332030364
 20
-156.4297508364366
 42
0.1491006161138808
 10
-58.7650875445979
 20
-156.5999473952511
 10
-57.3395043114724
 20
-156.5999473952511
 42
0.5855240683201456
 10
-57.16879415200674
 20
-156.2957454686807
 10
-58.09893869530061
 20
-154.77192408776
 42
-0.1378721067478117
 10
-58.14287345638149
 20
-154.615621197951
 10
-58.14287345638149
 20
-154.3999473950648
 42
-0.4142135623730951
 10
-57.84287345610209
 20
-154.0999473952511
 10
-53.97292976421885
 20
-154.0999473952511
 42
0.2134217652841196
 10
-53.74932296635233
 20
-153.9999473951579
 42
-0.5699185129221629
 10
-53.24287345647462
 20
-154.0999473952511
 10
-53.24287345647462
 20
-154.3999473950648
 10
-53.78441662076511
 20
-156.4210140001782
 42
-0.2679491924301416
 10
-53.92583797746921
 20
-156.5624353564166
 10
-54.09126812047907
 20
-156.6067622299128
 42
0.5773502691896468
 10
-54.18092566743144
 20
-156.9413687512101
 10
-53.81684957179823
 20
-157.305444847309
 42
0.1763269807081367
 10
-53.63086425993242
 20
-157.3921712222331
 10
-51.26902017896647
 20
-157.5988058047192
 42
0.5486187866272153
 10
-50.96096566985942
 20
-157.1973413522178
 10
-51.47052399782115
 20
-155.7973413523109
 42
0.265513806308616
 10
-51.69765262040892
 20
-155.6049910541446
 42
-0.3613975351059704
 10
-51.94287345619523
 20
-155.3100347127588
 10
-51.94287345619523
 20
-154.3999473950648
 42
-0.4142135623730951
 10
-51.64287345638149
 20
-154.0999473947854
 10
-48.12419770998531
 20
-154.0999473947854
 42
0.4142135623730951
 10
-46.62419770998531
 20
-152.5999473947854
 10
-46.62419770998531
 20
-150.8999473950648
 42
0.4142135623730951
 10
-47.12419770998531
 20
-150.3999473950648
 10
-47.92419771026469
 20
-150.3999473950648
 42
0.4142135623730951
 10
-48.12419770998531
 20
-150.5999473947854
 10
-48.12419770998531
 20
-152.0999473947854
 42
-0.4142135623667019
 10
-48.4241977102647
 20
-152.3999473950648
 10
-50.32419771017156
 20
-152.3999473950648
 42
-0.4142135623667019
 10
-50.62419770998531
 20
-152.0999473947854
 10
-50.62419770998531
 20
-145.9999473951579
 42
-0.4142135623730951
 10
-50.32419771017156
 20
-145.6999473948785
 10
-45.62419770998531
 20
-145.6999473948785
 10
-45.62419770998531
 20
-146.6999473948785
 42
0.4142135623730951
 10
-45.12419770998531
 20
-147.1999473948785
 10
-44.62419770998531
 20
-147.1999473948785
 42
0.4142135623730951
 10
-44.12419770998531
 20
-146.6999473948785
 10
-44.12419770998531
 20
-145.8999473950648
 42
0.4142135623730951
 10
-46.12419770998529
 20
-143.8999473950648
 10
-65.32419771017156
 20
-143.8999473950648
 42
-0.4142135623667019
 10
-65.62419770998531
 20
-143.5999473947854
 10
-65.62419770998531
 20
-136.9499473948785
 42
-0.4142135623730951
 10
-65.32419771017156
 20
-136.6499473950648
 10
-62.12419770998531
 20
-136.6499473950648
 42
0.4142135623730951
 10
-60.62419770998531
 20
-135.1499473950648
 10
-60.62419770998531
 20
-133.3499473947854
 42
0.4142135623730951
 10
-61.62419770998531
 20
-132.3499473947854
 10
-61.82419771017158
 20
-132.3499473947854
 10
-62.32419771017156
 20
-132.3499473947854
 42
0.4142135623752261
 10
-62.62419770998531
 20
-132.6499473950648
 10
-62.62419770998531
 20
-134.5499473949717
 42
-0.4142135623667019
 10
-62.92419771026469
 20
-134.8499473947854
 10
-65.32419771017156
 20
-134.8499473947854
 42
-0.4142135623667019
 10
-65.62419770998531
 20
-134.5499473949717
 10
-65.62419770998531
 20
-125.2999473949717
 10
-65.9241977102647
 20
-124.9999473951579
 10
-65.62419770998531
 20
-124.6999473948785
 10
-65.62419770998531
 20
-115.4499473948785
 42
-0.4142135623730951
 10
-65.32419771017156
 20
-115.1499473950648
 10
-62.92419771026469
 20
-115.1499473950648
 42
-0.4142135623730951
 10
-62.62419770998531
 20
-115.4499473948785
 10
-62.62419770998531
 20
-117.0499473949717
1001
ACDBBLOCKREPETAG
1070
     1
1071
       52
1005
0
  0
LWPOLYLINE
  5
BC
102
{ACAD_REACTORS
330
BA
102
}
330
73
100
AcDbEntity
  8
ART_PROFIL
 48
0.5
370
    -2
100
AcDbPolyline
 90
       21
 70
     1
 43
0.0
 10
-84.4241977102647
 20
-118.1499473950648
 42
-0.4142135623730951
 10
-84.17419771026471
 20
-117.8999473950648
 10
-83.72419771007844
 20
-117.8999473950648
 42
0.4142135623730951
 10
-83.4241977102647
 20
-117.5999473947854
 10
-83.4241977102647
 20
-117.3999473950648
 42
0.3618130917090474
 10
-83.83362184991709
 20
-116.9082198142828
 42
-0.5250516247974856
 10
-84.00207542828866
 20
-116.532685026043
 42
-0.2621398176378365
 10
-80.9241977102647
 20
-114.7999473949717
 10
-67.62419770998531
 20
-114.7999473949717
 42
-0.4142135623730951
 10
-67.12419770998531
 20
-115.2999473949717
 10
-67.12419770998531
 20
-116.8999473950648
 10
-67.62419770998531
 20
-116.8999473950648
 42
0.4142135623730951
 10
-68.12419770998531
 20
-117.3999473950648
 10
-68.12419770998531
 20
-117.5999473947854
 42
0.4142135623730951
 10
-67.82419771017156
 20
-117.8999473950648
 10
-67.37419770998531
 20
-117.8999473950648
 42
-0.4142135623730951
 10
-67.12419770998531
 20
-118.1499473950648
 10
-67.12419770998531
 20
-147.9499473948785
 42
-0.4142135623730951
 10
-67.37419770998531
 20
-148.1999473948785
 10
-84.17419771026471
 20
-148.1999473948785
 42
-0.4142135623730951
 10
-84.4241977102647
 20
-147.9499473948785
1001
ACDBBLOCKREPETAG
1070
     1
1071
       53
1005
0
  0
LWPOLYLINE
  5
BD
102
{ACAD_REACTORS
330
BA
102
}
330
73
100
AcDbEntity
  8
ART_PROFIL
 48
0.5
370
    -2
100
AcDbPolyline
 90
       12
 70
     1
 43
0.0
 10
-52.12419770998531
 20
-152.2999473949717
 42
-0.4142135623667019
 10
-52.42419771026471
 20
-152.5999473947854
 10
-66.22419771007844
 20
-152.5999473947854
 42
-0.4142135623667019
 10
-66.52419770989218
 20
-152.2999473949717
 10
-66.52419770989218
 20
-149.8999473950648
 42
-0.4142135623603087
 10
-66.22419771007844
 20
-149.5999473947854
 10
-65.9241977102647
 20
-149.5999473947854
 42
0.4142135623730951
 10
-65.62419770998531
 20
-149.2999473949717
 10
-65.62419770998531
 20
-145.6999473948785
 42
-0.4142135623794882
 10
-65.32419771017156
 20
-145.3999473950648
 10
-52.42419771026471
 20
-145.3999473950648
 42
-0.4142135623603087
 10
-52.12419770998531
 20
-145.6999473948785
1001
ACDBBLOCKREPETAG
1070
     1
1071
       54
1005
0
  0
LINE
  5
BE
330
73
100
AcDbEntity
  8
ART_PROFIL
 48
0.5
370
    -2
100
AcDbLine
 10
-63.85761104538687
 20
-110.4553273762399
 30
0.0
 11
-128.6158980822947
 21
-110.4553273762399
 31
0.0
1001
ACDBBLOCKREPETAG
1070
     1
1071
       55
1005
0
  0
LINE
  5
BF
330
73
100
AcDbEntity
  8
ART_PROFIL
 48
0.5
370
    -2
100
AcDbLine
 10
-61.15761104520061
 20
-104.6553273764261
 30
0.0
 11
-128.6158980822947
 21
-104.6553273759605
 31
0.0
1001
ACDBBLOCKREPETAG
1070
     1
1071
       56
1005
0
  0
LINE
  5
C0
330
73
100
AcDbEntity
  8
ART_CAM
370
    -2
100
AcDbLine
 10
-20.14138610303053
 20
-186.7999473949717
 30
0.0
 11
-20.14138610303053
 21
-190.7999473949717
 31
0.0
1001
ACDBBLOCKREPETAG
1070
     1
1071
       57
1005
0
  0
LINE
  5
C1
330
73
100
AcDbEntity
  8
ART_CAM
370
    -2
100
AcDbLine
 10
-21.14138610303053
 20
-191.7999473949717
 30
0.0
 11
-20.14138610303053
 21
-190.7999473949717
 31
0.0
1001
ACDBBLOCKREPETAG
1070
     1
1071
       58
1005
0
  0
LINE
  5
C2
330
73
100
AcDbEntity
  8
ART_CAM
370
    -2
100
AcDbLine
 10
-21.14138610303053
 20
-185.7999473949717
 30
0.0
 11
-20.14138610303053
 21
-186.7999473949717
 31
0.0
1001
ACDBBLOCKREPETAG
1070
     1
1071
       59
1005
0
  0
LINE
  5
C3
330
73
100
AcDbEntity
  8
ART_PROFIL
 48
0.5
370
    -2
100
AcDbLine
 10
-80.9241977102647
 20
-113.3999473950648
 30
0.0
 11
-128.6158980822947
 21
-113.3999473950648
 31
0.0
1001
ACDBBLOCKREPETAG
1070
     1
1071
       60
1005
0
  0
LWPOLYLINE
  5
C4
330
73
100
AcDbEntity
  8
ART_TAKOZ
100
AcDbPolyline
 90
        4
 70
     1
 43
0.0
 10
-66.27419771035786
 20
-178.1499473945991
 10
-66.27419771035786
 20
-170.5499473949717
 10
-53.77419771035785
 20
-170.5499473949717
 10
-53.77419771035785
 20
-178.1499473945991
1001
ACDBBLOCKREPETAG
1070
     1
1071
       61
1005
0
  0
LWPOLYLINE
  5
C6
330
73
100
AcDbEntity
  8
ART_TAKOZ
100
AcDbPolyline
 90
        4
 70
     1
 43
0.0
 10
-33.89138610349619
 20
-167.5499473949717
 10
-27.69138610330993
 20
-167.5499473949717
 10
-27.69138610330993
 20
-106.5053273765193
 10
-33.89138610349619
 20
-106.5053273765193
1001
ACDBBLOCKREPETAG
1070
     1
1071
       62
1005
0
  0
LINE
  5
C7
330
73
100
AcDbEntity
  8
ART_Mlz-Aksesuar
100
AcDbLine
 10
-27.69138610330993
 20
-106.5053273765193
 30
0.0
 11
-29.7863670575025
 21
-127.1323138745324
 31
0.0
1001
ACDBBLOCKREPETAG
1070
     1
1071
       63
1005
0
  0
LINE
  5
CA
330
73
100
AcDbEntity
  8
ART_TAKOZ
100
AcDbLine
 10
-31.79640514930361
 20
-146.9229608964929
 30
0.0
 11
-33.89138610349619
 21
-167.5499473949717
 31
0.0
1001
ACDBBLOCKREPETAG
1070
     1
1071
       64
1005
0
  0
LINE
  5
CB
330
73
100
AcDbEntity
  8
ART_TAKOZ
100
AcDbLine
 10
-27.69138610330993
 20
-167.5499473949717
 30
0.0
 11
-29.7863670575025
 21
-146.9229608964929
 31
0.0
1001
ACDBBLOCKREPETAG
1070
     1
1071
       65
1005
0
  0
LINE
  5
CC
330
73
100
AcDbEntity
  8
ART_TAKOZ
100
AcDbLine
 10
-31.79640514930361
 20
-127.1323138745324
 30
0.0
 11
-33.89138610349619
 21
-106.5053273765193
 31
0.0
1001
ACDBBLOCKREPETAG
1070
     1
1071
       66
1005
0
  0
LWPOLYLINE
  5
CD
330
73
100
AcDbEntity
  8
ART_TAKOZ
100
AcDbPolyline
 90
        4
 70
     1
 43
0.0
 10
-11.99138610312366
 20
-171.6499473945992
 10
-25.69138610330993
 20
-171.6499473945992
 10
-25.69138610330993
 20
-162.049947394506
 10
-11.99138610312366
 20
-162.049947394506
1001
ACDBBLOCKREPETAG
1070
     1
1071
       67
1005
0
  0
LINE
  5
CE
330
73
100
AcDbEntity
  8
ART_TAKOZ
100
AcDbLine
 10
-11.99138610312366
 20
-162.049947394506
 30
0.0
 11
-16.85545693864696
 21
-165.458347395976
 31
0.0
1001
ACDBBLOCKREPETAG
1070
     1
1071
       68
1005
0
  0
LINE
  5
CF
330
73
100
AcDbEntity
  8
ART_TAKOZ
100
AcDbLine
 10
-20.82731526778662
 20
-168.2415473931292
 30
0.0
 11
-25.69138610330993
 21
-171.6499473945992
 31
0.0
1001
ACDBBLOCKREPETAG
1070
     1
1071
       69
1005
0
  0
LINE
  5
D0
330
73
100
AcDbEntity
  8
ART_TAKOZ
100
AcDbLine
 10
-11.99138610312366
 20
-171.6499473945992
 30
0.0
 11
-16.85545693864696
 21
-168.2415473931292
 31
0.0
1001
ACDBBLOCKREPETAG
1070
     1
1071
       70
1005
0
  0
LINE
  5
D1
330
73
100
AcDbEntity
  8
ART_TAKOZ
100
AcDbLine
 10
-20.82731526778662
 20
-165.458347395976
 30
0.0
 11
-25.69138610330993
 21
-162.049947394506
 31
0.0
1001
ACDBBLOCKREPETAG
1070
     1
1071
       71
1005
0
  0
LWPOLYLINE
  5
D2
330
73
100
AcDbEntity
  8
ART_TAKOZ
100
AcDbPolyline
 90
        4
 70
     1
 43
0.0
 10
-84.10097440532991
 20
-147.8767240904094
 10
-67.44742101492011
 20
-147.8767240904094
 10
-67.44742101492011
 20
-118.2231706995339
 10
-84.10097440532991
 20
-118.2231706995339
1001
ACDBBLOCKREPETAG
1070
     1
1071
       72
1005
0
  0
LINE
  5
D3
330
73
100
AcDbEntity
  8
ART_TAKOZ
100
AcDbLine
 10
-67.44742101492011
 20
-118.2231706995339
 30
0.0
 11
-74.27175738909864
 21
-130.3746808478431
 31
0.0
1001
ACDBBLOCKREPETAG
1070
     1
1071
       73
1005
0
  0
LINE
  5
D4
330
73
100
AcDbEntity
  8
ART_TAKOZ
100
AcDbLine
 10
-77.43911817870685
 20
-136.0145283969873
 30
0.0
 11
-84.10097440532991
 21
-147.8767240904094
 31
0.0
1001
ACDBBLOCKREPETAG
1070
     1
1071
       74
1005
0
  0
LINE
  5
D5
330
73
100
AcDbEntity
  8
ART_TAKOZ
100
AcDbLine
 10
-67.44742101492011
 20
-147.8767240904094
 30
0.0
 11
-74.10927724200883
 21
-136.0145283969873
 31
0.0
1001
ACDBBLOCKREPETAG
1070
     1
1071
       75
1005
0
  0
LINE
  5
D6
330
73
100
AcDbEntity
  8
ART_TAKOZ
100
AcDbLine
 10
-77.27663803115136
 20
-130.3746808478431
 30
0.0
 11
-84.10097440532991
 21
-118.2231706995339
 31
0.0
1001
ACDBBLOCKREPETAG
1070
     1
1071
       76
1005
0
  0
LINE
  5
D7
330
73
100
AcDbEntity
  8
ART_TAKOZ
100
AcDbLine
 10
-53.77419771035785
 20
-170.5499473949717
 30
0.0
 11
-58.13316974477493
 21
-173.2002023919308
 31
0.0
1001
ACDBBLOCKREPETAG
1070
     1
1071
       77
1005
0
  0
LINE
  5
D8
330
73
100
AcDbEntity
  8
ART_TAKOZ
100
AcDbLine
 10
-61.91522567594073
 20
-175.4996923981057
 30
0.0
 11
-66.27419771035786
 21
-178.1499473945991
 31
0.0
1001
ACDBBLOCKREPETAG
1070
     1
1071
       78
1005
0
  0
LINE
  5
D9
330
73
100
AcDbEntity
  8
ART_TAKOZ
100
AcDbLine
 10
-53.77419771035785
 20
-178.1499473945991
 30
0.0
 11
-58.13316974477493
 21
-175.4996923981057
 31
0.0
1001
ACDBBLOCKREPETAG
1070
     1
1071
       79
1005
0
  0
LINE
  5
DA
330
73
100
AcDbEntity
  8
ART_TAKOZ
100
AcDbLine
 10
-61.91522567594073
 20
-173.2002023919308
 30
0.0
 11
-66.27419771035786
 21
-170.5499473949717
 31
0.0
1001
ACDBBLOCKREPETAG
1070
     1
1071
       80
1005
0
  0
TEXT
  5
DB
330
73
100
AcDbEntity
  8
ART_TAKOZ
100
AcDbText
 10
-76.5432583065267
 20
-129.0130062983194
 30
0.0
 40
1.9
  1
192 L 38
 50
270.0
  7
arialnarrow
100
AcDbText
1001
ACDBBLOCKREPETAG
1070
     1
1071
       81
1005
0
  0
TEXT
  5
DD
330
73
100
AcDbEntity
  8
ART_TAKOZ
100
AcDbText
 10
-63.94871508293727
 20
-175.3001353703262
 30
0.0
 40
1.9
  1
140 L 35
  7
arialnarrow
100
AcDbText
1001
ACDBBLOCKREPETAG
1070
     1
1071
       82
1005
0
  0
TEXT
  5
DE
330
73
100
AcDbEntity
  8
ART_TAKOZ
100
AcDbText
 10
-22.44326018136053
 20
-167.9726467295372
 30
0.0
 40
1.9
  1
222 L 62
  7
arialnarrow
100
AcDbText
1001
ACDBBLOCKREPETAG
1070
     1
1071
       83
1005
0
  0
TEXT
  5
DF
330
73
100
AcDbEntity
  8
ART_TAKOZ
100
AcDbText
 10
-31.54648242420808
 20
-132.4876381195904
 30
0.0
 40
1.9
  1
223 L 50
 50
270.0
  7
arialnarrow
100
AcDbText
1001
ACDBBLOCKREPETAG
1070
     1
1071
       84
1005
0
  0
LWPOLYLINE
  5
E0
330
73
100
AcDbEntity
  8
ART_FITIL
370
    -2
100
AcDbPolyline
 90
       14
 70
     1
 43
0.0
 10
-19.11380000007921
 20
-150.0000121006564
 10
-19.11380000007921
 20
-147.733951544837
 42
0.3750467088369516
 10
-19.37325945930206
 20
-147.4367033913554
 42
0.06787888806713
 10
-20.45434054048383
 20
-147.4367033913554
 42
0.3750467088364983
 10
-20.71379999970668
 20
-147.733951544837
 10
-20.71379999970668
 20
-150.0000121006564
 42
-0.29821662669872
 10
-21.31379999979981
 20
-150.916527239588
 42
0.2982166266987449
 10
-21.91379999989294
 20
-151.8330423785196
 10
-21.91379999989294
 20
-152.163902266399
 42
0.4142135623731131
 10
-21.61380000007921
 20
-152.4639022662127
 10
-18.21379999970668
 20
-152.4639022662127
 42
0.4142135623730951
 10
-17.91379999989294
 20
-152.163902266399
 10
-17.91379999989294
 20
-151.8330423785196
 42
0.2982166266986086
 10
-18.51379999998608
 20
-150.916527239588
 42
-0.2982166266982826
1001
ACDBBLOCKREPETAG
1070
     1
1071
       85
1005
0
  0
LWPOLYLINE
  5
E1
330
73
100
AcDbEntity
  8
ART_FITIL
370
    -2
100
AcDbPolyline
 90
        6
 70
     1
 43
0.0
 10
-21.91379999989294
 20
-154.2639022664921
 10
-21.91379999989294
 20
-154.5947621539057
 42
0.9999999999999428
 10
-17.91379999989294
 20
-154.5947621539057
 10
-17.91379999989294
 20
-154.2639022664921
 42
0.4142135623731685
 10
-18.21379999970668
 20
-153.9639022662127
 10
-21.61380000007921
 20
-153.9639022662127
 42
0.4142135623730951
1001
ACDBBLOCKREPETAG
1070
     1
1071
       86
1005
0
  0
LWPOLYLINE
  5
E2
330
73
100
AcDbEntity
  8
ART_FITIL
370
    -2
100
AcDbPolyline
 90
       37
 70
     1
 43
0.0
 10
-14.91379999989294
 20
-150.0000121006564
 10
-17.11380000007921
 20
-150.0000121006564
 42
-0.4142135623726955
 10
-18.11380000007921
 20
-149.0000121006564
 10
-18.11380000007921
 20
-148.4000121005633
 10
-16.91379999989294
 20
-148.4000121005633
 10
-16.91379999989294
 20
-147.4000121005633
 42
0.3333333333332321
 10
-22.91379999989294
 20
-147.4000121005633
 10
-22.91379999989294
 20
-148.4000121005633
 10
-21.71379999970668
 20
-148.4000121005633
 10
-21.71379999970668
 20
-149.0000121006564
 42
-0.4142135623730951
 10
-22.71379999970668
 20
-150.0000121006564
 10
-24.91379999989295
 20
-150.0000121006564
 10
-24.91379999989295
 20
-158.5947621539057
 10
-24.51900605545962
 20
-158.5947621539057
 42
0.3076847592326424
 10
-23.91461236044415
 20
-158.1839446392664
 42
-1.128701775594638
 10
-23.34429359078058
 20
-158.4937374433325
 42
-0.2012120834861407
 10
-24.92674358110526
 20
-159.4996993546196
 42
0.9785310008365527
 10
-24.92200832688832
 20
-160.5000121006565
 42
0.16129986857728
 10
-22.86110949670547
 20
-159.3961595673868
 42
-0.3075716929249019
 10
-22.63691916517565
 20
-159.3797242590049
 10
-20.73133132574731
 20
-160.479915911314
 42
0.8390996311758398
 10
-20.54142465922632
 20
-160.2535939593622
 10
-21.33284803541028
 20
-159.3104123077178
 42
-0.8390996311784471
 10
-21.07963914671564
 20
-159.0086497049601
 10
-18.53133132556104
 20
-160.479915911314
 42
0.8390996311775001
 10
-18.34142465904006
 20
-160.2535939593622
 10
-19.13284803522401
 20
-159.3104123077178
 42
-0.8390996311757817
 10
-18.87963914652937
 20
-159.0086497049601
 10
-16.33133132584044
 20
-160.479915911314
 42
0.8390996311793939
 10
-16.14142465931944
 20
-160.2535939593622
 10
-16.93284803550341
 20
-159.3104123077178
 42
-0.8390996311784471
 10
-16.67963914680877
 20
-159.0086497049601
 10
-14.13133132565417
 20
-160.479915911314
 42
0.8390996311797371
 10
-13.94142465913319
 20
-160.2535939593622
 10
-14.6798444429005
 20
-159.3735795290963
 42
-0.1763269807083487
 10
-14.91379999989294
 20
-158.7307919193813
 10
-14.91379999989294
 20
-150.0000121006564
1001
ACDBBLOCKREPETAG
1070
     1
1071
       87
1005
0
  0
HATCH
  5
E3
330
73
100
AcDbEntity
  8
ART_TARAMA
370
    -2
100
AcDbHatch
 10
0.0
 20
0.0
 30
0.0
210
0.0
220
0.0
230
1.0
  2
ANSI37
 70
     0
 71
     0
 91
        3
 92
        1
 93
       36
 72
     1
 10
-14.91379999989294
 20
-150.0000121006564
 11
-17.11380000007921
 21
-150.0000121006564
 72
     2
 10
-17.11380000007921
 20
-149.0000121006564
 40
0.9999999999715779
 50
90.00000000170656
 51
180.0000000016283
 73
     0
 72
     1
 10
-18.11380000007921
 20
-149.0000121006564
 11
-18.11380000007921
 21
-148.4000121005633
 72
     1
 10
-18.11380000007921
 20
-148.4000121005633
 11
-16.91379999989294
 21
-148.4000121005633
 72
     1
 10
-16.91379999989294
 20
-148.4000121005633
 11
-16.91379999989294
 21
-147.4000121005633
 72
     2
 10
-19.91379999989294
 20
-151.4000121005633
 40
4.999999999952706
 50
53.13010235416641
 51
126.8698976458336
 73
     1
 72
     1
 10
-22.91379999989294
 20
-147.4000121005633
 11
-22.91379999989294
 21
-148.4000121005633
 72
     1
 10
-22.91379999989294
 20
-148.4000121005633
 11
-21.71379999970668
 21
-148.4000121005633
 72
     1
 10
-21.71379999970668
 20
-148.4000121005633
 11
-21.71379999970668
 21
-149.0000121006564
 72
     2
 10
-22.71379999970668
 20
-149.0000121006564
 40
1.000000000029102
 50
0.0000000016675267
 51
90.00000000166755
 73
     0
 72
     1
 10
-22.71379999970668
 20
-150.0000121006564
 11
-24.91379999942728
 21
-150.0000121006564
 72
     1
 10
-24.91379999989295
 20
-150.0000121006564
 11
-24.91379999989295
 21
-158.5947621539057
 72
     1
 10
-24.91379999989295
 20
-158.5947621539057
 11
-24.51900605545962
 21
-158.5947621539057
 72
     2
 10
-24.51900605545962
 20
-157.9447621535332
 40
0.6500000000085038
 50
269.9999999960517
 51
338.4093355092403
 73
     1
 72
     2
 10
-23.61065411675372
 20
-158.3042329358691
 40
0.3268943072577347
 50
201.5906644857799
 51
395.4302791222462
 73
     0
 72
     2
 10
-25.33479327210808
 20
-157.1101735965171
 40
2.42411590039654
 50
34.80253337029655
 51
80.30930577735146
 73
     0
 72
     2
 10
-24.91352030276904
 20
-159.9998043393538
 40
0.5002797726303077
 50
91.51460506395412
 51
269.0278413647935
 73
     1
 72
     2
 10
-25.55791626326391
 20
-156.836987373867
 40
3.717812401334961
 50
279.8485004287952
 51
316.500020918629
 73
     1
 72
     2
 10
-22.73691916526877
 20
-159.5529293399127
 40
0.1999999999511001
 50
231.6143371105694
 51
299.9999999968587
 73
     0
 72
     1
 10
-22.63691916517565
 20
-159.3797242590049
 11
-20.73133132574731
 21
-160.479915911314
 72
     2
 10
-20.65633132556104
 20
-160.3500121007496
 40
0.1499999999716371
 50
239.999999992321
 51
399.9999999920307
 73
     1
 72
     1
 10
-20.54142465922632
 20
-160.2535939593622
 11
-21.33284803541028
 21
-159.3104123077178
 72
     2
 10
-21.17963914680877
 20
-159.1818547858679
 40
0.2000000000025044
 50
140.0000000127233
 51
300.0000000129601
 73
     0
 72
     1
 10
-21.07963914671564
 20
-159.0086497049601
 11
-18.5313313260267
 21
-160.479915911314
 72
     2
 10
-18.45633132584044
 20
-160.3500121007496
 40
0.1499999999906347
 50
239.9999999835737
 51
399.9999999834771
 73
     1
 72
     1
 10
-18.34142465904006
 20
-160.2535939593622
 11
-19.13284803522401
 21
-159.3104123077178
 72
     2
 10
-18.9796391466225
 20
-159.1818547854022
 40
0.1999999999456144
 50
139.9999999934358
 51
299.9999999933351
 73
     0
 72
     1
 10
-18.87963914652937
 20
-159.0086497049601
 11
-16.33133132537478
 21
-160.479915911314
 72
     2
 10
-16.25633132565417
 20
-160.3500121007496
 40
0.1499999999527003
 50
240.0000000006806
 51
400.0000000009404
 73
     1
 72
     1
 10
-16.14142465931944
 20
-160.2535939593622
 11
-16.93284803550341
 21
-159.3104123077178
 72
     2
 10
-16.7796391469019
 20
-159.1818547858679
 40
0.2000000000214377
 50
140.0000000192305
 51
300.0000000194317
 73
     0
 72
     1
 10
-16.67963914680877
 20
-159.0086497049601
 11
-14.13133132611983
 21
-160.479915911314
 72
     2
 10
-14.05633132593357
 20
-160.3500121007496
 40
0.1500000000095491
 50
239.9999999747077
 51
399.9999999750457
 73
     1
 72
     1
 10
-13.94142465913319
 20
-160.2535939593622
 11
-14.6798444429005
 21
-159.3735795290963
 72
     2
 10
-13.91379999989294
 20
-158.7307919193813
 40
1.000000000087942
 50
140.0000000074723
 51
180.0000000074517
 73
     0
 72
     1
 10
-14.91379999989294
 20
-158.7307919193813
 11
-14.91379999989294
 21
-150.0000121006564
 97
        0
 92
       16
 93
        6
 72
     1
 10
-21.91379999989294
 20
-154.2639022664921
 11
-21.91379999989294
 21
-154.5947621539057
 72
     2
 10
-19.91379999989294
 20
-154.5947621539057
 40
2.0000000000291
 50
180.0
 51
360.0
 73
     1
 72
     1
 10
-17.91379999989294
 20
-154.5947621539057
 11
-17.91379999989294
 21
-154.2639022664921
 72
     2
 10
-18.21379999970668
 20
-154.2639022664921
 40
0.30000000007567
 50
0.0000000055583883
 51
90.00000000555841
 73
     1
 72
     1
 10
-18.21379999970668
 20
-153.9639022662127
 11
-21.61379999961355
 21
-153.9639022662127
 72
     2
 10
-21.61380000007921
 20
-154.2639022660264
 40
0.2999999999883585
 50
90.00000001111686
 51
180.0000000111168
 73
     1
 97
        0
 92
       17
 93
       14
 72
     1
 10
-19.11380000007921
 20
-150.0000121006564
 11
-19.11380000007921
 21
-147.7339515443714
 72
     2
 10
-19.41379999989294
 20
-147.7339515443714
 40
0.2999999999997271
 50
359.9999999990448
 51
442.2335658308059
 73
     1
 72
     2
 10
-19.91379999989294
 20
-151.4000121005633
 40
4.000000000147705
 50
82.23356583189001
 51
97.76643416810996
 73
     1
 72
     2
 10
-20.41379999989294
 20
-147.7339515443714
 40
0.3000000000000033
 50
97.76643416923121
 51
180.0000000009119
 73
     1
 72
     1
 10
-20.71379999970668
 20
-147.733951544837
 11
-20.71379999970668
 21
-150.0000121011221
 72
     2
 10
-21.71380000017234
 20
-150.0000121006564
 40
1.000000000031377
 50
359.9999999973424
 51
426.4218215191667
 73
     0
 72
     2
 10
-20.91379999989294
 20
-151.8330423785196
 40
0.999999999942519
 50
113.5781784774985
 51
179.9999999993225
 73
     1
 72
     1
 10
-21.91379999989294
 20
-151.8330423785196
 11
-21.91379999989294
 21
-152.1639022659333
 72
     2
 10
-21.61380000007921
 20
-152.163902266399
 40
0.2999999999592546
 50
179.9999999944416
 51
269.9999999944416
 73
     1
 72
     1
 10
-21.61380000007921
 20
-152.4639022662127
 11
-18.21380000017234
 21
-152.4639022662127
 72
     2
 10
-18.21379999970668
 20
-152.163902266399
 40
0.3000000000465661
 50
269.9999999888831
 51
359.9999999888831
 73
     1
 72
     1
 10
-17.91379999989294
 20
-152.163902266399
 11
-17.91379999989294
 21
-151.8330423789853
 72
     2
 10
-18.91379999989294
 20
-151.8330423789853
 40
1.000000000001135
 50
0.0000000057843349
 51
66.42182152757701
 73
     1
 72
     2
 10
-18.11380000007921
 20
-150.0000121006564
 40
1.000000000061801
 50
113.5781784783392
 51
180.0000000000651
 73
     0
 97
        0
 75
     0
 76
     1
 52
89.99999999999998
 41
0.5
 77
     0
 78
     2
 53
134.9999999999999
 43
290412.03350616
 44
-3987534.911016742
 45
-1.122532015133643
 46
-1.122532015133643
 79
     0
 53
225.0
 43
290412.03350616
 44
-3987534.911016742
 45
1.122532015133643
 46
-1.122532015133643
 79
     0
 98
        1
 10
-1988.719339340139
 20
-1931.722459824272
1001
ACAD
1010
0.0
1020
0.0
1030
0.0
1001
ACDBBLOCKREPETAG
1070
     1
1071
       88
1005
0
  0
HATCH
  5
E4
330
73
100
AcDbEntity
  8
ART_TARAMA
100
AcDbHatch
 10
0.0
 20
0.0
 30
0.0
210
0.0
220
0.0
230
1.0
  2
ANSI31
 70
     0
 71
     1
 91
        2
 92
       16
 93
        8
 72
     2
 10
-1.741386103123638
 20
-168.6411121007809
 40
0.5000000000000206
 50
180.0000000000032
 51
269.9999999999977
 73
     0
 72
     1
 10
-1.741386103123659
 20
-168.1411121007809
 11
2.258613896876339
 21
-168.1411121007809
 72
     2
 10
2.258613896876375
 20
-168.6411121007808
 40
0.4999999999999716
 50
269.9999999999959
 51
360.0000000000032
 73
     0
 72
     1
 10
2.758613896876339
 20
-168.6411121007809
 11
2.758613896876339
 21
-169.2999473949717
 72
     2
 10
2.258613896876294
 20
-169.2999473949716
 40
0.5000000000000468
 50
0.0000000000065138
 51
89.99999999999465
 73
     0
 72
     1
 10
2.258613896876339
 20
-169.7999473949717
 11
-1.741386103123659
 21
-169.7999473949717
 72
     2
 10
-1.741386103123694
 20
-169.2999473949717
 40
0.4999999999999716
 50
89.9999999999958
 51
180.0000000000032
 73
     0
 72
     1
 10
-2.241386103123659
 20
-169.2999473949717
 11
-2.241386103123659
 21
-168.6411121007809
 97
        1
330
E7
 92
        1
 93
       50
 72
     2
 10
3.965720678063703
 20
-176.8999473945972
 40
0.5000000000019611
 50
89.99999999945456
 51
134.9999999994554
 73
     0
 72
     1
 10
3.612167287472401
 20
-177.2535007851952
 11
2.905060506280278
 21
-176.5463940040031
 72
     2
 10
3.25861389687783
 20
-176.192840613412
 40
0.5000000000014994
 50
135.0000000005214
 51
180.0000000005667
 73
     0
 72
     1
 10
2.758613896876339
 20
-176.192840613407
 11
2.758613896876339
 21
-175.3999473945991
 72
     1
 10
2.758613896876339
 20
-175.3999473945991
 11
3.058613896690075
 21
-175.3999473945991
 72
     2
 10
3.058613896689848
 20
-175.0999473947852
 40
0.2999999998139628
 50
270.0000000000434
 51
359.9999999999566
 73
     1
 72
     1
 10
3.35861389650381
 20
-175.0999473947854
 11
3.35861389650381
 21
-173.399947394599
 72
     1
 10
3.35861389650381
 20
-173.399947394599
 11
2.905060506280278
 21
-172.9463940043756
 72
     2
 10
3.258613896878606
 20
-172.5928406137841
 40
0.5000000000022693
 50
135.000000000559
 51
180.0000000005308
 73
     0
 72
     1
 10
2.758613896876339
 20
-172.5928406137795
 11
2.758613896876339
 21
-172.0999473947854
 72
     2
 10
2.458613896829888
 20
-172.0999473950181
 40
0.3000000000464524
 50
0.0000000444456648
 51
90.00000004448908
 73
     1
 72
     1
 10
2.458613896596943
 20
-171.7999473949717
 11
-1.941386103309923
 21
-171.7999473949717
 72
     2
 10
-1.94138610330981
 20
-172.0999473947855
 40
0.2999999998138492
 50
90.00000000002172
 51
179.9999999999783
 73
     1
 72
     1
 10
-2.241386103123659
 20
-172.0999473947854
 11
-2.241386103123659
 21
-172.5928406137795
 72
     2
 10
-2.741386103125175
 20
-172.5928406137844
 40
0.500000000001517
 50
359.9999999994333
 51
404.9999999994764
 73
     0
 72
     1
 10
-2.387832712527596
 20
-172.9463940043756
 11
-2.841386103216791
 21
-173.399947394599
 72
     1
 10
-2.841386103216791
 20
-173.399947394599
 11
-2.841386103216791
 21
-175.0999473947854
 72
     2
 10
-2.541386103403282
 20
-175.0999473947856
 40
0.2999999998135081
 50
179.9999999999566
 51
270.0000000000434
 73
     1
 72
     1
 10
-2.541386103403056
 20
-175.3999473945991
 11
-2.241386103123659
 21
-175.3999473945991
 72
     1
 10
-2.241386103123659
 20
-175.3999473945991
 11
-2.241386103123659
 21
-176.192840613407
 72
     2
 10
-2.741386103125175
 20
-176.192840613412
 40
0.500000000001517
 50
359.9999999994333
 51
404.9999999994764
 73
     0
 72
     1
 10
-2.387832712527596
 20
-176.5463940040031
 11
-3.094939493719721
 21
-177.2535007851952
 72
     2
 10
-3.448492884311022
 20
-176.8999473945972
 40
0.5000000000019642
 50
45.00000000054455
 51
90.00000000054544
 73
     0
 72
     1
 10
-3.448492884315783
 20
-177.399947394599
 11
-3.741386103123658
 21
-177.399947394599
 72
     2
 10
-3.741386103123658
 20
-176.8999473945991
 40
0.5
 50
90.0
 51
180.0
 73
     0
 72
     1
 10
-4.241386103123659
 20
-176.8999473945991
 11
-4.241386103123659
 21
-166.6411121007809
 72
     2
 10
-3.741386103123658
 20
-166.6411121007809
 40
0.5
 50
180.0
 51
270.0
 73
     0
 72
     1
 10
-3.741386103123658
 20
-166.1411121007809
 11
-3.041386103403056
 21
-166.1411121007809
 72
     2
 10
-3.041386103402941
 20
-165.141112100781
 40
0.9999999999998864
 50
269.9999999999935
 51
360.0000000000065
 73
     1
 72
     1
 10
-2.041386103403056
 20
-165.1411121007809
 11
-2.041386103403056
 21
-163.741112100874
 72
     1
 10
-2.041386103403056
 20
-163.741112100874
 11
-2.541386103403056
 21
-163.741112100874
 72
     1
 10
-2.541386103403056
 20
-163.741112100874
 11
-2.541386103403056
 21
-163.241112100874
 72
     2
 10
-1.541386103402827
 20
-163.2411121008742
 40
1.000000000000227
 50
180.000000000013
 51
269.999999999987
 73
     0
 72
     1
 10
-1.541386103403056
 20
-162.241112100874
 11
-1.041386103403056
 21
-162.241112100874
 72
     2
 10
-1.041386103403056
 20
-162.741112100874
 40
0.5
 50
270.0
 51
360.0
 73
     0
 72
     1
 10
-0.5413861034030562
 20
-162.741112100874
 11
-0.5413861034030562
 21
-166.1411121007809
 72
     1
 10
-0.5413861034030562
 20
-166.1411121007809
 11
1.058613896690076
 21
-166.1411121007809
 72
     1
 10
1.058613896690075
 20
-166.1411121007809
 11
1.058613896690075
 21
-162.741112100874
 72
     2
 10
1.558613896689961
 20
-162.7411121008739
 40
0.4999999999998864
 50
179.999999999987
 51
270.000000000013
 73
     0
 72
     1
 10
1.558613896690076
 20
-162.241112100874
 11
2.058613896690075
 21
-162.241112100874
 72
     2
 10
2.058613896689961
 20
-163.2411121008741
 40
1.000000000000113
 50
270.0000000000065
 51
359.9999999999935
 73
     0
 72
     1
 10
3.058613896690075
 20
-163.241112100874
 11
3.058613896690075
 21
-163.741112100874
 72
     1
 10
3.058613896690075
 20
-163.741112100874
 11
2.558613896690076
 21
-163.741112100874
 72
     1
 10
2.558613896690076
 20
-163.741112100874
 11
2.558613896690076
 21
-165.1411121007809
 72
     2
 10
3.558613896690075
 20
-165.1411121007809
 40
1.0
 50
180.0
 51
270.0
 73
     1
 72
     1
 10
3.558613896690075
 20
-166.1411121007809
 11
4.258613896876339
 21
-166.1411121007809
 72
     2
 10
4.258613896876339
 20
-166.6411121007809
 40
0.5
 50
270.0
 51
360.0
 73
     0
 72
     1
 10
4.758613896876339
 20
-166.6411121007809
 11
4.758613896876339
 21
-176.8999473945991
 72
     2
 10
4.258613896876339
 20
-176.8999473945991
 40
0.5
 50
360.0
 51
450.0
 73
     0
 72
     1
 10
4.258613896876339
 20
-177.399947394599
 11
3.965720678068463
 21
-177.399947394599
 97
        1
330
E5
 75
     0
 76
     1
 52
270.0
 41
0.1
 77
     0
 78
     1
 53
315.0
 43
-1042.42260712161
 44
-3562.648381740667
 45
0.2245064030267289
 46
0.2245064030267288
 79
     0
 98
        1
 10
2209.778541663516
 20
1719.361758769042
1001
ACAD
1010
0.0
1020
0.0
1030
0.0
1001
ACDBBLOCKREPETAG
1070
     1
1071
       89
1005
0
  0
LWPOLYLINE
  5
E5
102
{ACAD_REACTORS
330
E4
102
}
330
73
100
AcDbEntity
  8
ART_IZALATOR
370
    -2
100
AcDbPolyline
 90
       50
 70
     1
 43
0.0
 10
3.965720678068463
 20
-177.399947394599
 42
-0.198912367379658
 10
3.612167287472401
 20
-177.2535007851952
 10
2.905060506280278
 20
-176.5463940040031
 42
-0.1989123673798656
 10
2.758613896876339
 20
-176.192840613407
 10
2.758613896876339
 20
-175.3999473945991
 10
3.058613896690075
 20
-175.3999473945991
 42
0.4142135623726512
 10
3.35861389650381
 20
-175.0999473947854
 10
3.35861389650381
 20
-173.399947394599
 10
2.905060506280278
 20
-172.9463940043756
 42
-0.1989123673795313
 10
2.758613896876339
 20
-172.5928406137795
 10
2.758613896876339
 20
-172.0999473947854
 42
0.4142135623733169
 10
2.458613896596943
 20
-171.7999473949717
 10
-1.941386103309923
 20
-171.7999473949717
 42
0.414213562372873
 10
-2.241386103123659
 20
-172.0999473947854
 10
-2.241386103123659
 20
-172.5928406137795
 42
-0.1989123673798538
 10
-2.387832712527596
 20
-172.9463940043756
 10
-2.841386103216791
 20
-173.399947394599
 10
-2.841386103216791
 20
-175.0999473947854
 42
0.4142135623735391
 10
-2.541386103403056
 20
-175.3999473945991
 10
-2.241386103123659
 20
-175.3999473945991
 10
-2.241386103123659
 20
-176.192840613407
 42
-0.1989123673798538
 10
-2.387832712527596
 20
-176.5463940040031
 10
-3.094939493719721
 20
-177.2535007851952
 42
-0.198912367379658
 10
-3.448492884315783
 20
-177.399947394599
 10
-3.741386103123658
 20
-177.399947394599
 42
-0.4142135623730951
 10
-4.241386103123659
 20
-176.8999473945991
 10
-4.241386103123659
 20
-166.6411121007809
 42
-0.4142135623730951
 10
-3.741386103123658
 20
-166.1411121007809
 10
-3.041386103403056
 20
-166.1411121007809
 42
0.4142135623731618
 10
-2.041386103403056
 20
-165.1411121007809
 10
-2.041386103403056
 20
-163.741112100874
 10
-2.541386103403056
 20
-163.741112100874
 10
-2.541386103403056
 20
-163.241112100874
 42
-0.4142135623729619
 10
-1.541386103403056
 20
-162.241112100874
 10
-1.041386103403056
 20
-162.241112100874
 42
-0.4142135623730951
 10
-0.5413861034030562
 20
-162.741112100874
 10
-0.5413861034030562
 20
-166.1411121007809
 10
1.058613896690075
 20
-166.1411121007809
 10
1.058613896690075
 20
-162.741112100874
 42
-0.4142135623732285
 10
1.558613896690076
 20
-162.241112100874
 10
2.058613896690075
 20
-162.241112100874
 42
-0.4142135623730284
 10
3.058613896690075
 20
-163.241112100874
 10
3.058613896690075
 20
-163.741112100874
 10
2.558613896690076
 20
-163.741112100874
 10
2.558613896690076
 20
-165.1411121007809
 42
0.4142135623730951
 10
3.558613896690075
 20
-166.1411121007809
 10
4.258613896876339
 20
-166.1411121007809
 42
-0.4142135623730951
 10
4.758613896876339
 20
-166.6411121007809
 10
4.758613896876339
 20
-176.8999473945991
 42
-0.4142135623730951
 10
4.258613896876339
 20
-177.399947394599
1001
ACDBBLOCKREPETAG
1070
     1
1071
       90
1005
0
  0
LWPOLYLINE
  5
E7
102
{ACAD_REACTORS
330
E4
102
}
330
73
100
AcDbEntity
  8
ART_IZALATOR
370
    -2
100
AcDbPolyline
 90
        8
 70
     1
 43
0.0
 10
-2.241386103123659
 20
-168.6411121007809
 42
-0.4142135623730712
 10
-1.741386103123659
 20
-168.1411121007809
 10
2.258613896876339
 20
-168.1411121007809
 42
-0.4142135623731368
 10
2.758613896876339
 20
-168.6411121007809
 10
2.758613896876339
 20
-169.2999473949717
 42
-0.4142135623730403
 10
2.258613896876339
 20
-169.7999473949717
 10
-1.741386103123659
 20
-169.7999473949717
 42
-0.414213562373138
 10
-2.241386103123659
 20
-169.2999473949717
1001
ACDBBLOCKREPETAG
1070
     1
1071
       91
1005
0
  0
LWPOLYLINE
  5
E8
330
73
100
AcDbEntity
  8
ARTPROFIL AKS
 48
10.0
100
AcDbPolyline
 90
        2
 70
     0
 43
0.0
 10
0.0
 20
0.0
 10
0.0
 20
-204.4698795865615
1001
ACDBBLOCKREPETAG
1070
     1
1071
       92
1005
0
  0
LWPOLYLINE
  5
EC
330
73
100
AcDbEntity
  8
ART_KLİPS
370
    -2
100
AcDbPolyline
 90
       58
 70
     1
 43
0.0
 10
2.717157655715708
 20
-172.9463940043756
 42
-0.1989123673797251
 10
2.570711046311771
 20
-172.5928406137795
 10
2.570711046311771
 20
-171.933545578719
 42
0.4142135623734835
 10
2.270711046498036
 20
-171.6335455784397
 10
-2.12928895340883
 20
-171.6335455784397
 42
0.4142135623729288
 10
-2.429288953688228
 20
-171.933545578719
 10
-2.429288953688228
 20
-172.5928406137795
 42
-0.198912367379725
 10
-2.575735563092165
 20
-172.9463940043756
 10
-3.029288953781359
 20
-173.399947394599
 10
-3.029288953781359
 20
-175.0999473947854
 42
0.4142135623727068
 10
-2.729288953501963
 20
-175.3999473945991
 10
-2.429288953688228
 20
-175.3999473945991
 10
-2.429288953688228
 20
-176.192840613407
 42
-0.198912367379725
 10
-2.575735563092165
 20
-176.5463940040031
 10
-3.28284234428429
 20
-177.2535007851952
 42
-0.1989123673770189
 10
-3.636395734880351
 20
-177.399947394599
 10
-5.429675101913744
 20
-177.399947394599
 42
-0.4142135623731229
 10
-5.72967510172748
 20
-177.0999473947854
 10
-5.72967510172748
 20
-167.1411121007809
 42
-0.4142135623730451
 10
-4.72967510172748
 20
-166.1411121007809
 10
-3.229288953501963
 20
-166.1411121007809
 42
0.4142135623730951
 10
-2.229288953501963
 20
-165.1411121007809
 10
-2.229288953501963
 20
-162.8999473945991
 42
-0.4142135623730951
 10
-1.229288953501962
 20
-161.899947394599
 10
1.370711046591168
 20
-161.899947394599
 42
-0.4142135623730951
 10
2.370711046591167
 20
-162.8999473945991
 10
2.370711046591167
 20
-165.1411121007809
 42
0.4142135623730951
 10
3.370711046591167
 20
-166.1411121007809
 10
4.871097194816683
 20
-166.1411121007809
 42
-0.4142135623731368
 10
5.871097194816683
 20
-167.1411121007809
 10
5.871097194816683
 20
-172.0715202698307
 42
0.1989123673796443
 10
6.456883632432436
 20
-173.4857338322149
 10
7.078203976008807
 20
-174.1070541757913
 42
0.1989123673796789
 10
7.785310757200932
 20
-174.399947394599
 10
10.26331798857427
 20
-174.399947394599
 42
0.065543462815944
 10
11.03977512367419
 20
-174.2977248737411
 10
12.88921140399179
 20
-173.8021699162023
 42
-0.065543462815235
 10
13.66566853909171
 20
-173.6999473948785
 10
15.8757535534387
 20
-173.6999473948785
 42
-0.0655434628152217
 10
16.65221068900428
 20
-173.8021699162023
 10
17.7295300917176
 20
-174.0908367796623
 42
-0.3394542588633927
 10
18.47071104621864
 20
-175.0567626063534
 10
18.47071104621864
 20
-176.7431321833105
 42
-0.3394542588633935
 10
17.7295300917176
 20
-177.7090580095359
 10
16.65221068900428
 20
-177.9977248734617
 42
-0.065543462815221
 10
15.8757535534387
 20
-178.0999473947854
 10
13.66566853909171
 20
-178.0999473947854
 42
-0.0655434628152335
 10
12.88921140399179
 20
-177.9977248734617
 10
11.03977512367419
 20
-177.5021699159229
 42
0.0655434628144335
 10
10.26331798857427
 20
-177.399947394599
 10
3.777817827503894
 20
-177.399947394599
 42
-0.1989123673796609
 10
3.424264436907832
 20
-177.2535007851952
 10
2.717157655715708
 20
-176.5463940040031
 42
-0.1989123673797251
 10
2.570711046311771
 20
-176.192840613407
 10
2.570711046311771
 20
-175.3999473945991
 10
2.870711046125506
 20
-175.3999473945991
 42
0.4142135623730951
 10
3.170711046404903
 20
-175.0999473947854
 10
3.170711046404903
 20
-173.399947394599
1001
ACDBBLOCKREPETAG
1070
     1
1071
       93
1005
0
  0
LWPOLYLINE
  5
EE
330
73
100
AcDbEntity
  8
ART_IZ
370
    -2
100
AcDbPolyline
 90
        6
 70
     0
 43
0.0
 10
-2.229288953501963
 20
-166.1411121007809
 10
-2.229288953501963
 20
-166.8950194674367
 42
-0.1763291640646794
 10
-2.93117195754894
 20
-168.8234017616892
 10
-4.679288953688228
 20
-170.9066906361663
 10
-4.679288953688228
 20
-171.6335455784397
 10
-5.72967510172748
 20
-171.6335455784397
1001
ACDBBLOCKREPETAG
1070
     1
1071
       94
1005
0
  0
LWPOLYLINE
  5
F0
330
73
100
AcDbEntity
  8
ART_IZ
370
    -2
100
AcDbPolyline
 90
        6
 70
     0
 43
0.0
 10
2.370711046591167
 20
-166.1411121007809
 10
2.370711046591167
 20
-166.8950194674367
 42
0.1763291640645194
 10
3.072594050638143
 20
-168.8234017616892
 10
4.820711046311771
 20
-170.9066906361663
 10
4.820711046311771
 20
-171.6335455784397
 10
5.871097194816683
 20
-171.6335455784397
1001
ACDBBLOCKREPETAG
1070
     1
1071
       95
1005
0
  0
LINE
  5
F1
330
73
100
AcDbEntity
  8
ART_IZ
  6
HIDDEN
 48
0.1
370
    -2
100
AcDbLine
 10
3.370711046591167
 20
-166.1411121007809
 30
0.0
 11
-3.229288953501963
 21
-166.1411121007809
 31
0.0
1001
ACDBBLOCKREPETAG
1070
     1
1071
       96
1005
0
  0
HATCH
  5
F3
330
73
100
AcDbEntity
  8
ART_TARAMA
370
    -2
100
AcDbHatch
 10
0.0
 20
0.0
 30
0.0
210
0.0
220
0.0
230
1.0
  2
ANSI37
 70
     0
 71
     0
 91
        2
 92
        7
 72
     1
 73
     1
 93
       13
 10
0.0707110463117715
 20
-181.1992437271224
 42
0.0968821047424532
 10
7.194311191648012
 20
-179.8136862595388
 42
-0.4517582074474249
 10
8.417915398109471
 20
-180.682620760967
 42
0.0
 10
9.085786789510166
 20
-187.0403477623881
 42
0.0
 10
9.097409885231172
 20
-187.1360725676463
 42
0.0
 10
9.131603680405532
 20
-187.2262341948049
 42
0.0
 10
9.186380955245113
 20
-187.3055927785867
 42
0.0
 10
9.25855825454346
 20
-187.3695362857365
 42
0.0
 10
9.343940895836567
 20
-187.4143485529171
 42
0.0
 10
9.437566749606046
 20
-187.4374252529636
 42
0.0
 10
10.07071104631177
 20
-187.4374252529636
 42
0.0
 10
10.07071104631177
 20
-190.7999473949717
 42
0.0736949098861163
 10
0.0707110463117715
 20
-189.3180008344175
 42
0.0
 97
        0
 92
        7
 72
     1
 73
     1
 93
       14
 10
-8.236515218537531
 20
-180.682620760967
 42
-0.4517582074475847
 10
-7.012911011610412
 20
-179.8136862595388
 42
0.0963484252007507
 10
0.0707110463117715
 20
-181.1992437271224
 42
0.0
 10
0.0707110463117715
 20
-189.3180008344175
 42
0.0736949098861179
 10
-9.929288953688226
 20
-190.7999473949717
 42
0.0
 10
-9.929288953688226
 20
-187.4374252529636
 42
0.0
 10
-9.352594442811096
 20
-187.4374252529636
 42
0.0
 10
-9.256166570034109
 20
-187.4374252529636
 42
0.0
 10
-9.162540715798966
 20
-187.4143485529171
 42
0.0
 10
-9.077158074971519
 20
-187.3695362857365
 42
0.0
 10
-9.004980775673175
 20
-187.3055927785867
 42
0.0
 10
-8.95020350036793
 20
-187.2262341948049
 42
0.0
 10
-8.916009705659234
 20
-187.1360725676463
 42
0.0
 10
-8.904386609938226
 20
-187.0403477623881
 42
0.0
 97
        0
 75
     0
 76
     1
 52
-0.0000000000000127
 41
0.5
 77
     0
 78
     2
 53
44.99999999999999
 43
-1782.469901344419
 44
58.41470824649468
 45
-1.122532015133642
 46
1.122532015133643
 79
     0
 53
134.9999999999999
 43
-1782.469901344419
 44
58.41470824649468
 45
-1.122532015133643
 46
-1.122532015133642
 79
     0
 47
0.0598735874210225
 98
        2
 10
2.284121953736756
 20
-184.9554132195012
 10
-2.091872954420978
 20
-185.3745277020903
1001
ACAD
1010
0.0
1020
0.0
1030
0.0
1001
ACDBBLOCKREPETAG
1070
     1
1071
       97
1005
0
  0
HATCH
  5
F4
330
73
100
AcDbEntity
  8
ART_TARAMA
370
     5
100
AcDbHatch
 10
0.0
 20
0.0
 30
0.0
210
0.0
220
0.0
230
1.0
  2
ANSI31
 70
     0
 71
     0
 91
        2
 92
       16
 93
        6
 72
     2
 10
-0.229288953501964
 20
-175.149947394599
 40
0.5
 50
-180.0
 51
-90.00000000000001
 73
     0
 72
     1
 10
-0.229288953501964
 20
-174.6499473945991
 11
0.3707110465911683
 21
-174.6499473945991
 72
     2
 10
0.3707110465911683
 20
-175.149947394599
 40
0.5
 50
-90.00000000000001
 51
0.0
 73
     0
 72
     1
 10
0.870711046591168
 20
-175.149947394599
 11
0.870711046591168
 21
-177.399947394599
 72
     1
 10
0.870711046591168
 20
-177.399947394599
 11
-0.7292889535019641
 21
-177.399947394599
 72
     1
 10
-0.7292889535019641
 20
-177.399947394599
 11
-0.7292889535019641
 21
-175.149947394599
 97
        0
 92
       33
 93
       48
 72
     2
 10
6.885774582478915
 20
-180.420452644565
 40
3.000000000000001
 50
-88.94803522177708
 51
-0.0000000000015776
 73
     0
 72
     1
 10
9.885774582478916
 20
-180.420452644565
 11
9.885774582478916
 21
-187.0403477623881
 72
     1
 10
9.885774582478916
 20
-187.0403477623881
 11
9.874151486757908
 21
-187.1360725676463
 72
     1
 10
9.874151486757908
 20
-187.1360725676463
 11
9.839957691583546
 21
-187.2262341948049
 72
     1
 10
9.83995769204921
 20
-187.2262341948049
 11
9.785180416743965
 21
-187.3055927785867
 72
     1
 10
9.785180416743965
 20
-187.3055927785867
 11
9.713003117445623
 21
-187.3695362857365
 72
     1
 10
9.713003117445623
 20
-187.3695362857365
 11
9.627620476618176
 21
-187.4143485529171
 72
     1
 10
9.627620476618176
 20
-187.4143485529171
 11
9.533994622383033
 21
-187.4374252534294
 72
     1
 10
9.533994622383033
 20
-187.4374252529636
 11
9.437566749606046
 21
-187.4374252529636
 72
     1
 10
9.437566749606046
 20
-187.4374252529636
 11
9.343940895370906
 21
-187.4143485524514
 72
     1
 10
9.343940895836567
 20
-187.4143485529171
 11
9.25855825500912
 21
-187.3695362862022
 72
     1
 10
9.25855825454346
 20
-187.3695362857365
 11
9.186380955245113
 21
-187.3055927785867
 72
     1
 10
9.186380955245113
 20
-187.3055927785867
 11
9.131603679939873
 21
-187.2262341952705
 72
     1
 10
9.131603680405532
 20
-187.2262341948049
 11
9.097409885231172
 21
-187.1360725676463
 72
     1
 10
9.097409885231172
 20
-187.1360725676463
 11
9.085786789510166
 21
-187.0403477623881
 72
     1
 10
9.085786789510166
 20
-187.0403477623881
 11
8.417915398109471
 21
-180.682620760967
 72
     2
 10
7.42338776992983
 20
-180.7870946638109
 40
1.000000000000281
 50
365.9968566886511
 51
463.2427121625361
 73
     1
 72
     2
 10
0.0907000897859689
 20
-162.2968662245953
 40
18.9023880717907
 50
67.92592728503064
 51
112.0740727149708
 73
     0
 72
     2
 10
-7.241987589892232
 20
-180.7870946638109
 40
1.000000000000045
 50
436.7572878374747
 51
534.0031433113653
 73
     1
 72
     1
 10
-8.236515218537531
 20
-180.682620760967
 11
-8.904386609938226
 21
-187.0403477623881
 72
     1
 10
-8.904386609938226
 20
-187.0403477623881
 11
-8.916009705659234
 21
-187.1360725676463
 72
     1
 10
-8.916009705659234
 20
-187.1360725676463
 11
-8.950203500833595
 21
-187.2262341948049
 72
     1
 10
-8.95020350036793
 20
-187.2262341948049
 11
-9.004980775673175
 21
-187.3055927785867
 72
     1
 10
-9.004980775673175
 20
-187.3055927785867
 11
-9.077158074971519
 21
-187.3695362857365
 72
     1
 10
-9.077158074971519
 20
-187.3695362857365
 11
-9.162540715798966
 21
-187.4143485529171
 72
     1
 10
-9.162540715798966
 20
-187.4143485529171
 11
-9.256166570034109
 21
-187.4374252534294
 72
     1
 10
-9.256166570034109
 20
-187.4374252529636
 11
-9.352594442811096
 21
-187.4374252529636
 72
     1
 10
-9.352594442811096
 20
-187.4374252529636
 11
-9.446220297046238
 21
-187.4143485524514
 72
     1
 10
-9.446220296580575
 20
-187.4143485529171
 11
-9.531602937408022
 21
-187.3695362862022
 72
     1
 10
-9.531602937873683
 20
-187.3695362857365
 11
-9.603780237172033
 21
-187.3055927785867
 72
     1
 10
-9.603780237172033
 20
-187.3055927785867
 11
-9.658557512477273
 21
-187.2262341952705
 72
     1
 10
-9.658557512011613
 20
-187.2262341948049
 11
-9.692751307185972
 21
-187.1360725676463
 72
     1
 10
-9.692751307185972
 20
-187.1360725676463
 11
-9.704374402906976
 21
-187.0403477623881
 72
     1
 10
-9.704374402906976
 20
-187.0403477623881
 11
-9.704374402906976
 21
-180.420452644565
 72
     2
 10
-6.704374402906978
 20
-180.420452644565
 40
2.999999999999771
 50
-179.9999999999984
 51
-91.05196477821433
 73
     0
 72
     1
 10
-6.759452055353904
 20
-177.420958278683
 11
-3.229288953501963
 21
-177.420958278683
 72
     2
 10
-3.229288953501963
 20
-176.420958278683
 40
1.0
 50
270.0
 51
360.0
 73
     1
 72
     1
 10
-2.229288953501963
 20
-176.420958278683
 11
-2.229288953501963
 21
-175.1999473948785
 72
     1
 10
-2.229288953501963
 20
-175.1999473948785
 11
-2.829288953595096
 21
-175.1999473948785
 72
     1
 10
-2.829288953595096
 20
-175.1999473948785
 11
-2.829288953595096
 21
-174.6369030065657
 72
     2
 10
-0.8292889535950962
 20
-174.6369030065657
 40
2.000000000012732
 50
-179.9999999997174
 51
-109.4337811169168
 73
     0
 72
     2
 10
0.0707110463117715
 20
-177.1877901074299
 40
4.705000000020728
 50
-109.4337811172041
 51
-70.566218882796
 73
     0
 72
     2
 10
0.9707110462186392
 20
-174.6369030065657
 40
2.000000000012287
 50
-70.56621888303694
 51
-0.0000000002540882
 73
     0
 72
     1
 10
2.970711046684299
 20
-174.6369030065657
 11
2.970711046684299
 21
-175.1999473948785
 72
     1
 10
2.970711046684299
 20
-175.1999473948785
 11
2.370711046591167
 21
-175.1999473948785
 72
     1
 10
2.370711046591167
 20
-175.1999473948785
 11
2.370711046591167
 21
-176.420958278683
 72
     2
 10
3.370711046591167
 20
-176.420958278683
 40
1.0
 50
540.0
 51
630.0
 73
     1
 72
     1
 10
3.370711046591167
 20
-177.420958278683
 11
7.171602159593021
 21
-177.420958278683
 97
        0
 75
     0
 76
     1
 52
-0.0000000000000127
 41
0.5
 77
     0
 78
     1
 53
44.99999999999999
 43
-3020.190487417538
 44
566.0231309356345
 45
-1.122532015133643
 46
1.122532015133643
 79
     0
 98
        1
 10
1473.137779596116
 20
58.41470824649468
1001
ACAD
1010
0.0
1020
0.0
1030
0.0
1001
ACDBBLOCKREPETAG
1070
     1
1071
       98
1005
0
  0
LWPOLYLINE
  5
F5
330
73
100
AcDbEntity
  8
ART_FITIL
370
     5
100
AcDbPolyline
 90
        6
 70
     1
 43
0.0
 10
-0.7292889535019641
 20
-175.149947394599
 42
-0.4142135623730951
 10
-0.229288953501964
 20
-174.6499473945991
 10
0.3707110465911683
 20
-174.6499473945991
 42
-0.4142135623730951
 10
0.870711046591168
 20
-175.149947394599
 10
0.870711046591168
 20
-177.399947394599
 10
-0.7292889535019641
 20
-177.399947394599
1001
ACDBBLOCKREPETAG
1070
     1
1071
       99
1005
0
  0
LWPOLYLINE
  5
F6
330
73
100
AcDbEntity
  8
ART_FITIL
370
     5
100
AcDbPolyline
 90
       49
 70
     0
 43
0.0
 10
6.940852234925841
 20
-177.420958278683
 42
-0.4088461371550978
 10
9.885774582478916
 20
-180.420452644565
 10
9.885774582478916
 20
-187.0403477623881
 10
9.874151486757908
 20
-187.1360725676463
 10
9.83995769204921
 20
-187.2262341948049
 10
9.785180416743965
 20
-187.3055927785867
 10
9.713003117445623
 20
-187.3695362857365
 10
9.627620476618176
 20
-187.4143485529171
 10
9.533994622383033
 20
-187.4374252529636
 10
9.437566749606046
 20
-187.4374252529636
 10
9.343940895836567
 20
-187.4143485529171
 10
9.25855825454346
 20
-187.3695362857365
 10
9.186380955245113
 20
-187.3055927785867
 10
9.131603680405532
 20
-187.2262341948049
 10
9.097409885231172
 20
-187.1360725676463
 10
9.085786789510166
 20
-187.0403477623881
 10
8.417915398109471
 20
-180.682620760967
 42
0.4517582074474868
 10
7.194311191648012
 20
-179.8136862595388
 42
-0.1950512235394689
 10
-7.012911011610412
 20
-179.8136862595388
 42
0.4517582074475154
 10
-8.236515218537531
 20
-180.682620760967
 10
-8.904386609938226
 20
-187.0403477623881
 10
-8.916009705659234
 20
-187.1360725676463
 10
-8.95020350036793
 20
-187.2262341948049
 10
-9.004980775673175
 20
-187.3055927785867
 10
-9.077158074971519
 20
-187.3695362857365
 10
-9.162540715798966
 20
-187.4143485529171
 10
-9.256166570034109
 20
-187.4374252529636
 10
-9.352594442811096
 20
-187.4374252529636
 10
-9.446220296580575
 20
-187.4143485529171
 10
-9.531602937873683
 20
-187.3695362857365
 10
-9.603780237172033
 20
-187.3055927785867
 10
-9.658557512011613
 20
-187.2262341948049
 10
-9.692751307185972
 20
-187.1360725676463
 10
-9.704374402906976
 20
-187.0403477623881
 10
-9.704374402906976
 20
-180.420452644565
 42
-0.40884613715512
 10
-6.759452055353904
 20
-177.420958278683
 10
-3.229288953501963
 20
-177.420958278683
 42
0.4142135623730951
 10
-2.229288953501963
 20
-176.420958278683
 10
-2.229288953501963
 20
-175.1999473948785
 10
-2.829288953595096
 20
-175.1999473948785
 10
-2.829288953595096
 20
-174.6369030065657
 42
-0.3180171180316686
 10
-1.494723334122681
 20
-172.7508496977211
 42
-0.1712365548905705
 10
1.636145427211886
 20
-172.7508496977211
 42
-0.3180171180315849
 10
2.970711046684299
 20
-174.6369030065657
 10
2.970711046684299
 20
-175.1999473948785
 10
2.370711046591167
 20
-175.1999473948785
 10
2.370711046591167
 20
-176.420958278683
 42
0.4142135623730951
 10
3.370711046591167
 20
-177.420958278683
 10
7.171602159593021
 20
-177.420958278683
1001
ACDBBLOCKREPETAG
1070
     1
1071
      100
1005
0
  0
ARC
  5
F7
330
73
100
AcDbEntity
  8
ART_SILIKON
370
    -2
100
AcDbCircle
 10
0.0707110463117715
 20
-223.7983823651271
 30
0.0
 40
34.48038153074115
100
AcDbArc
 50
73.14084703256956
 51
106.8591529674304
1001
ACDBBLOCKREPETAG
1070
     1
1071
      101
1005
0
  0
LINE
  5
F8
330
73
100
AcDbEntity
  8
ART_CAM
370
    -2
100
AcDbLine
 10
10.27410295404843
 20
-165.7999473949717
 30
0.0
 11
104.710678062489
 21
-165.7999473949717
 31
0.0
1001
ACDBBLOCKREPETAG
1070
     1
1071
      102
1005
0
  0
LINE
  5
F9
330
73
100
AcDbEntity
  8
ART_TARAMA
370
    -2
100
AcDbLine
 10
10.27410295404843
 20
-164.7999473949717
 30
0.0
 11
104.710678062489
 21
-164.7999473949717
 31
0.0
1001
ACDBBLOCKREPETAG
1070
     1
1071
      103
1005
0
  0
LINE
  5
FA
330
73
100
AcDbEntity
  8
ART_TARAMA
370
    -2
100
AcDbLine
 10
10.27410295404843
 20
-163.7999473949717
 30
0.0
 11
104.710678062489
 21
-163.7999473949717
 31
0.0
1001
ACDBBLOCKREPETAG
1070
     1
1071
      104
1005
0
  0
LINE
  5
FB
330
73
100
AcDbEntity
  8
ART_TARAMA
370
    -2
100
AcDbLine
 10
10.27410295404843
 20
-162.7999473949717
 30
0.0
 11
104.710678062489
 21
-162.7999473949717
 31
0.0
1001
ACDBBLOCKREPETAG
1070
     1
1071
      105
1005
0
  0
LINE
  5
FC
330
73
100
AcDbEntity
  8
ART_CAM
370
    -2
100
AcDbLine
 10
10.27410295404843
 20
-159.7999473949717
 30
0.0
 11
104.710678062489
 21
-159.7999473949717
 31
0.0
1001
ACDBBLOCKREPETAG
1070
     1
1071
      106
1005
0
  0
LINE
  5
FD
330
73
100
AcDbEntity
  8
ART_TARAMA
370
    -2
100
AcDbLine
 10
10.27410295404843
 20
-161.7999473949717
 30
0.0
 11
104.710678062489
 21
-161.7999473949717
 31
0.0
1001
ACDBBLOCKREPETAG
1070
     1
1071
      107
1005
0
  0
LINE
  5
FE
330
73
100
AcDbEntity
  8
ART_TARAMA
370
    -2
100
AcDbLine
 10
10.27410295404843
 20
-160.7999473949717
 30
0.0
 11
104.710678062489
 21
-160.7999473949717
 31
0.0
1001
ACDBBLOCKREPETAG
1070
     1
1071
      108
1005
0
  0
LINE
  5
FF
330
73
100
AcDbEntity
  8
ART_CAM
370
    -2
100
AcDbLine
 10
10.27410295404843
 20
-159.9999473946923
 30
0.0
 11
10.27410295404843
 21
-165.9999473946923
 31
0.0
1001
ACDBBLOCKREPETAG
1070
     1
1071
      109
1005
0
  0
LINE
  5
100
330
73
100
AcDbEntity
  8
ART_CAM
370
    -2
100
AcDbLine
 10
10.27410295404843
 20
-185.7999473949717
 30
0.0
 11
104.710678062489
 21
-185.7999473949717
 31
0.0
1001
ACDBBLOCKREPETAG
1070
     1
1071
      110
1005
0
  0
LINE
  5
101
330
73
100
AcDbEntity
  8
ART_TARAMA
370
    -2
100
AcDbLine
 10
10.27410295404843
 20
-186.7999473949717
 30
0.0
 11
104.710678062489
 21
-186.7999473949717
 31
0.0
1001
ACDBBLOCKREPETAG
1070
     1
1071
      111
1005
0
  0
LINE
  5
102
330
73
100
AcDbEntity
  8
ART_TARAMA
370
    -2
100
AcDbLine
 10
10.27410295404843
 20
-187.7999473949717
 30
0.0
 11
104.710678062489
 21
-187.7999473949717
 31
0.0
1001
ACDBBLOCKREPETAG
1070
     1
1071
      112
1005
0
  0
LINE
  5
103
330
73
100
AcDbEntity
  8
ART_TARAMA
370
    -2
100
AcDbLine
 10
10.27410295404843
 20
-188.7999473949717
 30
0.0
 11
104.710678062489
 21
-188.7999473949717
 31
0.0
1001
ACDBBLOCKREPETAG
1070
     1
1071
      113
1005
0
  0
LINE
  5
104
330
73
100
AcDbEntity
  8
ART_CAM
370
    -2
100
AcDbLine
 10
11.27410295404843
 20
-191.7999473949717
 30
0.0
 11
104.710678062489
 21
-191.7999473949717
 31
0.0
1001
ACDBBLOCKREPETAG
1070
     1
1071
      114
1005
0
  0
LINE
  5
105
330
73
100
AcDbEntity
  8
ART_TARAMA
370
    -2
100
AcDbLine
 10
10.27410295404843
 20
-189.7999473949717
 30
0.0
 11
104.710678062489
 21
-189.7999473949717
 31
0.0
1001
ACDBBLOCKREPETAG
1070
     1
1071
      115
1005
0
  0
LINE
  5
106
330
73
100
AcDbEntity
  8
ART_TARAMA
370
    -2
100
AcDbLine
 10
10.27410295404843
 20
-190.7999473949717
 30
0.0
 11
104.710678062489
 21
-190.7999473949717
 31
0.0
1001
ACDBBLOCKREPETAG
1070
     1
1071
      116
1005
0
  0
LINE
  5
107
330
73
100
AcDbEntity
  8
ART_CAM
370
    -2
100
AcDbLine
 10
10.27410295404843
 20
-190.7999473949717
 30
0.0
 11
10.27410295404843
 21
-185.7999473949717
 31
0.0
1001
ACDBBLOCKREPETAG
1070
     1
1071
      117
1005
0
  0
LINE
  5
108
330
73
100
AcDbEntity
  8
ART_CAM
370
    -2
100
AcDbLine
 10
10.27410295404843
 20
-190.7999473949717
 30
0.0
 11
11.27410295404843
 21
-191.7999473949717
 31
0.0
1001
ACDBBLOCKREPETAG
1070
     1
1071
      118
1005
0
  0
LWPOLYLINE
  5
109
330
73
100
AcDbEntity
  8
ART_SILIKON
370
    -2
100
AcDbPolyline
 90
        6
 70
     1
 43
0.0
 10
10.37410295414156
 20
-179.4999473946923
 10
19.27410295404843
 20
-179.4999473946923
 42
-0.4142135623731008
 10
24.1741029539553
 20
-184.3999473945991
 10
24.1741029539553
 20
-185.0999473947854
 10
24.1741029539553
 20
-185.6999473948785
 10
10.37410295414156
 20
-185.6999473948785
1001
ACDBBLOCKREPETAG
1070
     1
1071
      119
1005
0
  0
LWPOLYLINE
  5
10A
330
73
100
AcDbEntity
  8
ART_SILIKON
370
    -2
100
AcDbPolyline
 90
        6
 70
     1
 43
0.0
 10
10.37410295414156
 20
-172.2999473949717
 10
19.27410295404843
 20
-172.2999473949717
 42
0.4142135623731008
 10
24.1741029539553
 20
-167.3999473945992
 10
24.1741029539553
 20
-166.6999473948785
 10
24.1741029539553
 20
-166.0999473947854
 10
10.37410295414156
 20
-166.0999473947854
1001
ACDBBLOCKREPETAG
1070
     1
1071
      120
1005
0
  0
HATCH
  5
10B
330
73
100
AcDbEntity
  8
ART_TARAMA
 48
0.5
370
    -2
100
AcDbHatch
 10
0.0
 20
0.0
 30
0.0
210
0.0
220
0.0
230
1.0
  2
JIS_WOOD
 70
     0
 71
     0
 91
        2
 92
        7
 72
     1
 73
     1
 93
       62
 10
24.27410295404843
 20
-167.3999473945992
 42
0.0
 10
24.27410295404843
 20
-166.6999473948785
 42
-0.4142135623730395
 10
24.57410295386217
 20
-166.3999473945992
 42
0.0
 10
25.1741029539553
 20
-166.3999473945992
 42
0.4142135623730119
 10
25.47410295376903
 20
-166.6999473948785
 42
0.0
 10
25.87410295414156
 20
-166.6999473948785
 42
0.4142135623728175
 10
26.1741029539553
 20
-166.3999473945992
 42
0.0
 10
27.1741029539553
 20
-166.3999473945992
 42
0.4142135623730119
 10
27.47410295376904
 20
-166.6999473948785
 42
0.0
 10
27.87410295414157
 20
-166.6999473948785
 42
0.4142135623728175
 10
28.1741029539553
 20
-166.3999473945992
 42
0.0
 10
29.1741029539553
 20
-166.3999473945992
 42
0.4142135623730397
 10
29.47410295376903
 20
-166.6999473948785
 42
0.0
 10
29.87410295414156
 20
-166.6999473948785
 42
0.4142135623728175
 10
30.1741029539553
 20
-166.3999473945992
 42
0.0
 10
30.82410295386217
 20
-166.3999473945992
 42
-0.4142135623730951
 10
31.07410295386217
 20
-166.6499473945991
 42
0.0
 10
31.07410295386217
 20
-175.0645173587659
 42
-0.2840730398225988
 10
30.908272995468
 20
-175.3328425343902
 42
0.0
 10
30.37410295414157
 20
-175.5999423940489
 42
0.0
 10
30.37410295414157
 20
-175.8999473945991
 42
0.0
 10
30.37410295414157
 20
-176.199952395615
 42
0.0
 10
30.908272995468
 20
-176.4670522548081
 42
-0.2840730398224709
 10
31.07410295386217
 20
-176.7353774308981
 42
0.0
 10
31.07410295386217
 20
-185.1499473945992
 42
-0.4142135623730951
 10
30.82410295386217
 20
-185.3999473945991
 42
0.0
 10
30.1741029539553
 20
-185.3999473945991
 42
0.4142135623732618
 10
29.87410295414156
 20
-185.0999473947854
 42
0.0
 10
29.47410295376903
 20
-185.0999473947854
 42
0.4142135623728175
 10
29.1741029539553
 20
-185.3999473945991
 42
0.0
 10
28.1741029539553
 20
-185.3999473945991
 42
0.4142135623732618
 10
27.87410295414157
 20
-185.0999473947854
 42
0.0
 10
27.47410295376904
 20
-185.0999473947854
 42
0.4142135623727901
 10
27.1741029539553
 20
-185.3999473945991
 42
0.0
 10
26.1741029539553
 20
-185.3999473945991
 42
0.4142135623732618
 10
25.87410295414156
 20
-185.0999473947854
 42
0.0
 10
25.47410295376903
 20
-185.0999473947854
 42
0.4142135623727901
 10
25.1741029539553
 20
-185.3999473945991
 42
0.0
 10
24.57410295386217
 20
-185.3999473945991
 42
-0.4142135623729288
 10
24.27410295404843
 20
-185.0999473947854
 42
0.0
 10
24.27410295404843
 20
-184.3999473945991
 42
0.4142135623730951
 10
19.27410295404843
 20
-179.3999473945991
 42
0.0
 10
10.27410295404843
 20
-179.3999473945991
 42
0.0
 10
10.27410295404843
 20
-179.0035473946304
 42
-0.1989123673789477
 10
10.34732625851757
 20
-178.8267706995652
 42
0.0
 10
11.02480781948543
 20
-178.4601946016596
 42
-0.1246328871769678
 10
11.26275210067979
 20
-178.3999473945991
 42
0.0
 10
19.27914546136162
 20
-178.3999473945991
 42
0.0655434628152042
 10
20.13324830992496
 20
-178.2875026217484
 42
0.0
 10
21.21056771263829
 20
-177.9988357578227
 42
0.3394542588634077
 10
22.1741029539553
 20
-176.7431321833105
 42
0.0
 10
22.1741029539553
 20
-175.8999473945991
 42
0.0
 10
22.1741029539553
 20
-175.0567626063534
 42
0.3394542588633891
 10
21.21056771263829
 20
-173.8010590318413
 42
0.0
 10
20.13324830992496
 20
-173.5123921679155
 42
0.0655434628152218
 10
19.27914546136162
 20
-173.399947394599
 42
0.0
 10
11.26275210067979
 20
-173.399947394599
 42
-0.1246328871770905
 10
11.02480781948543
 20
-173.3397001880043
 42
0.0
 10
10.34732625851757
 20
-172.9731240900987
 42
-0.1989123673788
 10
10.27410295404843
 20
-172.7963473945679
 42
0.0
 10
10.27410295404843
 20
-172.3999473945991
 42
0.0
 10
19.27410295404843
 20
-172.3999473945991
 42
0.4142135623731017
 97
        0
 92
       22
 72
     1
 73
     1
 93
       21
 10
23.00817286953679
 20
-172.5977086308235
 42
0.4563598604568039
 10
22.96672885524458
 20
-173.0490482747377
 42
-0.1935366803869025
 10
23.77410295404843
 20
-175.0567626063534
 42
0.0
 10
23.77410295404843
 20
-175.8999473945991
 42
0.0
 10
23.77410295404843
 20
-176.7431321833105
 42
-0.1935366803868923
 10
22.96672885524458
 20
-178.7508465149262
 42
0.4563598604568039
 10
23.00817286953679
 20
-179.2021861588404
 42
-0.2375483066084502
 10
25.67339006051771
 20
-184.3044250067146
 42
0.4098485858566308
 10
25.97335664354615
 20
-184.5999473947854
 42
0.0
 10
29.37410295414156
 20
-184.5999473947854
 42
0.4142135623729563
 10
29.6741029539553
 20
-184.2999473949717
 42
0.0
 10
29.6741029539553
 20
-176.7242126739406
 42
-0.1988993730521748
 10
29.76196031350992
 20
-176.5120912464158
 42
0.0
 10
29.97406295393012
 20
-176.2999673946583
 42
0.0
 10
29.97406295393012
 20
-175.4999573947684
 42
0.0
 10
29.76196031350992
 20
-175.2878335434766
 42
-0.1988993730518029
 10
29.6741029539553
 20
-175.0757121154861
 42
0.0
 10
29.6741029539553
 20
-167.4999473946923
 42
0.4142135623731229
 10
29.37410295414156
 20
-167.1999473948785
 42
0.0
 10
25.97335664354615
 20
-167.1999473948785
 42
0.4098485858528685
 10
25.67339006051771
 20
-167.4954697829494
 42
-0.2375483066084502
 97
        0
 75
     0
 76
     1
 52
-90.00000000000001
 41
1.0
 77
     0
 78
     1
 53
315.0
 43
-3020.190487417538
 44
566.0231309356345
 45
0.4999999991609844
 46
0.4999999991609842
 79
     0
 47
0.0566005529139591
 98
        2
 10
24.06823738044477
 20
-169.8014943119892
 10
24.06823738044477
 20
-169.8014943119892
1001
ACAD
1010
0.0
1020
0.0
1030
0.0
1001
ACDBBLOCKREPETAG
1070
     1
1071
      121
1005
0
  0
LWPOLYLINE
  5
10C
330
73
100
AcDbEntity
  8
ART_BOND CITASI
 48
0.5
370
    -2
100
AcDbPolyline
 90
       21
 70
     1
 43
0.0
 10
29.6741029539553
 20
-176.7242126739406
 42
-0.1988993730519209
 10
29.76196031350992
 20
-176.5120912464158
 10
29.97406295393012
 20
-176.2999673946583
 10
29.97406295393012
 20
-175.4999573947684
 10
29.76196031350992
 20
-175.2878335434766
 42
-0.1988993730519259
 10
29.6741029539553
 20
-175.0757121154861
 10
29.6741029539553
 20
-167.4999473946923
 42
0.414213562372901
 10
29.37410295414156
 20
-167.1999473948785
 10
25.97335664354615
 20
-167.1999473948785
 42
0.4098485858528685
 10
25.67339006051771
 20
-167.4954697829494
 42
-0.2375483066084503
 10
23.00817286953679
 20
-172.5977086308235
 42
0.4563598604568039
 10
22.96672885524458
 20
-173.0490482747377
 42
-0.1935366803868923
 10
23.77410295404843
 20
-175.0567626063534
 10
23.77410295404843
 20
-175.8999473945991
 10
23.77410295404843
 20
-176.7431321833105
 42
-0.1935366803868923
 10
22.96672885524458
 20
-178.7508465149262
 42
0.4563598604568039
 10
23.00817286953679
 20
-179.2021861588404
 42
-0.2375483066084503
 10
25.67339006051771
 20
-184.3044250067146
 42
0.4098485858528689
 10
25.97335664354615
 20
-184.5999473947854
 10
29.37410295414156
 20
-184.5999473947854
 42
0.414213562372901
 10
29.6741029539553
 20
-184.2999473949717
1001
ACDBBLOCKREPETAG
1070
     1
1071
      122
1005
0
  0
LWPOLYLINE
  5
10D
330
73
100
AcDbEntity
  8
ART_BOND CITASI
 48
0.5
370
    -2
100
AcDbPolyline
 90
       67
 70
     1
 43
0.0
 10
30.37407295391313
 20
-176.1999373948024
 10
30.908272995468
 20
-176.4670522548081
 42
-0.2840730398225477
 10
31.07410295386217
 20
-176.7353774308981
 10
31.07410295386217
 20
-185.1499473945992
 42
-0.4142135623730951
 10
30.82410295386217
 20
-185.3999473945991
 10
30.1741029539553
 20
-185.3999473945991
 42
0.4142135623728178
 10
29.87410295414156
 20
-185.0999473947854
 10
29.47410295376903
 20
-185.0999473947854
 42
0.4142135623728179
 10
29.1741029539553
 20
-185.3999473945991
 10
28.1741029539553
 20
-185.3999473945991
 42
0.4142135623728178
 10
27.87410295414157
 20
-185.0999473947854
 10
27.47410295376904
 20
-185.0999473947854
 42
0.4142135623727901
 10
27.1741029539553
 20
-185.3999473945991
 10
26.1741029539553
 20
-185.3999473945991
 42
0.4142135623728178
 10
25.87410295414156
 20
-185.0999473947854
 10
25.47410295376903
 20
-185.0999473947854
 42
0.4142135623727901
 10
25.1741029539553
 20
-185.3999473945991
 10
24.57410295386217
 20
-185.3999473945991
 42
-0.4142135623728179
 10
24.27410295404843
 20
-185.0999473947854
 10
24.27410295404843
 20
-184.3999473945991
 42
0.4142135623730951
 10
19.27410295404843
 20
-179.3999473945991
 10
10.27410295404843
 20
-179.3999473945991
 10
10.27410295404843
 20
-179.0035473946304
 42
-0.1989123673789477
 10
10.34732625851757
 20
-178.8267706995652
 10
11.02480781948543
 20
-178.4601946016596
 42
-0.1246328871770832
 10
11.26275210067979
 20
-178.3999473945991
 10
19.27914546136162
 20
-178.3999473945991
 42
0.0655434628152045
 10
20.13324830992496
 20
-178.2875026217484
 10
21.21056771263829
 20
-177.9988357578227
 42
0.3394542588633894
 10
22.1741029539553
 20
-176.7431321833105
 10
22.1741029539553
 20
-175.8999473945991
 10
22.1741029539553
 20
-175.0567626063534
 42
0.3394542588633892
 10
21.21056771263829
 20
-173.8010590318413
 10
20.13324830992496
 20
-173.5123921679155
 42
0.0655434628152045
 10
19.27914546136162
 20
-173.399947394599
 10
11.26275210067979
 20
-173.399947394599
 42
-0.1246328871770832
 10
11.02480781948543
 20
-173.3397001880043
 10
10.34732625851757
 20
-172.9731240900987
 42
-0.1989123673789477
 10
10.27410295404843
 20
-172.7963473945679
 10
10.27410295404843
 20
-172.3999473945991
 10
19.27410295404843
 20
-172.3999473945991
 42
0.4142135623730951
 10
24.27410295404843
 20
-167.3999473945992
 10
24.27410295404843
 20
-166.6999473948785
 42
-0.4142135623728179
 10
24.57410295386217
 20
-166.3999473945992
 10
25.1741029539553
 20
-166.3999473945992
 10
25.1741029539553
 20
-166.3999473945992
 42
0.4142135623727901
 10
25.47410295376903
 20
-166.6999473948785
 10
25.87410295414156
 20
-166.6999473948785
 42
0.4142135623728179
 10
26.1741029539553
 20
-166.3999473945992
 10
26.1741029539553
 20
-166.3999473945992
 10
27.1741029539553
 20
-166.3999473945992
 10
27.1741029539553
 20
-166.3999473945992
 42
0.4142135623727901
 10
27.47410295376904
 20
-166.6999473948785
 10
27.87410295414157
 20
-166.6999473948785
 42
0.4142135623728179
 10
28.1741029539553
 20
-166.3999473945992
 10
28.1741029539553
 20
-166.3999473945992
 10
29.1741029539553
 20
-166.3999473945992
 10
29.1741029539553
 20
-166.3999473945992
 42
0.4142135623728179
 10
29.47410295376903
 20
-166.6999473948785
 10
29.87410295414156
 20
-166.6999473948785
 42
0.4142135623728179
 10
30.1741029539553
 20
-166.3999473945992
 10
30.1741029539553
 20
-166.3999473945992
 10
30.82410295386217
 20
-166.3999473945992
 42
-0.4142135623730951
 10
31.07410295386217
 20
-166.6499473945991
 10
31.07410295386217
 20
-175.0645173587659
 42
-0.2840730398225476
 10
30.908272995468
 20
-175.3328425343902
 10
30.37407295391313
 20
-175.5999573948616
1001
ACDBBLOCKREPETAG
1070
     1
1071
      123
1005
0
  0
HATCH
  5
10E
330
73
100
AcDbEntity
  8
ART_TARAMA
370
    -2
100
AcDbHatch
 10
0.0
 20
0.0
 30
0.0
210
0.0
220
0.0
230
1.0
  2
ANSI37
 70
     0
 71
     0
 91
        1
 92
        1
 93
        6
 72
     1
 10
10.37410295414156
 20
-179.4999473946923
 11
19.27410295404843
 21
-179.4999473946923
 72
     2
 10
19.27410295358277
 20
-184.3999473945991
 40
4.899999999906866
 50
-89.99999999455502
 51
0.0000000006805878
 73
     0
 72
     1
 10
24.1741029539553
 20
-184.3999473945991
 11
24.1741029539553
 21
-185.0999473947854
 72
     1
 10
24.1741029539553
 20
-185.0999473947854
 11
24.1741029539553
 21
-185.6999473948785
 72
     1
 10
24.1741029539553
 20
-185.6999473948785
 11
10.37410295414156
 21
-185.6999473948785
 72
     1
 10
10.37410295414156
 20
-185.6999473948785
 11
10.37410295414156
 21
-179.4999473946923
 97
        0
 75
     0
 76
     1
 52
-0.0000000000000127
 41
0.5
 77
     0
 78
     2
 53
44.99999999999999
 43
-3983222.467126611
 44
-293427.1342617357
 45
-1.122532015133643
 46
1.122532015133643
 79
     0
 53
134.9999999999999
 43
-3983222.467126611
 44
-293427.1342617357
 45
-1.122532015133643
 46
-1.122532015133643
 79
     0
 98
        1
 10
-3982912.790190864
 20
-293427.1342617377
1001
GradientColor1ACI
1070
     5
1001
GradientColor2ACI
1070
     2
1001
ACAD
1010
0.0
1020
0.0
1030
0.0
1001
ACDBBLOCKREPETAG
1070
     1
1071
      124
1005
0
  0
HATCH
  5
10F
330
73
100
AcDbEntity
  8
ART_TARAMA
370
    -2
100
AcDbHatch
 10
0.0
 20
0.0
 30
0.0
210
0.0
220
0.0
230
1.0
  2
ANSI37
 70
     0
 71
     0
 91
        1
 92
        1
 93
        6
 72
     1
 10
10.37410295414156
 20
-172.2999773947345
 11
19.27410295404843
 21
-172.2999773947345
 72
     2
 10
19.27410295358277
 20
-167.3999773948276
 40
4.899999999906866
 50
630.000000005445
 51
720.0000000006805
 73
     1
 72
     1
 10
24.1741029539553
 20
-167.3999773948276
 11
24.1741029539553
 21
-166.6999773946413
 72
     1
 10
24.1741029539553
 20
-166.6999773946413
 11
24.1741029539553
 21
-166.0999773945482
 72
     1
 10
24.1741029539553
 20
-166.0999773945482
 11
10.37410295414156
 21
-166.0999773945482
 72
     1
 10
10.37410295414156
 20
-166.0999773945482
 11
10.37410295414156
 21
-172.2999773947345
 97
        0
 75
     0
 76
     1
 52
-0.0000000000000127
 41
0.5
 77
     0
 78
     2
 53
44.99999999999999
 43
-3983222.467126611
 44
-293427.1342617357
 45
-1.122532015133643
 46
1.122532015133643
 79
     0
 53
134.9999999999999
 43
-3983222.467126611
 44
-293427.1342617357
 45
-1.122532015133643
 46
-1.122532015133643
 79
     0
 98
        1
 10
-3982912.790190864
 20
293075.3343369464
1001
GradientColor1ACI
1070
     5
1001
GradientColor2ACI
1070
     2
1001
ACAD
1010
0.0
1020
0.0
1030
0.0
1001
ACDBBLOCKREPETAG
1070
     1
1071
      125
1005
0
  0
LWPOLYLINE
  5
110
330
73
100
AcDbEntity
  8
ART_FITIL
370
    -2
100
AcDbPolyline
 90
       14
 70
     1
 43
0.0
 10
19.45861400043941
 20
-150.0000121006564
 10
19.45861400043941
 20
-147.733951544837
 42
-0.3750467088369516
 10
19.71807345966226
 20
-147.4367033913554
 42
-0.06787888806713
 10
20.79915454084403
 20
-147.4367033913554
 42
-0.3750467088364983
 10
21.05861400006688
 20
-147.733951544837
 10
21.05861400006688
 20
-150.0000121006564
 42
0.29821662669872
 10
21.65861400016002
 20
-150.916527239588
 42
-0.2982166266987449
 10
22.25861400025315
 20
-151.8330423785196
 10
22.25861400025315
 20
-152.163902266399
 42
-0.4142135623731131
 10
21.95861400043941
 20
-152.4639022662127
 10
18.55861400006688
 20
-152.4639022662127
 42
-0.4142135623730951
 10
18.25861400025315
 20
-152.163902266399
 10
18.25861400025315
 20
-151.8330423785196
 42
-0.2982166266986086
 10
18.85861400034628
 20
-150.916527239588
 42
0.2982166266982826
1001
ACDBBLOCKREPETAG
1070
     1
1071
      126
1005
0
  0
LWPOLYLINE
  5
111
330
73
100
AcDbEntity
  8
ART_FITIL
370
    -2
100
AcDbPolyline
 90
        6
 70
     1
 43
0.0
 10
22.25861400025315
 20
-154.2639022664921
 10
22.25861400025315
 20
-154.5947621539057
 42
-0.9999999999999428
 10
18.25861400025315
 20
-154.5947621539057
 10
18.25861400025315
 20
-154.2639022664921
 42
-0.4142135623731685
 10
18.55861400006688
 20
-153.9639022662127
 10
21.95861400043941
 20
-153.9639022662127
 42
-0.4142135623730951
1001
ACDBBLOCKREPETAG
1070
     1
1071
      127
1005
0
  0
LWPOLYLINE
  5
112
330
73
100
AcDbEntity
  8
ART_FITIL
370
    -2
100
AcDbPolyline
 90
       37
 70
     1
 43
0.0
 10
15.25861400025315
 20
-150.0000121006564
 10
17.45861400043941
 20
-150.0000121006564
 42
0.4142135623726955
 10
18.45861400043941
 20
-149.0000121006564
 10
18.45861400043941
 20
-148.4000121005633
 10
17.25861400025315
 20
-148.4000121005633
 10
17.25861400025315
 20
-147.4000121005633
 42
-0.3333333333332321
 10
23.25861400025315
 20
-147.4000121005633
 10
23.25861400025315
 20
-148.4000121005633
 10
22.05861400006688
 20
-148.4000121005633
 10
22.05861400006688
 20
-149.0000121006564
 42
0.4142135623730951
 10
23.05861400006688
 20
-150.0000121006564
 10
25.25861400025315
 20
-150.0000121006564
 10
25.25861400025315
 20
-158.5947621539057
 10
24.86382005581982
 20
-158.5947621539057
 42
-0.3076847592326424
 10
24.25942636080435
 20
-158.1839446392664
 42
1.128701775594638
 10
23.68910759114078
 20
-158.4937374433325
 42
0.2012120834861407
 10
25.27155758146546
 20
-159.4996993546196
 42
-0.9785310008365527
 10
25.26682232724852
 20
-160.5000121006565
 42
-0.16129986857728
 10
23.20592349706567
 20
-159.3961595673868
 42
0.3075716929249019
 10
22.98173316553584
 20
-159.3797242590049
 10
21.07614532610751
 20
-160.479915911314
 42
-0.8390996311758398
 10
20.88623865958652
 20
-160.2535939593622
 10
21.67766203577048
 20
-159.3104123077178
 42
0.8390996311784471
 10
21.42445314707584
 20
-159.0086497049601
 10
18.87614532592123
 20
-160.479915911314
 42
-0.8390996311775001
 10
18.68623865940026
 20
-160.2535939593622
 10
19.47766203558422
 20
-159.3104123077178
 42
0.8390996311757817
 10
19.22445314688957
 20
-159.0086497049601
 10
16.67614532620064
 20
-160.479915911314
 42
-0.8390996311793939
 10
16.48623865967965
 20
-160.2535939593622
 10
17.27766203586361
 20
-159.3104123077178
 42
0.8390996311784471
 10
17.02445314716897
 20
-159.0086497049601
 10
14.47614532601437
 20
-160.479915911314
 42
-0.8390996311797371
 10
14.28623865949339
 20
-160.2535939593622
 10
15.0246584432607
 20
-159.3735795290963
 42
0.1763269807083487
 10
15.25861400025315
 20
-158.7307919193813
 10
15.25861400025315
 20
-150.0000121006564
1001
ACDBBLOCKREPETAG
1070
     1
1071
      128
1005
0
  0
HATCH
  5
113
330
73
100
AcDbEntity
  8
ART_TARAMA
370
    -2
100
AcDbHatch
 10
0.0
 20
0.0
 30
0.0
210
0.0
220
0.0
230
1.0
  2
ANSI37
 70
     0
 71
     0
 91
        3
 92
        1
 93
       36
 72
     1
 10
15.25861400025315
 20
-150.0000121006564
 11
17.45861400043941
 21
-150.0000121006564
 72
     2
 10
17.45861400043941
 20
-149.0000121006564
 40
0.9999999999715779
 50
630.0000000017064
 51
720.0000000016282
 73
     1
 72
     1
 10
18.45861400043941
 20
-149.0000121006564
 11
18.45861400043941
 21
-148.4000121005633
 72
     1
 10
18.45861400043941
 20
-148.4000121005633
 11
17.25861400025315
 21
-148.4000121005633
 72
     1
 10
17.25861400025315
 20
-148.4000121005633
 11
17.25861400025315
 21
-147.4000121005633
 72
     2
 10
20.25861400025315
 20
-151.4000121005633
 40
4.999999999952706
 50
-486.8698976458335
 51
-413.1301023541664
 73
     0
 72
     1
 10
23.25861400025315
 20
-147.4000121005633
 11
23.25861400025315
 21
-148.4000121005633
 72
     1
 10
23.25861400025315
 20
-148.4000121005633
 11
22.05861400006688
 21
-148.4000121005633
 72
     1
 10
22.05861400006688
 20
-148.4000121005633
 11
22.05861400006688
 21
-149.0000121006564
 72
     2
 10
23.05861400006688
 20
-149.0000121006564
 40
1.000000000029102
 50
540.0000000016674
 51
630.0000000016674
 73
     1
 72
     1
 10
23.05861400006688
 20
-150.0000121006564
 11
25.25861399978749
 21
-150.0000121006564
 72
     1
 10
25.25861400025315
 20
-150.0000121006564
 11
25.25861400025315
 21
-158.5947621539057
 72
     1
 10
25.25861400025315
 20
-158.5947621539057
 11
24.86382005581982
 21
-158.5947621539057
 72
     2
 10
24.86382005581982
 20
-157.9447621535332
 40
0.6500000000085038
 50
-270.0000000039484
 51
-201.5906644907597
 73
     0
 72
     2
 10
23.95546811711392
 20
-158.3042329358691
 40
0.3268943072577347
 50
741.5906644857798
 51
935.4302791222462
 73
     1
 72
     2
 10
25.67960727246827
 20
-157.1101735965171
 40
2.42411590039654
 50
574.8025333702964
 51
620.3093057773513
 73
     1
 72
     2
 10
25.25833430312923
 20
-159.9998043393538
 40
0.5002797726303077
 50
-448.4853949360458
 51
-270.9721586352066
 73
     0
 72
     2
 10
25.90273026362411
 20
-156.836987373867
 40
3.717812401334961
 50
-260.1514995712048
 51
-223.499979081371
 73
     0
 72
     2
 10
23.08173316562898
 20
-159.5529293399127
 40
0.1999999999511001
 50
771.6143371105693
 51
839.9999999968585
 73
     1
 72
     1
 10
22.98173316553584
 20
-159.3797242590049
 11
21.07614532610751
 21
-160.479915911314
 72
     2
 10
21.00114532592124
 20
-160.3500121007496
 40
0.1499999999716371
 50
-300.000000007679
 51
-140.0000000079693
 73
     0
 72
     1
 10
20.88623865958652
 20
-160.2535939593622
 11
21.67766203577048
 21
-159.3104123077178
 72
     2
 10
21.52445314716897
 20
-159.1818547858679
 40
0.2000000000025044
 50
680.0000000127234
 51
840.0000000129601
 73
     1
 72
     1
 10
21.42445314707584
 20
-159.0086497049601
 11
18.87614532638689
 21
-160.479915911314
 72
     2
 10
18.80114532620064
 20
-160.3500121007496
 40
0.1499999999906347
 50
-300.0000000164263
 51
-140.0000000165229
 73
     0
 72
     1
 10
18.68623865940026
 20
-160.2535939593622
 11
19.47766203558422
 21
-159.3104123077178
 72
     2
 10
19.3244531469827
 20
-159.1818547854022
 40
0.1999999999456144
 50
679.9999999934357
 51
839.9999999933347
 73
     1
 72
     1
 10
19.22445314688957
 20
-159.0086497049601
 11
16.67614532573498
 21
-160.479915911314
 72
     2
 10
16.60114532601436
 20
-160.3500121007496
 40
0.1499999999527003
 50
-299.9999999993193
 51
-139.9999999990594
 73
     0
 72
     1
 10
16.48623865967965
 20
-160.2535939593622
 11
17.27766203586361
 21
-159.3104123077178
 72
     2
 10
17.1244531472621
 20
-159.1818547858679
 40
0.2000000000214377
 50
680.0000000192304
 51
840.0000000194317
 73
     1
 72
     1
 10
17.02445314716897
 20
-159.0086497049601
 11
14.47614532648003
 21
-160.479915911314
 72
     2
 10
14.40114532629377
 20
-160.3500121007496
 40
0.1500000000095491
 50
-300.0000000252923
 51
-140.0000000249543
 73
     0
 72
     1
 10
14.28623865949339
 20
-160.2535939593622
 11
15.0246584432607
 21
-159.3735795290963
 72
     2
 10
14.25861400025314
 20
-158.7307919193813
 40
1.000000000087942
 50
680.0000000074724
 51
720.0000000074518
 73
     1
 72
     1
 10
15.25861400025315
 20
-158.7307919193813
 11
15.25861400025315
 21
-150.0000121006564
 97
        0
 92
       16
 93
        6
 72
     1
 10
22.25861400025315
 20
-154.2639022664921
 11
22.25861400025315
 21
-154.5947621539057
 72
     2
 10
20.25861400025315
 20
-154.5947621539057
 40
2.0000000000291
 50
-360.0
 51
-180.0
 73
     0
 72
     1
 10
18.25861400025315
 20
-154.5947621539057
 11
18.25861400025315
 21
-154.2639022664921
 72
     2
 10
18.55861400006688
 20
-154.2639022664921
 40
0.30000000007567
 50
-539.9999999944416
 51
-449.9999999944416
 73
     0
 72
     1
 10
18.55861400006688
 20
-153.9639022662127
 11
21.95861399997375
 21
-153.9639022662127
 72
     2
 10
21.95861400043941
 20
-154.2639022660264
 40
0.2999999999883585
 50
-449.9999999888832
 51
-359.9999999888832
 73
     0
 97
        0
 92
       17
 93
       14
 72
     1
 10
19.45861400043941
 20
-150.0000121006564
 11
19.45861400043941
 21
-147.7339515443714
 72
     2
 10
19.75861400025315
 20
-147.7339515443714
 40
0.2999999999997271
 50
-180.0000000009553
 51
-97.76643416919409
 73
     0
 72
     2
 10
20.25861400025315
 20
-151.4000121005633
 40
4.000000000147705
 50
-457.7664341681098
 51
-442.2335658318901
 73
     0
 72
     2
 10
20.75861400025315
 20
-147.7339515443714
 40
0.3000000000000033
 50
-442.2335658307688
 51
-359.9999999990881
 73
     0
 72
     1
 10
21.05861400006688
 20
-147.733951544837
 11
21.05861400006688
 21
-150.0000121011221
 72
     2
 10
22.05861400053255
 20
-150.0000121006564
 40
1.000000000031377
 50
899.9999999973422
 51
966.4218215191668
 73
     1
 72
     2
 10
21.25861400025315
 20
-151.8330423785196
 40
0.999999999942519
 50
-426.4218215225015
 51
-360.0000000006775
 73
     0
 72
     1
 10
22.25861400025315
 20
-151.8330423785196
 11
22.25861400025315
 21
-152.1639022659333
 72
     2
 10
21.95861400043941
 20
-152.163902266399
 40
0.2999999999592546
 50
-360.0000000055584
 51
-270.0000000055584
 73
     0
 72
     1
 10
21.95861400043941
 20
-152.4639022662127
 11
18.55861400053254
 21
-152.4639022662127
 72
     2
 10
18.55861400006688
 20
-152.163902266399
 40
0.3000000000465661
 50
-270.000000011117
 51
-180.0000000111169
 73
     0
 72
     1
 10
18.25861400025315
 20
-152.163902266399
 11
18.25861400025315
 21
-151.8330423789853
 72
     2
 10
19.25861400025315
 20
-151.8330423789853
 40
1.000000000001135
 50
-539.9999999942155
 51
-473.578178472423
 73
     0
 72
     2
 10
18.45861400043941
 20
-150.0000121006564
 40
1.000000000061801
 50
653.5781784783393
 51
720.0000000000651
 73
     1
 97
        0
 75
     0
 76
     1
 52
89.99999999999998
 41
0.5
 77
     0
 78
     2
 53
134.9999999999999
 43
290412.03350616
 44
-3987534.911016742
 45
-1.122532015133643
 46
-1.122532015133643
 79
     0
 53
225.0
 43
290412.03350616
 44
-3987534.911016742
 45
1.122532015133643
 46
-1.122532015133643
 79
     0
 98
        1
 10
1989.064153340499
 20
-1931.722459824272
1001
ACAD
1010
0.0
1020
0.0
1030
0.0
1001
ACDBBLOCKREPETAG
1070
     1
1071
      129
1005
0
  0
LWPOLYLINE
  5
114
330
73
100
AcDbEntity
  8
ART_KLİPS
370
    -2
100
AcDbPolyline
 90
       58
 70
     1
 43
0.0
 10
-2.372343655355506
 20
-172.9463940043756
 42
0.1989123673797251
 10
-2.225897045951568
 20
-172.5928406137795
 10
-2.225897045951568
 20
-171.933545578719
 42
-0.4142135623734835
 10
-1.925897046137833
 20
-171.6335455784397
 10
2.474102953769033
 20
-171.6335455784397
 42
-0.4142135623729288
 10
2.77410295404843
 20
-171.933545578719
 10
2.77410295404843
 20
-172.5928406137795
 42
0.198912367379725
 10
2.920549563452368
 20
-172.9463940043756
 10
3.374102954141561
 20
-173.399947394599
 10
3.374102954141561
 20
-175.0999473947854
 42
-0.4142135623727068
 10
3.074102953862165
 20
-175.3999473945991
 10
2.77410295404843
 20
-175.3999473945991
 10
2.77410295404843
 20
-176.192840613407
 42
0.198912367379725
 10
2.920549563452368
 20
-176.5463940040031
 10
3.627656344644491
 20
-177.2535007851952
 42
0.1989123673770189
 10
3.981209735240553
 20
-177.399947394599
 10
5.774489102273945
 20
-177.399947394599
 42
0.4142135623731229
 10
6.074489102087682
 20
-177.0999473947854
 10
6.074489102087682
 20
-167.1411121007809
 42
0.4142135623730451
 10
5.074489102087682
 20
-166.1411121007809
 10
3.574102953862165
 20
-166.1411121007809
 42
-0.4142135623730951
 10
2.574102953862166
 20
-165.1411121007809
 10
2.574102953862166
 20
-162.8999473945991
 42
0.4142135623730951
 10
1.574102953862166
 20
-161.899947394599
 10
-1.025897046230966
 20
-161.899947394599
 42
0.4142135623730951
 10
-2.025897046230965
 20
-162.8999473945991
 10
-2.025897046230965
 20
-165.1411121007809
 42
-0.4142135623730951
 10
-3.025897046230966
 20
-166.1411121007809
 10
-4.526283194456481
 20
-166.1411121007809
 42
0.4142135623731368
 10
-5.526283194456482
 20
-167.1411121007809
 10
-5.526283194456482
 20
-172.0715202698307
 42
-0.1989123673796443
 10
-6.112069632072232
 20
-173.4857338322149
 10
-6.733389975648607
 20
-174.1070541757913
 42
-0.1989123673796789
 10
-7.44049675684073
 20
-174.399947394599
 10
-9.918503988214068
 20
-174.399947394599
 42
-0.065543462815944
 10
-10.69496112331399
 20
-174.2977248737411
 10
-12.54439740363159
 20
-173.8021699162023
 42
0.065543462815235
 10
-13.32085453873151
 20
-173.6999473948785
 10
-15.5309395530785
 20
-173.6999473948785
 42
0.0655434628152217
 10
-16.30739668864407
 20
-173.8021699162023
 10
-17.3847160913574
 20
-174.0908367796623
 42
0.3394542588633927
 10
-18.12589704585844
 20
-175.0567626063534
 10
-18.12589704585844
 20
-176.7431321833105
 42
0.3394542588633935
 10
-17.3847160913574
 20
-177.7090580095359
 10
-16.30739668864407
 20
-177.9977248734617
 42
0.065543462815221
 10
-15.5309395530785
 20
-178.0999473947854
 10
-13.32085453873151
 20
-178.0999473947854
 42
0.0655434628152335
 10
-12.54439740363159
 20
-177.9977248734617
 10
-10.69496112331399
 20
-177.5021699159229
 42
-0.0655434628144335
 10
-9.918503988214068
 20
-177.399947394599
 10
-3.433003827143693
 20
-177.399947394599
 42
0.1989123673796609
 10
-3.079450436547631
 20
-177.2535007851952
 10
-2.372343655355506
 20
-176.5463940040031
 42
0.1989123673797251
 10
-2.225897045951568
 20
-176.192840613407
 10
-2.225897045951568
 20
-175.3999473945991
 10
-2.525897045765304
 20
-175.3999473945991
 42
-0.4142135623730951
 10
-2.825897046044701
 20
-175.0999473947854
 10
-2.825897046044701
 20
-173.399947394599
1001
ACDBBLOCKREPETAG
1070
     1
1071
      130
1005
0
  0
LWPOLYLINE
  5
115
330
73
100
AcDbEntity
  8
ART_IZ
370
    -2
100
AcDbPolyline
 90
        6
 70
     0
 43
0.0
 10
-2.025897046230965
 20
-166.1411121007809
 10
-2.025897046230965
 20
-166.8950194674367
 42
-0.1763291640645194
 10
-2.727780050277941
 20
-168.8234017616892
 10
-4.475897045951568
 20
-170.9066906361663
 10
-4.475897045951568
 20
-171.6335455784397
 10
-5.526283194456482
 20
-171.6335455784397
1001
ACDBBLOCKREPETAG
1070
     1
1071
      131
1005
0
  0
LWPOLYLINE
  5
116
330
73
100
AcDbEntity
  8
ART_PROFIL
370
    -2
100
AcDbPolyline
 90
      109
 70
     1
 43
0.0
 10
4.286200222792102
 20
-160.1000010967
 10
4.586200178790021
 20
-160.3999987245001
 10
4.586200178790021
 20
-165.6411617993999
 42
-0.4142179371083667
 10
4.086200562494923
 20
-166.1411628127002
 10
3.793307063402608
 20
-166.1411628127002
 42
-0.1989095751881614
 10
3.439753730999654
 20
-165.9947216511
 10
2.732647066193749
 20
-165.2876093984
 42
-0.1989157525708511
 10
2.586200316596658
 20
-164.9340569973001
 10
2.586200316596658
 20
-164.1411662102
 10
2.886200272696441
 20
-164.1411662102
 42
0.4142137801942676
 10
3.186200461597763
 20
-163.8411611319002
 10
3.186200461597763
 20
-162.0620965958001
 42
0.2528795219909483
 10
3.050615494401426
 20
-161.8111610413001
 10
2.086200467500019
 20
-161.1792623996998
 10
2.086200467500019
 20
-160.7899993658002
 10
2.586200316596658
 20
-160.5000004172002
 10
2.086200467500019
 20
-160.2100014687001
 10
2.086200467500019
 20
-158.9899986982
 10
2.586200316596658
 20
-158.6999997497
 10
2.086200467500019
 20
-158.4100008011001
 10
2.086200467500019
 20
-157.1899980307003
 10
2.586200316596658
 20
-156.8999990820998
 10
2.086200467500019
 20
-156.6100001334998
 10
2.086200467500019
 20
-155.3899973631
 10
2.586200316596658
 20
-155.0999984145001
 10
2.086200467500019
 20
-154.8099994659001
 10
2.086200467500019
 20
-154.0044724940999
 10
-0.0000065266067395
 20
-152.7999967337
 10
-2.413799571600975
 20
-154.1999980806999
 10
-1.913799722504336
 20
-154.4899970292999
 10
-1.913799722504336
 20
-155.7099997997001
 10
-2.413799571600975
 20
-155.9999987483002
 10
-1.913799722504336
 20
-156.2899976969001
 10
-1.913799722504336
 20
-157.5100004672999
 10
-2.413799571600975
 20
-157.7999994158999
 10
-1.913799722504336
 20
-158.0899983644999
 10
-1.913799722504336
 20
-159.3199998139998
 10
-2.413799571600975
 20
-159.6000000835001
 10
-1.913799722504336
 20
-159.8899990320001
 10
-1.913799722504336
 20
-161.1792623996998
 10
-2.878214749303879
 20
-161.8111610413001
 42
0.2528795090510297
 10
-3.013799716500216
 20
-162.0620965958001
 10
-3.013799716500216
 20
-163.8411611319002
 42
0.4142137036839979
 10
-2.713799527598894
 20
-164.1411662102
 10
-2.413799571600975
 20
-164.1411662102
 10
-2.413799571600975
 20
-164.9340569973001
 42
-0.1989153064251398
 10
-2.560246321198063
 20
-165.2876093984
 10
-3.267352985902106
 20
-165.9947216511
 42
-0.1989093447414632
 10
-3.62090631830506
 20
-166.1411628127002
 10
-3.913799817499238
 20
-166.1411628127002
 42
-0.414217760878513
 10
-4.413799433808889
 20
-165.6411617993999
 10
-4.413799433808889
 20
-160.3999987245001
 10
-4.113799477709108
 20
-160.1000010967
 10
-4.413799433808889
 20
-159.8000034689999
 10
-4.413799433808889
 20
-147.8000015020002
 42
0.4142134062232109
 10
-13.91380005959945
 20
-138.2999971509002
 10
-22.11379916851001
 20
-138.2999971508998
 42
0.4142117960293648
 10
-23.11379933240823
 20
-139.2999991775
 10
-23.11379933240823
 20
-143.1999981403
 42
0.4142143283323451
 10
-22.11379916851001
 20
-144.2000001668998
 10
-16.51379936820012
 20
-144.2000001669003
 42
-0.4142129763446725
 10
-14.9137992922042
 20
-145.7999974489003
 10
-14.9137992922042
 20
-148.9999994636
 42
-0.4142127318482469
 10
-15.91380038741045
 20
-150.0000014901002
 10
-16.91380055130867
 20
-150.0000014901002
 42
-0.3728233696925132
 10
-17.9035429462092
 20
-149.1428571428237
 42
-0.4568564281533189
 10
-17.60662072780542
 20
-148.8000035285999
 10
-16.41379953810246
 20
-148.8000035285999
 10
-16.41379953810246
 20
-145.7999974489003
 10
-19.61379969010886
 20
-145.7999974489003
 10
-19.91379918040184
 20
-145.4999998212
 10
-20.21380053350004
 20
-145.7999974489003
 10
-23.41379882280307
 20
-145.7999974489003
 10
-23.41379882280307
 20
-148.8000035285999
 10
-22.22097949570161
 20
-148.8000035285999
 42
-0.4568575991550685
 10
-21.92405630892608
 20
-149.1428571429769
 42
-0.3728236289433837
 10
-22.91379967219837
 20
-150.0000014901002
 10
-24.61380050959997
 20
-150.0000014901002
 42
-0.4142121629067756
 10
-24.91380000000936
 20
-149.6999964117999
 10
-24.91380000000936
 20
-30.30000001430017
 42
-0.4142119343929583
 10
-24.61380050959997
 20
-30.0
 10
24.78620125469752
 20
-30.0
 42
-0.414211894119253
 10
25.08620074509236
 20
-30.30000001430017
 10
25.08620074509236
 20
-149.6999964117999
 42
-0.4142124416098337
 10
24.78620125469752
 20
-150.0000014900997
 10
23.08620041719406
 20
-150.0000014901002
 42
-0.3728236321356542
 10
22.09645705389267
 20
-149.1428571429237
 42
-0.4568571006686481
 10
22.39338024069731
 20
-148.8000035285995
 10
23.58619956790062
 20
-148.8000035285999
 10
23.58619956790062
 20
-145.7999974489003
 10
20.38620127849572
 20
-145.7999974489003
 10
20.08619992549939
 20
-145.4999998212
 10
19.78620043508999
 20
-145.7999974489003
 10
16.58620028309815
 20
-145.7999974489003
 10
16.58620028309815
 20
-148.8000035285999
 10
17.77902147290297
 20
-148.8000035285999
 42
-0.4568567528631324
 10
18.07594369107391
 20
-149.1428571428773
 42
-0.3728233619157605
 10
17.08620129639166
 20
-150.0000014901002
 10
16.08620113249344
 20
-150.0000014901002
 42
-0.4142127499330403
 10
15.08620003730175
 20
-148.9999994636
 10
15.08620003730175
 20
-145.7999974489003
 42
-0.4142129812427845
 10
16.68620011319581
 20
-144.2000001669003
 10
22.28619991359301
 20
-144.2000001669003
 42
0.4142143242286286
 10
23.28620007749123
 20
-143.1999981403
 10
23.28620007749123
 20
-139.2999991775
 42
0.4142117640775235
 10
22.28619991359301
 20
-138.2999971509002
 10
14.086200804697
 20
-138.2999971509002
 42
0.4142134022678066
 10
4.586200178790021
 20
-147.8000015020002
 10
4.586200178790021
 20
-159.8000034689999
1001
ACDBBLOCKREPETAG
1070
     1
1071
      134
1005
0
  0
LWPOLYLINE
  5
117
330
73
100
AcDbEntity
  8
ART_PROFIL
370
    -2
100
AcDbPolyline
 90
       10
 70
     1
 43
0.0
 10
2.986200335595639
 20
-150.6999984384001
 10
2.986200335595639
 20
-147.8000015020002
 42
-0.2389299279330017
 10
7.522817022487287
 20
-138.8483521628322
 42
0.7248777863044569
 10
7.345428173590335
 20
-138.3064121008001
 10
-7.173027428609201
 20
-138.3064121008001
 42
0.7248781557104055
 10
-7.350416277491603
 20
-138.8483521628312
 42
-0.23892992802831
 10
-2.813799590599955
 20
-147.8000015020002
 10
-2.813799590599955
 20
-150.6999984384001
 42
0.4142076424768821
 10
-2.513799634500173
 20
-151.0000035166999
 10
2.68620037959772
 20
-151.0000035166999
 42
0.4142083770621336
1001
ACDBBLOCKREPETAG
1070
     1
1071
      135
1005
0
  0
LWPOLYLINE
  5
118
330
73
100
AcDbEntity
  8
ART_PROFIL
370
    -2
100
AcDbPolyline
 90
       29
 70
     1
 43
0.0
 10
23.28620007749123
 20
-37.00000021610004
 10
23.08620041719406
 20
-37.00000021610004
 42
-0.4142133383938393
 10
22.08620025329583
 20
-36.0000000522
 10
22.08620025329583
 20
-32.00000009499991
 10
-21.91379950830015
 20
-32.00000009499991
 10
-21.91379950830015
 20
-36.0000000522
 42
-0.414213338483944
 10
-22.91379967219837
 20
-37.00000021610004
 10
-23.11379933240823
 20
-37.00000021610004
 10
-23.11379933240823
 20
-81.65000095960023
 10
-22.91379967219837
 20
-81.65000095959976
 42
-0.4142310741164353
 10
-21.91379950830015
 20
-82.64999926090013
 10
-21.91379950830015
 20
-85.65000161529997
 42
-0.4142130779592851
 10
-22.91379967219837
 20
-86.64999991659987
 10
-23.11379933240823
 20
-86.64999991659987
 10
-23.11379933240823
 20
-131.2999978662001
 10
-22.91379967219837
 20
-131.2999978662001
 42
-0.4142121747375447
 10
-21.91379950830015
 20
-132.2999998927002
 10
-21.91379950830015
 20
-136.3000005484
 10
22.08620025329583
 20
-136.3000005484
 10
22.08620025329583
 20
-132.2999998927002
 42
-0.4142121759204184
 10
23.08620041719406
 20
-131.2999978662001
 10
23.28620007749123
 20
-131.2999978662001
 10
23.28620007749123
 20
-86.64999991659987
 10
23.08620041719406
 20
-86.64999991659987
 42
-0.4142130800102628
 10
22.08620025329583
 20
-85.65000161529997
 10
22.08620025329583
 20
-82.64999926090013
 42
-0.4142139206072056
 10
23.08620041719406
 20
-81.65000095960023
 10
23.28620007749123
 20
-81.65000095960023
 10
23.28620007749123
 20
-53.00560637370018
1001
ACDBBLOCKREPETAG
1070
     1
1071
      136
1005
0
  0
ENDBLK
  5
119
330
73
100
AcDbEntity
  8
0
100
AcDbBlockEnd
  0
ENDSEC
  0
SECTION
  2
ENTITIES
  0
INSERT
  5
72
330
2
100
AcDbEntity
  8
KOMPOZIT
100
AcDbBlockReference
  2
kanatlı sag dikme
 10
-74145.00013858157
 20
4217.802205512731
 30
0.0
  0
ENDSEC
  0
SECTION
  2
OBJECTS
  0
DICTIONARY
  5
A
330
0
100
AcDbDictionary
281
     1
  3
ACAD_COLOR
350
55
  3
ACAD_GROUP
350
4C
  3
ACAD_LAYOUT
350
17
  3
ACAD_MATERIAL
350
C
  3
ACAD_MLEADERSTYLE
350
58
  3
ACAD_MLINESTYLE
350
4D
  3
ACAD_PLOTSETTINGS
350
4E
  3
ACAD_PLOTSTYLENAME
350
9
  3
ACAD_SCALELIST
350
56
  3
ACAD_TABLESTYLE
350
57
  3
ACAD_VISUALSTYLE
350
2C
  3
ACDB_RECOMPOSE_DATA
350
124
  3
AcDbVariableDictionary
350
11D
  0
DICTIONARY
  5
1F
330
1E
100
AcDbDictionary
280
     1
281
     1
  3
ACAD_LAYERSTATES
360
20
  0
DICTIONARY
  5
7
330
6
100
AcDbDictionary
280
     1
281
     1
  0
DICTIONARY
  5
81
330
80
100
AcDbDictionary
280
     1
281
     1
  0
DICTIONARY
  5
8E
330
8D
100
AcDbDictionary
280
     1
281
     1
  0
DICTIONARY
  5
A7
330
A6
100
AcDbDictionary
280
     1
281
     1
  0
DICTIONARY
  5
7A
330
79
100
AcDbDictionary
280
     1
281
     1
  0
DICTIONARY
  5
9D
330
9C
100
AcDbDictionary
280
     1
281
     1
  0
DICTIONARY
  5
EA
330
E9
100
AcDbDictionary
280
     1
281
     1
  0
DICTIONARY
  5
B5
330
B4
100
AcDbDictionary
280
     1
281
     1
  0
DICTIONARY
  5
C9
330
C8
100
AcDbDictionary
280
     1
281
     1
  0
DICTIONARY
  5
8B
330
8A
100
AcDbDictionary
280
     1
281
     1
  0
DICTIONARY
  5
3
330
2
100
AcDbDictionary
280
     1
281
     1
  3
ACAD_SORTENTS
360
11C
  0
DICTIONARY
  5
3C
330
3B
100
AcDbDictionary
280
     1
281
     1
  3
ACAD_SORTENTS
360
11B
  0
DICTIONARY
  5
45
330
44
100
AcDbDictionary
280
     1
281
     1
  3
ACAD_SORTENTS
360
11A
  0
DICTIONARY
  5
55
102
{ACAD_REACTORS
330
A
102
}
330
A
100
AcDbDictionary
281
     1
  0
DICTIONARY
  5
4C
102
{ACAD_REACTORS
330
A
102
}
330
A
100
AcDbDictionary
281
     1
  0
DICTIONARY
  5
17
102
{ACAD_REACTORS
330
A
102
}
330
A
100
AcDbDictionary
281
     1
  3
Layout1
350
1D
  3
Model
350
16
  0
DICTIONARY
  5
C
102
{ACAD_REACTORS
330
A
102
}
330
A
100
AcDbDictionary
281
     1
  3
ByBlock
350
52
  3
ByLayer
350
4F
  3
Global
350
B
  0
DICTIONARY
  5
58
102
{ACAD_REACTORS
330
A
102
}
330
A
100
AcDbDictionary
281
     1
  0
DICTIONARY
  5
4D
102
{ACAD_REACTORS
330
A
102
}
330
A
100
AcDbDictionary
281
     1
  3
Standard
350
5C
  0
DICTIONARY
  5
4E
102
{ACAD_REACTORS
330
A
102
}
330
A
100
AcDbDictionary
281
     1
  0
ACDBDICTIONARYWDFLT
  5
9
102
{ACAD_REACTORS
330
A
102
}
330
A
100
AcDbDictionary
281
     1
  3
Normal
350
8
100
AcDbDictionaryWithDefault
340
8
  0
DICTIONARY
  5
56
102
{ACAD_REACTORS
330
A
102
}
330
A
100
AcDbDictionary
281
     1
  3
A0
350
61
  3
A1
350
62
  3
A2
350
63
  3
A3
350
64
  3
A4
350
65
  3
A5
350
66
  3
A6
350
67
  3
A7
350
68
  3
A8
350
69
  3
A9
350
6A
  3
B0
350
6B
  3
B1
350
6C
  3
B2
350
6D
  3
B3
350
6E
  3
B4
350
6F
  3
B5
350
70
  3
B6
350
71
  0
DICTIONARY
  5
57
102
{ACAD_REACTORS
330
A
102
}
330
A
100
AcDbDictionary
281
     1
  3
Standard
350
5D
  0
DICTIONARY
  5
2C
102
{ACAD_REACTORS
330
A
102
}
330
A
100
AcDbDictionary
281
     1
  3
2dWireframe
350
2B
  3
Realistic
350
5F
  3
Wireframe
350
60
  0
XRECORD
  5
124
102
{ACAD_REACTORS
330
A
102
}
330
A
100
AcDbXrecord
280
     1
 90
        1
330
5D
  0
DICTIONARY
  5
11D
102
{ACAD_REACTORS
330
A
102
}
330
A
100
AcDbDictionary
281
     1
  3
CANNOSCALE
350
122
  3
CMLEADERSTYLE
350
11F
  3
CTABLESTYLE
350
11E
  3
CVIEWDETAILSTYLE
350
120
  3
CVIEWSECTIONSTYLE
350
121
  0
DICTIONARY
  5
20
102
{ACAD_REACTORS
330
1F
102
}
330
1F
100
AcDbDictionary
281
     1
  0
SORTENTSTABLE
  5
11C
102
{ACAD_REACTORS
330
3
102
}
330
3
100
AcDbSortentsTable
330
2
  0
SORTENTSTABLE
  5
11B
102
{ACAD_REACTORS
330
3C
102
}
330
3C
100
AcDbSortentsTable
330
3B
  0
SORTENTSTABLE
  5
11A
102
{ACAD_REACTORS
330
45
102
}
330
45
100
AcDbSortentsTable
330
44
  0
LAYOUT
  5
1D
102
{ACAD_REACTORS
330
17
102
}
330
17
100
AcDbPlotSettings
  1

  2
Adobe PDF
  4
A4
  6

 40
3.174999952316283
 41
3.174999952316283
 42
3.175003051757812
 43
3.17498779296875
 44
209.9733276367186
 45
297.0318298339844
 46
0.0
 47
0.0
 48
0.0
 49
0.0
140
0.0
141
0.0
142
1.0
143
1.0
 70
   688
 72
     1
 73
     1
 74
     5
  7

 75
    16
147
1.0
 76
     0
 77
     2
 78
   300
148
0.0
149
0.0
100
AcDbLayout
  1
Layout1
 70
     1
 71
     1
 10
-3.17498779296875
 20
-3.174999952316283
 11
293.8568420410156
 21
206.7983276844024
 12
0.0
 22
0.0
 32
0.0
 14
29.06818420886992
 24
20.36233246326446
 34
0.0
 15
261.6136578798294
 25
183.2609921693802
 35
0.0
146
0.0
 13
0.0
 23
0.0
 33
0.0
 16
1.0
 26
0.0
 36
0.0
 17
0.0
 27
1.0
 37
0.0
 76
     0
330
1A
1001
ACAD_PSEXT
1000
Adobe PDF
1000
Adobe PDF Converter
1000
Documents\*.pdf
1000

1070
     0
  0
LAYOUT
  5
16
102
{ACAD_XDICTIONARY
360
18
102
}
102
{ACAD_REACTORS
330
17
102
}
330
17
100
AcDbPlotSettings
  1

  2
none_device
  4
ISO_A4_(210.00_x_297.00_MM)
  6

 40
7.5
 41
20.0
 42
7.5
 43
20.0
 44
210.0
 45
297.0
 46
11.54999923706054
 47
-13.65000009536743
 48
0.0
 49
0.0
140
0.0
141
0.0
142
1.0
143
8.704084754739808
 70
 11952
 72
     1
 73
     0
 74
     0
  7

 75
     0
147
0.1148885871608098
 76
     0
 77
     2
 78
   300
148
0.0
149
0.0
100
AcDbLayout
  1
Model
 70
     1
 71
     0
 10
0.0
 20
0.0
 11
12.0
 21
9.0
 12
0.0
 22
0.0
 32
0.0
 14
0.0
 24
0.0
 34
0.0
 15
0.0
 25
0.0
 35
0.0
146
0.0
 13
0.0
 23
0.0
 33
0.0
 16
1.0
 26
0.0
 36
0.0
 17
0.0
 27
1.0
 37
0.0
 76
     0
330
2
331
2A
1001
ACAD_PSEXT
1000
None
1000
None
1000
Not applicable
1000
The layout will not be plotted unless a new plotter configuration name is selected.
1070
     0
  0
MATERIAL
  5
52
102
{ACAD_XDICTIONARY
360
53
102
}
102
{ACAD_REACTORS
330
C
102
}
330
C
100
AcDbMaterial
  1
ByBlock
 94
       63
  0
MATERIAL
  5
4F
102
{ACAD_XDICTIONARY
360
50
102
}
102
{ACAD_REACTORS
330
C
102
}
330
C
100
AcDbMaterial
  1
ByLayer
 94
       63
  0
MATERIAL
  5
B
102
{ACAD_XDICTIONARY
360
D
102
}
102
{ACAD_REACTORS
330
C
102
}
330
C
100
AcDbMaterial
  1
Global
 43
0.0007999999797903
 43
0.0
 43
0.0
 43
0.0
 43
0.0
 43
0.0007999999797903
 43
0.0
 43
0.0
 43
0.0
 43
0.0
 43
1.0
 43
0.0
 43
0.0
 43
0.0
 43
0.0
 43
1.0
 49
0.0007999999797903
 49
0.0
 49
0.0
 49
0.0
 49
0.0
 49
0.0007999999797903
 49
0.0
 49
0.0
 49
0.0
 49
0.0
 49
1.0
 49
0.0
 49
0.0
 49
0.0
 49
0.0
 49
1.0
142
0.0007999999797903
142
0.0
142
0.0
142
0.0
142
0.0
142
0.0007999999797903
142
0.0
142
0.0
142
0.0
142
0.0
142
1.0
142
0.0
142
0.0
142
0.0
142
0.0
142
1.0
144
0.0007999999797903
144
0.0
144
0.0
144
0.0
144
0.0
144
0.0007999999797903
144
0.0
144
0.0
144
0.0
144
0.0
144
1.0
144
0.0
144
0.0
144
0.0
144
0.0
144
1.0
 94
       63
1001
ACAD
1070
    -1
1070
     3
1070
     0
1000

1071
        0
1070
     0
  0
MLINESTYLE
  5
5C
102
{ACAD_REACTORS
330
4D
102
}
330
4D
100
AcDbMlineStyle
  2
STANDARD
 70
     0
  3

 62
   256
 51
90.0
 52
90.0
 71
     2
 49
0.5
 62
   256
  6
BYLAYER
 49
-0.5
 62
   256
  6
BYLAYER
  0
ACDBPLACEHOLDER
  5
8
102
{ACAD_REACTORS
330
9
102
}
330
9
  0
SCALE
  5
61
102
{ACAD_REACTORS
330
56
102
}
330
56
100
AcDbScale
 70
     0
300
1:1
140
1.0
141
1.0
290
     1
  0
SCALE
  5
62
102
{ACAD_REACTORS
330
56
102
}
330
56
100
AcDbScale
 70
     0
300
1:2
140
1.0
141
2.0
290
     0
  0
SCALE
  5
63
102
{ACAD_REACTORS
330
56
102
}
330
56
100
AcDbScale
 70
     0
300
1:4
140
1.0
141
4.0
290
     0
  0
SCALE
  5
64
102
{ACAD_REACTORS
330
56
102
}
330
56
100
AcDbScale
 70
     0
300
1:5
140
1.0
141
5.0
290
     0
  0
SCALE
  5
65
102
{ACAD_REACTORS
330
56
102
}
330
56
100
AcDbScale
 70
     0
300
1:8
140
1.0
141
8.0
290
     0
  0
SCALE
  5
66
102
{ACAD_REACTORS
330
56
102
}
330
56
100
AcDbScale
 70
     0
300
1:10
140
1.0
141
10.0
290
     0
  0
SCALE
  5
67
102
{ACAD_REACTORS
330
56
102
}
330
56
100
AcDbScale
 70
     0
300
1:16
140
1.0
141
16.0
290
     0
  0
SCALE
  5
68
102
{ACAD_REACTORS
330
56
102
}
330
56
100
AcDbScale
 70
     0
300
1:20
140
1.0
141
20.0
290
     0
  0
SCALE
  5
69
102
{ACAD_REACTORS
330
56
102
}
330
56
100
AcDbScale
 70
     0
300
1:30
140
1.0
141
30.0
290
     0
  0
SCALE
  5
6A
102
{ACAD_REACTORS
330
56
102
}
330
56
100
AcDbScale
 70
     0
300
1:40
140
1.0
141
40.0
290
     0
  0
SCALE
  5
6B
102
{ACAD_REACTORS
330
56
102
}
330
56
100
AcDbScale
 70
     0
300
1:50
140
1.0
141
50.0
290
     0
  0
SCALE
  5
6C
102
{ACAD_REACTORS
330
56
102
}
330
56
100
AcDbScale
 70
     0
300
1:100
140
1.0
141
100.0
290
     0
  0
SCALE
  5
6D
102
{ACAD_REACTORS
330
56
102
}
330
56
100
AcDbScale
 70
     0
300
2:1
140
2.0
141
1.0
290
     0
  0
SCALE
  5
6E
102
{ACAD_REACTORS
330
56
102
}
330
56
100
AcDbScale
 70
     0
300
4:1
140
4.0
141
1.0
290
     0
  0
SCALE
  5
6F
102
{ACAD_REACTORS
330
56
102
}
330
56
100
AcDbScale
 70
     0
300
8:1
140
8.0
141
1.0
290
     0
  0
SCALE
  5
70
102
{ACAD_REACTORS
330
56
102
}
330
56
100
AcDbScale
 70
     0
300
10:1
140
10.0
141
1.0
290
     0
  0
SCALE
  5
71
102
{ACAD_REACTORS
330
56
102
}
330
56
100
AcDbScale
 70
     0
300
100:1
140
100.0
141
1.0
290
     0
  0
TABLESTYLE
  5
5D
102
{ACAD_XDICTIONARY
360
5E
102
}
102
{ACAD_REACTORS
330
57
102
}
330
57
100
AcDbTableStyle
280
     0
  3
Standard
 70
     0
 71
     0
 40
1.5
 41
1.5
280
     0
281
     0
  7
Standard
140
4.5
170
     2
 62
     0
 63
     7
283
     0
 90
      512
 91
        0
  1

274
    -2
284
     1
 64
     0
275
    -2
285
     1
 65
     0
276
    -2
286
     1
 66
     0
277
    -2
287
     1
 67
     0
278
    -2
288
     1
 68
     0
279
    -2
289
     1
 69
     0
  7
Standard
140
6.0
170
     5
 62
     0
 63
     7
283
     0
 90
      512
 91
        0
  1

274
    -2
284
     1
 64
     0
275
    -2
285
     1
 65
     0
276
    -2
286
     1
 66
     0
277
    -2
287
     1
 67
     0
278
    -2
288
     1
 68
     0
279
    -2
289
     1
 69
     0
  7
Standard
140
4.5
170
     5
 62
     0
 63
     7
283
     0
 90
      512
 91
        0
  1

274
    -2
284
     1
 64
     0
275
    -2
285
     1
 65
     0
276
    -2
286
     1
 66
     0
277
    -2
287
     1
 67
     0
278
    -2
288
     1
 68
     0
279
    -2
289
     1
 69
     0
  0
VISUALSTYLE
  5
2B
102
{ACAD_REACTORS
330
2C
102
}
330
2C
100
AcDbVisualStyle
  2
2dWireframe
 70
     4
177
     3
291
     0
 70
    58
 90
        0
176
     1
 90
        2
176
     1
 90
        1
176
     1
 90
        0
176
     1
 40
0.6
176
     1
 40
30.0
176
     1
 62
     7
420
 16777215
176
     1
 90
        1
176
     1
 90
        4
176
     1
 62
     7
176
     1
 62
   257
176
     1
 90
        1
176
     1
 90
        1
176
     1
 40
1.0
176
     1
 90
        0
176
     1
 62
   257
176
     1
 40
1.0
176
     1
 90
        1
176
     1
 90
        6
176
     1
 90
        2
176
     1
 62
     7
176
     1
 90
        5
176
     1
 90
        0
176
     1
 90
        0
176
     1
290
     0
176
     1
 90
        1
176
     1
 40
0.0
176
     1
 90
        0
176
     1
290
     1
176
     1
290
     1
176
     1
290
     0
176
     1
290
     0
176
     1
290
     0
176
     1
290
     0
176
     1
290
     0
176
     1
290
     0
176
     1
290
     0
176
     1
 90
       50
176
     1
 40
0.0
176
     1
 40
1.0
176
     1
 90
        0
176
     1
 62
    18
176
     1
 90
       50
176
     1
 90
        3
176
     1
 62
     5
420
      255
176
     1
290
     0
176
     1
 90
       50
176
     1
 90
       50
176
     1
 90
       50
176
     1
290
     0
176
     1
 90
       50
176
     1
 62
   256
176
     0
 40
1.0
176
     0
 90
        2
176
     1
  1
strokes_ogs.tif
176
     1
290
     0
176
     1
 40
1.0
176
     1
 40
1.0
176
     1
1001
ACAD
1000
AcDbSavedByObjectVersion
1070
     0
  0
VISUALSTYLE
  5
5F
102
{ACAD_REACTORS
330
2C
102
}
330
2C
100
AcDbVisualStyle
  2
Realistic
 70
     8
177
     3
291
     0
 70
    58
 90
        2
176
     1
 90
        2
176
     1
 90
        0
176
     1
 90
        2
176
     1
 40
0.6
176
     1
 40
30.0
176
     1
 62
     7
420
 16777215
176
     1
 90
        0
176
     1
 90
        0
176
     1
 62
     7
176
     1
 62
   257
176
     1
 90
        1
176
     1
 90
        1
176
     1
 40
1.0
176
     1
 90
        8
176
     1
 62
   257
176
     1
 40
1.0
176
     1
 90
        1
176
     1
 90
        6
176
     1
 90
        2
176
     1
 62
     7
176
     1
 90
        3
176
     1
 90
        0
176
     1
 90
        0
176
     1
290
     0
176
     1
 90
       13
176
     1
 40
0.0
176
     1
 90
        0
176
     1
290
     0
176
     1
290
     1
176
     1
290
     1
176
     1
290
     0
176
     1
290
     0
176
     1
290
     0
176
     1
290
     0
176
     1
290
     0
176
     1
290
     0
176
     1
 90
       50
176
     1
 40
0.0
176
     1
 40
1.0
176
     1
 90
        0
176
     1
 62
    18
176
     1
 90
       50
176
     1
 90
        3
176
     1
 62
     5
420
      255
176
     1
290
     0
176
     1
 90
       50
176
     1
 90
       50
176
     1
 90
       50
176
     1
290
     0
176
     1
 90
       50
176
     1
 62
   256
176
     0
 40
1.0
176
     0
 90
        2
176
     1
  1
strokes_ogs.tif
176
     1
290
     0
176
     1
 40
1.0
176
     1
 40
1.0
176
     1
1001
ACAD
1000
AcDbSavedByObjectVersion
1070
     0
  0
VISUALSTYLE
  5
60
102
{ACAD_REACTORS
330
2C
102
}
330
2C
100
AcDbVisualStyle
  2
Wireframe
 70
     5
177
     3
291
     0
 70
    58
 90
        0
176
     1
 90
        2
176
     1
 90
        0
176
     1
 90
        0
176
     1
 40
0.6
176
     1
 40
30.0
176
     1
 62
     7
420
 16777215
176
     1
 90
        1
176
     1
 90
        4
176
     1
 62
     7
176
     1
 62
   257
176
     1
 90
        1
176
     1
 90
        1
176
     1
 40
1.0
176
     1
 90
        0
176
     1
 62
   257
176
     1
 40
1.0
176
     1
 90
        1
176
     1
 90
        6
176
     1
 90
        2
176
     1
 62
     7
176
     1
 90
        3
176
     1
 90
        0
176
     1
 90
        0
176
     1
290
     0
176
     1
 90
        1
176
     1
 40
0.0
176
     1
 90
        0
176
     1
290
     0
176
     1
290
     1
176
     1
290
     1
176
     1
290
     0
176
     1
290
     0
176
     1
290
     0
176
     1
290
     0
176
     1
290
     0
176
     1
290
     0
176
     1
 90
       50
176
     1
 40
0.0
176
     1
 40
1.0
176
     1
 90
        0
176
     1
 62
    18
176
     1
 90
       50
176
     1
 90
        3
176
     1
 62
     5
420
      255
176
     1
290
     0
176
     1
 90
       50
176
     1
 90
       50
176
     1
 90
       50
176
     1
290
     0
176
     1
 90
       50
176
     1
 62
   256
176
     0
 40
1.0
176
     0
 90
        2
176
     1
  1
strokes_ogs.tif
176
     1
290
     0
176
     1
 40
1.0
176
     1
 40
1.0
176
     1
1001
ACAD
1000
AcDbSavedByObjectVersion
1070
     0
  0
DICTIONARYVAR
  5
122
102
{ACAD_REACTORS
330
11D
102
}
330
11D
100
DictionaryVariables
280
     0
  1
1:1
  0
DICTIONARYVAR
  5
11F
102
{ACAD_REACTORS
330
11D
102
}
330
11D
100
DictionaryVariables
280
     0
  1
STANDARD
  0
DICTIONARYVAR
  5
11E
102
{ACAD_REACTORS
330
11D
102
}
330
11D
100
DictionaryVariables
280
     0
  1
STANDARD
  0
DICTIONARYVAR
  5
120
102
{ACAD_REACTORS
330
11D
102
}
330
11D
100
DictionaryVariables
280
     0
  1

  0
DICTIONARYVAR
  5
121
102
{ACAD_REACTORS
330
11D
102
}
330
11D
100
DictionaryVariables
280
     0
  1

  0
DICTIONARY
  5
18
330
16
100
AcDbDictionary
280
     1
281
     1
  0
DICTIONARY
  5
53
330
52
100
AcDbDictionary
280
     1
281
     1
  3
FBXASSET
360
54
  0
DICTIONARY
  5
50
330
4F
100
AcDbDictionary
280
     1
281
     1
  3
FBXASSET
360
51
  0
DICTIONARY
  5
D
330
B
100
AcDbDictionary
280
     1
281
     1
  3
BUMPTILE
360
E
  3
DIFFUSETILE
360
F
  3
FBXASSET
360
10
  3
OPACITYTILE
360
11
  3
REFLECTIONTILE
360
12
  0
DICTIONARY
  5
5E
330
5D
100
AcDbDictionary
280
     1
281
     1
  3
ACAD_ROUNDTRIP_2008_TABLESTYLE_CELLSTYLEMAP
360
123
  0
XRECORD
  5
54
102
{ACAD_REACTORS
330
53
102
}
330
53
100
AcDbXrecord
280
     1
 70
     1
 90
429727718
  1
D62C5603-E3A1-4AEA-B7FB-FE5D8D0755AF
310
504B03040A0000080000CC70623B3DEE336E79000000790000001B0000006175746F6465736B2D64657369676E2D7061636B6167652E786D6C3C3F786D6C2076657273696F6E3D22312E302220656E636F64696E673D227574662D3822203F3E3C666F726D6174733E3C666F726D61743E687474703A2F2F736368656D612E
310
6175746F6465736B2E636F6D2F64657369676E2D7061636B6167652F323030393C2F666F726D61743E3C2F666F726D6174733E504B0304140006080800CC70623BD486FD9CA0000000F4000000130000005B436F6E74656E745F54797065735D2E786D6C7D8EC10E82300C865F65E91D8A1E8C310C0EEA1BF002731658846E
310
D98AC1B77784ABF1D8FE5FBFBF75BBCE937A534CCEB38643598122B6FEE978D0B0485F9C41B54DDD7D022595594E1A469170414C76A4D9A4D207E29CF43ECE46F218070CC6BECC4078ACAA135ACF422C856C0E68EA1BF5669944DDD7BCDE7B1F8E415D77AECB980613C2E4AC91FC167A2B244592486606FC29C8FD7F045B9A
310
EF7053A7E60B504B0304140006080800CC70623B853B8169EB0000007C01000008000000636F72652E786D6C8D90416EC3201045AF62CDB6C206821CC7C244919D9CA01740401C94182C03558F5F9C3852BBEB6A467FFE9B197D7EFC9E1EC5975982F5AE035262288C535E5B377690E21535501C055FBC8FBF6C503839990E
310
5619041F179FE64D52DE45E362569DD7661365082642A11EB9E920A89B99642953CC8E702F67A9EE7234257977194EC9EAE275C4EABCCF5EAD5940D4AC6F0E35A568B8F43562CD7046CD199FD07E60174276A7BE677B5EADB0E0D14EEFFB6A31321A0D82627C4084204C3F096B71DD52F6819B16635EADF63F509AF53FA164
310
5DDCD1EDDD17164090FCC8732078B56691CB33A85CD7DCC40F504B0304140006080800CC70623B55019EA25F0000007C00000007000000636E782E786D6C4DCB3B0E80201045D1AD90E915ED2CF8AC45050C11660C8261F98AB1B07AC9C97D42D718D865D3E909258CFD00CCE24AC6E326A164D74DC0B4128928FF32603847
310
2BA13128B1252AC747C6BAB984FC68F0B87FE8960A5C09FE86CFB69FBA01504B0304140006080800CC70623BDBABAAF470010000D40300000C0000006662782F636F72652E786D6CC553D16E823014FD95A6AF4B694182CC941A83FA05FB810A9511A125A5257EFE2E82712ECEB8A7F100CD39F7F69E734AF9FADC366850B6
310
AF8DCE7018308C942E4C59EB2AC3DE1D498AD15A706B8CFB56869196ADCAF00863C12B6B7C374385D14E6907A836A59A41D9F7CA615434B0C8705F7CAA5606D23BA8E84F41278B93AC54100640439DE0BDB320004D43C63716C7C399D30917DCFBBA9CD9BA8469F5B156168B24CED3F7248AC8769F27244EB73B92EED8862C
310
B7F13E0C179B3C8F979C8ECD82BBBABDAA2BAC924E9558448CBD9330242CFA08E3154B5651FCC6D215639C8EE5774DBE2B5F6CF2B5768B68963BB5F5588420E442FC700B1139D4CB01F450C1E918227C2E09DF070D8140C84E1E9AAB8F1340832A9CB13130A5F1376A908D57309505ECF2A0DF179C4E9D30F5B239B87E3823
310
7A79C6F31DE1A8A5AEC08474B03C7837EAE4938639B44E5932B833D2C6B6B279CDC613877FA26EE21F4A2A4C63EC7F29A2F301D1F9F7A0E37D145F504B0304140006080800CC70623B9C113CC27E0000009D0000000B0000006662782F636E782E786D6C4DCCDF0A83201C86E15B91DFB94BFB330DD428C8FB886521330DA7
310
6397BF1A1DECE883878F57749FCDA1B7892F1BBC047A23808C7F84D9FA55424E0BE6803A256208E9EF06C84F9B91703228B1C690F78B66B34CD9A5439DF5CF0BFBF65E35BCA1B8D6A5C6F540381E886698B5741C695F9503EBA150A2F8958E3DC3EA0B504B0304140006080800CC70623B7DF2F77C2A010000120200003100
310
00006662782F41393633353835312D344632462D344230382D423046372D3739314545314133324237412F636F72652E786D6C8D51DB8EC22014FC15C2939B0D2DB4B45643319AE817EC0F6041255A68B86CFCFC856D4D76DF7CE190393373060EDB3DC707F856CE6B6B7A480A0C81328395DA5C7B18C3057510EC3873D686
310
3F34088C18550F330C39BB3A1BA7051AAC09CA84841A2BD5020AEF55806078A44B0FFD7053A328440C89E1EFC52486BBB8AA8214A99D789CF9E05200300FC927E4FB4D5B375D43103D5527440FB843077C5AA3F5861C8F645F5787F59E95B390B318B55CE45AA638FAA2957BD7248B390B7A7CC51F9C124149C82B8C378810
310
84AB2F42B7B8DD56F413775B8C5999E9FF4471926F8AA236A1AE96B8B3CC434E5839373893369E1FAF30EA395917409EB7F26AF8801C171837A4A6AC9C89E9F9C9B1A58BA30FD6A5EF5DDDCF894B9AD9B6A59C957943A9FCAE2FD5BC4DFE03504B0304140006080800CC70623BAD7543B64E01000033030000300000006662
310
782F41393633353835312D344632462D344230382D423046372D3739314545314133324237412F636E782E786D6CD593CD6EC32010845F0571AD6CE3D48AD20813A9873E410FBD12D82434182C7EAAE6EDBB2424CD25871E7B41D6EC30B3FA84F9E67BB2E40B4234DE8DB46F1925E094D7C6ED479AD3AE5951B2113C789FEE
310
6C943839C1488B4C05DF079FE72A69D8C96C13AAD6B8631503449F83828872B949AC57D26200B826A308D316B4064D6E46FCDA41C05550DC9E483A00797BFD207EFB092A45DE9514C1BBD22178396BD39D891265658C238DEA00936C654E5E433CB65A26D9F6EDB5EBC14EBF49A45CB856E66048291F6939A9A81BB5C89177
310
38143CA680F4AA299D66A042CEB3354A2684DC9D8D178FE0D9B8B41CAAD720F880EE7EF93C0C18769E099ECC04D5A102C8049A8A05632F4DDF376CF1DE0F6BB65C2F8627B65A33C6BB62177CEBBDAD973006829F89F22E814B54F4BC2BE347F8AA8F681390B50FA73F804400B5F542E796F19FF974E7F78DB802FE05E20750
310
4B0304140006080800CC70623BE75B7789680500003C100000340000006662782F41393633353835312D344632462D344230382D423046372D3739314545314133324237412F6F626A656374732E786D6CAD575B8F9B3818FD2B887D06C22499CB8AA1CA655245D5B455A356FB305264C061D8018C6C3393D95FBFC7600890
310
A4CD5EF210B0B1BFEBF98E3F7B1FF6596ABC522E1296DF9BAE3D320D9A872C4AF2F8DE2CE5CEBA358D0FBEC719939D65A691938CDE9B6ADAF4BD98B3B2D05311DD91329583D9D5FC0F438434A7A611A644887B5384CF34233629258BA878B12322891DEFF6B66BD70BFB62634E8AE781D082709A4B588AF91C528CDA28B73F
310
1C998EEF39EABBEFA97FBD6A7C7E9553F9D3D79FE442923C3C523610337627CB87ABE99D359D4CC6D6E4FACAB5E6ABF9D2726FC6A3C5F56271377BB88362213924694B38DD99FE47C48627A1E7D49F5A8BB5E1A74C0A599ED3B0F21F1E56366B89112D681E218F0915D0D6F17AD41FBA2A369DCF6335D62ABBD39779D5DDD1
310
11D4D8DE3CBB96B2E04FB8202E41051754A1AA8E8F76B4C6DFE810B580B1547F4B84911149794252234D024EF8BBE963A95AE27B3D310A9D5C215C7960FAEE415ED75694C6AFB17BCACA5D99A60A9AA65F217B0BFC53292ACB92BF283FAD0D3621576592CB5BED907C2FA8E9DF794E35E97BEA31BED21FEB401ABB94C44839
310
DCACBF0E1C5DA8DA5B2F4DFFD32AD86F543D9E565E7056502E157C00AD2671CD534549AB752FCA9CDA00677A313F04E51B22FF19E57B300579E3C97EB29F682D92935CEC18CF901B7B54FD8C51F362B56FC72FE0B3C1EAE335EDCCBF5AEC39ADB17DC238973F804BA5E6F6BFE7AF1FB32E523BE9F3BD571418E3631DCA4D48
310
5250CF639223210A9446CA30052EDF057BD35F8329C1ECD84552BF0DC8D18BE7BCE23BFE6BD960AB4A7DE79923A103BEBD80F911CBAA2C60DB19B01CF164A5583B772EE6D3FFA56666CBCDA74DC97724A48F9A58967497E489C4D979006FD7A05E227A1EBDD0F737C623387A9C844D3709995625106D157315F8B8392CD4E0
310
A0B9A720C4BE9829CEF37EA1E13111214D53925356365ADA634861B52519DD27A00AEB808EAF0628E6F435519D446F45CF2C9CF5214F0A15B2F6D06B79DA3EE3CBF7F56780D2F4E7EF73A0F5E5B02A38D07DC852C6B7C1FBB6664213E0C39E3EBA7FF4E1AD23EA2829407C85E586727488B751B2DB9502BC7B228A3FD68B6E
310
A65A22397E690AA8D158D7E404EC8CDA235CC3B7D1898680131CEC2CDF2638C65196279577750F15884AEE19F94199155B92B13297978469D4F8D358DF0AEF7631E28DC8F0D9F437D5D39A83B2231A1D52D543813A824EF8D44BCFF2FA6A31BD1E8DAD87F1CCB526B3879935BF59CDADD5C37479BB1CDD4CA7B3556B516589
310
EF352754B706114D9C885EC9131DE6EFEB43D99AFE2391C2F958179413D7CFEF6B1B6DB1E7600F00DE6E5C67454A339A4BA2E0FBA85ED26F045D454F463DBFCE484C2F90F2E5E3666003662ED8F755951A7D1BECD5B30B550B2785C8E7320B7292A4838DDA71BBC863ED7613CAF659337A3354231D4FF4A182A54904C2898C
310
98B28C4AD0CE056CCF332A80986E571EE9DBC305BB5FEB7E509220A58D25CF042D712A806AC0AD0C657FDEF80D2D9CEAA2EE4D1C76F60BFE74219A06527D6F82DF6412526107381E55E353090704D085B52408A8913C4ED159D79BDA71BB4BC506F4831350EB6F975CD22D69BF7AC49B91A2C0A9DDA3D5CA36AD20FC478E37
310
E61844E2352865EBCB61A275A65283CAAA9DD27703B4102F5AF51EF5F573B75CBB5AD38BC845F7A49F82A0966A49C2E3EA5EA0ECD326CD965F1DB402C6FA8B51A4658C5C5E2EC9E214602E55810345408596591009A82E7E7FFACA19EEA299B14A0081A705CB3296EBC14CDF658DCD336EA6D1136881AAEB87B81AB9EE53D5
310
F5EB8BC8362082DA24122F98680A4E7930C01A0079749CEA14382A0783E5EBA5A10F8C098456A03D6A4AEB6BB881E2513747552A5DB22C7EDAF83BD5528081A365F7FF06504B0304140006080000CC70623B000000000000000000000000350000006662782F41393633353835312D344632462D344230382D423046372D37
310
39314545314133324237412F76657274696365732E62696E504B0304140006080800CC70623BF270F1330600000004000000360000006662782F41393633353835312D344632462D344230382D423046372D3739314545314133324237412F747269616E676C65732E62696E636660600000504B0304140006080000CC7062
310
3B000000000000000000000000370000006662782F41393633353835312D344632462D344230382D423046372D3739314545314133324237412F617474726962757465732E62696E504B0304140006080800CC70623B08DA0BD19000000041010000360000006662782F41393633353835312D344632462D344230382D4230
310
46372D3739314545314133324237412F6469726563746F72792E786D6C858F410AC3201045AF22B36F53E9A60B35CBEEBAE80D244E44489C6234F4F835464A48035D0DF398FF9F8AF63D0E6CC63039F212F8F9020C7D47C6792B21C5FE7403D62A1188E2E60C98D7234A5830286103A55745067B9D86B8A3CF9C7F90C11DE6
310
07FB144396D7B6A82D282E9A152AD114D5EF2CB866EEE831B8EEA07A7BB5A8D7D61A2BAAEB7FD5F70921FF497D00504B0304140006080800CC70623BEDD1DC58FD000000A00100003B0000006662782F41393633353835312D344632462D344230382D423046372D3739314545314133324237412F7265736F75726365732F
310
636F72652E786D6C8D504B6E833010BD0A9A6D65B00922041947112427E8052C33A156828DFCA97AFC9A40A576D7CDCCE87D344F8F9FBFE667F689CE6B6B3A6039850C8DB2A336530731DC4903D95970676DF82583CCC8193B5861107C72362E3BA4AC096842428D1D7107A5F7182053CF7474E0D507CE32973124857FE48B
310
540F3961CEF244279DE03EB81420DB9EAC1384436FA353E879B1B182C7A8C75DA3C7F453DF353A1075D537A7BA6464B8F535A99AE14A9A2BBD90E350DD183B5CFABE3AF262350B1EF4FC9351399401471025A527C218A1E53BAB5A5AB765F5469B96525EACF23FA6B88CFF34456DC2A1DCE36E360F82A5202F42F062ED2BAD
310
579969AFDD8A6F504B010214000A0000080000CC70623B3DEE336E79000000790000001B00000000000000000000000000000000006175746F6465736B2D64657369676E2D7061636B6167652E786D6C504B01021400140006080800CC70623BD486FD9CA0000000F40000001300000000000000000000000000B20000005B
310
436F6E74656E745F54797065735D2E786D6C504B01021400140006080800CC70623B853B8169EB0000007C010000080000000000000000000000000083010000636F72652E786D6C504B01021400140006080800CC70623B55019EA25F0000007C000000070000000000000000000000000094020000636E782E786D6C504B
310
01021400140006080800CC70623BDBABAAF470010000D40300000C00000000000000000000000000180300006662782F636F72652E786D6C504B01021400140006080800CC70623B9C113CC27E0000009D0000000B00000000000000000000000000B20400006662782F636E782E786D6C504B01021400140006080800CC70
310
623B7DF2F77C2A010000120200003100000000000000000000000000590500006662782F41393633353835312D344632462D344230382D423046372D3739314545314133324237412F636F72652E786D6C504B01021400140006080800CC70623BAD7543B64E010000330300003000000000000000000000000000D2060000
310
6662782F41393633353835312D344632462D344230382D423046372D3739314545314133324237412F636E782E786D6C504B01021400140006080800CC70623BE75B7789680500003C10000034000000000000000000000000006E0800006662782F41393633353835312D344632462D344230382D423046372D3739314545
310
314133324237412F6F626A656374732E786D6C504B01021400140006080000CC70623B0000000000000000000000003500000000000000000000000000280E00006662782F41393633353835312D344632462D344230382D423046372D3739314545314133324237412F76657274696365732E62696E504B01021400140006
310
080800CC70623BF270F133060000000400000036000000000000000000000000007B0E00006662782F41393633353835312D344632462D344230382D423046372D3739314545314133324237412F747269616E676C65732E62696E504B01021400140006080000CC70623B0000000000000000000000003700000000000000
310
000000000000D50E00006662782F41393633353835312D344632462D344230382D423046372D3739314545314133324237412F617474726962757465732E62696E504B01021400140006080800CC70623B08DA0BD1900000004101000036000000000000000000000000002A0F00006662782F41393633353835312D344632
310
462D344230382D423046372D3739314545314133324237412F6469726563746F72792E786D6C504B01021400140006080800CC70623BEDD1DC58FD000000A00100003B000000000000000000000000000E1000006662782F41393633353835312D344632462D344230382D423046372D3739314545314133324237412F7265
310
736F75726365732F636F72652E786D6C504B0506000000000E000E0080040000641100000000
  0
XRECORD
  5
51
102
{ACAD_REACTORS
330
50
102
}
330
50
100
AcDbXrecord
280
     1
 70
     1
 90
429727718
  1
30362254-06B7-45E0-A893-8CFA70E3D6BC
310
504B03040A0000080000CC70623B3DEE336E79000000790000001B0000006175746F6465736B2D64657369676E2D7061636B6167652E786D6C3C3F786D6C2076657273696F6E3D22312E302220656E636F64696E673D227574662D3822203F3E3C666F726D6174733E3C666F726D61743E687474703A2F2F736368656D612E
310
6175746F6465736B2E636F6D2F64657369676E2D7061636B6167652F323030393C2F666F726D61743E3C2F666F726D6174733E504B0304140006080800CC70623BD486FD9CA0000000F4000000130000005B436F6E74656E745F54797065735D2E786D6C7D8EC10E82300C865F65E91D8A1E8C310C0EEA1BF002731658846E
310
D98AC1B77784ABF1D8FE5FBFBF75BBCE937A534CCEB38643598122B6FEE978D0B0485F9C41B54DDD7D022595594E1A469170414C76A4D9A4D207E29CF43ECE46F218070CC6BECC4078ACAA135ACF422C856C0E68EA1BF5669944DDD7BCDE7B1F8E415D77AECB980613C2E4AC91FC167A2B244592486606FC29C8FD7F045B9A
310
EF7053A7E60B504B0304140006080800CC70623B1EC5D7A3EB0000007C01000008000000636F72652E786D6C8D90416EC3201045AF82665B6103C6756C6122AB4D4ED00B204C5C94182C03558F5F9C3852BBEB6A467FFE9B197D71FC9E6FE8CBACC17AD7032D0820E3B41FAD9B7A48F1820F808E52ACDEC75F36404ECDA687
310
4D0629A6D5A76597B477D1B89855E747B38B2A041301E95B6E7A08FAD3CCAA50296647B8168BD2573599823EBB0CA76447F43862C7BCCF5EAC59410E4DDD9C7973C2755553CCCFA4C603E3040F1565ED3B1FDE4E432BCA0D9622DAF9795FAF464533826484B498524CD807E51D79ED187F21878E10516EF63F505AC67F42C9
310
BA58B1FDDD071640D2FCC87D2045B96591CB3DA85CB7DCE40F504B0304140006080800CC70623B55019EA25F0000007C00000007000000636E782E786D6C4DCB3B0E80201045D1AD90E915ED2CF8AC45050C11660C8261F98AB1B07AC9C97D42D718D865D3E909258CFD00CCE24AC6E326A164D74DC0B4128928FF32603847
310
2BA13128B1252AC747C6BAB984FC68F0B87FE8960A5C09FE86CFB69FBA01504B0304140006080800CC70623B8C9102E971010000D40300000C0000006662782F636F72652E786D6CC5535B6E833010BC8AE5DF0A6C08340F1947A84D4ED00B38C6A128602363A31CBFCB234A53A551FA553EC09AD9F5CE8C31DB9E9B1AF5CA
310
7695D1198E428A91D2D214952E33ECDD315861B4E5CC1AE3BE9561A445A3323CC098B3D21ADFCE9034DA29ED00D5A6503328BA4E398C640D8B0C77F253352214DE4145770A5B214FA2546114020D759C75CE8200340D19DE981F0F6746269C33EFAB6266AB02A655C74A59CCF365BADC27CB5D902ED22848F6340DF238A141
310
BE88E2F57B92BFEDF23523433367AE6A2EEAA455C2A902F398D2751045018D3FA264435F3771F242571B4A1919CA6F9A7C5B3CD9E42BED16F12C776AEB308F40C848FC700B1139D4891EF410CEC810227CC6846F8386402064270EF5C5C709A05E49676C024C61FC95EA45ED154CA5211D1FF4FB8291A913A68E9B83EBBB33
310
E2A7673CDE118E5AE8124C0807CB8377834E366998436B950D7A7746DAD846D4CFD978E0F04FD455FC5D49D2D4C6FE9722321F10997F0F32DC47FE05504B0304140006080800CC70623BFFEA85907E0000009D0000000B0000006662782F636E782E786D6C4DCCD10A83201886E15B91FFDC95D95A811AB6F23E625948A6C3
310
E9D8E5AF46073BFAE0E1E365ED67B3E8ADC3CB78C7815C7240DA3DFC64DCC221C519D7805AC182F7F1EF06C88D9BE6703008B6049F9E274D7A1E938DBB5AE3D6131B2589BA0D3D965551E0B2EA732C9B9A624AAEB41E3A557677029960D9AFB4EF11165F504B0304140006080800CC70623B4FEEA4082C0100001202000031
310
0000006662782F39464131463745442D413632322D343644302D413938332D3331353338454246344243312F636F72652E786D6C8D515B6EC32010BC0AE2AB55850DD871ED0813254D72825EC00192A2C460F1A872FC42ED48ED5F7E00CDCECCCEB26C731F6FE05B39AFADE921293004CA082BB5B9F43086336A21D870E6AC
310
0D7F68109861543DCC30E4ECE26C9C164858139409093556AA051CBC570102714B8F1E7AF1A5C6A11862480C7F2DA6415C878B2A4891CA89C7990F2E050073937C42DE1DB7E4F87ED8A36D4329AA9B3D46DBAEAD504556557BD81DEBDD0761E52CE42C462D17B996298E3E6BE59E35C962CE821E1FF18553435012728A7187
310
0841987E927A8D9B35ADDF70BBC6989599FE4F1427F9A4286A132ABAC49D651EF234CD5CE04CDA78BA3DC2A8FB645D00B9DF8B57E215725C60BCA2A463E54C4CE327C7A65E1C7DB02E7DEFCBF594B864C5CA6CDBD49C957943E9FA5D5FBAF336F90F504B0304140006080800CC70623BAD7543B64E01000033030000300000
310
006662782F39464131463745442D413632322D343644302D413938332D3331353338454246344243312F636E782E786D6CD593CD6EC32010845F0571AD6CE3D48AD20813A9873E410FBD12D82434182C7EAAE6EDBB2424CD25871E7B41D6EC30B3FA84F9E67BB2E40B4234DE8DB46F1925E094D7C6ED479AD3AE5951B2113C
310
789FEE6C943839C1488B4C05DF079FE72A69D8C96C13AAD6B8631503449F83828872B949AC57D26200B826A308D316B4064D6E46FCDA41C05550DC9E483A00797BFD207EFB092A45DE9514C1BBD22178396BD39D891265658C238DEA00936C654E5E433CB65A26D9F6EDB5EBC14EBF49A45CB856E66048291F6939A9A81BB5
310
C8917738143CA680F4AA299D66A042CEB3354A2684DC9D8D178FE0D9B8B41CAAD720F880EE7EF93C0C18769E099ECC04D5A102C8049A8A05632F4DDF376CF1DE0F6BB65C2F8627B65A33C6BB62177CEBBDAD973006829F89F22E814B54F4BC2BE347F8AA8F681390B50FA73F804400B5F542E796F19FF974E7F78DB802FE05
310
E207504B0304140006080800CC70623B16AB87BA640500003C100000340000006662782F39464131463745442D413632322D343644302D413938332D3331353338454246344243312F6F626A656374732E786D6CAD575B6FA33818FD2B887DE6924B3BED8A326A92B68A663B534DD4D13E548A0C38942D60649B369D5FBFC7
310
600890A493BDE42160637FD7F31D7FF63E6FB3D478A55C242CBF3247B66B1A340F5994E4F19559CA8D75611A9F7D8F33263BCB4C232719BD32D5B4E97B316765A1A722BA21652A07B3B7B33F0D11D29C9A46981221AE4C113ED38CD8A4942CA2E2C58E882476BCD9DA23BB5ED8171B73523C0F841684D35CC252CCE79062D4
310
468DFA43D7747CCF51DF7D4FFDEB5593E3AB9CCA9FBEFE241792E4E19EB28198C968BAB8199F5D5A67D3E9C49A9E8F47D6EC76B6B0469F26EEFC7C3EBFBCBEB98462213924694B38DD98FE1D62C393D073EA4FADC5DAF04326852CCF6958F90F0F2B9BB5C48816348F90C7840A68EB78EDF68723159BCEE7891A6B95DDE9D3
310
BCEAEEE8086A6C6F9E5D4B59F0175C10A7A0820BAA5055C7473B5AE3CFDD452D602CD5DF12616444529E90D448938013FE6EFA58AA96F85E4F8C42275708571E98FE6827AF6B2B4AE3D7D83D64E5A64C53054DD3AF90BD06FEA9149565C94FCA0F6B834DC85599E4F2423B24DF0B6AFA979E534DFA9E7A4CC6FA631D486393
310
921829879BF5D781A373557BCB85E97FB90DB62B558F8795179C15944B051F40AB495CF35451D26A4727654E6D8033BD98EF82F21D91FF8AF2DD9982BCF1643BDD4EB516C9492E368C67C88DED563FC36D5EACF66DFF057C3658BDBFA69DF9578B3DA735B64F18C7F20770A9D45CFCF7FCF563D6456A277DBEF78A02637CA2
310
43B90A490AEAB94F72244481D24819A6C0E59B606BFA4B3025981DBB48EAB701D97BF19C577CC77F2D1B6C55A9EF3C732474C0B727303F625995056C3B02963D9EAC146BE78EC5FCEC7FA999EBC5EACBAAE41B12D27B4D2C0BBA49F244E2ECDC81B76B502F113D8F5EE8FB1BE3111CDD4FC2AA9B844CAB1288B68AB90A7CDC
310
1C166AB0D3DC5310625FCC14E779BFD0709F8890A629C9292B1B2DED31A4B0DA928CEE135085754027E3018A397D4D5427D15BD1330B677DC8934285AC3DF45A9EB68FF8F2B8FC0A509AFEECFD0FF2DE25CC6047F7214B195F07EFEB9A094D800F7BFAE8FED187B78EA8A3A400F115961BCAD1215E47C966530AF0EE8128FE
310
58CEBB996A8964FFA529A046635D9353B0336A8F700DDF46271A024E70B0B37C9DE01847591E54DED53D54202AB947E4076556AC49C6CA5C9E1226B7F1A7B1BE15DEED62C41B91E1B3E9AFAAA735036547343A925075041DF0A9979E893B391F8FCFA6967B3EFB644DCF6E5CEBFAE272625DCC6FAF3FB93793C5F90CE1EF57
310
407342756B10D1C489E8953CD1617E5CEECAD6F4EF8914CE5D5D504E5C3F1F9736DA62CFC11E00BCDDB8CC8A9466349744C1F75EBDA4DF09BA8A9E8C7A7E9991989E20E5DBDD6A6003664ED8F7A04A8DBE0DF6EAD9B9AA858342E47399053949D2C146EDB85DE4B176BB0965FBAC19BD19AA918E27FA50C1D22402E144464C
310
59462568E704B6E71915404CB72B8FF4EDE184DDAF753F284990D2C6926782963815403548A70C657FDEF80D2D9CEAA2AE4C1C76F60BFE74219A06527D6582DF6412526107381E55E353090704D085B52408D0933C4ED159D79BDA71BB4BC506F4831350EB6F979CD22D69BF7AC49B91A2C0A9DDA3D5CA36AD20FC478E37E6
310
1844E2352865EBCB6EA275A652E3836BE04EFB400BF1A2556F515F1FBB35B2AB35BD889C744FFA1004B5544B121E57F70215746DD2F5E2C1412B602CBF19455AC6C8E5E9922C4E01E65215385004546899059180EAFCF7A707CE7017CD8CDB0410789AB32C63B91E5CEBBBACB17AC6CD347A022D5075FD106377347AAABA7E
310
7D11590744509B44E205134DC1290F06580320F78E537D3D73540E06CB970B431F185308AD40BBD794D6D77003C5A36E8EAA54BA64597CD8F83BD552A080A365F7FF06504B0304140006080000CC70623B000000000000000000000000350000006662782F39464131463745442D413632322D343644302D413938332D3331
310
353338454246344243312F76657274696365732E62696E504B0304140006080800CC70623BF270F1330600000004000000360000006662782F39464131463745442D413632322D343644302D413938332D3331353338454246344243312F747269616E676C65732E62696E636660600000504B0304140006080000CC70623B
310
000000000000000000000000370000006662782F39464131463745442D413632322D343644302D413938332D3331353338454246344243312F617474726962757465732E62696E504B0304140006080800CC70623B08DA0BD19000000041010000360000006662782F39464131463745442D413632322D343644302D413938
310
332D3331353338454246344243312F6469726563746F72792E786D6C858F410AC3201045AF22B36F53E9A60B35CBEEBAE80D244E44489C6234F4F835464A48035D0DF398FF9F8AF63D0E6CC63039F212F8F9020C7D47C6792B21C5FE7403D62A1188E2E60C98D7234A5830286103A55745067B9D86B8A3CF9C7F90C11DE607
310
FB144396D7B6A82D282E9A152AD114D5EF2CB866EEE831B8EEA07A7BB5A8D7D61A2BAAEB7FD5F70921FF497D00504B0304140006080800CC70623B0D6EF93BFE000000A00100003B0000006662782F39464131463745442D413632322D343644302D413938332D3331353338454246344243312F7265736F75726365732F63
310
6F72652E786D6C8D50596E833010BD0A9ADFCA60B334011947A8694ED00B586642AC041B79A97AFC9A40A5F6AF3F33A3B7689E1E3F7DCD8FEC139DD7D6F4C0720A191A65476DA61E62B892236427C19DB5E1970C322367EC618541F0C9D9B8EC90B226A009093576C41D94DE63804C3DD2D18357379C652E63480A7FCF17A9
310
EE72C29CE5894E3AC17D702940B63D59270887DE46A7D0F36263058F518FBB468FE9A7BE6A7420864373B8D4873369AA8691FA421B3294352543C5CAF65C0F6FEF43CB8BD52C78D0F34F46E550061C419494B6843142CB0F5677F4B52BEB177AEC28E5C52AFF638ACBF84F53D42654E51E77B379102C05791282176B5F693D
310
CB4C7BED567C03504B010214000A0000080000CC70623B3DEE336E79000000790000001B00000000000000000000000000000000006175746F6465736B2D64657369676E2D7061636B6167652E786D6C504B01021400140006080800CC70623BD486FD9CA0000000F40000001300000000000000000000000000B20000005B
310
436F6E74656E745F54797065735D2E786D6C504B01021400140006080800CC70623B1EC5D7A3EB0000007C010000080000000000000000000000000083010000636F72652E786D6C504B01021400140006080800CC70623B55019EA25F0000007C000000070000000000000000000000000094020000636E782E786D6C504B
310
01021400140006080800CC70623B8C9102E971010000D40300000C00000000000000000000000000180300006662782F636F72652E786D6C504B01021400140006080800CC70623BFFEA85907E0000009D0000000B00000000000000000000000000B30400006662782F636E782E786D6C504B01021400140006080800CC70
310
623B4FEEA4082C0100001202000031000000000000000000000000005A0500006662782F39464131463745442D413632322D343644302D413938332D3331353338454246344243312F636F72652E786D6C504B01021400140006080800CC70623BAD7543B64E010000330300003000000000000000000000000000D5060000
310
6662782F39464131463745442D413632322D343644302D413938332D3331353338454246344243312F636E782E786D6C504B01021400140006080800CC70623B16AB87BA640500003C1000003400000000000000000000000000710800006662782F39464131463745442D413632322D343644302D413938332D3331353338
310
454246344243312F6F626A656374732E786D6C504B01021400140006080000CC70623B0000000000000000000000003500000000000000000000000000270E00006662782F39464131463745442D413632322D343644302D413938332D3331353338454246344243312F76657274696365732E62696E504B01021400140006
310
080800CC70623BF270F133060000000400000036000000000000000000000000007A0E00006662782F39464131463745442D413632322D343644302D413938332D3331353338454246344243312F747269616E676C65732E62696E504B01021400140006080000CC70623B0000000000000000000000003700000000000000
310
000000000000D40E00006662782F39464131463745442D413632322D343644302D413938332D3331353338454246344243312F617474726962757465732E62696E504B01021400140006080800CC70623B08DA0BD190000000410100003600000000000000000000000000290F00006662782F39464131463745442D413632
310
322D343644302D413938332D3331353338454246344243312F6469726563746F72792E786D6C504B01021400140006080800CC70623B0D6EF93BFE000000A00100003B000000000000000000000000000D1000006662782F39464131463745442D413632322D343644302D413938332D3331353338454246344243312F7265
310
736F75726365732F636F72652E786D6C504B0506000000000E000E0080040000641100000000
  0
XRECORD
  5
E
102
{ACAD_REACTORS
330
D
102
}
330
D
100
AcDbXrecord
280
     1
270
     1
271
     1
  0
XRECORD
  5
F
102
{ACAD_REACTORS
330
D
102
}
330
D
100
AcDbXrecord
280
     1
270
     1
271
     1
  0
XRECORD
  5
10
102
{ACAD_REACTORS
330
D
102
}
330
D
100
AcDbXrecord
280
     1
 70
     0
 90
1673772943
  1
ECE7A1D2-D628-4531-984C-D00F80459256
310
504B03040A0000080000CC70623B3DEE336E79000000790000001B0000006175746F6465736B2D64657369676E2D7061636B6167652E786D6C3C3F786D6C2076657273696F6E3D22312E302220656E636F64696E673D227574662D3822203F3E3C666F726D6174733E3C666F726D61743E687474703A2F2F736368656D612E
310
6175746F6465736B2E636F6D2F64657369676E2D7061636B6167652F323030393C2F666F726D61743E3C2F666F726D6174733E504B0304140006080800CC70623BD486FD9CA0000000F4000000130000005B436F6E74656E745F54797065735D2E786D6C7D8EC10E82300C865F65E91D8A1E8C310C0EEA1BF002731658846E
310
D98AC1B77784ABF1D8FE5FBFBF75BBCE937A534CCEB38643598122B6FEE978D0B0485F9C41B54DDD7D022595594E1A469170414C76A4D9A4D207E29CF43ECE46F218070CC6BECC4078ACAA135ACF422C856C0E68EA1BF5669944DDD7BCDE7B1F8E415D77AECB980613C2E4AC91FC167A2B244592486606FC29C8FD7F045B9A
310
EF7053A7E60B504B0304140006080800CC70623BD9DDAED0EC0000007C01000008000000636F72652E786D6C8D90416EC3201045AF82665B61836D9CD8C2444DD39CA01740405C94182C03558F5F9C3852BBEB6A467FFE9B197D7EF89E6EE8CB2CC17A37002D0820E394D7D68D03A478C17B4007C117EFE32F1B20272733C0
310
2A83E0E3E2D3BC49CABB685CCCAAF3DA6CA20CC14440EA969B0182FA34932C648AD911AEC52CD5558EA6A0CF2EC329598D1E47ACCEFBECC59A050463A7EA5833865FEBDD0E37353BE3EE8DBDE3F6786A48D375FBF6CC78B9C282473B3DEFABC5C86834888A900E538A49F5419B9EB47DD5BC907D4F082F57FB1F28CDFA9F50
310
B22ED6D5F6EE030B20687EE43E10BC5CB3C8E51E54AE6B6EE207504B0304140006080800CC70623B55019EA25F0000007C00000007000000636E782E786D6C4DCB3B0E80201045D1AD90E915ED2CF8AC45050C11660C8261F98AB1B07AC9C97D42D718D865D3E909258CFD00CCE24AC6E326A164D74DC0B4128928FF326038
310
472BA13128B1252AC747C6BAB984FC68F0B87FE8960A5C09FE86CFB69FBA01504B0304140006080800CC70623BA24EB22D72010000D40300000C0000006662782F636F72652E786D6CC5535B6E833010BC8AE5DF0A6C5E49888CA3A6694ED00B38E05014B091B1518EDFE511A5A9D228FD2A1F60CDEC7A67C6986DCE4D8D7A
310
69BA4AAB0C073EC548AA5C17952A33ECECD15B61B4E1CC686DBF9561A44423333CC098B3D268D7CE50AE9595CA02AA74216750749DB418E5352C32DCE59FB211BE70162ABA93DF8AFC244AE9073ED050C759670D0840D390E18DF9F1706664C23973AE2A66B62A605A75ACA4C13C4976E1364A12EF355A2EBD384AF65EFA96
310
BC7B8BED2EA6719AAE16FB8491A199335B351775B991C2CA02F390D2D40B028F861F41BCA68B7518BFD0D59A524686F29B26D7164F36B94AD9289CE54E6D1DE6010819891F6E21228B3AD1831EC219194284CF98F06DD01008846CC5A1BEF83801D4CBDC6A1303536877A57A513B0953A94FC707FDBE6064EA84A9E3E6E0FA
310
EE8CF0E9198F7784A316AA0413C2C2F2E0ECA0934D1AE6D05A69BCDE9E91D2A611F573361E38FC1375157F5752AE6B6DFE4B11990F88CCBF0719EE23FF02504B0304140006080800CC70623B408A7D3B7C0000009D0000000B0000006662782F636E782E786D6C4DCCD10A83201886E15B91FFDC552A92A0064DBC8F581632
310
D3703A76F9ABD1C18E3E78F878E5F0D9027ABBFCF2292AE86E2D20171F69F6715550CB827B40839639A5F2770314A7CD293819B45C73AAFB45B35BA61ACAA1C1C7E7855C58C15BC331339661262CC762340413D68D77DA5B42298546CBE6573AF60CEB2F504B0304140006080800CC70623B449FB9BD290100001202000031
310
0000006662782F36394639363044362D344446342D343946362D394244322D3234314243333846323333332F636F72652E786D6C8D515B6EC32010BC0AE22B55850D98B871848994463E412FE002495162B07854397EA176A4F62F3F2C9A9D991D587EB84F37F0AD7D30CEF6905418026DA553C65E7A98E219ED203808EE9D
310
8B7F6810D871D23D2C3014FCE25D9A57483A1BB58D19B54EE9151C43D0110279CB971E06F9A5A7B11A53CC8C70ADE6515EC78BAE4895DB992778883E0700CB907242D17643D7E2538BD869608875438BBAE38922CAC8F1BDD90DB4691A5E2F42C153326A951B95E398B3D1FE599322163C9AE9115F7A3D46ADA0A018778810
310
84E907617BDCEE297BC5BB3DC6BC2EF47FA234AB2745C9D8D8D035EE220B50105E2F0DC1954B9FB747187D9F9D8FA0CCDB042D5FA0C015C65B42DF78BD10F3F3B363CB56C7109DCFDFBBB97E662ED92EB62D13BC2E1BCAE5777DB9966D8A1F504B0304140006080800CC70623BAD7543B64E01000033030000300000006662
310
782F36394639363044362D344446342D343946362D394244322D3234314243333846323333332F636E782E786D6CD593CD6EC32010845F0571AD6CE3D48AD20813A9873E410FBD12D82434182C7EAAE6EDBB2424CD25871E7B41D6EC30B3FA84F9E67BB2E40B4234DE8DB46F1925E094D7C6ED479AD3AE5951B2113C789FEE
310
6C943839C1488B4C05DF079FE72A69D8C96C13AAD6B8631503449F83828872B949AC57D26200B826A308D316B4064D6E46FCDA41C05550DC9E483A00797BFD207EFB092A45DE9514C1BBD22178396BD39D891265658C238DEA00936C654E5E433CB65A26D9F6EDB5EBC14EBF49A45CB856E66048291F6939A9A81BB5C89177
310
38143CA680F4AA299D66A042CEB3354A2684DC9D8D178FE0D9B8B41CAAD720F880EE7EF93C0C18769E099ECC04D5A102C8049A8A05632F4DDF376CF1DE0F6BB65C2F8627B65A33C6BB62177CEBBDAD973006829F89F22E814B54F4BC2BE347F8AA8F681390B50FA73F804400B5F542E796F19FF974E7F78DB802FE05E20750
310
4B0304140006080800CC70623B8D05915C650500003B100000340000006662782F36394639363044362D344446342D343946362D394244322D3234314243333846323333332F6F626A656374732E786D6CAD575B6FA33814FE2B887D06429276DA1565D4266D158D3A339A6846FB502932E050B66023DB74D2FDF5FB190C01
310
9276B2973C046C8ECFF53B17071F77456EBD502133CEAE6CDF9DD81665314F32965ED995DA3A17B6F5310C04E7AA47665B8C14F4CAD6DB7618A48257A5D94AE89654B91AEDDEDDFC61C998326A5B714EA4BCB265FC440BE2924AF184CA6737218AB8E976E7FA6E4338649B0A523E8D98964450A6A029F619B8588D52FE7039
310
B1BD30F0F4F730D0FF866AF6369557DB33949F31A9088B0F848DD8CCFCF9F2767A76E99CCDE733677E3EF59D9BBB9BA5E37F984D16E78BC5E5F5ED25044B25C0C96822E8D60EEFE11B91C581D77CEA34368A1F5329E68CD1B8B61F16D63A1B8E092D294B10C78C4A48EB593D192E7DED9BDEE7995E1B91FDEDD3ACEA9FE831
310
6A756F9F7D4D79F4274C90A7A04248AA51D5F8C718DAE06FB2F75AC4796EBE65D22A88A22223B995679120E2D50E41AA49C260C046A35368846B0BECD0DFF3EBEB8AD4F835768F69B9ADF25C43D30E6B646F807FAA64AD59F61715C7A54127C4AACA98BA3006A9D792DAE165E0D59B61A01FB3A9F9D838D2DAE62445C86166
310
F37564E842E7DE6A69879FEEA2DD5AE7E371E1A5E025154AC307D06A03D73EB5978C58FFA4C8E9033066E0F3BD53BEC1F39F91BE7B55103791EDE6BBB991A2046172CB4581D8B893FA674DDA17A77B3B7C413D1B511FD2743BFF8A38F03A658705E3ADF8015C3A3417FF3D7E439FF591DA0B5F18BC20C1B8981957AE6392A3
310
F43C640C01D1A0B4728E2DD4F26DB4B3C3152A252A3B4E913CEC1C72F012782FF88EFF8637AA552DBEF76408E8A8DE9E50F9E1CB3A2DA0DB1B6039A893B56063DC5B3E3FFB5F72E67AB9FEB4AEC496C4F4C1149625DD662C53E89D7BF0F6151A046260D1337DFDC94502430F83B0EE07A130A224BCAD7DAE1D9FB6CD422FF6
310
920702629C4BB9AE79C12F243C6432A6794E18E5552BA56B431AAB5D91317302B2B071E86C3A42B1A02F999E24061403B5D0EB639195DA655DD3EBEAB4FB862DDF579F014AD0E73C22F99E28DA57FB98E75C6CA2D74D53086D600F4786E0FE3144B771A8A7B900F03594DB8A633CBC49B2EDB69228BB479CF863B5E807AAAB
310
23872F6DFEB4129B949CA33823F58830E86D65621E10047D9DB34D862E8EAC3C2ABC2F7B2C40D67CDFE01F5545B92105AF983AC54D93D69E56FB8E797F88913F898A9FEC705D3F9D1B54EC8426FB500D40A03BD0119B06E1B95DDC7EB8F6975367793EBD70E66733DFB9BC982F9CE564727731999F5D4ECFCE3B8D6A4DC2A0
310
6D50FD148437D110834A64C6CDDF57FBACB5C307A2A477DFE4939736CFEF2B175371E0E10CF0DD1D5C15654E0BCA14D1E87DD02FF93782A162C0A3D95F1524A52770F972BF1EE9809D13CE7DD599467F8ECE9ADD85CE85A34CD45355448C64F9E8A031DC2D596ACC6E5DD93D9B82DE2EF5CAF81363A8E47996A0DE24564A79
310
4115AACE09C55E14540231FDA13C319787134EBF34E3A022514E5B4D9E0826E25C02D5805B15ABE1BEF51B26383D445DD9E875EE33FE4C22DA16427D65A3BCA92CA6D28DD01DF5DC53330704308475351050232CCD31583787BA75774AFB06E5070DD0C8EF484E19968C5D83BA5B90B244D31E54D55A372320FE4786B7EA58
310
44E135AA5467CB7EA333A61683CC6A8C3257034C10CF46F40EF9F5BE59BE5BD30C3C72D235E95D10345C1D45445A5F0BB47E46A5EBE5570F9380B5FA629579952296A773720405982B9DE04011506178964401AA8BDF1FBF0A8EAB6861DD6580C0E38217056766716DAEB2D6FA0917D3E4116581EADB879C4E7CFFB11EFACD
310
3D641311495D92C8676CB409A72D18610D803CE8A626049E8EC1887CB5B44CC39883690DDA8399B4B9855B481E7D71D4A9D22F96E5BB73BF5793020C02137BF837504B0304140006080000CC70623B000000000000000000000000350000006662782F36394639363044362D344446342D343946362D394244322D32343142
310
43333846323333332F76657274696365732E62696E504B0304140006080800CC70623BF270F1330600000004000000360000006662782F36394639363044362D344446342D343946362D394244322D3234314243333846323333332F747269616E676C65732E62696E636660600000504B0304140006080000CC70623B0000
310
00000000000000000000370000006662782F36394639363044362D344446342D343946362D394244322D3234314243333846323333332F617474726962757465732E62696E504B0304140006080800CC70623B08DA0BD19000000041010000360000006662782F36394639363044362D344446342D343946362D394244322D
310
3234314243333846323333332F6469726563746F72792E786D6C858F410AC3201045AF22B36F53E9A60B35CBEEBAE80D244E44489C6234F4F835464A48035D0DF398FF9F8AF63D0E6CC63039F212F8F9020C7D47C6792B21C5FE7403D62A1188E2E60C98D7234A5830286103A55745067B9D86B8A3CF9C7F90C11DE607FB14
310
4396D7B6A82D282E9A152AD114D5EF2CB866EEE831B8EEA07A7BB5A8D7D61A2BAAEB7FD5F70921FF497D00504B0304140006080800CC70623BCA768048FE000000A00100003B0000006662782F36394639363044362D344446342D343946362D394244322D3234314243333846323333332F7265736F75726365732F636F72
310
652E786D6C8D50596E833010BD0A9ADFCA60D600328E9AA639412F609909B1126CE4A5EAF16B0295DABFFECC8CDEA2797AECF8353F924FB44E193D409E5248504B332A3D0D10FC95B4901C39B3C6F85F3248B49871801506CE266BC2B243D2688FDA47549B11775038871E12F988C7004EDE7016A9083E2ADC3D5D84BC8B09
310
D33C8D74D471E6BC8D0192EDC93A815B742658898E651BCB59086ADC356A8C3FD555A1055ED7E7E254D615792D0F075295F585746FF53B694EE78A565DD736979A65AB9933AFE69F8CD2A2F038022F28ED489E135A7CE4554F9BBEA85E68DB53CAB255FEC71496F19FA6A0B42F8B3DEE6673C0F318E4497096AD7DC5F52C33
310
EEB55BFE0D504B010214000A0000080000CC70623B3DEE336E79000000790000001B00000000000000000000000000000000006175746F6465736B2D64657369676E2D7061636B6167652E786D6C504B01021400140006080800CC70623BD486FD9CA0000000F40000001300000000000000000000000000B20000005B436F
310
6E74656E745F54797065735D2E786D6C504B01021400140006080800CC70623BD9DDAED0EC0000007C010000080000000000000000000000000083010000636F72652E786D6C504B01021400140006080800CC70623B55019EA25F0000007C000000070000000000000000000000000095020000636E782E786D6C504B0102
310
1400140006080800CC70623BA24EB22D72010000D40300000C00000000000000000000000000190300006662782F636F72652E786D6C504B01021400140006080800CC70623B408A7D3B7C0000009D0000000B00000000000000000000000000B50400006662782F636E782E786D6C504B01021400140006080800CC70623B
310
449FB9BD290100001202000031000000000000000000000000005A0500006662782F36394639363044362D344446342D343946362D394244322D3234314243333846323333332F636F72652E786D6C504B01021400140006080800CC70623BAD7543B64E010000330300003000000000000000000000000000D20600006662
310
782F36394639363044362D344446342D343946362D394244322D3234314243333846323333332F636E782E786D6C504B01021400140006080800CC70623B8D05915C650500003B10000034000000000000000000000000006E0800006662782F36394639363044362D344446342D343946362D394244322D32343142433338
310
46323333332F6F626A656374732E786D6C504B01021400140006080000CC70623B0000000000000000000000003500000000000000000000000000250E00006662782F36394639363044362D344446342D343946362D394244322D3234314243333846323333332F76657274696365732E62696E504B010214001400060808
310
00CC70623BF270F13306000000040000003600000000000000000000000000780E00006662782F36394639363044362D344446342D343946362D394244322D3234314243333846323333332F747269616E676C65732E62696E504B01021400140006080000CC70623B00000000000000000000000037000000000000000000
310
00000000D20E00006662782F36394639363044362D344446342D343946362D394244322D3234314243333846323333332F617474726962757465732E62696E504B01021400140006080800CC70623B08DA0BD190000000410100003600000000000000000000000000270F00006662782F36394639363044362D344446342D
310
343946362D394244322D3234314243333846323333332F6469726563746F72792E786D6C504B01021400140006080800CC70623BCA768048FE000000A00100003B000000000000000000000000000B1000006662782F36394639363044362D344446342D343946362D394244322D3234314243333846323333332F7265736F
310
75726365732F636F72652E786D6C504B0506000000000E000E0080040000621100000000
  0
XRECORD
  5
11
102
{ACAD_REACTORS
330
D
102
}
330
D
100
AcDbXrecord
280
     1
270
     1
271
     1
  0
XRECORD
  5
12
102
{ACAD_REACTORS
330
D
102
}
330
D
100
AcDbXrecord
280
     1
270
     1
271
     1
  0
CELLSTYLEMAP
  5
123
102
{ACAD_REACTORS
330
5E
102
}
330
5E
100
AcDbCellStyleMap
 90
        3
300
CELLSTYLE
  1
TABLEFORMAT_BEGIN
 90
        5
170
     1
 91
        0
 92
    32768
 62
   257
 93
        1
300
CONTENTFORMAT
  1
CONTENTFORMAT_BEGIN
 90
        0
 91
        0
 92
      512
 93
        0
300

 40
0.0
140
1.0
 94
        5
 62
     0
340
22
144
6.0
309
CONTENTFORMAT_END
171
     1
301
MARGIN
  1
CELLMARGIN_BEGIN
 40
1.5
 40
1.5
 40
1.5
 40
1.5
 40
0.18
 40
0.18
309
CELLMARGIN_END
 94
        6
 95
        1
302
GRIDFORMAT
  1
GRIDFORMAT_BEGIN
 90
        0
 91
        1
 62
     0
 92
       -2
340
25
 93
        0
 40
1.125
309
GRIDFORMAT_END
 95
        2
302
GRIDFORMAT
  1
GRIDFORMAT_BEGIN
 90
        0
 91
        1
 62
     0
 92
       -2
340
25
 93
        0
 40
1.125
309
GRIDFORMAT_END
 95
        4
302
GRIDFORMAT
  1
GRIDFORMAT_BEGIN
 90
        0
 91
        1
 62
     0
 92
       -2
340
25
 93
        0
 40
1.125
309
GRIDFORMAT_END
 95
        8
302
GRIDFORMAT
  1
GRIDFORMAT_BEGIN
 90
        0
 91
        1
 62
     0
 92
       -2
340
25
 93
        0
 40
1.125
309
GRIDFORMAT_END
 95
       16
302
GRIDFORMAT
  1
GRIDFORMAT_BEGIN
 90
        0
 91
        1
 62
     0
 92
       -2
340
25
 93
        0
 40
1.125
309
GRIDFORMAT_END
 95
       32
302
GRIDFORMAT
  1
GRIDFORMAT_BEGIN
 90
        0
 91
        1
 62
     0
 92
       -2
340
25
 93
        0
 40
1.125
309
GRIDFORMAT_END
309
TABLEFORMAT_END
  1
CELLSTYLE_BEGIN
 90
        1
 91
        1
300
_TITLE
309
CELLSTYLE_END
300
CELLSTYLE
  1
TABLEFORMAT_BEGIN
 90
        5
170
     1
 91
        0
 92
        0
 62
   257
 93
        1
300
CONTENTFORMAT
  1
CONTENTFORMAT_BEGIN
 90
        0
 91
        0
 92
      512
 93
        0
300

 40
0.0
140
1.0
 94
        5
 62
     0
340
22
144
4.5
309
CONTENTFORMAT_END
171
     1
301
MARGIN
  1
CELLMARGIN_BEGIN
 40
1.5
 40
1.5
 40
1.5
 40
1.5
 40
0.18
 40
0.18
309
CELLMARGIN_END
 94
        6
 95
        1
302
GRIDFORMAT
  1
GRIDFORMAT_BEGIN
 90
        0
 91
        1
 62
     0
 92
       -2
340
25
 93
        0
 40
1.125
309
GRIDFORMAT_END
 95
        2
302
GRIDFORMAT
  1
GRIDFORMAT_BEGIN
 90
        0
 91
        1
 62
     0
 92
       -2
340
25
 93
        0
 40
1.125
309
GRIDFORMAT_END
 95
        4
302
GRIDFORMAT
  1
GRIDFORMAT_BEGIN
 90
        0
 91
        1
 62
     0
 92
       -2
340
25
 93
        0
 40
1.125
309
GRIDFORMAT_END
 95
        8
302
GRIDFORMAT
  1
GRIDFORMAT_BEGIN
 90
        0
 91
        1
 62
     0
 92
       -2
340
25
 93
        0
 40
1.125
309
GRIDFORMAT_END
 95
       16
302
GRIDFORMAT
  1
GRIDFORMAT_BEGIN
 90
        0
 91
        1
 62
     0
 92
       -2
340
25
 93
        0
 40
1.125
309
GRIDFORMAT_END
 95
       32
302
GRIDFORMAT
  1
GRIDFORMAT_BEGIN
 90
        0
 91
        1
 62
     0
 92
       -2
340
25
 93
        0
 40
1.125
309
GRIDFORMAT_END
309
TABLEFORMAT_END
  1
CELLSTYLE_BEGIN
 90
        2
 91
        1
300
_HEADER
309
CELLSTYLE_END
300
CELLSTYLE
  1
TABLEFORMAT_BEGIN
 90
        5
170
     1
 91
        0
 92
        0
 62
   257
 93
        1
300
CONTENTFORMAT
  1
CONTENTFORMAT_BEGIN
 90
        0
 91
        0
 92
      512
 93
        0
300

 40
0.0
140
1.0
 94
        2
 62
     0
340
22
144
4.5
309
CONTENTFORMAT_END
171
     1
301
MARGIN
  1
CELLMARGIN_BEGIN
 40
1.5
 40
1.5
 40
1.5
 40
1.5
 40
0.18
 40
0.18
309
CELLMARGIN_END
 94
        6
 95
        1
302
GRIDFORMAT
  1
GRIDFORMAT_BEGIN
 90
        0
 91
        1
 62
     0
 92
       -2
340
25
 93
        0
 40
1.125
309
GRIDFORMAT_END
 95
        2
302
GRIDFORMAT
  1
GRIDFORMAT_BEGIN
 90
        0
 91
        1
 62
     0
 92
       -2
340
25
 93
        0
 40
1.125
309
GRIDFORMAT_END
 95
        4
302
GRIDFORMAT
  1
GRIDFORMAT_BEGIN
 90
        0
 91
        1
 62
     0
 92
       -2
340
25
 93
        0
 40
1.125
309
GRIDFORMAT_END
 95
        8
302
GRIDFORMAT
  1
GRIDFORMAT_BEGIN
 90
        0
 91
        1
 62
     0
 92
       -2
340
25
 93
        0
 40
1.125
309
GRIDFORMAT_END
 95
       16
302
GRIDFORMAT
  1
GRIDFORMAT_BEGIN
 90
        0
 91
        1
 62
     0
 92
       -2
340
25
 93
        0
 40
1.125
309
GRIDFORMAT_END
 95
       32
302
GRIDFORMAT
  1
GRIDFORMAT_BEGIN
 90
        0
 91
        1
 62
     0
 92
       -2
340
25
 93
        0
 40
1.125
309
GRIDFORMAT_END
309
TABLEFORMAT_END
  1
CELLSTYLE_BEGIN
 90
        3
 91
        2
300
_DATA
309
CELLSTYLE_END
  0
ENDSEC
  0
SECTION
  2
ACDSDATA
 70
     2
 71
     2
  0
ACDSSCHEMA
 90
        0
  1
AcDb_Thumbnail_Schema
  2
AcDbDs::ID
280
    10
 91
        8
  2
Thumbnail_Data
280
    15
 91
        0
101
ACDSRECORD
 95
        0
 90
        1
  2
AcDbDs::TreatedAsObjectData
280
     1
291
     1
101
ACDSRECORD
 95
        0
 90
        2
  2
AcDbDs::Legacy
280
     1
291
     1
101
ACDSRECORD
  1
AcDbDs::ID
 90
        3
  2
AcDs:Indexable
280
     1
291
     1
101
ACDSRECORD
  1
AcDbDs::ID
 90
        4
  2
AcDbDs::HandleAttribute
280
     7
282
     1
  0
ACDSSCHEMA
 90
        1
  1
AcDbDs::TreatedAsObjectDataSchema
  2
AcDbDs::TreatedAsObjectData
280
     1
 91
        0
  0
ACDSSCHEMA
 90
        2
  1
AcDbDs::LegacySchema
  2
AcDbDs::Legacy
280
     1
 91
        0
  0
ACDSSCHEMA
 90
        3
  1
AcDbDs::IndexedPropertySchema
  2
AcDs:Indexable
280
     1
 91
        0
  0
ACDSSCHEMA
 90
        4
  1
AcDbDs::HandleAttributeSchema
  2
AcDbDs::HandleAttribute
280
     7
 91
        1
284
     1
  0
ACDSRECORD
 90
        0
  2
AcDbDs::ID
280
    10
320
16
  2
Thumbnail_Data
280
    15
 94
     1836
310
89504E470D0A1A0A0000000D4948445200000100000000670803000000D82A6C0200000300504C5445FFFFFFFFFFFFFFFFFF0000000000000000000000000000000000000000000000000000330000660000990000CC0000FF0033000033330033660033990033CC0033FF0066000066330066660066990066CC0066FF0099
310
000099330099660099990099CC0099FF00CC0000CC3300CC6600CC9900CCCC00CCFF00FF0000FF3300FF6600FF9900FFCC00FFFF3300003300333300663300993300CC3300FF3333003333333333663333993333CC3333FF3366003366333366663366993366CC3366FF3399003399333399663399993399CC3399FF33CC00
310
33CC3333CC6633CC9933CCCC33CCFF33FF0033FF3333FF6633FF9933FFCC33FFFF6600006600336600666600996600CC6600FF6633006633336633666633996633CC6633FF6666006666336666666666996666CC6666FF6699006699336699666699996699CC6699FF66CC0066CC3366CC6666CC9966CCCC66CCFF66FF0066
310
FF3366FF6666FF9966FFCC66FFFF9900009900339900669900999900CC9900FF9933009933339933669933999933CC9933FF9966009966339966669966999966CC9966FF9999009999339999669999999999CC9999FF99CC0099CC3399CC6699CC9999CCCC99CCFF99FF0099FF3399FF6699FF9999FFCC99FFFFCC0000CC00
310
33CC0066CC0099CC00CCCC00FFCC3300CC3333CC3366CC3399CC33CCCC33FFCC6600CC6633CC6666CC6699CC66CCCC66FFCC9900CC9933CC9966CC9999CC99CCCC99FFCCCC00CCCC33CCCC66CCCC99CCCCCCCCCCFFCCFF00CCFF33CCFF66CCFF99CCFFCCCCFFFFFF0000FF0033FF0066FF0099FF00CCFF00FFFF3300FF3333
310
FF3366FF3399FF33CCFF33FFFF6600FF6633FF6666FF6699FF66CCFF66FFFF9900FF9933FF9966FF9999FF99CCFF99FFFFCC00FFCC33FFCC66FFCC99FFCCCCFFCCFFFFFF00FFFF33FFFF66FFFF99FFFFCCFFFFFF0000000D0D0D1A1A1A2828283535354343435050505D5D5D6B6B6B787878868686939393A1A1A1AEAEAEBB
310
BBBBC9C9C9D6D6D6E4E4E4F1F1F1FFFFFF000000000000000000000000000000000000000000000000000000000000AD4AB4E40000011B4944415478DAEDD8B10DC2301484616F60D12131004B64840CF13648C73EEC9249AEA6A507E38224988886C6F77F52A22454777A38869400000000000000007F92539A26D7F0C330
310
152A27CB028EC75CF3CBB480F359D2ACC8926701392BE25980ED02783848A125BF55D0FD25389CBE7CA01F9E7441B734CFAB07FBFA9F098DD2588EE779E5F5C8A800EB09781D650234D641A895F43901512DD7809D76D45FFCEDC56E01DD4D407C5E5BED88A271B759F4AE5DAF7FAD02EE5F0BE8AF8568DD3B6D847E29A0EF
310
09B8695EED83E35DC0C5A08012D7BE8075B64601EABC806815905CB6FEB1FD916F5840F32DB0F86A18166025CCF353405AFC0F108EF9DFB95DE3D7ECE11C1F000000000000000000000000000000000000F8BF075A5E97D1850EAF140000000049454E44AE4260824260820026C15A47440002501C00134091037E08F9E139
310
A0D0B20002AED947014222B49224382B80AA0E0849CE42006C25C8120129D2C1510E059000A036802B01370C26094E301600E4E5B0A56783BD27842C876F791E0F5F5E4603B85C04805D925C569E03CEAA44CBF62E00E505D07C97579FF28AE8EA007C7E7E3200D75A673962A062D01003C7DF42FD01F061902F17F3A1BCB9
310
698D0E6803408A8D7F078EA0250062DAA491F10ADA6221A0560F23424001206E6B8B1FA403C080D6D1EABC291848D91905D8D7E954749530121C86280356EB80C10014BFDC58A7E8E5E15439400010CF69B853079CCBFBCC6775B10940AE312B88934FE83A47811EFA42BBF7F73C1203468E3E78413104C081850129362C0B
310
6023352E36A47011287D4240AE320065AF0971AA1456124623776800ACBE0EB03D17507B3906C071D1DBE8CB03B8CA99A31B007A6E6A8803B07F60CF42F300303F1EE246086C55B5D749EFAB058FABED732D01E0B59607B0DA87A46C02504AA36D735D84C43AF5A794C5B953397D6AADCA4CAE8A807BB8B2D561F000A807E0
310
01B8A3280A6E050480B8B1021900BFB217A9007C089818B80B204D8103A86FAF965520F851C0942D06BEBD48107011B71C30FCAF12EDA30B11B5A4C107B4370D84CD1430E86D92110EF8A6169AE9F7988AE7498B200C6988EE3BF964110D77C093C103E8EDCDAEF9D75AF39A00BC8100C01CB0070D8039E09A020F81BD3107
310
A000440C740800001E029503E258FDC73918E3661D547CBB1C028DFE473A002E9A41C9004D07CCF2FAE52AEA80AAF7692B0270A097630E908550DC3CFFAD6C685C71B812C418413040F864DA821104006168EC120C0784A171139010E89001009CFEBB0820D6C9B0AF93377AEBDEEA969A4A53E49EFDE3B8BF07E6790B7F66
310
651FB7EAAA001D0470EBE40C16004D9B07E00178001E8007E00178001E8007E00178000EE81F503E2EA04532A6A00000000049454E44AE426082
  0
ENDSEC
  0
EOF
