  0
SECTION
  2
HEADER
  9
$ACADVER
  1
AC1027
  9
$ACADMAINTVER
 70
     8
  9
$DWGCODEPAGE
  3
ANSI_1254
  9
$REQUIREDVERSIONS
160
                 0
  9
$INSBASE
 10
0.0
 20
0.0
 30
0.0
  9
$EXTMIN
 10
-84895.69519469284
 20
-16016.59571391443
 30
-70.63299790526267
  9
$EXTMAX
 10
34856.17922438902
 20
53953.11707225569
 30
0.1670391624793321
  9
$LIMMIN
 10
0.0
 20
0.0
  9
$LIMMAX
 10
420.0
 20
297.0
  9
$ORTHOMODE
 70
     0
  9
$REGENMODE
 70
     1
  9
$FILLMODE
 70
     1
  9
$QTEXTMODE
 70
     0
  9
$MIRRTEXT
 70
     0
  9
$LTSCALE
 40
1.0
  9
$ATTMODE
 70
     1
  9
$TEXTSIZE
 40
2.5
  9
$TRACEWID
 40
1.0
  9
$TEXTSTYLE
  7
Standard
  9
$CLAYER
  8
KOMPOZIT
  9
$CELTYPE
  6
ByLayer
  9
$CECOLOR
 62
   256
  9
$CELTSCALE
 40
1.0
  9
$DISPSILH
 70
     0
  9
$DIMSCALE
 40
1.0
  9
$DIMASZ
 40
2.5
  9
$DIMEXO
 40
0.625
  9
$DIMDLI
 40
3.75
  9
$DIMRND
 40
0.0
  9
$DIMDLE
 40
0.0
  9
$DIMEXE
 40
1.25
  9
$DIMTP
 40
0.0
  9
$DIMTM
 40
0.0
  9
$DIMTXT
 40
2.5
  9
$DIMCEN
 40
2.5
  9
$DIMTSZ
 40
0.0
  9
$DIMTOL
 70
     0
  9
$DIMLIM
 70
     0
  9
$DIMTIH
 70
     0
  9
$DIMTOH
 70
     0
  9
$DIMSE1
 70
     0
  9
$DIMSE2
 70
     0
  9
$DIMTAD
 70
     1
  9
$DIMZIN
 70
     8
  9
$DIMBLK
  1

  9
$DIMASO
 70
     1
  9
$DIMSHO
 70
     1
  9
$DIMPOST
  1

  9
$DIMAPOST
  1

  9
$DIMALT
 70
     0
  9
$DIMALTD
 70
     3
  9
$DIMALTF
 40
0.03937007874016
  9
$DIMLFAC
 40
1.0
  9
$DIMTOFL
 70
     1
  9
$DIMTVP
 40
0.0
  9
$DIMTIX
 70
     0
  9
$DIMSOXD
 70
     0
  9
$DIMSAH
 70
     0
  9
$DIMBLK1
  1

  9
$DIMBLK2
  1

  9
$DIMSTYLE
  2
ISO-25
  9
$DIMCLRD
 70
     0
  9
$DIMCLRE
 70
     0
  9
$DIMCLRT
 70
     0
  9
$DIMTFAC
 40
1.0
  9
$DIMGAP
 40
0.625
  9
$DIMJUST
 70
     0
  9
$DIMSD1
 70
     0
  9
$DIMSD2
 70
     0
  9
$DIMTOLJ
 70
     0
  9
$DIMTZIN
 70
     8
  9
$DIMALTZ
 70
     0
  9
$DIMALTTZ
 70
     0
  9
$DIMUPT
 70
     0
  9
$DIMDEC
 70
     2
  9
$DIMTDEC
 70
     2
  9
$DIMALTU
 70
     2
  9
$DIMALTTD
 70
     3
  9
$DIMTXSTY
  7
Standard
  9
$DIMAUNIT
 70
     0
  9
$DIMADEC
 70
     0
  9
$DIMALTRND
 40
0.0
  9
$DIMAZIN
 70
     0
  9
$DIMDSEP
 70
    44
  9
$DIMATFIT
 70
     3
  9
$DIMFRAC
 70
     0
  9
$DIMLDRBLK
  1

  9
$DIMLUNIT
 70
     2
  9
$DIMLWD
 70
    -2
  9
$DIMLWE
 70
    -2
  9
$DIMTMOVE
 70
     0
  9
$DIMFXL
 40
1.0
  9
$DIMFXLON
 70
     0
  9
$DIMJOGANG
 40
0.7853981633974483
  9
$DIMTFILL
 70
     0
  9
$DIMTFILLCLR
 70
     0
  9
$DIMARCSYM
 70
     0
  9
$DIMLTYPE
  6

  9
$DIMLTEX1
  6

  9
$DIMLTEX2
  6

  9
$DIMTXTDIRECTION
 70
     0
  9
$LUNITS
 70
     2
  9
$LUPREC
 70
     4
  9
$SKETCHINC
 40
1.0
  9
$FILLETRAD
 40
0.0
  9
$AUNITS
 70
     0
  9
$AUPREC
 70
     0
  9
$MENU
  1
.
  9
$ELEVATION
 40
0.0
  9
$PELEVATION
 40
0.0
  9
$THICKNESS
 40
0.0
  9
$LIMCHECK
 70
     0
  9
$CHAMFERA
 40
0.0
  9
$CHAMFERB
 40
0.0
  9
$CHAMFERC
 40
0.0
  9
$CHAMFERD
 40
0.0
  9
$SKPOLY
 70
     0
  9
$TDCREATE
 40
2455827.480789155
  9
$TDUCREATE
 40
2455827.355789155
  9
$TDUPDATE
 40
2461292.873229167
  9
$TDUUPDATE
 40
2461292.748229167
  9
$TDINDWG
 40
37.9593857639
  9
$TDUSRTIMER
 40
37.9593856366
  9
$USRTIMER
 70
     1
  9
$ANGBASE
 50
0.0
  9
$ANGDIR
 70
     0
  9
$PDMODE
 70
     0
  9
$PDSIZE
 40
0.0
  9
$PLINEWID
 40
0.0
  9
$SPLFRAME
 70
     0
  9
$SPLINETYPE
 70
     6
  9
$SPLINESEGS
 70
     8
  9
$HANDSEED
  5
1D8
  9
$SURFTAB1
 70
     6
  9
$SURFTAB2
 70
     6
  9
$SURFTYPE
 70
     6
  9
$SURFU
 70
     6
  9
$SURFV
 70
     6
  9
$UCSBASE
  2

  9
$UCSNAME
  2

  9
$UCSORG
 10
0.0
 20
0.0
 30
0.0
  9
$UCSXDIR
 10
1.0
 20
0.0
 30
0.0
  9
$UCSYDIR
 10
0.0
 20
1.0
 30
0.0
  9
$UCSORTHOREF
  2

  9
$UCSORTHOVIEW
 70
     0
  9
$UCSORGTOP
 10
0.0
 20
0.0
 30
0.0
  9
$UCSORGBOTTOM
 10
0.0
 20
0.0
 30
0.0
  9
$UCSORGLEFT
 10
0.0
 20
0.0
 30
0.0
  9
$UCSORGRIGHT
 10
0.0
 20
0.0
 30
0.0
  9
$UCSORGFRONT
 10
0.0
 20
0.0
 30
0.0
  9
$UCSORGBACK
 10
0.0
 20
0.0
 30
0.0
  9
$PUCSBASE
  2

  9
$PUCSNAME
  2

  9
$PUCSORG
 10
0.0
 20
0.0
 30
0.0
  9
$PUCSXDIR
 10
1.0
 20
0.0
 30
0.0
  9
$PUCSYDIR
 10
0.0
 20
1.0
 30
0.0
  9
$PUCSORTHOREF
  2

  9
$PUCSORTHOVIEW
 70
     0
  9
$PUCSORGTOP
 10
0.0
 20
0.0
 30
0.0
  9
$PUCSORGBOTTOM
 10
0.0
 20
0.0
 30
0.0
  9
$PUCSORGLEFT
 10
0.0
 20
0.0
 30
0.0
  9
$PUCSORGRIGHT
 10
0.0
 20
0.0
 30
0.0
  9
$PUCSORGFRONT
 10
0.0
 20
0.0
 30
0.0
  9
$PUCSORGBACK
 10
0.0
 20
0.0
 30
0.0
  9
$USERI1
 70
     0
  9
$USERI2
 70
     0
  9
$USERI3
 70
     0
  9
$USERI4
 70
     0
  9
$USERI5
 70
     0
  9
$USERR1
 40
0.0
  9
$USERR2
 40
0.0
  9
$USERR3
 40
0.0
  9
$USERR4
 40
0.0
  9
$USERR5
 40
0.0
  9
$WORLDVIEW
 70
     1
  9
$SHADEDGE
 70
     3
  9
$SHADEDIF
 70
    70
  9
$TILEMODE
 70
     1
  9
$MAXACTVP
 70
    64
  9
$PINSBASE
 10
0.0
 20
0.0
 30
0.0
  9
$PLIMCHECK
 70
     0
  9
$PEXTMIN
 10
29.06818420886992
 20
20.36233246326446
 30
0.0
  9
$PEXTMAX
 10
261.6136578798294
 20
183.2609921693802
 30
0.0
  9
$PLIMMIN
 10
-3.17498779296875
 20
-3.174999952316283
  9
$PLIMMAX
 10
293.8568420410156
 20
206.7983276844024
  9
$UNITMODE
 70
     0
  9
$VISRETAIN
 70
     1
  9
$PLINEGEN
 70
     0
  9
$PSLTSCALE
 70
     1
  9
$TREEDEPTH
 70
  3020
  9
$CMLSTYLE
  2
Standard
  9
$CMLJUST
 70
     0
  9
$CMLSCALE
 40
20.0
  9
$PROXYGRAPHICS
 70
     1
  9
$MEASUREMENT
 70
     1
  9
$CELWEIGHT
370
    -1
  9
$ENDCAPS
280
     0
  9
$JOINSTYLE
280
     0
  9
$LWDISPLAY
290
     0
  9
$INSUNITS
 70
     4
  9
$HYPERLINKBASE
  1

  9
$STYLESHEET
  1

  9
$XEDIT
290
     1
  9
$CEPSNTYPE
380
     0
  9
$PSTYLEMODE
290
     1
  9
$FINGERPRINTGUID
  2
{C01A3274-DE5D-48CA-AFE8-834404001015}
  9
$VERSIONGUID
  2
{E7778DAC-DB55-E54C-939E-1653FE1F07BA}
  9
$EXTNAMES
290
     1
  9
$PSVPSCALE
 40
0.0
  9
$OLESTARTUP
290
     0
  9
$SORTENTS
280
   127
  9
$INDEXCTL
280
     0
  9
$HIDETEXT
280
     1
  9
$XCLIPFRAME
280
     2
  9
$HALOGAP
280
     0
  9
$OBSCOLOR
 70
   257
  9
$OBSLTYPE
280
     0
  9
$INTERSECTIONDISPLAY
280
     0
  9
$INTERSECTIONCOLOR
 70
   257
  9
$DIMASSOC
280
     2
  9
$PROJECTNAME
  1

  9
$CAMERADISPLAY
290
     0
  9
$LENSLENGTH
 40
50.0
  9
$CAMERAHEIGHT
 40
0.0
  9
$STEPSPERSEC
 40
2.0
  9
$STEPSIZE
 40
6.0
  9
$3DDWFPREC
 40
2.0
  9
$PSOLWIDTH
 40
5.0
  9
$PSOLHEIGHT
 40
80.0
  9
$LOFTANG1
 40
1.570796326794896
  9
$LOFTANG2
 40
1.570796326794896
  9
$LOFTMAG1
 40
0.0
  9
$LOFTMAG2
 40
0.0
  9
$LOFTPARAM
 70
     7
  9
$LOFTNORMALS
280
     1
  9
$LATITUDE
 40
37.795
  9
$LONGITUDE
 40
-122.394
  9
$NORTHDIRECTION
 40
0.0
  9
$TIMEZONE
 70
 -8000
  9
$LIGHTGLYPHDISPLAY
280
     1
  9
$TILEMODELIGHTSYNCH
280
     1
  9
$CMATERIAL
347
4F
  9
$SOLIDHIST
280
     1
  9
$SHOWHIST
280
     1
  9
$DWFFRAME
280
     2
  9
$DGNFRAME
280
     0
  9
$REALWORLDSCALE
290
     1
  9
$INTERFERECOLOR
 62
     1
  9
$INTERFEREOBJVS
345
5F
  9
$INTERFEREVPVS
346
60
  9
$CSHADOW
280
     0
  9
$SHADOWPLANELOCATION
 40
0.0
  0
ENDSEC
  0
SECTION
  2
CLASSES
  0
CLASS
  1
ACDBDICTIONARYWDFLT
  2
AcDbDictionaryWithDefault
  3
ObjectDBX Classes
 90
        0
 91
        1
280
     0
281
     0
  0
CLASS
  1
DICTIONARYVAR
  2
AcDbDictionaryVar
  3
ObjectDBX Classes
 90
        0
 91
        5
280
     0
281
     0
  0
CLASS
  1
TABLESTYLE
  2
AcDbTableStyle
  3
ObjectDBX Classes
 90
     4095
 91
        1
280
     0
281
     0
  0
CLASS
  1
MATERIAL
  2
AcDbMaterial
  3
ObjectDBX Classes
 90
     1153
 91
        3
280
     0
281
     0
  0
CLASS
  1
VISUALSTYLE
  2
AcDbVisualStyle
  3
ObjectDBX Classes
 90
     4095
 91
        3
280
     0
281
     0
  0
CLASS
  1
SCALE
  2
AcDbScale
  3
ObjectDBX Classes
 90
     1153
 91
       17
280
     0
281
     0
  0
CLASS
  1
MLEADERSTYLE
  2
AcDbMLeaderStyle
  3
ACDB_MLEADERSTYLE_CLASS
 90
     4095
 91
        0
280
     0
281
     0
  0
CLASS
  1
CELLSTYLEMAP
  2
AcDbCellStyleMap
  3
ObjectDBX Classes
 90
     1152
 91
        1
280
     0
281
     0
  0
CLASS
  1
EXACXREFPANELOBJECT
  2
ExAcXREFPanelObject
  3
EXAC_ESW
 90
     1025
 91
        0
280
     1
281
     0
  0
CLASS
  1
NPOCOLLECTION
  2
AcDbImpNonPersistentObjectsCollection
  3
ObjectDBX Classes
 90
     1153
 91
        0
280
     0
281
     0
  0
CLASS
  1
LAYER_INDEX
  2
AcDbLayerIndex
  3
ObjectDBX Classes
 90
        0
 91
        0
280
     0
281
     0
  0
CLASS
  1
SPATIAL_INDEX
  2
AcDbSpatialIndex
  3
ObjectDBX Classes
 90
        0
 91
        0
280
     0
281
     0
  0
CLASS
  1
IDBUFFER
  2
AcDbIdBuffer
  3
ObjectDBX Classes
 90
        0
 91
        0
280
     0
281
     0
  0
CLASS
  1
ACAD_EVALUATION_GRAPH
  2
AcDbEvalGraph
  3
ObjectDBX Classes
 90
     1153
 91
        0
280
     0
281
     0
  0
CLASS
  1
BLOCKLINEARPARAMETER
  2
AcDbBlockLinearParameter
  3
ObjectDBX Classes
 90
     1153
 91
        0
280
     0
281
     0
  0
CLASS
  1
BLOCKLINEARGRIP
  2
AcDbBlockLinearGrip
  3
ObjectDBX Classes
 90
     1153
 91
        0
280
     0
281
     0
  0
CLASS
  1
BLOCKGRIPLOCATIONCOMPONENT
  2
AcDbBlockGripExpr
  3
ObjectDBX Classes
 90
     1153
 91
        0
280
     0
281
     0
  0
CLASS
  1
BLOCKARRAYACTION
  2
AcDbBlockArrayAction
  3
ObjectDBX Classes
 90
     1153
 91
        0
280
     0
281
     0
  0
CLASS
  1
ACDB_DYNAMICBLOCKPURGEPREVENTER_VERSION
  2
AcDbDynamicBlockPurgePreventer
  3
ObjectDBX Classes
 90
     1153
 91
        0
280
     0
281
     0
  0
CLASS
  1
ACDB_BLOCKREPRESENTATION_DATA
  2
AcDbBlockRepresentationData
  3
ObjectDBX Classes
 90
     1153
 91
        0
280
     0
281
     0
  0
CLASS
  1
SORTENTSTABLE
  2
AcDbSortentsTable
  3
ObjectDBX Classes
 90
        0
 91
       10
280
     0
281
     0
  0
CLASS
  1
AEC_REFEDIT_STATUS_TRACKER
  2
AecDbRefEditStatusTracker
  3
AecArchBase80|Product Desc: Autodesk Architectural Desktop 2007 |Company: Autodesk,Inc. |WEB Address: www.autodesk.com
 90
      129
 91
        0
280
     1
281
     0
  0
CLASS
  1
BLOCKSTRETCHACTION
  2
AcDbBlockStretchAction
  3
ObjectDBX Classes
 90
     1153
 91
        0
280
     0
281
     0
  0
CLASS
  1
ACDBSECTIONVIEWSTYLE
  2
AcDbSectionViewStyle
  3
ObjectDBX Classes
 90
     1025
 91
        0
280
     0
281
     0
  0
CLASS
  1
ACDBDETAILVIEWSTYLE
  2
AcDbDetailViewStyle
  3
ObjectDBX Classes
 90
     1025
 91
        0
280
     0
281
     0
  0
CLASS
  1
ACAECUSTOBJ
  2
AcAeEditorObj
  3
AcAeEditorObj
 90
     1024
 91
        0
280
     1
281
     0
  0
CLASS
  1
LINEARPARAMETERENTITY
  2
AcDbBlockLinearParameterEntity
  3
ObjectDBX Classes
 90
     1025
 91
        0
280
     0
281
     1
  0
CLASS
  1
ACAEEEMGROBJ
  2
AcAeEEMgrObj
  3
AcAeEEMgrObj
 90
     1024
 91
        0
280
     0
281
     0
  0
CLASS
  1
LINEARGRIPENTITY
  2
AcDbBlockLinearGripEntity
  3
ObjectDBX Classes
 90
     1025
 91
        0
280
     0
281
     1
  0
CLASS
  1
ARRAYACTIONENTITY
  2
AcDbBlockArrayActionEntity
  3
ObjectDBX Classes
 90
     1025
 91
        0
280
     0
281
     1
  0
CLASS
  1
STRETCHACTIONENTITY
  2
AcDbBlockStretchActionEntity
  3
ObjectDBX Classes
 90
     1025
 91
        0
280
     0
281
     1
  0
CLASS
  1
BLOCKMOVEACTION
  2
AcDbBlockMoveAction
  3
ObjectDBX Classes
 90
     1153
 91
        0
280
     0
281
     0
  0
CLASS
  1
DIMASSOC
  2
AcDbDimAssoc
  3
"AcDbDimAssoc|Product Desc:     AcDim ARX App For Dimension|Company:          Autodesk, Inc.|WEB Address:      www.autodesk.com"
 90
        0
 91
        0
280
     0
281
     0
  0
CLASS
  1
BLOCKSCALEACTION
  2
AcDbBlockScaleAction
  3
ObjectDBX Classes
 90
     1153
 91
        0
280
     0
281
     0
  0
CLASS
  1
MULTILEADER
  2
AcDbMLeader
  3
ACDB_MLEADER_CLASS
 90
     1025
 91
        0
280
     0
281
     1
  0
CLASS
  1
BLOCKBASEPOINTPARAMETER
  2
AcDbBlockBasepointParameter
  3
ObjectDBX Classes
 90
     1153
 91
        0
280
     0
281
     0
  0
CLASS
  1
DBCOLOR
  2
AcDbColor
  3
ObjectDBX Classes
 90
        0
 91
        0
280
     0
281
     0
  0
CLASS
  1
BASEPOINTPARAMETERENTITY
  2
AcDbBlockBasepointParameterEntity
  3
ObjectDBX Classes
 90
     1025
 91
        0
280
     0
281
     1
  0
CLASS
  1
IMAGEDEF
  2
AcDbRasterImageDef
  3
ISM
 90
        0
 91
        0
280
     0
281
     0
  0
CLASS
  1
RASTERVARIABLES
  2
AcDbRasterVariables
  3
ISM
 90
        0
 91
        0
280
     0
281
     0
  0
CLASS
  1
IMAGEDEF_REACTOR
  2
AcDbRasterImageDefReactor
  3
ISM
 90
        1
 91
        0
280
     0
281
     0
  0
CLASS
  1
IMAGE
  2
AcDbRasterImage
  3
ISM
 90
     2175
 91
        0
280
     0
281
     1
  0
CLASS
  1
WIPEOUT
  2
AcDbWipeout
  3
WipeOut|Product Desc: Object Enabler for WipeOut entity | Company: Autodesk, Inc. | WEB Address: www.autodesk.com
 90
     2175
 91
        0
280
     0
281
     1
  0
CLASS
  1
WIPEOUTVARIABLES
  2
AcDbWipeoutVariables
  3
"WipeOut|Product Desc:     WipeOut Dbx Application|Company:          Autodesk, Inc.|WEB Address:      www.autodesk.com"
 90
        0
 91
        0
280
     0
281
     0
  0
CLASS
  1
MOVEACTIONENTITY
  2
AcDbBlockMoveActionEntity
  3
ObjectDBX Classes
 90
     1025
 91
        0
280
     0
281
     1
  0
CLASS
  1
BLOCKVISIBILITYPARAMETER
  2
AcDbBlockVisibilityParameter
  3
ObjectDBX Classes
 90
     1153
 91
        0
280
     0
281
     0
  0
CLASS
  1
BLOCKVISIBILITYGRIP
  2
AcDbBlockVisibilityGrip
  3
ObjectDBX Classes
 90
     1153
 91
        0
280
     0
281
     0
  0
CLASS
  1
VISIBILITYPARAMETERENTITY
  2
AcDbBlockVisibilityParameterEntity
  3
ObjectDBX Classes
 90
     1025
 91
        0
280
     0
281
     1
  0
CLASS
  1
VISIBILITYGRIPENTITY
  2
AcDbBlockVisibilityGripEntity
  3
ObjectDBX Classes
 90
     1025
 91
        0
280
     0
281
     1
  0
CLASS
  1
BLOCKLOOKUPPARAMETER
  2
AcDbBlockLookupParameter
  3
ObjectDBX Classes
 90
     1153
 91
        0
280
     0
281
     0
  0
CLASS
  1
BLOCKLOOKUPGRIP
  2
AcDbBlockLookupGrip
  3
ObjectDBX Classes
 90
     1153
 91
        0
280
     0
281
     0
  0
CLASS
  1
BLOCKLOOKUPACTION
  2
AcDbBlockLookupAction
  3
ObjectDBX Classes
 90
     1153
 91
        0
280
     0
281
     0
  0
CLASS
  1
LOOKUPPARAMETERENTITY
  2
AcDbBlockLookupParameterEntity
  3
ObjectDBX Classes
 90
     1025
 91
        0
280
     0
281
     1
  0
CLASS
  1
LOOKUPGRIPENTITY
  2
AcDbBlockLookupGripEntity
  3
ObjectDBX Classes
 90
     1025
 91
        0
280
     0
281
     1
  0
CLASS
  1
LOOKUPACTIONENTITY
  2
AcDbBlockLookupActionEntity
  3
ObjectDBX Classes
 90
     1025
 91
        0
280
     0
281
     1
  0
CLASS
  1
RAPIDRTRENDERSETTINGS
  2
AcDbRapidRTRenderSettings
  3
ObjectDBX Classes
 90
     1024
 91
        0
280
     1
281
     0
  0
CLASS
  1
MENTALRAYRENDERSETTINGS
  2
AcDbMentalRayRenderSettings
  3
SCENEOE
 90
     1024
 91
        0
280
     1
281
     0
  0
CLASS
  1
ACDBASSOCPERSSUBENTMANAGER
  2
AcDbAssocPersSubentManager
  3
ObjectDBX Classes
 90
     1024
 91
        1
280
     0
281
     0
  0
CLASS
  1
ACAD_TABLE
  2
AcDbTable
  3
ObjectDBX Classes
 90
     1025
 91
        0
280
     0
281
     1
  0
CLASS
  1
TABLECONTENT
  2
AcDbTableContent
  3
ObjectDBX Classes
 90
     1152
 91
        0
280
     0
281
     0
  0
CLASS
  1
TABLEGEOMETRY
  2
AcDbTableGeometry
  3
ObjectDBX Classes
 90
     1152
 91
        0
280
     0
281
     0
  0
ENDSEC
  0
SECTION
  2
TABLES
  0
TABLE
  2
VPORT
  5
29
330
0
100
AcDbSymbolTable
 70
     1
1001
ACAD
1000
DbSaveVer
1071
      247
  0
VPORT
  5
2A
330
29
100
AcDbSymbolTableRecord
100
AcDbViewportTableRecord
  2
*Active
 70
     0
 10
0.0
 20
0.0
 11
1.0
 21
1.0
 12
-74394.86145920772
 22
3750.756387391987
 13
0.0
 23
0.0
 14
10.0
 24
10.0
 15
10.0
 25
10.0
 16
0.0
 26
0.0
 36
1.0
 17
0.0
 27
0.0
 37
0.0
 40
915.890915134311
 41
2.580896686159844
 42
50.0
 43
0.0
 44
0.0
 50
0.0
 51
0.0
 71
     0
 72
  1000
 73
     1
 74
     3
 75
     0
 76
     0
 77
     0
 78
     2
281
     0
 65
     1
110
0.0
120
0.0
130
0.0
111
1.0
121
0.0
131
0.0
112
0.0
122
1.0
132
0.0
 79
     0
146
0.0
348
2B
 60
     3
 61
     5
292
     1
282
     1
141
0.0
142
0.0
 63
   250
421
  3355443
1001
ACAD_NAV_VCDISPLAY
1070
     1
  0
ENDTAB
  0
TABLE
  2
LTYPE
  5
24
330
0
100
AcDbSymbolTable
 70
     3
  0
LTYPE
  5
25
330
24
100
AcDbSymbolTableRecord
100
AcDbLinetypeTableRecord
  2
ByBlock
 70
     0
  3

 72
    65
 73
     0
 40
0.0
  0
LTYPE
  5
26
330
24
100
AcDbSymbolTableRecord
100
AcDbLinetypeTableRecord
  2
ByLayer
 70
     0
  3

 72
    65
 73
     0
 40
0.0
  0
LTYPE
  5
14
330
24
100
AcDbSymbolTableRecord
100
AcDbLinetypeTableRecord
  2
Continuous
 70
     0
  3
Solid line
 72
    65
 73
     0
 40
0.0
  0
LTYPE
  5
91
330
24
100
AcDbSymbolTableRecord
100
AcDbLinetypeTableRecord
  2
HIDDEN
 70
     0
  3
Hidden __ __ __ __ __ __ __ __ __ __ __ __ __ _
 72
    65
 73
     2
 40
0.375
 49
0.25
 74
     0
 49
-0.125
 74
     0
  0
LTYPE
  5
1BF
330
24
100
AcDbSymbolTableRecord
100
AcDbLinetypeTableRecord
  2
HIDDEN2
 70
     0
  3
_ _ _ _ _ _ _ _ _ _ _ _ _ _ _ _ _ _ _ _ _ _ _ _
 72
    65
 73
     2
 40
0.1875
 49
0.125
 74
     0
 49
-0.0625
 74
     0
  0
ENDTAB
  0
TABLE
  2
LAYER
  5
1E
102
{ACAD_XDICTIONARY
360
1F
102
}
330
0
100
AcDbSymbolTable
 70
    10
  0
LAYER
  5
6
102
{ACAD_XDICTIONARY
360
7
102
}
330
1E
100
AcDbSymbolTableRecord
100
AcDbLayerTableRecord
  2
0
 70
     0
 62
     7
  6
Continuous
370
    -3
390
8
347
B
348
0
  0
LAYER
  5
1C1
330
1E
100
AcDbSymbolTableRecord
100
AcDbLayerTableRecord
  2
KOMP-
 70
     0
 62
    64
  6
Continuous
370
    25
390
8
347
B
348
0
1001
AcAecLayerStandard
1000

1000

1001
AcCmTransparency
1071
 33554687
  0
LAYER
  5
1C3
330
1E
100
AcDbSymbolTableRecord
100
AcDbLayerTableRecord
  2
ÇELİK KOSNTR.
 70
     0
 62
    12
  6
Continuous
370
    25
390
8
347
B
348
0
1001
AcAecLayerStandard
1000

1000

1001
AcCmTransparency
1071
 33554687
  0
LAYER
  5
59
330
1E
100
AcDbSymbolTableRecord
100
AcDbLayerTableRecord
  2
KOMPOZIT
 70
     0
 62
   117
420
  5667680
  6
Continuous
370
    -3
390
8
347
B
348
0
1001
AcAecLayerStandard
1000

1000

1001
AcCmTransparency
1071
        0
  0
LAYER
  5
1BE
330
1E
100
AcDbSymbolTableRecord
100
AcDbLayerTableRecord
  2
-0
 70
     0
 62
     7
  6
Continuous
370
    -3
390
8
347
B
348
0
1001
AcAecLayerStandard
1000

1000

1001
AcCmTransparency
1071
        0
  0
LAYER
  5
89
102
{ACAD_XDICTIONARY
360
8A
102
}
330
1E
100
AcDbSymbolTableRecord
100
AcDbLayerTableRecord
  2
profiller
 70
     0
 62
     7
  6
Continuous
370
    -3
390
8
347
B
348
0
  0
LAYER
  5
1B8
102
{ACAD_XDICTIONARY
360
1B9
102
}
330
1E
100
AcDbSymbolTableRecord
100
AcDbLayerTableRecord
  2
olculendırme
 70
     0
 62
     7
  6
Continuous
370
    15
390
8
347
B
348
0
  0
LAYER
  5
9C
330
1E
100
AcDbSymbolTableRecord
100
AcDbLayerTableRecord
  2
PROFİL HATCH
 70
     0
 62
     7
  6
Continuous
370
    -3
390
8
347
B
348
0
  0
LAYER
  5
7F
330
1E
100
AcDbSymbolTableRecord
100
AcDbLayerTableRecord
  2
epdm hatch
 70
     0
 62
   253
  6
Continuous
370
     9
390
8
347
B
348
0
1001
AcAecLayerStandard
1000

1000

1001
AcCmTransparency
1071
        0
  0
LAYER
  5
81
102
{ACAD_XDICTIONARY
360
82
102
}
330
1E
100
AcDbSymbolTableRecord
100
AcDbLayerTableRecord
  2
aksesuarlar
 70
     0
 62
    61
  6
Continuous
370
     5
390
8
347
B
348
0
  0
ENDTAB
  0
TABLE
  2
STYLE
  5
21
330
0
100
AcDbSymbolTable
 70
     4
  0
STYLE
  5
22
330
21
100
AcDbSymbolTableRecord
100
AcDbTextStyleTableRecord
  2
Standard
 70
     0
 40
0.0
 41
1.0
 50
0.0
 71
     0
 42
2.5
  3
arial.ttf
  4

1001
ACAD
1000
Arial
1071
       34
  0
STYLE
  5
3A
330
21
100
AcDbSymbolTableRecord
100
AcDbTextStyleTableRecord
  2
YZ
 70
     0
 40
0.0
 41
0.7
 50
0.0
 71
     0
 42
5.0
  3
archs.shx
  4

  0
STYLE
  5
32
330
21
100
AcDbSymbolTableRecord
100
AcDbTextStyleTableRecord
  2
S5
 70
     0
 40
0.0
 41
0.6
 50
0.0
 71
     0
 42
2.5
  3
romand.shx
  4

  0
STYLE
  5
43
330
21
100
AcDbSymbolTableRecord
100
AcDbTextStyleTableRecord
  2
S2
 70
     0
 40
0.0
 41
0.5
 50
0.0
 71
     0
 42
400.0
  3
romand.shx
  4

  0
ENDTAB
  0
TABLE
  2
VIEW
  5
27
330
0
100
AcDbSymbolTable
 70
     0
  0
ENDTAB
  0
TABLE
  2
UCS
  5
28
330
0
100
AcDbSymbolTable
 70
     0
  0
ENDTAB
  0
TABLE
  2
APPID
  5
2E
330
0
100
AcDbSymbolTable
 70
    12
  0
APPID
  5
13
330
2E
100
AcDbSymbolTableRecord
100
AcDbRegAppTableRecord
  2
ACAD
 70
     0
  0
APPID
  5
19
330
2E
100
AcDbSymbolTableRecord
100
AcDbRegAppTableRecord
  2
ACAD_PSEXT
 70
     0
  0
APPID
  5
A4
330
2E
100
AcDbSymbolTableRecord
100
AcDbRegAppTableRecord
  2
AcDbDynamicBlockGUID
 70
     0
  0
APPID
  5
2D
330
2E
100
AcDbSymbolTableRecord
100
AcDbRegAppTableRecord
  2
ACAD_NAV_VCDISPLAY
 70
     0
  0
APPID
  5
5A
330
2E
100
AcDbSymbolTableRecord
100
AcDbRegAppTableRecord
  2
AcAecLayerStandard
 70
     0
  0
APPID
  5
5B
330
2E
100
AcDbSymbolTableRecord
100
AcDbRegAppTableRecord
  2
AcCmTransparency
 70
     0
  0
APPID
  5
37
330
2E
100
AcDbSymbolTableRecord
100
AcDbRegAppTableRecord
  2
ACAD_DSTYLE_DIMJAG
 70
     0
  0
APPID
  5
38
330
2E
100
AcDbSymbolTableRecord
100
AcDbRegAppTableRecord
  2
ACAD_DSTYLE_DIMTALN
 70
     0
  0
APPID
  5
4A
330
2E
100
AcDbSymbolTableRecord
100
AcDbRegAppTableRecord
  2
ACAD_DSTYLE_DIMBREAK
 70
     0
  0
APPID
  5
76
330
2E
100
AcDbSymbolTableRecord
100
AcDbRegAppTableRecord
  2
GradientColor1ACI
 70
     0
  0
APPID
  5
77
330
2E
100
AcDbSymbolTableRecord
100
AcDbRegAppTableRecord
  2
GradientColor2ACI
 70
     0
  0
APPID
  5
8C
330
2E
100
AcDbSymbolTableRecord
100
AcDbRegAppTableRecord
  2
ACAD_STEPID
 70
     0
  0
ENDTAB
  0
TABLE
  2
DIMSTYLE
  5
2F
330
0
100
AcDbSymbolTable
 70
     5
100
AcDbDimStyleTable
 71
     5
340
30
340
31
340
39
340
41
340
42
  0
DIMSTYLE
105
30
330
2F
100
AcDbSymbolTableRecord
100
AcDbDimStyleTableRecord
  2
ISO-25
 70
     0
 41
2.5
 42
0.625
 43
3.75
 44
1.25
 73
     0
 74
     0
 77
     1
 78
     8
140
2.5
141
2.5
143
0.03937007874016
147
0.625
171
     3
172
     1
271
     2
272
     2
274
     3
278
    44
283
     0
284
     8
340
22
  0
DIMSTYLE
105
39
330
2F
100
AcDbSymbolTableRecord
100
AcDbDimStyleTableRecord
  2
1-1
 70
     0
 40
0.75
 41
2.0
 42
2.0
 43
2.0
 44
2.0
 46
2.0
 73
     0
 74
     0
 77
     1
140
3.0
141
1.0
144
-1.0
147
1.0
178
   256
271
     0
272
     0
279
     1
340
3A
342
3B
371
     5
372
     5
1001
ACAD_DSTYLE_DIMJAG
1070
   388
1040
1.5
1001
ACAD_DSTYLE_DIMTALN
1070
   392
1070
     0
  0
DIMSTYLE
105
41
330
2F
100
AcDbSymbolTableRecord
100
AcDbDimStyleTableRecord
  2
1-10
 70
     0
 40
5.0
 41
2.0
 42
2.0
 43
5.0
 44
2.0
 46
2.0
 73
     0
 74
     0
 77
     1
140
3.0
141
1.0
144
-1.0
147
1.0
271
     0
272
     0
279
     1
340
3A
342
3B
371
     5
372
     5
  0
DIMSTYLE
105
31
330
2F
100
AcDbSymbolTableRecord
100
AcDbDimStyleTableRecord
  2
SAR_1-2
 70
     0
 40
1.5
 41
2.0
 42
2.0
 43
2.0
 44
2.0
 73
     0
 74
     0
140
5.0
141
1.0
147
1.0
172
     1
176
     5
177
     5
178
     7
271
     0
272
     0
284
     8
285
     8
286
     8
289
     1
340
32
342
33
1001
ACAD_DSTYLE_DIMJAG
1070
   388
1040
1.5
1001
ACAD_DSTYLE_DIMTALN
1070
   392
1070
     0
  0
DIMSTYLE
105
42
330
2F
100
AcDbSymbolTableRecord
100
AcDbDimStyleTableRecord
  2
SAR_1-250
 70
     0
 40
250.0
 41
0.75
 42
1.0
 43
10.0
 44
1.0
 46
1.0
 73
     0
 74
     0
 78
     8
140
3.0
141
1.0
143
0.03937007874016
147
0.1
171
     3
172
     1
176
     5
177
     5
178
     7
271
     0
272
     0
274
     3
278
    44
283
     0
284
     8
340
43
342
44
371
    -1
372
    -1
1001
ACAD_DSTYLE_DIMBREAK
1070
   391
1040
3.75
1001
ACAD_DSTYLE_DIMJAG
1070
   388
1040
1.5
1001
ACAD_DSTYLE_DIMTALN
1070
   392
1070
     0
  0
ENDTAB
  0
TABLE
  2
BLOCK_RECORD
  5
1
330
0
100
AcDbSymbolTable
 70
     8
  0
BLOCK_RECORD
  5
2
102
{ACAD_XDICTIONARY
360
3
102
}
330
1
100
AcDbSymbolTableRecord
100
AcDbBlockTableRecord
  2
*Model_Space
340
16
 70
     0
280
     1
281
     0
  0
BLOCK_RECORD
  5
1A
330
1
100
AcDbSymbolTableRecord
100
AcDbBlockTableRecord
  2
*Paper_Space
340
1D
 70
     0
280
     1
281
     0
  0
BLOCK_RECORD
  5
3B
102
{ACAD_XDICTIONARY
360
3C
102
}
330
1
100
AcDbSymbolTableRecord
100
AcDbBlockTableRecord
  2
_OBLIQUE
340
0
 70
     0
280
     1
281
     0
  0
BLOCK_RECORD
  5
44
102
{ACAD_XDICTIONARY
360
45
102
}
330
1
100
AcDbSymbolTableRecord
100
AcDbBlockTableRecord
  2
_ArchTick
340
0
310
2800000020000000200000000100200000000000001000000100000001000000000000000000000000000000000000FF000000FF000000FFFFFFFFFF000000FF000000FF000000FF000000FF000000FF000000FF000000FF000000FF000000FF000000FF000000FF000000FF000000FF000000FF000000FF000000FF000000
310
FF000000FF000000FF000000FF000000FF000000FF000000FF000000FF000000FF000000FF000000FF000000FF000000FF000000FFFFFFFFFF000000FFFFFFFFFF000000FF000000FF000000FF000000FF000000FF000000FF000000FF000000FF000000FF000000FF000000FF000000FF000000FF000000FF000000FF0000
310
00FF000000FF000000FF000000FF000000FF000000FF000000FF000000FF000000FF000000FF000000FF000000FF000000FFFFFFFFFF000000FF000000FF000000FFFFFFFFFF000000FF000000FF000000FF000000FF000000FF000000FF000000FF000000FF000000FF000000FF000000FF000000FF000000FF000000FF00
310
0000FF000000FF000000FF000000FF000000FF000000FF000000FF000000FF000000FF000000FF000000FF000000FFFFFFFFFF000000FF000000FF000000FF000000FF000000FFFFFFFFFF000000FF000000FF000000FF000000FF000000FF000000FF000000FF000000FF000000FF000000FF000000FF000000FF000000FF
310
000000FF000000FF000000FF000000FF000000FF000000FF000000FF000000FF000000FF000000FF000000FF000000FF000000FFFFFFFFFF000000FF000000FF000000FF000000FF000000FFFFFFFFFF000000FF000000FF000000FF000000FF000000FF000000FF000000FF000000FF000000FF000000FF000000FF000000
310
FF000000FF000000FF000000FF000000FF000000FF000000FF000000FF000000FF000000FF000000FF000000FF000000FF000000FF000000FFFFFFFFFF000000FF000000FF000000FF000000FF000000FFFFFFFFFF000000FF000000FF000000FF000000FF000000FF000000FF000000FF000000FF000000FF000000FF0000
310
00FF000000FF000000FF000000FF000000FF000000FF000000FF000000FF000000FF000000FF000000FF000000FF000000FF000000FF000000FF000000FFFFFFFFFF000000FF000000FF000000FF000000FF000000FFFFFFFFFF000000FF000000FF000000FF000000FF000000FF000000FF000000FF000000FF000000FF00
310
0000FF000000FF000000FF000000FF000000FF000000FF000000FF000000FF000000FF000000FF000000FF000000FF000000FF000000FF000000FF000000FF000000FFFFFFFFFF000000FF000000FF000000FF000000FF000000FFFFFFFFFF000000FF000000FF000000FF000000FF000000FF000000FF000000FF000000FF
310
000000FF000000FF000000FF000000FF000000FF000000FF000000FF000000FF000000FF000000FF000000FF000000FF000000FF000000FF000000FF000000FF000000FF000000FFFFFFFFFF000000FF000000FF000000FF000000FF000000FFFFFFFFFF000000FF000000FF000000FF000000FF000000FF000000FF000000
310
FF000000FF000000FF000000FF000000FF000000FF000000FF000000FF000000FF000000FF000000FF000000FF000000FF000000FF000000FF000000FF000000FF000000FF000000FF000000FFFFFFFFFF000000FF000000FF000000FF000000FF000000FFFFFFFFFF000000FF000000FF000000FF000000FF000000FF0000
310
00FF000000FF000000FF000000FF000000FF000000FF000000FF000000FF000000FF000000FF000000FF000000FF000000FF000000FF000000FF000000FF000000FF000000FF000000FF000000FF000000FFFFFFFFFF000000FF000000FF000000FF000000FF000000FFFFFFFFFF000000FF000000FF000000FF000000FF00
310
0000FF000000FF000000FF000000FF000000FF000000FF000000FF000000FF000000FF000000FF000000FF000000FF000000FF000000FF000000FF000000FF000000FF000000FF000000FF000000FF000000FF000000FFFFFFFFFF000000FF000000FF000000FF000000FF000000FFFFFFFFFF000000FF000000FF000000FF
310
000000FF000000FF000000FF000000FF000000FF000000FF000000FF000000FF000000FF000000FF000000FF000000FF000000FF000000FF000000FF000000FF000000FF000000FF000000FF000000FF000000FF000000FF000000FFFFFFFFFF000000FF000000FF000000FF000000FF000000FFFFFFFFFF000000FF000000
310
FF000000FF000000FF000000FF000000FF000000FF000000FF000000FF000000FF000000FF000000FF000000FF000000FF000000FF000000FF000000FF000000FF000000FF000000FF000000FF000000FF000000FF000000FF000000FF000000FFFFFFFFFF000000FF000000FF000000FF000000FF000000FFFFFFFFFF0000
310
00FF000000FF000000FF000000FF000000FF000000FF000000FF000000FF000000FF000000FF000000FF000000FF000000FF000000FF000000FF000000FF000000FF000000FF000000FF000000FF000000FF000000FF000000FF000000FF000000FF000000FFFFFFFFFF000000FF000000FF000000FF000000FF000000FFFF
310
FFFFFF000000FF000000FF000000FF000000FF000000FF000000FF000000FF000000FF000000FF000000FF000000FF000000FF000000FF000000FF000000FF000000FF000000FF000000FF000000FF000000FF000000FF000000FF000000FF000000FF000000FF000000FFFFFFFFFF000000FF000000FF000000FF000000FF
310
000000FFFFFFFFFF000000FF000000FF000000FF000000FF000000FF000000FF000000FF000000FF000000FF000000FF000000FF000000FF000000FF000000FF000000FF000000FF000000FF000000FF000000FF000000FF000000FF000000FF000000FF000000FF000000FF000000FFFFFFFFFF000000FF000000FF000000
310
FF000000FF000000FFFFFFFFFF000000FF000000FF000000FF000000FF000000FF000000FF000000FF000000FF000000FF000000FF000000FF000000FF000000FF000000FF000000FF000000FF000000FF000000FF000000FF000000FF000000FF000000FF000000FF000000FF000000FF000000FFFFFFFFFF000000FF0000
310
00FF000000FF000000FF000000FFFFFFFFFF000000FF000000FF000000FF000000FF000000FF000000FF000000FF000000FF000000FF000000FF000000FF000000FF000000FF000000FF000000FF000000FF000000FF000000FF000000FF000000FF000000FF000000FF000000FF000000FF000000FF000000FFFFFFFFFF00
310
0000FF000000FF000000FF000000FF000000FFFFFFFFFF000000FF000000FF000000FF000000FF000000FF000000FF000000FF000000FF000000FF000000FF000000FF000000FF000000FF000000FF000000FF000000FF000000FF000000FF000000FF000000FF000000FF000000FF000000FF000000FF000000FF000000FF
310
FFFFFFFF000000FF000000FF000000FF000000FF000000FFFFFFFFFF000000FF000000FF000000FF000000FF000000FF000000FF000000FF000000FF000000FF000000FF000000FF000000FF000000FF000000FF000000FF000000FF000000FF000000FF000000FF000000FF000000FF000000FF000000FF000000FF000000
310
FF000000FFFFFFFFFF000000FF000000FF000000FF000000FF000000FFFFFFFFFF000000FF000000FF000000FF000000FF000000FF000000FF000000FF000000FF000000FF000000FF000000FF000000FF000000FF000000FF000000FF000000FF000000FF000000FF000000FF000000FF000000FF000000FF000000FF0000
310
00FF000000FF000000FFFFFFFFFF000000FF000000FF000000FF000000FF000000FFFFFFFFFF000000FF000000FF000000FF000000FF000000FF000000FF000000FF000000FF000000FF000000FF000000FF000000FF000000FF000000FF000000FF000000FF000000FF000000FF000000FF000000FF000000FF000000FF00
310
0000FF000000FF000000FF000000FFFFFFFFFF000000FF000000FF000000FF000000FF000000FFFFFFFFFF000000FF000000FF000000FF000000FF000000FF000000FF000000FF000000FF000000FF000000FF000000FF000000FF000000FF000000FF000000FF000000FF000000FF000000FF000000FF000000FF000000FF
310
000000FF000000FF000000FF000000FF000000FFFFFFFFFF000000FF000000FF000000FF000000FF000000FFFFFFFFFF000000FF000000FF000000FF000000FF000000FF000000FF000000FF000000FF000000FF000000FF000000FF000000FF000000FF000000FF000000FF000000FF000000FF000000FF000000FF000000
310
FF000000FF000000FF000000FF000000FF000000FF000000FFFFFFFFFF000000FF000000FF000000FF000000FF000000FFFFFFFFFF000000FF000000FF000000FF000000FF000000FF000000FF000000FF000000FF000000FF000000FF000000FF000000FF000000FF000000FF000000FF000000FF000000FF000000FF0000
310
00FF000000FF000000FF000000FF000000FF000000FF000000FF000000FFFFFFFFFF000000FF000000FF000000FF000000FF000000FFFFFFFFFF000000FF000000FF000000FF000000FF000000FF000000FF000000FF000000FF000000FF000000FF000000FF000000FF000000FF000000FF000000FF000000FF000000FF00
310
0000FF000000FF000000FF000000FF000000FF000000FF000000FF000000FF000000FFFFFFFFFF000000FF000000FF000000FF000000FF000000FFFFFFFFFF000000FF000000FF000000FF000000FF000000FF000000FF000000FF000000FF000000FF000000FF000000FF000000FF000000FF000000FF000000FF000000FF
310
000000FF000000FF000000FF000000FF000000FF000000FF000000FF000000FF000000FF000000FFFFFFFFFF000000FF000000FF000000FF000000FF000000FFFFFFFFFF000000FF000000FF000000FF000000FF000000FF000000FF000000FF000000FF000000FF000000FF000000FF000000FF000000FF000000FF000000
310
FF000000FF000000FF000000FF000000FF000000FF000000FF000000FF000000FF000000FF000000FF000000FFFFFFFFFF000000FF000000FF000000FF000000FF000000FFFFFFFFFF000000FF000000FF000000FF000000FF000000FF000000FF000000FF000000FF000000FF000000FF000000FF000000FF000000FF0000
310
00FF000000FF000000FF000000FF000000FF000000FF000000FF000000FF000000FF000000FF000000FF000000FF000000FFFFFFFFFF000000FF000000FF000000FFFFFFFFFF000000FF000000FF000000FF000000FF000000FF000000FF000000FF000000FF000000FF000000FF000000FF000000FF000000FF000000FF00
310
0000FF000000FF000000FF000000FF000000FF000000FF000000FF000000FF000000FF000000FF000000FF000000FF000000FF000000FFFFFFFFFF000000FFFFFFFFFF000000FF000000FF000000FF000000FF000000FF000000FF000000FF000000FF000000FF000000FF000000FF000000FF000000FF000000FF000000FF
310
000000FF000000FF000000FF000000FF000000FF000000FF000000FF000000FF000000FF000000FF000000FF000000FF000000FF000000FF000000FFFFFFFFFF000000FF000000FF
 70
     0
280
     1
281
     0
  0
BLOCK_RECORD
  5
33
330
1
100
AcDbSymbolTableRecord
100
AcDbBlockTableRecord
  2
huseyin1_ArchTick
340
0
310
2800000020000000200000000100080000000000000400000000000000000000000000000000000000000000000080000080000000808000800000008000800080800000C0C0C000C0DCC000F0CAA6000020400000206000002080000020A0000020C0000020E00000400000004020000040400000406000004080000040A0
310
000040C0000040E00000600000006020000060400000606000006080000060A0000060C0000060E00000800000008020000080400000806000008080000080A0000080C0000080E00000A0000000A0200000A0400000A0600000A0800000A0A00000A0C00000A0E00000C0000000C0200000C0400000C0600000C0800000C0
310
A00000C0C00000C0E00000E0000000E0200000E0400000E0600000E0800000E0A00000E0C00000E0E00040000000400020004000400040006000400080004000A0004000C0004000E00040200000402020004020400040206000402080004020A0004020C0004020E000404000004040200040404000404060004040800040
310
40A0004040C0004040E00040600000406020004060400040606000406080004060A0004060C0004060E00040800000408020004080400040806000408080004080A0004080C0004080E00040A0000040A0200040A0400040A0600040A0800040A0A00040A0C00040A0E00040C0000040C0200040C0400040C0600040C08000
310
40C0A00040C0C00040C0E00040E0000040E0200040E0400040E0600040E0800040E0A00040E0C00040E0E00080000000800020008000400080006000800080008000A0008000C0008000E00080200000802020008020400080206000802080008020A0008020C0008020E00080400000804020008040400080406000804080
310
008040A0008040C0008040E00080600000806020008060400080606000806080008060A0008060C0008060E00080800000808020008080400080806000808080008080A0008080C0008080E00080A0000080A0200080A0400080A0600080A0800080A0A00080A0C00080A0E00080C0000080C0200080C0400080C0600080C0
310
800080C0A00080C0C00080C0E00080E0000080E0200080E0400080E0600080E0800080E0A00080E0C00080E0E000C0000000C0002000C0004000C0006000C0008000C000A000C000C000C000E000C0200000C0202000C0204000C0206000C0208000C020A000C020C000C020E000C0400000C0402000C0404000C0406000C0
310
408000C040A000C040C000C040E000C0600000C0602000C0604000C0606000C0608000C060A000C060C000C060E000C0800000C0802000C0804000C0806000C0808000C080A000C080C000C080E000C0A00000C0A02000C0A04000C0A06000C0A08000C0A0A000C0A0C000C0A0E000C0C00000C0C02000C0C04000C0C06000
310
C0C08000C0C0A000F0FBFF00A4A0A000808080000000FF0000FF000000FFFF00FF000000FF00FF00FFFF0000FFFFFF00000000FF000000000000000000000000000000000000000000000000000000000000FF00FF00000000000000000000000000000000000000000000000000000000FF000000FF000000000000000000
310
0000000000000000000000000000000000FF0000000000FF0000000000000000000000000000000000000000000000000000FF0000000000FF0000000000000000000000000000000000000000000000000000FF0000000000FF0000000000000000000000000000000000000000000000000000FF0000000000FF00000000
310
00000000000000000000000000000000000000000000FF0000000000FF0000000000000000000000000000000000000000000000000000FF0000000000FF0000000000000000000000000000000000000000000000000000FF0000000000FF0000000000000000000000000000000000000000000000000000FF0000000000
310
FF0000000000000000000000000000000000000000000000000000FF0000000000FF0000000000000000000000000000000000000000000000000000FF0000000000FF0000000000000000000000000000000000000000000000000000FF0000000000FF0000000000000000000000000000000000000000000000000000FF
310
0000000000FF0000000000000000000000000000000000000000000000000000FF0000000000FF0000000000000000000000000000000000000000000000000000FF0000000000FF0000000000000000000000000000000000000000000000000000FF0000000000FF00000000000000000000000000000000000000000000
310
00000000FF0000000000FF0000000000000000000000000000000000000000000000000000FF0000000000FF0000000000000000000000000000000000000000000000000000FF0000000000FF0000000000000000000000000000000000000000000000000000FF0000000000FF0000000000000000000000000000000000
310
000000000000000000FF0000000000FF0000000000000000000000000000000000000000000000000000FF0000000000FF0000000000000000000000000000000000000000000000000000FF0000000000FF0000000000000000000000000000000000000000000000000000FF0000000000FF000000000000000000000000
310
0000000000000000000000000000FF0000000000FF0000000000000000000000000000000000000000000000000000FF0000000000FF0000000000000000000000000000000000000000000000000000FF0000000000FF0000000000000000000000000000000000000000000000000000FF000000FF000000000000000000
310
00000000000000000000000000000000000000FF00FF000000000000000000000000000000000000000000000000000000000000FF000000
 70
     0
280
     1
281
     0
  0
BLOCK_RECORD
  5
97
102
{ACAD_XDICTIONARY
360
98
102
}
330
1
100
AcDbSymbolTableRecord
100
AcDbBlockTableRecord
  2
E50 R 12
340
0
102
{BLKREFS
331
96
102
}
 70
     0
280
     1
281
     0
1001
AcDbDynamicBlockGUID
1000
{9874E319-0316-2D46-BF6E-7BEE8C541556}
  0
BLOCK_RECORD
  5
1B4
330
1
100
AcDbSymbolTableRecord
100
AcDbBlockTableRecord
  2
E50 M 10
340
0
102
{BLKREFS
331
1B3
102
}
 70
     0
280
     1
281
     0
  0
BLOCK_RECORD
  5
AB
102
{ACAD_XDICTIONARY
360
AC
102
}
330
1
100
AcDbSymbolTableRecord
100
AcDbBlockTableRecord
  2
01.02.24
340
0
310
2800000020000000200000000100200000000000001000000100000001000000000000000000000000000000FFFFFFFFFFFFFFFFFFFFFFFFFFFFFFFFFFFFFFFFFFFFFFFFFFFFFFFFFFFFFFFFFFFFFFFFFFFFFFFFFFFFFFFFFFFFFFFFFFFFFFFFFFFFFFFFFFFFFFFFFFFFFFFFFFFFFFFFFFFFFFFFFFFFFFFFFFFFFFFFFFFFFF
310
FFFFFFFFFFFFFFFFFFFFFFFFFFFFFFFFFFFFFFFFFFFFFFFFFFFFFFFFFFFFFFFFFFFFFFFFFFFFFFFFFFFFFFFFFFFFFFFFFFFFFFFFFFFFFFFFFFFFFFFFFFFFFFFFFFFFFFFFFFFFFFFFFFFFFFFFFF000000FF000000FFFFFFFFFFFFFFFFFFFFFFFFFFFFFFFFFFFFFFFFFFFFFFFFFFFFFFFFFFFFFFFFFFFFFFFFFFFFFFFFFFFFFF
310
FFFFFFFFFFFF000000FF000000FFFFFFFFFFFFFFFFFFFFFFFFFFFFFFFFFFFFFFFFFFFFFFFFFFFFFFFFFFFFFFFFFFFFFFFFFFFFFFFFFFFFFFFFFFFFFFFFFFFFFFFFFFFFFFFFFFFFFFFFFFFFFFFFFF000000FF000000FFFFFFFFFFFFFFFFFFFFFFFFFFFFFFFFFFFFFFFFFFFFFFFFFFFFFFFFFFFFFFFFFFFFFFFFFFFFFFFFFFFF
310
FFFFFF898989FF000000FF000000FFFFFFFFFFFFFFFFFFFFFFFFFFFFFFFFFFFFFFFFFFFFFFFFFFFFFFFFFFFFFFFFFFFFFFFFFFFFFFFFFFFFFFFFFFFFFFFFFFFFFFFFFFFFFFFFFFFFFFFFFFFFFFFFFF000000FFFFFFFFFF000000FFFFFFFFFFFFFFFFFFFFFFFFFFFFFFFFFFFFFFFFFFFFFFFFFFFFFFFFFFFFFFFFFFFFFFFFFF
310
FFFFFFFF000000FF898989FF000000FFFFFFFFFFFFFFFFFFFFFFFFFFFFFFFFFFFFFFFFFFFFFFFFFFFFFFFFFFFFFFFFFFFFFFFFFFFFFFFFFFFFFFFFFFFFFFFFFFFFFFFFFFFFFFFFFFFFFFFFFFFFFFFFFFFFFFFFFF000000FF000000FF000000FF000000FF000000FFFFFFFFFFFFFFFFFFFFFFFFFFFFFFFFFF000000FF000000
310
FF000000FF000000FF000000FFFFFFFFFFFFFFFFFFFFFFFFFFFFFFFFFFFFFFFFFFFFFFFFFFFFFFFFFFFFFFFFFFFFFFFFFFFFFFFFFFFFFFFFFFFFFFFFFFFFFFFFFFFFFFFFFFFFFFFFFFFFFFFFFFFFFFFFFFFFFFFFFFFFFFFFFF898989FF000000FFFFFFFFFF898989FF000000FF000000FF000000FF000000FFFFFFFFFFFFFF
310
FFFF000000FF898989FFFFFFFFFFFFFFFFFFFFFFFFFFFFFFFFFFFFFFFFFFFFFFFFFFFFFFFFFFFFFFFFFFFFFFFFFFFFFFFFFFFFFFFFFFFFFFFFFFFFFFFFFFFFFFFFFFFFFFFFFFFFFFFFFFFFFFFFFFFFFFFFFF000000FF000000FF000000FF000000FF898989FFFFFFFFFF898989FFFFFFFFFF898989FFFFFFFFFF898989FF89
310
8989FF000000FF000000FF000000FF000000FFFFFFFFFFFFFFFFFFFFFFFFFFFFFFFFFFFFFFFFFFFFFFFFFFFFFFFFFFFFFFFFFFFFFFFFFFFFFFFFFFFFFFFFFFFFFFFFFFFFFFFFFFFFFFFFFFFFFFFFFFFFFFFFFF000000FF898989FFFFFFFFFF898989FF898989FFFFFFFFFFFFFFFFFF898989FF898989FFFFFFFFFF898989FF
310
898989FFFFFFFFFFFFFFFFFF898989FF000000FFFFFFFFFFFFFFFFFFFFFFFFFFFFFFFFFFFFFFFFFFFFFFFFFFFFFFFFFFFFFFFFFFFFFFFFFFFFFFFFFFFFFFFFFFFFFFFFFFFFFFFFFFFFFFFFFFFFFFFFFFFFFFFFFF000000FFFFFFFFFF898989FFFFFFFFFF000000FF000000FF000000FF000000FF000000FF000000FF000000
310
FF000000FF898989FF898989FFFFFFFFFF000000FFFFFFFFFFFFFFFFFFFFFFFFFFFFFFFFFFFFFFFFFFFFFFFFFFFFFFFFFFFFFFFFFFFFFFFFFFFFFFFFFFFFFFFFFFFFFFFFFFFFFFFFFFFFFFFFFFFFFFFFFFFFFFFFFF000000FF898989FFFFFFFFFF000000FF000000FFFFFFFFFFFFFFFFFFFFFFFFFFFFFFFFFFFFFFFFFFFFFF
310
FFFF000000FF000000FF898989FFFFFFFFFF000000FFFFFFFFFFFFFFFFFFFFFFFFFFFFFFFFFFFFFFFFFFFFFFFFFFFFFFFFFFFFFFFFFFFFFFFFFFFFFFFFFFFFFFFFFFFFFFFFFFFFFFFFFFFFFFFFFFFFFFFFFFFFFFFFFF000000FF898989FFFFFFFFFF000000FFFFFFFFFFFFFFFFFFFFFFFFFFFFFFFFFFFFFFFFFFFFFFFFFFFF
310
FFFFFFFFFFFFFF000000FFFFFFFFFF898989FF000000FFFFFFFFFFFFFFFFFFFFFFFFFFFFFFFFFFFFFFFFFFFFFFFFFFFFFFFFFFFFFFFFFFFFFFFFFFFFFFFFFFFFFFFFFFFFFFFFFFFFFFFFFFFFFFFFFFFFFFFFFFFFFFFFFF000000FFFFFFFFFF898989FF000000FFFFFFFFFFFFFFFFFFFFFFFFFFFFFFFFFFFFFFFFFFFFFFFFFF
310
FFFFFFFFFFFFFFFF000000FF898989FFFFFFFFFF000000FFFFFFFFFFFFFFFFFFFFFFFFFFFFFFFFFFFFFFFFFFFFFFFFFFFFFFFFFFFFFFFFFFFFFFFFFFFFFFFFFFFFFFFFFFFFFFFFFFFFFFFFFFFFFFFFFFFFFFFFFFFFFFFFFF000000FFFFFFFFFF898989FF000000FFFFFFFFFFFFFFFFFFFFFFFFFFFFFFFFFFFFFFFFFFFFFFFF
310
FFFFFFFFFFFFFFFFFF000000FF898989FFFFFFFFFF000000FFFFFFFFFFFFFFFFFFFFFFFFFFFFFFFFFFFFFFFFFFFFFFFFFFFFFFFFFFFFFFFFFFFFFFFFFFFFFFFFFFFFFFFFFFFFFFFFFFFFFFFFFFFFFFFFFFFFFFFFFFFFFFFFFF000000FF898989FFFFFFFFFF000000FF000000FF000000FF000000FF000000FF000000FF0000
310
00FF000000FF000000FF000000FFFFFFFFFF898989FF000000FFFFFFFFFFFFFFFFFFFFFFFFFFFFFFFFFFFFFFFFFFFFFFFFFFFFFFFFFFFFFFFFFFFFFFFFFFFFFFFFFFFFFFFFFFFFFFFFFFFFFFFFFFFFFFFFFFFFFFFFFFFFFFFFFF000000FF898989FFFFFFFFFF898989FF898989FFFFFFFFFFFFFFFFFF898989FF898989FFFF
310
FFFFFF898989FF898989FFFFFFFFFF898989FFFFFFFFFF000000FFFFFFFFFFFFFFFFFFFFFFFFFFFFFFFFFFFFFFFFFFFFFFFFFFFFFFFFFFFFFFFFFFFFFFFFFFFFFFFFFFFFFFFFFFFFFFFFFFFFFFFFFFFFFFFFFFFFFFFFFFFFFFFFFF000000FFFFFFFFFF898989FFFFFFFFFFFFFFFFFF898989FF898989FFFFFFFFFFFFFFFFFF
310
898989FFFFFFFFFFFFFFFFFF898989FFFFFFFFFFFFFFFFFF000000FFFFFFFFFFFFFFFFFFFFFFFFFFFFFFFFFFFFFFFFFFFFFFFFFFFFFFFFFFFFFFFFFFFFFFFFFFFFFFFFFFFFFFFFFFFFFFFFFFFFFFFFFFFFFFFFFFFFFFFFFFFFFFFFFF000000FF898989FFFFFFFFFF000000FF000000FF000000FF000000FF000000FF000000
310
FF000000FF000000FF000000FF000000FF898989FF898989FF000000FFFFFFFFFFFFFFFFFFFFFFFFFFFFFFFFFFFFFFFFFFFFFFFFFFFFFFFFFFFFFFFFFFFFFFFFFFFFFFFFFFFFFFFFFFFFFFFFFFFFFFFFFFFFFFFFFFFFFFFFFFFFFFFFFF000000FF898989FFFFFFFFFF000000FFFFFFFFFFFFFFFFFFFFFFFFFFFFFFFFFFFFFF
310
FFFFFFFFFFFFFFFFFFFFFFFFFFFF000000FF898989FF898989FF000000FFFFFFFFFFFFFFFFFFFFFFFFFFFFFFFFFFFFFFFFFFFFFFFFFFFFFFFFFFFFFFFFFFFFFFFFFFFFFFFFFFFFFFFFFFFFFFFFFFFFFFFFFFFFFFFFFFFFFFFFFFFFFFFFFF000000FFFFFFFFFF898989FF000000FFFFFFFFFFFFFFFFFFFFFFFFFFFFFFFFFFFF
310
FFFFFFFFFFFFFFFFFFFFFFFFFFFFFF000000FFFFFFFFFFFFFFFFFF000000FFFFFFFFFFFFFFFFFFFFFFFFFFFFFFFFFFFFFFFFFFFFFFFFFFFFFFFFFFFFFFFFFFFFFFFFFFFFFFFFFFFFFFFFFFFFFFFFFFFFFFFFFFFFFFFFFFFFFFFFFFFFFFFFFF000000FF898989FFFFFFFFFF000000FFFFFFFFFFFFFFFFFFFFFFFFFFFFFFFFFF
310
FFFFFFFFFFFFFFFFFFFFFFFFFFFFFFFF000000FF898989FFFFFFFFFF000000FFFFFFFFFFFFFFFFFFFFFFFFFFFFFFFFFFFFFFFFFFFFFFFFFFFFFFFFFFFFFFFFFFFFFFFFFFFFFFFFFFFFFFFFFFFFFFFFFFFFFFFFFFFFFFFFFFFFFFFFFFFFFFFFFF000000FFFFFFFFFFFFFFFFFF000000FFFFFFFFFFFFFFFFFFFFFFFFFFFFFFFF
310
FFFFFFFFFFFFFFFFFFFFFFFFFFFFFFFFFF000000FFFFFFFFFF898989FF000000FFFFFFFFFFFFFFFFFFFFFFFFFFFFFFFFFFFFFFFFFFFFFFFFFFFFFFFFFFFFFFFFFFFFFFFFFFFFFFFFFFFFFFFFFFFFFFFFFFFFFFFFFFFFFFFFFFFFFFFFFFFFFFFFFF000000FF898989FFFFFFFFFF000000FF000000FF000000FF000000FF0000
310
00FF000000FF000000FF000000FF000000FF000000FF898989FFFFFFFFFF000000FFFFFFFFFFFFFFFFFFFFFFFFFFFFFFFFFFFFFFFFFFFFFFFFFFFFFFFFFFFFFFFFFFFFFFFFFFFFFFFFFFFFFFFFFFFFFFFFFFFFFFFFFFFFFFFFFFFFFFFFFFFFFFFFFF000000FFFFFFFFFF898989FFFFFFFFFFFFFFFFFF898989FF898989FFFF
310
FFFFFF898989FF898989FFFFFFFFFFFFFFFFFF898989FF898989FFFFFFFFFF000000FFFFFFFFFFFFFFFFFFFFFFFFFFFFFFFFFFFFFFFFFFFFFFFFFFFFFFFFFFFFFFFFFFFFFFFFFFFFFFFFFFFFFFFFFFFFFFFFFFFFFFFFFFFFFFFFFFFFFFFFFFFFFFFFFF000000FF898989FFFFFFFFFF898989FF898989FFFFFFFFFFFFFFFFFF
310
898989FF898989FFFFFFFFFF898989FF898989FFFFFFFFFFFFFFFFFF898989FF000000FFFFFFFFFFFFFFFFFFFFFFFFFFFFFFFFFFFFFFFFFFFFFFFFFFFFFFFFFFFFFFFFFFFFFFFFFFFFFFFFFFFFFFFFFFFFFFFFFFFFFFFFFFFFFFFFFFFFFFFFFFFFFFFFFF000000FF000000FF000000FF000000FF000000FFFFFFFFFF000000
310
FF000000FF000000FF000000FF898989FF000000FF000000FF000000FF000000FF000000FFFFFFFFFFFFFFFFFFFFFFFFFFFFFFFFFFFFFFFFFFFFFFFFFFFFFFFFFFFFFFFFFFFFFFFFFFFFFFFFFFFFFFFFFFFFFFFFFFFFFFFFFFFFFFFFFFFFFFFFFFFFFFFFFFFFFFFFFFFFFFFFFFFFFFFFFFFFFFFFFF000000FF898989FF0000
310
00FFFFFFFFFFFFFFFFFF000000FFFFFFFFFF000000FFFFFFFFFFFFFFFFFFFFFFFFFFFFFFFFFFFFFFFFFFFFFFFFFFFFFFFFFFFFFFFFFFFFFFFFFFFFFFFFFFFFFFFFFFFFFFFFFFFFFFFFFFFFFFFFFFFFFFFFFFFFFFFFFFFFFFFFFFFFFFFFFFFFFFFFFFFFFFFFFFFFFFFFFFFFFFFFFFFFFFFFFFFFFFFFFF000000FFFFFFFFFF00
310
0000FFFFFFFFFFFFFFFFFF000000FF898989FF000000FFFFFFFFFFFFFFFFFFFFFFFFFFFFFFFFFFFFFFFFFFFFFFFFFFFFFFFFFFFFFFFFFFFFFFFFFFFFFFFFFFFFFFFFFFFFFFFFFFFFFFFFFFFFFFFFFFFFFFFFFFFFFFFFFFFFFFFFFFFFFFFFFFFFFFFFFFFFFFFFFFFFFFFFFFFFFFFFFFFFFFFFFF000000FFFFFFFFFFFFFFFFFF
310
000000FFFFFFFFFFFFFFFFFF000000FF898989FFFFFFFFFF000000FFFFFFFFFFFFFFFFFFFFFFFFFFFFFFFFFFFFFFFFFFFFFFFFFFFFFFFFFFFFFFFFFFFFFFFFFFFFFFFFFFFFFFFFFFFFFFFFFFFFFFFFFFFFFFFFFFFFFFFFFFFFFFFFFFFFFFFFFFFFFFFFFFFFFFFFFFFFFFFFFFFFFFFFFFFFFFFFFFFFFFFFFF000000FFFFFFFF
310
FF000000FF000000FF000000FF000000FF898989FF000000FFFFFFFFFFFFFFFFFFFFFFFFFFFFFFFFFFFFFFFFFFFFFFFFFFFFFFFFFFFFFFFFFFFFFFFFFFFFFFFFFFFFFFFFFFFFFFFFFFFFFFFFFFFFFFFFFFFFFFFFFFFFFFFFFFFFFFFFFFFFFFFFFFFFFFFFFFFFFFFFFFFFFFFFFFFFFFFFFFFFFFFFFFFFFFFFFFFFFFFFFF0000
310
00FFFFFFFFFFFFFFFFFFFFFFFFFF898989FF000000FFFFFFFFFFFFFFFFFFFFFFFFFFFFFFFFFFFFFFFFFFFFFFFFFFFFFFFFFFFFFFFFFFFFFFFFFFFFFFFFFFFFFFFFFFFFFFFFFFFFFFFFFFFFFFFFFFFFFFFFFFFFFFFFFFFFFFFFFFFFFFFFFFFFFFFFFFFFFFFFFFFFFFFFFFFFFFFFFFFFFFFFFFFFFFFFFFFFFFFFFFFFFFFFFFFF
310
FFFFFF000000FF000000FF000000FF000000FFFFFFFFFFFFFFFFFFFFFFFFFFFFFFFFFFFFFFFFFFFFFFFFFFFFFFFFFFFFFFFFFFFFFFFFFFFFFFFFFFFFFFFFFFFFFFFFFFFFFFFFFFFFFFFFFFFFFFFFFFFFFFFFFFFFFFFFFFFFFFFFFFFFFFFFFFFFFFFFFFFFFFFFFFFFFFFFFFFFFFFFFFFFFFFFFFFFFFFFFFFFFFFFFFFFFFFFFF
310
FFFFFFFFFFFFFFFFFFFFFFFFFFFFFFFFFFFFFFFFFFFFFFFFFFFFFFFFFFFFFFFFFFFFFFFFFFFFFFFFFFFFFFFFFFFFFFFFFFFFFFFFFFFFFFFFFFFFFFFFFFFFFFFFFFFFFFFFFFFFFFFF
102
{BLKREFS
331
AA
102
}
 70
     4
280
     1
281
     0
1001
AcDbDynamicBlockGUID
1000
{8D403D77-3F1C-2F4A-9506-542D7B978EA9}
  0
BLOCK_RECORD
  5
B7
102
{ACAD_XDICTIONARY
360
B8
102
}
330
1
100
AcDbSymbolTableRecord
100
AcDbBlockTableRecord
  2
4.8 x 38
340
0
310
2800000020000000200000000100200000000000001000000100000001000000000000000000000000000000FFFFFFFFFFFFFFFFFFFFFFFFFFFFFFFFFFFFFFFFFFFFFFFFFFFFFFFFFFFFFFFFFFFFFFFFFFFFFFFFFFFFFFFFFFFFFFFFFFFFFFFFFFFFFFFFFFFFFFFFFFFFFFFFFFFFFFFFFFFFFFFFFFFFFFFFFFFFFFFFFFFFFF
310
FFFFFFFFFFFFFFFFFFFFFFFFFFFFFFFFFFFFFFFFFFFFFFFFFFFFFFFFFFFFFFFFFFFFFFFFFFFFFFFFFFFFFFFFFFFFFFFFFFFFFFFFFFFFFFFFFFFFFFFFFFFFFFFFFFFFFFFFFFFFFFFFFFFFFFFFFFFFFFFFFFFFFFFFFFFFFFFFFFFFFFFFFF000000FF000000FF000000FF000000FF000000FF000000FF000000FF000000FFFFFF
310
FFFFFFFFFFFFFFFFFFFFFFFFFFFFFFFFFFFFFFFFFFFFFFFFFFFFFFFFFFFFFFFFFFFFFFFFFFFFFFFFFFFFFFFFFFFFFFFFFFFFFFFFFFFFFFFFFFFFFFFFFFFFFFFFFFFFFFFFFFFFFFFFFFFFFFFFFFFFFFFFFFFFFFFFFFFFFFFFFFFFFFFFFFFF000000FF000000FF000000FF000000FF000000FF000000FF000000FF000000FFFF
310
FFFFFFFFFFFFFFFFFFFFFFFFFFFFFFFFFFFFFFFFFFFFFFFFFFFFFFFFFFFFFFFFFFFFFFFFFFFFFFFFFFFFFFFFFFFFFFFFFFFFFFFFFFFFFFFFFFFFFFFFFFFFFFFFFFFFFFFFFFFFFFFFFFFFFFFFFFFFFFFFFFFFFFFFFFFFFFFFFFFFFFFFFFFFFFFFFFFFFF000000FFFFFFFFFFFFFFFFFFFFFFFFFFFFFFFFFF000000FFFFFFFFFF
310
FFFFFFFFFFFFFFFFFFFFFFFFFFFFFFFFFFFFFFFFFFFFFFFFFFFFFFFFFFFFFFFFFFFFFFFFFFFFFFFFFFFFFFFFFFFFFFFFFFFFFFFFFFFFFFFFFFFFFFFFFFFFFFFFFFFFFFFFFFFFFFFFFFFFFFFFFFFFFFFFFFFFFFFFFFFFFFFFFFFFFFFFFFFFFFFFFFFFFFFFFFFFFFFF000000FF000000FF000000FF000000FFFFFFFFFFFFFFFF
310
FFFFFFFFFFFFFFFFFFFFFFFFFFFFFFFFFFFFFFFFFFFFFFFFFFFFFFFFFFFFFFFFFFFFFFFFFFFFFFFFFFFFFFFFFFFFFFFFFFFFFFFFFFFFFFFFFFFFFFFFFFFFFFFFFFFFFFFFFFFFFFFFFFFFFFFFFFFFFFFFFFFFFFFFFFFFFFFFFFFFFFFFFFFFFFFFFFFFFFFFFFFFFFFFFF000000FF000000FF000000FF000000FFFFFFFFFFFFFF
310
FFFFFFFFFFFFFFFFFFFFFFFFFFFFFFFFFFFFFFFFFFFFFFFFFFFFFFFFFFFFFFFFFFFFFFFFFFFFFFFFFFFFFFFFFFFFFFFFFFFFFFFFFFFFFFFFFFFFFFFFFFFFFFFFFFFFFFFFFFFFFFFFFFFFFFFFFFFFFFFFFFFFFFFFFFFFFFFFFFFFFFFFFFFFFFFFFFFFFFFFFFFFFFFFFFFF000000FF000000FF000000FF000000FFFFFFFFFFFF
310
FFFFFFFFFFFFFFFFFFFFFFFFFFFFFFFFFFFFFFFFFFFFFFFFFFFFFFFFFFFFFFFFFFFFFFFFFFFFFFFFFFFFFFFFFFFFFFFFFFFFFFFFFFFFFFFFFFFFFFFFFFFFFFFFFFFFFFFFFFFFFFFFFFFFFFFFFFFFFFFFFFFFFFFFFFFFFFFFFFFFFFFFFFFFFFFFFFFFFFFFFFFFFFFFFFFFFF000000FF000000FF000000FF000000FFFFFFFFFF
310
FFFFFFFFFFFFFFFFFFFFFFFFFFFFFFFFFFFFFFFFFFFFFFFFFFFFFFFFFFFFFFFFFFFFFFFFFFFFFFFFFFFFFFFFFFFFFFFFFFFFFFFFFFFFFFFFFFFFFFFFFFFFFFFFFFFFFFFFFFFFFFFFFFFFFFFFFFFFFFFFFFFFFFFFFFFFFFFFFFFFFFFFFFFFFFFFFFFFFFFFFFFFFFFFFFFFFFFF000000FF000000FF000000FF000000FFFFFFFF
310
FFFFFFFFFFFFFFFFFFFFFFFFFFFFFFFFFFFFFFFFFFFFFFFFFFFFFFFFFFFFFFFFFFFFFFFFFFFFFFFFFFFFFFFFFFFFFFFFFFFFFFFFFFFFFFFFFFFFFFFFFFFFFFFFFFFFFFFFFFFFFFFFFFFFFFFFFFFFFFFFFFFFFFFFFFFFFFFFFFFFFFFFFFFFFFFFFFFFFFFFFFFFFFFFFFFFFFFFFF000000FF000000FF000000FF000000FFFFFF
310
FFFFFFFFFFFFFFFFFFFFFFFFFFFFFFFFFFFFFFFFFFFFFFFFFFFFFFFFFFFFFFFFFFFFFFFFFFFFFFFFFFFFFFFFFFFFFFFFFFFFFFFFFFFFFFFFFFFFFFFFFFFFFFFFFFFFFFFFFFFFFFFFFFFFFFFFFFFFFFFFFFFFFFFFFFFFFFFFFFFFFFFFFFFFFFFFFFFFFFFFFFFFFFFFFFFFFFFFFFFF000000FF000000FF000000FF000000FFFF
310
FFFFFFFFFFFFFFFFFFFFFFFFFFFFFFFFFFFFFFFFFFFFFFFFFFFFFFFFFFFFFFFFFFFFFFFFFFFFFFFFFFFFFFFFFFFFFFFFFFFFFFFFFFFFFFFFFFFFFFFFFFFFFFFFFFFFFFFFFFFFFFFFFFFFFFFFFFFFFFFFFFFFFFFFFFFFFFFFFFFFFFFFFFFFFFFFFFFFFFFFFFFFFFFFFFFFFFFFFFFFFF000000FF000000FF000000FF000000FF
310
FFFFFFFFFFFFFFFFFFFFFFFFFFFFFFFFFFFFFFFFFFFFFFFFFFFFFFFFFFFFFFFFFFFFFFFFFFFFFFFFFFFFFFFFFFFFFFFFFFFFFFFFFFFFFFFFFFFFFFFFFFFFFFFFFFFFFFFFFFFFFFFFFFFFFFFFFFFFFFFFFFFFFFFFFFFFFFFFFFFFFFFFFFFFFFFFFFFFFFFFFFFFFFFFFFFFFFFFFFFFFFFF000000FF000000FF000000FF000000
310
FFFFFFFFFFFFFFFFFFFFFFFFFFFFFFFFFFFFFFFFFFFFFFFFFFFFFFFFFFFFFFFFFFFFFFFFFFFFFFFFFFFFFFFFFFFFFFFFFFFFFFFFFFFFFFFFFFFFFFFFFFFFFFFFFFFFFFFFFFFFFFFFFFFFFFFFFFFFFFFFFFFFFFFFFFFFFFFFFFFFFFFFFFFFFFFFFFFFFFFFFFFFFFFFFFFFFFFFFFFFFFFFFF000000FF000000FF000000FF0000
310
00FFFFFFFFFFFFFFFFFFFFFFFFFFFFFFFFFFFFFFFFFFFFFFFFFFFFFFFFFFFFFFFFFFFFFFFFFFFFFFFFFFFFFFFFFFFFFFFFFFFFFFFFFFFFFFFFFFFFFFFFFFFFFFFFFFFFFFFFFFFFFFFFFFFFFFFFFFFFFFFFFFFFFFFFFFFFFFFFFFFFFFFFFFFFFFFFFFFFFFFFFFFFFFFFFFFFFFFFFFFFFFFFFF000000FF000000FF000000FF00
310
0000FFFFFFFFFFFFFFFFFFFFFFFFFFFFFFFFFFFFFFFFFFFFFFFFFFFFFFFFFFFFFFFFFFFFFFFFFFFFFFFFFFFFFFFFFFFFFFFFFFFFFFFFFFFFFFFFFFFFFFFFFFFFFFFFFFFFFFFFFFFFFFFFFFFFFFFFFFFFFFFFFFFFFFFFFFFFFFFFFFFFFFFFFFFFFFFFFFFFFFFFFFFFFFFFFFFFFFFFFFFFFFFFFF000000FF000000FF000000FF
310
000000FFFFFFFFFFFFFFFFFFFFFFFFFFFFFFFFFFFFFFFFFFFFFFFFFFFFFFFFFFFFFFFFFFFFFFFFFFFFFFFFFFFFFFFFFFFFFFFFFFFFFFFFFFFFFFFFFFFFFFFFFFFFFFFFFFFFFFFFFFFFFFFFFFFFFFFFFFFFFFFFFFFFFFFFFFFFFFFFFFFFFFFFFFFFFFFFFFFFFFFFFFFFFFFFFFFFFFFFFFFFFFFFFF000000FF000000FF000000
310
FF000000FFFFFFFFFFFFFFFFFFFFFFFFFFFFFFFFFFFFFFFFFFFFFFFFFFFFFFFFFFFFFFFFFFFFFFFFFFFFFFFFFFFFFFFFFFFFFFFFFFFFFFFFFFFFFFFFFFFFFFFFFFFFFFFFFFFFFFFFFFFFFFFFFFFFFFFFFFFFFFFFFFFFFFFFFFFFFFFFFFFFFFFFFFFFFFFFFFFFFFFFFFFFFFFFFFFFFFFFFFFFFFFFFF000000FF000000FF0000
310
00FF000000FFFFFFFFFFFFFFFFFFFFFFFFFFFFFFFFFFFFFFFFFFFFFFFFFFFFFFFFFFFFFFFFFFFFFFFFFFFFFFFFFFFFFFFFFFFFFFFFFFFFFFFFFFFFFFFFFFFFFFFFFFFFFFFFFFFFFFFFFFFFFFFFFFFFFFFFFFFFFFFFFFFFFFFFFFFFFFFFFFFFFFFFFFFFFFFFFFFFFFFFFFFFFFFFFFFFFFFFFFFFFFFFFF000000FF000000FF00
310
0000FF000000FFFFFFFFFFFFFFFFFFFFFFFFFFFFFFFFFFFFFFFFFFFFFFFFFFFFFFFFFFFFFFFFFFFFFFFFFFFFFFFFFFFFFFFFFFFFFFFFFFFFFFFFFFFFFFFFFFFFFFFFFFFFFFFFFFFFFFFFFFFFFFFFFFFFFFFFFFFFFFFFFFFFFFFFFFFFFFFFFFFFFFFFFFFFFFFFFFFFFFFFFFFFFFFFFFFFFFFFFFFFFFFFFF000000FF000000FF
310
000000FF000000FFFFFFFFFFFFFFFFFFFFFFFFFFFFFFFFFFFFFFFFFFFFFFFFFFFFFFFFFFFFFFFFFFFFFFFFFFFFFFFFFFFFFFFFFFFFFFFFFFFFFFFFFFFFFFFFFFFFFFFFFFFFFFFFFFFFFFFFFFFFFFFFFFFFFFFFFFFFFFFFFFFFFFFFFFFFFFFFFFFFFFFFFFFFFFFFFFFFFFFFFFFFFFFFFFFFFFFFFFFFFFFFFF000000FF000000
310
FF000000FF000000FFFFFFFFFFFFFFFFFFFFFFFFFFFFFFFFFFFFFFFFFFFFFFFFFFFFFFFFFFFFFFFFFFFFFFFFFFFFFFFFFFFFFFFFFFFFFFFFFFFFFFFFFFFFFFFFFFFFFFFFFFFFFFFFFFFFFFFFFFFFFFFFFFFFFFFFFFFFFFFFFFFFFFFFFFFFFFFFFFFFFFFFFFFFFFFFFFFFFFFFFFFFFFFFFFFFFFFFFFFFFFFFFF000000FF0000
310
00FF000000FF000000FFFFFFFFFFFFFFFFFFFFFFFFFFFFFFFFFFFFFFFFFFFFFFFFFFFFFFFFFFFFFFFFFFFFFFFFFFFFFFFFFFFFFFFFFFFFFFFFFFFFFFFFFFFFFFFFFFFFFFFFFFFFFFFFFFFFFFFFFFFFFFFFFFFFFFFFFFFFFFFFFFFFFFFFFFFFFFFFFFFFFFFFFFFFFFFFFFFFFFFFFFFFFFFFFFFFFFFFFFFFFFFFFF000000FF00
310
0000FF000000FF000000FFFFFFFFFFFFFFFFFFFFFFFFFFFFFFFFFFFFFFFFFFFFFFFFFFFFFFFFFFFFFFFFFFFFFFFFFFFFFFFFFFFFFFFFFFFFFFFFFFFFFFFFFFFFFFFFFFFFFFFFFFFFFFFFFFFFFFFFFFFFFFFFFFFFFFFFFFFFFFFFFFFFFFFFFFFFFFFFFFFFFFFFFFFFFFFFFFFFFFFFFFFFFFFFFFFFFFFFFFFFFFFFFF000000FF
310
000000FF000000FF000000FFFFFFFFFFFFFFFFFFFFFFFFFFFFFFFFFFFFFFFFFFFFFFFFFFFFFFFFFFFFFFFFFFFFFFFFFFFFFFFFFFFFFFFFFFFFFFFFFFFFFFFFFFFFFFFFFFFFFFFFFFFFFFFFFFFFFFFFFFFFFFFFFFFFFFFFFFFFFFFFFFFFFFFFFFFFFFFFFFFFFFFFFFFFFFFFFFFFFFFFFFFFFFFFFFFFFFFFFFFFFFFFFF000000
310
FF000000FF000000FF000000FFFFFFFFFFFFFFFFFFFFFFFFFFFFFFFFFFFFFFFFFFFFFFFFFFFFFFFFFFFFFFFFFFFFFFFFFFFFFFFFFFFFFFFFFFFFFFFFFFFFFFFFFFFFFFFFFFFFFFFFFFFFFFFFFFFFFFFFFFFFFFFFFFFFFFFFFFFFFFFFFFFFFFFFFFFFFFFFFFFFFFFFFFFFFFFFFFFFFFFFFFFFFFFFFFFFFFFFFFFFFFFFFF0000
310
00FF000000FF000000FF000000FFFFFFFFFFFFFFFFFFFFFFFFFFFFFFFFFFFFFFFFFFFFFFFFFFFFFFFFFFFFFFFFFFFFFFFFFFFFFFFFFFFFFFFFFFFFFFFFFFFFFFFFFFFFFFFFFFFFFFFFFFFFFFFFFFFFFFFFFFFFFFFFFFFFFFFFFFFFFFFFFFFFFFFFFFFFFFFFFFFFFFFFFFFFFFFFFFFFFFFFFFFFFFFFFFFFFFFFFFFFFFFFFF00
310
0000FF000000FF000000FF000000FFFFFFFFFFFFFFFFFFFFFFFFFFFFFFFFFFFFFFFFFFFFFFFFFFFFFFFFFFFFFFFFFFFFFFFFFFFFFFFFFFFFFFFFFFFFFFFFFFFFFFFFFFFFFFFFFFFFFFFFFFFFFFFFFFFFFFFFFFFFFFFFFFFFFFFFFFFFFFFFFFFFFFFFFFFFFFFFFFFFFFFFFFFFFFFFFFFFFFFFFFFFFFFFFFFFFFFFFFFFFFFFFF
310
000000FF000000FF000000FF000000FFFFFFFFFFFFFFFFFFFFFFFFFFFFFFFFFFFFFFFFFFFFFFFFFFFFFFFFFFFFFFFFFFFFFFFFFFFFFFFFFFFFFFFFFFFFFFFFFFFFFFFFFFFFFFFFFFFFFFFFFFFFFFFFFFFFFFFFFFFFFFFFFFFFFFFFFFFFFFFFFFFFFFFFFFFFFFFFFFFFFFFFFFFFFFFFFFFFFFFFFFFFFFFFFFFFFFFFFFFFFFFF
310
FF000000FFFFFFFFFFFFFFFFFF000000FFFFFFFFFFFFFFFFFFFFFFFFFFFFFFFFFFFFFFFFFFFFFFFFFFFFFFFFFFFFFFFFFFFFFFFFFFFFFFFFFFFFFFFFFFFFFFFFFFFFFFFFFFFFFFFFFFFFFFFFFFFFFFFFFFFFFFFFFFFFFFFFFFFFFFFFFFFFFFFFFFFFFFFFFFFFFFFFFFFFFFFFFFFFFFFFFFFFFFFFFFFFFFFFFFFFFFFFFFFFFF
310
FFFFFFFFFFFF000000FF000000FFFFFFFFFFFFFFFFFFFFFFFFFFFFFFFFFFFFFFFFFFFFFFFFFFFFFFFFFFFFFFFFFFFFFFFFFFFFFFFFFFFFFFFFFFFFFFFFFFFFFFFFFFFFFFFFFFFFFFFFFFFFFFFFFFFFFFFFFFFFFFFFFFFFFFFFFFFFFFFFFFFFFFFFFFFFFFFFFFFFFFFFFFFFFFFFFFFFFFFFFFFFFFFFFFFFFFFFFFFFFFFFFFFF
310
FFFFFFFFFFFFFF000000FF000000FFFFFFFFFFFFFFFFFFFFFFFFFFFFFFFFFFFFFFFFFFFFFFFFFFFFFFFFFFFFFFFFFFFFFFFFFFFFFFFFFFFFFFFFFFFFFFFFFFFFFFFFFFFFFFFFFFFFFFFFFFFFFFFFFFFFFFFFFFFFFFFFFFFFFFFFFFFFFFFFFFFFFFFFFFFFFFFFFFFFFFFFFFFFFFFFFFFFFFFFFFFFFFFFFFFFFFFFFFFFFFFFFF
310
FFFFFFFFFFFFFFFFFFFFFFFFFFFFFFFFFFFFFFFFFFFFFFFFFFFFFFFFFFFFFFFFFFFFFFFFFFFFFFFFFFFFFFFFFFFFFFFFFFFFFFFFFFFFFFFFFFFFFFFFFFFFFFFFFFFFFFFFFFFFFFFF
102
{BLKREFS
331
B6
102
}
 70
     4
280
     1
281
     1
  0
BLOCK_RECORD
  5
73
330
1
100
AcDbSymbolTableRecord
100
AcDbBlockTableRecord
  2
sagdikme
340
0
310
28000000200000002000000001002000000000000010000001000000010000000000000000000000FFFFFFFFFFFFFFFFFFFFFFFFFFFFFFFFFFFFFFFFFFFFFFFFFFFFFFFFFFFFFFFFFFFFFFFFFFFFFFFFFFFFFFFFFFFFFFFFFFFFFFFFFFFFFFFFFFFFFFFFFFFFFFFFFFFFFFFFFFFFFFFFFFFFFFFFFFFFFFFFFFFFFFFFFFFFFF
310
FFFFFFFFFFFFFFFFFFFFFFFFFFFFFFFFFFFFFFFFFFFFFFFFFFFFFFFFFFFFFFFFFFFFFFFFFFFFFFFFFFFFFFFFFFFFFFFFFFFFFFFFFFFFFFFFFFFFFFFFFFFFFFFFFFFFFFFFFFFFFFFFFFFFFFFFFFFFFFFFFFFFFFFFFFFFFFFFFFFFFFFFFFFFFFFFFFFFFFFFFFFFFFFFFF007FFFFFFFFFFFFF0000A5FFFFFFFFFFFFFFFFFFFFFF
310
FFFFFFFFFFFFFFFFFFFFFFFFFFFFFFFFFFFFFFFFFFFFFFFFFFFFFFFFFFFFFFFFFFFFFFFFFFFFFFFFFFFFFFFFFFFFFFFFFFFFFFFFFFFFFFFFFFFFFFFFFFFFFFFFFFFFFFFFFFFFFFFFFFFFFFFFFFFFFFFFFFFFFFFFFFFFFFFFFFFFFFFFFFFFFFFFFFFFFFFFFFFFFFFFFFFF007FFFFFFFFFFFFF0000A5FFFFFFFFFFFFFFFFFFFF
310
FFFFFFFFFFFFFFFFFFFFFFFFFFFFFFFFFFFFFFFFFFFFFFFFFFFFFFFFFFFFFFFFFFFFFFFFFFFFFFFFFFFFFFFFFFFFFFFFFFFFFFFFFFFFFFFFFFFFFFFFFFFFFFFFFFFFFFFFFFFFFFFFFFFFFFFFFFFFFFFFFFFFFFFFFFFFFFFFFFFFFFFFFFFFFFFFFFFFFFFFFFFFFFFFFFFFFF007FFFFFFFFFFFFF0000A5FFFFFFFFFFFFFFFFFF
310
FFFFFFFFFFFFFFFFFFFFFFFFFFFFFFFFFFFFFFFFFFFFFFFFFFFFFFFFFFFFFFFFFFFFFFFFFFFFFFFFFFFFFFFFFFFFFFFFFFFFFFFFFFFFFFFFFFFFFFFFFFFFFFFFFFFFFFFFFFFFFFFFFFFFFFFFFFFFFFFFFFFFFFFFFFFFFFFFFFFFFFFFFFFFFFFFFFFFFFFFFFFFFFFFFFFFFFFF007FFFFFFFFFFFFF0000A5FFFFFFFFFFFFFFFF
310
FFFFFFFFFFFFFFFFFFFFFFFFFFFFFFFFFFFFFFFFFFFFFFFFFFFFFFFFFFFFFFFFFFFFFFFFFFFFFFFFFFFFFFFFFFFFFFFFFFFFFFFFFFFFFFFFFFFFFFFFFFFFFFFFFFFFFFFFFFFFFFFFFFFFFFFFFFFFFFFFFFFFFFFFFFFFFFFFFFFFFFFFFFFFFFFFFFFFFFFFFFFFFFFFFFFFFFFFFF007FFFFFFFFFFFFF0000A5FFFFFFFFFFFFFF
310
FFFFFFFFFFFFFFFFFFFFFFFFFFFFFFFFFFFFFFFFFFFFFFFFFFFFFFFFFFFFFFFFFFFFFFFFFFFFFFFFFFFFFFFFFFFFFFFFFFFFFFFFFFFFFFFFFFFFFFFFFFFFFFFFFFFFFFFFFFFFFFFFFFFFFFFFFFFFFFFFFFFFFFFFFFFFFFFFFFFFFFFFFFFFFFFFFFFFFFFFFFFFFFFFFFFFFFFFFFFF007FFFFFFFFFFFFF0000A5FFFFFFFFFFFF
310
FFFFFFFFFFFFFFFFFFFFFFFFFFFFFFFFFFFFFFFFFFFFFFFFFFFFFFFFFFFFFFFFFFFFFFFFFFFFFFFFFFFFFFFFFFFFFFFFFFFFFFFFFFFFFFFFFFFFFFFFFFFFFFFFFFFFFFFFFFFFFFFFFFFFFFFFFFFFFFFFFFFFFFFFFFFFFFFFFFFFFFFFFFFFFFFFFFFFFFFFFFFFFFFFFFFFFFFFFFFFFF007FFFFFFFFFFFFF0000A5FFFFFFFFFF
310
FFFFFFFFFFFFFFFFFFFFFFFFFFFFFFFFFFFFFFFFFFFFFFFFFFFFFFFFFFFFFFFFFFFFFFFFFFFFFFFFFFFFFFFFFFFFFFFFFFFFFFFFFFFFFFFFFFFFFFFFFFFFFFFFFFFFFFFFFFFFFFFFFFFFFFFFFFFFFFFFFFFFFFFFFFFFFFFFFFFFFFFFFFFFFFFFFFFFFFFFFFFFFFFFFFFFFFFFFFFFFFFF007FFFFFFFFFFFFF0000A5FFFFFFFF
310
FFFFFFFFFFFFFFFFFFFFFFFFFFFFFFFFFFFFFFFFFFFFFFFFFFFFFFFFFFFFFFFFFFFFFFFFFFFFFFFFFFFFFFFFFFFFFFFFFFFFFFFFFFFFFFFFFFFFFFFFFFFFFFFFFFFFFFFFFFFFFFFFFFFFFFFFFFFFFFFFFFFFFFFFFFFFFFFFFFFFFFFFFFFFFFFFFFFFFFFFFFFFFFFFFFFFFFFFFFFFFFFFFF007FFFFFFFFFFFFF0000A5FFFFFF
310
FFFFFFFFFFFFFFFFFFFFFFFFFFFFFFFFFFFFFFFFFFFFFFFFFFFFFFFFFFFFFFFFFFFFFFFFFFFFFFFFFFFFFFFFFFFFFFFFFFFFFFFFFFFFFFFFFFFFFFFFFFFFFFFFFFFFFFFFFFFFFFFFFFFFFFFFFFFFFFFFFFFFFFFFFFFFFFFFFFFFFFFFFFFFFFFFFFFFFFFFFFFFFFFFFFFFFFFFFFFFFFFFFFFF007FFFFFFFFFFFFF0000A5FFFF
310
FFFFFFFFFFFFFFFFFFFFFFFFFFFFFFFFFFFFFFFFFFFFFFFFFFFFFFFFFFFFFFFFFFFFFFFFFFFFFFFFFFFFFFFFFFFFFFFFFFFFFFFFFFFFFFFFFFFFFFFFFFFFFFFFFFFFFFFFFFFFFFFFFFFFFFFFFFFFFFFFFFFFFFFFFFFFFFFFFFFFFFFFFFFFFFFFFFFFFFFFFFFFFFFFFFFFFFFFFFFFFFFFFFFFFF007FFFFFFFFFFFFF0000A5FF
310
FFFFFFFFFFFFFFFFFFFFFFFFFFFFFFFFFFFFFFFFFFFFFFFFFFFFFFFFFFFFFFFFFFFFFFFFFFFFFFFFFFFFFFFFFFFFFFFFFFFFFFFFFFFFFFFFFFFFFFFFFFFFFFFFFFFFFFFFFFFFFFFFFFFFFFFFFFFFFFFFFFFFFFFFFFFFFFFFFFFFFFFFFFFFFFFFFFFFFFFFFFFFFFFFFFFFFFFFFFFFFFFFFFFFFFFF007FFFFFFFFFFFFF0000A5
310
FFFFFFFFFFFFFFFFFFFFFFFFFFFFFFFFFFFFFFFFFFFFFFFFFFFFFFFFFFFFFFFFFFFFFFFFFFFFFFFFFFFFFFFFFFFFFFFFFFFFFFFFFFFFFFFFFFFFFFFFFFFFFFFFFFFFFFFFFFFFFFFFFFFFFFFFFFFFFFFFFFFFFFFFFFFFFFFFFFFFFFFFFFFFFFFFFFFFFFFFFFFFFFFFFFFFFFFFFFFFFFFFFFFFFFFFFF007FFFFFFFFFFFFF0000
310
A5FFFFFFFFFFFFFFFFFFFFFFFFFFFFFFFFFFFFFFFFFFFFFFFFFFFFFFFFFFFFFFFFFFFFFFFFFFFFFFFFFFFFFFFFFFFFFFFFFFFFFFFFFFFFFFFFFFFFFFFFFFFFFFFFFFFFFFFFFFFFFFFFFFFFFFFFFFFFFFFFFFFFFFFFFFFFFFFFFFFFFFFFFFFFFFFFFFFFFFFFFFFFFFFFFFFFFFFFFFFFFFFFFFFFFFFFFF007FFFFFFFFFFFFF00
310
00A5FFFFFFFFFFFFFFFFFFFFFFFFFFFFFFFFFFFFFFFFFFFFFFFFFFFFFFFFFFFFFFFFFFFFFFFFFFFFFFFFFFFFFFFFFFFFFFFFFFFFFFFFFFFFFFFFFFFFFFFFFFFFFFFFFFFFFFFFFFFFFFFFFFFFFFFFFFFFFFFFFFFFFFFFFFFFFFFFFFFFFFFFFFFFFFFFFFFFFFFFFFFFFFFFFFFFFFFFFFFFFFFFFFFFFFFFFF007FFFFFFFFFFFFF
310
0000A5FFFFFFFFFFFFFFFFFFFFFFFFFFFFFFFFFFFFFFFFFFFFFFFFFFFFFFFFFFFFFFFFFFFFFFFFFFFFFFFFFFFFFFFFFFFFFFFFFFFFFFFFFFFFFFFFFFFFFFFFFFFFFFFFFFFFFFFFFFFFFFFFFFFFFFFFFFFFFFFFFFFFFFFFFFFFFFFFFFFFFFFFFFFFFFFFFFFFFFFFFFFFFFFFFFFFFFFFFFFFFFFFFFFFFFFFFF007FFFFFFFFFFF
310
FF0000A5FFFFFFFFFFFFFFFFFFFFFFFFFFFFFFFFFFFFFFFFFFFFFFFFFFFFFFFFFFFFFFFFFFFFFFFFFFFFFFFFFFFFFFFFFFFFFFFFFFFFFFFFFFFFFFFFFFFFFFFFFFFFFFFFFFFFFFFFFFFFFFFFFFFFFFFFFFFFFFFFFFFFFFFFFFFFFFFFFFFFFFFFFFFFFFFFFF000000FF000000FF000000FF000000FF000000FF007FFFFFFFFF
310
FFFF0000A5FF0000A5FF0000A5FFFFFFFFFFFFFFFFFFFFFFFFFFFFFFFFFFFFFFFFFFFFFFFFFFFFFFFFFFFFFFFFFFFFFFFFFFFFFFFFFFFFFFFFFFFFFFFFFFFFFFFFFFFFFFFFFFFFFFFFFFFFFFFFFFFFFFFFFFFFFFFFFFFFFFFFFFFFFFFFFFFFFFFFFFFFFFFFFF000000FF000000FF000000FF000000FF000000FF007FFFFFFF
310
FFFFFF0000A5FF0000A5FF0000A5FFFFFFFFFFFFFFFFFFFFFFFFFFFFFFFFFFFFFFFFFFFFFFFFFFFFFFFFFFFFFFFFFFFFFFFFFFFFFFFFFFFFFFFFFFFFFFFFFFFFFFFFFFFFFFFFFFFFFFFFFFFFFFFFFFFFFFFFFFFFFFFFFFFFFFFFFFFFFFFFFFFFFFFFFFFFFFFFFF000000FF000000FF000000FF898989FF000000FF007FFFFF
310
FFFFFFFF0000A5FFFFFFFFFF0000A5FFFFFFFFFFFFFFFFFFFFFFFFFFFFFFFFFFFFFFFFFFFFFFFFFFFFFFFFFFFFFFFFFFFFFFFFFFFFFFFFFFFFFFFFFFFFFFFFFFFFFFFFFFFFFFFFFFFFFFFFFFFFFFFFFFFFFFFFFFFFFFFFFFFFFFFFFFFFFFFFFFFFFFFFFFFFFFFFFF000000FF000000FF000000FF000000FF000000FF007FFF
310
FF007FFFFF007FFFFF0000A5FF0000A5FFFFFFFFFFFFFFFFFFFFFFFFFFFFFFFFFFFFFFFFFFFFFFFFFFFFFFFFFFFFFFFFFFFFFFFFFFFFFFFFFFFFFFFFFFFFFFFFFFFFFFFFFFFFFFFFFFFFFFFFFFFFFFFFFFFFFFFFFFFFFFFFFFFFFFFFFFFFFFFFFFFFFFFFFFFFFFFFFFFFFFFFFFFFFFFFFFFFFFFFFF000000FF000000FF0000
310
00FF000000FFFFFFFFFFFFFFFFFFFFFFFFFFFFFFFFFFFFFFFFFFFFFFFFFFFFFFFFFFFFFFFFFFFFFFFFFFFFFFFFFFFFFFFFFFFFFFFFFFFFFFFFFFFFFFFFFFFFFFFFFFFFFFFFFFFFFFFFFFFFFFFFFFFFFFFFFFFFFFFFFFFFFFFFFFFFFFFFFFFFFFFFFFFFFFFFFFFFFFFFFFFFFFFFFFFFFFFFFFFFFFFFFF000000FFFFFFFFFF00
310
0000FF000000FFFFFFFFFFFFFFFFFFFFFFFFFFFFFFFFFFFFFFFFFFFFFFFFFFFFFFFFFFFFFFFFFFFFFFFFFFFFFFFFFFFFFFFFFFFFFFFFFFFFFFFFFFFFFFFFFFFFFFFFFFFFFFFFFFFFFFFFFFFFFFFFFFFFFFFFFFFFFFFFFFFFFFFFFFFFFFFFFFFFFFFFFFFFFFFFFFFFFFFFFFFFFFFFFFFFFFFFFFFFFFFFFF000000FFFFFFFFFF
310
000000FF000000FFFFFFFFFFFFFFFFFFFFFFFFFFFFFFFFFFFFFFFFFFFFFFFFFFFFFFFFFFFFFFFFFFFFFFFFFFFFFFFFFFFFFFFFFFFFFFFFFFFFFFFFFFFFFFFFFFFFFFFFFFFFFFFFFFFFFFFFFFFFFFFFFFFFFFFFFFFFFFFFFFFFFFFFFFFFFFFFFFFFFFFFFFFFFFFFFFFFFFFFFFFFFFFFFFFFFFFFFFFFFFFFFF000000FFFFFFFF
310
FF000000FF000000FFFFFFFFFFFFFFFFFFFFFFFFFFFFFFFFFFFFFFFFFFFFFFFFFFFFFFFFFFFFFFFFFFFFFFFFFFFFFFFFFFFFFFFFFFFFFFFFFFFFFFFFFFFFFFFFFFFFFFFFFFFFFFFFFFFFFFFFFFFFFFFFFFFFFFFFFFFFFFFFFFFFFFFFFFFFFFFFFFFFFFFFFFFFFFFFFFFFFFFFFF000000FF000000FF000000FF000000FFFFFF
310
FFFF000000FF000000FFFFFFFFFFFFFFFFFFFFFFFFFFFFFFFFFFFFFFFFFFFFFFFFFFFFFFFFFFFFFFFFFFFFFFFFFFFFFFFFFFFFFFFFFFFFFFFFFFFFFFFFFFFFFFFFFFFFFFFFFFFFFFFFFFFFFFFFFFFFFFFFFFFFFFFFFFFFFFFFFFFFFFFFFFFFFFFFFFFFFFFFFFFFFFFFFFFFFFFFFFFFFFFFFFFFFFFFFFFFFFFFFF000000FFFF
310
FFFFFF000000FF000000FFFFFFFFFFFFFFFFFFFFFFFFFFFFFFFFFFFFFFFFFFFFFFFFFFFFFFFFFFFFFFFFFFFFFFFFFFFFFFFFFFFFFFFFFFFFFFFFFFFFFFFFFFFFFFFFFFFFFFFFFFFFFFFFFFFFFFFFFFFFFFFFFFFFFFFFFFFFFFFFFFFFFFFFFFFFFFFFFFFFFFFFFFFFFFFFFFFFFFFFFFFFFFFFFFFFFFFFFFFFFFFFFF000000FF
310
FFFFFFFF000000FF000000FFFFFFFFFFFFFFFFFFFFFFFFFFFFFFFFFFFFFFFFFFFFFFFFFFFFFFFFFFFFFFFFFFFFFFFFFFFFFFFFFFFFFFFFFFFFFFFFFFFFFFFFFFFFFFFFFFFFFFFFFFFFFFFFFFFFFFFFFFFFFFFFFFFFFFFFFFFFFFFFFFFFFFFFFFFFFFFFFFFFFFFFFFFFFFFFFFFFFFFFFFFFFFFFFFFFFFFFFFFFFFFFFF000000
310
FF000000FF000000FF000000FFFFFFFFFFFFFFFFFFFFFFFFFFFFFFFFFFFFFFFFFFFFFFFFFFFFFFFFFFFFFFFFFFFFFFFFFFFFFFFFFFFFFFFFFFFFFFFFFFFFFFFFFFFFFFFFFFFFFFFFFFFFFFFFFFFFFFFFFFFFFFFFFFFFFFFFFFFFFFFFFFFFFFFFFFFFFFFFFFFFFFFFFFFFFFFFFFFFFFFFFFFFFFFFFFFFFFFFFFFFFFFFFFFFFF
310
FFFFFFFFFFFF000000FFFFFFFFFFFFFFFFFFFFFFFFFFFFFFFFFFFFFFFFFFFFFFFFFFFFFFFFFFFFFFFFFFFFFFFFFFFFFFFFFFFFFFFFFFFFFFFFFFFFFFFFFFFFFFFFFFFFFFFFFFFFFFFFFFFFFFFFFFFFFFFFFFFFFFFFFFFFFFFFFFFFFFFFFFFFFFFFFFFFFFFFFFFFFFFFFFFFFFFFFFFFFFFFFFFFFFFFFFFFFFFFFFFFFFFFFFFF
310
FFFFFFFFFFFFFF000000FFFFFFFFFFFFFFFFFFFFFFFFFFFFFFFFFFFFFFFFFFFFFFFFFFFFFFFFFFFFFFFFFFFFFFFFFFFFFFFFFFFFFFFFFFFFFFFFFFFFFFFFFFFFFFFFFFFFFFFFFFFFFFFFFFFFFFFFFFFFFFFFFFFFFFFFFFFFFFFFFFFFFFFFFFFFFFFFFFFFFFFFFFFFFFFFFFFFFFFFFFFFFFFFFFFFFFFFFFFFFFFFFFFFFFFFFF
310
FFFFFFFFFFFFFFFFFFFFFFFFFFFFFFFFFFFFFFFFFFFFFFFFFFFFFFFFFFFFFFFFFFFFFFFFFFFFFFFFFFFFFFFFFFFFFFFFFFFFFFFFFFFFFFFFFFFFFFFFFFFFFFFFFFFFFFFFFFFFFFFF
102
{BLKREFS
331
72
102
}
 70
     4
280
     1
281
     0
  0
ENDTAB
  0
ENDSEC
  0
SECTION
  2
BLOCKS
  0
BLOCK
  5
5
330
2
100
AcDbEntity
  8
0
100
AcDbBlockBegin
  2
*Model_Space
 70
     0
 10
0.0
 20
0.0
 30
0.0
  3
*Model_Space
  1

  0
ENDBLK
  5
15
330
2
100
AcDbEntity
  8
0
100
AcDbBlockEnd
  0
BLOCK
  5
1B
330
1A
100
AcDbEntity
 67
     1
  8
0
100
AcDbBlockBegin
  2
*Paper_Space
 70
     0
 10
0.0
 20
0.0
 30
0.0
  3
*Paper_Space
  1

  0
ENDBLK
  5
1C
330
1A
100
AcDbEntity
 67
     1
  8
0
100
AcDbBlockEnd
  0
BLOCK
  5
3E
330
3B
100
AcDbEntity
  8
0
100
AcDbBlockBegin
  2
_OBLIQUE
 70
     0
 10
0.0
 20
0.0
 30
0.0
  3
_OBLIQUE
  1

  0
LINE
  5
3F
330
3B
100
AcDbEntity
  8
0
  6
ByBlock
 62
     0
380
     1
100
AcDbLine
 10
-0.5
 20
-0.5
 30
0.0
 11
0.5
 21
0.5
 31
0.0
  0
ENDBLK
  5
40
330
3B
100
AcDbEntity
  8
0
100
AcDbBlockEnd
  0
BLOCK
  5
47
330
44
100
AcDbEntity
  8
0
100
AcDbBlockBegin
  2
_ArchTick
 70
     0
 10
0.0
 20
0.0
 30
0.0
  3
_ArchTick
  1

  0
LWPOLYLINE
  5
48
330
44
100
AcDbEntity
  8
0
 62
     0
100
AcDbPolyline
 90
        2
 70
     0
 43
0.15
 10
-0.5
 20
-0.5
 10
0.5
 20
0.5
  0
ENDBLK
  5
49
330
44
100
AcDbEntity
  8
0
100
AcDbBlockEnd
  0
BLOCK
  5
34
330
33
100
AcDbEntity
  8
0
100
AcDbBlockBegin
  2
huseyin1_ArchTick
 70
     0
 10
0.0
 20
0.0
 30
0.0
  3
huseyin1_ArchTick
  1

  0
LWPOLYLINE
  5
35
330
33
100
AcDbEntity
  8
0
  6
ByBlock
 62
     0
100
AcDbPolyline
 90
        2
 70
     0
 43
0.15
 10
-0.5
 20
-0.5
 10
0.5
 20
0.5
  0
ENDBLK
  5
36
330
33
100
AcDbEntity
  8
0
100
AcDbBlockEnd
  0
BLOCK
  5
9A
330
97
100
AcDbEntity
  8
0
100
AcDbBlockBegin
  2
E50 R 12
 70
     0
 10
0.0
 20
0.0
 30
0.0
  3
E50 R 12
  1

  0
HATCH
  5
9B
330
97
100
AcDbEntity
  8
PROFİL HATCH
100
AcDbHatch
 10
0.0
 20
0.0
 30
0.0
210
0.0
220
0.0
230
1.0
  2
SOLID
 70
     1
 71
     1
 91
        2
 92
        1
 93
       74
 72
     2
 10
1742.678375585034
 20
267.2607587926226
 40
0.250000000000002
 50
315.0000000001566
 51
360.000000000013
 73
     1
 72
     1
 10
1742.928375585034
 20
267.2607587926226
 11
1742.928375585034
 21
267.4071587926205
 72
     2
 10
1742.678375585034
 20
267.4071587926205
 40
0.25
 50
0.0
 51
90.0
 73
     1
 72
     1
 10
1742.678375585034
 20
267.6571587926205
 11
1733.25827558503
 21
267.6571587926205
 72
     2
 10
1733.243383557297
 20
267.8708896070628
 40
0.2142489989057926
 50
86.01426890741384
 51
139.0457566552485
 73
     0
 72
     1
 10
1733.081575585034
 20
267.7304587926242
 11
1731.601598889742
 21
269.21028209733
 72
     2
 10
1731.777644413712
 20
269.386755931546
 40
0.2492690126603852
 50
134.9303857879635
 51
180.0696142122253
 73
     0
 72
     1
 10
1731.52837558504
 20
269.3870587926262
 11
1731.52837558504
 21
272.4799587926295
 72
     2
 10
1731.255437151534
 20
272.4705082647329
 40
0.2731019973591946
 50
1.983081384777529
 51
42.99868434957438
 73
     1
 72
     1
 10
1731.45517558504
 20
272.6567587926306
 11
1730.527952280331
 21
273.5839354879167
 72
     2
 10
1730.3511529432
 20
273.4172157912723
 40
0.2430091826647388
 50
43.31929196104083
 51
136.6731551586375
 73
     1
 72
     1
 10
1730.174375585033
 20
273.5839587926216
 11
1729.747675585036
 21
273.1571587926205
 72
     1
 10
1729.747675585036
 20
273.1571587926205
 11
1729.320852280331
 21
273.5839354879167
 72
     2
 10
1729.144053036882
 20
273.4186371197042
 40
0.2420362018753071
 50
43.07451585491533
 51
136.9179312647522
 73
     1
 72
     1
 10
1728.967275585033
 20
273.5839587926216
 11
1728.540575585037
 21
273.1571587926205
 72
     1
 10
1728.540575585037
 20
273.1571587926205
 11
1728.113752280332
 21
273.5839354879167
 72
     2
 10
1727.936953113652
 20
273.4198018725439
 40
0.2412421792181927
 50
42.87245723750325
 51
137.1199898821826
 73
     1
 72
     1
 10
1727.760175585034
 20
273.5839587926216
 11
1727.333475585037
 21
273.1571587926205
 72
     1
 10
1727.333475585037
 20
273.1571587926205
 11
1726.906652280332
 21
273.5839354879167
 72
     2
 10
1726.729852941468
 20
273.4171895034589
 40
0.2430272197833105
 50
43.32380067964987
 51
136.6686464400533
 73
     1
 72
     1
 10
1726.553075585034
 20
273.5839587926216
 11
1726.126375585038
 21
273.1571587926205
 72
     1
 10
1726.126375585038
 20
273.1571587926205
 11
1725.699552280332
 21
273.5839354879167
 72
     2
 10
1725.522753175014
 20
273.4207328376604
 40
0.2406097019907994
 50
42.70999819736299
 51
137.2824489223136
 73
     1
 72
     1
 10
1725.345975585034
 20
273.5839587926216
 11
1724.919175585033
 21
273.1571587926205
 72
     1
 10
1724.919175585033
 20
273.1571587926205
 11
1724.492475585037
 21
273.5839587926216
 72
     2
 10
1724.323518499494
 20
273.4259892198867
 40
0.2313025781635707
 50
43.07509963407222
 51
91.94313463160041
 73
     1
 72
     1
 10
1724.315675585036
 20
273.6571587926205
 11
1722.878375585031
 21
273.6571587926205
 72
     2
 10
1722.878375585031
 20
273.4071587926205
 40
0.25
 50
90.0
 51
180.0
 73
     1
 72
     1
 10
1722.628375585031
 20
273.4071587926205
 11
1722.628375585031
 21
265.1163587926326
 72
     2
 10
1722.863786558067
 20
265.104227550133
 40
0.2357233405301765
 50
177.0500325549751
 51
262.8080836680195
 73
     1
 72
     1
 10
1722.834275585032
 20
264.8703587926188
 11
1723.622465106484
 21
264.7291403118288
 72
     2
 10
1723.578375585028
 20
264.4830587926166
 40
0.2500000000000397
 50
280.1576999997687
 51
359.999999999974
 73
     0
 72
     1
 10
1723.828375585028
 20
264.4830587926167
 11
1723.828375585028
 21
263.8313587926291
 72
     2
 10
1723.578375585028
 20
263.8313587926292
 40
0.25
 50
0.0000000000260551
 51
79.84230000023129
 73
     0
 72
     1
 10
1723.622465106484
 20
263.585277273417
 11
1722.834275585032
 21
263.444058792627
 72
     2
 10
1722.86338472204
 20
263.2105263686015
 40
0.2353396161477807
 50
97.10510629604693
 51
183.0367774776542
 73
     1
 72
     1
 10
1722.628375585031
 20
263.1980587926278
 11
1722.628375585031
 21
254.9071587926205
 72
     2
 10
1722.878375585031
 20
254.9071587926205
 40
0.25
 50
180.0
 51
270.0
 73
     1
 72
     1
 10
1722.878375585031
 20
254.6571587926205
 11
1724.315675585036
 21
254.6571587926205
 72
     2
 10
1724.315675585036
 20
254.9071587926205
 40
0.25
 50
270.0
 51
315.0000000001473
 73
     1
 72
     1
 10
1724.492452280333
 20
254.7303820973243
 11
1724.919175585033
 21
255.1571587926205
 72
     1
 10
1724.919175585033
 20
255.1571587926205
 11
1725.346008542491
 21
254.730372445099
 72
     2
 10
1725.522775585035
 20
254.8987413934403
 40
0.2441202369644063
 50
223.6061134296657
 51
316.3938865703343
 73
     1
 72
     1
 10
1725.69954262758
 20
254.730372445099
 11
1726.126375585038
 21
255.1571587926205
 72
     1
 10
1726.126375585038
 20
255.1571587926205
 11
1726.553098889738
 21
254.7303820973243
 72
     2
 10
1726.729848325823
 20
254.9098085176515
 40
0.2518614767444135
 50
225.4306215824179
 51
314.5942347896554
 73
     1
 72
     1
 10
1726.906675585035
 20
254.7304587926246
 11
1727.333475585037
 21
255.1571587926205
 72
     1
 10
1727.333475585037
 20
255.1571587926205
 11
1727.760198889737
 21
254.7303820973243
 72
     2
 10
1727.936948459034
 20
254.909194395332
 40
0.2514244382818108
 50
225.3323875096359
 51
314.692468862295
 73
     1
 72
     1
 10
1728.113775585036
 20
254.7304587926242
 11
1728.540575585037
 21
255.1571587926205
 72
     1
 10
1728.540575585037
 20
255.1571587926205
 11
1728.967298889737
 21
254.7303820973243
 72
     2
 10
1729.144048343294
 20
254.9097279735141
 40
0.2518041156113755
 50
225.4177572971955
 51
314.6070990747682
 73
     1
 72
     1
 10
1729.320875585035
 20
254.7304587926242
 11
1729.747675585036
 21
255.1571587926205
 72
     1
 10
1729.747675585036
 20
255.1571587926205
 11
1730.174398889737
 21
254.7303820973243
 72
     2
 10
1730.351148363075
 20
254.9096367774917
 40
0.2517391838536089
 50
225.4031846467526
 51
314.6216717251607
 73
     1
 72
     1
 10
1730.527975585035
 20
254.7304587926242
 11
1731.455152280337
 21
255.6576820973346
 72
     2
 10
1731.27837558504
 20
255.8344587926308
 40
0.2500000000000221
 50
315.000000000152
 51
360.0000000000065
 73
     1
 72
     1
 10
1731.52837558504
 20
255.8344587926308
 11
1731.52837558504
 21
258.9272587926294
 72
     2
 10
1731.801445081947
 20
258.9176409808594
 40
0.2732388194317173
 50
182.0171873095069
 51
223.0198970539495
 73
     0
 72
     1
 10
1731.601675585029
 20
259.1040587926304
 11
1733.081498889734
 21
260.5839354879167
 72
     2
 10
1733.25827558503
 20
260.4071587926205
 40
0.2500000000000422
 50
224.9999999998526
 51
270.0
 73
     0
 72
     1
 10
1733.25827558503
 20
260.6571587926205
 11
1742.678375585603
 21
260.6571584584185
 72
     2
 10
1742.679165000232
 20
260.906369044277
 40
0.2492118361543147
 50
269.8185070062517
 51
360.1815697175296
 73
     1
 72
     1
 10
1742.928375585034
 20
260.9071587926205
 11
1742.928375585034
 21
261.0536587926231
 72
     2
 10
1742.678375585034
 20
261.0536587926231
 40
0.25
 50
359.999999999987
 51
404.9999999998433
 73
     1
 72
     1
 10
1742.855152280331
 20
261.2304354879193
 11
1742.501675585037
 21
261.5839587926216
 72
     2
 10
1742.36438409258
 20
261.5024711441718
 40
0.1596533455677157
 50
30.69071962870284
 51
104.3275146369044
 73
     1
 72
     1
 10
1742.324875585036
 20
261.6571587926205
 11
1731.778375585039
 21
261.6571587926205
 72
     2
 10
1731.778375585039
 20
261.9071587926205
 40
0.25
 50
90.0
 51
180.0
 73
     0
 72
     1
 10
1731.52837558504
 20
261.9071587926205
 11
1731.52837558504
 21
266.4071587926205
 72
     2
 10
1731.778375585039
 20
266.4071587926205
 40
0.25
 50
180.0
 51
270.0
 73
     0
 72
     1
 10
1731.778375585039
 20
266.6571587926205
 11
1742.324875585036
 21
266.6571587926205
 72
     2
 10
1742.323874705883
 20
266.9094442009939
 40
0.2522873937341576
 50
270.227305458418
 51
314.8097789130596
 73
     1
 72
     1
 10
1742.501675585037
 20
266.7304587926242
 11
1742.855152280331
 21
267.0839820973265
 97
        1
330
9E
 92
       16
 93
        8
 72
     2
 10
1724.478375585037
 20
271.9071587926205
 40
0.25
 50
180.0
 51
270.0
 73
     0
 72
     1
 10
1724.478375585037
 20
272.1571587926205
 11
1729.678375585034
 21
272.1571587926205
 72
     2
 10
1729.678375585034
 20
271.9071587926205
 40
0.25
 50
270.0
 51
360.0
 73
     0
 72
     1
 10
1729.928375585034
 20
271.9071587926205
 11
1729.928375585034
 21
256.4071587926205
 72
     2
 10
1729.678375585034
 20
256.4071587926205
 40
0.25
 50
360.0
 51
450.0
 73
     0
 72
     1
 10
1729.678375585034
 20
256.1571587926205
 11
1724.478375585037
 21
256.1571587926205
 72
     2
 10
1724.478375585037
 20
256.4071587926205
 40
0.25
 50
90.0
 51
180.0
 73
     0
 72
     1
 10
1724.228375585036
 20
256.4071587926205
 11
1724.228375585036
 21
271.9071587926205
 97
        1
330
9D
 75
     1
 76
     1
 98
        1
 10
2972.88551307684
 20
689.8879792299773
450
        0
451
        0
460
0.0
461
0.0
452
        0
462
0.0
453
        0
470

1001
GradientColor1ACI
1070
     5
1001
GradientColor2ACI
1070
     2
1001
ACAD
1010
0.0
1020
0.0
1030
0.0
  0
LWPOLYLINE
  5
9D
102
{ACAD_REACTORS
330
9B
102
}
330
97
100
AcDbEntity
  8
0
100
AcDbPolyline
 90
        8
 70
     1
 43
0.0
 10
1724.228375585036
 20
271.9071587926205
 42
-0.4142135623730951
 10
1724.478375585037
 20
272.1571587926205
 10
1729.678375585034
 20
272.1571587926205
 42
-0.4142135623730951
 10
1729.928375585034
 20
271.9071587926205
 10
1729.928375585034
 20
256.4071587926205
 42
-0.4142135623730951
 10
1729.678375585034
 20
256.1571587926205
 10
1724.478375585037
 20
256.1571587926205
 42
-0.4142135623730951
 10
1724.228375585036
 20
256.4071587926205
  0
LWPOLYLINE
  5
9E
102
{ACAD_REACTORS
330
9B
102
}
330
97
100
AcDbEntity
  8
0
100
AcDbPolyline
 90
       74
 70
     1
 43
0.0
 10
1742.855152280331
 20
267.0839820973265
 42
0.198912367378959
 10
1742.928375585034
 20
267.2607587926226
 10
1742.928375585034
 20
267.4071587926205
 42
0.4142135623730951
 10
1742.678375585034
 20
267.6571587926205
 10
1733.25827558503
 20
267.6571587926205
 42
-0.2356137571228661
 10
1733.081575585034
 20
267.7304587926242
 10
1731.601598889742
 20
269.21028209733
 42
-0.199543978753291
 10
1731.52837558504
 20
269.3870587926262
 10
1731.52837558504
 20
272.4799587926295
 42
0.1808997652960896
 10
1731.45517558504
 20
272.6567587926306
 10
1730.527952280331
 20
273.5839354879167
 42
0.4314641442962607
 10
1730.174375585033
 20
273.5839587926216
 10
1729.747675585036
 20
273.1571587926205
 10
1729.320852280331
 20
273.5839354879167
 42
0.4340002144077237
 10
1728.967275585033
 20
273.5839587926216
 10
1728.540575585037
 20
273.1571587926205
 10
1728.113752280332
 20
273.5839354879167
 42
0.4360972427995542
 10
1727.760175585034
 20
273.5839587926216
 10
1727.333475585037
 20
273.1571587926205
 10
1726.906652280332
 20
273.5839354879167
 42
0.4314174743948147
 10
1726.553075585034
 20
273.5839587926216
 10
1726.126375585038
 20
273.1571587926205
 10
1725.699552280332
 20
273.5839354879167
 42
0.4377856339995973
 10
1725.345975585034
 20
273.5839587926216
 10
1724.919175585033
 20
273.1571587926205
 10
1724.492475585037
 20
273.5839587926216
 42
0.2165184084597082
 10
1724.315675585036
 20
273.6571587926205
 10
1722.878375585031
 20
273.6571587926205
 42
0.4142135623730951
 10
1722.628375585031
 20
273.4071587926205
 10
1722.628375585031
 20
265.1163587926326
 42
0.3926914725504326
 10
1722.834275585032
 20
264.8703587926188
 10
1723.622465106484
 20
264.7291403118288
 42
-0.3631911781333301
 10
1723.828375585028
 20
264.4830587926167
 10
1723.828375585028
 20
263.8313587926291
 42
-0.3631911781333301
 10
1723.622465106484
 20
263.585277273417
 10
1722.834275585032
 20
263.444058792627
 42
0.3935661141912528
 10
1722.628375585031
 20
263.1980587926278
 10
1722.628375585031
 20
254.9071587926205
 42
0.4142135623730951
 10
1722.878375585031
 20
254.6571587926205
 10
1724.315675585036
 20
254.6571587926205
 42
0.198912367380357
 10
1724.492452280333
 20
254.7303820973243
 10
1724.919175585033
 20
255.1571587926205
 10
1725.346008542491
 20
254.730372445099
 42
0.4285373988986301
 10
1725.69954262758
 20
254.730372445099
 10
1726.126375585038
 20
255.1571587926205
 10
1726.553098889738
 20
254.7303820973243
 42
0.4099444284986186
 10
1726.906675585035
 20
254.7304587926246
 10
1727.333475585037
 20
255.1571587926205
 10
1727.760198889737
 20
254.7303820973243
 42
0.4109461000978513
 10
1728.113775585036
 20
254.7304587926242
 10
1728.540575585037
 20
255.1571587926205
 10
1728.967298889737
 20
254.7303820973243
 42
0.410075562738184
 10
1729.320875585035
 20
254.7304587926242
 10
1729.747675585036
 20
255.1571587926205
 10
1730.174398889737
 20
254.7303820973243
 42
0.4102241260705357
 10
1730.527975585035
 20
254.7304587926242
 10
1731.455152280337
 20
255.6576820973346
 42
0.198912367378959
 10
1731.52837558504
 20
255.8344587926308
 10
1731.52837558504
 20
258.9272587926294
 42
-0.180841667596414
 10
1731.601675585029
 20
259.1040587926304
 10
1733.081498889734
 20
260.5839354879167
 42
-0.1989123673803572
 10
1733.25827558503
 20
260.6571587926205
 10
1742.678375585603
 20
260.6571584584185
 42
0.4160707413704657
 10
1742.928375585034
 20
260.9071587926205
 10
1742.928375585034
 20
261.0536587926231
 42
0.1989123673789588
 10
1742.855152280331
 20
261.2304354879193
 10
1742.501675585037
 20
261.5839587926216
 42
0.3328340486306098
 10
1742.324875585036
 20
261.6571587926205
 10
1731.778375585039
 20
261.6571587926205
 42
-0.4142135623730951
 10
1731.52837558504
 20
261.9071587926205
 10
1731.52837558504
 20
266.4071587926205
 42
-0.4142135623730951
 10
1731.778375585039
 20
266.6571587926205
 10
1742.324875585036
 20
266.6571587926205
 42
0.1970191664056957
 10
1742.501675585037
 20
266.7304587926242
  0
LWPOLYLINE
  5
9F
330
97
100
AcDbEntity
  8
0
 62
   251
420
  6513766
100
AcDbPolyline
 90
        4
 70
     1
 43
0.0
 10
1722.878375585031
 20
274.1571586260998
 10
1730.527952280332
 20
274.1571586260998
 10
1730.527952280332
 20
273.6602167227143
 10
1722.878375585031
 20
273.6602167227143
  0
HATCH
  5
A0
330
97
100
AcDbEntity
  8
0
 62
   251
420
  6513766
100
AcDbHatch
 10
0.0
 20
0.0
 30
0.0
210
0.0
220
0.0
230
1.0
  2
SOLID
 70
     1
 71
     0
 91
        1
 92
        1
 93
       10
 72
     1
 10
1730.527952280332
 20
274.1571586260998
 11
1722.878375585031
 21
274.1571586260998
 72
     1
 10
1722.878375585031
 20
274.1571586260998
 11
1722.878375585031
 21
273.6602167227143
 72
     1
 10
1722.878375585031
 20
273.6602167227143
 11
1725.499504573087
 21
273.6602167227143
 72
     2
 10
1725.522753175014
 20
273.4207328376601
 40
0.2406097019909945
 50
264.4552185064043
 51
275.5447814935957
 73
     0
 72
     1
 10
1725.546001776941
 20
273.6602167227143
 11
1727.916990928114
 21
273.6602167227143
 72
     2
 10
1727.936953113652
 20
273.4198018725433
 40
0.2412421792187349
 50
265.2534906646148
 51
274.7465093354928
 73
     0
 72
     1
 10
1727.956915299191
 20
273.6602167227143
 11
1729.129193076327
 21
273.6602167227143
 72
     2
 10
1729.144053036881
 20
273.4186371197052
 40
0.2420362018742161
 50
266.4800768841351
 51
273.5199231159723
 73
     0
 72
     1
 10
1729.158912997436
 20
273.6602167227143
 11
1730.527952280332
 21
273.6602167227143
 72
     1
 10
1730.527952280332
 20
273.6602167227143
 11
1730.527952280332
 21
274.1571586260998
 97
        0
 75
     1
 76
     1
 98
        1
 10
1727.135515277934
 20
273.8379557655062
450
        0
451
        0
460
0.0
461
0.0
452
        0
462
0.0
453
        0
470

1001
GradientColor1ACI
1070
     5
1001
GradientColor2ACI
1070
     2
1001
ACAD
1010
0.0
1020
0.0
1030
0.0
  0
HATCH
  5
A1
330
97
100
AcDbEntity
  8
0
 62
   251
420
  6513766
100
AcDbHatch
 10
0.0
 20
0.0
 30
0.0
210
0.0
220
0.0
230
1.0
  2
SOLID
 70
     1
 71
     0
 91
        1
 92
        1
 93
       10
 72
     1
 10
1730.527952280332
 20
254.157158959144
 11
1722.878375585031
 21
254.157158959144
 72
     1
 10
1722.878375585031
 20
254.157158959144
 11
1722.878375585031
 21
254.6541008625295
 72
     1
 10
1722.878375585031
 20
254.6541008625295
 11
1725.499504573087
 21
254.6541008625295
 72
     2
 10
1725.522753175014
 20
254.8935847475836
 40
0.2406097019909945
 50
264.4552185064043
 51
275.5447814935957
 73
     1
 72
     1
 10
1725.546001776941
 20
254.6541008625295
 11
1727.916990928114
 21
254.6541008625295
 72
     2
 10
1727.936953113652
 20
254.8945157127004
 40
0.2412421792187349
 50
265.2534906646148
 51
274.7465093354928
 73
     1
 72
     1
 10
1727.956915299191
 20
254.6541008625295
 11
1729.129193076327
 21
254.6541008625295
 72
     2
 10
1729.144053036881
 20
254.8956804655386
 40
0.2420362018742161
 50
266.4800768841351
 51
273.5199231159723
 73
     1
 72
     1
 10
1729.158912997436
 20
254.6541008625295
 11
1730.527952280332
 21
254.6541008625295
 72
     1
 10
1730.527952280332
 20
254.6541008625295
 11
1730.527952280332
 21
254.157158959144
 97
        0
 75
     1
 76
     1
 98
        1
 10
1727.135515277934
 20
254.4763618197376
450
        0
451
        0
460
0.0
461
0.0
452
        0
462
0.0
453
        0
470

1001
GradientColor1ACI
1070
     5
1001
GradientColor2ACI
1070
     2
1001
ACAD
1010
0.0
1020
0.0
1030
0.0
  0
LWPOLYLINE
  5
A2
330
97
100
AcDbEntity
  8
0
 62
   251
420
  6513766
100
AcDbPolyline
 90
        4
 70
     1
 43
0.0
 10
1722.878375585031
 20
254.157158959144
 10
1730.527952280332
 20
254.157158959144
 10
1730.527952280332
 20
254.6541008625295
 10
1722.878375585031
 20
254.6541008625295
  0
ENDBLK
  5
A3
330
97
100
AcDbEntity
  8
0
100
AcDbBlockEnd
  0
BLOCK
  5
1B5
330
1B4
100
AcDbEntity
  8
0
100
AcDbBlockBegin
  2
E50 M 10
 70
     0
 10
0.0
 20
0.0
 30
0.0
  3
E50 M 10
  1

  0
HATCH
  5
1B6
330
1B4
100
AcDbEntity
  8
PROFİL HATCH
100
AcDbHatch
 10
0.0
 20
0.0
 30
0.0
210
0.0
220
0.0
230
1.0
  2
SOLID
 70
     1
 71
     1
 91
        3
 92
        1
 93
      109
 72
     1
 10
328.8121659057805
 20
299.9325099013084
 11
328.5121659497804
 21
299.6325122735085
 72
     1
 10
328.5121659497804
 20
299.6325122735085
 11
328.5121659497804
 21
294.3913491986085
 72
     2
 10
329.0121625305364
 20
294.3913447660748
 40
0.4999965807756804
 50
179.9994920655826
 51
270.000347850093
 73
     1
 72
     1
 10
329.0121655660803
 20
293.8913481853084
 11
329.3050590651804
 21
293.8913481853084
 72
     2
 10
329.3050629263118
 20
294.3913518756306
 40
0.500003690337125
 50
269.9995575501983
 51
314.9989419823417
 73
     1
 72
     1
 10
329.6586123975804
 20
294.0377893469084
 11
330.3657190623805
 21
294.7449015996084
 72
     2
 10
330.0121747976815
 20
295.0984514083836
 40
0.4999910143058714
 50
314.9995507639137
 51
360.0002970638844
 73
     1
 72
     1
 10
330.5121658119806
 20
295.0984540007086
 11
330.5121658119805
 21
295.8913447878084
 72
     1
 10
330.5121658119805
 20
295.8913447878084
 11
330.2121658558805
 21
295.8913447878084
 72
     2
 10
330.2121681890254
 20
296.1913473098552
 40
0.3000025220559113
 50
90.00044559411575
 51
180.0004882042961
 73
     0
 72
     1
 10
329.9121656669803
 20
296.1913498661083
 11
329.9121656669803
 21
297.9704144022086
 72
     2
 10
330.2121722031474
 20
297.9704127745213
 40
0.3000065361714336
 50
180.0003108586049
 51
236.7659806248915
 73
     0
 72
     1
 10
330.0477506341805
 20
298.2213499567084
 11
331.0121656610804
 21
298.8532485983086
 72
     1
 10
331.0121656610804
 20
298.8532485983086
 11
331.0121656610804
 21
299.2425116322085
 72
     1
 10
331.0121656610804
 20
299.2425116322085
 11
330.5121658119805
 21
299.5325105808084
 72
     1
 10
330.5121658119805
 20
299.5325105808084
 11
331.0121656610804
 21
299.8225095293084
 72
     1
 10
331.0121656610804
 20
299.8225095293084
 11
331.0121656610804
 21
301.0425122998084
 72
     1
 10
331.0121656610804
 20
301.0425122998084
 11
330.5121658119805
 21
301.3325112483084
 72
     1
 10
330.5121658119805
 20
301.3325112483084
 11
331.0121656610804
 21
301.6225101969086
 72
     1
 10
331.0121656610804
 20
301.6225101969086
 11
331.0121656610804
 21
302.8425129673084
 72
     1
 10
331.0121656610804
 20
302.8425129673084
 11
330.5121658119805
 21
303.1325119159086
 72
     1
 10
330.5121658119805
 20
303.1325119159086
 11
331.0121656610804
 21
303.4225108645086
 72
     1
 10
331.0121656610804
 20
303.4225108645086
 11
331.0121656610804
 21
304.6425136349086
 72
     1
 10
331.0121656610804
 20
304.6425136349086
 11
330.5121658119805
 21
304.9325125835086
 72
     1
 10
330.5121658119805
 20
304.9325125835086
 11
331.0121656610804
 21
305.2225115321086
 72
     1
 10
331.0121656610804
 20
305.2225115321086
 11
331.0121656610804
 21
306.0280385039086
 72
     1
 10
331.0121656610804
 20
306.0280385039086
 11
333.0983726551805
 21
307.2325142643084
 72
     1
 10
333.0983726551805
 20
307.2325142643084
 11
335.5121657001803
 21
305.8325129173085
 72
     1
 10
335.5121657001803
 20
305.8325129173085
 11
335.0121658510805
 21
305.5425139687085
 72
     1
 10
335.0121658510805
 20
305.5425139687085
 11
335.0121658510805
 21
304.3225111983085
 72
     1
 10
335.0121658510805
 20
304.3225111983085
 11
335.5121657001803
 21
304.0325122497085
 72
     1
 10
335.5121657001803
 20
304.0325122497085
 11
335.0121658510805
 21
303.7425133011085
 72
     1
 10
335.0121658510805
 20
303.7425133011085
 11
335.0121658510805
 21
302.5225105307085
 72
     1
 10
335.0121658510805
 20
302.5225105307085
 11
335.5121657001803
 21
302.2325115821085
 72
     1
 10
335.5121657001803
 20
302.2325115821085
 11
335.0121658510805
 21
301.9425126335085
 72
     1
 10
335.0121658510805
 20
301.9425126335085
 11
335.0121658510805
 21
300.7125111840086
 72
     1
 10
335.0121658510805
 20
300.7125111840086
 11
335.5121657001803
 21
300.4325109145085
 72
     1
 10
335.5121657001803
 20
300.4325109145085
 11
335.0121658510805
 21
300.1425119660086
 72
     1
 10
335.0121658510805
 20
300.1425119660086
 11
335.0121658510805
 21
298.8532485983086
 72
     1
 10
335.0121658510805
 20
298.8532485983086
 11
335.9765808778805
 21
298.2213499567084
 72
     2
 10
335.8121592954075
 20
297.9704127672238
 40
0.3000065496774216
 50
303.234020768808
 51
359.9996877477303
 73
     0
 72
     1
 10
336.1121658450804
 20
297.9704144022086
 11
336.1121658450807
 21
296.1913498661083
 72
     2
 10
335.8121632838516
 20
296.1913473490387
 40
0.3000025612396235
 50
359.9995192791855
 51
449.9995469224268
 73
     0
 72
     1
 10
335.8121656561805
 20
295.8913447878084
 11
335.5121657001803
 21
295.8913447878084
 72
     1
 10
335.5121657001803
 20
295.8913447878084
 11
335.5121657001803
 21
295.0984540007086
 72
     2
 10
336.0121577505416
 20
295.0984518375362
 40
0.4999920503659224
 50
179.999752114763
 51
225.0004000574071
 73
     1
 72
     1
 10
335.6586124497805
 20
294.7449015996084
 11
336.3657191144804
 21
294.0377893469084
 72
     2
 10
336.7192688074228
 20
294.3913524108183
 40
0.5000042255232647
 50
225.001083419863
 51
270.0004170475881
 73
     1
 72
     1
 10
336.7192724468804
 20
293.8913481853084
 11
337.0121659460805
 21
293.8913481853084
 72
     2
 10
337.0121688312052
 20
294.3913449164936
 40
0.4999967311935869
 50
269.9996693868978
 51
360.0004906974239
 73
     1
 72
     1
 10
337.5121655623805
 20
294.3913491986085
 11
337.5121655623805
 21
299.6325122735085
 72
     1
 10
337.5121655623805
 20
299.6325122735085
 11
337.2121656062804
 21
299.9325099013084
 72
     1
 10
337.2121656062804
 20
299.9325099013084
 11
337.5121655623805
 21
300.2325075290086
 72
     1
 10
337.5121655623805
 20
300.2325075290086
 11
337.5121655623806
 21
312.2325094960085
 72
     2
 10
347.0121705831955
 20
312.2325088262945
 40
9.500005020814935
 50
180.0000040391326
 51
269.9999734930864
 73
     0
 72
     1
 10
347.0121661881805
 20
321.7325138471084
 11
355.2121652970805
 21
321.7325138471086
 72
     2
 10
355.2121613503758
 20
320.7325097365098
 40
1.000004110606652
 50
270.0002261285884
 51
359.9998805961636
 73
     0
 72
     1
 10
356.2121654609803
 20
320.7325118205084
 11
356.2121654609804
 21
316.8325128577087
 72
     2
 10
355.2121656733052
 20
316.8325106187861
 40
0.9999997876776712
 50
359.9998717191667
 51
450.0000215560955
 73
     0
 72
     1
 10
355.2121652970805
 20
315.8325108311086
 11
349.6121654967804
 21
315.8325108311084
 72
     2
 10
349.6121657004406
 20
314.2325105514454
 40
1.600000279663004
 50
90.00000729304012
 51
179.9998926541201
 73
     1
 72
     1
 10
348.0121654207804
 20
314.2325135491084
 11
348.0121654207804
 21
311.0325115344084
 72
     2
 10
349.0121683994303
 20
311.032512486557
 40
1.00000297865034
 50
180.0000545539327
 51
269.9998920865914
 73
     1
 72
     1
 10
349.0121665159804
 20
310.0325095079085
 11
350.0121666798805
 21
310.0325095079085
 72
     2
 10
350.0121630335727
 20
311.0325124033313
 40
1.000002895429527
 50
270.0002089174422
 51
351.786731891882
 73
     1
 72
     2
 10
350.7049910616103
 20
310.9325122254034
 40
0.2999952440346676
 50
351.7864213492714
 51
450.000803152464
 73
     1
 72
     1
 10
350.7049868563805
 20
311.2325074694084
 11
349.5121656666805
 21
311.2325074694084
 72
     1
 10
349.5121656666805
 20
311.2325074694084
 11
349.5121656666805
 21
314.2325135491084
 72
     1
 10
349.5121656666805
 20
314.2325135491084
 11
352.7121658186803
 21
314.2325135491084
 72
     1
 10
352.7121658186803
 20
314.2325135491084
 11
353.0121653089805
 21
314.5325111768085
 72
     1
 10
353.0121653089805
 20
314.5325111768085
 11
353.3121666620805
 21
314.2325135491084
 72
     1
 10
353.3121666620805
 20
314.2325135491084
 11
356.5121649513804
 21
314.2325135491084
 72
     1
 10
356.5121649513804
 20
314.2325135491084
 11
356.5121649513804
 21
311.2325074694084
 72
     1
 10
356.5121649513804
 20
311.2325074694084
 11
355.3193456242805
 21
311.2325074694084
 72
     2
 10
355.319340353667
 20
310.9325123094067
 40
0.2999951600480422
 50
89.99899337073264
 51
188.2135972056635
 73
     1
 72
     2
 10
356.0121685075807
 20
311.0325124366984
 40
1.000002928793612
 50
188.213269772666
 51
269.9998449122193
 73
     1
 72
     1
 10
356.0121658007804
 20
310.0325095079085
 11
357.7121666381805
 21
310.0325095079085
 72
     2
 10
357.7121631275046
 20
310.3325125089708
 40
0.3000030010828917
 50
270.0006704829834
 51
360.0003967192082
 73
     1
 72
     1
 10
358.0121661285804
 20
310.3325145862085
 11
358.0121661285805
 21
429.7325109837085
 72
     2
 10
357.7121655424869
 20
429.7325104119162
 40
0.3000005860941193
 50
0.0001092040444523
 51
89.99979073834206
 73
     1
 72
     1
 10
357.7121666381805
 20
430.0325109980083
 11
308.3121648738804
 21
430.0325109980083
 72
     2
 10
308.3121659901995
 20
429.7325103912906
 40
0.3000006067198079
 50
90.00021320081989
 51
179.999886856765
 73
     1
 72
     1
 10
308.0121653834804
 20
429.7325109837085
 11
308.0121653834805
 21
310.3325145862085
 72
     2
 10
308.3121682418202
 20
310.3325123662377
 40
0.3000028583479375
 50
179.9995760208406
 51
269.9993567770138
 73
     1
 72
     1
 10
308.3121648738804
 20
310.0325095079087
 11
310.0121657113805
 21
310.0325095079085
 72
     2
 10
310.0121630101654
 20
311.0325124302645
 40
1.00000292235968
 50
270.0001547677739
 51
351.7867305496587
 73
     1
 72
     2
 10
310.7049909110894
 20
310.9325120951347
 40
0.2999953743162906
 50
351.7864500592858
 51
450.0009593770407
 73
     1
 72
     1
 10
310.7049858878804
 20
311.2325074694088
 11
309.5121665606805
 21
311.2325074694084
 72
     1
 10
309.5121665606805
 20
311.2325074694084
 11
309.5121665606805
 21
314.2325135491084
 72
     1
 10
309.5121665606805
 20
314.2325135491084
 11
312.7121648500804
 21
314.2325135491084
 72
     1
 10
312.7121648500804
 20
314.2325135491084
 11
313.0121662030805
 21
314.5325111768085
 72
     1
 10
313.0121662030805
 20
314.5325111768085
 11
313.3121656934804
 21
314.2325135491084
 72
     1
 10
313.3121656934804
 20
314.2325135491084
 11
316.5121658454804
 21
314.2325135491084
 72
     1
 10
316.5121658454804
 20
314.2325135491084
 11
316.5121658454804
 21
311.2325074694084
 72
     1
 10
316.5121658454804
 20
311.2325074694084
 11
315.3193446556804
 21
311.2325074694084
 72
     2
 10
315.319340289405
 20
310.9325123650588
 40
0.2999951043814794
 50
89.9991660892071
 51
188.2136094601191
 73
     1
 72
     2
 10
316.0121684922235
 20
311.0325124189449
 40
1.000002911043202
 50
188.213268885947
 51
269.9997902955917
 73
     1
 72
     1
 10
316.0121648321805
 20
310.0325095079085
 11
317.0121649960803
 21
310.0325095079085
 72
     2
 10
317.0121631435034
 20
311.0325124556843
 40
1.000002947777498
 50
270.0001061445296
 51
359.9999472149381
 73
     1
 72
     1
 10
318.0121660912805
 20
311.0325115344084
 11
318.0121660912805
 21
314.2325135491084
 72
     2
 10
316.4121658250488
 20
314.232510564874
 40
1.600000266234415
 50
0.0001068650032846
 51
89.99999318425258
 73
     1
 72
     1
 10
316.4121660153804
 20
315.8325108311084
 11
310.8121662149805
 21
315.8325108311084
 72
     2
 10
310.8121658457613
 20
316.8325106257916
 40
0.9999997946832875
 50
89.99997884529006
 51
180.0001278794502
 73
     0
 72
     1
 10
309.8121660510805
 20
316.8325128577087
 11
309.8121660510805
 21
320.7325118205084
 72
     2
 10
310.8121702162307
 20
320.732509681964
 40
1.000004165152474
 50
180.0001225290614
 51
269.9997707462086
 73
     0
 72
     1
 10
310.8121662149805
 20
321.7325138471084
 11
319.0121653238805
 21
321.7325138471084
 72
     2
 10
319.0121608647686
 20
312.2325087620976
 40
9.500005085011842
 50
270.00002689349
 51
359.9999955736872
 73
     0
 72
     1
 10
328.5121659497804
 20
312.2325094960085
 11
328.5121659497804
 21
300.2325075290086
 72
     1
 10
328.5121659497804
 20
300.2325075290086
 11
328.8121659057805
 21
299.9325099013084
 97
        1
330
1B7
 92
       16
 93
       29
 72
     1
 10
309.8121660510805
 20
423.0325107819083
 11
310.0121657113805
 21
423.0325107819083
 72
     2
 10
310.0121653290238
 20
424.0325113281651
 40
1.0000005462568
 50
270.000021907419
 51
359.9999780925874
 73
     1
 72
     1
 10
311.0121658752804
 20
424.0325109458083
 11
311.0121658752804
 21
428.0325109030084
 72
     1
 10
311.0121658752804
 20
428.0325109030084
 11
355.0121656368805
 21
428.0325109030084
 72
     1
 10
355.0121656368805
 20
428.0325109030084
 11
355.0121656368806
 21
424.0325109458083
 72
     2
 10
356.0121661829833
 20
424.0325113280112
 40
1.000000546102812
 50
180.0000218986027
 51
269.9999781013973
 73
     1
 72
     1
 10
356.0121658007804
 20
423.0325107819086
 11
356.2121654609804
 21
423.0325107819083
 72
     1
 10
356.2121654609804
 20
423.0325107819083
 11
356.2121654609804
 21
378.3825100384084
 72
     1
 10
356.2121654609804
 20
378.3825100384084
 11
356.0121658007804
 21
378.3825100384087
 72
     2
 10
356.0121349761942
 20
377.3825406991506
 40
0.9999693397331219
 50
89.99823382715446
 51
180.0016594536584
 73
     1
 72
     1
 10
355.0121656368805
 20
377.3825117371085
 11
355.0121656368806
 21
374.3825093827084
 72
     2
 10
356.0121656964259
 20
374.3825111409555
 40
1.000000059546902
 50
180.0001007401286
 51
270.0000059790696
 73
     1
 72
     1
 10
356.0121658007804
 20
373.3825110814084
 11
356.2121654609804
 21
373.3825110814084
 72
     1
 10
356.2121654609804
 20
373.3825110814084
 11
356.2121654609804
 21
328.7325131318086
 72
     1
 10
356.2121654609804
 20
328.7325131318086
 11
356.0121658007804
 21
328.7325131318086
 72
     2
 10
356.0121691009342
 20
327.7325096677593
 40
1.000003464054701
 50
90.00018908422743
 51
179.9999176347897
 73
     1
 72
     1
 10
355.0121656368805
 20
327.7325111053084
 11
355.0121656368805
 21
323.7325104496084
 72
     1
 10
355.0121656368805
 20
323.7325104496084
 11
311.0121658752804
 21
323.7325104496084
 72
     1
 10
311.0121658752804
 20
323.7325104496084
 11
311.0121658752804
 21
327.7325111053084
 72
     2
 10
310.012162413246
 20
327.7325096697786
 40
1.000003462035415
 50
0.0000822495131322
 51
89.99981103146946
 73
     1
 72
     1
 10
310.0121657113805
 20
328.7325131318086
 11
309.8121660510805
 21
328.7325131318086
 72
     1
 10
309.8121660510805
 20
328.7325131318086
 11
309.8121660510805
 21
373.3825110814084
 72
     1
 10
309.8121660510805
 20
373.3825110814084
 11
310.0121657113805
 21
373.3825110814084
 72
     2
 10
310.0121658192362
 20
374.3825111374543
 40
1.00000005604574
 50
269.9999938203224
 51
359.9998994604758
 73
     1
 72
     1
 10
311.0121658752804
 20
374.3825093827084
 11
311.0121658752804
 21
377.3825117371085
 72
     2
 10
310.0121672542229
 20
377.3825114173521
 40
0.9999986210576082
 50
0.0000183207204594
 51
90.00008839847811
 73
     1
 72
     1
 10
310.0121657113805
 20
378.3825100384084
 11
309.8121660510805
 21
378.3825100384084
 72
     1
 10
309.8121660510805
 20
378.3825100384084
 11
309.8121660510805
 21
407.0269046243082
 72
     1
 10
309.8121660510805
 20
407.0269046243082
 11
309.8121660510805
 21
423.0325107819083
 97
        1
330
1BB
 92
       16
 93
       10
 72
     1
 10
330.1121657929805
 20
309.3325125596085
 11
330.1121657929805
 21
312.2325094960085
 72
     2
 10
319.0121656258229
 20
312.2325108862323
 40
11.10000016715767
 50
359.9999928239679
 51
413.7509838746626
 73
     1
 72
     2
 10
325.7529408429704
 20
321.4260962936728
 40
0.3000026035496177
 50
126.2493612602761
 51
269.9994484393298
 73
     0
 72
     1
 10
325.7529379549804
 20
321.7260988972086
 11
340.2713935571804
 21
321.7260988972086
 72
     2
 10
340.2713908144907
 20
321.4260963412327
 40
0.3000025559884168
 50
270.0005238107126
 51
413.7506664892671
 73
     0
 72
     2
 10
347.0121658823903
 20
312.2325108882325
 40
11.10000016321019
 50
126.2490161149985
 51
180.000007186357
 73
     1
 72
     1
 10
335.9121657191802
 20
312.2325094960085
 11
335.9121657191804
 21
309.3325125596085
 72
     2
 10
335.6121601701236
 20
309.3325130303135
 40
0.3000055490572036
 50
0.0000898963709126
 51
89.99893184368728
 73
     0
 72
     1
 10
335.6121657630804
 20
309.0325074813085
 11
330.4121657489805
 21
309.0325074813085
 72
     2
 10
330.4121709657676
 20
309.3325126540503
 40
0.3000051727872195
 50
90.00099631578512
 51
179.9999819632527
 73
     0
 97
        1
330
1BA
 75
     1
 76
     1
 98
        1
 10
0.0
 20
0.0
450
        0
451
        0
460
0.0
461
0.0
452
        0
462
0.0
453
        0
470

1001
GradientColor1ACI
1070
     5
1001
GradientColor2ACI
1070
     2
1001
ACAD
1010
0.0
1020
0.0
1030
0.0
  0
LWPOLYLINE
  5
1B7
102
{ACAD_REACTORS
330
1B6
102
}
330
1B4
100
AcDbEntity
  8
olculendırme
370
    -2
100
AcDbPolyline
 90
      109
 70
     1
 43
0.0
 10
328.8121659057805
 20
299.9325099013084
 10
328.5121659497804
 20
299.6325122735085
 10
328.5121659497804
 20
294.3913491986085
 42
0.4142179371083667
 10
329.0121655660803
 20
293.8913481853084
 10
329.3050590651804
 20
293.8913481853084
 42
0.1989095751881614
 10
329.6586123975804
 20
294.0377893469084
 10
330.3657190623805
 20
294.7449015996084
 42
0.1989157525708511
 10
330.5121658119806
 20
295.0984540007086
 10
330.5121658119805
 20
295.8913447878084
 10
330.2121658558805
 20
295.8913447878084
 42
-0.4142137801942676
 10
329.9121656669803
 20
296.1913498661083
 10
329.9121656669803
 20
297.9704144022086
 42
-0.2528795219909483
 10
330.0477506341805
 20
298.2213499567084
 10
331.0121656610804
 20
298.8532485983086
 10
331.0121656610804
 20
299.2425116322085
 10
330.5121658119805
 20
299.5325105808084
 10
331.0121656610804
 20
299.8225095293084
 10
331.0121656610804
 20
301.0425122998084
 10
330.5121658119805
 20
301.3325112483084
 10
331.0121656610804
 20
301.6225101969086
 10
331.0121656610804
 20
302.8425129673084
 10
330.5121658119805
 20
303.1325119159086
 10
331.0121656610804
 20
303.4225108645086
 10
331.0121656610804
 20
304.6425136349086
 10
330.5121658119805
 20
304.9325125835086
 10
331.0121656610804
 20
305.2225115321086
 10
331.0121656610804
 20
306.0280385039086
 10
333.0983726551805
 20
307.2325142643084
 10
335.5121657001803
 20
305.8325129173085
 10
335.0121658510805
 20
305.5425139687085
 10
335.0121658510805
 20
304.3225111983085
 10
335.5121657001803
 20
304.0325122497085
 10
335.0121658510805
 20
303.7425133011085
 10
335.0121658510805
 20
302.5225105307085
 10
335.5121657001803
 20
302.2325115821085
 10
335.0121658510805
 20
301.9425126335085
 10
335.0121658510805
 20
300.7125111840086
 10
335.5121657001803
 20
300.4325109145085
 10
335.0121658510805
 20
300.1425119660086
 10
335.0121658510805
 20
298.8532485983086
 10
335.9765808778805
 20
298.2213499567084
 42
-0.2528795090510297
 10
336.1121658450804
 20
297.9704144022086
 10
336.1121658450807
 20
296.1913498661083
 42
-0.4142137036839979
 10
335.8121656561805
 20
295.8913447878084
 10
335.5121657001803
 20
295.8913447878084
 10
335.5121657001803
 20
295.0984540007086
 42
0.1989153064251398
 10
335.6586124497805
 20
294.7449015996084
 10
336.3657191144804
 20
294.0377893469084
 42
0.1989093447414632
 10
336.7192724468804
 20
293.8913481853084
 10
337.0121659460805
 20
293.8913481853084
 42
0.414217760878513
 10
337.5121655623805
 20
294.3913491986085
 10
337.5121655623805
 20
299.6325122735085
 10
337.2121656062804
 20
299.9325099013084
 10
337.5121655623805
 20
300.2325075290086
 10
337.5121655623806
 20
312.2325094960085
 42
-0.4142134062232109
 10
347.0121661881805
 20
321.7325138471084
 10
355.2121652970805
 20
321.7325138471086
 42
-0.4142117960293648
 10
356.2121654609803
 20
320.7325118205084
 10
356.2121654609804
 20
316.8325128577087
 42
-0.4142143283323451
 10
355.2121652970805
 20
315.8325108311086
 10
349.6121654967804
 20
315.8325108311084
 42
0.4142129763446725
 10
348.0121654207804
 20
314.2325135491084
 10
348.0121654207804
 20
311.0325115344084
 42
0.4142127318482469
 10
349.0121665159804
 20
310.0325095079085
 10
350.0121666798805
 20
310.0325095079085
 42
0.3728233696925132
 10
351.0019090747817
 20
310.8896538551848
 42
0.4568564281533189
 10
350.7049868563805
 20
311.2325074694084
 10
349.5121656666805
 20
311.2325074694084
 10
349.5121656666805
 20
314.2325135491084
 10
352.7121658186803
 20
314.2325135491084
 10
353.0121653089805
 20
314.5325111768085
 10
353.3121666620805
 20
314.2325135491084
 10
356.5121649513804
 20
314.2325135491084
 10
356.5121649513804
 20
311.2325074694084
 10
355.3193456242805
 20
311.2325074694084
 42
0.4568575991550685
 10
355.0224224375002
 20
310.8896538550315
 42
0.3728236289433837
 10
356.0121658007804
 20
310.0325095079085
 10
357.7121666381805
 20
310.0325095079085
 42
0.4142121629067756
 10
358.0121661285804
 20
310.3325145862085
 10
358.0121661285805
 20
429.7325109837085
 42
0.4142119343929583
 10
357.7121666381805
 20
430.0325109980083
 10
308.3121648738804
 20
430.0325109980083
 42
0.414211894119253
 10
308.0121653834804
 20
429.7325109837085
 10
308.0121653834805
 20
310.3325145862085
 42
0.4142124416098337
 10
308.3121648738804
 20
310.0325095079087
 10
310.0121657113805
 20
310.0325095079085
 42
0.3728236321356542
 10
311.0019090746817
 20
310.8896538550847
 42
0.4568571006686481
 10
310.7049858878804
 20
311.2325074694088
 10
309.5121665606805
 20
311.2325074694084
 10
309.5121665606805
 20
314.2325135491084
 10
312.7121648500804
 20
314.2325135491084
 10
313.0121662030805
 20
314.5325111768085
 10
313.3121656934804
 20
314.2325135491084
 10
316.5121658454804
 20
314.2325135491084
 10
316.5121658454804
 20
311.2325074694084
 10
315.3193446556804
 20
311.2325074694084
 42
0.4568567528631324
 10
315.0224224375004
 20
310.8896538551313
 42
0.3728233619157605
 10
316.0121648321805
 20
310.0325095079085
 10
317.0121649960803
 20
310.0325095079085
 42
0.4142127499330403
 10
318.0121660912805
 20
311.0325115344084
 10
318.0121660912805
 20
314.2325135491084
 42
0.4142129812427845
 10
316.4121660153804
 20
315.8325108311084
 10
310.8121662149805
 20
315.8325108311084
 42
-0.4142143242286286
 10
309.8121660510805
 20
316.8325128577087
 10
309.8121660510805
 20
320.7325118205084
 42
-0.4142117640775235
 10
310.8121662149805
 20
321.7325138471084
 10
319.0121653238805
 20
321.7325138471084
 42
-0.4142134022678066
 10
328.5121659497804
 20
312.2325094960085
 10
328.5121659497804
 20
300.2325075290086
  0
LWPOLYLINE
  5
1BA
102
{ACAD_REACTORS
330
1B6
102
}
330
1B4
100
AcDbEntity
  8
olculendırme
370
    -2
100
AcDbPolyline
 90
       10
 70
     1
 43
0.0
 10
330.1121657929805
 20
309.3325125596085
 10
330.1121657929805
 20
312.2325094960085
 42
0.2389299279330017
 10
325.575549106092
 20
321.1841588351762
 42
-0.7248777863044569
 10
325.7529379549804
 20
321.7260988972086
 10
340.2713935571804
 20
321.7260988972086
 42
-0.7248781557104055
 10
340.4487824060707
 20
321.1841588351773
 42
0.23892992802831
 10
335.9121657191802
 20
312.2325094960085
 10
335.9121657191804
 20
309.3325125596085
 42
-0.4142076424768821
 10
335.6121657630804
 20
309.0325074813085
 10
330.4121657489805
 20
309.0325074813085
 42
-0.4142083770621336
  0
LWPOLYLINE
  5
1BB
102
{ACAD_REACTORS
330
1B6
102
}
330
1B4
100
AcDbEntity
  8
olculendırme
370
    -2
100
AcDbPolyline
 90
       29
 70
     1
 43
0.0
 10
309.8121660510805
 20
423.0325107819083
 10
310.0121657113805
 20
423.0325107819083
 42
0.4142133383938393
 10
311.0121658752804
 20
424.0325109458083
 10
311.0121658752804
 20
428.0325109030084
 10
355.0121656368805
 20
428.0325109030084
 10
355.0121656368806
 20
424.0325109458083
 42
0.414213338483944
 10
356.0121658007804
 20
423.0325107819086
 10
356.2121654609804
 20
423.0325107819083
 10
356.2121654609804
 20
378.3825100384084
 10
356.0121658007804
 20
378.3825100384087
 42
0.4142310741164353
 10
355.0121656368805
 20
377.3825117371085
 10
355.0121656368806
 20
374.3825093827084
 42
0.4142130779592851
 10
356.0121658007804
 20
373.3825110814084
 10
356.2121654609804
 20
373.3825110814084
 10
356.2121654609804
 20
328.7325131318086
 10
356.0121658007804
 20
328.7325131318086
 42
0.4142121747375447
 10
355.0121656368805
 20
327.7325111053084
 10
355.0121656368805
 20
323.7325104496084
 10
311.0121658752804
 20
323.7325104496084
 10
311.0121658752804
 20
327.7325111053084
 42
0.4142121759204184
 10
310.0121657113805
 20
328.7325131318086
 10
309.8121660510805
 20
328.7325131318086
 10
309.8121660510805
 20
373.3825110814084
 10
310.0121657113805
 20
373.3825110814084
 42
0.4142130800102628
 10
311.0121658752804
 20
374.3825093827084
 10
311.0121658752804
 20
377.3825117371085
 42
0.4142139206072056
 10
310.0121657113805
 20
378.3825100384084
 10
309.8121660510805
 20
378.3825100384084
 10
309.8121660510805
 20
407.0269046243082
  0
ENDBLK
  5
1BC
330
1B4
100
AcDbEntity
  8
0
100
AcDbBlockEnd
  0
BLOCK
  5
AE
330
AB
100
AcDbEntity
  8
0
100
AcDbBlockBegin
  2
01.02.24
 70
     0
 10
0.0
 20
0.0
 30
0.0
  3
01.02.24
  1

  0
REGION
  5
AF
102
{ACAD_REACTORS
330
B3
102
}
330
AB
100
AcDbEntity
  8
0
100
AcDbModelerGeometry
290
     1
  2
{D1A3607E-6723-4D0B-B484-DC684B673EA9}
  0
REGION
  5
B0
102
{ACAD_REACTORS
330
B3
102
}
330
AB
100
AcDbEntity
  8
0
100
AcDbModelerGeometry
290
     1
  2
{9B8D0528-1B28-4F68-8B6B-95BED3856FA7}
  0
REGION
  5
B1
102
{ACAD_REACTORS
330
B3
102
}
330
AB
100
AcDbEntity
  8
0
100
AcDbModelerGeometry
290
     1
  2
{FBE87961-B013-4BBC-ABDB-D71BDDC9727A}
  0
REGION
  5
B2
102
{ACAD_REACTORS
330
B3
102
}
330
AB
100
AcDbEntity
  8
0
100
AcDbModelerGeometry
290
     1
  2
{C0CF7D1A-8A2E-4164-8D22-FEDE2CBE9757}
  0
HATCH
  5
B3
330
AB
100
AcDbEntity
  8
epdm hatch
370
    -2
100
AcDbHatch
 10
0.0
 20
0.0
 30
0.0
210
0.0
220
0.0
230
1.0
  2
ANSI37
 70
     0
 71
     1
 91
        4
 92
       16
 93
       10
 72
     2
 10
4277.56753773666
 20
2612.859577806408
 40
0.3000000000002019
 50
281.7929801046379
 51
359.9999999999131
 73
     1
 72
     1
 10
4277.867537736661
 20
2612.859577806408
 11
4277.867537736661
 21
2614.808587444646
 72
     2
 10
4277.56753773666
 20
2614.808587444646
 40
0.3000000000004093
 50
0.0
 51
89.9999999998263
 73
     1
 72
     1
 10
4277.567537736662
 20
2615.108587444646
 11
4272.167537736952
 21
2615.108587444646
 72
     2
 10
4272.167537736952
 20
2614.808587444646
 40
0.2999999999997271
 50
90.0
 51
180.0
 73
     1
 72
     1
 10
4271.867537736953
 20
2614.808587444646
 11
4271.867537736953
 21
2612.859577806409
 72
     2
 10
4272.167537736954
 20
2612.85957780641
 40
0.3000000000017735
 50
180.0000000001737
 51
258.2070198951514
 73
     1
 72
     2
 10
4271.656597438981
 20
2610.412346715575
 40
2.200000000022515
 50
281.7929801042602
 51
316.7054872504238
 73
     0
 72
     2
 10
4274.867537736807
 20
2605.108587444648
 40
6.999999999998167
 50
256.7054872499333
 51
283.2945127500106
 73
     0
 72
     2
 10
4278.078478034628
 20
2610.412346715579
 40
2.20000000001899
 50
223.2945127494762
 51
258.2070198957797
 73
     0
 97
        1
330
B2
 92
       16
 93
        8
 72
     2
 10
4275.567537736807
 20
2625.012346715598
 40
0.3000000000004093
 50
0.0
 51
89.9999999998263
 73
     1
 72
     1
 10
4275.567537736811
 20
2625.312346715598
 11
4274.167537736808
 21
2625.312346715598
 72
     2
 10
4274.167537736808
 20
2625.012346715598
 40
0.3000000000001819
 50
90.0
 51
179.9999999999131
 73
     1
 72
     1
 10
4273.867537736808
 20
2625.012346715598
 11
4273.867537736808
 21
2622.912346715598
 72
     2
 10
4274.167537736808
 20
2622.912346715598
 40
0.3000000000004093
 50
180.0000000000868
 51
269.9999999998263
 73
     1
 72
     1
 10
4274.167537736808
 20
2622.612346715599
 11
4275.567537736807
 21
2622.612346715599
 72
     2
 10
4275.567537736807
 20
2622.912346715598
 40
0.3000000000001819
 50
270.0
 51
359.9999999999131
 73
     1
 72
     1
 10
4275.867537736809
 20
2622.912346715598
 11
4275.867537736809
 21
2625.012346715598
 97
        1
330
B1
 92
       16
 93
        8
 72
     1
 10
4271.867537736953
 20
2620.512346715597
 11
4271.867537736953
 21
2617.612346715597
 72
     2
 10
4272.167537736952
 20
2617.612346715597
 40
0.2999999999999545
 50
180.0
 51
270.0
 73
     1
 72
     1
 10
4272.167537736952
 20
2617.312346715597
 11
4277.56753773666
 21
2617.312346715597
 72
     2
 10
4277.56753773666
 20
2617.612346715598
 40
0.3000000000010914
 50
270.0000000000868
 51
359.9999999998263
 73
     1
 72
     1
 10
4277.867537736661
 20
2617.612346715597
 11
4277.867537736661
 21
2620.512346715597
 72
     2
 10
4277.56753773666
 20
2620.512346715597
 40
0.3000000000004093
 50
0.0
 51
89.9999999998263
 73
     1
 72
     1
 10
4277.567537736662
 20
2620.812346715597
 11
4272.167537736952
 21
2620.812346715597
 72
     2
 10
4272.167537736952
 20
2620.512346715597
 40
0.3000000000001819
 50
90.0
 51
179.9999999999131
 73
     1
 97
        1
330
B0
 92
        1
 93
       26
 72
     1
 10
4276.867537736808
 20
2624.412344677141
 11
4277.267537736807
 21
2624.41234467714
 72
     2
 10
4277.267537736807
 20
2624.81234467714
 40
0.400000000000091
 50
270.0
 51
409.9371731835806
 73
     1
 72
     1
 10
4277.524988623796
 20
2625.118480334634
 11
4275.867537736806
 21
2626.512346715598
 72
     1
 10
4275.867537736806
 20
2626.512346715598
 11
4273.867537736808
 21
2626.512346715598
 72
     1
 10
4273.867537736808
 20
2626.512346715598
 11
4272.21008684982
 21
2625.118480334633
 72
     2
 10
4272.467537736807
 20
2624.81234467714
 40
0.4000000000001517
 50
130.0628268164113
 51
270.0
 73
     1
 72
     1
 10
4272.467537736807
 20
2624.412344677141
 11
4272.867537736808
 21
2624.412344677141
 72
     1
 10
4272.867537736808
 20
2624.412344677141
 11
4272.867537736806
 21
2622.812346715597
 72
     1
 10
4272.867537736806
 20
2622.812346715597
 11
4270.167537736951
 21
2622.812346715599
 72
     2
 10
4270.167537736951
 20
2622.512346715598
 40
0.3000000000001819
 50
90.0
 51
180.0
 73
     1
 72
     1
 10
4269.867537736952
 20
2622.512346715598
 11
4269.867537736952
 21
2610.912346715598
 72
     2
 10
4270.167537736951
 20
2610.912346715598
 40
0.3000000000004093
 50
180.0
 51
270.0
 73
     1
 72
     1
 10
4270.167537736951
 20
2610.612346715597
 11
4271.656597438981
 21
2610.612346715598
 72
     2
 10
4271.656597438985
 20
2610.412346715581
 40
0.2000000000168942
 50
269.9999999989578
 51
418.8089361202424
 73
     0
 72
     2
 10
4274.867537736802
 20
2605.108587444653
 40
5.999999999990786
 50
121.1910638794827
 51
145.3255694486245
 73
     1
 72
     2
 10
4270.344348670071
 20
2608.237606566761
 40
0.4999999999999212
 50
145.325569448641
 51
325.3255694485849
 73
     1
 72
     2
 10
4274.867537736807
 20
2605.108587444647
 40
4.999999999999926
 50
214.6744305514018
 51
325.3255694485956
 73
     0
 72
     2
 10
4279.390726803542
 20
2608.23760656676
 40
0.4999999999999928
 50
214.6744305514233
 51
394.6744305514877
 73
     1
 72
     2
 10
4274.867537736804
 20
2605.108587444645
 40
6.000000000000919
 50
34.67443055140654
 51
58.80893612053821
 73
     1
 72
     2
 10
4278.078478034628
 20
2610.412346715581
 40
0.2000000000166437
 50
121.1910638810875
 51
270.0000000010422
 73
     0
 72
     1
 10
4278.078478034633
 20
2610.612346715597
 11
4279.56753773666
 21
2610.612346715597
 72
     2
 10
4279.56753773666
 20
2610.912346715598
 40
0.3000000000010914
 50
270.0000000000868
 51
359.9999999998263
 73
     1
 72
     1
 10
4279.867537736662
 20
2610.912346715597
 11
4279.867537736662
 21
2622.512346715597
 72
     2
 10
4279.56753773666
 20
2622.512346715597
 40
0.3000000000004093
 50
0.0
 51
90.0
 73
     1
 72
     1
 10
4279.56753773666
 20
2622.812346715599
 11
4276.867537736808
 21
2622.812346715599
 72
     1
 10
4276.867537736808
 20
2622.812346715599
 11
4276.867537736808
 21
2624.412344677141
 97
        1
330
AF
 75
     1
 76
     1
 52
90.0
 41
0.5
 77
     0
 78
     2
 53
135.0
 43
6888.346604586335
 44
-1677.975725173584
 45
-1.122532015133643
 46
-1.122532015133643
 79
     0
 53
225.0
 43
6888.346604586335
 44
-1677.975725173584
 45
1.122532015133643
 46
-1.122532015133643
 79
     0
 98
        1
 10
6888.346604586335
 20
-1677.975725173584
1001
GradientColor1ACI
1070
     5
1001
GradientColor2ACI
1070
     2
1001
ACAD
1010
0.0
1020
0.0
1030
0.0
  0
ENDBLK
  5
B4
330
AB
100
AcDbEntity
  8
0
100
AcDbBlockEnd
  0
BLOCK
  5
B9
330
B7
100
AcDbEntity
  8
0
100
AcDbBlockBegin
  2
4.8 x 38
 70
     0
 10
0.0
 20
0.0
 30
0.0
  3
4.8 x 38
  1

  0
LINE
  5
BA
330
B7
100
AcDbEntity
  8
0
  6
Continuous
 62
     7
370
    15
100
AcDbLine
 10
65.20762979144982
 20
81.76271631908303
 30
0.0
 11
65.20762979144982
 21
82.41271631908304
 31
0.0
  0
LINE
  5
BB
330
B7
100
AcDbEntity
  8
0
  6
Continuous
 62
     7
370
    15
100
AcDbLine
 10
55.70762979144983
 20
82.41271631908304
 30
0.0
 11
55.70762979144983
 21
81.76271631908303
 31
0.0
  0
LINE
  5
BC
330
B7
100
AcDbEntity
  8
0
  6
Continuous
 62
     7
370
    15
100
AcDbLine
 10
65.20762979144982
 20
82.41271631908304
 30
0.0
 11
62.85762979144982
 21
84.76271631908302
 31
0.0
  0
LINE
  5
BD
330
B7
100
AcDbEntity
  8
0
  6
Continuous
 62
     7
370
    15
100
AcDbLine
 10
58.05762979144982
 20
84.76271631908302
 30
0.0
 11
55.70762979144983
 21
82.41271631908304
 31
0.0
  0
LINE
  5
BE
330
B7
100
AcDbEntity
  8
0
  6
Continuous
 62
     7
370
    15
100
AcDbLine
 10
62.85762979144982
 20
84.76271631908302
 30
0.0
 11
62.33801454917916
 21
85.06271631908303
 31
0.0
  0
LINE
  5
BF
330
B7
100
AcDbEntity
  8
0
  6
Continuous
 62
     7
370
    15
100
AcDbLine
 10
58.57724503372049
 20
85.06271631908303
 30
0.0
 11
58.05762979144981
 21
84.76271631908302
 31
0.0
  0
LINE
  5
C0
330
B7
100
AcDbEntity
  8
0
  6
Continuous
 62
     7
370
    15
100
AcDbLine
 10
58.05762979144982
 20
86.16271631908302
 30
0.0
 11
58.57724503372049
 21
85.86271631908301
 31
0.0
  0
LINE
  5
C1
330
B7
100
AcDbEntity
  8
0
  6
Continuous
 62
     7
370
    15
100
AcDbLine
 10
62.33801454917916
 20
85.86271631908301
 30
0.0
 11
62.85762979144982
 21
86.16271631908302
 31
0.0
  0
LINE
  5
C2
330
B7
100
AcDbEntity
  8
0
  6
Continuous
 62
     7
370
    15
100
AcDbLine
 10
58.05762979144982
 20
86.36271631908305
 30
0.0
 11
58.05762979144982
 21
86.16271631908302
 31
0.0
  0
LINE
  5
C3
330
B7
100
AcDbEntity
  8
0
  6
Continuous
 62
     7
370
    15
100
AcDbLine
 10
62.85762979144982
 20
86.16271631908302
 30
0.0
 11
62.85762979144982
 21
86.36271631908305
 31
0.0
  0
LINE
  5
C4
330
B7
100
AcDbEntity
  8
0
  6
Continuous
 62
     7
370
    15
100
AcDbLine
 10
62.85762979144982
 20
86.36271631908305
 30
0.0
 11
62.33801454917916
 21
86.66271631908301
 31
0.0
  0
LINE
  5
C5
330
B7
100
AcDbEntity
  8
0
  6
Continuous
 62
     7
370
    15
100
AcDbLine
 10
58.57724503372049
 20
86.66271631908301
 30
0.0
 11
58.05762979144982
 21
86.36271631908305
 31
0.0
  0
LINE
  5
C6
330
B7
100
AcDbEntity
  8
0
  6
Continuous
 62
     7
370
    15
100
AcDbLine
 10
58.05762979144982
 20
87.76271631908302
 30
0.0
 11
58.57724503372049
 21
87.46271631908303
 31
0.0
  0
LINE
  5
C7
330
B7
100
AcDbEntity
  8
0
  6
Continuous
 62
     7
370
    15
100
AcDbLine
 10
62.33801454917916
 20
87.46271631908303
 30
0.0
 11
62.85762979144982
 21
87.76271631908302
 31
0.0
  0
LINE
  5
C8
330
B7
100
AcDbEntity
  8
0
  6
Continuous
 62
     7
370
    15
100
AcDbLine
 10
58.05762979144982
 20
87.96271631908302
 30
0.0
 11
58.05762979144982
 21
87.76271631908302
 31
0.0
  0
LINE
  5
C9
330
B7
100
AcDbEntity
  8
0
  6
Continuous
 62
     7
370
    15
100
AcDbLine
 10
62.85762979144982
 20
87.76271631908302
 30
0.0
 11
62.85762979144982
 21
87.96271631908302
 31
0.0
  0
LINE
  5
CA
330
B7
100
AcDbEntity
  8
0
  6
Continuous
 62
     7
370
    15
100
AcDbLine
 10
62.85762979144982
 20
87.96271631908302
 30
0.0
 11
62.33801454917916
 21
88.26271631908303
 31
0.0
  0
LINE
  5
CB
330
B7
100
AcDbEntity
  8
0
  6
Continuous
 62
     7
370
    15
100
AcDbLine
 10
58.57724503372049
 20
88.26271631908303
 30
0.0
 11
58.05762979144982
 21
87.96271631908302
 31
0.0
  0
LINE
  5
CC
330
B7
100
AcDbEntity
  8
0
  6
Continuous
 62
     7
370
    15
100
AcDbLine
 10
58.05762979144982
 20
89.36271631908303
 30
0.0
 11
58.57724503372049
 21
89.06271631908301
 31
0.0
  0
LINE
  5
CD
330
B7
100
AcDbEntity
  8
0
  6
Continuous
 62
     7
370
    15
100
AcDbLine
 10
62.33801454917916
 20
89.06271631908301
 30
0.0
 11
62.85762979144982
 21
89.36271631908303
 31
0.0
  0
LINE
  5
CE
330
B7
100
AcDbEntity
  8
0
  6
Continuous
 62
     7
370
    15
100
AcDbLine
 10
58.05762979144982
 20
89.56271631908302
 30
0.0
 11
58.05762979144982
 21
89.36271631908303
 31
0.0
  0
LINE
  5
CF
330
B7
100
AcDbEntity
  8
0
  6
Continuous
 62
     7
370
    15
100
AcDbLine
 10
62.85762979144982
 20
89.36271631908303
 30
0.0
 11
62.85762979144982
 21
89.56271631908302
 31
0.0
  0
LINE
  5
D0
330
B7
100
AcDbEntity
  8
0
  6
Continuous
 62
     7
370
    15
100
AcDbLine
 10
62.85762979144982
 20
89.56271631908302
 30
0.0
 11
62.33801454917916
 21
89.86271631908302
 31
0.0
  0
LINE
  5
D1
330
B7
100
AcDbEntity
  8
0
  6
Continuous
 62
     7
370
    15
100
AcDbLine
 10
58.57724503372049
 20
89.86271631908302
 30
0.0
 11
58.05762979144982
 21
89.56271631908302
 31
0.0
  0
LINE
  5
D2
330
B7
100
AcDbEntity
  8
0
  6
Continuous
 62
     7
370
    15
100
AcDbLine
 10
58.05762979144982
 20
90.96271631908305
 30
0.0
 11
58.57724503372049
 21
90.66271631908305
 31
0.0
  0
LINE
  5
D3
330
B7
100
AcDbEntity
  8
0
  6
Continuous
 62
     7
370
    15
100
AcDbLine
 10
62.33801454917916
 20
90.66271631908305
 30
0.0
 11
62.85762979144982
 21
90.96271631908305
 31
0.0
  0
LINE
  5
D4
330
B7
100
AcDbEntity
  8
0
  6
Continuous
 62
     7
370
    15
100
AcDbLine
 10
58.05762979144982
 20
91.16271631908302
 30
0.0
 11
58.05762979144982
 21
90.96271631908305
 31
0.0
  0
LINE
  5
D5
330
B7
100
AcDbEntity
  8
0
  6
Continuous
 62
     7
370
    15
100
AcDbLine
 10
62.85762979144982
 20
90.96271631908305
 30
0.0
 11
62.85762979144982
 21
91.16271631908302
 31
0.0
  0
LINE
  5
D6
330
B7
100
AcDbEntity
  8
0
  6
Continuous
 62
     7
370
    15
100
AcDbLine
 10
62.85762979144982
 20
91.16271631908302
 30
0.0
 11
62.33801454917916
 21
91.46271631908303
 31
0.0
  0
LINE
  5
D7
330
B7
100
AcDbEntity
  8
0
  6
Continuous
 62
     7
370
    15
100
AcDbLine
 10
58.57724503372049
 20
91.46271631908303
 30
0.0
 11
58.05762979144982
 21
91.16271631908302
 31
0.0
  0
LINE
  5
D8
330
B7
100
AcDbEntity
  8
0
  6
Continuous
 62
     7
370
    15
100
AcDbLine
 10
58.05762979144982
 20
92.56271631908303
 30
0.0
 11
58.57724503372049
 21
92.26271631908302
 31
0.0
  0
LINE
  5
D9
330
B7
100
AcDbEntity
  8
0
  6
Continuous
 62
     7
370
    15
100
AcDbLine
 10
62.33801454917916
 20
92.26271631908302
 30
0.0
 11
62.85762979144982
 21
92.56271631908303
 31
0.0
  0
LINE
  5
DA
330
B7
100
AcDbEntity
  8
0
  6
Continuous
 62
     7
370
    15
100
AcDbLine
 10
58.05762979144982
 20
92.76271631908302
 30
0.0
 11
58.05762979144982
 21
92.56271631908303
 31
0.0
  0
LINE
  5
DB
330
B7
100
AcDbEntity
  8
0
  6
Continuous
 62
     7
370
    15
100
AcDbLine
 10
62.85762979144982
 20
92.56271631908303
 30
0.0
 11
62.85762979144982
 21
92.76271631908302
 31
0.0
  0
LINE
  5
DC
330
B7
100
AcDbEntity
  8
0
  6
Continuous
 62
     7
370
    15
100
AcDbLine
 10
62.85762979144982
 20
92.76271631908302
 30
0.0
 11
62.33801454917916
 21
93.06271631908302
 31
0.0
  0
LINE
  5
DD
330
B7
100
AcDbEntity
  8
0
  6
Continuous
 62
     7
370
    15
100
AcDbLine
 10
58.57724503372049
 20
93.06271631908302
 30
0.0
 11
58.05762979144982
 21
92.76271631908302
 31
0.0
  0
LINE
  5
DE
330
B7
100
AcDbEntity
  8
0
  6
Continuous
 62
     7
370
    15
100
AcDbLine
 10
58.05762979144982
 20
94.16271631908299
 30
0.0
 11
58.57724503372049
 21
93.86271631908302
 31
0.0
  0
LINE
  5
DF
330
B7
100
AcDbEntity
  8
0
  6
Continuous
 62
     7
370
    15
100
AcDbLine
 10
62.33801454917916
 20
93.86271631908302
 30
0.0
 11
62.85762979144982
 21
94.16271631908299
 31
0.0
  0
LINE
  5
E0
330
B7
100
AcDbEntity
  8
0
  6
Continuous
 62
     7
370
    15
100
AcDbLine
 10
58.05762979144982
 20
94.36271631908304
 30
0.0
 11
58.05762979144982
 21
94.16271631908299
 31
0.0
  0
LINE
  5
E1
330
B7
100
AcDbEntity
  8
0
  6
Continuous
 62
     7
370
    15
100
AcDbLine
 10
62.85762979144982
 20
94.16271631908299
 30
0.0
 11
62.85762979144982
 21
94.36271631908304
 31
0.0
  0
LINE
  5
E2
330
B7
100
AcDbEntity
  8
0
  6
Continuous
 62
     7
370
    15
100
AcDbLine
 10
62.85762979144982
 20
94.36271631908304
 30
0.0
 11
62.33801454917916
 21
94.66271631908302
 31
0.0
  0
LINE
  5
E3
330
B7
100
AcDbEntity
  8
0
  6
Continuous
 62
     7
370
    15
100
AcDbLine
 10
58.57724503372049
 20
94.66271631908302
 30
0.0
 11
58.05762979144982
 21
94.36271631908304
 31
0.0
  0
LINE
  5
E4
330
B7
100
AcDbEntity
  8
0
  6
Continuous
 62
     7
370
    15
100
AcDbLine
 10
58.05762979144982
 20
95.76271631908303
 30
0.0
 11
58.57724503372049
 21
95.46271631908302
 31
0.0
  0
LINE
  5
E5
330
B7
100
AcDbEntity
  8
0
  6
Continuous
 62
     7
370
    15
100
AcDbLine
 10
62.33801454917916
 20
95.46271631908302
 30
0.0
 11
62.85762979144982
 21
95.76271631908303
 31
0.0
  0
LINE
  5
E6
330
B7
100
AcDbEntity
  8
0
  6
Continuous
 62
     7
370
    15
100
AcDbLine
 10
58.05762979144982
 20
95.96271631908305
 30
0.0
 11
58.05762979144982
 21
95.76271631908303
 31
0.0
  0
LINE
  5
E7
330
B7
100
AcDbEntity
  8
0
  6
Continuous
 62
     7
370
    15
100
AcDbLine
 10
62.85762979144982
 20
95.76271631908303
 30
0.0
 11
62.85762979144982
 21
95.96271631908305
 31
0.0
  0
LINE
  5
E8
330
B7
100
AcDbEntity
  8
0
  6
Continuous
 62
     7
370
    15
100
AcDbLine
 10
62.85762979144982
 20
95.96271631908305
 30
0.0
 11
62.33801454917916
 21
96.26271631908302
 31
0.0
  0
LINE
  5
E9
330
B7
100
AcDbEntity
  8
0
  6
Continuous
 62
     7
370
    15
100
AcDbLine
 10
58.57724503372049
 20
96.26271631908302
 30
0.0
 11
58.05762979144982
 21
95.96271631908305
 31
0.0
  0
LINE
  5
EA
330
B7
100
AcDbEntity
  8
0
  6
Continuous
 62
     7
370
    15
100
AcDbLine
 10
58.05762979144982
 20
97.36271631908302
 30
0.0
 11
58.57724503372049
 21
97.06271631908302
 31
0.0
  0
LINE
  5
EB
330
B7
100
AcDbEntity
  8
0
  6
Continuous
 62
     7
370
    15
100
AcDbLine
 10
62.33801454917916
 20
97.06271631908302
 30
0.0
 11
62.85762979144982
 21
97.36271631908302
 31
0.0
  0
LINE
  5
EC
330
B7
100
AcDbEntity
  8
0
  6
Continuous
 62
     7
370
    15
100
AcDbLine
 10
58.05762979144982
 20
97.56271631908305
 30
0.0
 11
58.05762979144982
 21
97.36271631908302
 31
0.0
  0
LINE
  5
ED
330
B7
100
AcDbEntity
  8
0
  6
Continuous
 62
     7
370
    15
100
AcDbLine
 10
62.85762979144982
 20
97.36271631908302
 30
0.0
 11
62.85762979144982
 21
97.56271631908305
 31
0.0
  0
LINE
  5
EE
330
B7
100
AcDbEntity
  8
0
  6
Continuous
 62
     7
370
    15
100
AcDbLine
 10
62.85762979144982
 20
97.56271631908305
 30
0.0
 11
62.33801454917916
 21
97.86271631908302
 31
0.0
  0
LINE
  5
EF
330
B7
100
AcDbEntity
  8
0
  6
Continuous
 62
     7
370
    15
100
AcDbLine
 10
58.57724503372049
 20
97.86271631908302
 30
0.0
 11
58.05762979144982
 21
97.56271631908305
 31
0.0
  0
LINE
  5
F0
330
B7
100
AcDbEntity
  8
0
  6
Continuous
 62
     7
370
    15
100
AcDbLine
 10
58.05762979144982
 20
98.96271631908303
 30
0.0
 11
58.57724503372049
 21
98.66271631908302
 31
0.0
  0
LINE
  5
F1
330
B7
100
AcDbEntity
  8
0
  6
Continuous
 62
     7
370
    15
100
AcDbLine
 10
62.33801454917916
 20
98.66271631908302
 30
0.0
 11
62.85762979144982
 21
98.96271631908303
 31
0.0
  0
LINE
  5
F2
330
B7
100
AcDbEntity
  8
0
  6
Continuous
 62
     7
370
    15
100
AcDbLine
 10
58.05762979144982
 20
99.16271631908301
 30
0.0
 11
58.05762979144982
 21
98.96271631908303
 31
0.0
  0
LINE
  5
F3
330
B7
100
AcDbEntity
  8
0
  6
Continuous
 62
     7
370
    15
100
AcDbLine
 10
62.85762979144982
 20
98.96271631908303
 30
0.0
 11
62.85762979144982
 21
99.16271631908301
 31
0.0
  0
LINE
  5
F4
330
B7
100
AcDbEntity
  8
0
  6
Continuous
 62
     7
370
    15
100
AcDbLine
 10
62.85762979144982
 20
99.16271631908301
 30
0.0
 11
62.33801454917916
 21
99.46271631908302
 31
0.0
  0
LINE
  5
F5
330
B7
100
AcDbEntity
  8
0
  6
Continuous
 62
     7
370
    15
100
AcDbLine
 10
58.57724503372049
 20
99.46271631908302
 30
0.0
 11
58.05762979144982
 21
99.16271631908301
 31
0.0
  0
LINE
  5
F6
330
B7
100
AcDbEntity
  8
0
  6
Continuous
 62
     7
370
    15
100
AcDbLine
 10
58.05762979144982
 20
100.562716319083
 30
0.0
 11
58.57724503372049
 21
100.262716319083
 31
0.0
  0
LINE
  5
F7
330
B7
100
AcDbEntity
  8
0
  6
Continuous
 62
     7
370
    15
100
AcDbLine
 10
62.33801454917916
 20
100.262716319083
 30
0.0
 11
62.85762979144982
 21
100.562716319083
 31
0.0
  0
LINE
  5
F8
330
B7
100
AcDbEntity
  8
0
  6
Continuous
 62
     7
370
    15
100
AcDbLine
 10
58.05762979144982
 20
100.762716319083
 30
0.0
 11
58.05762979144982
 21
100.562716319083
 31
0.0
  0
LINE
  5
F9
330
B7
100
AcDbEntity
  8
0
  6
Continuous
 62
     7
370
    15
100
AcDbLine
 10
62.85762979144982
 20
100.562716319083
 30
0.0
 11
62.85762979144982
 21
100.762716319083
 31
0.0
  0
LINE
  5
FA
330
B7
100
AcDbEntity
  8
0
  6
Continuous
 62
     7
370
    15
100
AcDbLine
 10
62.85762979144982
 20
100.762716319083
 30
0.0
 11
62.33801454917916
 21
101.062716319083
 31
0.0
  0
LINE
  5
FB
330
B7
100
AcDbEntity
  8
0
  6
Continuous
 62
     7
370
    15
100
AcDbLine
 10
58.57724503372049
 20
101.062716319083
 30
0.0
 11
58.05762979144982
 21
100.762716319083
 31
0.0
  0
LINE
  5
FC
330
B7
100
AcDbEntity
  8
0
  6
Continuous
 62
     7
370
    15
100
AcDbLine
 10
58.05762979144982
 20
102.162716319083
 30
0.0
 11
58.57724503372049
 21
101.862716319083
 31
0.0
  0
LINE
  5
FD
330
B7
100
AcDbEntity
  8
0
  6
Continuous
 62
     7
370
    15
100
AcDbLine
 10
62.33801454917916
 20
101.862716319083
 30
0.0
 11
62.85762979144982
 21
102.162716319083
 31
0.0
  0
LINE
  5
FE
330
B7
100
AcDbEntity
  8
0
  6
Continuous
 62
     7
370
    15
100
AcDbLine
 10
58.05762979144982
 20
102.362716319083
 30
0.0
 11
58.05762979144982
 21
102.162716319083
 31
0.0
  0
LINE
  5
FF
330
B7
100
AcDbEntity
  8
0
  6
Continuous
 62
     7
370
    15
100
AcDbLine
 10
62.85762979144982
 20
102.162716319083
 30
0.0
 11
62.85762979144982
 21
102.362716319083
 31
0.0
  0
LINE
  5
100
330
B7
100
AcDbEntity
  8
0
  6
Continuous
 62
     7
370
    15
100
AcDbLine
 10
62.85762979144982
 20
102.362716319083
 30
0.0
 11
62.33801454917916
 21
102.662716319083
 31
0.0
  0
LINE
  5
101
330
B7
100
AcDbEntity
  8
0
  6
Continuous
 62
     7
370
    15
100
AcDbLine
 10
58.57724503372049
 20
102.662716319083
 30
0.0
 11
58.05762979144982
 21
102.362716319083
 31
0.0
  0
LINE
  5
102
330
B7
100
AcDbEntity
  8
0
  6
Continuous
 62
     7
370
    15
100
AcDbLine
 10
58.05762979144982
 20
103.762716319083
 30
0.0
 11
58.57724503372049
 21
103.462716319083
 31
0.0
  0
LINE
  5
103
330
B7
100
AcDbEntity
  8
0
  6
Continuous
 62
     7
370
    15
100
AcDbLine
 10
62.33801454917916
 20
103.462716319083
 30
0.0
 11
62.85762979144982
 21
103.762716319083
 31
0.0
  0
LINE
  5
104
330
B7
100
AcDbEntity
  8
0
  6
Continuous
 62
     7
370
    15
100
AcDbLine
 10
58.05762979144982
 20
103.962716319083
 30
0.0
 11
58.05762979144982
 21
103.762716319083
 31
0.0
  0
LINE
  5
105
330
B7
100
AcDbEntity
  8
0
  6
Continuous
 62
     7
370
    15
100
AcDbLine
 10
62.85762979144982
 20
103.762716319083
 30
0.0
 11
62.85762979144982
 21
103.962716319083
 31
0.0
  0
LINE
  5
106
330
B7
100
AcDbEntity
  8
0
  6
Continuous
 62
     7
370
    15
100
AcDbLine
 10
62.85762979144982
 20
103.962716319083
 30
0.0
 11
62.33801454917916
 21
104.262716319083
 31
0.0
  0
LINE
  5
107
330
B7
100
AcDbEntity
  8
0
  6
Continuous
 62
     7
370
    15
100
AcDbLine
 10
58.57724503372049
 20
104.262716319083
 30
0.0
 11
58.05762979144982
 21
103.962716319083
 31
0.0
  0
LINE
  5
108
330
B7
100
AcDbEntity
  8
0
  6
Continuous
 62
     7
370
    15
100
AcDbLine
 10
58.05762979144982
 20
105.362716319083
 30
0.0
 11
58.57724503372049
 21
105.062716319083
 31
0.0
  0
LINE
  5
109
330
B7
100
AcDbEntity
  8
0
  6
Continuous
 62
     7
370
    15
100
AcDbLine
 10
62.33801454917916
 20
105.062716319083
 30
0.0
 11
62.85762979144982
 21
105.362716319083
 31
0.0
  0
LINE
  5
10A
330
B7
100
AcDbEntity
  8
0
  6
Continuous
 62
     7
370
    15
100
AcDbLine
 10
58.05762979144982
 20
105.562716319083
 30
0.0
 11
58.05762979144982
 21
105.362716319083
 31
0.0
  0
LINE
  5
10B
330
B7
100
AcDbEntity
  8
0
  6
Continuous
 62
     7
370
    15
100
AcDbLine
 10
62.85762979144982
 20
105.362716319083
 30
0.0
 11
62.85762979144982
 21
105.562716319083
 31
0.0
  0
LINE
  5
10C
330
B7
100
AcDbEntity
  8
0
  6
Continuous
 62
     7
370
    15
100
AcDbLine
 10
62.85762979144982
 20
105.562716319083
 30
0.0
 11
62.33801454917916
 21
105.862716319083
 31
0.0
  0
LINE
  5
10D
330
B7
100
AcDbEntity
  8
0
  6
Continuous
 62
     7
370
    15
100
AcDbLine
 10
58.57724503372049
 20
105.862716319083
 30
0.0
 11
58.05762979144982
 21
105.562716319083
 31
0.0
  0
LINE
  5
10E
330
B7
100
AcDbEntity
  8
0
  6
Continuous
 62
     7
370
    15
100
AcDbLine
 10
58.05762979144982
 20
106.962716319083
 30
0.0
 11
58.57724503372049
 21
106.662716319083
 31
0.0
  0
LINE
  5
10F
330
B7
100
AcDbEntity
  8
0
  6
Continuous
 62
     7
370
    15
100
AcDbLine
 10
62.33801454917916
 20
106.662716319083
 30
0.0
 11
62.85762979144982
 21
106.962716319083
 31
0.0
  0
LINE
  5
110
330
B7
100
AcDbEntity
  8
0
  6
Continuous
 62
     7
370
    15
100
AcDbLine
 10
58.05762979144982
 20
107.162716319083
 30
0.0
 11
58.05762979144982
 21
106.962716319083
 31
0.0
  0
LINE
  5
111
330
B7
100
AcDbEntity
  8
0
  6
Continuous
 62
     7
370
    15
100
AcDbLine
 10
62.85762979144982
 20
106.962716319083
 30
0.0
 11
62.85762979144982
 21
107.162716319083
 31
0.0
  0
LINE
  5
112
330
B7
100
AcDbEntity
  8
0
  6
Continuous
 62
     7
370
    15
100
AcDbLine
 10
62.85762979144982
 20
107.162716319083
 30
0.0
 11
62.33801454917916
 21
107.462716319083
 31
0.0
  0
LINE
  5
113
330
B7
100
AcDbEntity
  8
0
  6
Continuous
 62
     7
370
    15
100
AcDbLine
 10
58.57724503372049
 20
107.462716319083
 30
0.0
 11
58.05762979144982
 21
107.162716319083
 31
0.0
  0
LINE
  5
114
330
B7
100
AcDbEntity
  8
0
  6
Continuous
 62
     7
370
    15
100
AcDbLine
 10
58.05762979144982
 20
108.562716319083
 30
0.0
 11
58.57724503372049
 21
108.262716319083
 31
0.0
  0
LINE
  5
115
330
B7
100
AcDbEntity
  8
0
  6
Continuous
 62
     7
370
    15
100
AcDbLine
 10
62.33801454917916
 20
108.262716319083
 30
0.0
 11
62.85762979144982
 21
108.562716319083
 31
0.0
  0
LINE
  5
116
330
B7
100
AcDbEntity
  8
0
  6
Continuous
 62
     7
370
    15
100
AcDbLine
 10
58.05762979144982
 20
108.762716319083
 30
0.0
 11
58.05762979144982
 21
108.562716319083
 31
0.0
  0
LINE
  5
117
330
B7
100
AcDbEntity
  8
0
  6
Continuous
 62
     7
370
    15
100
AcDbLine
 10
62.85762979144982
 20
108.562716319083
 30
0.0
 11
62.85762979144982
 21
108.762716319083
 31
0.0
  0
LINE
  5
118
330
B7
100
AcDbEntity
  8
0
  6
Continuous
 62
     7
370
    15
100
AcDbLine
 10
62.85762979144982
 20
108.762716319083
 30
0.0
 11
62.33801454917916
 21
109.062716319083
 31
0.0
  0
LINE
  5
119
330
B7
100
AcDbEntity
  8
0
  6
Continuous
 62
     7
370
    15
100
AcDbLine
 10
58.57724503372049
 20
109.062716319083
 30
0.0
 11
58.05762979144982
 21
108.762716319083
 31
0.0
  0
LINE
  5
11A
330
B7
100
AcDbEntity
  8
0
  6
Continuous
 62
     7
370
    15
100
AcDbLine
 10
58.05762979144982
 20
110.162716319083
 30
0.0
 11
58.57724503372049
 21
109.862716319083
 31
0.0
  0
LINE
  5
11B
330
B7
100
AcDbEntity
  8
0
  6
Continuous
 62
     7
370
    15
100
AcDbLine
 10
62.33801454917916
 20
109.862716319083
 30
0.0
 11
62.85762979144982
 21
110.162716319083
 31
0.0
  0
LINE
  5
11C
330
B7
100
AcDbEntity
  8
0
  6
Continuous
 62
     7
370
    15
100
AcDbLine
 10
58.05762979144982
 20
110.362716319083
 30
0.0
 11
58.05762979144982
 21
110.162716319083
 31
0.0
  0
LINE
  5
11D
330
B7
100
AcDbEntity
  8
0
  6
Continuous
 62
     7
370
    15
100
AcDbLine
 10
62.85762979144982
 20
110.162716319083
 30
0.0
 11
62.85762979144982
 21
110.362716319083
 31
0.0
  0
LINE
  5
11E
330
B7
100
AcDbEntity
  8
0
  6
Continuous
 62
     7
370
    15
100
AcDbLine
 10
62.85762979144982
 20
110.362716319083
 30
0.0
 11
62.33801454917916
 21
110.662716319083
 31
0.0
  0
LINE
  5
11F
330
B7
100
AcDbEntity
  8
0
  6
Continuous
 62
     7
370
    15
100
AcDbLine
 10
58.57724503372049
 20
110.662716319083
 30
0.0
 11
58.05762979144982
 21
110.362716319083
 31
0.0
  0
LINE
  5
120
330
B7
100
AcDbEntity
  8
0
  6
Continuous
 62
     7
370
    15
100
AcDbLine
 10
58.05762979144982
 20
111.762716319083
 30
0.0
 11
58.57724503372049
 21
111.462716319083
 31
0.0
  0
LINE
  5
121
330
B7
100
AcDbEntity
  8
0
  6
Continuous
 62
     7
370
    15
100
AcDbLine
 10
62.33801454917916
 20
111.462716319083
 30
0.0
 11
62.85762979144982
 21
111.762716319083
 31
0.0
  0
LINE
  5
122
330
B7
100
AcDbEntity
  8
0
  6
Continuous
 62
     7
370
    15
100
AcDbLine
 10
58.05762979144982
 20
111.962716319083
 30
0.0
 11
58.05762979144982
 21
111.762716319083
 31
0.0
  0
LINE
  5
123
330
B7
100
AcDbEntity
  8
0
  6
Continuous
 62
     7
370
    15
100
AcDbLine
 10
62.85762979144982
 20
111.762716319083
 30
0.0
 11
62.85762979144982
 21
111.962716319083
 31
0.0
  0
LINE
  5
124
330
B7
100
AcDbEntity
  8
0
  6
Continuous
 62
     7
370
    15
100
AcDbLine
 10
62.85762979144982
 20
111.962716319083
 30
0.0
 11
62.33801454917916
 21
112.262716319083
 31
0.0
  0
LINE
  5
125
330
B7
100
AcDbEntity
  8
0
  6
Continuous
 62
     7
370
    15
100
AcDbLine
 10
58.57724503372049
 20
112.262716319083
 30
0.0
 11
58.05762979144982
 21
111.962716319083
 31
0.0
  0
LINE
  5
126
330
B7
100
AcDbEntity
  8
0
  6
Continuous
 62
     7
370
    15
100
AcDbLine
 10
58.05762979144982
 20
113.362716319083
 30
0.0
 11
58.57724503372049
 21
113.062716319083
 31
0.0
  0
LINE
  5
127
330
B7
100
AcDbEntity
  8
0
  6
Continuous
 62
     7
370
    15
100
AcDbLine
 10
62.33801454917916
 20
113.062716319083
 30
0.0
 11
62.85762979144982
 21
113.362716319083
 31
0.0
  0
LINE
  5
128
330
B7
100
AcDbEntity
  8
0
  6
Continuous
 62
     7
370
    15
100
AcDbLine
 10
58.05762979144982
 20
113.562716319083
 30
0.0
 11
58.05762979144982
 21
113.362716319083
 31
0.0
  0
LINE
  5
129
330
B7
100
AcDbEntity
  8
0
  6
Continuous
 62
     7
370
    15
100
AcDbLine
 10
62.85762979144982
 20
113.362716319083
 30
0.0
 11
62.85762979144982
 21
113.562716319083
 31
0.0
  0
LINE
  5
12A
330
B7
100
AcDbEntity
  8
0
  6
Continuous
 62
     7
370
    15
100
AcDbLine
 10
62.85762979144982
 20
113.562716319083
 30
0.0
 11
62.33801454917916
 21
113.862716319083
 31
0.0
  0
LINE
  5
12B
330
B7
100
AcDbEntity
  8
0
  6
Continuous
 62
     7
370
    15
100
AcDbLine
 10
58.57724503372049
 20
113.862716319083
 30
0.0
 11
58.05762979144982
 21
113.562716319083
 31
0.0
  0
LINE
  5
12C
330
B7
100
AcDbEntity
  8
0
  6
Continuous
 62
     7
370
    15
100
AcDbLine
 10
58.05762979144979
 20
114.962716319083
 30
0.0
 11
58.57724503372049
 21
114.662716319083
 31
0.0
  0
LINE
  5
12D
330
B7
100
AcDbEntity
  8
0
  6
Continuous
 62
     7
370
    15
100
AcDbLine
 10
62.33801454917916
 20
114.662716319083
 30
0.0
 11
62.85762979144982
 21
114.962716319083
 31
0.0
  0
LINE
  5
12E
330
B7
100
AcDbEntity
  8
0
  6
Continuous
 62
     7
370
    15
100
AcDbLine
 10
58.05762979144982
 20
115.162716319083
 30
0.0
 11
58.05762979144982
 21
114.962716319083
 31
0.0
  0
LINE
  5
12F
330
B7
100
AcDbEntity
  8
0
  6
Continuous
 62
     7
370
    15
100
AcDbLine
 10
62.85762979144982
 20
114.962716319083
 30
0.0
 11
62.85762979144982
 21
115.162716319083
 31
0.0
  0
LINE
  5
130
330
B7
100
AcDbEntity
  8
0
  6
Continuous
 62
     7
370
    15
100
AcDbLine
 10
62.85762979144982
 20
115.162716319083
 30
0.0
 11
62.33801454917916
 21
115.462716319083
 31
0.0
  0
LINE
  5
131
330
B7
100
AcDbEntity
  8
0
  6
Continuous
 62
     7
370
    15
100
AcDbLine
 10
58.57724503372049
 20
115.462716319083
 30
0.0
 11
58.05762979144982
 21
115.162716319083
 31
0.0
  0
LINE
  5
132
330
B7
100
AcDbEntity
  8
0
  6
Continuous
 62
     7
370
    15
100
AcDbLine
 10
62.39474240814121
 20
116.2954681637253
 30
0.0
 11
60.46746306767389
 21
119.762716319083
 31
0.0
  0
LINE
  5
133
330
B7
100
AcDbEntity
  8
0
  6
Continuous
 62
     7
370
    15
100
AcDbLine
 10
60.44779651522575
 20
119.762716319083
 30
0.0
 11
58.52051717475843
 21
116.2954681637253
 31
0.0
  0
LINE
  5
134
330
B7
100
AcDbEntity
  8
0
  6
Continuous
 62
     7
370
    15
100
AcDbLine
 10
58.52051717475843
 20
116.2954681637253
 30
0.0
 11
58.57724503372049
 21
116.262716319083
 31
0.0
  0
LINE
  5
135
330
B7
100
AcDbEntity
  8
0
  6
Continuous
 62
     7
370
    15
100
AcDbLine
 10
62.33801454917916
 20
116.262716319083
 30
0.0
 11
62.39474240814121
 21
116.2954681637253
 31
0.0
  0
LINE
  5
136
330
B7
100
AcDbEntity
  8
0
  6
Continuous
 62
     7
370
    15
100
AcDbLine
 10
58.57724503372049
 20
85.86271631908301
 30
0.0
 11
58.57724503372049
 21
85.06271631908303
 31
0.0
  0
LINE
  5
137
330
B7
100
AcDbEntity
  8
0
  6
Continuous
 62
     7
370
    15
100
AcDbLine
 10
62.33801454917916
 20
85.06271631908303
 30
0.0
 11
62.33801454917916
 21
85.86271631908301
 31
0.0
  0
LINE
  5
138
330
B7
100
AcDbEntity
  8
0
  6
Continuous
 62
     7
370
    15
100
AcDbLine
 10
58.57724503372049
 20
87.46271631908303
 30
0.0
 11
58.57724503372049
 21
86.66271631908301
 31
0.0
  0
LINE
  5
139
330
B7
100
AcDbEntity
  8
0
  6
Continuous
 62
     7
370
    15
100
AcDbLine
 10
62.33801454917916
 20
86.66271631908301
 30
0.0
 11
62.33801454917916
 21
87.46271631908303
 31
0.0
  0
LINE
  5
13A
330
B7
100
AcDbEntity
  8
0
  6
Continuous
 62
     7
370
    15
100
AcDbLine
 10
58.57724503372049
 20
89.06271631908301
 30
0.0
 11
58.57724503372049
 21
88.26271631908303
 31
0.0
  0
LINE
  5
13B
330
B7
100
AcDbEntity
  8
0
  6
Continuous
 62
     7
370
    15
100
AcDbLine
 10
62.33801454917916
 20
88.26271631908303
 30
0.0
 11
62.33801454917916
 21
89.06271631908301
 31
0.0
  0
LINE
  5
13C
330
B7
100
AcDbEntity
  8
0
  6
Continuous
 62
     7
370
    15
100
AcDbLine
 10
58.57724503372049
 20
90.66271631908305
 30
0.0
 11
58.57724503372049
 21
89.86271631908302
 31
0.0
  0
LINE
  5
13D
330
B7
100
AcDbEntity
  8
0
  6
Continuous
 62
     7
370
    15
100
AcDbLine
 10
62.33801454917916
 20
89.86271631908302
 30
0.0
 11
62.33801454917916
 21
90.66271631908305
 31
0.0
  0
LINE
  5
13E
330
B7
100
AcDbEntity
  8
0
  6
Continuous
 62
     7
370
    15
100
AcDbLine
 10
58.57724503372049
 20
92.26271631908302
 30
0.0
 11
58.57724503372049
 21
91.46271631908303
 31
0.0
  0
LINE
  5
13F
330
B7
100
AcDbEntity
  8
0
  6
Continuous
 62
     7
370
    15
100
AcDbLine
 10
62.33801454917916
 20
91.46271631908303
 30
0.0
 11
62.33801454917916
 21
92.26271631908302
 31
0.0
  0
LINE
  5
140
330
B7
100
AcDbEntity
  8
0
  6
Continuous
 62
     7
370
    15
100
AcDbLine
 10
58.57724503372049
 20
93.86271631908302
 30
0.0
 11
58.57724503372049
 21
93.06271631908302
 31
0.0
  0
LINE
  5
141
330
B7
100
AcDbEntity
  8
0
  6
Continuous
 62
     7
370
    15
100
AcDbLine
 10
62.33801454917916
 20
93.06271631908302
 30
0.0
 11
62.33801454917916
 21
93.86271631908302
 31
0.0
  0
LINE
  5
142
330
B7
100
AcDbEntity
  8
0
  6
Continuous
 62
     7
370
    15
100
AcDbLine
 10
58.57724503372049
 20
95.46271631908302
 30
0.0
 11
58.57724503372049
 21
94.66271631908302
 31
0.0
  0
LINE
  5
143
330
B7
100
AcDbEntity
  8
0
  6
Continuous
 62
     7
370
    15
100
AcDbLine
 10
62.33801454917916
 20
94.66271631908302
 30
0.0
 11
62.33801454917916
 21
95.46271631908302
 31
0.0
  0
LINE
  5
144
330
B7
100
AcDbEntity
  8
0
  6
Continuous
 62
     7
370
    15
100
AcDbLine
 10
58.57724503372049
 20
97.06271631908302
 30
0.0
 11
58.57724503372049
 21
96.26271631908302
 31
0.0
  0
LINE
  5
145
330
B7
100
AcDbEntity
  8
0
  6
Continuous
 62
     7
370
    15
100
AcDbLine
 10
62.33801454917916
 20
96.26271631908302
 30
0.0
 11
62.33801454917916
 21
97.06271631908302
 31
0.0
  0
LINE
  5
146
330
B7
100
AcDbEntity
  8
0
  6
Continuous
 62
     7
370
    15
100
AcDbLine
 10
58.57724503372049
 20
98.66271631908302
 30
0.0
 11
58.57724503372049
 21
97.86271631908302
 31
0.0
  0
LINE
  5
147
330
B7
100
AcDbEntity
  8
0
  6
Continuous
 62
     7
370
    15
100
AcDbLine
 10
62.33801454917916
 20
97.86271631908302
 30
0.0
 11
62.33801454917916
 21
98.66271631908302
 31
0.0
  0
LINE
  5
148
330
B7
100
AcDbEntity
  8
0
  6
Continuous
 62
     7
370
    15
100
AcDbLine
 10
58.57724503372049
 20
100.262716319083
 30
0.0
 11
58.57724503372049
 21
99.46271631908302
 31
0.0
  0
LINE
  5
149
330
B7
100
AcDbEntity
  8
0
  6
Continuous
 62
     7
370
    15
100
AcDbLine
 10
62.33801454917916
 20
99.46271631908302
 30
0.0
 11
62.33801454917916
 21
100.262716319083
 31
0.0
  0
LINE
  5
14A
330
B7
100
AcDbEntity
  8
0
  6
Continuous
 62
     7
370
    15
100
AcDbLine
 10
58.57724503372049
 20
101.862716319083
 30
0.0
 11
58.57724503372049
 21
101.062716319083
 31
0.0
  0
LINE
  5
14B
330
B7
100
AcDbEntity
  8
0
  6
Continuous
 62
     7
370
    15
100
AcDbLine
 10
62.33801454917916
 20
101.062716319083
 30
0.0
 11
62.33801454917916
 21
101.862716319083
 31
0.0
  0
LINE
  5
14C
330
B7
100
AcDbEntity
  8
0
  6
Continuous
 62
     7
370
    15
100
AcDbLine
 10
58.57724503372049
 20
103.462716319083
 30
0.0
 11
58.57724503372049
 21
102.662716319083
 31
0.0
  0
LINE
  5
14D
330
B7
100
AcDbEntity
  8
0
  6
Continuous
 62
     7
370
    15
100
AcDbLine
 10
62.33801454917916
 20
102.662716319083
 30
0.0
 11
62.33801454917916
 21
103.462716319083
 31
0.0
  0
LINE
  5
14E
330
B7
100
AcDbEntity
  8
0
  6
Continuous
 62
     7
370
    15
100
AcDbLine
 10
58.57724503372049
 20
105.062716319083
 30
0.0
 11
58.57724503372049
 21
104.262716319083
 31
0.0
  0
LINE
  5
14F
330
B7
100
AcDbEntity
  8
0
  6
Continuous
 62
     7
370
    15
100
AcDbLine
 10
62.33801454917916
 20
104.262716319083
 30
0.0
 11
62.33801454917916
 21
105.062716319083
 31
0.0
  0
LINE
  5
150
330
B7
100
AcDbEntity
  8
0
  6
Continuous
 62
     7
370
    15
100
AcDbLine
 10
58.57724503372049
 20
106.662716319083
 30
0.0
 11
58.57724503372049
 21
105.862716319083
 31
0.0
  0
LINE
  5
151
330
B7
100
AcDbEntity
  8
0
  6
Continuous
 62
     7
370
    15
100
AcDbLine
 10
62.33801454917916
 20
105.862716319083
 30
0.0
 11
62.33801454917916
 21
106.662716319083
 31
0.0
  0
LINE
  5
152
330
B7
100
AcDbEntity
  8
0
  6
Continuous
 62
     7
370
    15
100
AcDbLine
 10
58.57724503372049
 20
108.262716319083
 30
0.0
 11
58.57724503372049
 21
107.462716319083
 31
0.0
  0
LINE
  5
153
330
B7
100
AcDbEntity
  8
0
  6
Continuous
 62
     7
370
    15
100
AcDbLine
 10
62.33801454917916
 20
107.462716319083
 30
0.0
 11
62.33801454917916
 21
108.262716319083
 31
0.0
  0
LINE
  5
154
330
B7
100
AcDbEntity
  8
0
  6
Continuous
 62
     7
370
    15
100
AcDbLine
 10
58.57724503372049
 20
109.862716319083
 30
0.0
 11
58.57724503372049
 21
109.062716319083
 31
0.0
  0
LINE
  5
155
330
B7
100
AcDbEntity
  8
0
  6
Continuous
 62
     7
370
    15
100
AcDbLine
 10
62.33801454917916
 20
109.062716319083
 30
0.0
 11
62.33801454917916
 21
109.862716319083
 31
0.0
  0
LINE
  5
156
330
B7
100
AcDbEntity
  8
0
  6
Continuous
 62
     7
370
    15
100
AcDbLine
 10
58.57724503372049
 20
111.462716319083
 30
0.0
 11
58.57724503372049
 21
110.662716319083
 31
0.0
  0
LINE
  5
157
330
B7
100
AcDbEntity
  8
0
  6
Continuous
 62
     7
370
    15
100
AcDbLine
 10
62.33801454917916
 20
110.662716319083
 30
0.0
 11
62.33801454917916
 21
111.462716319083
 31
0.0
  0
LINE
  5
158
330
B7
100
AcDbEntity
  8
0
  6
Continuous
 62
     7
370
    15
100
AcDbLine
 10
58.57724503372049
 20
113.062716319083
 30
0.0
 11
58.57724503372049
 21
112.262716319083
 31
0.0
  0
LINE
  5
159
330
B7
100
AcDbEntity
  8
0
  6
Continuous
 62
     7
370
    15
100
AcDbLine
 10
62.33801454917916
 20
112.262716319083
 30
0.0
 11
62.33801454917916
 21
113.062716319083
 31
0.0
  0
LINE
  5
15A
330
B7
100
AcDbEntity
  8
0
  6
Continuous
 62
     7
370
    15
100
AcDbLine
 10
58.57724503372049
 20
114.662716319083
 30
0.0
 11
58.57724503372049
 21
113.862716319083
 31
0.0
  0
LINE
  5
15B
330
B7
100
AcDbEntity
  8
0
  6
Continuous
 62
     7
370
    15
100
AcDbLine
 10
62.33801454917916
 20
113.862716319083
 30
0.0
 11
62.33801454917916
 21
114.662716319083
 31
0.0
  0
LINE
  5
15C
330
B7
100
AcDbEntity
  8
0
  6
Continuous
 62
     7
370
    15
100
AcDbLine
 10
58.57724503372049
 20
116.262716319083
 30
0.0
 11
58.57724503372049
 21
115.462716319083
 31
0.0
  0
LINE
  5
15D
330
B7
100
AcDbEntity
  8
0
  6
Continuous
 62
     7
370
    15
100
AcDbLine
 10
62.33801454917916
 20
115.462716319083
 30
0.0
 11
62.33801454917916
 21
116.262716319083
 31
0.0
  0
LINE
  5
15E
330
B7
100
AcDbEntity
  8
0
  6
Continuous
 62
     7
370
    15
100
AcDbLine
 10
65.20762979144982
 20
82.41271631908304
 30
0.0
 11
55.70762979144983
 21
82.41271631908304
 31
0.0
  0
LINE
  5
15F
330
B7
100
AcDbEntity
  8
0
  6
Continuous
 62
     7
370
    15
100
AcDbLine
 10
65.20762979144982
 20
81.76271631908303
 30
0.0
 11
55.70762979144983
 21
81.76271631908303
 31
0.0
  0
LINE
  5
160
330
B7
100
AcDbEntity
  8
0
  6
Continuous
 62
     7
370
    15
100
AcDbLine
 10
62.85762979144982
 20
84.76271631908302
 30
0.0
 11
58.05762979144982
 21
84.76271631908302
 31
0.0
  0
LINE
  5
161
330
B7
100
AcDbEntity
  8
0
  6
Continuous
 62
     7
370
    15
100
AcDbLine
 10
58.57724503372049
 20
85.06271631908303
 30
0.0
 11
62.33801454917916
 21
85.06271631908303
 31
0.0
  0
LINE
  5
162
330
B7
100
AcDbEntity
  8
0
  6
Continuous
 62
     7
370
    15
100
AcDbLine
 10
58.57724503372049
 20
85.86271631908301
 30
0.0
 11
62.33801454917916
 21
85.86271631908301
 31
0.0
  0
LINE
  5
163
330
B7
100
AcDbEntity
  8
0
  6
Continuous
 62
     7
370
    15
100
AcDbLine
 10
58.05762979144982
 20
86.16271631908302
 30
0.0
 11
62.85762979144982
 21
86.16271631908302
 31
0.0
  0
LINE
  5
164
330
B7
100
AcDbEntity
  8
0
  6
Continuous
 62
     7
370
    15
100
AcDbLine
 10
58.05762979144982
 20
86.36271631908305
 30
0.0
 11
62.85762979144982
 21
86.36271631908305
 31
0.0
  0
LINE
  5
165
330
B7
100
AcDbEntity
  8
0
  6
Continuous
 62
     7
370
    15
100
AcDbLine
 10
58.57724503372049
 20
86.66271631908301
 30
0.0
 11
62.33801454917916
 21
86.66271631908301
 31
0.0
  0
LINE
  5
166
330
B7
100
AcDbEntity
  8
0
  6
Continuous
 62
     7
370
    15
100
AcDbLine
 10
58.57724503372049
 20
87.46271631908303
 30
0.0
 11
62.33801454917916
 21
87.46271631908303
 31
0.0
  0
LINE
  5
167
330
B7
100
AcDbEntity
  8
0
  6
Continuous
 62
     7
370
    15
100
AcDbLine
 10
58.05762979144982
 20
87.76271631908302
 30
0.0
 11
62.85762979144982
 21
87.76271631908302
 31
0.0
  0
LINE
  5
168
330
B7
100
AcDbEntity
  8
0
  6
Continuous
 62
     7
370
    15
100
AcDbLine
 10
58.05762979144982
 20
87.96271631908302
 30
0.0
 11
62.85762979144982
 21
87.96271631908302
 31
0.0
  0
LINE
  5
169
330
B7
100
AcDbEntity
  8
0
  6
Continuous
 62
     7
370
    15
100
AcDbLine
 10
58.57724503372049
 20
88.26271631908303
 30
0.0
 11
62.33801454917916
 21
88.26271631908303
 31
0.0
  0
LINE
  5
16A
330
B7
100
AcDbEntity
  8
0
  6
Continuous
 62
     7
370
    15
100
AcDbLine
 10
58.57724503372049
 20
89.06271631908301
 30
0.0
 11
62.33801454917916
 21
89.06271631908301
 31
0.0
  0
LINE
  5
16B
330
B7
100
AcDbEntity
  8
0
  6
Continuous
 62
     7
370
    15
100
AcDbLine
 10
58.05762979144982
 20
89.36271631908303
 30
0.0
 11
62.85762979144982
 21
89.36271631908303
 31
0.0
  0
LINE
  5
16C
330
B7
100
AcDbEntity
  8
0
  6
Continuous
 62
     7
370
    15
100
AcDbLine
 10
58.05762979144982
 20
89.56271631908302
 30
0.0
 11
62.85762979144982
 21
89.56271631908302
 31
0.0
  0
LINE
  5
16D
330
B7
100
AcDbEntity
  8
0
  6
Continuous
 62
     7
370
    15
100
AcDbLine
 10
58.57724503372049
 20
89.86271631908302
 30
0.0
 11
62.33801454917916
 21
89.86271631908302
 31
0.0
  0
LINE
  5
16E
330
B7
100
AcDbEntity
  8
0
  6
Continuous
 62
     7
370
    15
100
AcDbLine
 10
58.57724503372049
 20
90.66271631908305
 30
0.0
 11
62.33801454917916
 21
90.66271631908305
 31
0.0
  0
LINE
  5
16F
330
B7
100
AcDbEntity
  8
0
  6
Continuous
 62
     7
370
    15
100
AcDbLine
 10
58.05762979144982
 20
90.96271631908305
 30
0.0
 11
62.85762979144982
 21
90.96271631908305
 31
0.0
  0
LINE
  5
170
330
B7
100
AcDbEntity
  8
0
  6
Continuous
 62
     7
370
    15
100
AcDbLine
 10
58.05762979144982
 20
91.16271631908302
 30
0.0
 11
62.85762979144982
 21
91.16271631908302
 31
0.0
  0
LINE
  5
171
330
B7
100
AcDbEntity
  8
0
  6
Continuous
 62
     7
370
    15
100
AcDbLine
 10
58.57724503372049
 20
91.46271631908303
 30
0.0
 11
62.33801454917916
 21
91.46271631908303
 31
0.0
  0
LINE
  5
172
330
B7
100
AcDbEntity
  8
0
  6
Continuous
 62
     7
370
    15
100
AcDbLine
 10
58.57724503372049
 20
92.26271631908302
 30
0.0
 11
62.33801454917916
 21
92.26271631908302
 31
0.0
  0
LINE
  5
173
330
B7
100
AcDbEntity
  8
0
  6
Continuous
 62
     7
370
    15
100
AcDbLine
 10
58.05762979144982
 20
92.56271631908303
 30
0.0
 11
62.85762979144982
 21
92.56271631908303
 31
0.0
  0
LINE
  5
174
330
B7
100
AcDbEntity
  8
0
  6
Continuous
 62
     7
370
    15
100
AcDbLine
 10
58.05762979144982
 20
92.76271631908302
 30
0.0
 11
62.85762979144982
 21
92.76271631908302
 31
0.0
  0
LINE
  5
175
330
B7
100
AcDbEntity
  8
0
  6
Continuous
 62
     7
370
    15
100
AcDbLine
 10
58.57724503372049
 20
93.06271631908302
 30
0.0
 11
62.33801454917916
 21
93.06271631908302
 31
0.0
  0
LINE
  5
176
330
B7
100
AcDbEntity
  8
0
  6
Continuous
 62
     7
370
    15
100
AcDbLine
 10
58.57724503372049
 20
93.86271631908302
 30
0.0
 11
62.33801454917916
 21
93.86271631908302
 31
0.0
  0
LINE
  5
177
330
B7
100
AcDbEntity
  8
0
  6
Continuous
 62
     7
370
    15
100
AcDbLine
 10
58.05762979144982
 20
94.16271631908299
 30
0.0
 11
62.85762979144982
 21
94.16271631908299
 31
0.0
  0
LINE
  5
178
330
B7
100
AcDbEntity
  8
0
  6
Continuous
 62
     7
370
    15
100
AcDbLine
 10
58.05762979144982
 20
94.36271631908304
 30
0.0
 11
62.85762979144982
 21
94.36271631908304
 31
0.0
  0
LINE
  5
179
330
B7
100
AcDbEntity
  8
0
  6
Continuous
 62
     7
370
    15
100
AcDbLine
 10
58.57724503372049
 20
94.66271631908302
 30
0.0
 11
62.33801454917916
 21
94.66271631908302
 31
0.0
  0
LINE
  5
17A
330
B7
100
AcDbEntity
  8
0
  6
Continuous
 62
     7
370
    15
100
AcDbLine
 10
58.57724503372049
 20
95.46271631908302
 30
0.0
 11
62.33801454917916
 21
95.46271631908302
 31
0.0
  0
LINE
  5
17B
330
B7
100
AcDbEntity
  8
0
  6
Continuous
 62
     7
370
    15
100
AcDbLine
 10
58.05762979144982
 20
95.76271631908303
 30
0.0
 11
62.85762979144982
 21
95.76271631908303
 31
0.0
  0
LINE
  5
17C
330
B7
100
AcDbEntity
  8
0
  6
Continuous
 62
     7
370
    15
100
AcDbLine
 10
58.05762979144982
 20
95.96271631908305
 30
0.0
 11
62.85762979144982
 21
95.96271631908305
 31
0.0
  0
LINE
  5
17D
330
B7
100
AcDbEntity
  8
0
  6
Continuous
 62
     7
370
    15
100
AcDbLine
 10
58.57724503372049
 20
96.26271631908302
 30
0.0
 11
62.33801454917916
 21
96.26271631908302
 31
0.0
  0
LINE
  5
17E
330
B7
100
AcDbEntity
  8
0
  6
Continuous
 62
     7
370
    15
100
AcDbLine
 10
58.57724503372049
 20
97.06271631908302
 30
0.0
 11
62.33801454917916
 21
97.06271631908302
 31
0.0
  0
LINE
  5
17F
330
B7
100
AcDbEntity
  8
0
  6
Continuous
 62
     7
370
    15
100
AcDbLine
 10
58.05762979144982
 20
97.36271631908302
 30
0.0
 11
62.85762979144982
 21
97.36271631908302
 31
0.0
  0
LINE
  5
180
330
B7
100
AcDbEntity
  8
0
  6
Continuous
 62
     7
370
    15
100
AcDbLine
 10
58.05762979144982
 20
97.56271631908305
 30
0.0
 11
62.85762979144982
 21
97.56271631908305
 31
0.0
  0
LINE
  5
181
330
B7
100
AcDbEntity
  8
0
  6
Continuous
 62
     7
370
    15
100
AcDbLine
 10
58.57724503372049
 20
97.86271631908302
 30
0.0
 11
62.33801454917916
 21
97.86271631908302
 31
0.0
  0
LINE
  5
182
330
B7
100
AcDbEntity
  8
0
  6
Continuous
 62
     7
370
    15
100
AcDbLine
 10
58.57724503372049
 20
98.66271631908302
 30
0.0
 11
62.33801454917916
 21
98.66271631908302
 31
0.0
  0
LINE
  5
183
330
B7
100
AcDbEntity
  8
0
  6
Continuous
 62
     7
370
    15
100
AcDbLine
 10
58.05762979144982
 20
98.96271631908303
 30
0.0
 11
62.85762979144982
 21
98.96271631908303
 31
0.0
  0
LINE
  5
184
330
B7
100
AcDbEntity
  8
0
  6
Continuous
 62
     7
370
    15
100
AcDbLine
 10
58.05762979144982
 20
99.16271631908301
 30
0.0
 11
62.85762979144982
 21
99.16271631908301
 31
0.0
  0
LINE
  5
185
330
B7
100
AcDbEntity
  8
0
  6
Continuous
 62
     7
370
    15
100
AcDbLine
 10
58.57724503372049
 20
99.46271631908302
 30
0.0
 11
62.33801454917916
 21
99.46271631908302
 31
0.0
  0
LINE
  5
186
330
B7
100
AcDbEntity
  8
0
  6
Continuous
 62
     7
370
    15
100
AcDbLine
 10
58.57724503372049
 20
100.262716319083
 30
0.0
 11
62.33801454917916
 21
100.262716319083
 31
0.0
  0
LINE
  5
187
330
B7
100
AcDbEntity
  8
0
  6
Continuous
 62
     7
370
    15
100
AcDbLine
 10
58.05762979144982
 20
100.562716319083
 30
0.0
 11
62.85762979144982
 21
100.562716319083
 31
0.0
  0
LINE
  5
188
330
B7
100
AcDbEntity
  8
0
  6
Continuous
 62
     7
370
    15
100
AcDbLine
 10
58.05762979144982
 20
100.762716319083
 30
0.0
 11
62.85762979144982
 21
100.762716319083
 31
0.0
  0
LINE
  5
189
330
B7
100
AcDbEntity
  8
0
  6
Continuous
 62
     7
370
    15
100
AcDbLine
 10
58.57724503372049
 20
101.062716319083
 30
0.0
 11
62.33801454917916
 21
101.062716319083
 31
0.0
  0
LINE
  5
18A
330
B7
100
AcDbEntity
  8
0
  6
Continuous
 62
     7
370
    15
100
AcDbLine
 10
58.57724503372049
 20
101.862716319083
 30
0.0
 11
62.33801454917916
 21
101.862716319083
 31
0.0
  0
LINE
  5
18B
330
B7
100
AcDbEntity
  8
0
  6
Continuous
 62
     7
370
    15
100
AcDbLine
 10
58.05762979144982
 20
102.162716319083
 30
0.0
 11
62.85762979144982
 21
102.162716319083
 31
0.0
  0
LINE
  5
18C
330
B7
100
AcDbEntity
  8
0
  6
Continuous
 62
     7
370
    15
100
AcDbLine
 10
58.05762979144982
 20
102.362716319083
 30
0.0
 11
62.85762979144982
 21
102.362716319083
 31
0.0
  0
LINE
  5
18D
330
B7
100
AcDbEntity
  8
0
  6
Continuous
 62
     7
370
    15
100
AcDbLine
 10
58.57724503372049
 20
102.662716319083
 30
0.0
 11
62.33801454917916
 21
102.662716319083
 31
0.0
  0
LINE
  5
18E
330
B7
100
AcDbEntity
  8
0
  6
Continuous
 62
     7
370
    15
100
AcDbLine
 10
58.57724503372049
 20
103.462716319083
 30
0.0
 11
62.33801454917916
 21
103.462716319083
 31
0.0
  0
LINE
  5
18F
330
B7
100
AcDbEntity
  8
0
  6
Continuous
 62
     7
370
    15
100
AcDbLine
 10
58.05762979144982
 20
103.762716319083
 30
0.0
 11
62.85762979144982
 21
103.762716319083
 31
0.0
  0
LINE
  5
190
330
B7
100
AcDbEntity
  8
0
  6
Continuous
 62
     7
370
    15
100
AcDbLine
 10
58.05762979144982
 20
103.962716319083
 30
0.0
 11
62.85762979144982
 21
103.962716319083
 31
0.0
  0
LINE
  5
191
330
B7
100
AcDbEntity
  8
0
  6
Continuous
 62
     7
370
    15
100
AcDbLine
 10
58.57724503372049
 20
104.262716319083
 30
0.0
 11
62.33801454917916
 21
104.262716319083
 31
0.0
  0
LINE
  5
192
330
B7
100
AcDbEntity
  8
0
  6
Continuous
 62
     7
370
    15
100
AcDbLine
 10
58.57724503372049
 20
105.062716319083
 30
0.0
 11
62.33801454917916
 21
105.062716319083
 31
0.0
  0
LINE
  5
193
330
B7
100
AcDbEntity
  8
0
  6
Continuous
 62
     7
370
    15
100
AcDbLine
 10
58.05762979144982
 20
105.362716319083
 30
0.0
 11
62.85762979144982
 21
105.362716319083
 31
0.0
  0
LINE
  5
194
330
B7
100
AcDbEntity
  8
0
  6
Continuous
 62
     7
370
    15
100
AcDbLine
 10
58.05762979144982
 20
105.562716319083
 30
0.0
 11
62.85762979144982
 21
105.562716319083
 31
0.0
  0
LINE
  5
195
330
B7
100
AcDbEntity
  8
0
  6
Continuous
 62
     7
370
    15
100
AcDbLine
 10
58.57724503372049
 20
105.862716319083
 30
0.0
 11
62.33801454917916
 21
105.862716319083
 31
0.0
  0
LINE
  5
196
330
B7
100
AcDbEntity
  8
0
  6
Continuous
 62
     7
370
    15
100
AcDbLine
 10
58.57724503372049
 20
106.662716319083
 30
0.0
 11
62.33801454917916
 21
106.662716319083
 31
0.0
  0
LINE
  5
197
330
B7
100
AcDbEntity
  8
0
  6
Continuous
 62
     7
370
    15
100
AcDbLine
 10
58.05762979144982
 20
106.962716319083
 30
0.0
 11
62.85762979144982
 21
106.962716319083
 31
0.0
  0
LINE
  5
198
330
B7
100
AcDbEntity
  8
0
  6
Continuous
 62
     7
370
    15
100
AcDbLine
 10
58.05762979144982
 20
107.162716319083
 30
0.0
 11
62.85762979144982
 21
107.162716319083
 31
0.0
  0
LINE
  5
199
330
B7
100
AcDbEntity
  8
0
  6
Continuous
 62
     7
370
    15
100
AcDbLine
 10
58.57724503372049
 20
107.462716319083
 30
0.0
 11
62.33801454917916
 21
107.462716319083
 31
0.0
  0
LINE
  5
19A
330
B7
100
AcDbEntity
  8
0
  6
Continuous
 62
     7
370
    15
100
AcDbLine
 10
58.57724503372049
 20
108.262716319083
 30
0.0
 11
62.33801454917916
 21
108.262716319083
 31
0.0
  0
LINE
  5
19B
330
B7
100
AcDbEntity
  8
0
  6
Continuous
 62
     7
370
    15
100
AcDbLine
 10
58.05762979144982
 20
108.562716319083
 30
0.0
 11
62.85762979144982
 21
108.562716319083
 31
0.0
  0
LINE
  5
19C
330
B7
100
AcDbEntity
  8
0
  6
Continuous
 62
     7
370
    15
100
AcDbLine
 10
58.05762979144982
 20
108.762716319083
 30
0.0
 11
62.85762979144982
 21
108.762716319083
 31
0.0
  0
LINE
  5
19D
330
B7
100
AcDbEntity
  8
0
  6
Continuous
 62
     7
370
    15
100
AcDbLine
 10
58.57724503372049
 20
109.062716319083
 30
0.0
 11
62.33801454917916
 21
109.062716319083
 31
0.0
  0
LINE
  5
19E
330
B7
100
AcDbEntity
  8
0
  6
Continuous
 62
     7
370
    15
100
AcDbLine
 10
58.57724503372049
 20
109.862716319083
 30
0.0
 11
62.33801454917916
 21
109.862716319083
 31
0.0
  0
LINE
  5
19F
330
B7
100
AcDbEntity
  8
0
  6
Continuous
 62
     7
370
    15
100
AcDbLine
 10
58.05762979144982
 20
110.162716319083
 30
0.0
 11
62.85762979144982
 21
110.162716319083
 31
0.0
  0
LINE
  5
1A0
330
B7
100
AcDbEntity
  8
0
  6
Continuous
 62
     7
370
    15
100
AcDbLine
 10
58.05762979144982
 20
110.362716319083
 30
0.0
 11
62.85762979144982
 21
110.362716319083
 31
0.0
  0
LINE
  5
1A1
330
B7
100
AcDbEntity
  8
0
  6
Continuous
 62
     7
370
    15
100
AcDbLine
 10
58.57724503372049
 20
110.662716319083
 30
0.0
 11
62.33801454917916
 21
110.662716319083
 31
0.0
  0
LINE
  5
1A2
330
B7
100
AcDbEntity
  8
0
  6
Continuous
 62
     7
370
    15
100
AcDbLine
 10
58.57724503372049
 20
111.462716319083
 30
0.0
 11
62.33801454917916
 21
111.462716319083
 31
0.0
  0
LINE
  5
1A3
330
B7
100
AcDbEntity
  8
0
  6
Continuous
 62
     7
370
    15
100
AcDbLine
 10
58.05762979144982
 20
111.762716319083
 30
0.0
 11
62.85762979144982
 21
111.762716319083
 31
0.0
  0
LINE
  5
1A4
330
B7
100
AcDbEntity
  8
0
  6
Continuous
 62
     7
370
    15
100
AcDbLine
 10
58.05762979144982
 20
111.962716319083
 30
0.0
 11
62.85762979144982
 21
111.962716319083
 31
0.0
  0
LINE
  5
1A5
330
B7
100
AcDbEntity
  8
0
  6
Continuous
 62
     7
370
    15
100
AcDbLine
 10
58.57724503372049
 20
112.262716319083
 30
0.0
 11
62.33801454917916
 21
112.262716319083
 31
0.0
  0
LINE
  5
1A6
330
B7
100
AcDbEntity
  8
0
  6
Continuous
 62
     7
370
    15
100
AcDbLine
 10
58.57724503372049
 20
113.062716319083
 30
0.0
 11
62.33801454917916
 21
113.062716319083
 31
0.0
  0
LINE
  5
1A7
330
B7
100
AcDbEntity
  8
0
  6
Continuous
 62
     7
370
    15
100
AcDbLine
 10
58.05762979144982
 20
113.362716319083
 30
0.0
 11
62.85762979144982
 21
113.362716319083
 31
0.0
  0
LINE
  5
1A8
330
B7
100
AcDbEntity
  8
0
  6
Continuous
 62
     7
370
    15
100
AcDbLine
 10
58.05762979144982
 20
113.562716319083
 30
0.0
 11
62.85762979144982
 21
113.562716319083
 31
0.0
  0
LINE
  5
1A9
330
B7
100
AcDbEntity
  8
0
  6
Continuous
 62
     7
370
    15
100
AcDbLine
 10
58.57724503372049
 20
113.862716319083
 30
0.0
 11
62.33801454917916
 21
113.862716319083
 31
0.0
  0
LINE
  5
1AA
330
B7
100
AcDbEntity
  8
0
  6
Continuous
 62
     7
370
    15
100
AcDbLine
 10
58.57724503372049
 20
114.662716319083
 30
0.0
 11
62.33801454917916
 21
114.662716319083
 31
0.0
  0
LINE
  5
1AB
330
B7
100
AcDbEntity
  8
0
  6
Continuous
 62
     7
370
    15
100
AcDbLine
 10
58.05762979144982
 20
114.962716319083
 30
0.0
 11
62.85762979144982
 21
114.962716319083
 31
0.0
  0
LINE
  5
1AC
330
B7
100
AcDbEntity
  8
0
  6
Continuous
 62
     7
370
    15
100
AcDbLine
 10
58.05762979144982
 20
115.162716319083
 30
0.0
 11
62.85762979144982
 21
115.162716319083
 31
0.0
  0
LINE
  5
1AD
330
B7
100
AcDbEntity
  8
0
  6
Continuous
 62
     7
370
    15
100
AcDbLine
 10
58.57724503372049
 20
115.462716319083
 30
0.0
 11
62.33801454917916
 21
115.462716319083
 31
0.0
  0
LINE
  5
1AE
330
B7
100
AcDbEntity
  8
0
  6
Continuous
 62
     7
370
    15
100
AcDbLine
 10
62.39474240814121
 20
116.2954681637253
 30
0.0
 11
58.52051717475843
 21
116.2954681637253
 31
0.0
  0
LINE
  5
1AF
330
B7
100
AcDbEntity
  8
0
  6
Continuous
 62
     7
370
    15
100
AcDbLine
 10
60.45762979144981
 20
119.762716319083
 30
0.0
 11
60.46746306767389
 21
119.762716319083
 31
0.0
  0
LINE
  5
1B0
330
B7
100
AcDbEntity
  8
0
  6
Continuous
 62
     7
370
    15
100
AcDbLine
 10
60.44779651522575
 20
119.762716319083
 30
0.0
 11
60.45762979144981
 21
119.762716319083
 31
0.0
  0
LINE
  5
1B1
330
B7
100
AcDbEntity
  8
0
  6
Continuous
 62
     7
370
    15
100
AcDbLine
 10
58.57724503372049
 20
116.262716319083
 30
0.0
 11
62.33801454917916
 21
116.262716319083
 31
0.0
  0
ENDBLK
  5
1B2
330
B7
100
AcDbEntity
  8
0
100
AcDbBlockEnd
  0
BLOCK
  5
74
330
73
100
AcDbEntity
  8
0
100
AcDbBlockBegin
  2
sagdikme
 70
     0
 10
0.0
 20
0.0
 30
0.0
  3
sagdikme
  1

  0
HATCH
  5
75
330
73
100
AcDbEntity
  8
0
370
    -2
100
AcDbHatch
 10
0.0
 20
0.0
 30
0.0
210
0.0
220
0.0
230
1.0
  2
ANGLE
 70
     0
 71
     0
 91
        1
 92
        1
 93
       19
 72
     1
 10
-8.211182964965701
 20
-187.0402958107879
 11
-7.963438966471585
 21
-186.328958228114
 72
     1
 10
-7.963438966311513
 20
-186.328958228114
 11
-7.198283120553242
 21
-186.1772655341774
 72
     1
 10
-7.198283120058476
 20
-186.177265534061
 11
-4.95972328314383
 21
-186.9102033011149
 72
     1
 10
-4.959723283536731
 20
-186.9102033011149
 11
-3.045077688831951
 21
-187.3210100920405
 72
     1
 10
-3.045077688992023
 20
-187.3210100921569
 11
-2.371542629771283
 21
-187.3635102307889
 72
     2
 10
0.0044825915247202
 20
-168.6110496197361
 40
18.90238807179146
 50
262.7788334699886
 51
277.2211665300114
 73
     1
 72
     1
 10
2.380507811903953
 20
-187.3635102306725
 11
3.054042871124693
 21
-187.3210100920405
 72
     1
 10
3.054042871110141
 20
-187.3210100921569
 11
4.968688465814921
 21
-186.9102033012314
 72
     1
 10
4.968688466586171
 20
-186.9102033011149
 11
7.207248303500818
 21
-186.177265534061
 72
     1
 10
7.207248303107918
 20
-186.177265534061
 11
7.972404148866188
 21
-186.3289582279976
 72
     1
 10
7.972404148429633
 20
-186.328958228114
 11
8.220148146923747
 21
-187.0402958107879
 72
     1
 10
8.220148147083817
 20
-187.0402958107879
 11
8.982161619933322
 21
-193.8607833610149
 72
     1
 10
8.982161620631814
 20
-193.8607833610149
 11
9.99999310124258
 21
-193.8607833610149
 72
     1
 10
9.999993100762367
 20
-193.8607833610149
 11
9.999993100762367
 21
-196.9783166490961
 72
     2
 10
0.0041395341977477
 20
-234.8641585677397
 40
39.18231879829117
 50
435.2198177657015
 51
449.9994983515703
 73
     1
 72
     2
 10
-0.2659303713589907
 20
-230.6748130676569
 40
34.99401810765113
 50
449.5572478801557
 51
466.1506578175348
 73
     1
 72
     1
 10
-10.00000689923763
 20
-197.0618831526953
 11
-10.00000689923763
 21
-193.8607833611313
 72
     1
 10
-10.00000689923763
 20
-193.8607833610149
 11
-8.973196437465956
 21
-193.8607833610149
 72
     1
 10
-8.973196437582373
 20
-193.8607833610149
 11
-8.21118296473287
 21
-187.0402958107879
 97
        0
 75
     0
 76
     1
 52
0.0
 41
0.2
 77
     0
 78
     2
 53
360.0
 43
-4305.75237196777
 44
-3450.391826646985
 45
0.0
 46
1.396999999999999
 79
     2
 49
1.016
 49
-0.381
 53
90.0
 43
-4305.75237196777
 44
-3450.391826646985
 45
-1.396999999999999
 46
0.0000000000000001
 79
     2
 49
1.016
 49
-0.381
 98
        1
 10
4.279910967685281
 20
-191.5508439705008
1001
GradientColor1ACI
1070
     5
1001
GradientColor2ACI
1070
     2
1001
ACAD
1010
0.0
1020
0.0
1030
0.0
  0
LINE
  5
78
330
73
100
AcDbEntity
  8
0
370
    -2
100
AcDbLine
 10
-69.25589897483586
 20
-172.0618831526953
 30
0.0
 11
-10.00000689923763
 21
-172.0618831526953
 31
0.0
  0
LINE
  5
79
330
73
100
AcDbEntity
  8
0
370
    -2
100
AcDbLine
 10
-69.25589897483586
 20
-168.0618831526953
 30
0.0
 11
-10.00000689923763
 21
-168.0618831526953
 31
0.0
  0
LINE
  5
7A
330
73
100
AcDbEntity
  8
0
370
    -2
100
AcDbLine
 10
-10.00000689923763
 20
-172.0618831526953
 30
0.0
 11
-10.00000689923763
 21
-163.301883152686
 31
0.0
  0
LINE
  5
7B
330
73
100
AcDbEntity
  8
0
370
    -2
100
AcDbLine
 10
-10.00000689923763
 20
-163.301883152686
 30
0.0
 11
-69.25589897483586
 21
-163.301883152686
 31
0.0
  0
LINE
  5
7C
330
73
100
AcDbEntity
  8
0
370
    -2
100
AcDbLine
 10
-10.00000689923763
 20
-167.301883152686
 30
0.0
 11
-69.25589897483586
 21
-167.301883152686
 31
0.0
  0
LWPOLYLINE
  5
7D
330
73
100
AcDbEntity
  8
0
370
    -2
100
AcDbPolyline
 90
        5
 70
     0
 43
0.0
 10
-69.25589897483586
 20
-198.0618831526953
 10
-11.00000689923763
 20
-198.0618831526953
 10
-10.00000689923763
 20
-197.0618831526953
 10
-10.00000689923763
 20
-192.0618831526953
 10
-69.25589897483586
 20
-192.0618831526953
  0
HATCH
  5
7E
330
73
100
AcDbEntity
  8
epdm hatch
370
    -2
100
AcDbHatch
 10
0.0
 20
0.0
 30
0.0
210
0.0
220
0.0
230
1.0
  2
PLASTI
 70
     0
 71
     0
 91
        2
 92
        7
 72
     1
 73
     1
 93
       42
 10
4.484493548050521
 20
-183.1618848670041
 42
-0.4142135623730951
 10
3.984493548050522
 20
-183.6618848670041
 42
-0.3790242410436603
 10
3.338046938180923
 20
-183.5154382576002
 42
0.0
 10
2.630940156988799
 20
-182.808331476408
 42
-0.1989123673796582
 10
2.484493548050521
 20
-182.454778085812
 42
0.0
 10
2.484493548050521
 20
-181.6618848670041
 42
0.0
 10
2.784493547864258
 20
-181.6618848670041
 42
0.4142135623730943
 10
3.084493547677993
 20
-181.3618848670739
 42
0.0
 10
3.084493547677993
 20
-179.6618848670041
 42
0.0
 10
2.630940156988799
 20
-179.2083314764313
 42
-0.4208651239866163
 10
2.43990756664425
 20
-178.5192496640375
 42
0.5869188812428136
 10
2.184493548236786
 20
-178.0618848670274
 42
0.0
 10
-2.21550645213574
 20
-178.0618848670274
 42
0.414213562373095
 10
-2.515506451949477
 20
-178.3618848670739
 42
0.0
 10
-2.515506451949477
 20
-178.8547780858352
 42
-0.1989123673879968
 10
-2.661953061819076
 20
-179.2083314764313
 42
0.0
 10
-3.115506451576948
 20
-179.6618848670041
 42
0.0
 10
-3.115506451576948
 20
-181.3618848670739
 42
0.4142135623730951
 10
-2.815506451763212
 20
-181.6618848670041
 42
0.0
 10
-2.515506451949477
 20
-181.6618848670041
 42
0.0
 10
-2.515506451949477
 20
-182.454778085812
 42
-0.1989123673796584
 10
-2.661953061819076
 20
-182.808331476408
 42
0.0
 10
-3.3690598430112
 20
-183.5154382576002
 42
-0.1989123673821321
 10
-3.722613233141601
 20
-183.6618848670041
 42
-0.6952248784143757
 10
-4.515506451949476
 20
-183.1618848670041
 42
0.0
 10
-4.515506451949476
 20
-172.903049572953
 42
-0.8092815554330506
 10
-3.738391917198896
 20
-172.3092327129561
 42
0.5487146881439778
 10
-2.315506451763211
 20
-171.403049572953
 42
0.0
 10
-2.315506451763211
 20
-170.0030495729297
 42
0.0
 10
-2.681531855836509
 20
-170.0030495729297
 42
-0.6816067978600939
 10
-1.521225365810096
 20
-168.5473306589992
 42
-0.5446245773595066
 10
-0.8155064517632125
 20
-169.0030495729297
 42
0.0
 10
-0.8155064517632125
 20
-172.403049572953
 42
0.0
 10
0.7844935478642583
 20
-172.403049572953
 42
0.0
 10
0.7844935478642583
 20
-169.0030495729297
 42
-0.5446245773595925
 10
1.49021246191114
 20
-168.5473306589992
 42
-0.6816067978602347
 10
2.650518951937556
 20
-170.0030495729297
 42
0.0
 10
2.284493547864258
 20
-170.0030495729297
 42
0.0
 10
2.284493547864258
 20
-171.403049572953
 42
0.4142135623730951
 10
3.284493547864258
 20
-172.403049572953
 42
0.0
 10
3.984493548050522
 20
-172.403049572953
 42
-0.4142135623730951
 10
4.484493548050521
 20
-172.903049572953
 42
0.0
 97
        0
 92
       22
 72
     1
 73
     1
 93
        8
 10
2.484493548050521
 20
-174.903049572953
 42
0.4142135623731159
 10
1.984493548050521
 20
-174.403049572953
 42
0.0
 10
-2.015506451949476
 20
-174.403049572953
 42
0.4142135623730946
 10
-2.515506451949477
 20
-174.903049572953
 42
0.0
 10
-2.515506451949477
 20
-175.5618848670274
 42
0.4142135623730957
 10
-2.015506451949476
 20
-176.0618848670274
 42
0.0
 10
1.984493548050521
 20
-176.0618848670274
 42
0.4142135623730951
 10
2.484493548050521
 20
-175.5618848670274
 42
0.0
 97
        0
 75
     1
 76
     1
 52
0.0
 41
0.3
 77
     0
 78
     4
 53
360.0
 43
-4305.075923176482
 44
-3448.417509455933
 45
0.0
 46
1.904999999999999
 79
     0
 53
360.0
 43
-4305.075923176482
 44
-3448.1793844559
 45
0.0
 46
1.904999999999999
 79
     0
 53
360.0
 43
-4305.075923176482
 44
-3447.941259455868
 45
0.0
 46
1.904999999999999
 79
     0
 53
360.0
 43
-4305.075923176482
 44
-3447.226884455886
 45
0.0
 46
1.904999999999999
 79
     0
 47
0.0262004560638794
 98
        2
 10
3.156875209882854
 20
-174.7331437125103
 10
3.156875209882854
 20
-174.7331437125103
1001
GradientColor1ACI
1070
     5
1001
GradientColor2ACI
1070
     2
1001
ACAD
1010
0.0
1020
0.0
1030
0.0
  0
LWPOLYLINE
  5
80
330
73
100
AcDbEntity
  8
aksesuarlar
 62
     7
370
    -2
100
AcDbPolyline
 90
       50
 70
     1
 43
0.0
 10
3.691600329242646
 20
-183.6618848670041
 42
-0.198912367379658
 10
3.338046938180923
 20
-183.5154382576002
 10
2.630940156988799
 20
-182.808331476408
 42
-0.1989123673798656
 10
2.484493548050521
 20
-182.454778085812
 10
2.484493548050521
 20
-181.6618848670041
 10
2.784493547864258
 20
-181.6618848670041
 42
0.4142135623726512
 10
3.084493547677993
 20
-181.3618848670739
 10
3.084493547677993
 20
-179.6618848670041
 10
2.630940156988799
 20
-179.2083314764313
 42
-0.1989123673795313
 10
2.484493548050521
 20
-178.8547780858352
 10
2.484493548050521
 20
-178.3618848670739
 42
0.4142135623733169
 10
2.184493548236786
 20
-178.0618848670274
 10
-2.21550645213574
 20
-178.0618848670274
 42
0.414213562372873
 10
-2.515506451949477
 20
-178.3618848670739
 10
-2.515506451949477
 20
-178.8547780858352
 42
-0.1989123673798538
 10
-2.661953061819076
 20
-179.2083314764313
 10
-3.115506451576948
 20
-179.6618848670041
 10
-3.115506451576948
 20
-181.3618848670739
 42
0.4142135623735391
 10
-2.815506451763212
 20
-181.6618848670041
 10
-2.515506451949477
 20
-181.6618848670041
 10
-2.515506451949477
 20
-182.454778085812
 42
-0.1989123673798538
 10
-2.661953061819076
 20
-182.808331476408
 10
-3.3690598430112
 20
-183.5154382576002
 42
-0.198912367379658
 10
-3.722613233141601
 20
-183.6618848670041
 10
-4.015506451949477
 20
-183.6618848670041
 42
-0.4142135623730951
 10
-4.515506451949476
 20
-183.1618848670041
 10
-4.515506451949476
 20
-172.903049572953
 42
-0.4142135623730951
 10
-4.015506451949477
 20
-172.403049572953
 10
-3.315506451763212
 20
-172.403049572953
 42
0.4142135623731618
 10
-2.315506451763211
 20
-171.403049572953
 10
-2.315506451763211
 20
-170.0030495729297
 10
-2.815506451763212
 20
-170.0030495729297
 10
-2.815506451763212
 20
-169.5030495729296
 42
-0.4142135623729619
 10
-1.815506451763211
 20
-168.5030495729297
 10
-1.315506451763212
 20
-168.5030495729297
 42
-0.4142135623730951
 10
-0.8155064517632125
 20
-169.0030495729297
 10
-0.8155064517632125
 20
-172.403049572953
 10
0.7844935478642583
 20
-172.403049572953
 10
0.7844935478642583
 20
-169.0030495729297
 42
-0.4142135623732285
 10
1.284493547864258
 20
-168.5030495729297
 10
1.784493547864258
 20
-168.5030495729297
 42
-0.4142135623730284
 10
2.784493547864258
 20
-169.5030495729296
 10
2.784493547864258
 20
-170.0030495729297
 10
2.284493547864258
 20
-170.0030495729297
 10
2.284493547864258
 20
-171.403049572953
 42
0.4142135623730951
 10
3.284493547864258
 20
-172.403049572953
 10
3.984493548050522
 20
-172.403049572953
 42
-0.4142135623730951
 10
4.484493548050521
 20
-172.903049572953
 10
4.484493548050521
 20
-183.1618848670041
 42
-0.4142135623730951
 10
3.984493548050522
 20
-183.6618848670041
  0
LWPOLYLINE
  5
83
330
73
100
AcDbEntity
  8
aksesuarlar
 62
     7
370
    -2
100
AcDbPolyline
 90
        8
 70
     1
 43
0.0
 10
-2.515506451949477
 20
-174.903049572953
 42
-0.4142135623730712
 10
-2.015506451949476
 20
-174.403049572953
 10
1.984493548050521
 20
-174.403049572953
 42
-0.4142135623731368
 10
2.484493548050521
 20
-174.903049572953
 10
2.484493548050521
 20
-175.5618848670274
 42
-0.4142135623730403
 10
1.984493548050521
 20
-176.0618848670274
 10
-2.015506451949476
 20
-176.0618848670274
 42
-0.414213562373138
 10
-2.515506451949477
 20
-175.5618848670274
  0
LWPOLYLINE
  5
84
330
73
100
AcDbEntity
  8
0
370
    -2
100
AcDbPolyline
 90
       18
 70
     1
 43
0.0
 10
0.0044825915247202
 20
-187.5134376914939
 10
-3.045077688992023
 20
-187.3210100921569
 10
-4.959723283536731
 20
-186.9102033011149
 10
-7.198283120058476
 20
-186.177265534061
 10
-7.963438966311513
 20
-186.328958228114
 10
-8.211182964965701
 20
-187.0402958107879
 10
-8.973196437582373
 20
-193.8607833610149
 10
-10.00000689923763
 20
-193.8607833610149
 10
-10.00000689923763
 20
-197.0618831526953
 42
-0.0725291890000208
 10
0.0044825915247202
 20
-195.6818397708703
 42
-0.0643273083360745
 10
9.999993100762367
 20
-196.9783166490961
 10
9.999993100762367
 20
-193.8607833610149
 10
8.982161620631814
 20
-193.8607833610149
 10
8.220148147083817
 20
-187.0402958107879
 10
7.972404148429633
 20
-186.328958228114
 10
7.207248303107918
 20
-186.177265534061
 10
4.968688466586171
 20
-186.9102033011149
 10
3.054042871110141
 20
-187.3210100921569
  0
HATCH
  5
85
330
73
100
AcDbEntity
  8
epdm hatch
370
    -2
100
AcDbHatch
 10
0.0
 20
0.0
 30
0.0
210
0.0
220
0.0
230
1.0
  2
ANSI37
 70
     0
 71
     0
 91
        2
 92
        7
 72
     1
 73
     1
 93
       48
 10
-6.82788821402937
 20
-186.2354356796713
 42
0.543091918684108
 10
-8.322732716798782
 20
-186.9968041562242
 42
0.0
 10
-8.990604108199475
 20
-193.3545311577618
 42
0.0
 10
-9.002227203920481
 20
-193.4502559627872
 42
0.0
 10
-9.036420999094843
 20
-193.5404175900621
 42
0.0
 10
-9.091198273934423
 20
-193.6197761736111
 42
0.0
 10
-9.163375573232768
 20
-193.6837196809938
 42
0.0
 10
-9.248758214525876
 20
-193.7285319479415
 42
0.0
 10
-9.342384068295359
 20
-193.7516086483374
 42
0.0
 10
-9.438811941072343
 20
-193.7516086483374
 42
0.0
 10
-9.532437794841824
 20
-193.7285319479415
 42
0.0
 10
-9.617820436134932
 20
-193.6837196809938
 42
0.0
 10
-9.689997735433278
 20
-193.6197761736111
 42
0.0
 10
-9.744775010272858
 20
-193.5404175900621
 42
0.0
 10
-9.77896880544722
 20
-193.4502559627872
 42
0.0
 10
-9.790591901168225
 20
-193.3545311577618
 42
0.0
 10
-9.790591901168225
 20
-186.7346360399388
 42
-0.4196014364213085
 10
-6.7355142487213
 20
-183.7351416738238
 42
0.0
 10
-3.315506451763212
 20
-183.7351416738238
 42
0.4142135623730951
 10
-2.315506451763211
 20
-182.7351416738238
 42
0.0
 10
-2.315506451763211
 20
-181.5141307900194
 42
0.0
 10
-2.915506452322006
 20
-181.5141307900194
 42
0.0
 10
-2.915506452322006
 20
-180.9510864018229
 42
-0.318017118027806
 10
-1.580940833315253
 20
-179.0650330927455
 42
-0.1712365548977319
 10
1.549927928484975
 20
-179.0650330927455
 42
-0.3180171180278379
 10
2.884493548423051
 20
-180.9510864018229
 42
0.0
 10
2.884493548423051
 20
-181.5141307900194
 42
0.0
 10
2.284493547864258
 20
-181.5141307900194
 42
0.0
 10
2.284493547864258
 20
-182.7351416738238
 42
0.4142135623730951
 10
3.284493547864258
 20
-183.7351416738238
 42
0.0
 10
6.854634736664593
 20
-183.7351416738238
 42
-0.4088461371536844
 10
9.799557084217667
 20
-186.7346360399388
 42
0.0
 10
9.799557084217667
 20
-193.3545311577618
 42
0.0
 10
9.787933988496659
 20
-193.4502559627872
 42
0.0
 10
9.7537401933223
 20
-193.5404175900621
 42
0.0
 10
9.69896291848272
 20
-193.6197761736111
 42
0.0
 10
9.626785619184373
 20
-193.6837196809938
 42
0.0
 10
9.541402977891264
 20
-193.7285319479415
 42
0.0
 10
9.447777124121783
 20
-193.7516086483374
 42
0.0
 10
9.351349251344801
 20
-193.7516086483374
 42
0.0
 10
9.257723397575318
 20
-193.7285319479415
 42
0.0
 10
9.17234075628221
 20
-193.6837196809938
 42
0.0
 10
9.100163456983862
 20
-193.6197761736111
 42
0.0
 10
9.045386182144282
 20
-193.5404175900621
 42
0.0
 10
9.011192386969923
 20
-193.4502559627872
 42
0.0
 10
8.999569291248917
 20
-193.3545311577618
 42
0.0
 10
8.331697899848222
 20
-186.9968041562242
 42
0.5430919186858514
 10
6.836853397078812
 20
-186.2354356796713
 42
-0.1870510322445213
 97
        0
 92
       22
 72
     1
 73
     1
 93
        6
 10
0.7844935478642583
 20
-183.7141307899728
 42
0.0
 10
0.7844935478642583
 20
-181.4641307899728
 42
0.4142135623730951
 10
0.2844935478642583
 20
-180.9641307899728
 42
0.0
 10
-0.3155064517632127
 20
-180.9641307899728
 42
0.4142135623730951
 10
-0.8155064517632125
 20
-181.4641307899728
 42
0.0
 10
-0.8155064517632125
 20
-183.7141307899728
 42
0.0
 97
        0
 75
     1
 76
     1
 52
0.0
 41
0.5
 77
     0
 78
     2
 53
44.99999999999999
 43
-4305.75237196777
 44
-3450.391826646985
 45
-1.122532015133643
 46
1.122532015133643
 79
     0
 53
134.9999999999999
 43
-4305.75237196777
 44
-3450.391826646985
 45
-1.122532015133643
 46
-1.122532015133643
 79
     0
 47
0.0258475175361554
 98
        2
 10
5.073994052596389
 20
-185.6410268933978
 10
5.073994052596389
 20
-185.6410268933978
1001
GradientColor1ACI
1070
     5
1001
GradientColor2ACI
1070
     2
1001
ACAD
1010
0.0
1020
0.0
1030
0.0
  0
LWPOLYLINE
  5
86
330
73
100
AcDbEntity
  8
aksesuarlar
 62
     7
370
    -2
100
AcDbPolyline
 90
        6
 70
     1
 43
0.0
 10
-0.8155064517632125
 20
-181.4641307899728
 42
-0.4142135623730951
 10
-0.3155064517632127
 20
-180.9641307899728
 10
0.2844935478642583
 20
-180.9641307899728
 42
-0.4142135623730951
 10
0.7844935478642583
 20
-181.4641307899728
 10
0.7844935478642583
 20
-183.7141307899728
 10
-0.8155064517632125
 20
-183.7141307899728
  0
LWPOLYLINE
  5
87
330
73
100
AcDbEntity
  8
aksesuarlar
 62
     7
370
    -2
100
AcDbPolyline
 90
       49
 70
     0
 43
0.0
 10
6.854634736664593
 20
-183.7351416738238
 42
-0.4088461371550978
 10
9.799557084217667
 20
-186.7346360399388
 10
9.799557084217667
 20
-193.3545311577618
 10
9.787933988496659
 20
-193.4502559627872
 10
9.7537401933223
 20
-193.5404175900621
 10
9.69896291848272
 20
-193.6197761736111
 10
9.626785619184373
 20
-193.6837196809938
 10
9.541402977891264
 20
-193.7285319479415
 10
9.447777124121783
 20
-193.7516086483374
 10
9.351349251344801
 20
-193.7516086483374
 10
9.257723397575318
 20
-193.7285319479415
 10
9.17234075628221
 20
-193.6837196809938
 10
9.100163456983862
 20
-193.6197761736111
 10
9.045386182144282
 20
-193.5404175900621
 10
9.011192386969923
 20
-193.4502559627872
 10
8.999569291248917
 20
-193.3545311577618
 10
8.331697899848222
 20
-186.9968041562242
 42
0.4517582074474868
 10
7.108093692921102
 20
-186.1278696546796
 42
-0.1950512235394689
 10
-7.099128509871661
 20
-186.1278696546796
 42
0.4517582074475154
 10
-8.322732716798782
 20
-186.9968041562242
 10
-8.990604108199475
 20
-193.3545311577618
 10
-9.002227203920481
 20
-193.4502559627872
 10
-9.036420999094843
 20
-193.5404175900621
 10
-9.091198273934423
 20
-193.6197761736111
 10
-9.163375573232768
 20
-193.6837196809938
 10
-9.248758214525876
 20
-193.7285319479415
 10
-9.342384068295359
 20
-193.7516086483374
 10
-9.438811941072343
 20
-193.7516086483374
 10
-9.532437794841824
 20
-193.7285319479415
 10
-9.617820436134932
 20
-193.6837196809938
 10
-9.689997735433278
 20
-193.6197761736111
 10
-9.744775010272858
 20
-193.5404175900621
 10
-9.77896880544722
 20
-193.4502559627872
 10
-9.790591901168225
 20
-193.3545311577618
 10
-9.790591901168225
 20
-186.7346360399388
 42
-0.40884613715512
 10
-6.845669553615152
 20
-183.7351416738238
 10
-3.315506451763212
 20
-183.7351416738238
 42
0.4142135623730951
 10
-2.315506451763211
 20
-182.7351416738238
 10
-2.315506451763211
 20
-181.5141307900194
 10
-2.915506452322006
 20
-181.5141307900194
 10
-2.915506452322006
 20
-180.9510864018229
 42
-0.3180171180316686
 10
-1.580940832383929
 20
-179.0650330927455
 42
-0.1712365548905705
 10
1.549927928484975
 20
-179.0650330927455
 42
-0.3180171180315849
 10
2.884493548423051
 20
-180.9510864018229
 10
2.884493548423051
 20
-181.5141307900194
 10
2.284493547864258
 20
-181.5141307900194
 10
2.284493547864258
 20
-182.7351416738238
 42
0.4142135623730951
 10
3.284493547864258
 20
-183.7351416738238
 10
7.085384661331772
 20
-183.7351416738238
  0
HATCH
  5
88
330
73
100
AcDbEntity
  8
profiller
370
    -2
100
AcDbHatch
 10
0.0
 20
0.0
 30
0.0
210
0.0
220
0.0
230
1.0
  2
SOLID
 70
     1
 71
     1
 91
        1
 92
        1
 93
       58
 72
     2
 10
-2.815500452474225
 20
-168.3239832694136
 40
0.300006536170986
 50
180.0003108585397
 51
236.7659806249013
 73
     0
 72
     1
 10
-2.979922021448146
 20
-168.0730460872269
 11
-2.015506994503084
 21
-167.4411474456269
 72
     1
 10
-2.015506994503084
 20
-167.4411474456269
 11
-0.315508252591826
 21
-167.4411474456269
 72
     1
 10
-0.315508252591826
 20
-167.4411474456269
 11
-0.0155068995663896
 21
-167.1411498179268
 72
     1
 10
-0.0155068995663896
 20
-167.1411498179268
 11
0.2844944534008391
 21
-167.4411474456269
 72
     1
 10
0.2844944534008391
 20
-167.4411474456269
 11
1.984493195370304
 21
-167.4411474456269
 72
     1
 10
1.984493195370304
 20
-167.4411474456269
 11
2.948908222257158
 21
-168.0730460872269
 72
     2
 10
2.784486653283238
 20
-168.3239832694136
 40
0.300006536170986
 50
303.2340193750988
 51
359.9996891414602
 73
     0
 72
     1
 10
3.084493189468048
 20
-168.3239816417267
 11
3.084493189468048
 21
-170.1030461778268
 72
     2
 10
2.784490667399949
 20
-170.1030487340804
 40
0.3000025220553419
 50
359.9995117956387
 51
449.9995544058841
 73
     0
 72
     1
 10
2.784493000595829
 20
-170.4030512561265
 11
2.484493044496048
 21
-170.4030512561265
 72
     1
 10
2.484493044496048
 20
-170.4030512561265
 11
2.484493044496048
 21
-171.1959420432267
 72
     2
 10
2.984484058746602
 20
-171.195944635552
 40
0.4999910143054777
 50
179.99970293607
 51
225.0004492360403
 73
     1
 72
     1
 10
2.630939794064033
 20
-171.5494944443267
 11
3.338046458899043
 21
-172.2566066970271
 72
     2
 10
3.691595930140465
 20
-171.9030441683035
 40
0.5000036903382003
 50
225.0010580177642
 51
270.0004424499188
 73
     1
 72
     1
 10
3.691599791287443
 20
-172.4030478586267
 11
3.984493290365207
 21
-172.4030478586269
 72
     2
 10
3.984496325894723
 20
-171.9030512778602
 40
0.4999965807759342
 50
269.9996521499981
 51
360.0005079344108
 73
     1
 72
     1
 10
4.484492906660306
 20
-171.9030468453266
 11
4.484492906660306
 21
-166.1310474157726
 72
     2
 10
3.984496324439533
 20
-165.6411508654969
 40
0.69999658013707
 50
44.41542263073574
 51
90.0002483440222
 73
     0
 72
     1
 10
3.984493290365207
 20
-166.3411474456275
 11
3.691599791287443
 21
-166.3411474456272
 72
     2
 10
3.691595930082256
 20
-165.6411437555632
 40
0.7000036900746717
 50
89.99968395861499
 51
134.9993089649899
 73
     0
 72
     1
 10
3.196624543867073
 20
-166.1361270814755
 11
2.489517879032064
 21
-165.4290148287756
 72
     2
 10
2.984484058688393
 20
-164.9340442225746
 40
0.6999910142242497
 50
134.9997437987788
 51
180.0002121892558
 73
     0
 72
     1
 10
2.284493044484405
 20
-164.934041630227
 11
2.284493044484405
 21
-163.9411508431269
 72
     1
 10
2.284493044484405
 20
-163.9411508431269
 11
2.784493000595829
 21
-163.9411508431266
 72
     2
 10
2.784490667399949
 20
-163.8411483210302
 40
0.1000025221236926
 50
270.0013367864463
 51
360.0014645595379
 73
     1
 72
     1
 10
2.884493189456406
 20
-163.8411457648271
 11
2.884493189456406
 21
-162.562081228727
 72
     2
 10
2.384493189456405
 20
-162.562081228727
 40
0.5
 50
0.0
 51
90.0
 73
     1
 72
     1
 10
2.384493189456405
 20
-162.062081228727
 11
1.58449304458918
 21
-162.0620812287272
 72
     2
 10
1.58449304458918
 20
-162.5620812287275
 40
0.5000000000002274
 50
90.0
 51
179.9999999998957
 73
     1
 72
     1
 10
1.08449304458918
 20
-162.5620812287266
 11
1.08449304458918
 21
-163.841147445628
 72
     2
 10
0.0844930445891805
 20
-163.8411474456268
 40
1.0
 50
0.0000000000781653
 51
90.0
 73
     0
 72
     1
 10
0.0844930445891805
 20
-164.8411474456268
 11
-0.0155068995663896
 21
-164.841147445627
 72
     1
 10
-0.0155068995663896
 20
-164.841147445627
 11
-0.1155068437219597
 21
-164.8411474456268
 72
     2
 10
-0.1155068437219597
 20
-163.8411474456268
 40
1.0
 50
90.0
 51
179.9999999999218
 73
     0
 72
     1
 10
-1.115506843721959
 20
-163.841147445628
 11
-1.115506843721959
 21
-162.5620812287266
 72
     2
 10
-1.615506843721959
 20
-162.5620812287275
 40
0.5000000000002274
 50
0.0000000001042204
 51
90.0
 73
     1
 72
     1
 10
-1.615506843721959
 20
-162.0620812287272
 11
-2.415506988647392
 21
-162.062081228727
 72
     2
 10
-2.415506988647392
 20
-162.562081228727
 40
0.5
 50
90.0
 51
180.0
 73
     1
 72
     1
 10
-2.915506988647392
 20
-162.562081228727
 11
-2.915506988647392
 21
-163.8411457648271
 72
     2
 10
-2.815504466532728
 20
-163.8411483210302
 40
0.1000025221236926
 50
179.9985354404621
 51
269.9986632135538
 73
     1
 72
     1
 10
-2.815506799728608
 20
-163.9411508431266
 11
-2.315506843617185
 21
-163.9411508431269
 72
     1
 10
-2.315506843617185
 20
-163.9411508431269
 11
-2.315506843617185
 21
-164.934041630227
 72
     2
 10
-3.015497857879381
 20
-164.9340442225746
 40
0.6999910142242497
 50
359.9997878107442
 51
405.0002562012079
 73
     0
 72
     1
 10
-2.52053167822305
 20
-165.4290148287755
 11
-3.227638342999852
 21
-166.1361270814755
 72
     2
 10
-3.722609729215037
 20
-165.6411437555632
 40
0.7000036900746717
 50
45.00069103500988
 51
90.00031604138497
 73
     0
 72
     1
 10
-3.722613590420222
 20
-166.3411474456272
 11
-4.015507089556193
 21
-166.3411474456275
 72
     2
 10
-4.015510123630518
 20
-165.6411508654969
 40
0.69999658013707
 50
89.99975165597779
 51
135.5845773692643
 73
     0
 72
     1
 10
-4.515506705851294
 20
-166.1310474157726
 11
-4.515506705851294
 21
-171.9030468453266
 72
     2
 10
-4.015510125085711
 20
-171.9030512778602
 40
0.4999965807759342
 50
179.9994920655892
 51
270.0003478500018
 73
     1
 72
     1
 10
-4.015507089556193
 20
-172.4030478586269
 11
-3.722613590420222
 21
-172.4030478586267
 72
     2
 10
-3.722609729273243
 20
-171.9030441683035
 40
0.5000036903382003
 50
269.9995575500811
 51
314.9989419822357
 73
     1
 72
     1
 10
-3.369060258031821
 20
-172.2566066970271
 11
-2.66195359325502
 21
-171.5494944443267
 72
     2
 10
-3.015497857937588
 20
-171.195944635552
 40
0.4999910143054777
 50
314.9995507639598
 51
360.0002970639299
 73
     1
 72
     1
 10
-2.515506843628826
 20
-171.1959420432267
 11
-2.515506843628826
 21
-170.4030512561265
 72
     1
 10
-2.515506843628826
 20
-170.4030512561265
 11
-2.815506799728608
 21
-170.4030512561265
 72
     2
 10
-2.815504466590936
 20
-170.1030487340804
 40
0.3000025220553419
 50
90.00044559411568
 51
180.0004882043614
 73
     0
 72
     1
 10
-3.115506988659034
 20
-170.1030461778268
 11
-3.115506988659034
 21
-168.3239816417267
 97
        1
330
8B
 75
     1
 76
     1
 98
        1
 10
4735.293258939869
 20
-1859.194282525685
450
        0
451
        0
460
0.0
461
0.0
452
        0
462
0.0
453
        0
470

1001
GradientColor1ACI
1070
     5
1001
GradientColor2ACI
1070
     2
1001
ACAD
1010
0.0
1020
0.0
1030
0.0
  0
REGION
  5
8B
102
{ACAD_REACTORS
330
88
102
}
330
73
100
AcDbEntity
  8
0
100
AcDbModelerGeometry
290
     1
  2
{7037A0F1-D000-4944-BF15-40E74FFAB3B6}
1001
ACAD_STEPID
1071
        1
  0
LINE
  5
8D
330
73
100
AcDbEntity
  8
0
370
    -2
100
AcDbLine
 10
-69.25589897483586
 20
-70.99998445413075
 30
0.0
 11
-25.00000037252903
 21
-70.99998445413075
 31
0.0
  0
LINE
  5
8E
330
73
100
AcDbEntity
  8
0
100
AcDbLine
 10
23.84999310038984
 20
-149.9999967336189
 30
0.0
 11
24.93699842412025
 21
-149.9999967336189
 31
0.0
  0
LINE
  5
8F
330
73
100
AcDbEntity
  8
0
370
    -2
100
AcDbLine
 10
-9.033510864712296
 20
-166.1411614395911
 30
0.0
 11
-69.25589897483586
 21
-166.1411614395911
 31
0.0
  0
LINE
  5
90
330
73
100
AcDbEntity
  8
profiller
  6
HIDDEN
 62
   253
 48
0.2
370
    -2
100
AcDbLine
 10
-25.0335108647123
 20
-150.9999967337353
 30
0.0
 11
-9.033510864712296
 21
-150.9999967337353
 31
0.0
  0
LINE
  5
92
330
73
100
AcDbEntity
  8
profiller
  6
HIDDEN
 62
   253
 48
0.2
370
    -2
100
AcDbLine
 10
-25.0335108647123
 20
-156.9999967336189
 30
0.0
 11
-9.033510864712296
 21
-156.9999967336189
 31
0.0
  0
LINE
  5
93
330
73
100
AcDbEntity
  8
profiller
  6
HIDDEN
 62
   253
 48
0.2
370
    -2
100
AcDbLine
 10
-9.033510864712296
 20
-150.9999967336189
 30
0.0
 11
-9.033510864712296
 21
-166.1411614395911
 31
0.0
  0
LINE
  5
94
330
73
100
AcDbEntity
  8
0
370
    -2
100
AcDbLine
 10
-25.01550555787981
 20
-156.9999967336189
 30
0.0
 11
-69.2558980807662
 21
-156.9999967336189
 31
0.0
  0
LWPOLYLINE
  5
95
330
73
100
AcDbEntity
  8
profiller
 48
0.5
370
    -2
100
AcDbPolyline
 90
       10
 70
     1
 43
0.0
 10
2.899999963119626
 20
-150.6999984383583
 10
2.899999963119626
 20
-147.8000015019206
 42
-0.2389299279330017
 10
7.436616649851202
 20
-138.8483521627495
 42
0.7248777863044569
 10
7.25922780111432
 20
-138.3064121007919
 10
-7.25922780111432
 20
-138.3064121007919
 42
0.7248781557104055
 10
-7.436616649851202
 20
-138.8483521627495
 42
-0.23892992802831
 10
-2.899999963119626
 20
-147.8000015019206
 10
-2.899999963119626
 20
-150.6999984383583
 42
0.4142076424768821
 10
-2.60000000707805
 20
-151.000003516674
 10
2.60000000707805
 20
-151.000003516674
 42
0.4142083770621336
  0
INSERT
  5
96
330
73
100
AcDbEntity
  8
profiller
370
    -2
100
AcDbBlockReference
  2
E50 R 12
 10
-1752.930067605339
 20
-446.2190417787059
 30
0.0
  0
HATCH
  5
A5
330
73
100
AcDbEntity
  8
0
100
AcDbHatch
 10
0.0
 20
0.0
 30
0.0
210
0.0
220
0.0
230
1.0
  2
ANSI34
 70
     0
 71
     1
 91
        1
 92
        1
 93
        6
 72
     1
 10
-10.10169190913439
 20
-185.6618831526721
 11
-10.10169190913439
 21
-191.8618831526255
 72
     1
 10
-10.10169190913439
 20
-191.8618831526255
 11
-21.27997246943414
 21
-191.8618831526255
 72
     1
 10
-21.27997246943414
 20
-191.8618831526255
 11
-21.2749931467697
 21
-190.5581282142084
 72
     1
 10
-21.2749931467697
 20
-190.5581282142084
 11
-21.2749931467697
 21
-187.2519970139256
 72
     1
 10
-21.2749931467697
 20
-187.2519970139256
 11
-19.71814212948084
 21
-185.6646338613936
 72
     1
 10
-19.71814212948084
 20
-185.6646338613936
 11
-10.10169190913439
 21
-185.6618831526721
 97
        1
330
A6
 75
     0
 76
     1
 52
89.99999999999998
 41
0.1
 77
     0
 78
     4
 53
134.9999999999999
 43
-3289.179325166158
 44
-3106.727479005931
 45
-1.347038418160372
 46
-1.347038418160372
 79
     0
 53
134.9999999999999
 43
-3289.179325166158
 44
-3106.278466005926
 45
-1.347038418160372
 46
-1.347038418160372
 79
     0
 53
134.9999999999999
 43
-3289.179325166158
 44
-3105.829453005921
 45
-1.347038418160372
 46
-1.347038418160372
 79
     0
 53
134.9999999999999
 43
-3289.179325166158
 44
-3105.380439005909
 45
-1.347038418160372
 46
-1.347038418160372
 79
     0
 98
        1
 10
-3289.182708090172
 20
-3106.727479005931
1001
GradientColor1ACI
1070
     5
1001
GradientColor2ACI
1070
     2
1001
ACAD
1010
0.0
1020
0.0
1030
0.0
  0
LWPOLYLINE
  5
A6
102
{ACAD_REACTORS
330
A5
102
}
330
73
100
AcDbEntity
  8
0
100
AcDbPolyline
 90
        7
 70
     1
 43
0.0
 10
-10.10169190913439
 20
-185.6618831526721
 10
-10.10169190913439
 20
-191.8618831526255
 10
-21.27997246943414
 20
-191.8618831526255
 10
-21.2749931467697
 20
-190.5581282142084
 10
-21.2749931467697
 20
-190.5581282142084
 10
-21.2749931467697
 20
-187.2519970139256
 10
-19.71814212948084
 20
-185.6646338613936
  0
HATCH
  5
A7
330
73
100
AcDbEntity
  8
0
100
AcDbHatch
 10
0.0
 20
0.0
 30
0.0
210
0.0
220
0.0
230
1.0
  2
ANSI34
 70
     0
 71
     1
 91
        1
 92
        1
 93
        6
 72
     1
 10
-10.10169190913439
 20
-178.4618831527185
 11
-10.10169190913439
 21
-172.2618831526488
 72
     1
 10
-10.10169190913439
 20
-172.2618831526488
 11
-21.27997246943414
 21
-172.2618831526488
 72
     1
 10
-21.27997246943414
 20
-172.2618831526488
 11
-21.2749931467697
 21
-173.5656380911823
 72
     1
 10
-21.2749931467697
 20
-173.5656380911823
 11
-21.2749931467697
 21
-176.8717692913487
 72
     1
 10
-21.2749931467697
 20
-176.8717692913487
 11
-19.71814212948084
 21
-178.459132443997
 72
     1
 10
-19.71814212948084
 20
-178.459132443997
 11
-10.10169190913439
 21
-178.4618831527185
 97
        1
330
A8
 75
     0
 76
     1
 52
89.99999999999998
 41
0.1
 77
     0
 78
     4
 53
134.9999999999999
 43
-3289.179325166158
 44
-3106.727479005931
 45
-1.347038418160372
 46
-1.347038418160372
 79
     0
 53
134.9999999999999
 43
-3289.179325166158
 44
-3106.278466005926
 45
-1.347038418160372
 46
-1.347038418160372
 79
     0
 53
134.9999999999999
 43
-3289.179325166158
 44
-3105.829453005921
 45
-1.347038418160372
 46
-1.347038418160372
 79
     0
 53
134.9999999999999
 43
-3289.179325166158
 44
-3105.380439005909
 45
-1.347038418160372
 46
-1.347038418160372
 79
     0
 98
        1
 10
-3289.182708090172
 20
2742.60371270054
1001
GradientColor1ACI
1070
     5
1001
GradientColor2ACI
1070
     2
1001
ACAD
1010
0.0
1020
0.0
1030
0.0
  0
LWPOLYLINE
  5
A8
102
{ACAD_REACTORS
330
A7
102
}
330
73
100
AcDbEntity
  8
0
100
AcDbPolyline
 90
        7
 70
     1
 43
0.0
 10
-10.10169190913439
 20
-178.4618831527185
 10
-10.10169190913439
 20
-172.2618831526488
 10
-21.27997246943414
 20
-172.2618831526488
 10
-21.2749931467697
 20
-173.5656380911823
 10
-21.2749931467697
 20
-173.5656380911823
 10
-21.2749931467697
 20
-176.8717692913487
 10
-19.71814212948084
 20
-178.459132443997
  0
LWPOLYLINE
  5
A9
330
73
100
AcDbEntity
  8
0
100
AcDbPolyline
 90
        4
 70
     1
 43
0.0
 10
-28.50206517521293
 20
-174.2618829861749
 10
-23.20131886471063
 20
-174.2618829861749
 10
-23.20131886471063
 20
-189.8618829861516
 10
-28.50206517521293
 20
-189.8618829861516
  0
INSERT
  5
AA
330
73
100
AcDbEntity
  8
0
100
AcDbBlockReference
  2
01.02.24
 10
4254.85203035362
 20
-2772.812348205713
 30
0.0
 41
-1.0
  0
LINE
  5
B5
330
73
100
AcDbEntity
  8
0
370
    -2
100
AcDbLine
 10
-24.70168670453131
 20
-149.9999967336189
 30
0.0
 11
-69.2558980807662
 21
-149.9999967336189
 31
0.0
  0
INSERT
  5
B6
330
73
100
AcDbEntity
  8
0
100
AcDbBlockReference
  2
4.8 x 38
 10
60.44212289247662
 20
-260.3081976555986
 30
0.0
 41
-1.0
  0
INSERT
  5
1B3
330
73
100
AcDbEntity
  8
profiller
370
    -2
100
AcDbBlockReference
  2
E50 M 10
 10
333.0121657559648
 20
-460.0325109979602
 30
0.0
 41
-1.0
  0
LINE
  5
1BD
330
73
100
AcDbEntity
  8
-0
  6
HIDDEN2
100
AcDbLine
 10
0.0
 20
0.0
 30
0.0
 11
0.0
 21
-240.0000070050591
 31
0.0
  0
LWPOLYLINE
  5
1C0
330
73
100
AcDbEntity
  8
KOMP-
100
AcDbPolyline
 90
        3
 70
     0
 43
0.0
 10
29.79955708421767
 20
-157.0
 10
9.799557084217667
 20
-157.0
 10
9.799557084217667
 20
-198.0618831526953
  0
LWPOLYLINE
  5
1C2
330
73
100
AcDbEntity
  8
ÇELİK KOSNTR.
100
AcDbPolyline
 90
        4
 70
     1
 43
0.0
 10
64.79955708421766
 20
-196.9999967336189
 10
34.79955708421768
 20
-196.9999967336189
 10
34.79955708421768
 20
-156.9999967336189
 10
64.79955708421766
 20
-156.9999967336189
  0
LWPOLYLINE
  5
1C4
330
73
100
AcDbEntity
  8
ÇELİK KOSNTR.
100
AcDbPolyline
 90
        4
 70
     1
 43
0.0
 10
63.29955708421767
 20
-195.4999967336189
 10
36.29955708421768
 20
-195.4999967336189
 10
36.29955708421768
 20
-158.4999967336189
 10
63.29955708421767
 20
-158.4999967336189
  0
LINE
  5
1C5
330
73
100
AcDbEntity
  8
KOMPOZIT
 62
    30
100
AcDbLine
 10
9.799557084217667
 20
-157.0
 30
0.0
 11
9.799557084217667
 21
-457.0
 31
0.0
  0
LINE
  5
1C6
330
73
100
AcDbEntity
  8
KOMPOZIT
 62
    30
100
AcDbLine
 10
32.79955708421768
 20
-157.0
 30
0.0
 11
32.79955708421768
 21
-457.0
 31
0.0
  0
LINE
  5
1C7
330
73
100
AcDbEntity
  8
ÇELİK KOSNTR.
100
AcDbLine
 10
34.79955708421768
 20
-157.0
 30
0.0
 11
34.79955708421768
 21
-457.0
 31
0.0
  0
LINE
  5
1C8
330
73
100
AcDbEntity
  8
KOMPOZIT
 62
    30
100
AcDbLine
 10
9.799557084217667
 20
-157.0
 30
0.0
 11
32.79955708421768
 21
-157.0
 31
0.0
  0
ENDBLK
  5
1C9
330
73
100
AcDbEntity
  8
0
100
AcDbBlockEnd
  0
ENDSEC
  0
SECTION
  2
ENTITIES
  0
INSERT
  5
72
330
2
100
AcDbEntity
  8
KOMPOZIT
100
AcDbBlockReference
  2
sagdikme
 10
-74294.50894765428
 20
3847.241128759327
 30
0.0
  0
ENDSEC
  0
SECTION
  2
OBJECTS
  0
DICTIONARY
  5
A
330
0
100
AcDbDictionary
281
     1
  3
ACAD_ASSOCPERSSUBENTMANAGER
350
1CF
  3
ACAD_COLOR
350
55
  3
ACAD_GROUP
350
4C
  3
ACAD_LAYOUT
350
17
  3
ACAD_MATERIAL
350
C
  3
ACAD_MLEADERSTYLE
350
58
  3
ACAD_MLINESTYLE
350
4D
  3
ACAD_PLOTSETTINGS
350
4E
  3
ACAD_PLOTSTYLENAME
350
9
  3
ACAD_SCALELIST
350
56
  3
ACAD_TABLESTYLE
350
57
  3
ACAD_VISUALSTYLE
350
2C
  3
ACDB_RECOMPOSE_DATA
350
1D7
  3
AcDbVariableDictionary
350
1D0
  0
DICTIONARY
  5
1F
330
1E
100
AcDbDictionary
280
     1
281
     1
  3
ACAD_LAYERSTATES
360
20
  0
DICTIONARY
  5
7
330
6
100
AcDbDictionary
280
     1
281
     1
  0
DICTIONARY
  5
8A
330
89
100
AcDbDictionary
280
     1
281
     1
  0
DICTIONARY
  5
1B9
330
1B8
100
AcDbDictionary
280
     1
281
     1
  0
DICTIONARY
  5
82
330
81
100
AcDbDictionary
280
     1
281
     1
  0
DICTIONARY
  5
3
330
2
100
AcDbDictionary
280
     1
281
     1
  3
ACAD_SORTENTS
360
1CE
  0
DICTIONARY
  5
3C
330
3B
100
AcDbDictionary
280
     1
281
     1
  3
ACAD_SORTENTS
360
1CB
  0
DICTIONARY
  5
45
330
44
100
AcDbDictionary
280
     1
281
     1
  3
ACAD_SORTENTS
360
1CA
  0
DICTIONARY
  5
98
330
97
100
AcDbDictionary
280
     1
281
     1
  3
ACAD_SORTENTS
360
1CC
  0
DICTIONARY
  5
AC
330
AB
100
AcDbDictionary
280
     1
281
     1
  3
ACAD_SORTENTS
360
1CD
  0
DICTIONARY
  5
B8
330
B7
100
AcDbDictionary
280
     1
281
     1
  0
ACDBASSOCPERSSUBENTMANAGER
  5
1CF
102
{ACAD_REACTORS
330
A
102
}
330
A
100
AcDbAssocPersSubentManager
 90
        2
 90
        3
 90
        0
 90
        2
 90
        1
 90
        0
 90
        1
 90
        1
 90
        0
 90
        0
290
     0
  0
DICTIONARY
  5
55
102
{ACAD_REACTORS
330
A
102
}
330
A
100
AcDbDictionary
281
     1
  0
DICTIONARY
  5
4C
102
{ACAD_REACTORS
330
A
102
}
330
A
100
AcDbDictionary
281
     1
  0
DICTIONARY
  5
17
102
{ACAD_REACTORS
330
A
102
}
330
A
100
AcDbDictionary
281
     1
  3
Layout1
350
1D
  3
Model
350
16
  0
DICTIONARY
  5
C
102
{ACAD_REACTORS
330
A
102
}
330
A
100
AcDbDictionary
281
     1
  3
ByBlock
350
52
  3
ByLayer
350
4F
  3
Global
350
B
  0
DICTIONARY
  5
58
102
{ACAD_REACTORS
330
A
102
}
330
A
100
AcDbDictionary
281
     1
  0
DICTIONARY
  5
4D
102
{ACAD_REACTORS
330
A
102
}
330
A
100
AcDbDictionary
281
     1
  3
Standard
350
5C
  0
DICTIONARY
  5
4E
102
{ACAD_REACTORS
330
A
102
}
330
A
100
AcDbDictionary
281
     1
  0
ACDBDICTIONARYWDFLT
  5
9
102
{ACAD_REACTORS
330
A
102
}
330
A
100
AcDbDictionary
281
     1
  3
Normal
350
8
100
AcDbDictionaryWithDefault
340
8
  0
DICTIONARY
  5
56
102
{ACAD_REACTORS
330
A
102
}
330
A
100
AcDbDictionary
281
     1
  3
A0
350
61
  3
A1
350
62
  3
A2
350
63
  3
A3
350
64
  3
A4
350
65
  3
A5
350
66
  3
A6
350
67
  3
A7
350
68
  3
A8
350
69
  3
A9
350
6A
  3
B0
350
6B
  3
B1
350
6C
  3
B2
350
6D
  3
B3
350
6E
  3
B4
350
6F
  3
B5
350
70
  3
B6
350
71
  0
DICTIONARY
  5
57
102
{ACAD_REACTORS
330
A
102
}
330
A
100
AcDbDictionary
281
     1
  3
Standard
350
5D
  0
DICTIONARY
  5
2C
102
{ACAD_REACTORS
330
A
102
}
330
A
100
AcDbDictionary
281
     1
  3
2dWireframe
350
2B
  3
Realistic
350
5F
  3
Wireframe
350
60
  0
XRECORD
  5
1D7
102
{ACAD_REACTORS
330
A
102
}
330
A
100
AcDbXrecord
280
     1
 90
        1
330
5D
  0
DICTIONARY
  5
1D0
102
{ACAD_REACTORS
330
A
102
}
330
A
100
AcDbDictionary
281
     1
  3
CANNOSCALE
350
1D5
  3
CMLEADERSTYLE
350
1D2
  3
CTABLESTYLE
350
1D1
  3
CVIEWDETAILSTYLE
350
1D3
  3
CVIEWSECTIONSTYLE
350
1D4
  0
DICTIONARY
  5
20
102
{ACAD_REACTORS
330
1F
102
}
330
1F
100
AcDbDictionary
281
     1
  0
SORTENTSTABLE
  5
1CE
102
{ACAD_REACTORS
330
3
102
}
330
3
100
AcDbSortentsTable
330
2
  0
SORTENTSTABLE
  5
1CB
102
{ACAD_REACTORS
330
3C
102
}
330
3C
100
AcDbSortentsTable
330
3B
  0
SORTENTSTABLE
  5
1CA
102
{ACAD_REACTORS
330
45
102
}
330
45
100
AcDbSortentsTable
330
44
  0
SORTENTSTABLE
  5
1CC
102
{ACAD_REACTORS
330
98
102
}
330
98
100
AcDbSortentsTable
330
97
331
9E
  5
9F
331
9F
  5
A0
331
A0
  5
9B
331
9B
  5
9D
331
9D
  5
9E
  0
SORTENTSTABLE
  5
1CD
102
{ACAD_REACTORS
330
AC
102
}
330
AC
100
AcDbSortentsTable
330
AB
331
AF
  5
B0
331
B0
  5
B1
331
B1
  5
B2
331
B2
  5
B3
331
B3
  5
AF
  0
LAYOUT
  5
1D
102
{ACAD_REACTORS
330
17
102
}
330
17
100
AcDbPlotSettings
  1

  2
Adobe PDF
  4
A4
  6

 40
3.174999952316283
 41
3.174999952316283
 42
3.175003051757812
 43
3.17498779296875
 44
209.9733276367186
 45
297.0318298339844
 46
0.0
 47
0.0
 48
0.0
 49
0.0
140
0.0
141
0.0
142
1.0
143
1.0
 70
   688
 72
     1
 73
     1
 74
     5
  7

 75
    16
147
1.0
 76
     0
 77
     2
 78
   300
148
0.0
149
0.0
100
AcDbLayout
  1
Layout1
 70
     1
 71
     1
 10
-3.17498779296875
 20
-3.174999952316283
 11
293.8568420410156
 21
206.7983276844024
 12
0.0
 22
0.0
 32
0.0
 14
29.06818420886992
 24
20.36233246326446
 34
0.0
 15
261.6136578798294
 25
183.2609921693802
 35
0.0
146
0.0
 13
0.0
 23
0.0
 33
0.0
 16
1.0
 26
0.0
 36
0.0
 17
0.0
 27
1.0
 37
0.0
 76
     0
330
1A
1001
ACAD_PSEXT
1000
Adobe PDF
1000
Adobe PDF Converter
1000
Documents\*.pdf
1000

1070
     0
  0
LAYOUT
  5
16
102
{ACAD_XDICTIONARY
360
18
102
}
102
{ACAD_REACTORS
330
17
102
}
330
17
100
AcDbPlotSettings
  1

  2
none_device
  4
ISO_A4_(210.00_x_297.00_MM)
  6

 40
7.5
 41
20.0
 42
7.5
 43
20.0
 44
210.0
 45
297.0
 46
11.54999923706054
 47
-13.65000009536743
 48
0.0
 49
0.0
140
0.0
141
0.0
142
1.0
143
8.704084754739808
 70
 11952
 72
     1
 73
     0
 74
     0
  7

 75
     0
147
0.1148885871608098
 76
     0
 77
     2
 78
   300
148
0.0
149
0.0
100
AcDbLayout
  1
Model
 70
     1
 71
     0
 10
0.0
 20
0.0
 11
12.0
 21
9.0
 12
0.0
 22
0.0
 32
0.0
 14
0.0
 24
0.0
 34
0.0
 15
0.0
 25
0.0
 35
0.0
146
0.0
 13
0.0
 23
0.0
 33
0.0
 16
1.0
 26
0.0
 36
0.0
 17
0.0
 27
1.0
 37
0.0
 76
     0
330
2
331
2A
1001
ACAD_PSEXT
1000
None
1000
None
1000
Not applicable
1000
The layout will not be plotted unless a new plotter configuration name is selected.
1070
     0
  0
MATERIAL
  5
52
102
{ACAD_XDICTIONARY
360
53
102
}
102
{ACAD_REACTORS
330
C
102
}
330
C
100
AcDbMaterial
  1
ByBlock
 94
       63
  0
MATERIAL
  5
4F
102
{ACAD_XDICTIONARY
360
50
102
}
102
{ACAD_REACTORS
330
C
102
}
330
C
100
AcDbMaterial
  1
ByLayer
 94
       63
  0
MATERIAL
  5
B
102
{ACAD_XDICTIONARY
360
D
102
}
102
{ACAD_REACTORS
330
C
102
}
330
C
100
AcDbMaterial
  1
Global
 43
0.0007999999797903
 43
0.0
 43
0.0
 43
0.0
 43
0.0
 43
0.0007999999797903
 43
0.0
 43
0.0
 43
0.0
 43
0.0
 43
1.0
 43
0.0
 43
0.0
 43
0.0
 43
0.0
 43
1.0
 49
0.0007999999797903
 49
0.0
 49
0.0
 49
0.0
 49
0.0
 49
0.0007999999797903
 49
0.0
 49
0.0
 49
0.0
 49
0.0
 49
1.0
 49
0.0
 49
0.0
 49
0.0
 49
0.0
 49
1.0
142
0.0007999999797903
142
0.0
142
0.0
142
0.0
142
0.0
142
0.0007999999797903
142
0.0
142
0.0
142
0.0
142
0.0
142
1.0
142
0.0
142
0.0
142
0.0
142
0.0
142
1.0
144
0.0007999999797903
144
0.0
144
0.0
144
0.0
144
0.0
144
0.0007999999797903
144
0.0
144
0.0
144
0.0
144
0.0
144
1.0
144
0.0
144
0.0
144
0.0
144
0.0
144
1.0
 94
       63
1001
ACAD
1070
    -1
1070
     3
1070
     0
1000

1071
        0
1070
     0
  0
MLINESTYLE
  5
5C
102
{ACAD_REACTORS
330
4D
102
}
330
4D
100
AcDbMlineStyle
  2
STANDARD
 70
     0
  3

 62
   256
 51
90.0
 52
90.0
 71
     2
 49
0.5
 62
   256
  6
BYLAYER
 49
-0.5
 62
   256
  6
BYLAYER
  0
ACDBPLACEHOLDER
  5
8
102
{ACAD_REACTORS
330
9
102
}
330
9
  0
SCALE
  5
61
102
{ACAD_REACTORS
330
56
102
}
330
56
100
AcDbScale
 70
     0
300
1:1
140
1.0
141
1.0
290
     1
  0
SCALE
  5
62
102
{ACAD_REACTORS
330
56
102
}
330
56
100
AcDbScale
 70
     0
300
1:2
140
1.0
141
2.0
290
     0
  0
SCALE
  5
63
102
{ACAD_REACTORS
330
56
102
}
330
56
100
AcDbScale
 70
     0
300
1:4
140
1.0
141
4.0
290
     0
  0
SCALE
  5
64
102
{ACAD_REACTORS
330
56
102
}
330
56
100
AcDbScale
 70
     0
300
1:5
140
1.0
141
5.0
290
     0
  0
SCALE
  5
65
102
{ACAD_REACTORS
330
56
102
}
330
56
100
AcDbScale
 70
     0
300
1:8
140
1.0
141
8.0
290
     0
  0
SCALE
  5
66
102
{ACAD_REACTORS
330
56
102
}
330
56
100
AcDbScale
 70
     0
300
1:10
140
1.0
141
10.0
290
     0
  0
SCALE
  5
67
102
{ACAD_REACTORS
330
56
102
}
330
56
100
AcDbScale
 70
     0
300
1:16
140
1.0
141
16.0
290
     0
  0
SCALE
  5
68
102
{ACAD_REACTORS
330
56
102
}
330
56
100
AcDbScale
 70
     0
300
1:20
140
1.0
141
20.0
290
     0
  0
SCALE
  5
69
102
{ACAD_REACTORS
330
56
102
}
330
56
100
AcDbScale
 70
     0
300
1:30
140
1.0
141
30.0
290
     0
  0
SCALE
  5
6A
102
{ACAD_REACTORS
330
56
102
}
330
56
100
AcDbScale
 70
     0
300
1:40
140
1.0
141
40.0
290
     0
  0
SCALE
  5
6B
102
{ACAD_REACTORS
330
56
102
}
330
56
100
AcDbScale
 70
     0
300
1:50
140
1.0
141
50.0
290
     0
  0
SCALE
  5
6C
102
{ACAD_REACTORS
330
56
102
}
330
56
100
AcDbScale
 70
     0
300
1:100
140
1.0
141
100.0
290
     0
  0
SCALE
  5
6D
102
{ACAD_REACTORS
330
56
102
}
330
56
100
AcDbScale
 70
     0
300
2:1
140
2.0
141
1.0
290
     0
  0
SCALE
  5
6E
102
{ACAD_REACTORS
330
56
102
}
330
56
100
AcDbScale
 70
     0
300
4:1
140
4.0
141
1.0
290
     0
  0
SCALE
  5
6F
102
{ACAD_REACTORS
330
56
102
}
330
56
100
AcDbScale
 70
     0
300
8:1
140
8.0
141
1.0
290
     0
  0
SCALE
  5
70
102
{ACAD_REACTORS
330
56
102
}
330
56
100
AcDbScale
 70
     0
300
10:1
140
10.0
141
1.0
290
     0
  0
SCALE
  5
71
102
{ACAD_REACTORS
330
56
102
}
330
56
100
AcDbScale
 70
     0
300
100:1
140
100.0
141
1.0
290
     0
  0
TABLESTYLE
  5
5D
102
{ACAD_XDICTIONARY
360
5E
102
}
102
{ACAD_REACTORS
330
57
102
}
330
57
100
AcDbTableStyle
280
     0
  3
Standard
 70
     0
 71
     0
 40
1.5
 41
1.5
280
     0
281
     0
  7
Standard
140
4.5
170
     2
 62
     0
 63
     7
283
     0
 90
      512
 91
        0
  1

274
    -2
284
     1
 64
     0
275
    -2
285
     1
 65
     0
276
    -2
286
     1
 66
     0
277
    -2
287
     1
 67
     0
278
    -2
288
     1
 68
     0
279
    -2
289
     1
 69
     0
  7
Standard
140
6.0
170
     5
 62
     0
 63
     7
283
     0
 90
      512
 91
        0
  1

274
    -2
284
     1
 64
     0
275
    -2
285
     1
 65
     0
276
    -2
286
     1
 66
     0
277
    -2
287
     1
 67
     0
278
    -2
288
     1
 68
     0
279
    -2
289
     1
 69
     0
  7
Standard
140
4.5
170
     5
 62
     0
 63
     7
283
     0
 90
      512
 91
        0
  1

274
    -2
284
     1
 64
     0
275
    -2
285
     1
 65
     0
276
    -2
286
     1
 66
     0
277
    -2
287
     1
 67
     0
278
    -2
288
     1
 68
     0
279
    -2
289
     1
 69
     0
  0
VISUALSTYLE
  5
2B
102
{ACAD_REACTORS
330
2C
102
}
330
2C
100
AcDbVisualStyle
  2
2dWireframe
 70
     4
177
     3
291
     0
 70
    58
 90
        0
176
     1
 90
        2
176
     1
 90
        1
176
     1
 90
        0
176
     1
 40
0.6
176
     1
 40
30.0
176
     1
 62
     7
420
 16777215
176
     1
 90
        1
176
     1
 90
        4
176
     1
 62
     7
176
     1
 62
   257
176
     1
 90
        1
176
     1
 90
        1
176
     1
 40
1.0
176
     1
 90
        0
176
     1
 62
   257
176
     1
 40
1.0
176
     1
 90
        1
176
     1
 90
        6
176
     1
 90
        2
176
     1
 62
     7
176
     1
 90
        5
176
     1
 90
        0
176
     1
 90
        0
176
     1
290
     0
176
     1
 90
        1
176
     1
 40
0.0
176
     1
 90
        0
176
     1
290
     1
176
     1
290
     1
176
     1
290
     0
176
     1
290
     0
176
     1
290
     0
176
     1
290
     0
176
     1
290
     0
176
     1
290
     0
176
     1
290
     0
176
     1
 90
       50
176
     1
 40
0.0
176
     1
 40
1.0
176
     1
 90
        0
176
     1
 62
    18
176
     1
 90
       50
176
     1
 90
        3
176
     1
 62
     5
420
      255
176
     1
290
     0
176
     1
 90
       50
176
     1
 90
       50
176
     1
 90
       50
176
     1
290
     0
176
     1
 90
       50
176
     1
 62
   256
176
     0
 40
1.0
176
     0
 90
        2
176
     1
  1
strokes_ogs.tif
176
     1
290
     0
176
     1
 40
1.0
176
     1
 40
1.0
176
     1
1001
ACAD
1000
AcDbSavedByObjectVersion
1070
     0
  0
VISUALSTYLE
  5
5F
102
{ACAD_REACTORS
330
2C
102
}
330
2C
100
AcDbVisualStyle
  2
Realistic
 70
     8
177
     3
291
     0
 70
    58
 90
        2
176
     1
 90
        2
176
     1
 90
        0
176
     1
 90
        2
176
     1
 40
0.6
176
     1
 40
30.0
176
     1
 62
     7
420
 16777215
176
     1
 90
        0
176
     1
 90
        0
176
     1
 62
     7
176
     1
 62
   257
176
     1
 90
        1
176
     1
 90
        1
176
     1
 40
1.0
176
     1
 90
        8
176
     1
 62
   257
176
     1
 40
1.0
176
     1
 90
        1
176
     1
 90
        6
176
     1
 90
        2
176
     1
 62
     7
176
     1
 90
        3
176
     1
 90
        0
176
     1
 90
        0
176
     1
290
     0
176
     1
 90
       13
176
     1
 40
0.0
176
     1
 90
        0
176
     1
290
     0
176
     1
290
     1
176
     1
290
     1
176
     1
290
     0
176
     1
290
     0
176
     1
290
     0
176
     1
290
     0
176
     1
290
     0
176
     1
290
     0
176
     1
 90
       50
176
     1
 40
0.0
176
     1
 40
1.0
176
     1
 90
        0
176
     1
 62
    18
176
     1
 90
       50
176
     1
 90
        3
176
     1
 62
     5
420
      255
176
     1
290
     0
176
     1
 90
       50
176
     1
 90
       50
176
     1
 90
       50
176
     1
290
     0
176
     1
 90
       50
176
     1
 62
   256
176
     0
 40
1.0
176
     0
 90
        2
176
     1
  1
strokes_ogs.tif
176
     1
290
     0
176
     1
 40
1.0
176
     1
 40
1.0
176
     1
1001
ACAD
1000
AcDbSavedByObjectVersion
1070
     0
  0
VISUALSTYLE
  5
60
102
{ACAD_REACTORS
330
2C
102
}
330
2C
100
AcDbVisualStyle
  2
Wireframe
 70
     5
177
     3
291
     0
 70
    58
 90
        0
176
     1
 90
        2
176
     1
 90
        0
176
     1
 90
        0
176
     1
 40
0.6
176
     1
 40
30.0
176
     1
 62
     7
420
 16777215
176
     1
 90
        1
176
     1
 90
        4
176
     1
 62
     7
176
     1
 62
   257
176
     1
 90
        1
176
     1
 90
        1
176
     1
 40
1.0
176
     1
 90
        0
176
     1
 62
   257
176
     1
 40
1.0
176
     1
 90
        1
176
     1
 90
        6
176
     1
 90
        2
176
     1
 62
     7
176
     1
 90
        3
176
     1
 90
        0
176
     1
 90
        0
176
     1
290
     0
176
     1
 90
        1
176
     1
 40
0.0
176
     1
 90
        0
176
     1
290
     0
176
     1
290
     1
176
     1
290
     1
176
     1
290
     0
176
     1
290
     0
176
     1
290
     0
176
     1
290
     0
176
     1
290
     0
176
     1
290
     0
176
     1
 90
       50
176
     1
 40
0.0
176
     1
 40
1.0
176
     1
 90
        0
176
     1
 62
    18
176
     1
 90
       50
176
     1
 90
        3
176
     1
 62
     5
420
      255
176
     1
290
     0
176
     1
 90
       50
176
     1
 90
       50
176
     1
 90
       50
176
     1
290
     0
176
     1
 90
       50
176
     1
 62
   256
176
     0
 40
1.0
176
     0
 90
        2
176
     1
  1
strokes_ogs.tif
176
     1
290
     0
176
     1
 40
1.0
176
     1
 40
1.0
176
     1
1001
ACAD
1000
AcDbSavedByObjectVersion
1070
     0
  0
DICTIONARYVAR
  5
1D5
102
{ACAD_REACTORS
330
1D0
102
}
330
1D0
100
DictionaryVariables
280
     0
  1
1:1
  0
DICTIONARYVAR
  5
1D2
102
{ACAD_REACTORS
330
1D0
102
}
330
1D0
100
DictionaryVariables
280
     0
  1
STANDARD
  0
DICTIONARYVAR
  5
1D1
102
{ACAD_REACTORS
330
1D0
102
}
330
1D0
100
DictionaryVariables
280
     0
  1
STANDARD
  0
DICTIONARYVAR
  5
1D3
102
{ACAD_REACTORS
330
1D0
102
}
330
1D0
100
DictionaryVariables
280
     0
  1

  0
DICTIONARYVAR
  5
1D4
102
{ACAD_REACTORS
330
1D0
102
}
330
1D0
100
DictionaryVariables
280
     0
  1

  0
DICTIONARY
  5
18
330
16
100
AcDbDictionary
280
     1
281
     1
  0
DICTIONARY
  5
53
330
52
100
AcDbDictionary
280
     1
281
     1
  3
FBXASSET
360
54
  0
DICTIONARY
  5
50
330
4F
100
AcDbDictionary
280
     1
281
     1
  3
FBXASSET
360
51
  0
DICTIONARY
  5
D
330
B
100
AcDbDictionary
280
     1
281
     1
  3
BUMPTILE
360
E
  3
DIFFUSETILE
360
F
  3
FBXASSET
360
10
  3
OPACITYTILE
360
11
  3
REFLECTIONTILE
360
12
  0
DICTIONARY
  5
5E
330
5D
100
AcDbDictionary
280
     1
281
     1
  3
ACAD_ROUNDTRIP_2008_TABLESTYLE_CELLSTYLEMAP
360
1D6
  0
XRECORD
  5
54
102
{ACAD_REACTORS
330
53
102
}
330
53
100
AcDbXrecord
280
     1
 70
     1
 90
429727718
  1
D62C5603-E3A1-4AEA-B7FB-FE5D8D0755AF
310
504B03040A0000080000CC70623B3DEE336E79000000790000001B0000006175746F6465736B2D64657369676E2D7061636B6167652E786D6C3C3F786D6C2076657273696F6E3D22312E302220656E636F64696E673D227574662D3822203F3E3C666F726D6174733E3C666F726D61743E687474703A2F2F736368656D612E
310
6175746F6465736B2E636F6D2F64657369676E2D7061636B6167652F323030393C2F666F726D61743E3C2F666F726D6174733E504B0304140006080800CC70623BD486FD9CA0000000F4000000130000005B436F6E74656E745F54797065735D2E786D6C7D8EC10E82300C865F65E91D8A1E8C310C0EEA1BF002731658846E
310
D98AC1B77784ABF1D8FE5FBFBF75BBCE937A534CCEB38643598122B6FEE978D0B0485F9C41B54DDD7D022595594E1A469170414C76A4D9A4D207E29CF43ECE46F218070CC6BECC4078ACAA135ACF422C856C0E68EA1BF5669944DDD7BCDE7B1F8E415D77AECB980613C2E4AC91FC167A2B244592486606FC29C8FD7F045B9A
310
EF7053A7E60B504B0304140006080800CC70623B853B8169EB0000007C01000008000000636F72652E786D6C8D90416EC3201045AF62CDB6C206821CC7C244919D9CA01740401C94182C03558F5F9C3852BBEB6A467FFE9B197D7EFC9E1EC5975982F5AE035262288C535E5B377690E21535501C055FBC8FBF6C503839990E
310
5619041F179FE64D52DE45E362569DD7661365082642A11EB9E920A89B99642953CC8E702F67A9EE7234257977194EC9EAE275C4EABCCF5EAD5940D4AC6F0E35A568B8F43562CD7046CD199FD07E60174276A7BE677B5EADB0E0D14EEFFB6A31321A0D82627C4084204C3F096B71DD52F6819B16635EADF63F509AF53FA164
310
5DDCD1EDDD17164090FCC8732078B56691CB33A85CD7DCC40F504B0304140006080800CC70623B55019EA25F0000007C00000007000000636E782E786D6C4DCB3B0E80201045D1AD90E915ED2CF8AC45050C11660C8261F98AB1B07AC9C97D42D718D865D3E909258CFD00CCE24AC6E326A164D74DC0B4128928FF32603847
310
2BA13128B1252AC747C6BAB984FC68F0B87FE8960A5C09FE86CFB69FBA01504B0304140006080800CC70623BDBABAAF470010000D40300000C0000006662782F636F72652E786D6CC553D16E823014FD95A6AF4B694182CC941A83FA05FB810A9511A125A5257EFE2E82712ECEB8A7F100CD39F7F69E734AF9FADC366850B6
310
AF8DCE7018308C942E4C59EB2AC3DE1D498AD15A706B8CFB56869196ADCAF00863C12B6B7C374385D14E6907A836A59A41D9F7CA615434B0C8705F7CAA5606D23BA8E84F41278B93AC54100640439DE0BDB320004D43C63716C7C399D30917DCFBBA9CD9BA8469F5B156168B24CED3F7248AC8769F27244EB73B92EED8862C
310
B7F13E0C179B3C8F979C8ECD82BBBABDAA2BAC924E9558448CBD9330242CFA08E3154B5651FCC6D215639C8EE5774DBE2B5F6CF2B5768B68963BB5F5588420E442FC700B1139D4CB01F450C1E918227C2E09DF070D8140C84E1E9AAB8F1340832A9CB13130A5F1376A908D57309505ECF2A0DF179C4E9D30F5B239B87E3823
310
7A79C6F31DE1A8A5AEC08474B03C7837EAE4938639B44E5932B833D2C6B6B279CDC613877FA26EE21F4A2A4C63EC7F29A2F301D1F9F7A0E37D145F504B0304140006080800CC70623B9C113CC27E0000009D0000000B0000006662782F636E782E786D6C4DCCDF0A83201C86E15B91DFB94BFB330DD428C8FB886521330DA7
310
6397BF1A1DECE883878F57749FCDA1B7892F1BBC047A23808C7F84D9FA55424E0BE6803A256208E9EF06C84F9B91703228B1C690F78B66B34CD9A5439DF5CF0BFBF65E35BCA1B8D6A5C6F540381E886698B5741C695F9503EBA150A2F8958E3DC3EA0B504B0304140006080800CC70623B7DF2F77C2A010000120200003100
310
00006662782F41393633353835312D344632462D344230382D423046372D3739314545314133324237412F636F72652E786D6C8D51DB8EC22014FC15C2939B0D2DB4B45643319AE817EC0F6041255A68B86CFCFC856D4D76DF7CE190393373060EDB3DC707F856CE6B6B7A480A0C81328395DA5C7B18C3057510EC3873D686
310
3F34088C18550F330C39BB3A1BA7051AAC09CA84841A2BD5020AEF55806078A44B0FFD7053A328440C89E1EFC52486BBB8AA8214A99D789CF9E05200300FC927E4FB4D5B375D43103D5527440FB843077C5AA3F5861C8F645F5787F59E95B390B318B55CE45AA638FAA2957BD7248B390B7A7CC51F9C124149C82B8C378810
310
84AB2F42B7B8DD56F413775B8C5999E9FF4471926F8AA236A1AE96B8B3CC434E5839373893369E1FAF30EA395917409EB7F26AF8801C171837A4A6AC9C89E9F9C9B1A58BA30FD6A5EF5DDDCF894B9AD9B6A59C957943A9FCAE2FD5BC4DFE03504B0304140006080800CC70623BAD7543B64E01000033030000300000006662
310
782F41393633353835312D344632462D344230382D423046372D3739314545314133324237412F636E782E786D6CD593CD6EC32010845F0571AD6CE3D48AD20813A9873E410FBD12D82434182C7EAAE6EDBB2424CD25871E7B41D6EC30B3FA84F9E67BB2E40B4234DE8DB46F1925E094D7C6ED479AD3AE5951B2113C789FEE
310
6C943839C1488B4C05DF079FE72A69D8C96C13AAD6B8631503449F83828872B949AC57D26200B826A308D316B4064D6E46FCDA41C05550DC9E483A00797BFD207EFB092A45DE9514C1BBD22178396BD39D891265658C238DEA00936C654E5E433CB65A26D9F6EDB5EBC14EBF49A45CB856E66048291F6939A9A81BB5C89177
310
38143CA680F4AA299D66A042CEB3354A2684DC9D8D178FE0D9B8B41CAAD720F880EE7EF93C0C18769E099ECC04D5A102C8049A8A05632F4DDF376CF1DE0F6BB65C2F8627B65A33C6BB62177CEBBDAD973006829F89F22E814B54F4BC2BE347F8AA8F681390B50FA73F804400B5F542E796F19FF974E7F78DB802FE05E20750
310
4B0304140006080800CC70623BE75B7789680500003C100000340000006662782F41393633353835312D344632462D344230382D423046372D3739314545314133324237412F6F626A656374732E786D6CAD575B8F9B3818FD2B887D06C22499CB8AA1CA655245D5B455A356FB305264C061D8018C6C3393D95FBFC7600890
310
A4CD5EF210B0B1BFEBF98E3F7B1FF6596ABC522E1296DF9BAE3D320D9A872C4AF2F8DE2CE5CEBA358D0FBEC719939D65A691938CDE9B6ADAF4BD98B3B2D05311DD91329583D9D5FC0F438434A7A611A644887B5384CF34233629258BA878B12322891DEFF6B66BD70BFB62634E8AE781D082709A4B588AF91C528CDA28B73F
310
1C998EEF39EABBEFA97FBD6A7C7E9553F9D3D79FE442923C3C523610337627CB87ABE99D359D4CC6D6E4FACAB5E6ABF9D2726FC6A3C5F56271377BB88362213924694B38DD99FE47C48627A1E7D49F5A8BB5E1A74C0A599ED3B0F21F1E56366B89112D681E218F0915D0D6F17AD41FBA2A369DCF6335D62ABBD39779D5DDD1
310
11D4D8DE3CBB96B2E04FB8202E41051754A1AA8E8F76B4C6DFE810B580B1547F4B84911149794252234D024EF8BBE963A95AE27B3D310A9D5C215C7960FAEE415ED75694C6AFB17BCACA5D99A60A9AA65F217B0BFC53292ACB92BF283FAD0D3621576592CB5BED907C2FA8E9DF794E35E97BEA31BED21FEB401ABB94C44839
310
DCACBF0E1C5DA8DA5B2F4DFFD32AD86F543D9E565E7056502E157C00AD2671CD534549AB752FCA9CDA00677A313F04E51B22FF19E57B300579E3C97EB29F682D92935CEC18CF901B7B54FD8C51F362B56FC72FE0B3C1EAE335EDCCBF5AEC39ADB17DC238973F804BA5E6F6BFE7AF1FB32E523BE9F3BD571418E3631DCA4D48
310
5250CF639223210A9446CA30052EDF057BD35F8329C1ECD84552BF0DC8D18BE7BCE23BFE6BD960AB4A7DE79923A103BEBD80F911CBAA2C60DB19B01CF164A5583B772EE6D3FFA56666CBCDA74DC97724A48F9A58967497E489C4D979006FD7A05E227A1EBDD0F737C623387A9C844D3709995625106D157315F8B8392CD4E0
310
A0B9A720C4BE9829CEF37EA1E13111214D53925356365ADA634861B52519DD27A00AEB808EAF0628E6F435519D446F45CF2C9CF5214F0A15B2F6D06B79DA3EE3CBF7F56780D2F4E7EF73A0F5E5B02A38D07DC852C6B7C1FBB6664213E0C39E3EBA7FF4E1AD23EA2829407C85E586727488B751B2DB9502BC7B228A3FD68B6E
310
A65A22397E690AA8D158D7E404EC8CDA235CC3B7D1898680131CEC2CDF2638C65196279577750F15884AEE19F94199155B92B13297978469D4F8D358DF0AEF7631E28DC8F0D9F437D5D39A83B2231A1D52D543813A824EF8D44BCFF2FA6A31BD1E8DAD87F1CCB526B3879935BF59CDADD5C37479BB1CDD4CA7B3556B516589
310
EF352754B706114D9C885EC9131DE6EFEB43D99AFE2391C2F958179413D7CFEF6B1B6DB1E7600F00DE6E5C67454A339A4BA2E0FBA85ED26F045D454F463DBFCE484C2F90F2E5E3666003662ED8F755951A7D1BECD5B30B550B2785C8E7320B7292A4838DDA71BBC863ED7613CAF659337A3354231D4FF4A182A54904C2898C
310
98B28C4AD0CE056CCF332A80986E571EE9DBC305BB5FEB7E509220A58D25CF042D712A806AC0AD0C657FDEF80D2D9CEAA2EE4D1C76F60BFE74219A06527D6F82DF6412526107381E55E353090704D085B52408A8913C4ED159D79BDA71BB4BC506F4831350EB6F975CD22D69BF7AC49B91A2C0A9DDA3D5CA36AD20FC478E37
310
E61844E2352865EBCB61A275A65283CAAA9DD27703B4102F5AF51EF5F573B75CBB5AD38BC845F7A49F82A0966A49C2E3EA5EA0ECD326CD965F1DB402C6FA8B51A4658C5C5E2EC9E214602E55810345408596591009A82E7E7FFACA19EEA299B14A0081A705CB3296EBC14CDF658DCD336EA6D1136881AAEB87B81AB9EE53D5
310
F5EB8BC8362082DA24122F98680A4E7930C01A0079749CEA14382A0783E5EBA5A10F8C098456A03D6A4AEB6BB881E2513747552A5DB22C7EDAF83BD5528081A365F7FF06504B0304140006080000CC70623B000000000000000000000000350000006662782F41393633353835312D344632462D344230382D423046372D37
310
39314545314133324237412F76657274696365732E62696E504B0304140006080800CC70623BF270F1330600000004000000360000006662782F41393633353835312D344632462D344230382D423046372D3739314545314133324237412F747269616E676C65732E62696E636660600000504B0304140006080000CC7062
310
3B000000000000000000000000370000006662782F41393633353835312D344632462D344230382D423046372D3739314545314133324237412F617474726962757465732E62696E504B0304140006080800CC70623B08DA0BD19000000041010000360000006662782F41393633353835312D344632462D344230382D4230
310
46372D3739314545314133324237412F6469726563746F72792E786D6C858F410AC3201045AF22B36F53E9A60B35CBEEBAE80D244E44489C6234F4F835464A48035D0DF398FF9F8AF63D0E6CC63039F212F8F9020C7D47C6792B21C5FE7403D62A1188E2E60C98D7234A5830286103A55745067B9D86B8A3CF9C7F90C11DE6
310
07FB144396D7B6A82D282E9A152AD114D5EF2CB866EEE831B8EEA07A7BB5A8D7D61A2BAAEB7FD5F70921FF497D00504B0304140006080800CC70623BEDD1DC58FD000000A00100003B0000006662782F41393633353835312D344632462D344230382D423046372D3739314545314133324237412F7265736F75726365732F
310
636F72652E786D6C8D504B6E833010BD0A9A6D65B00922041947112427E8052C33A156828DFCA97AFC9A40A576D7CDCCE87D344F8F9FBFE667F689CE6B6B3A6039850C8DB2A336530731DC4903D95970676DF82583CCC8193B5861107C72362E3BA4AC096842428D1D7107A5F7182053CF7474E0D507CE32973124857FE48B
310
540F3961CEF244279DE03EB81420DB9EAC1384436FA353E879B1B182C7A8C75DA3C7F453DF353A1075D537A7BA6464B8F535A99AE14A9A2BBD90E350DD183B5CFABE3AF262350B1EF4FC9351399401471025A527C218A1E53BAB5A5AB765F5469B96525EACF23FA6B88CFF34456DC2A1DCE36E360F82A5202F42F062ED2BAD
310
579969AFDD8A6F504B010214000A0000080000CC70623B3DEE336E79000000790000001B00000000000000000000000000000000006175746F6465736B2D64657369676E2D7061636B6167652E786D6C504B01021400140006080800CC70623BD486FD9CA0000000F40000001300000000000000000000000000B20000005B
310
436F6E74656E745F54797065735D2E786D6C504B01021400140006080800CC70623B853B8169EB0000007C010000080000000000000000000000000083010000636F72652E786D6C504B01021400140006080800CC70623B55019EA25F0000007C000000070000000000000000000000000094020000636E782E786D6C504B
310
01021400140006080800CC70623BDBABAAF470010000D40300000C00000000000000000000000000180300006662782F636F72652E786D6C504B01021400140006080800CC70623B9C113CC27E0000009D0000000B00000000000000000000000000B20400006662782F636E782E786D6C504B01021400140006080800CC70
310
623B7DF2F77C2A010000120200003100000000000000000000000000590500006662782F41393633353835312D344632462D344230382D423046372D3739314545314133324237412F636F72652E786D6C504B01021400140006080800CC70623BAD7543B64E010000330300003000000000000000000000000000D2060000
310
6662782F41393633353835312D344632462D344230382D423046372D3739314545314133324237412F636E782E786D6C504B01021400140006080800CC70623BE75B7789680500003C10000034000000000000000000000000006E0800006662782F41393633353835312D344632462D344230382D423046372D3739314545
310
314133324237412F6F626A656374732E786D6C504B01021400140006080000CC70623B0000000000000000000000003500000000000000000000000000280E00006662782F41393633353835312D344632462D344230382D423046372D3739314545314133324237412F76657274696365732E62696E504B01021400140006
310
080800CC70623BF270F133060000000400000036000000000000000000000000007B0E00006662782F41393633353835312D344632462D344230382D423046372D3739314545314133324237412F747269616E676C65732E62696E504B01021400140006080000CC70623B0000000000000000000000003700000000000000
310
000000000000D50E00006662782F41393633353835312D344632462D344230382D423046372D3739314545314133324237412F617474726962757465732E62696E504B01021400140006080800CC70623B08DA0BD1900000004101000036000000000000000000000000002A0F00006662782F41393633353835312D344632
310
462D344230382D423046372D3739314545314133324237412F6469726563746F72792E786D6C504B01021400140006080800CC70623BEDD1DC58FD000000A00100003B000000000000000000000000000E1000006662782F41393633353835312D344632462D344230382D423046372D3739314545314133324237412F7265
310
736F75726365732F636F72652E786D6C504B0506000000000E000E0080040000641100000000
  0
XRECORD
  5
51
102
{ACAD_REACTORS
330
50
102
}
330
50
100
AcDbXrecord
280
     1
 70
     1
 90
429727718
  1
30362254-06B7-45E0-A893-8CFA70E3D6BC
310
504B03040A0000080000CC70623B3DEE336E79000000790000001B0000006175746F6465736B2D64657369676E2D7061636B6167652E786D6C3C3F786D6C2076657273696F6E3D22312E302220656E636F64696E673D227574662D3822203F3E3C666F726D6174733E3C666F726D61743E687474703A2F2F736368656D612E
310
6175746F6465736B2E636F6D2F64657369676E2D7061636B6167652F323030393C2F666F726D61743E3C2F666F726D6174733E504B0304140006080800CC70623BD486FD9CA0000000F4000000130000005B436F6E74656E745F54797065735D2E786D6C7D8EC10E82300C865F65E91D8A1E8C310C0EEA1BF002731658846E
310
D98AC1B77784ABF1D8FE5FBFBF75BBCE937A534CCEB38643598122B6FEE978D0B0485F9C41B54DDD7D022595594E1A469170414C76A4D9A4D207E29CF43ECE46F218070CC6BECC4078ACAA135ACF422C856C0E68EA1BF5669944DDD7BCDE7B1F8E415D77AECB980613C2E4AC91FC167A2B244592486606FC29C8FD7F045B9A
310
EF7053A7E60B504B0304140006080800CC70623B1EC5D7A3EB0000007C01000008000000636F72652E786D6C8D90416EC3201045AF82665B6103C6756C6122AB4D4ED00B204C5C94182C03558F5F9C3852BBEB6A467FFE9B197D71FC9E6FE8CBACC17AD7032D0820E3B41FAD9B7A48F1820F808E52ACDEC75F36404ECDA687
310
4D0629A6D5A76597B477D1B89855E747B38B2A041301E95B6E7A08FAD3CCAA50296647B8168BD2573599823EBB0CA76447F43862C7BCCF5EAC59410E4DDD9C7973C2755553CCCFA4C603E3040F1565ED3B1FDE4E432BCA0D9622DAF9795FAF464533826484B498524CD807E51D79ED187F21878E10516EF63F505AC67F42C9
310
BA58B1FDDD071640D2FCC87D2045B96591CB3DA85CB7DCE40F504B0304140006080800CC70623B55019EA25F0000007C00000007000000636E782E786D6C4DCB3B0E80201045D1AD90E915ED2CF8AC45050C11660C8261F98AB1B07AC9C97D42D718D865D3E909258CFD00CCE24AC6E326A164D74DC0B4128928FF32603847
310
2BA13128B1252AC747C6BAB984FC68F0B87FE8960A5C09FE86CFB69FBA01504B0304140006080800CC70623B8C9102E971010000D40300000C0000006662782F636F72652E786D6CC5535B6E833010BC8AE5DF0A6C08340F1947A84D4ED00B38C6A128602363A31CBFCB234A53A551FA553EC09AD9F5CE8C31DB9E9B1AF5CA
310
7695D1198E428A91D2D214952E33ECDD315861B4E5CC1AE3BE9561A445A3323CC098B3D21ADFCE9034DA29ED00D5A6503328BA4E398C640D8B0C77F253352214DE4145770A5B214FA2546114020D759C75CE8200340D19DE981F0F6746269C33EFAB6266AB02A655C74A59CCF365BADC27CB5D902ED22848F6340DF238A141
310
BE88E2F57B92BFEDF23523433367AE6A2EEAA455C2A902F398D2751045018D3FA264435F3771F242571B4A1919CA6F9A7C5B3CD9E42BED16F12C776AEB308F40C848FC700B1139D4891EF410CEC810227CC6846F8386402064270EF5C5C709A05E49676C024C61FC95EA45ED154CA5211D1FF4FB8291A913A68E9B83EBBB33
310
E2A7673CDE118E5AE8124C0807CB8377834E366998436B950D7A7746DAD846D4CFD978E0F04FD455FC5D49D2D4C6FE9722321F10997F0F32DC47FE05504B0304140006080800CC70623BFFEA85907E0000009D0000000B0000006662782F636E782E786D6C4DCCD10A83201886E15B91FFDC95D95A811AB6F23E625948A6C3
310
E9D8E5AF46073BFAE0E1E365ED67B3E8ADC3CB78C7815C7240DA3DFC64DCC221C519D7805AC182F7F1EF06C88D9BE6703008B6049F9E274D7A1E938DBB5AE3D6131B2589BA0D3D965551E0B2EA732C9B9A624AAEB41E3A557677029960D9AFB4EF11165F504B0304140006080800CC70623B4FEEA4082C0100001202000031
310
0000006662782F39464131463745442D413632322D343644302D413938332D3331353338454246344243312F636F72652E786D6C8D515B6EC32010BC0AE2AB55850DD871ED0813254D72825EC00192A2C460F1A872FC42ED48ED5F7E00CDCECCCEB26C731F6FE05B39AFADE921293004CA082BB5B9F43086336A21D870E6AC
310
0D7F68109861543DCC30E4ECE26C9C164858139409093556AA051CBC570102714B8F1E7AF1A5C6A11862480C7F2DA6415C878B2A4891CA89C7990F2E050073937C42DE1DB7E4F87ED8A36D4329AA9B3D46DBAEAD504556557BD81DEBDD0761E52CE42C462D17B996298E3E6BE59E35C962CE821E1FF18553435012728A7187
310
0841987E927A8D9B35ADDF70BBC6989599FE4F1427F9A4286A132ABAC49D651EF234CD5CE04CDA78BA3DC2A8FB645D00B9DF8B57E215725C60BCA2A463E54C4CE327C7A65E1C7DB02E7DEFCBF594B864C5CA6CDBD49C957943E9FA5D5FBAF336F90F504B0304140006080800CC70623BAD7543B64E01000033030000300000
310
006662782F39464131463745442D413632322D343644302D413938332D3331353338454246344243312F636E782E786D6CD593CD6EC32010845F0571AD6CE3D48AD20813A9873E410FBD12D82434182C7EAAE6EDBB2424CD25871E7B41D6EC30B3FA84F9E67BB2E40B4234DE8DB46F1925E094D7C6ED479AD3AE5951B2113C
310
789FEE6C943839C1488B4C05DF079FE72A69D8C96C13AAD6B8631503449F83828872B949AC57D26200B826A308D316B4064D6E46FCDA41C05550DC9E483A00797BFD207EFB092A45DE9514C1BBD22178396BD39D891265658C238DEA00936C654E5E433CB65A26D9F6EDB5EBC14EBF49A45CB856E66048291F6939A9A81BB5
310
C8917738143CA680F4AA299D66A042CEB3354A2684DC9D8D178FE0D9B8B41CAAD720F880EE7EF93C0C18769E099ECC04D5A102C8049A8A05632F4DDF376CF1DE0F6BB65C2F8627B65A33C6BB62177CEBBDAD973006829F89F22E814B54F4BC2BE347F8AA8F681390B50FA73F804400B5F542E796F19FF974E7F78DB802FE05
310
E207504B0304140006080800CC70623B16AB87BA640500003C100000340000006662782F39464131463745442D413632322D343644302D413938332D3331353338454246344243312F6F626A656374732E786D6CAD575B6FA33818FD2B887DE6924B3BED8A326A92B68A663B534DD4D13E548A0C38942D60649B369D5FBFC7
310
600890A493BDE42160637FD7F31D7FF63E6FB3D478A55C242CBF3247B66B1A340F5994E4F19559CA8D75611A9F7D8F33263BCB4C232719BD32D5B4E97B316765A1A722BA21652A07B3B7B33F0D11D29C9A46981221AE4C113ED38CD8A4942CA2E2C58E882476BCD9DA23BB5ED8171B73523C0F841684D35CC252CCE79062D4
310
468DFA43D7747CCF51DF7D4FFDEB5593E3AB9CCA9FBEFE241792E4E19EB28198C968BAB8199F5D5A67D3E9C49A9E8F47D6EC76B6B0469F26EEFC7C3EBFBCBEB98462213924694B38DD98FE1D62C393D073EA4FADC5DAF04326852CCF6958F90F0F2B9BB5C48816348F90C7840A68EB78EDF68723159BCEE7891A6B95DDE9D3
310
BCEAEEE8086A6C6F9E5D4B59F0175C10A7A0820BAA5055C7473B5AE3CFDD452D602CD5DF12616444529E90D448938013FE6EFA58AA96F85E4F8C42275708571E98FE6827AF6B2B4AE3D7D83D64E5A64C53054DD3AF90BD06FEA9149565C94FCA0F6B834DC85599E4F2423B24DF0B6AFA979E534DFA9E7A4CC6FA631D486393
310
921829879BF5D781A373557BCB85E97FB90DB62B558F8795179C15944B051F40AB495CF35451D26A4727654E6D8033BD98EF82F21D91FF8AF2DD9982BCF1643BDD4EB516C9492E368C67C88DED563FC36D5EACF66DFF057C3658BDBFA69DF9578B3DA735B64F18C7F20770A9D45CFCF7FCF563D6456A277DBEF78A02637CA2
310
43B90A490AEAB94F72244481D24819A6C0E59B606BFA4B3025981DBB48EAB701D97BF19C577CC77F2D1B6C55A9EF3C732474C0B727303F625995056C3B02963D9EAC146BE78EC5FCEC7FA999EBC5EACBAAE41B12D27B4D2C0BBA49F244E2ECDC81B76B502F113D8F5EE8FB1BE3111CDD4FC2AA9B844CAB1288B68AB90A7CDC
310
1C166AB0D3DC5310625FCC14E779BFD0709F8890A629C9292B1B2DED31A4B0DA928CEE135085754027E3018A397D4D5427D15BD1330B677DC8934285AC3DF45A9EB68FF8F2B8FC0A509AFEECFD0FF2DE25CC6047F7214B195F07EFEB9A094D800F7BFAE8FED187B78EA8A3A400F115961BCAD1215E47C966530AF0EE8128FE
310
58CEBB996A8964FFA529A046635D9353B0336A8F700DDF46271A024E70B0B37C9DE01847591E54DED53D54202AB947E4076556AC49C6CA5C9E1226B7F1A7B1BE15DEED62C41B91E1B3E9AFAAA735036547343A925075041DF0A9979E893B391F8FCFA6967B3EFB644DCF6E5CEBFAE272625DCC6FAF3FB93793C5F90CE1EF57
310
407342756B10D1C489E8953CD1617E5CEECAD6F4EF8914CE5D5D504E5C3F1F9736DA62CFC11E00BCDDB8CC8A9466349744C1F75EBDA4DF09BA8A9E8C7A7E9991989E20E5DBDD6A6003664ED8F7A04A8DBE0DF6EAD9B9AA858342E47399053949D2C146EDB85DE4B176BB0965FBAC19BD19AA918E27FA50C1D22402E144464C
310
59462568E704B6E71915404CB72B8FF4EDE184DDAF753F284990D2C6926782963815403548A70C657FDEF80D2D9CEAA2AE4C1C76F60BFE74219A06527D6582DF6412526107381E55E353090704D085B52408D0933C4ED159D79BDA71BB4BC506F4831350EB6F979CD22D69BF7AC49B91A2C0A9DDA3D5CA36AD20FC478E37E6
310
1844E2352865EBCB6EA275A652E3836BE04EFB400BF1A2556F515F1FBB35B2AB35BD889C744FFA1004B5544B121E57F70215746DD2F5E2C1412B602CBF19455AC6C8E5E9922C4E01E65215385004546899059180EAFCF7A707CE7017CD8CDB0410789AB32C63B91E5CEBBBACB17AC6CD347A022D5075FD106377347AAABA7E
310
7D11590744509B44E205134DC1290F06580320F78E537D3D73540E06CB970B431F185308AD40BBD794D6D77003C5A36E8EAA54BA64597CD8F83BD552A080A365F7FF06504B0304140006080000CC70623B000000000000000000000000350000006662782F39464131463745442D413632322D343644302D413938332D3331
310
353338454246344243312F76657274696365732E62696E504B0304140006080800CC70623BF270F1330600000004000000360000006662782F39464131463745442D413632322D343644302D413938332D3331353338454246344243312F747269616E676C65732E62696E636660600000504B0304140006080000CC70623B
310
000000000000000000000000370000006662782F39464131463745442D413632322D343644302D413938332D3331353338454246344243312F617474726962757465732E62696E504B0304140006080800CC70623B08DA0BD19000000041010000360000006662782F39464131463745442D413632322D343644302D413938
310
332D3331353338454246344243312F6469726563746F72792E786D6C858F410AC3201045AF22B36F53E9A60B35CBEEBAE80D244E44489C6234F4F835464A48035D0DF398FF9F8AF63D0E6CC63039F212F8F9020C7D47C6792B21C5FE7403D62A1188E2E60C98D7234A5830286103A55745067B9D86B8A3CF9C7F90C11DE607
310
FB144396D7B6A82D282E9A152AD114D5EF2CB866EEE831B8EEA07A7BB5A8D7D61A2BAAEB7FD5F70921FF497D00504B0304140006080800CC70623B0D6EF93BFE000000A00100003B0000006662782F39464131463745442D413632322D343644302D413938332D3331353338454246344243312F7265736F75726365732F63
310
6F72652E786D6C8D50596E833010BD0A9ADFCA60B334011947A8694ED00B586642AC041B79A97AFC9A40A5F6AF3F33A3B7689E1E3F7DCD8FEC139DD7D6F4C0720A191A65476DA61E62B892236427C19DB5E1970C322367EC618541F0C9D9B8EC90B226A009093576C41D94DE63804C3DD2D18357379C652E63480A7FCF17A9
310
EE72C29CE5894E3AC17D702940B63D59270887DE46A7D0F36263058F518FBB468FE9A7BE6A7420864373B8D4873369AA8691FA421B3294352543C5CAF65C0F6FEF43CB8BD52C78D0F34F46E550061C419494B6843142CB0F5677F4B52BEB177AEC28E5C52AFF638ACBF84F53D42654E51E77B379102C05791282176B5F693D
310
CB4C7BED567C03504B010214000A0000080000CC70623B3DEE336E79000000790000001B00000000000000000000000000000000006175746F6465736B2D64657369676E2D7061636B6167652E786D6C504B01021400140006080800CC70623BD486FD9CA0000000F40000001300000000000000000000000000B20000005B
310
436F6E74656E745F54797065735D2E786D6C504B01021400140006080800CC70623B1EC5D7A3EB0000007C010000080000000000000000000000000083010000636F72652E786D6C504B01021400140006080800CC70623B55019EA25F0000007C000000070000000000000000000000000094020000636E782E786D6C504B
310
01021400140006080800CC70623B8C9102E971010000D40300000C00000000000000000000000000180300006662782F636F72652E786D6C504B01021400140006080800CC70623BFFEA85907E0000009D0000000B00000000000000000000000000B30400006662782F636E782E786D6C504B01021400140006080800CC70
310
623B4FEEA4082C0100001202000031000000000000000000000000005A0500006662782F39464131463745442D413632322D343644302D413938332D3331353338454246344243312F636F72652E786D6C504B01021400140006080800CC70623BAD7543B64E010000330300003000000000000000000000000000D5060000
310
6662782F39464131463745442D413632322D343644302D413938332D3331353338454246344243312F636E782E786D6C504B01021400140006080800CC70623B16AB87BA640500003C1000003400000000000000000000000000710800006662782F39464131463745442D413632322D343644302D413938332D3331353338
310
454246344243312F6F626A656374732E786D6C504B01021400140006080000CC70623B0000000000000000000000003500000000000000000000000000270E00006662782F39464131463745442D413632322D343644302D413938332D3331353338454246344243312F76657274696365732E62696E504B01021400140006
310
080800CC70623BF270F133060000000400000036000000000000000000000000007A0E00006662782F39464131463745442D413632322D343644302D413938332D3331353338454246344243312F747269616E676C65732E62696E504B01021400140006080000CC70623B0000000000000000000000003700000000000000
310
000000000000D40E00006662782F39464131463745442D413632322D343644302D413938332D3331353338454246344243312F617474726962757465732E62696E504B01021400140006080800CC70623B08DA0BD190000000410100003600000000000000000000000000290F00006662782F39464131463745442D413632
310
322D343644302D413938332D3331353338454246344243312F6469726563746F72792E786D6C504B01021400140006080800CC70623B0D6EF93BFE000000A00100003B000000000000000000000000000D1000006662782F39464131463745442D413632322D343644302D413938332D3331353338454246344243312F7265
310
736F75726365732F636F72652E786D6C504B0506000000000E000E0080040000641100000000
  0
XRECORD
  5
E
102
{ACAD_REACTORS
330
D
102
}
330
D
100
AcDbXrecord
280
     1
270
     1
271
     1
  0
XRECORD
  5
F
102
{ACAD_REACTORS
330
D
102
}
330
D
100
AcDbXrecord
280
     1
270
     1
271
     1
  0
XRECORD
  5
10
102
{ACAD_REACTORS
330
D
102
}
330
D
100
AcDbXrecord
280
     1
 70
     0
 90
1673772943
  1
ECE7A1D2-D628-4531-984C-D00F80459256
310
504B03040A0000080000CC70623B3DEE336E79000000790000001B0000006175746F6465736B2D64657369676E2D7061636B6167652E786D6C3C3F786D6C2076657273696F6E3D22312E302220656E636F64696E673D227574662D3822203F3E3C666F726D6174733E3C666F726D61743E687474703A2F2F736368656D612E
310
6175746F6465736B2E636F6D2F64657369676E2D7061636B6167652F323030393C2F666F726D61743E3C2F666F726D6174733E504B0304140006080800CC70623BD486FD9CA0000000F4000000130000005B436F6E74656E745F54797065735D2E786D6C7D8EC10E82300C865F65E91D8A1E8C310C0EEA1BF002731658846E
310
D98AC1B77784ABF1D8FE5FBFBF75BBCE937A534CCEB38643598122B6FEE978D0B0485F9C41B54DDD7D022595594E1A469170414C76A4D9A4D207E29CF43ECE46F218070CC6BECC4078ACAA135ACF422C856C0E68EA1BF5669944DDD7BCDE7B1F8E415D77AECB980613C2E4AC91FC167A2B244592486606FC29C8FD7F045B9A
310
EF7053A7E60B504B0304140006080800CC70623BD9DDAED0EC0000007C01000008000000636F72652E786D6C8D90416EC3201045AF82665B61836D9CD8C2444DD39CA01740405C94182C03558F5F9C3852BBEB6A467FFE9B197D7EF89E6EE8CB2CC17A37002D0820E394D7D68D03A478C17B4007C117EFE32F1B20272733C0
310
2A83E0E3E2D3BC49CABB685CCCAAF3DA6CA20CC14440EA969B0182FA34932C648AD911AEC52CD5558EA6A0CF2EC329598D1E47ACCEFBECC59A050463A7EA5833865FEBDD0E37353BE3EE8DBDE3F6786A48D375FBF6CC78B9C282473B3DEFABC5C86834888A900E538A49F5419B9EB47DD5BC907D4F082F57FB1F28CDFA9F50
310
B22ED6D5F6EE030B20687EE43E10BC5CB3C8E51E54AE6B6EE207504B0304140006080800CC70623B55019EA25F0000007C00000007000000636E782E786D6C4DCB3B0E80201045D1AD90E915ED2CF8AC45050C11660C8261F98AB1B07AC9C97D42D718D865D3E909258CFD00CCE24AC6E326A164D74DC0B4128928FF326038
310
472BA13128B1252AC747C6BAB984FC68F0B87FE8960A5C09FE86CFB69FBA01504B0304140006080800CC70623BA24EB22D72010000D40300000C0000006662782F636F72652E786D6CC5535B6E833010BC8AE5DF0A6C5E49888CA3A6694ED00B38E05014B091B1518EDFE511A5A9D228FD2A1F60CDEC7A67C6986DCE4D8D7A
310
69BA4AAB0C073EC548AA5C17952A33ECECD15B61B4E1CC686DBF9561A44423333CC098B3D268D7CE50AE9595CA02AA74216750749DB418E5352C32DCE59FB211BE70162ABA93DF8AFC244AE9073ED050C759670D0840D390E18DF9F1706664C23973AE2A66B62A605A75ACA4C13C4976E1364A12EF355A2EBD384AF65EFA96
310
BC7B8BED2EA6719AAE16FB8491A199335B351775B991C2CA02F390D2D40B028F861F41BCA68B7518BFD0D59A524686F29B26D7164F36B94AD9289CE54E6D1DE6010819891F6E21228B3AD1831EC219194284CF98F06DD01008846CC5A1BEF83801D4CBDC6A1303536877A57A513B0953A94FC707FDBE6064EA84A9E3E6E0FA
310
EE8CF0E9198F7784A316AA0413C2C2F2E0ECA0934D1AE6D05A69BCDE9E91D2A611F573361E38FC1375157F5752AE6B6DFE4B11990F88CCBF0719EE23FF02504B0304140006080800CC70623B408A7D3B7C0000009D0000000B0000006662782F636E782E786D6C4DCCD10A83201886E15B91FFDC552A92A0064DBC8F581632
310
D3703A76F9ABD1C18E3E78F878E5F0D9027ABBFCF2292AE86E2D20171F69F6715550CB827B40839639A5F2770314A7CD293819B45C73AAFB45B35BA61ACAA1C1C7E7855C58C15BC331339661262CC762340413D68D77DA5B42298546CBE6573AF60CEB2F504B0304140006080800CC70623B449FB9BD290100001202000031
310
0000006662782F36394639363044362D344446342D343946362D394244322D3234314243333846323333332F636F72652E786D6C8D515B6EC32010BC0AE22B55850D98B871848994463E412FE002495162B07854397EA176A4F62F3F2C9A9D991D587EB84F37F0AD7D30CEF6905418026DA553C65E7A98E219ED203808EE9D
310
8B7F6810D871D23D2C3014FCE25D9A57483A1BB58D19B54EE9151C43D0110279CB971E06F9A5A7B11A53CC8C70ADE6515EC78BAE4895DB992778883E0700CB907242D17643D7E2538BD869608875438BBAE38922CAC8F1BDD90DB4691A5E2F42C153326A951B95E398B3D1FE599322163C9AE9115F7A3D46ADA0A018778810
310
84E907617BDCEE297BC5BB3DC6BC2EF47FA234AB2745C9D8D8D035EE220B50105E2F0DC1954B9FB747187D9F9D8FA0CCDB042D5FA0C015C65B42DF78BD10F3F3B363CB56C7109DCFDFBBB97E662ED92EB62D13BC2E1BCAE5777DB9966D8A1F504B0304140006080800CC70623BAD7543B64E01000033030000300000006662
310
782F36394639363044362D344446342D343946362D394244322D3234314243333846323333332F636E782E786D6CD593CD6EC32010845F0571AD6CE3D48AD20813A9873E410FBD12D82434182C7EAAE6EDBB2424CD25871E7B41D6EC30B3FA84F9E67BB2E40B4234DE8DB46F1925E094D7C6ED479AD3AE5951B2113C789FEE
310
6C943839C1488B4C05DF079FE72A69D8C96C13AAD6B8631503449F83828872B949AC57D26200B826A308D316B4064D6E46FCDA41C05550DC9E483A00797BFD207EFB092A45DE9514C1BBD22178396BD39D891265658C238DEA00936C654E5E433CB65A26D9F6EDB5EBC14EBF49A45CB856E66048291F6939A9A81BB5C89177
310
38143CA680F4AA299D66A042CEB3354A2684DC9D8D178FE0D9B8B41CAAD720F880EE7EF93C0C18769E099ECC04D5A102C8049A8A05632F4DDF376CF1DE0F6BB65C2F8627B65A33C6BB62177CEBBDAD973006829F89F22E814B54F4BC2BE347F8AA8F681390B50FA73F804400B5F542E796F19FF974E7F78DB802FE05E20750
310
4B0304140006080800CC70623B8D05915C650500003B100000340000006662782F36394639363044362D344446342D343946362D394244322D3234314243333846323333332F6F626A656374732E786D6CAD575B6FA33814FE2B887D06429276DA1565D4266D158D3A339A6846FB502932E050B66023DB74D2FDF5FB190C01
310
9276B2973C046C8ECFF53B17071F77456EBD502133CEAE6CDF9DD81665314F32965ED995DA3A17B6F5310C04E7AA47665B8C14F4CAD6DB7618A48257A5D94AE89654B91AEDDEDDFC61C998326A5B714EA4BCB265FC440BE2924AF184CA6737218AB8E976E7FA6E4338649B0A523E8D98964450A6A029F619B8588D52FE7039
310
B1BD30F0F4F730D0FF866AF6369557DB33949F31A9088B0F848DD8CCFCF9F2767A76E99CCDE733677E3EF59D9BBB9BA5E37F984D16E78BC5E5F5ED25044B25C0C96822E8D60EEFE11B91C581D77CEA34368A1F5329E68CD1B8B61F16D63A1B8E092D294B10C78C4A48EB593D192E7DED9BDEE7995E1B91FDEDD3ACEA9FE831
310
6A756F9F7D4D79F4274C90A7A04248AA51D5F8C718DAE06FB2F75AC4796EBE65D22A88A22223B995679120E2D50E41AA49C260C046A35368846B0BECD0DFF3EBEB8AD4F835768F69B9ADF25C43D30E6B646F807FAA64AD59F61715C7A54127C4AACA98BA3006A9D792DAE165E0D59B61A01FB3A9F9D838D2DAE62445C86166
310
F37564E842E7DE6A69879FEEA2DD5AE7E371E1A5E025154AC307D06A03D73EB5978C58FFA4C8E9033066E0F3BD53BEC1F39F91BE7B55103791EDE6BBB991A2046172CB4581D8B893FA674DDA17A77B3B7C413D1B511FD2743BFF8A38F03A658705E3ADF8015C3A3417FF3D7E439FF591DA0B5F18BC20C1B8981957AE6392A3
310
F43C640C01D1A0B4728E2DD4F26DB4B3C3152A252A3B4E913CEC1C72F012782FF88EFF8637AA552DBEF76408E8A8DE9E50F9E1CB3A2DA0DB1B6039A893B56063DC5B3E3FFB5F72E67AB9FEB4AEC496C4F4C1149625DD662C53E89D7BF0F6151A046260D1337DFDC94502430F83B0EE07A130A224BCAD7DAE1D9FB6CD422FF6
310
920702629C4BB9AE79C12F243C6432A6794E18E5552BA56B431AAB5D91317302B2B071E86C3A42B1A02F999E24061403B5D0EB639195DA655DD3EBEAB4FB862DDF579F014AD0E73C22F99E28DA57FB98E75C6CA2D74D53086D600F4786E0FE3144B771A8A7B900F03594DB8A633CBC49B2EDB69228BB479CF863B5E807AAAB
310
23872F6DFEB4129B949CA33823F58830E86D65621E10047D9DB34D862E8EAC3C2ABC2F7B2C40D67CDFE01F5545B92105AF983AC54D93D69E56FB8E797F88913F898A9FEC705D3F9D1B54EC8426FB500D40A03BD0119B06E1B95DDC7EB8F6975367793EBD70E66733DFB9BC982F9CE564727731999F5D4ECFCE3B8D6A4DC2A0
310
6D50FD148437D110834A64C6CDDF57FBACB5C307A2A477DFE4939736CFEF2B175371E0E10CF0DD1D5C15654E0BCA14D1E87DD02FF93782A162C0A3D95F1524A52770F972BF1EE9809D13CE7DD599467F8ECE9ADD85CE85A34CD45355448C64F9E8A031DC2D596ACC6E5DD93D9B82DE2EF5CAF81363A8E47996A0DE24564A79
310
4115AACE09C55E14540231FDA13C319787134EBF34E3A022514E5B4D9E0826E25C02D5805B15ABE1BEF51B26383D445DD9E875EE33FE4C22DA16427D65A3BCA92CA6D28DD01DF5DC53330704308475351050232CCD31583787BA75774AFB06E5070DD0C8EF484E19968C5D83BA5B90B244D31E54D55A372320FE4786B7EA58
310
44E135AA5467CB7EA333A61683CC6A8C3257034C10CF46F40EF9F5BE59BE5BD30C3C72D235E95D10345C1D45445A5F0BB47E46A5EBE5570F9380B5FA629579952296A773720405982B9DE04011506178964401AA8BDF1FBF0A8EAB6861DD6580C0E38217056766716DAEB2D6FA0917D3E4116581EADB879C4E7CFFB11EFACD
310
3D641311495D92C8676CB409A72D18610D803CE8A626049E8EC1887CB5B44CC39883690DDA8399B4B9855B481E7D71D4A9D22F96E5BB73BF5793020C02137BF837504B0304140006080000CC70623B000000000000000000000000350000006662782F36394639363044362D344446342D343946362D394244322D32343142
310
43333846323333332F76657274696365732E62696E504B0304140006080800CC70623BF270F1330600000004000000360000006662782F36394639363044362D344446342D343946362D394244322D3234314243333846323333332F747269616E676C65732E62696E636660600000504B0304140006080000CC70623B0000
310
00000000000000000000370000006662782F36394639363044362D344446342D343946362D394244322D3234314243333846323333332F617474726962757465732E62696E504B0304140006080800CC70623B08DA0BD19000000041010000360000006662782F36394639363044362D344446342D343946362D394244322D
310
3234314243333846323333332F6469726563746F72792E786D6C858F410AC3201045AF22B36F53E9A60B35CBEEBAE80D244E44489C6234F4F835464A48035D0DF398FF9F8AF63D0E6CC63039F212F8F9020C7D47C6792B21C5FE7403D62A1188E2E60C98D7234A5830286103A55745067B9D86B8A3CF9C7F90C11DE607FB14
310
4396D7B6A82D282E9A152AD114D5EF2CB866EEE831B8EEA07A7BB5A8D7D61A2BAAEB7FD5F70921FF497D00504B0304140006080800CC70623BCA768048FE000000A00100003B0000006662782F36394639363044362D344446342D343946362D394244322D3234314243333846323333332F7265736F75726365732F636F72
310
652E786D6C8D50596E833010BD0A9ADFCA60D600328E9AA639412F609909B1126CE4A5EAF16B0295DABFFECC8CDEA2797AECF8353F924FB44E193D409E5248504B332A3D0D10FC95B4901C39B3C6F85F3248B49871801506CE266BC2B243D2688FDA47549B11775038871E12F988C7004EDE7016A9083E2ADC3D5D84BC8B09
310
D33C8D74D471E6BC8D0192EDC93A815B742658898E651BCB59086ADC356A8C3FD555A1055ED7E7E254D615792D0F075295F585746FF53B694EE78A565DD736979A65AB9933AFE69F8CD2A2F038022F28ED489E135A7CE4554F9BBEA85E68DB53CAB255FEC71496F19FA6A0B42F8B3DEE6673C0F318E4497096AD7DC5F52C33
310
EEB55BFE0D504B010214000A0000080000CC70623B3DEE336E79000000790000001B00000000000000000000000000000000006175746F6465736B2D64657369676E2D7061636B6167652E786D6C504B01021400140006080800CC70623BD486FD9CA0000000F40000001300000000000000000000000000B20000005B436F
310
6E74656E745F54797065735D2E786D6C504B01021400140006080800CC70623BD9DDAED0EC0000007C010000080000000000000000000000000083010000636F72652E786D6C504B01021400140006080800CC70623B55019EA25F0000007C000000070000000000000000000000000095020000636E782E786D6C504B0102
310
1400140006080800CC70623BA24EB22D72010000D40300000C00000000000000000000000000190300006662782F636F72652E786D6C504B01021400140006080800CC70623B408A7D3B7C0000009D0000000B00000000000000000000000000B50400006662782F636E782E786D6C504B01021400140006080800CC70623B
310
449FB9BD290100001202000031000000000000000000000000005A0500006662782F36394639363044362D344446342D343946362D394244322D3234314243333846323333332F636F72652E786D6C504B01021400140006080800CC70623BAD7543B64E010000330300003000000000000000000000000000D20600006662
310
782F36394639363044362D344446342D343946362D394244322D3234314243333846323333332F636E782E786D6C504B01021400140006080800CC70623B8D05915C650500003B10000034000000000000000000000000006E0800006662782F36394639363044362D344446342D343946362D394244322D32343142433338
310
46323333332F6F626A656374732E786D6C504B01021400140006080000CC70623B0000000000000000000000003500000000000000000000000000250E00006662782F36394639363044362D344446342D343946362D394244322D3234314243333846323333332F76657274696365732E62696E504B010214001400060808
310
00CC70623BF270F13306000000040000003600000000000000000000000000780E00006662782F36394639363044362D344446342D343946362D394244322D3234314243333846323333332F747269616E676C65732E62696E504B01021400140006080000CC70623B00000000000000000000000037000000000000000000
310
00000000D20E00006662782F36394639363044362D344446342D343946362D394244322D3234314243333846323333332F617474726962757465732E62696E504B01021400140006080800CC70623B08DA0BD190000000410100003600000000000000000000000000270F00006662782F36394639363044362D344446342D
310
343946362D394244322D3234314243333846323333332F6469726563746F72792E786D6C504B01021400140006080800CC70623BCA768048FE000000A00100003B000000000000000000000000000B1000006662782F36394639363044362D344446342D343946362D394244322D3234314243333846323333332F7265736F
310
75726365732F636F72652E786D6C504B0506000000000E000E0080040000621100000000
  0
XRECORD
  5
11
102
{ACAD_REACTORS
330
D
102
}
330
D
100
AcDbXrecord
280
     1
270
     1
271
     1
  0
XRECORD
  5
12
102
{ACAD_REACTORS
330
D
102
}
330
D
100
AcDbXrecord
280
     1
270
     1
271
     1
  0
CELLSTYLEMAP
  5
1D6
102
{ACAD_REACTORS
330
5E
102
}
330
5E
100
AcDbCellStyleMap
 90
        3
300
CELLSTYLE
  1
TABLEFORMAT_BEGIN
 90
        5
170
     1
 91
        0
 92
    32768
 62
   257
 93
        1
300
CONTENTFORMAT
  1
CONTENTFORMAT_BEGIN
 90
        0
 91
        0
 92
      512
 93
        0
300

 40
0.0
140
1.0
 94
        5
 62
     0
340
22
144
6.0
309
CONTENTFORMAT_END
171
     1
301
MARGIN
  1
CELLMARGIN_BEGIN
 40
1.5
 40
1.5
 40
1.5
 40
1.5
 40
0.18
 40
0.18
309
CELLMARGIN_END
 94
        6
 95
        1
302
GRIDFORMAT
  1
GRIDFORMAT_BEGIN
 90
        0
 91
        1
 62
     0
 92
       -2
340
25
 93
        0
 40
1.125
309
GRIDFORMAT_END
 95
        2
302
GRIDFORMAT
  1
GRIDFORMAT_BEGIN
 90
        0
 91
        1
 62
     0
 92
       -2
340
25
 93
        0
 40
1.125
309
GRIDFORMAT_END
 95
        4
302
GRIDFORMAT
  1
GRIDFORMAT_BEGIN
 90
        0
 91
        1
 62
     0
 92
       -2
340
25
 93
        0
 40
1.125
309
GRIDFORMAT_END
 95
        8
302
GRIDFORMAT
  1
GRIDFORMAT_BEGIN
 90
        0
 91
        1
 62
     0
 92
       -2
340
25
 93
        0
 40
1.125
309
GRIDFORMAT_END
 95
       16
302
GRIDFORMAT
  1
GRIDFORMAT_BEGIN
 90
        0
 91
        1
 62
     0
 92
       -2
340
25
 93
        0
 40
1.125
309
GRIDFORMAT_END
 95
       32
302
GRIDFORMAT
  1
GRIDFORMAT_BEGIN
 90
        0
 91
        1
 62
     0
 92
       -2
340
25
 93
        0
 40
1.125
309
GRIDFORMAT_END
309
TABLEFORMAT_END
  1
CELLSTYLE_BEGIN
 90
        1
 91
        1
300
_TITLE
309
CELLSTYLE_END
300
CELLSTYLE
  1
TABLEFORMAT_BEGIN
 90
        5
170
     1
 91
        0
 92
        0
 62
   257
 93
        1
300
CONTENTFORMAT
  1
CONTENTFORMAT_BEGIN
 90
        0
 91
        0
 92
      512
 93
        0
300

 40
0.0
140
1.0
 94
        5
 62
     0
340
22
144
4.5
309
CONTENTFORMAT_END
171
     1
301
MARGIN
  1
CELLMARGIN_BEGIN
 40
1.5
 40
1.5
 40
1.5
 40
1.5
 40
0.18
 40
0.18
309
CELLMARGIN_END
 94
        6
 95
        1
302
GRIDFORMAT
  1
GRIDFORMAT_BEGIN
 90
        0
 91
        1
 62
     0
 92
       -2
340
25
 93
        0
 40
1.125
309
GRIDFORMAT_END
 95
        2
302
GRIDFORMAT
  1
GRIDFORMAT_BEGIN
 90
        0
 91
        1
 62
     0
 92
       -2
340
25
 93
        0
 40
1.125
309
GRIDFORMAT_END
 95
        4
302
GRIDFORMAT
  1
GRIDFORMAT_BEGIN
 90
        0
 91
        1
 62
     0
 92
       -2
340
25
 93
        0
 40
1.125
309
GRIDFORMAT_END
 95
        8
302
GRIDFORMAT
  1
GRIDFORMAT_BEGIN
 90
        0
 91
        1
 62
     0
 92
       -2
340
25
 93
        0
 40
1.125
309
GRIDFORMAT_END
 95
       16
302
GRIDFORMAT
  1
GRIDFORMAT_BEGIN
 90
        0
 91
        1
 62
     0
 92
       -2
340
25
 93
        0
 40
1.125
309
GRIDFORMAT_END
 95
       32
302
GRIDFORMAT
  1
GRIDFORMAT_BEGIN
 90
        0
 91
        1
 62
     0
 92
       -2
340
25
 93
        0
 40
1.125
309
GRIDFORMAT_END
309
TABLEFORMAT_END
  1
CELLSTYLE_BEGIN
 90
        2
 91
        1
300
_HEADER
309
CELLSTYLE_END
300
CELLSTYLE
  1
TABLEFORMAT_BEGIN
 90
        5
170
     1
 91
        0
 92
        0
 62
   257
 93
        1
300
CONTENTFORMAT
  1
CONTENTFORMAT_BEGIN
 90
        0
 91
        0
 92
      512
 93
        0
300

 40
0.0
140
1.0
 94
        2
 62
     0
340
22
144
4.5
309
CONTENTFORMAT_END
171
     1
301
MARGIN
  1
CELLMARGIN_BEGIN
 40
1.5
 40
1.5
 40
1.5
 40
1.5
 40
0.18
 40
0.18
309
CELLMARGIN_END
 94
        6
 95
        1
302
GRIDFORMAT
  1
GRIDFORMAT_BEGIN
 90
        0
 91
        1
 62
     0
 92
       -2
340
25
 93
        0
 40
1.125
309
GRIDFORMAT_END
 95
        2
302
GRIDFORMAT
  1
GRIDFORMAT_BEGIN
 90
        0
 91
        1
 62
     0
 92
       -2
340
25
 93
        0
 40
1.125
309
GRIDFORMAT_END
 95
        4
302
GRIDFORMAT
  1
GRIDFORMAT_BEGIN
 90
        0
 91
        1
 62
     0
 92
       -2
340
25
 93
        0
 40
1.125
309
GRIDFORMAT_END
 95
        8
302
GRIDFORMAT
  1
GRIDFORMAT_BEGIN
 90
        0
 91
        1
 62
     0
 92
       -2
340
25
 93
        0
 40
1.125
309
GRIDFORMAT_END
 95
       16
302
GRIDFORMAT
  1
GRIDFORMAT_BEGIN
 90
        0
 91
        1
 62
     0
 92
       -2
340
25
 93
        0
 40
1.125
309
GRIDFORMAT_END
 95
       32
302
GRIDFORMAT
  1
GRIDFORMAT_BEGIN
 90
        0
 91
        1
 62
     0
 92
       -2
340
25
 93
        0
 40
1.125
309
GRIDFORMAT_END
309
TABLEFORMAT_END
  1
CELLSTYLE_BEGIN
 90
        3
 91
        2
300
_DATA
309
CELLSTYLE_END
  0
ENDSEC
  0
SECTION
  2
ACDSDATA
 70
     2
 71
     2
  0
ACDSSCHEMA
 90
        0
  1
AcDb_Thumbnail_Schema
  2
AcDbDs::ID
280
    10
 91
        8
  2
Thumbnail_Data
280
    15
 91
        0
101
ACDSRECORD
 95
        0
 90
        2
  2
AcDbDs::TreatedAsObjectData
280
     1
291
     1
101
ACDSRECORD
 95
        0
 90
        3
  2
AcDbDs::Legacy
280
     1
291
     1
101
ACDSRECORD
  1
AcDbDs::ID
 90
        4
  2
AcDs:Indexable
280
     1
291
     1
101
ACDSRECORD
  1
AcDbDs::ID
 90
        5
  2
AcDbDs::HandleAttribute
280
     7
282
     1
  0
ACDSSCHEMA
 90
        1
  1
AcDb3DSolid_ASM_Data
  2
AcDbDs::ID
280
    10
 91
        8
  2
ASM_Data
280
    15
 91
        0
101
ACDSRECORD
 95
        1
 90
        2
  2
AcDbDs::TreatedAsObjectData
280
     1
291
     1
101
ACDSRECORD
 95
        1
 90
        3
  2
AcDbDs::Legacy
280
     1
291
     1
101
ACDSRECORD
  1
AcDbDs::ID
 90
        4
  2
AcDs:Indexable
280
     1
291
     1
101
ACDSRECORD
  1
AcDbDs::ID
 90
        5
  2
AcDbDs::HandleAttribute
280
     7
282
     1
  0
ACDSSCHEMA
 90
        2
  1
AcDbDs::TreatedAsObjectDataSchema
  2
AcDbDs::TreatedAsObjectData
280
     1
 91
        0
  0
ACDSSCHEMA
 90
        3
  1
AcDbDs::LegacySchema
  2
AcDbDs::Legacy
280
     1
 91
        0
  0
ACDSSCHEMA
 90
        4
  1
AcDbDs::IndexedPropertySchema
  2
AcDs:Indexable
280
     1
 91
        0
  0
ACDSSCHEMA
 90
        5
  1
AcDbDs::HandleAttributeSchema
  2
AcDbDs::HandleAttribute
280
     7
 91
        1
284
     1
  0
ACDSRECORD
 90
        0
  2
AcDbDs::ID
280
    10
320
16
  2
Thumbnail_Data
280
    15
 94
     1836
310
89504E470D0A1A0A0000000D4948445200000100000000670803000000D82A6C0200000300504C5445FFFFFFFFFFFFFFFFFF0000000000000000000000000000000000000000000000000000330000660000990000CC0000FF0033000033330033660033990033CC0033FF0066000066330066660066990066CC0066FF0099
310
000099330099660099990099CC0099FF00CC0000CC3300CC6600CC9900CCCC00CCFF00FF0000FF3300FF6600FF9900FFCC00FFFF3300003300333300663300993300CC3300FF3333003333333333663333993333CC3333FF3366003366333366663366993366CC3366FF3399003399333399663399993399CC3399FF33CC00
310
33CC3333CC6633CC9933CCCC33CCFF33FF0033FF3333FF6633FF9933FFCC33FFFF6600006600336600666600996600CC6600FF6633006633336633666633996633CC6633FF6666006666336666666666996666CC6666FF6699006699336699666699996699CC6699FF66CC0066CC3366CC6666CC9966CCCC66CCFF66FF0066
310
FF3366FF6666FF9966FFCC66FFFF9900009900339900669900999900CC9900FF9933009933339933669933999933CC9933FF9966009966339966669966999966CC9966FF9999009999339999669999999999CC9999FF99CC0099CC3399CC6699CC9999CCCC99CCFF99FF0099FF3399FF6699FF9999FFCC99FFFFCC0000CC00
310
33CC0066CC0099CC00CCCC00FFCC3300CC3333CC3366CC3399CC33CCCC33FFCC6600CC6633CC6666CC6699CC66CCCC66FFCC9900CC9933CC9966CC9999CC99CCCC99FFCCCC00CCCC33CCCC66CCCC99CCCCCCCCCCFFCCFF00CCFF33CCFF66CCFF99CCFFCCCCFFFFFF0000FF0033FF0066FF0099FF00CCFF00FFFF3300FF3333
310
FF3366FF3399FF33CCFF33FFFF6600FF6633FF6666FF6699FF66CCFF66FFFF9900FF9933FF9966FF9999FF99CCFF99FFFFCC00FFCC33FFCC66FFCC99FFCCCCFFCCFFFFFF00FFFF33FFFF66FFFF99FFFFCCFFFFFF0000000D0D0D1A1A1A2828283535354343435050505D5D5D6B6B6B787878868686939393A1A1A1AEAEAEBB
310
BBBBC9C9C9D6D6D6E4E4E4F1F1F1FFFFFF000000000000000000000000000000000000000000000000000000000000AD4AB4E40000011B4944415478DAEDD8B10DC2301484616F60D12131004B64840CF13648C73EEC9249AEA6A507E38224988886C6F77F52A22454777A38869400000000000000007F92539A26D7F0C330
310
152A27CB028EC75CF3CBB480F359D2ACC8926701392BE25980ED02783848A125BF55D0FD25389CBE7CA01F9E7441B734CFAB07FBFA9F098DD2588EE779E5F5C8A800EB09781D650234D641A895F43901512DD7809D76D45FFCEDC56E01DD4D407C5E5BED88A271B759F4AE5DAF7FAD02EE5F0BE8AF8568DD3B6D847E29A0EF
310
09B8695EED83E35DC0C5A08012D7BE8075B64601EABC806815905CB6FEB1FD916F5840F32DB0F86A18166025CCF353405AFC0F108EF9DFB95DE3D7ECE11C1F000000000000000000000000000000000000F8BF075A5E97D1850EAF140000000049454E44AE4260824260820026C15A47440002501C00134091037E08F9E139
310
A0D0B20002AED947014222B49224382B80AA0E0849CE42006C25C8120129D2C1510E059000A036802B01370C26094E301600E4E5B0A56783BD27842C876F791E0F5F5E4603B85C04805D925C569E03CEAA44CBF62E00E505D07C97579FF28AE8EA007C7E7E3200D75A673962A062D01003C7DF42FD01F061902F17F3A1BCB9
310
698D0E6803408A8D7F078EA0250062DAA491F10ADA6221A0560F23424001206E6B8B1FA403C080D6D1EABC291848D91905D8D7E954749530121C86280356EB80C10014BFDC58A7E8E5E15439400010CF69B853079CCBFBCC6775B10940AE312B88934FE83A47811EFA42BBF7F73C1203468E3E78413104C081850129362C0B
310
6023352E36A47011287D4240AE320065AF0971AA1456124623776800ACBE0EB03D17507B3906C071D1DBE8CB03B8CA99A31B007A6E6A8803B07F60CF42F300303F1EE246086C55B5D749EFAB058FABED732D01E0B59607B0DA87A46C02504AA36D735D84C43AF5A794C5B953397D6AADCA4CAE8A807BB8B2D561F000A807E0
310
01B8A3280A6E050480B8B1021900BFB217A9007C089818B80B204D8103A86FAF965520F851C0942D06BEBD48107011B71C30FCAF12EDA30B11B5A4C107B4370D84CD1430E86D92110EF8A6169AE9F7988AE7498B200C6988EE3BF964110D77C093C103E8EDCDAEF9D75AF39A00BC8100C01CB0070D8039E09A020F81BD3107
310
A000440C740800001E029503E258FDC73918E3661D547CBB1C028DFE473A002E9A41C9004D07CCF2FAE52AEA80AAF7692B0270A097630E908550DC3CFFAD6C685C71B812C418413040F864DA821104006168EC120C0784A171139010E89001009CFEBB0820D6C9B0AF93377AEBDEEA969A4A53E49EFDE3B8BF07E6790B7F66
310
651FB7EAAA001D0470EBE40C16004D9B07E00178001E8007E00178001E8007E00178000EE81F503E2EA04532A6A00000000049454E44AE426082
  0
ACDSRECORD
 90
        1
  2
AcDbDs::ID
280
    10
320
AF
  2
ASM_Data
280
    15
 94
     8781
310
414349532042696E61727946696C652855000000000000020000000C00000007104175746F6465736B204175746F434144071341534D203231382E302E302E35313136204E540718547565205365702030382032313A30333A3033203230323606000000000000F03F068DEDB5A0F7C6B03E06BBBDD7D9DF7CDB3D0D096173
310
6D6865616465720CFFFFFFFF04FFFFFFFF070C3231382E302E302E35313136110D04626F64790CFFFFFFFF04FFFFFFFF0CFFFFFFFF0C020000000CFFFFFFFF0CFFFFFFFF110D046C756D700CFFFFFFFF04FFFFFFFF0CFFFFFFFF0CFFFFFFFF0C030000000C01000000110D057368656C6C0CFFFFFFFF04FFFFFFFF0CFFFFFF
310
FF0CFFFFFFFF0CFFFFFFFF0C040000000CFFFFFFFF0C02000000110D04666163650CFFFFFFFF04FFFFFFFF0CFFFFFFFF0CFFFFFFFF0C050000000C030000000CFFFFFFFF0C060000000B0A0B110D046C6F6F700CFFFFFFFF04FFFFFFFF0CFFFFFFFF0CFFFFFFFF0C070000000C04000000110E05706C616E650D0773757266
310
6163650CFFFFFFFF04FFFFFFFF0CFFFFFFFF13A2FFF316DEB2B040E21FC2C1A470A44000000000000000001400000000000000000000000000000000000000000000F03F14000000000000F03F0217C58C8969C4BC00000000000000000B0B0B0B0B110D06636F656467650CFFFFFFFF04FFFFFFFF0CFFFFFFFF0C08000000
310
0C090000000CFFFFFFFF0C0A0000000A0C0500000004000000000CFFFFFFFF110D06636F656467650CFFFFFFFF04FFFFFFFF0CFFFFFFFF0C0B0000000C070000000CFFFFFFFF0C0C0000000B0C0500000004000000000CFFFFFFFF110D06636F656467650CFFFFFFFF04FFFFFFFF0CFFFFFFFF0C070000000C0D0000000CFF
310
FFFFFF0C0E0000000A0C0500000004000000000CFFFFFFFF110D04656467650CFFFFFFFF04FFFFFFFF0CFFFFFFFF0C0F0000000600000000000000000C1000000006008099999999D93F0C070000000C110000000B0707756E6B6E6F776E110D06636F656467650CFFFFFFFF04FFFFFFFF0CFFFFFFFF0C120000000C080000
310
000CFFFFFFFF0C130000000A0C0500000004000000000CFFFFFFFF110D04656467650CFFFFFFFF04FFFFFFFF0CFFFFFFFF0C0F00000006182D4454FB21F9BF0C14000000060008FDC3E2E3EB3F0C080000000C150000000B0707756E6B6E6F776E110D06636F656467650CFFFFFFFF04FFFFFFFF0CFFFFFFFF0C090000000C
310
160000000CFFFFFFFF0C170000000A0C0500000004000000000CFFFFFFFF110D04656467650CFFFFFFFF04FFFFFFFF0CFFFFFFFF0C100000000600000000000000000C180000000600E467769799F93F0C090000000C190000000B0707756E6B6E6F776E110D067665727465780CFFFFFFFF04FFFFFFFF0CFFFFFFFF0C0A00
310
000004000000000C1A000000110D067665727465780CFFFFFFFF04FFFFFFFF0CFFFFFFFF0C0A00000004010000000C1B000000110E0873747261696768740D0563757276650CFFFFFFFF04FFFFFFFF0CFFFFFFFF1308665A7D44B5B040FE6DD71ED380A440000000000000000014000000000000F0BFA39831318D02743D00
310
000000000000000B0B110D06636F656467650CFFFFFFFF04FFFFFFFF0CFFFFFFFF0C1C0000000C0B0000000CFFFFFFFF0C1D0000000A0C0500000004000000000CFFFFFFFF110D04656467650CFFFFFFFF04FFFFFFFF0CFFFFFFFF0C1E0000000600000000000000000C140000000613484C503C5301400C0B0000000C1F00
310
00000B0707756E6B6E6F776E110D067665727465780CFFFFFFFF04FFFFFFFF0CFFFFFFFF0C1300000004010000000C20000000110E07656C6C697073650D0563757276650CFFFFFFFF04FFFFFFFF0CFFFFFFFF1308665A7D44B5B040CC3AA4EB9F81A440000000000000000014000000000000000000000000000000000000
310
00000000F03F1400A099999999D93FB049370A6E54B0BC000000000000000006000000000000F03F0B0B110D06636F656467650CFFFFFFFF04FFFFFFFF0CFFFFFFFF0C0D0000000C210000000CFFFFFFFF0C220000000B0C0500000004000000000CFFFFFFFF110D04656467650CFFFFFFFF04FFFFFFFF0CFFFFFFFF0C1800
310
00000600000000000000000C230000000600909499999905400C0D0000000C240000000B0707756E6B6E6F776E110D067665727465780CFFFFFFFF04FFFFFFFF0CFFFFFFFF0C0E00000004010000000C25000000110E0873747261696768740D0563757276650CFFFFFFFF04FFFFFFFF0CFFFFFFFF13A2FFF316DEB4B04000
310
6ED71ED380A4400000000000000000140217C58C8969C4BC000000000000F0BF00000000000000000B0B110D05706F696E740CFFFFFFFF04FFFFFFFF0CFFFFFFFF1308665A7D44B5B040FE6DD71ED380A4400000000000000000110D05706F696E740CFFFFFFFF04FFFFFFFF0CFFFFFFFF13A2FFF316DEB4B040006ED71ED3
310
80A4400000000000000000110D06636F656467650CFFFFFFFF04FFFFFFFF0CFFFFFFFF0C260000000C120000000CFFFFFFFF0C270000000B0C0500000004000000000CFFFFFFFF110D04656467650CFFFFFFFF04FFFFFFFF0CFFFFFFFF0C280000000600000000000000000C1E0000000600000000000000400C120000000C
310
290000000B0707756E6B6E6F776E110D067665727465780CFFFFFFFF04FFFFFFFF0CFFFFFFFF0C1D00000004010000000C2A000000110E0873747261696768740D0563757276650CFFFFFFFF04FFFFFFFF0CFFFFFFFF13A2FFF316DEB3B0406A074F520685A440000000000000000014FDEF1584A87DE83F04383B1B9898E4
310
BF00000000000000000B0B110D05706F696E740CFFFFFFFF04FFFFFFFF0CFFFFFFFF13FA89A76586B5B040F25474A93C82A4400000000000000000110D06636F656467650CFFFFFFFF04FFFFFFFF0CFFFFFFFF0C160000000C2B0000000CFFFFFFFF0C2C0000000A0C0500000004000000000CFFFFFFFF110D04656467650C
310
FFFFFFFF04FFFFFFFF0CFFFFFFFF0C2D0000000600000000000000000C2300000006182D4454FB21F93F0C160000000C2E0000000B0707756E6B6E6F776E110D067665727465780CFFFFFFFF04FFFFFFFF0CFFFFFFFF0C1700000004010000000C2F000000110E0873747261696768740D0563757276650CFFFFFFFF04FFFF
310
FFFF0CFFFFFFFF13A2FFF316DEB4B04003A1E8EB9F7DA440000000000000000014000000000000F03F8C62C6C4340A50BD00000000000000000B0B110D05706F696E740CFFFFFFFF04FFFFFFFF0CFFFFFFFF13A2FFF316DEB4B04003A1E8EB9F7DA4400000000000000000110D06636F656467650CFFFFFFFF04FFFFFFFF0C
310
FFFFFFFF0C300000000C1C0000000CFFFFFFFF0C310000000B0C0500000004000000000CFFFFFFFF110D04656467650CFFFFFFFF04FFFFFFFF0CFFFFFFFF0C280000000600000000000000000C320000000696474C503C5301400C1C0000000C330000000B0707756E6B6E6F776E110D067665727465780CFFFFFFFF04FFFF
310
FFFF0CFFFFFFFF0C2700000004000000000C34000000110E0873747261696768740D0563757276650CFFFFFFFF04FFFFFFFF0CFFFFFFFF13A2FFF316DEB1B0406A074F520685A440000000000000000014000000000000F03F0217C58C8969C4BC00000000000000000B0B110D05706F696E740CFFFFFFFF04FFFFFFFF0CFF
310
FFFFFF13A2FFF316DEB3B0406A074F520685A4400000000000000000110D06636F656467650CFFFFFFFF04FFFFFFFF0CFFFFFFFF0C210000000C350000000CFFFFFFFF0C360000000B0C0500000004000000000CFFFFFFFF110D04656467650CFFFFFFFF04FFFFFFFF0CFFFFFFFF0C2D0000000600000000000000000C3700
310
00000600323333333327400C210000000C380000000B0707756E6B6E6F776E110D067665727465780CFFFFFFFF04FFFFFFFF0CFFFFFFFF0C2200000004000000000C39000000110E07656C6C697073650D0563757276650CFFFFFFFF04FFFFFFFF0CFFFFFFFF133432274A91B7B04067074F52067DA4400000000000000000
310
1400000000000000000000000000000000000000000000F03F14005033333333D33F270D530FA57EA8BC000000000000000006000000000000F03F0B0B110D05706F696E740CFFFFFFFF04FFFFFFFF0CFFFFFFFF133432274A91B7B04002A1E8EB9F7DA4400000000000000000110D06636F656467650CFFFFFFFF04FFFFFF
310
FF0CFFFFFFFF0C3A0000000C260000000CFFFFFFFF0C3B0000000B0C0500000004000000000CFFFFFFFF110D04656467650CFFFFFFFF04FFFFFFFF0CFFFFFFFF0C3200000006E1E944A3022902400C3C00000006D221337F7CD912400C260000000C3D0000000B0707756E6B6E6F776E110D067665727465780CFFFFFFFF04
310
FFFFFFFF0CFFFFFFFF0C3100000004000000000C3E000000110E0873747261696768740D0563757276650CFFFFFFFF04FFFFFFFF0CFFFFFFFF13A2FFF316DEB1B0406A074F520685A44000000000000000001403F01584A87DE8BFFC373B1B9898E4BF00000000000000000B0B110D05706F696E740CFFFFFFFF04FFFFFFFF
310
0CFFFFFFFF13A2FFF316DEB1B0406A074F520685A4400000000000000000110D06636F656467650CFFFFFFFF04FFFFFFFF0CFFFFFFFF0C2B0000000C3F0000000CFFFFFFFF0C400000000A0C0500000004000000000CFFFFFFFF110D04656467650CFFFFFFFF04FFFFFFFF0CFFFFFFFF0C41000000066E124454FB21F9BF0C
310
37000000060040AAAAAAAA8ABD0C2B0000000C420000000B0707756E6B6E6F776E110D067665727465780CFFFFFFFF04FFFFFFFF0CFFFFFFFF0C2C00000004010000000C43000000110E0873747261696768740D0563757276650CFFFFFFFF04FFFFFFFF0CFFFFFFFF1302FFF316DEB7B04067074F52067DA4400000000000
310
000000140217C58C8969C4BC000000000000F0BF00000000000000000B0B110D05706F696E740CFFFFFFFF04FFFFFFFF0CFFFFFFFF1302FFF316DEB7B04067074F52067DA4400000000000000000110D06636F656467650CFFFFFFFF04FFFFFFFF0CFFFFFFFF0C440000000C300000000CFFFFFFFF0C450000000B0C050000
310
0004000000000CFFFFFFFF110D04656467650CFFFFFFFF04FFFFFFFF0CFFFFFFFF0C3C0000000600000000000000000C460000000600A099999999D93F0C300000000C470000000B0707756E6B6E6F776E110D067665727465780CFFFFFFFF04FFFFFFFF0CFFFFFFFF0C3B00000004000000000C48000000110E07656C6C69
310
7073650D0563757276650CFFFFFFFF04FFFFFFFF0CFFFFFFFF133C998DB077B0B040CC3AA4EB9F81A44000000000000000001400000000000000000000000000000000000000000000F03F1446A499999999D93F6A4C370A6E54B0BC000000000000000006000000000000F03F0B0B110D05706F696E740CFFFFFFFF04FFFF
310
FFFF0CFFFFFFFF134B7540C835B0B040F05474A93C82A4400000000000000000110D06636F656467650CFFFFFFFF04FFFFFFFF0CFFFFFFFF0C350000000C490000000CFFFFFFFF0C4A0000000A0C0500000004000000000CFFFFFFFF110D04656467650CFFFFFFFF04FFFFFFFF0CFFFFFFFF0C410000000600000000000060
310
BD0C4B000000060000204430D3F73F0C350000000C4C0000000B0707756E6B6E6F776E110D067665727465780CFFFFFFFF04FFFFFFFF0CFFFFFFFF0C3600000004000000000C4D000000110E07656C6C697073650D0563757276650CFFFFFFFF04FFFFFFFF0CFFFFFFFF133432274A91B7B04037D41B1FD365A44000000000
310
000000001400000000000000000000000000000000000000000000F03F14008033333333D33F634A530FA57EA8BC000000000000000006000000000000F03F0B0B110D05706F696E740CFFFFFFFF04FFFFFFFF0CFFFFFFFF1302FFF316DEB7B04035D41B1FD365A4400000000000000000110D06636F656467650CFFFFFFFF
310
04FFFFFFFF0CFFFFFFFF0C4E0000000C3A0000000CFFFFFFFF0C4F0000000A0C0500000004000000000CFFFFFFFF110D04656467650CFFFFFFFF04FFFFFFFF0CFFFFFFFF0C460000000600000000000000000C500000000600F467769799F93F0C3A0000000C510000000B0707756E6B6E6F776E110D067665727465780CFF
310
FFFFFF04FFFFFFFF0CFFFFFFFF0C4500000004000000000C52000000110E0873747261696768740D0563757276650CFFFFFFFF04FFFFFFFF0CFFFFFFFF133C998DB077B0B040006ED71ED380A440000000000000000014000000000000F03F0217C58C8969C4BC00000000000000000B0B110D05706F696E740CFFFFFFFF04
310
FFFFFFFF0CFFFFFFFF133C998DB077B0B040006ED71ED380A4400000000000000000110D06636F656467650CFFFFFFFF04FFFFFFFF0CFFFFFFFF0C3F0000000C530000000CFFFFFFFF0C540000000B0C0500000004000000000CFFFFFFFF110D04656467650CFFFFFFFF04FFFFFFFF0CFFFFFFFF0C4B0000000618ED4254FB
310
21F93F0C5500000006FEC207C608AC10400C3F0000000C560000000B0707756E6B6E6F776E110D067665727465780CFFFFFFFF04FFFFFFFF0CFFFFFFFF0C4000000004010000000C57000000110E0873747261696768740D0563757276650CFFFFFFFF04FFFFFFFF0CFFFFFFFF133432274A91B7B0409B3A82853965A44000
310
0000000000000014000000000000F0BF0217C58C8969C43C00000000000000000B0B110D05706F696E740CFFFFFFFF04FFFFFFFF0CFFFFFFFF133532274A91B7B0409B3A82853965A4400000000000000000110D06636F656467650CFFFFFFFF04FFFFFFFF0CFFFFFFFF0C580000000C440000000CFFFFFFFF0C590000000B
310
0C0500000004000000000CFFFFFFFF110D04656467650CFFFFFFFF04FFFFFFFF0CFFFFFFFF0C5A0000000600000000000000000C500000000600A09499999905400C440000000C5B0000000B0707756E6B6E6F776E110D067665727465780CFFFFFFFF04FFFFFFFF0CFFFFFFFF0C4F00000004010000000C5C000000110E08
310
73747261696768740D0563757276650CFFFFFFFF04FFFFFFFF0CFFFFFFFF13A3FFF316DEB0B040006ED71ED380A440000000000000000014463163621A0560BD000000000000F0BF00000000000000000B0B110D05706F696E740CFFFFFFFF04FFFFFFFF0CFFFFFFFF13A3FFF316DEB0B040006ED71ED380A4400000000000
310
000000110D06636F656467650CFFFFFFFF04FFFFFFFF0CFFFFFFFF0C490000000C5D0000000CFFFFFFFF0C5E0000000B0C0500000004000000000CFFFFFFFF110D04656467650CFFFFFFFF04FFFFFFFF0CFFFFFFFF0C5F00000006A88610B2A85DE33F0C5500000006F4A4986F2C6CF03F0C490000000C600000000B070775
310
6E6B6E6F776E110D067665727465780CFFFFFFFF04FFFFFFFF0CFFFFFFFF0C4A00000004010000000C61000000110E07656C6C697073650D0563757276650CFFFFFFFF04FFFFFFFF0CFFFFFFFF1330F0221714B6B04011D41B1FD364A44000000000000000001400000000000000000000000000000000000000000000F03F
310
1400C0A2999999C93FC91B3D0A6E54A0BC000000000000000006000000000000F03F0B0B110D05706F696E740CFFFFFFFF04FFFFFFFF0CFFFFFFFF1334F0221714B6B0409B3A82853965A4400000000000000000110D06636F656467650CFFFFFFFF04FFFFFFFF0CFFFFFFFF0C620000000C4E0000000CFFFFFFFF0C630000
310
000A0C0500000004000000000CFFFFFFFF110D04656467650CFFFFFFFF04FFFFFFFF0CFFFFFFFF0C5A00000006182D4454FB21F93F0C6400000006182D4454FB2109400C4E0000000C650000000B0707756E6B6E6F776E110D067665727465780CFFFFFFFF04FFFFFFFF0CFFFFFFFF0C5900000004000000000C6600000011
310
0E0873747261696768740D0563757276650CFFFFFFFF04FFFFFFFF0CFFFFFFFF130ECDC0E32AAEB04003A1E8EB9F7DA440000000000000000014000000000000F03F8C62C6C4340A50BD00000000000000000B0B110D05706F696E740CFFFFFFFF04FFFFFFFF0CFFFFFFFF13A2FFF316DEB0B04001A1E8EB9F7DA440000000
310
0000000000110D06636F656467650CFFFFFFFF04FFFFFFFF0CFFFFFFFF0C530000000C670000000CFFFFFFFF0C680000000A0C0500000004000000000CFFFFFFFF110D04656467650CFFFFFFFF04FFFFFFFF0CFFFFFFFF0C6900000006DC08C027914A04C00C5F000000066CB810B2A85DE33F0C530000000C6A0000000B07
310
07756E6B6E6F776E110D067665727465780CFFFFFFFF04FFFFFFFF0CFFFFFFFF0C5400000004000000000C6B000000110E07656C6C697073650D0563757276650CFFFFFFFF04FFFFFFFF0CFFFFFFFF13A0FFF316DEB2B0400407C698375AA44000000000000000001400000000000000000000000000000000000000000000
310
F03F140B04000000001840ABA727534E9EEEBC000000000000000006000000000000F03F0B0B110D05706F696E740CFFFFFFFF04FFFFFFFF0CFFFFFFFF133E640093F9B5B0407C5121867B64A4400000000000000000110D06636F656467650CFFFFFFFF04FFFFFFFF0CFFFFFFFF0C6C0000000C580000000CFFFFFFFF0C6D
310
0000000B0C0500000004000000000CFFFFFFFF110D04656467650CFFFFFFFF04FFFFFFFF0CFFFFFFFF0C6E0000000600000000000000000C640000000600333333333327400C580000000C6F0000000B0707756E6B6E6F776E110D067665727465780CFFFFFFFF04FFFFFFFF0CFFFFFFFF0C6300000004010000000C700000
310
00110E07656C6C697073650D0563757276650CFFFFFFFF04FFFFFFFF0CFFFFFFFF130ECDC0E32AAEB04069074F52067DA44000000000000000001400000000000000000000000000000000000000000000F03F14004033333333D33FBDF8520FA57EA8BC000000000000000006000000000000F03F0B0B110D05706F696E74
310
0CFFFFFFFF04FFFFFFFF0CFFFFFFFF130ECDC0E32AAEB04003A1E8EB9F7DA4400000000000000000110D06636F656467650CFFFFFFFF04FFFFFFFF0CFFFFFFFF0C5D0000000C710000000CFFFFFFFF0C720000000B0C0500000004000000000CFFFFFFFF110D04656467650CFFFFFFFF04FFFFFFFF0CFFFFFFFF0C69000000
310
064D8510B2A85DE33F0C7300000006260CC027914A04400C5D0000000C740000000B0707756E6B6E6F776E110D067665727465780CFFFFFFFF04FFFFFFFF0CFFFFFFFF0C5E00000004000000000C75000000110E07656C6C697073650D0563757276650CFFFFFFFF04FFFFFFFF0CFFFFFFFF13E2FAAB0664B7B040196391A7
310
7960A44000000000000000001400000000000000000000000000000000000000000000F03F147EFFFFFFFFFFDF3FAF16C58C8969B4BC000000000000000006000000000000F03F0B0B110D05706F696E740CFFFFFFFF04FFFFFFFF0CFFFFFFFF131786024BCDB7B0407A6BD24B0B61A4400000000000000000110D06636F65
310
6467650CFFFFFFFF04FFFFFFFF0CFFFFFFFF0C760000000C620000000CFFFFFFFF0C770000000A0C0500000004000000000CFFFFFFFF110D04656467650CFFFFFFFF04FFFFFFFF0CFFFFFFFF0C6E00000006182D4454FB2109C00C7800000006182D4454FB21F9BF0C620000000C790000000B0707756E6B6E6F776E110D06
310
7665727465780CFFFFFFFF04FFFFFFFF0CFFFFFFFF0C6D00000004000000000C7A000000110E0873747261696768740D0563757276650CFFFFFFFF04FFFFFFFF0CFFFFFFFF134200F416DEADB04036D41B1FD365A4400000000000000000140217C58C8969C43C000000000000F03F00000000000000000B0B110D05706F69
310
6E740CFFFFFFFF04FFFFFFFF0CFFFFFFFF134200F416DEADB04069074F52067DA4400000000000000000110D06636F656467650CFFFFFFFF04FFFFFFFF0CFFFFFFFF0C670000000C760000000CFFFFFFFF0C7B0000000B0C0500000004000000000CFFFFFFFF110D04656467650CFFFFFFFF04FFFFFFFF0CFFFFFFFF0C7C00
310
000006BA12C027914A04400C73000000069B1B023E46B616400C670000000C7D0000000B0707756E6B6E6F776E110D067665727465780CFFFFFFFF04FFFFFFFF0CFFFFFFFF0C6800000004010000000C7E000000110E07656C6C697073650D0563757276650CFFFFFFFF04FFFFFFFF0CFFFFFFFF13A2FFF316DEB2B0400507
310
C698375AA44000000000000000001400000000000000000000000000000000000000000000F03F14AEFFFFFFFFFF13405A5CF6EFEB83E9BC000000000000000006000000000000F03F0B0B110D05706F696E740CFFFFFFFF04FFFFFFFF0CFFFFFFFF13AE6F55C2FAB6B040BA5A5003E85FA4400000000000000000110D0663
310
6F656467650CFFFFFFFF04FFFFFFFF0CFFFFFFFF0C710000000C6C0000000CFFFFFFFF0C7F0000000A0C0500000004000000000CFFFFFFFF110D04656467650CFFFFFFFF04FFFFFFFF0CFFFFFFFF0C800000000600000000000000000C78000000060020204430D3F73F0C6C0000000C810000000B0707756E6B6E6F776E11
310
0D067665727465780CFFFFFFFF04FFFFFFFF0CFFFFFFFF0C7700000004010000000C82000000110E07656C6C697073650D0563757276650CFFFFFFFF04FFFFFFFF0CFFFFFFFF130ECDC0E32AAEB04036D41B1FD365A44000000000000000001400000000000000000000000000000000000000000000F03F14005033333333
310
D33F270D530FA57EA8BC000000000000000006000000000000F03F0B0B110D05706F696E740CFFFFFFFF04FFFFFFFF0CFFFFFFFF134200F416DEADB04036D41B1FD365A4400000000000000000110D04656467650CFFFFFFFF04FFFFFFFF0CFFFFFFFF0C8300000006D3DD771CE5EB00400C7C000000063310C027914A0440
310
0C710000000C840000000B0707756E6B6E6F776E110D067665727465780CFFFFFFFF04FFFFFFFF0CFFFFFFFF0C7200000004000000000C85000000110E07656C6C697073650D0563757276650CFFFFFFFF04FFFFFFFF0CFFFFFFFF1360043C2758AEB0401B6391A77960A44000000000000000001400000000000000000000
310
000000000000000000000000F03F1471FAFFFFFFFFDF3F7613C58C8969B4BC000000000000000006000000000000F03F0B0B110D05706F696E740CFFFFFFFF04FFFFFFFF0CFFFFFFFF13968F926BC1AEB040BB5A5003E85FA4400000000000000000110D04656467650CFFFFFFFF04FFFFFFFF0CFFFFFFFF0C83000000062E
310
4A986F2C6CF0BF0C8000000006186D4554FB21F93F0C760000000C860000000B0707756E6B6E6F776E110D067665727465780CFFFFFFFF04FFFFFFFF0CFFFFFFFF0C7F00000004010000000C87000000110E0873747261696768740D0563757276650CFFFFFFFF04FFFFFFFF0CFFFFFFFF13100FC516A8AFB0409B3A828539
310
65A440000000000000000014000000000000F0BF0217C58C8969C43C00000000000000000B0B110D05706F696E740CFFFFFFFF04FFFFFFFF0CFFFFFFFF130ECDC0E32AAEB0409B3A82853965A4400000000000000000110D067665727465780CFFFFFFFF04FFFFFFFF0CFFFFFFFF0C7B00000004000000000C88000000110E
310
07656C6C697073650D0563757276650CFFFFFFFF04FFFFFFFF0CFFFFFFFF139CFFF316DEB2B0401407C698375AA44000000000000000001400000000000000000000000000000000000000000000F03F147BD7FFFFFFFF1740D16E27534E9EEEBC000000000000000006000000000000F03F0B0B110D05706F696E740CFFFF
310
FFFF04FFFFFFFF0CFFFFFFFF132C79E5E2EEADB040796BD24B0B61A4400000000000000000110E07656C6C697073650D0563757276650CFFFFFFFF04FFFFFFFF0CFFFFFFFF13140FC516A8AFB04011D41B1FD364A44000000000000000001400000000000000000000000000000000000000000000F03F1440E3A2999999C9
310
3F45323D0A6E54A0BC000000000000000006000000000000F03F0B0B110D05706F696E740CFFFFFFFF04FFFFFFFF0CFFFFFFFF13100FC516A8AFB0409C3A82853965A4400000000000000000110D05706F696E740CFFFFFFFF04FFFFFFFF0CFFFFFFFF13029BE79AC2AFB040765121867B64A4400000000000000000110E03
310
456E640E026F660E0341534D0D0464617461
  0
ACDSRECORD
 90
        1
  2
AcDbDs::ID
280
    10
320
B0
  2
ASM_Data
280
    15
 94
     3048
310
414349532042696E61727946696C652855000000000000020000000C00000007104175746F6465736B204175746F434144071341534D203231382E302E302E35313136204E540718547565205365702030382032313A30333A3033203230323606000000000000F03F068DEDB5A0F7C6B03E06BBBDD7D9DF7CDB3D0D096173
310
6D6865616465720CFFFFFFFF04FFFFFFFF070C3231382E302E302E35313136110D04626F64790CFFFFFFFF04FFFFFFFF0CFFFFFFFF0C020000000CFFFFFFFF0CFFFFFFFF110D046C756D700CFFFFFFFF04FFFFFFFF0CFFFFFFFF0CFFFFFFFF0C030000000C01000000110D057368656C6C0CFFFFFFFF04FFFFFFFF0CFFFFFF
310
FF0CFFFFFFFF0CFFFFFFFF0C040000000CFFFFFFFF0C02000000110D04666163650CFFFFFFFF04FFFFFFFF0CFFFFFFFF0CFFFFFFFF0C050000000C030000000CFFFFFFFF0C060000000B0A0B110D046C6F6F700CFFFFFFFF04FFFFFFFF0CFFFFFFFF0CFFFFFFFF0C070000000C04000000110E05706C616E650D0773757266
310
6163650CFFFFFFFF04FFFFFFFF0CFFFFFFFF13A2FFF316DEB2B04001A1E8EB1F76A44000000000000000001400000000000000000000000000000000000000000000F03F14000000000000F03F0217C58C8969C4BC00000000000000000B0B0B0B0B110D06636F656467650CFFFFFFFF04FFFFFFFF0CFFFFFFFF0C08000000
310
0C090000000CFFFFFFFF0C0A0000000A0C0500000004000000000CFFFFFFFF110D06636F656467650CFFFFFFFF04FFFFFFFF0CFFFFFFFF0C0B0000000C070000000CFFFFFFFF0C0C0000000B0C0500000004000000000CFFFFFFFF110D06636F656467650CFFFFFFFF04FFFFFFFF0CFFFFFFFF0C070000000C0D0000000CFF
310
FFFFFF0C0E0000000B0C0500000004000000000CFFFFFFFF110D04656467650CFFFFFFFF04FFFFFFFF0CFFFFFFFF0C0F0000000600000000000000000C100000000600343333333307400C070000000C110000000B0707756E6B6E6F776E110D06636F656467650CFFFFFFFF04FFFFFFFF0CFFFFFFFF0C120000000C080000
310
000CFFFFFFFF0C130000000A0C0500000004000000000CFFFFFFFF110D04656467650CFFFFFFFF04FFFFFFFF0CFFFFFFFF0C0F00000006182D4454FB2109C00C1400000006182D4454FB21F9BF0C080000000C150000000B0707756E6B6E6F776E110D06636F656467650CFFFFFFFF04FFFFFFFF0CFFFFFFFF0C090000000C
310
160000000CFFFFFFFF0C170000000A0C0500000004000000000CFFFFFFFF110D04656467650CFFFFFFFF04FFFFFFFF0CFFFFFFFF0C1800000006182D4454FB21F93F0C1000000006C31F4454FB2109400C090000000C190000000B0707756E6B6E6F776E110D067665727465780CFFFFFFFF04FFFFFFFF0CFFFFFFFF0C0A00
310
000004000000000C1A000000110D067665727465780CFFFFFFFF04FFFFFFFF0CFFFFFFFF0C0A00000004010000000C1B000000110E0873747261696768740D0563757276650CFFFFFFFF04FFFFFFFF0CFFFFFFFF134200F416DEAFB0409B3A82853973A4400000000000000000140217C58C8969C43C000000000000F03F00
310
000000000000000B0B110D06636F656467650CFFFFFFFF04FFFFFFFF0CFFFFFFFF0C1C0000000C0B0000000CFFFFFFFF0C1D0000000B0C0500000004000000000CFFFFFFFF110D04656467650CFFFFFFFF04FFFFFFFF0CFFFFFFFF0C1E0000000600000000000060BD0C140000000600989499999915400C0B0000000C1F00
310
00000B0707756E6B6E6F776E110D067665727465780CFFFFFFFF04FFFFFFFF0CFFFFFFFF0C1300000004010000000C20000000110E07656C6C697073650D0563757276650CFFFFFFFF04FFFFFFFF0CFFFFFFFF130ECDC0E32AB0B0409B3A82853973A440000000000000000014000000000000000000000000000000000000
310
00000000F03F14003033333333D33F54E4520FA57EA8BC000000000000000006000000000000F03F0B0B110D06636F656467650CFFFFFFFF04FFFFFFFF0CFFFFFFFF0C0D0000000C1C0000000CFFFFFFFF0C210000000B0C0500000004000000000CFFFFFFFF110D04656467650CFFFFFFFF04FFFFFFFF0CFFFFFFFF0C1800
310
0000064AF50EED25B4A73A0C2200000006009C9499999915400C0D0000000C230000000B0707756E6B6E6F776E110D067665727465780CFFFFFFFF04FFFFFFFF0CFFFFFFFF0C0E00000004000000000C24000000110E07656C6C697073650D0563757276650CFFFFFFFF04FFFFFFFF0CFFFFFFFF130ECDC0E32AB0B0406707
310
4F520679A44000000000000000001400000000000000000000000000000000000000000000F03F14004033333333D33FBDF8520FA57EA8BC000000000000000006000000000000F03F0B0B110D05706F696E740CFFFFFFFF04FFFFFFFF0CFFFFFFFF134200F416DEAFB0409B3A82853973A4400000000000000000110D0570
310
6F696E740CFFFFFFFF04FFFFFFFF0CFFFFFFFF134200F416DEAFB04068074F520679A4400000000000000000110D06636F656467650CFFFFFFFF04FFFFFFFF0CFFFFFFFF0C160000000C120000000CFFFFFFFF0C250000000A0C0500000004000000000CFFFFFFFF110D04656467650CFFFFFFFF04FFFFFFFF0CFFFFFFFF0C
310
1E000000066E124454FB21F9BF0C26000000060040AAAAAAAA8ABD0C120000000C270000000B0707756E6B6E6F776E110D067665727465780CFFFFFFFF04FFFFFFFF0CFFFFFFFF0C1D00000004000000000C28000000110E0873747261696768740D0563757276650CFFFFFFFF04FFFFFFFF0CFFFFFFFF133432274A91B5B0
310
4001A1E8EB9F72A440000000000000000014000000000000F0BF0217C58C8969C43C00000000000000000B0B110D05706F696E740CFFFFFFFF04FFFFFFFF0CFFFFFFFF130ECDC0E32AB0B04001A1E8EB9F72A4400000000000000000110D04656467650CFFFFFFFF04FFFFFFFF0CFFFFFFFF0C290000000600000000000000
310
000C2200000006C3F74354FB21F93F0C160000000C2A0000000B0707756E6B6E6F776E110D067665727465780CFFFFFFFF04FFFFFFFF0CFFFFFFFF0C1700000004010000000C2B000000110E0873747261696768740D0563757276650CFFFFFFFF04FFFFFFFF0CFFFFFFFF130ECDC0E32AB0B04002A1E8EB9F79A440000000
310
000000000014000000000000F03F0217C58C8969C4BC00000000000000000B0B110D05706F696E740CFFFFFFFF04FFFFFFFF0CFFFFFFFF130ECDC0E32AB0B04001A1E8EB9F79A4400000000000000000110D04656467650CFFFFFFFF04FFFFFFFF0CFFFFFFFF0C290000000600000000000000000C26000000060030333333
310
3307400C1C0000000C2C0000000B0707756E6B6E6F776E110D067665727465780CFFFFFFFF04FFFFFFFF0CFFFFFFFF0C2500000004010000000C2D000000110E07656C6C697073650D0563757276650CFFFFFFFF04FFFFFFFF0CFFFFFFFF133432274A91B5B0409D3A82853973A44000000000000000001400000000000000
310
000000000000000000000000000000F03F14008033333333D33F634A530FA57EA8BC000000000000000006000000000000F03F0B0B110D05706F696E740CFFFFFFFF04FFFFFFFF0CFFFFFFFF133532274A91B5B04001A1E8EB9F72A4400000000000000000110D067665727465780CFFFFFFFF04FFFFFFFF0CFFFFFFFF0C21
310
00000004000000000C2E000000110E07656C6C697073650D0563757276650CFFFFFFFF04FFFFFFFF0CFFFFFFFF133432274A91B5B04067074F520679A44000000000000000001400000000000000000000000000000000000000000000F03F14005033333333D33F270D530FA57EA8BC000000000000000006000000000000
310
F03F0B0B110D05706F696E740CFFFFFFFF04FFFFFFFF0CFFFFFFFF133632274A91B5B04001A1E8EB9F79A4400000000000000000110E0873747261696768740D0563757276650CFFFFFFFF04FFFFFFFF0CFFFFFFFF1302FFF316DEB5B04067074F520679A4400000000000000000140217C58C8969C4BC000000000000F0BF
310
00000000000000000B0B110D05706F696E740CFFFFFFFF04FFFFFFFF0CFFFFFFFF1302FFF316DEB5B0409B3A82853973A4400000000000000000110D05706F696E740CFFFFFFFF04FFFFFFFF0CFFFFFFFF1302FFF316DEB5B04067074F520679A4400000000000000000110E03456E640E026F660E0341534D0D0464617461
  0
ACDSRECORD
 90
        1
  2
AcDbDs::ID
280
    10
320
B1
  2
ASM_Data
280
    15
 94
     3048
310
414349532042696E61727946696C652855000000000000020000000C00000007104175746F6465736B204175746F434144071341534D203231382E302E302E35313136204E540718547565205365702030382032313A30333A3033203230323606000000000000F03F068DEDB5A0F7C6B03E06BBBDD7D9DF7CDB3D0D096173
310
6D6865616465720CFFFFFFFF04FFFFFFFF070C3231382E302E302E35313136110D04626F64790CFFFFFFFF04FFFFFFFF0CFFFFFFFF0C020000000CFFFFFFFF0CFFFFFFFF110D046C756D700CFFFFFFFF04FFFFFFFF0CFFFFFFFF0CFFFFFFFF0C030000000C01000000110D057368656C6C0CFFFFFFFF04FFFFFFFF0CFFFFFF
310
FF0CFFFFFFFF0CFFFFFFFF0C040000000CFFFFFFFF0C02000000110D04666163650CFFFFFFFF04FFFFFFFF0CFFFFFFFF0CFFFFFFFF0C050000000C030000000CFFFFFFFF0C060000000B0A0B110D046C6F6F700CFFFFFFFF04FFFFFFFF0CFFFFFFFF0CFFFFFFFF0C070000000C04000000110E05706C616E650D0773757266
310
6163650CFFFFFFFF04FFFFFFFF0CFFFFFFFF13A3FFF316DEB2B040D06DB5B8EC7FA44000000000000000001400000000000000000000000000000000000000000000F03F14000000000000F03F0217C58C8969C4BC00000000000000000B0B0B0B0B110D06636F656467650CFFFFFFFF04FFFFFFFF0CFFFFFFFF0C08000000
310
0C090000000CFFFFFFFF0C0A0000000B0C0500000004000000000CFFFFFFFF110D06636F656467650CFFFFFFFF04FFFFFFFF0CFFFFFFFF0C0B0000000C070000000CFFFFFFFF0C0C0000000A0C0500000004000000000CFFFFFFFF110D06636F656467650CFFFFFFFF04FFFFFFFF0CFFFFFFFF0C070000000C0D0000000CFF
310
FFFFFF0C0E0000000A0C0500000004000000000CFFFFFFFF110D04656467650CFFFFFFFF04FFFFFFFF0CFFFFFFFF0C0F0000000600000000000000000C1000000006C3F74354FB21F93F0C070000000C110000000B0707756E6B6E6F776E110D06636F656467650CFFFFFFFF04FFFFFFFF0CFFFFFFFF0C120000000C080000
310
000CFFFFFFFF0C130000000B0C0500000004000000000CFFFFFFFF110D04656467650CFFFFFFFF04FFFFFFFF0CFFFFFFFF0C140000000600000000000000000C1000000006007066666666F63F0C080000000C150000000B0707756E6B6E6F776E110D06636F656467650CFFFFFFFF04FFFFFFFF0CFFFFFFFF0C090000000C
310
160000000CFFFFFFFF0C170000000B0C0500000004000000000CFFFFFFFF110D04656467650CFFFFFFFF04FFFFFFFF0CFFFFFFFF0C0F0000000600000000000000000C180000000600CCCCCCCCCC00400C090000000C190000000B0707756E6B6E6F776E110D067665727465780CFFFFFFFF04FFFFFFFF0CFFFFFFFF0C0A00
310
000004000000000C1A000000110D067665727465780CFFFFFFFF04FFFFFFFF0CFFFFFFFF0C0A00000004010000000C1B000000110E07656C6C697073650D0563757276650CFFFFFFFF04FFFFFFFF0CFFFFFFFF13D632274A91B3B04069074F520682A440000000000000000014000000000000000000000000000000000000
310
00000000F03F14005033333333D33F270D530FA57EA8BC000000000000000006000000000000F03F0B0B110D06636F656467650CFFFFFFFF04FFFFFFFF0CFFFFFFFF0C1C0000000C0B0000000CFFFFFFFF0C1D0000000A0C0500000004000000000CFFFFFFFF110D04656467650CFFFFFFFF04FFFFFFFF0CFFFFFFFF0C1400
310
000006182D4454FB21F93F0C1E00000006C31F4454FB2109400C0B0000000C1F0000000B0707756E6B6E6F776E110D067665727465780CFFFFFFFF04FFFFFFFF0CFFFFFFFF0C0C00000004000000000C20000000110E0873747261696768740D0563757276650CFFFFFFFF04FFFFFFFF0CFFFFFFFF1370CCC0E32AB2B04003
310
A1E8EB9F82A440000000000000000014000000000000F03F0217C58C8969C4BC00000000000000000B0B110D06636F656467650CFFFFFFFF04FFFFFFFF0CFFFFFFFF0C0D0000000C1C0000000CFFFFFFFF0C210000000A0C0500000004000000000CFFFFFFFF110D04656467650CFFFFFFFF04FFFFFFFF0CFFFFFFFF0C2200
310
000006182D4454FB21F9BF0C1800000006E398AAAAAAAA7ABD0C0D0000000C230000000B0707756E6B6E6F776E110D067665727465780CFFFFFFFF04FFFFFFFF0CFFFFFFFF0C1700000004010000000C24000000110E0873747261696768740D0563757276650CFFFFFFFF04FFFFFFFF0CFFFFFFFF13A2FFF316DEB3B04069
310
074F520682A4400000000000000000140217C58C8969C4BC000000000000F0BF00000000000000000B0B110D05706F696E740CFFFFFFFF04FFFFFFFF0CFFFFFFFF13A4FFF316DEB3B04069074F520682A4400000000000000000110D05706F696E740CFFFFFFFF04FFFFFFFF0CFFFFFFFF13D832274A91B3B04004A1E8EB9F
310
82A4400000000000000000110D06636F656467650CFFFFFFFF04FFFFFFFF0CFFFFFFFF0C160000000C120000000CFFFFFFFF0C250000000B0C0500000004000000000CFFFFFFFF110D04656467650CFFFFFFFF04FFFFFFFF0CFFFFFFFF0C260000000600000000000000000C1E0000000600D0CCCCCCCC00400C120000000C
310
270000000B0707756E6B6E6F776E110D067665727465780CFFFFFFFF04FFFFFFFF0CFFFFFFFF0C1300000004010000000C28000000110E07656C6C697073650D0563757276650CFFFFFFFF04FFFFFFFF0CFFFFFFFF1370CCC0E32AB2B04069074F520682A44000000000000000001400000000000000000000000000000000
310
000000000000F03F14004033333333D33FBDF8520FA57EA8BC000000000000000006000000000000F03F0B0B110D05706F696E740CFFFFFFFF04FFFFFFFF0CFFFFFFFF1370CCC0E32AB2B04003A1E8EB9F82A4400000000000000000110D04656467650CFFFFFFFF04FFFFFFFF0CFFFFFFFF0C220000000600000000000000
310
000C2900000006007066666666F63F0C160000000C2A0000000B0707756E6B6E6F776E110D067665727465780CFFFFFFFF04FFFFFFFF0CFFFFFFFF0C2100000004000000000C2B000000110E07656C6C697073650D0563757276650CFFFFFFFF04FFFFFFFF0CFFFFFFFF13D632274A91B3B04037D41B1FD37DA44000000000
310
000000001400000000000000000000000000000000000000000000F03F14004033333333D33FBDF8520FA57EA8BC000000000000000006000000000000F03F0B0B110D05706F696E740CFFFFFFFF04FFFFFFFF0CFFFFFFFF13A4FFF316DEB3B04036D41B1FD37DA4400000000000000000110D04656467650CFFFFFFFF04FF
310
FFFFFF0CFFFFFFFF0C2600000006C31F4454FB2109C00C29000000066E624454FB21F9BF0C1C0000000C2C0000000B0707756E6B6E6F776E110D067665727465780CFFFFFFFF04FFFFFFFF0CFFFFFFFF0C1D00000004000000000C2D000000110E0873747261696768740D0563757276650CFFFFFFFF04FFFFFFFF0CFFFFFF
310
FF13A2FFF316DEB1B04036D41B1FD37DA4400000000000000000140217C58C8969C43C000000000000F03F00000000000000000B0B110D05706F696E740CFFFFFFFF04FFFFFFFF0CFFFFFFFF13A4FFF316DEB1B0406A074F520682A4400000000000000000110D067665727465780CFFFFFFFF04FFFFFFFF0CFFFFFFFF0C25
310
00000004010000000C2E000000110E0873747261696768740D0563757276650CFFFFFFFF04FFFFFFFF0CFFFFFFFF13D632274A91B3B0409D3A8285397DA440000000000000000014000000000000F0BF0217C58C8969C43C00000000000000000B0B110D05706F696E740CFFFFFFFF04FFFFFFFF0CFFFFFFFF13D632274A91
310
B3B0409D3A8285397DA4400000000000000000110E07656C6C697073650D0563757276650CFFFFFFFF04FFFFFFFF0CFFFFFFFF1370CCC0E32AB2B04037D41B1FD37DA44000000000000000001400000000000000000000000000000000000000000000F03F14005033333333D33F270D530FA57EA8BC000000000000000006
310
000000000000F03F0B0B110D05706F696E740CFFFFFFFF04FFFFFFFF0CFFFFFFFF13A2FFF316DEB1B04036D41B1FD37DA4400000000000000000110D05706F696E740CFFFFFFFF04FFFFFFFF0CFFFFFFFF1370CCC0E32AB2B0409C3A8285397DA4400000000000000000110E03456E640E026F660E0341534D0D0464617461
  0
ACDSRECORD
 90
        1
  2
AcDbDs::ID
280
    10
320
B2
  2
ASM_Data
280
    15
 94
     3751
310
414349532042696E61727946696C652855000000000000020000000C00000007104175746F6465736B204175746F434144071341534D203231382E302E302E35313136204E540718547565205365702030382032313A30333A3033203230323606000000000000F03F068DEDB5A0F7C6B03E06BBBDD7D9DF7CDB3D0D096173
310
6D6865616465720CFFFFFFFF04FFFFFFFF070C3231382E302E302E35313136110D04626F64790CFFFFFFFF04FFFFFFFF0CFFFFFFFF0C020000000CFFFFFFFF0CFFFFFFFF110D046C756D700CFFFFFFFF04FFFFFFFF0CFFFFFFFF0CFFFFFFFF0C030000000C01000000110D057368656C6C0CFFFFFFFF04FFFFFFFF0CFFFFFF
310
FF0CFFFFFFFF0CFFFFFFFF0C040000000CFFFFFFFF0C02000000110D04666163650CFFFFFFFF04FFFFFFFF0CFFFFFFFF0CFFFFFFFF0C050000000C030000000CFFFFFFFF0C060000000B0A0B110D046C6F6F700CFFFFFFFF04FFFFFFFF0CFFFFFFFF0CFFFFFFFF0C070000000C04000000110E05706C616E650D0773757266
310
6163650CFFFFFFFF04FFFFFFFF0CFFFFFFFF13A2FFF316DEB2B040142EC2A0526BA44000000000000000001400000000000000000000000000000000000000000000F03F14000000000000F03F0217C58C8969C4BC00000000000000000B0B0B0B0B110D06636F656467650CFFFFFFFF04FFFFFFFF0CFFFFFFFF0C08000000
310
0C090000000CFFFFFFFF0C0A0000000B0C0500000004000000000CFFFFFFFF110D06636F656467650CFFFFFFFF04FFFFFFFF0CFFFFFFFF0C0B0000000C070000000CFFFFFFFF0C0C0000000A0C0500000004000000000CFFFFFFFF110D06636F656467650CFFFFFFFF04FFFFFFFF0CFFFFFFFF0C070000000C0D0000000CFF
310
FFFFFF0C0E0000000A0C0500000004000000000CFFFFFFFF110D04656467650CFFFFFFFF04FFFFFFFF0CFFFFFFFF0C0F00000006309220C7EAD6F5BF0C1000000006E398AAAAAAAA7ABD0C070000000C110000000B0707756E6B6E6F776E110D06636F656467650CFFFFFFFF04FFFFFFFF0CFFFFFFFF0C120000000C080000
310
000CFFFFFFFF0C130000000B0C0500000004000000000CFFFFFFFF110D04656467650CFFFFFFFF04FFFFFFFF0CFFFFFFFF0C140000000600000000000000000C10000000060020FDBA242FFF3F0C080000000C150000000B0707756E6B6E6F776E110D06636F656467650CFFFFFFFF04FFFFFFFF0CFFFFFFFF0C090000000C
310
160000000CFFFFFFFF0C170000000A0C0500000004000000000CFFFFFFFF110D04656467650CFFFFFFFF04FFFFFFFF0CFFFFFFFF0C0F00000006C64767E10B6DFC3F0C1800000006F26477A5721603400C090000000C190000000B0707756E6B6E6F776E110D067665727465780CFFFFFFFF04FFFFFFFF0CFFFFFFFF0C0A00
310
000004000000000C1A000000110D067665727465780CFFFFFFFF04FFFFFFFF0CFFFFFFFF0C0A00000004010000000C1B000000110E07656C6C697073650D0563757276650CFFFFFFFF04FFFFFFFF0CFFFFFFFF133432274A91B5B040C80D951AB869A440000000000000000014000000000000000000000000000000000000
310
00000000F03F14694133333333D33F8AFA520FA57EA8BC000000000000000006000000000000F03F0B0B110D06636F656467650CFFFFFFFF04FFFFFFFF0CFFFFFFFF0C1C0000000C0B0000000CFFFFFFFF0C1D0000000A0C0500000004000000000CFFFFFFFF110D04656467650CFFFFFFFF04FFFFFFFF0CFFFFFFFF0C1400
310
00000600000000000000000C1E00000006C3F74354FB21F93F0C0B0000000C1F0000000B0707756E6B6E6F776E110D067665727465780CFFFFFFFF04FFFFFFFF0CFFFFFFFF0C0C00000004000000000C20000000110E0873747261696768740D0563757276650CFFFFFFFF04FFFFFFFF0CFFFFFFFF1302FFF316DEB5B0406B
310
6D2CFF9D6DA4400000000000000000140217C58C8969C4BC000000000000F0BF00000000000000000B0B110D06636F656467650CFFFFFFFF04FFFFFFFF0CFFFFFFFF0C0D0000000C210000000CFFFFFFFF0C220000000A0C0500000004000000000CFFFFFFFF110D04656467650CFFFFFFFF04FFFFFFFF0CFFFFFFFF0C1800
310
00000662B2C012936BF53F0C230000000604B9C79563D8FC3F0C0D0000000C240000000B0707756E6B6E6F776E110D067665727465780CFFFFFFFF04FFFFFFFF0CFFFFFFFF0C1700000004000000000C25000000110E07656C6C697073650D0563757276650CFFFFFFFF04FFFFFFFF0CFFFFFFFF1330F0221714B6B0400CD4
310
1B1FD364A44000000000000000001400000000000000000000000000000000000000000000F03F14A4409A9999990140D0D40C4E1774D6BC000000000000000006000000000000F03F0B0B110D05706F696E740CFFFFFFFF04FFFFFFFF0CFFFFFFFF139CE259FCA0B5B0409425F7BE2169A4400000000000000000110D0570
310
6F696E740CFFFFFFFF04FFFFFFFF0CFFFFFFFF1302FFF316DEB5B040C70D951AB869A4400000000000000000110D06636F656467650CFFFFFFFF04FFFFFFFF0CFFFFFFFF0C260000000C120000000CFFFFFFFF0C270000000B0C0500000004000000000CFFFFFFFF110D04656467650CFFFFFFFF04FFFFFFFF0CFFFFFFFF0C
310
280000000600000000000000000C1E00000006009C9499999915400C120000000C290000000B0707756E6B6E6F776E110D067665727465780CFFFFFFFF04FFFFFFFF0CFFFFFFFF0C1300000004010000000C2A000000110E07656C6C697073650D0563757276650CFFFFFFFF04FFFFFFFF0CFFFFFFFF133432274A91B5B040
310
6B6D2CFF9D6DA44000000000000000001400000000000000000000000000000000000000000000F03F14005033333333D33F270D530FA57EA8BC000000000000000006000000000000F03F0B0B110D05706F696E740CFFFFFFFF04FFFFFFFF0CFFFFFFFF1302FFF316DEB5B0406B6D2CFF9D6DA4400000000000000000110D
310
06636F656467650CFFFFFFFF04FFFFFFFF0CFFFFFFFF0C160000000C260000000CFFFFFFFF0C2B0000000B0C0500000004000000000CFFFFFFFF110D04656467650CFFFFFFFF04FFFFFFFF0CFFFFFFFF0C2300000006FA5D33BB222EE83F0C2C00000006310621C7EAD6F53F0C160000000C2D0000000B0707756E6B6E6F77
310
6E110D067665727465780CFFFFFFFF04FFFFFFFF0CFFFFFFFF0C2200000004000000000C2E000000110E07656C6C697073650D0563757276650CFFFFFFFF04FFFFFFFF0CFFFFFFFF13A2FFF316DEB2B0400907C698375AA44000000000000000001400000000000000000000000000000000000000000000F03F14F2F7FFFF
310
FFFF1B40FE6E2C5B58DCF1BC000000000000000006000000000000F03F0B0B110D05706F696E740CFFFFFFFF04FFFFFFFF0CFFFFFFFF13BC1DF92B7AB4B040D40C7E8CD767A4400000000000000000110D06636F656467650CFFFFFFFF04FFFFFFFF0CFFFFFFFF0C210000000C1C0000000CFFFFFFFF0C2F0000000A0C0500
310
000004000000000CFFFFFFFF110D04656467650CFFFFFFFF04FFFFFFFF0CFFFFFFFF0C2800000006182D4454FB21F93F0C3000000006182D4454FB2109400C1C0000000C310000000B0707756E6B6E6F776E110D067665727465780CFFFFFFFF04FFFFFFFF0CFFFFFFFF0C1D00000004000000000C32000000110E08737472
310
61696768740D0563757276650CFFFFFFFF04FFFFFFFF0CFFFFFFFF130ECDC0E32AB0B0400507C698376EA440000000000000000014000000000000F03F0217C58C8969C4BC00000000000000000B0B110D05706F696E740CFFFFFFFF04FFFFFFFF0CFFFFFFFF133632274A91B5B0400607C698376EA4400000000000000000
310
110D04656467650CFFFFFFFF04FFFFFFFF0CFFFFFFFF0C33000000066E124454FB2109C00C2C00000006B00868E10B6DFCBF0C210000000C340000000B0707756E6B6E6F776E110D067665727465780CFFFFFFFF04FFFFFFFF0CFFFFFFFF0C2B00000004010000000C35000000110E07656C6C697073650D0563757276650C
310
FFFFFFFF04FFFFFFFF0CFFFFFFFF13100FC516A8AFB04005D41B1FD364A44000000000000000001400000000000000000000000000000000000000000000F03F14A65F9A99999901405FFC0C4E1774D6BC000000000000000006000000000000F03F0B0B110D05706F696E740CFFFFFFFF04FFFFFFFF0CFFFFFFFF1381E1EE
310
0142B1B040D20C7E8CD767A4400000000000000000110D04656467650CFFFFFFFF04FFFFFFFF0CFFFFFFFF0C330000000600000000000000000C30000000060018FDBA242FFF3F0C260000000C360000000B0707756E6B6E6F776E110D067665727465780CFFFFFFFF04FFFFFFFF0CFFFFFFFF0C2700000004010000000C37
310
000000110E07656C6C697073650D0563757276650CFFFFFFFF04FFFFFFFF0CFFFFFFFF130ECDC0E32AB0B0406C6D2CFF9D6DA44000000000000000001400000000000000000000000000000000000000000000F03F14002033333333D33FEACF520FA57EA8BC000000000000000006000000000000F03F0B0B110D05706F69
310
6E740CFFFFFFFF04FFFFFFFF0CFFFFFFFF130ECDC0E32AB0B0400507C698376EA4400000000000000000110D067665727465780CFFFFFFFF04FFFFFFFF0CFFFFFFFF0C2F00000004000000000C38000000110E07656C6C697073650D0563757276650CFFFFFFFF04FFFFFFFF0CFFFFFFFF1310CDC0E32AB0B040CB0D951AB8
310
69A44000000000000000001400000000000000000000000000000000000000000000F03F1400B033333333D33FA087530FA57EA8BC000000000000000006000000000000F03F0B0B110D05706F696E740CFFFFFFFF04FFFFFFFF0CFFFFFFFF13A71C8E311BB0B0409425F7BE2169A4400000000000000000110E0873747261
310
696768740D0563757276650CFFFFFFFF04FFFFFFFF0CFFFFFFFF134200F416DEAFB040C90D951AB869A4400000000000000000140217C58C8969C43C000000000000F03F00000000000000000B0B110D05706F696E740CFFFFFFFF04FFFFFFFF0CFFFFFFFF134200F416DEAFB0406C6D2CFF9D6DA440000000000000000011
310
0D05706F696E740CFFFFFFFF04FFFFFFFF0CFFFFFFFF134200F416DEAFB040C90D951AB869A4400000000000000000110E03456E640E026F660E0341534D0D0464617461
  0
ACDSRECORD
 90
        1
  2
AcDbDs::ID
280
    10
320
8B
  2
ASM_Data
280
    15
 94
    23979
310
414349532042696E61727946696C652855000000000000020000000C00000007104175746F6465736B204175746F434144071341534D203231382E302E302E35313136204E540718547565205365702030382032313A30333A3033203230323606000000000000F03F068DEDB5A0F7C6B03E06BBBDD7D9DF7CDB3D0D096173
310
6D6865616465720CFFFFFFFF04FFFFFFFF070C3231382E302E302E35313136110D04626F64790C0200000004FFFFFFFF0CFFFFFFFF0C030000000CFFFFFFFF0CFFFFFFFF110E067265665F76740E036579650D066174747269620CFFFFFFFF04FFFFFFFF0CFFFFFFFF0CFFFFFFFF0C010000000CFFFFFFFF0CFFFFFFFF110D
310
046C756D700C0400000004FFFFFFFF0CFFFFFFFF0CFFFFFFFF0C050000000C01000000110E067265665F76740E036579650D066174747269620CFFFFFFFF04FFFFFFFF0CFFFFFFFF0CFFFFFFFF0C030000000CFFFFFFFF0CFFFFFFFF110D057368656C6C0C0600000004FFFFFFFF0CFFFFFFFF0CFFFFFFFF0CFFFFFFFF0C07
310
0000000CFFFFFFFF0C03000000110E067265665F76740E036579650D066174747269620CFFFFFFFF04FFFFFFFF0CFFFFFFFF0CFFFFFFFF0C050000000CFFFFFFFF0CFFFFFFFF110D04666163650C0800000004FFFFFFFF0CFFFFFFFF0CFFFFFFFF0C090000000C050000000CFFFFFFFF0C0A0000000B0A0B110E05666D6573
310
680E036579650D066174747269620CFFFFFFFF04FFFFFFFF0C0B0000000CFFFFFFFF0C07000000110D046C6F6F700CFFFFFFFF04FFFFFFFF0CFFFFFFFF0CFFFFFFFF0C0C0000000C07000000110E05706C616E650D07737572666163650CFFFFFFFF04FFFFFFFF0CFFFFFFFF13000000D414C28FBF10A4531076E564C00000
310
0000000000001400000000000000000000000000000000000000000000F03F14000000000000F0BF000000000000000000000000000000000A0B0B0B0B110E067265665F76740E036579650D066174747269620CFFFFFFFF04FFFFFFFF0C0D0000000C080000000C070000000CFFFFFFFF0CFFFFFFFF110D06636F65646765
310
0CFFFFFFFF04FFFFFFFF0CFFFFFFFF0C0E0000000C0F0000000CFFFFFFFF0C100000000B0C0900000004000000000CFFFFFFFF110E09706572737562656E740E1061636164536F6C6964486973746F72790D066174747269620CFFFFFFFF04FFFFFFFF0CFFFFFFFF0C0B0000000C07000000040100000004010000000400CA
310
9A3B04E9030000110D06636F656467650CFFFFFFFF04FFFFFFFF0CFFFFFFFF0C110000000C0C0000000CFFFFFFFF0C120000000A0C0900000004000000000CFFFFFFFF110D06636F656467650CFFFFFFFF04FFFFFFFF0CFFFFFFFF0C0C0000000C130000000CFFFFFFFF0C140000000A0C0900000004000000000CFFFFFFFF
310
110D04656467650C1500000004FFFFFFFF0CFFFFFFFF0C16000000063F15467797C1D63E0C17000000068664F63040B4EF3F0C0C0000000C180000000B0707756E6B6E6F776E110D06636F656467650CFFFFFFFF04FFFFFFFF0CFFFFFFFF0C190000000C0E0000000CFFFFFFFF0C1A0000000A0C0900000004000000000CFF
310
FFFFFF110D04656467650C1B00000004FFFFFFFF0CFFFFFFFF0C1C0000000600000000000000000C1700000006CE9B7781A872F23F0C0E0000000C1D0000000B0707756E6B6E6F776E110D06636F656467650CFFFFFFFF04FFFFFFFF0CFFFFFFFF0C0F0000000C1E0000000CFFFFFFFF0C1F0000000B0C0900000004000000
310
000CFFFFFFFF110D04656467650C2000000004FFFFFFFF0CFFFFFFFF0C160000000600000000000000000C2100000006006000600C77FC3F0C0F0000000C220000000B0707756E6B6E6F776E110E09706572737562656E740E1061636164536F6C6964486973746F72790D066174747269620CFFFFFFFF04FFFFFFFF0CFFFF
310
FFFF0CFFFFFFFF0C10000000040100000004010000000400CA9A3B0439C70000110D067665727465780CFFFFFFFF04FFFFFFFF0CFFFFFFFF0C1000000004020000000C23000000110D067665727465780CFFFFFFFF04FFFFFFFF0CFFFFFFFF0C1000000004020000000C24000000110E07656C6C697073650D056375727665
310
0CFFFFFFFF04FFFFFFFF0CFFFFFFFF130000EA19258606C0A85229125E0A65C000000000000000001400000000000000800000000000000080000000000000F0BF1438335C9D4E33D3BF0000000000000000000000000000000006000000000000F03F0B0B110D06636F656467650CFFFFFFFF04FFFFFFFF0CFFFFFFFF0C25
310
0000000C110000000CFFFFFFFF0C260000000A0C0900000004000000000CFFFFFFFF110D04656467650C2700000004FFFFFFFF0CFFFFFFFF0C280000000600000000000000000C1C0000000600B07EE13133FB3F0C110000000C290000000B0707756E6B6E6F776E110E09706572737562656E740E1061636164536F6C6964
310
486973746F72790D066174747269620CFFFFFFFF04FFFFFFFF0CFFFFFFFF0CFFFFFFFF0C12000000040100000004010000000400CA9A3B04D9C05700110D067665727465780CFFFFFFFF04FFFFFFFF0CFFFFFFFF0C1200000004020000000C2A000000110E0873747261696768740D0563757276650CFFFFFFFF04FFFFFFFF
310
0CFFFFFFFF1300009221C21F00C0D0753FE11DEE64C0000000000000000014FBA54D5828C4EABF6A8787EDA189E1BF00000000000000000B0B110D06636F656467650CFFFFFFFF04FFFFFFFF0CFFFFFFFF0C130000000C2B0000000CFFFFFFFF0C2C0000000A0C0900000004000000000CFFFFFFFF110D04656467650C2D00
310
000004FFFFFFFF0CFFFFFFFF0C2E000000069E009F2CF321F9BF0C21000000062C0550328EDEE13E0C130000000C2F0000000B0707756E6B6E6F776E110E09706572737562656E740E1061636164536F6C6964486973746F72790D066174747269620CFFFFFFFF04FFFFFFFF0CFFFFFFFF0CFFFFFFFF0C1400000004010000
310
0004010000000400CA9A3B04D94D0200110D067665727465780CFFFFFFFF04FFFFFFFF0CFFFFFFFF0C1F00000004020000000C30000000110E0873747261696768740D0563757276650CFFFFFFFF04FFFFFFFF0CFFFFFFFF13000096ED8EEC08C01077BF0E5E0A65C000000000000000001400000000000000000000000000
310
00F0BF00000000000000000B0B110D05706F696E740CFFFFFFFF04FFFFFFFF0CFFFFFFFF13000096ED8EEC08C01077BF0E5E0A65C00000000000000000110D05706F696E740CFFFFFFFF04FFFFFFFF0CFFFFFFFF130000565BE1D607C0B077BF64560265C00000000000000000110D06636F656467650CFFFFFFFF04FFFFFF
310
FF0CFFFFFFFF0C310000000C190000000CFFFFFFFF0C320000000B0C0900000004000000000CFFFFFFFF110D04656467650C3300000004FFFFFFFF0CFFFFFFFF0C340000000600000000000000000C280000000621301A752127DB3F0C190000000C350000000B0707756E6B6E6F776E110E09706572737562656E740E1061
310
636164536F6C6964486973746F72790D066174747269620CFFFFFFFF04FFFFFFFF0CFFFFFFFF0CFFFFFFFF0C1A000000040100000004010000000400CA9A3B04393A5600110D067665727465780CFFFFFFFF04FFFFFFFF0CFFFFFFFF0C1A00000004020000000C36000000110E0873747261696768740D0563757276650CFF
310
FFFFFF04FFFFFFFF0CFFFFFFFF130000A0864931D4BFD0753FE11DEE64C0000000000000000014000000000000F0BF000000000000000000000000000000000B0B110D05706F696E740CFFFFFFFF04FFFFFFFF0CFFFFFFFF1300009221C21F00C0D0753FE11DEE64C00000000000000000110D06636F656467650CFFFFFFFF
310
04FFFFFFFF0CFFFFFFFF0C1E0000000C370000000CFFFFFFFF0C380000000A0C0900000004000000000CFFFFFFFF110D04656467650C3900000004FFFFFFFF0CFFFFFFFF0C2E0000000600000000000000000C3A00000006000010043333D33F0C1E0000000C3B0000000B0707756E6B6E6F776E110E09706572737562656E
310
740E1061636164536F6C6964486973746F72790D066174747269620CFFFFFFFF04FFFFFFFF0CFFFFFFFF0CFFFFFFFF0C1F000000040100000004010000000400CA9A3B0479D40300110D067665727465780CFFFFFFFF04FFFFFFFF0CFFFFFFFF0C2C00000004020000000C3C000000110E07656C6C697073650D0563757276
310
650CFFFFFFFF04FFFFFFFF0CFFFFFFFF130000AE34278606C0A0D8DB2C4C4365C000000000000000001400000000000000800000000000000080000000000000F0BF145C7E3CC73D33D3BF0000000000000000000000000000000006000000000000F03F0B0B110D05706F696E740CFFFFFFFF04FFFFFFFF0CFFFFFFFF1300
310
0096ED8EEC08C0D0777F274C4365C00000000000000000110D06636F656467650CFFFFFFFF04FFFFFFFF0CFFFFFFFF0C3D0000000C250000000CFFFFFFFF0C3E0000000B0C0900000004000000000CFFFFFFFF110D04656467650C3F00000004FFFFFFFF0CFFFFFFFF0C340000000600000000000000000C40000000062130
310
1A752127DB3F0C250000000C410000000B0707756E6B6E6F776E110E09706572737562656E740E1061636164536F6C6964486973746F72790D066174747269620CFFFFFFFF04FFFFFFFF0CFFFFFFFF0CFFFFFFFF0C26000000040100000004010000000400CA9A3B0499B35400110D067665727465780CFFFFFFFF04FFFFFF
310
FF0CFFFFFFFF0C2600000004020000000C42000000110E0873747261696768740D0563757276650CFFFFFFFF04FFFFFFFF0CFFFFFFFF13000000D414C28FBFA07A9F4C84E464C0000000000000000014BDDD859BA7A0E6BFC6DA743195A0E6BF00000000000000000B0B110D05706F696E740CFFFFFFFF04FFFFFFFF0CFFFF
310
FFFF130000A0864931D4BFD0753FE11DEE64C00000000000000000110D06636F656467650CFFFFFFFF04FFFFFFFF0CFFFFFFFF0C2B0000000C430000000CFFFFFFFF0C440000000A0C0900000004000000000CFFFFFFFF110D04656467650C4500000004FFFFFFFF0CFFFFFFFF0C3A0000000600000000000000000C460000
310
000600A0FC7F5C5FE93F0C2B0000000C470000000B0707756E6B6E6F776E110E09706572737562656E740E1061636164536F6C6964486973746F72790D066174747269620CFFFFFFFF04FFFFFFFF0CFFFFFFFF0CFFFFFFFF0C2C000000040100000004010000000400CA9A3B04195B0500110D067665727465780CFFFFFFFF
310
04FFFFFFFF0CFFFFFFFF0C3800000004020000000C48000000110E0873747261696768740D0563757276650CFFFFFFFF04FFFFFFFF0CFFFFFFFF130000D46D288606C0A075BFCBE54C65C0000000000000000014000000000000F03F000000000000000000000000000000000B0B110D05706F696E740CFFFFFFFF04FFFFFF
310
FF0CFFFFFFFF130000D46D288606C0A075BFCBE54C65C00000000000000000110D06636F656467650CFFFFFFFF04FFFFFFFF0CFFFFFFFF0C490000000C310000000CFFFFFFFF0C4A0000000B0C0900000004000000000CFFFFFFFF110D04656467650C4B00000004FFFFFFFF0CFFFFFFFF0C40000000060000000000000000
310
0C4C0000000600B07EE13133FB3F0C310000000C4D0000000B0707756E6B6E6F776E110E09706572737562656E740E1061636164536F6C6964486973746F72790D066174747269620CFFFFFFFF04FFFFFFFF0CFFFFFFFF0CFFFFFFFF0C32000000040100000004010000000400CA9A3B04F92C5300110D067665727465780C
310
FFFFFFFF04FFFFFFFF0CFFFFFFFF0C3200000004020000000C4E000000110E0873747261696768740D0563757276650CFFFFFFFF04FFFFFFFF0CFFFFFFFF13000000D414C28FBFA07A9F4C84E464C0000000000000000014BDDD859BA7A0E63FC6DA743195A0E6BF00000000000000000B0B110D05706F696E740CFFFFFFFF
310
04FFFFFFFF0CFFFFFFFF13000000D414C28FBFA07A9F4C84E464C00000000000000000110D06636F656467650CFFFFFFFF04FFFFFFFF0CFFFFFFFF0C370000000C4F0000000CFFFFFFFF0C500000000A0C0900000004000000000CFFFFFFFF110D04656467650C5100000004FFFFFFFF0CFFFFFFFF0C460000000680BD619C
310
F82109400C5200000006B6D5AF457E6A0F400C370000000C530000000B0707756E6B6E6F776E110E09706572737562656E740E1061636164536F6C6964486973746F72790D066174747269620CFFFFFFFF04FFFFFFFF0CFFFFFFFF0CFFFFFFFF0C38000000040100000004010000000400CA9A3B04B9E10600110D06766572
310
7465780CFFFFFFFF04FFFFFFFF0CFFFFFFFF0C4400000004020000000C54000000110E0873747261696768740D0563757276650CFFFFFFFF04FFFFFFFF0CFFFFFFFF130000520DC21F04C0A075BFCBE54C65C00000000000000000140000000000000000000000000000F0BF00000000000000000B0B110D05706F696E740C
310
FFFFFFFF04FFFFFFFF0CFFFFFFFF130000520DC21F04C0A075BFCBE54C65C00000000000000000110D06636F656467650CFFFFFFFF04FFFFFFFF0CFFFFFFFF0C550000000C3D0000000CFFFFFFFF0C560000000B0C0900000004000000000CFFFFFFFF110D04656467650C5700000004FFFFFFFF0CFFFFFFFF0C4C00000006
310
00000000000000000C5800000006CE9B7781A872F23F0C3D0000000C590000000B0707756E6B6E6F776E110E09706572737562656E740E1061636164536F6C6964486973746F72790D066174747269620CFFFFFFFF04FFFFFFFF0CFFFFFFFF0CFFFFFFFF0C3E000000040100000004010000000400CA9A3B0459A65100110D
310
067665727465780CFFFFFFFF04FFFFFFFF0CFFFFFFFF0C3E00000004020000000C5A000000110E0873747261696768740D0563757276650CFFFFFFFF04FFFFFFFF0CFFFFFFFF13000050392835D23FD0753FE11DEE64C0000000000000000014000000000000F03F000000000000000000000000000000000B0B110D05706F
310
696E740CFFFFFFFF04FFFFFFFF0CFFFFFFFF13000050392835D23FD0753FE11DEE64C00000000000000000110D06636F656467650CFFFFFFFF04FFFFFFFF0CFFFFFFFF0C430000000C5B0000000CFFFFFFFF0C5C0000000A0C0900000004000000000CFFFFFFFF110D04656467650C5D00000004FFFFFFFF0CFFFFFFFF0C52
310
0000000600000000000000000C5E0000000679E778F80300F03F0C430000000C5F0000000B0707756E6B6E6F776E110E09706572737562656E740E1061636164536F6C6964486973746F72790D066174747269620CFFFFFFFF04FFFFFFFF0CFFFFFFFF0CFFFFFFFF0C44000000040100000004010000000400CA9A3B045968
310
0800110D067665727465780CFFFFFFFF04FFFFFFFF0CFFFFFFFF0C5000000004020000000C60000000110E07656C6C697073650D0563757276650CFFFFFFFF04FFFFFFFF0CFFFFFFFF1300004857BD1F08C0B830AF2D456665C000000000000000001400000000000000800000000000000080000000000000F0BF14E618AF
310
4FDAFFDFBF0000000000000000000000000000000006000000000000F03F0B0B110D05706F696E740CFFFFFFFF04FFFFFFFF0CFFFFFFFF130000520DC21F04C040723F28456665C00000000000000000110D06636F656467650CFFFFFFFF04FFFFFFFF0CFFFFFFFF0C610000000C490000000CFFFFFFFF0C620000000B0C09
310
00000004000000000CFFFFFFFF110D04656467650C6300000004FFFFFFFF0CFFFFFFFF0C5800000006F7930648EB3401400C6400000006303E117CF82109400C490000000C650000000B0707756E6B6E6F776E110E09706572737562656E740E1061636164536F6C6964486973746F72790D066174747269620CFFFFFFFF04
310
FFFFFFFF0CFFFFFFFF0CFFFFFFFF0C4A000000040100000004010000000400CA9A3B04B91F5000110D067665727465780CFFFFFFFF04FFFFFFFF0CFFFFFFFF0C4A00000004020000000C66000000110E0873747261696768740D0563757276650CFFFFFFFF04FFFFFFFF0CFFFFFFFF130000D4EF7BC0FF3FD0753FE11DEE64
310
C0000000000000000014FBA54D5828C4EA3F6A8787EDA189E1BF00000000000000000B0B110D05706F696E740CFFFFFFFF04FFFFFFFF0CFFFFFFFF130000D4EF7BC0FF3FD0753FE11DEE64C00000000000000000110D06636F656467650CFFFFFFFF04FFFFFFFF0CFFFFFFFF0C4F0000000C670000000CFFFFFFFF0C680000
310
000A0C0900000004000000000CFFFFFFFF110D04656467650C6900000004FFFFFFFF0CFFFFFFFF0C5E0000000696DCBFD072D902C00C6A00000006C3175A3BF321F9BF0C4F0000000C6B0000000B0707756E6B6E6F776E110E09706572737562656E740E1061636164536F6C6964486973746F72790D066174747269620CFF
310
FFFFFF04FFFFFFFF0CFFFFFFFF0CFFFFFFFF0C50000000040100000004010000000400CA9A3B04F9EE0900110D067665727465780CFFFFFFFF04FFFFFFFF0CFFFFFFFF0C5C00000004020000000C6C000000110E0873747261696768740D0563757276650CFFFFFFFF04FFFFFFFF0CFFFFFFFF1300005453AE4B05C0F0765F
310
75957165C0000000000000000014D44D828A98A0E6BF5AA57A42A4A0E6BF00000000000000000B0B110D05706F696E740CFFFFFFFF04FFFFFFFF0CFFFFFFFF1300005453AE4B05C0F0765F75957165C00000000000000000110D06636F656467650CFFFFFFFF04FFFFFFFF0CFFFFFFFF0C6D0000000C550000000CFFFFFFFF
310
0C6E0000000B0C0900000004000000000CFFFFFFFF110D04656467650C6F00000004FFFFFFFF0CFFFFFFFF0C640000000600000000000000000C7000000006006000600C77FC3F0C550000000C710000000B0707756E6B6E6F776E110E09706572737562656E740E1061636164536F6C6964486973746F72790D0661747472
310
69620CFFFFFFFF04FFFFFFFF0CFFFFFFFF0CFFFFFFFF0C56000000040100000004010000000400CA9A3B0419994E00110D067665727465780CFFFFFFFF04FFFFFFFF0CFFFFFFFF0C5600000004020000000C72000000110E07656C6C697073650D0563757276650CFFFFFFFF04FFFFFFFF0CFFFFFFFF13000040F0A0460640
310
A85229125E0A65C000000000000000001400000000000000800000000000000080000000000000F0BF1438335C9D4E33D3BF0000000000000000000000000000000006000000000000F03F0B0B110D05706F696E740CFFFFFFFF04FFFFFFFF0CFFFFFFFF130000AC315D970740B077BF64560265C00000000000000000110D
310
06636F656467650CFFFFFFFF04FFFFFFFF0CFFFFFFFF0C5B0000000C730000000CFFFFFFFF0C740000000A0C0900000004000000000CFFFFFFFF110D04656467650C7500000004FFFFFFFF0CFFFFFFFF0C6A0000000600000000000000000C76000000060000F65FC4BED23F0C5B0000000C770000000B0707756E6B6E6F77
310
6E110E09706572737562656E740E1061636164536F6C6964486973746F72790D066174747269620CFFFFFFFF04FFFFFFFF0CFFFFFFFF0CFFFFFFFF0C5C000000040100000004010000000400CA9A3B0499750B00110D067665727465780CFFFFFFFF04FFFFFFFF0CFFFFFFFF0C6800000004020000000C78000000110E0765
310
6C6C697073650D0563757276650CFFFFFFFF04FFFFFFFF0CFFFFFFFF130000189CE7C70DC0A036E2BCE57C65C000000000000000001400000000000000800000000000000080000000000000F0BF145F383CBD0700E0BF0000000000000000000000000000000006000000000000F03F0B0B110D05706F696E740CFFFFFFFF
310
04FFFFFFFF0CFFFFFFFF13000054DDD5F30AC050753F1F368865C00000000000000000110D06636F656467650CFFFFFFFF04FFFFFFFF0CFFFFFFFF0C790000000C610000000CFFFFFFFF0C7A0000000B0C0900000004000000000CFFFFFFFF110D04656467650C7B00000004FFFFFFFF0CFFFFFFFF0C700000000684A0A0DC
310
F62109400C7C00000006B4D649757AD912400C610000000C7D0000000B0707756E6B6E6F776E110E09706572737562656E740E1061636164536F6C6964486973746F72790D066174747269620CFFFFFFFF04FFFFFFFF0CFFFFFFFF0CFFFFFFFF0C62000000040100000004010000000400CA9A3B0479124D00110D06766572
310
7465780CFFFFFFFF04FFFFFFFF0CFFFFFFFF0C6200000004020000000C7E000000110E0873747261696768740D0563757276650CFFFFFFFF04FFFFFFFF0CFFFFFFFF130000ECC30AAD08401077BF0E5E0A65C00000000000000000140000000000000000000000000000F0BF00000000000000000B0B110D05706F696E740C
310
FFFFFFFF04FFFFFFFF0CFFFFFFFF130000ECC30AAD08401077BF0E5E0A65C00000000000000000110D06636F656467650CFFFFFFFF04FFFFFFFF0CFFFFFFFF0C670000000C7F0000000CFFFFFFFF0C800000000A0C0900000004000000000CFFFFFFFF110D04656467650C8100000004FFFFFFFF0CFFFFFFFF0C7600000006
310
79E7F8B10122F9BF0C820000000696E902E56D97E23E0C670000000C830000000B0707756E6B6E6F776E110E09706572737562656E740E1061636164536F6C6964486973746F72790D066174747269620CFFFFFFFF04FFFFFFFF0CFFFFFFFF0CFFFFFFFF0C68000000040100000004010000000400CA9A3B0439FC0C00110D
310
067665727465780CFFFFFFFF04FFFFFFFF0CFFFFFFFF0C7400000004020000000C84000000110E0873747261696768740D0563757276650CFFFFFFFF04FFFFFFFF0CFFFFFFFF13000054A2E9C70DC0C8709FC4E58C65C0000000000000000014000000000000F0BF6AB5B97C4D506BBD00000000000000000B0B110D05706F
310
696E740CFFFFFFFF04FFFFFFFF0CFFFFFFFF13000054A2E9C70DC0C8709FC4E58C65C00000000000000000110D06636F656467650CFFFFFFFF04FFFFFFFF0CFFFFFFFF0C850000000C6D0000000CFFFFFFFF0C860000000B0C0900000004000000000CFFFFFFFF110D04656467650C8700000004FFFFFFFF0CFFFFFFFF0C7C
310
0000000600000000000000000C8800000006000010043333D33F0C6D0000000C890000000B0707756E6B6E6F776E110E09706572737562656E740E1061636164536F6C6964486973746F72790D066174747269620CFFFFFFFF04FFFFFFFF0CFFFFFFFF0CFFFFFFFF0C6E000000040100000004010000000400CA9A3B04D98B
310
4B00110D067665727465780CFFFFFFFF04FFFFFFFF0CFFFFFFFF0C6E00000004020000000C8A000000110E07656C6C697073650D0563757276650CFFFFFFFF04FFFFFFFF0CFFFFFFFF130000040BA3460640A0D8DB2C4C4365C000000000000000001400000000000000800000000000000080000000000000F0BF145C7E3C
310
C73D33D3BF0000000000000000000000000000000006000000000000F03F0B0B110D05706F696E740CFFFFFFFF04FFFFFFFF0CFFFFFFFF130000ECC30AAD0840D0777F274C4365C00000000000000000110D06636F656467650CFFFFFFFF04FFFFFFFF0CFFFFFFFF0C730000000C8B0000000CFFFFFFFF0C8C0000000B0C09
310
00000004000000000CFFFFFFFF110D04656467650C8D00000004FFFFFFFF0CFFFFFFFF0C820000000600000000000000000C8E0000000600DCB904871617400C730000000C8F0000000B0707756E6B6E6F776E110E09706572737562656E740E1061636164536F6C6964486973746F72790D066174747269620CFFFFFFFF04
310
FFFFFFFF0CFFFFFFFF0CFFFFFFFF0C74000000040100000004010000000400CA9A3B04D9820E00110D067665727465780CFFFFFFFF04FFFFFFFF0CFFFFFFFF0C8000000004020000000C90000000110E07656C6C697073650D0563757276650CFFFFFFFF04FFFFFFFF0CFFFFFFFF130000E0E2E10F10C0A820CBCBE57C65C0
310
00000000000000001400000000000000800000000000000080000000000000F0BF146BD8A2A8F1FFDFBF0000000000000000000000000000000006000000000000F03F0B0B110D05706F696E740CFFFFFFFF04FFFFFFFF0CFFFFFFFF1300002A17E10F10C0D0709FC4E58C65C00000000000000000110D06636F656467650C
310
FFFFFFFF04FFFFFFFF0CFFFFFFFF0C910000000C790000000CFFFFFFFF0C920000000A0C0900000004000000000CFFFFFFFF110D04656467650C9300000004FFFFFFFF0CFFFFFFFF0C880000000600000000000000000C940000000600A0FC7F5C5FE93F0C790000000C950000000B0707756E6B6E6F776E110E0970657273
310
7562656E740E1061636164536F6C6964486973746F72790D066174747269620CFFFFFFFF04FFFFFFFF0CFFFFFFFF0CFFFFFFFF0C7A000000040100000004010000000400CA9A3B0439054A00110D067665727465780CFFFFFFFF04FFFFFFFF0CFFFFFFFF0C7A00000004020000000C96000000110E0873747261696768740D
310
0563757276650CFFFFFFFF04FFFFFFFF0CFFFFFFFF1300002C44A4460640A075BFCBE54C65C0000000000000000014000000000000F0BF000000000000000000000000000000000B0B110D05706F696E740CFFFFFFFF04FFFFFFFF0CFFFFFFFF1300002C44A4460640A075BFCBE54C65C00000000000000000110D06636F65
310
6467650CFFFFFFFF04FFFFFFFF0CFFFFFFFF0C7F0000000C970000000CFFFFFFFF0C980000000A0C0900000004000000000CFFFFFFFF110D04656467650C9900000004FFFFFFFF0CFFFFFFFF0C9A00000006574FC7DFFF21F9BF0C8E000000066990D18166CEE8BF0C7F0000000C9B0000000B0707756E6B6E6F776E110E09
310
706572737562656E740E1061636164536F6C6964486973746F72790D066174747269620CFFFFFFFF04FFFFFFFF0CFFFFFFFF0CFFFFFFFF0C80000000040100000004010000000400CA9A3B0479091000110D067665727465780CFFFFFFFF04FFFFFFFF0CFFFFFFFF0C8C00000004020000000C9C000000110E087374726169
310
6768740D0563757276650CFFFFFFFF04FFFFFFFF0CFFFFFFFF1300006AFDE00F12C0E06D7FC2E57C65C00000000000000000140000000000000000000000000000F03F00000000000000000B0B110D05706F696E740CFFFFFFFF04FFFFFFFF0CFFFFFFFF1300006AFDE00F12C0E06D7FC2E57C65C00000000000000000110D
310
06636F656467650CFFFFFFFF04FFFFFFFF0CFFFFFFFF0C9D0000000C850000000CFFFFFFFF0C9E0000000B0C0900000004000000000CFFFFFFFF110D04656467650C9F00000004FFFFFFFF0CFFFFFFFF0CA0000000067AA2AEC50B22E9BF0C94000000064AD9C07C13BFD53E0C850000000CA10000000B0707756E6B6E6F77
310
6E110E09706572737562656E740E1061636164536F6C6964486973746F72790D066174747269620CFFFFFFFF04FFFFFFFF0CFFFFFFFF0CFFFFFFFF0C86000000040100000004010000000400CA9A3B04997E4800110D067665727465780CFFFFFFFF04FFFFFFFF0CFFFFFFFF0C8600000004020000000CA2000000110E0873
310
747261696768740D0563757276650CFFFFFFFF04FFFFFFFF0CFFFFFFFF130000AAE33DE00340A075BFCBE54C65C00000000000000000140000000000000000000000000000F0BF00000000000000000B0B110D05706F696E740CFFFFFFFF04FFFFFFFF0CFFFFFFFF130000AAE33DE00340A075BFCBE54C65C0000000000000
310
0000110D06636F656467650CFFFFFFFF04FFFFFFFF0CFFFFFFFF0C8B0000000CA30000000CFFFFFFFF0CA40000000B0C0900000004000000000CFFFFFFFF110D04656467650CA500000004FFFFFFFF0CFFFFFFFF0C9A0000000600000000000000000CA6000000060000F65FC4BED23F0C8B0000000CA70000000B0707756E
310
6B6E6F776E110E09706572737562656E740E1061636164536F6C6964486973746F72790D066174747269620CFFFFFFFF04FFFFFFFF0CFFFFFFFF0CFFFFFFFF0C8C000000040100000004010000000400CA9A3B0419901100110D067665727465780CFFFFFFFF04FFFFFFFF0CFFFFFFFF0C9800000004020000000CA8000000
310
110E07656C6C697073650D0563757276650CFFFFFFFF04FFFFFFFF0CFFFFFFFF130000C7E2E10F10C090E3D14E84B464C000000000000000001400000000000000800000000000000080000000000000F0BF149404603A5F66E6BF0000000000000000000000000000000006000000000000F03F0B0B110D05706F696E740C
310
FFFFFFFF04FFFFFFFF0CFFFFFFFF1300006AFDE00F12C0009F598A31C464C00000000000000000110D06636F656467650CFFFFFFFF04FFFFFFFF0CFFFFFFFF0CA90000000C910000000CFFFFFFFF0CAA0000000A0C0900000004000000000CFFFFFFFF110D04656467650CAB00000004FFFFFFFF0CFFFFFFFF0CA000000006
310
00000000000000000CAC0000000679E778F80300F03F0C910000000CAD0000000B0707756E6B6E6F776E110E09706572737562656E740E1061636164536F6C6964486973746F72790D066174747269620CFFFFFFFF04FFFFFFFF0CFFFFFFFF0CFFFFFFFF0C92000000040100000004010000000400CA9A3B04F9F74600110D
310
067665727465780CFFFFFFFF04FFFFFFFF0CFFFFFFFF0C9200000004020000000CAE000000110E07656C6C697073650D0563757276650CFFFFFFFF04FFFFFFFF0CFFFFFFFF1300009E2D39E00740B830AF2D456665C000000000000000001400000000000000800000000000000080000000000000F0BF14E618AF4FDAFFDF
310
BF0000000000000000000000000000000006000000000000F03F0B0B110D05706F696E740CFFFFFFFF04FFFFFFFF0CFFFFFFFF130000AAE33DE0034040723F28456665C00000000000000000110D06636F656467650CFFFFFFFF04FFFFFFFF0CFFFFFFFF0C970000000CAF0000000CFFFFFFFF0CB00000000A0C0900000004
310
000000000CFFFFFFFF110D04656467650CB100000004FFFFFFFF0CFFFFFFFF0CB200000006F3F46B2C76D902C00CA600000006591A968BF521F9BF0C970000000CB30000000B0707756E6B6E6F776E110E09706572737562656E740E1061636164536F6C6964486973746F72790D066174747269620CFFFFFFFF04FFFFFFFF
310
0CFFFFFFFF0CFFFFFFFF0C98000000040100000004010000000400CA9A3B04B9161300110D067665727465780CFFFFFFFF04FFFFFFFF0CFFFFFFFF0CA400000004020000000CB4000000110E0873747261696768740D0563757276650CFFFFFFFF04FFFFFFFF0CFFFFFFFF1300002A17E10F10C0B0420CAEEACA64C0000000
310
000000000014000000000000F03F6AB5B97C4D506B3D00000000000000000B0B110D05706F696E740CFFFFFFFF04FFFFFFFF0CFFFFFFFF1300002A17E10F10C0B0420CAEEACA64C00000000000000000110D06636F656467650CFFFFFFFF04FFFFFFFF0CFFFFFFFF0CB50000000C9D0000000CFFFFFFFF0CB60000000B0C09
310
00000004000000000CFFFFFFFF110D04656467650CB700000004FFFFFFFF0CFFFFFFFF0CB8000000066D422E6D0322F9BF0CAC000000060742110E2222E9BF0C9D0000000CB90000000B0707756E6B6E6F776E110E09706572737562656E740E1061636164536F6C6964486973746F72790D066174747269620CFFFFFFFF04
310
FFFFFFFF0CFFFFFFFF0CFFFFFFFF0C9E000000040100000004010000000400CA9A3B0459714500110D067665727465780CFFFFFFFF04FFFFFFFF0CFFFFFFFF0C9E00000004020000000CBA000000110E0873747261696768740D0563757276650CFFFFFFFF04FFFFFFFF0CFFFFFFFF130000AA292A0C0540F0765F75957165
310
C0000000000000000014D44D828A98A0E63F5AA57A42A4A0E6BF00000000000000000B0B110D05706F696E740CFFFFFFFF04FFFFFFFF0CFFFFFFFF130000AA292A0C0540F0765F75957165C00000000000000000110D06636F656467650CFFFFFFFF04FFFFFFFF0CFFFFFFFF0CA30000000CBB0000000CFFFFFFFF0CBC0000
310
000B0C0900000004000000000CFFFFFFFF110D04656467650CBD00000004FFFFFFFF0CFFFFFFFF0CB20000000600000000000000000CBE0000000621ED78F80300F03F0CA30000000CBF0000000B0707756E6B6E6F776E110E09706572737562656E740E1061636164536F6C6964486973746F72790D066174747269620CFF
310
FFFFFF04FFFFFFFF0CFFFFFFFF0CFFFFFFFF0CA4000000040100000004010000000400CA9A3B04599D1400110D067665727465780CFFFFFFFF04FFFFFFFF0CFFFFFFFF0CB000000004020000000CC0000000110E07656C6C697073650D0563757276650CFFFFFFFF04FFFFFFFF0CFFFFFFFF130000169CE7C70DC0B8C5E83F
310
84B464C000000000000000001400000000000000800000000000000080000000000000F0BF14AF667E236E66E6BF0000000000000000000000000000000006000000000000F03F0B0B110D05706F696E740CFFFFFFFF04FFFFFFFF0CFFFFFFFF13000054A2E9C70DC0A8420CAEEACA64C00000000000000000110D06636F65
310
6467650CFFFFFFFF04FFFFFFFF0CFFFFFFFF0CC10000000CA90000000CFFFFFFFF0CC20000000A0C0900000004000000000CFFFFFFFF110D04656467650CC300000004FFFFFFFF0CFFFFFFFF0CB80000000600000000000000000CC4000000060000F65FC4BED23F0CA90000000CC50000000B0707756E6B6E6F776E110E09
310
706572737562656E740E1061636164536F6C6964486973746F72790D066174747269620CFFFFFFFF04FFFFFFFF0CFFFFFFFF0CFFFFFFFF0CAA000000040100000004010000000400CA9A3B04B9EA4300110D067665727465780CFFFFFFFF04FFFFFFFF0CFFFFFFFF0CAA00000004020000000CC6000000110E07656C6C6970
310
73650D0563757276650CFFFFFFFF04FFFFFFFF0CFFFFFFFF130000707263880D40A036E2BCE57C65C000000000000000001400000000000000800000000000000080000000000000F0BF145F383CBD0700E0BF0000000000000000000000000000000006000000000000F03F0B0B110D05706F696E740CFFFFFFFF04FFFFFF
310
FF0CFFFFFFFF130000ACB351B40A4050753F1F368865C00000000000000000110D06636F656467650CFFFFFFFF04FFFFFFFF0CFFFFFFFF0CAF0000000CC70000000CFFFFFFFF0CC80000000A0C0900000004000000000CFFFFFFFF110D04656467650CC900000004FFFFFFFF0CFFFFFFFF0CCA0000000612483463F9210940
310
0CBE00000006D3AA7E817C6A0F400CAF0000000CCB0000000B0707756E6B6E6F776E110E09706572737562656E740E1061636164536F6C6964486973746F72790D066174747269620CFFFFFFFF04FFFFFFFF0CFFFFFFFF0CFFFFFFFF0CB0000000040100000004010000000400CA9A3B04F9231600110D067665727465780C
310
FFFFFFFF04FFFFFFFF0CFFFFFFFF0CBC00000004020000000CCC000000110E0873747261696768740D0563757276650CFFFFFFFF04FFFFFFFF0CFFFFFFFF130000340D34D209C030612E275BC464C0000000000000000014D469828A98A0E63F5A897A42A4A0E63F00000000000000000B0B110D05706F696E740CFFFFFFFF
310
04FFFFFFFF0CFFFFFFFF130000340D34D209C030612E275BC464C00000000000000000110D06636F656467650CFFFFFFFF04FFFFFFFF0CFFFFFFFF0CCD0000000CB50000000CFFFFFFFF0CCE0000000B0C0900000004000000000CFFFFFFFF110D04656467650CCF00000004FFFFFFFF0CFFFFFFFF0CD000000006D8B368AE
310
F62109400CC4000000066A50A0167ED912400CB50000000CD10000000B0707756E6B6E6F776E110E09706572737562656E740E1061636164536F6C6964486973746F72790D066174747269620CFFFFFFFF04FFFFFFFF0CFFFFFFFF0CFFFFFFFF0CB6000000040100000004010000000400CA9A3B0419644200110D06766572
310
7465780CFFFFFFFF04FFFFFFFF0CFFFFFFFF0CB600000004020000000CD2000000110E0873747261696768740D0563757276650CFFFFFFFF04FFFFFFFF0CFFFFFFFF130000AC7865880D40C8709FC4E58C65C0000000000000000014000000000000F03F6AB5B97C4D506BBD00000000000000000B0B110D05706F696E740C
310
FFFFFFFF04FFFFFFFF0CFFFFFFFF130000AC7865880D40C8709FC4E58C65C00000000000000000110D06636F656467650CFFFFFFFF04FFFFFFFF0CFFFFFFFF0CBB0000000CD30000000CFFFFFFFF0CD40000000A0C0900000004000000000CFFFFFFFF110D04656467650CD500000004FFFFFFFF0CFFFFFFFF0CCA00000006
310
00000000000000000CD600000006000863E6C2C5EF3F0CBB0000000CD70000000B0707756E6B6E6F776E110E09706572737562656E740E1061636164536F6C6964486973746F72790D066174747269620CFFFFFFFF04FFFFFFFF0CFFFFFFFF0CFFFFFFFF0CBC000000040100000004010000000400CA9A3B0499AA1700110D
310
067665727465780CFFFFFFFF04FFFFFFFF0CFFFFFFFF0CC800000004020000000CD8000000110E07656C6C697073650D0563757276650CFFFFFFFF04FFFFFFFF0CFFFFFFFF1300004657BD1F08C0389FB5B0E39D64C000000000000000001400000000000000800000000000000080000000000000F0BF14E5C8328E5366E6
310
BF0000000000000000000000000000000006000000000000F03F0B0B110D05706F696E740CFFFFFFFF04FFFFFFFF0CFFFFFFFF13000034830C2A04C0E0624E7DBAAD64C00000000000000000110D06636F656467650CFFFFFFFF04FFFFFFFF0CFFFFFFFF0CD90000000CC10000000CFFFFFFFF0CDA0000000B0C0900000004
310
000000000CFFFFFFFF110D04656467650CDB00000004FFFFFFFF0CFFFFFFFF0CD00000000600000000000000000CDC0000000600DCB904871617400CC10000000CDD0000000B0707756E6B6E6F776E110E09706572737562656E740E1061636164536F6C6964486973746F72790D066174747269620CFFFFFFFF04FFFFFFFF
310
0CFFFFFFFF0CFFFFFFFF0CC2000000040100000004010000000400CA9A3B0479DD4000110D067665727465780CFFFFFFFF04FFFFFFFF0CFFFFFFFF0CC200000004020000000CDE000000110E07656C6C697073650D0563757276650CFFFFFFFF04FFFFFFFF0CFFFFFFFF130000169C3FE00F40A820CBCBE57C65C000000000
310
000000001400000000000000800000000000000080000000000000F0BF146BD8A2A8F1FFDFBF0000000000000000000000000000000006000000000000F03F0B0B110D05706F696E740CFFFFFFFF04FFFFFFFF0CFFFFFFFF130000AA043EE00F40D0709FC4E58C65C00000000000000000110D06636F656467650CFFFFFFFF
310
04FFFFFFFF0CFFFFFFFF0CC70000000CDF0000000CFFFFFFFF0CE00000000A0C0900000004000000000CFFFFFFFF110D04656467650CE100000004FFFFFFFF0CFFFFFFFF0CD60000000600000000000000000CE20000000600C0DCD0FFFFDF3F0CC70000000CE30000000B0707756E6B6E6F776E110E09706572737562656E
310
740E1061636164536F6C6964486973746F72790D066174747269620CFFFFFFFF04FFFFFFFF0CFFFFFFFF0CFFFFFFFF0CC8000000040100000004010000000400CA9A3B0439311900110D067665727465780CFFFFFFFF04FFFFFFFF0CFFFFFFFF0CD400000004020000000CE4000000110E0873747261696768740D05637572
310
76650CFFFFFFFF04FFFFFFFF0CFFFFFFFF130000B873288602C0B0DD45ABE39D64C00000000000000000140000000000000000000000000000F03F00000000000000000B0B110D05706F696E740CFFFFFFFF04FFFFFFFF0CFFFFFFFF130000B873288602C0B0DD45ABE39D64C00000000000000000110D06636F656467650C
310
FFFFFFFF04FFFFFFFF0CFFFFFFFF0CE50000000CCD0000000CFFFFFFFF0CE60000000B0C0900000004000000000CFFFFFFFF110D04656467650CE700000004FFFFFFFF0CFFFFFFFF0CDC00000006FEC8CFB361EE02C00CE800000006DA0AC1C8F621F9BF0CCD0000000CE90000000B0707756E6B6E6F776E110E0970657273
310
7562656E740E1061636164536F6C6964486973746F72790D066174747269620CFFFFFFFF04FFFFFFFF0CFFFFFFFF0CFFFFFFFF0CCE000000040100000004010000000400CA9A3B04D9563F00110D067665727465780CFFFFFFFF04FFFFFFFF0CFFFFFFFF0CCE00000004020000000CEA000000110E0873747261696768740D
310
0563757276650CFFFFFFFF04FFFFFFFF0CFFFFFFFF13000095E81EF01140E06D7FC2E57C65C00000000000000000140000000000000000000000000000F03F00000000000000000B0B110D05706F696E740CFFFFFFFF04FFFFFFFF0CFFFFFFFF13000095E81EF01140E06D7FC2E57C65C00000000000000000110D06636F65
310
6467650CFFFFFFFF04FFFFFFFF0CFFFFFFFF0CD30000000CEB0000000CFFFFFFFF0CEC0000000A0C0900000004000000000CFFFFFFFF110D04656467650CED00000004FFFFFFFF0CFFFFFFFF0CE20000000617BD4FDDE221F9BF0CEE000000068DEB8B1295CDFA3E0CD30000000CEF0000000B0707756E6B6E6F776E110E09
310
706572737562656E740E1061636164536F6C6964486973746F72790D066174747269620CFFFFFFFF04FFFFFFFF0CFFFFFFFF0CFFFFFFFF0CD4000000040100000004010000000400CA9A3B04D9B71A00110D067665727465780CFFFFFFFF04FFFFFFFF0CFFFFFFFF0CE000000004020000000CF0000000110E087374726169
310
6768740D0563757276650CFFFFFFFF04FFFFFFFF0CFFFFFFFF130000B873288602C0A87A5FE81D7E64C0000000000000000014000000000000F0BF23A091170000603D00000000000000000B0B110D05706F696E740CFFFFFFFF04FFFFFFFF0CFFFFFFFF130000B873288602C0A87A5FE81D7E64C00000000000000000110D
310
06636F656467650CFFFFFFFF04FFFFFFFF0CFFFFFFFF0CF10000000CD90000000CFFFFFFFF0CF20000000B0C0900000004000000000CFFFFFFFF110D04656467650CF300000004FFFFFFFF0CFFFFFFFF0CE80000000600000000000000000CF4000000060000F65FC4BED23F0CD90000000CF50000000B0707756E6B6E6F77
310
6E110E09706572737562656E740E1061636164536F6C6964486973746F72790D066174747269620CFFFFFFFF04FFFFFFFF0CFFFFFFFF0CFFFFFFFF0CDA000000040100000004010000000400CA9A3B0439D03D00110D067665727465780CFFFFFFFF04FFFFFFFF0CFFFFFFFF0CDA00000004020000000CF6000000110E0765
310
6C6C697073650D0563757276650CFFFFFFFF04FFFFFFFF0CFFFFFFFF130000E49B3FE00F4090E3D14E84B464C000000000000000001400000000000000800000000000000080000000000000F0BF149404603A5F66E6BF0000000000000000000000000000000006000000000000F03F0B0B110D05706F696E740CFFFFFFFF
310
04FFFFFFFF0CFFFFFFFF13000095E81EF01140009F598A31C464C00000000000000000110D06636F656467650CFFFFFFFF04FFFFFFFF0CFFFFFFFF0CDF0000000CF70000000CFFFFFFFF0CF80000000A0C0900000004000000000CFFFFFFFF110D04656467650CF900000004FFFFFFFF0CFFFFFFFF0CEE0000000600000000
310
000000000CFA00000006006000600C77F43F0CDF0000000CFB0000000B0707756E6B6E6F776E110E09706572737562656E740E1061636164536F6C6964486973746F72790D066174747269620CFFFFFFFF04FFFFFFFF0CFFFFFFFF0CFFFFFFFF0CE0000000040100000004010000000400CA9A3B04793E1C00110D06766572
310
7465780CFFFFFFFF04FFFFFFFF0CFFFFFFFF0CEC00000004020000000CFC000000110E07656C6C697073650D0563757276650CFFFFFFFF04FFFFFFFF0CFFFFFFFF130000AC34278606C0203DE2AFEA7A64C000000000000000001400000000000000800000000000000080000000000000F0BF1440ED09EAC399B9BF000000
310
0000000000000000000000000006000000000000F03F0B0B110D05706F696E740CFFFFFFFF04FFFFFFFF0CFFFFFFFF130000D46D288606C0A07A5FE81D7E64C00000000000000000110D06636F656467650CFFFFFFFF04FFFFFFFF0CFFFFFFFF0CFD0000000CE50000000CFFFFFFFF0CFE0000000B0C090000000400000000
310
0CFFFFFFFF110D04656467650CFF00000004FFFFFFFF0CFFFFFFFF0CF400000006D83FF21C0122F9BF0C000100000696E0609F1422E9BF0CE50000000C010100000B0707756E6B6E6F776E110E09706572737562656E740E1061636164536F6C6964486973746F72790D066174747269620CFFFFFFFF04FFFFFFFF0CFFFFFF
310
FF0CFFFFFFFF0CE6000000040100000004010000000400CA9A3B0499493C00110D067665727465780CFFFFFFFF04FFFFFFFF0CFFFFFFFF0CE600000004020000000C02010000110E0873747261696768740D0563757276650CFFFFFFFF04FFFFFFFF0CFFFFFFFF130000AA043EE00F40B0420CAEEACA64C000000000000000
310
0014000000000000F0BF6AB5B97C4D506B3D00000000000000000B0B110D05706F696E740CFFFFFFFF04FFFFFFFF0CFFFFFFFF130000AA043EE00F40B0420CAEEACA64C00000000000000000110D06636F656467650CFFFFFFFF04FFFFFFFF0CFFFFFFFF0CEB0000000C030100000CFFFFFFFF0C040100000A0C0900000004
310
000000000CFFFFFFFF110D04656467650C0501000004FFFFFFFF0CFFFFFFFF0CFA0000000600000000000000000C0601000006182D4454FB21F93F0CEB0000000C070100000B0707756E6B6E6F776E110E09706572737562656E740E1061636164536F6C6964486973746F72790D066174747269620CFFFFFFFF04FFFFFFFF
310
0CFFFFFFFF0CFFFFFFFF0CEC000000040100000004010000000400CA9A3B0419C51D00110D067665727465780CFFFFFFFF04FFFFFFFF0CFFFFFFFF0CF800000004020000000C08010000110E0873747261696768740D0563757276650CFFFFFFFF04FFFFFFFF0CFFFFFFFF130000FC53F55207C040E385AAEA7A64C0000000
310
0000000000140000000000000000000000000000F03F00000000000000000B0B110D05706F696E740CFFFFFFFF04FFFFFFFF0CFFFFFFFF130000FC53F55207C040E385AAEA7A64C00000000000000000110D06636F656467650CFFFFFFFF04FFFFFFFF0CFFFFFFFF0C090100000CF10000000CFFFFFFFF0C0A0100000B0C09
310
00000004000000000CFFFFFFFF110D04656467650C0B01000004FFFFFFFF0CFFFFFFFF0C000100000600000000000000000C0C010000064DEA78F80300F03F0CF10000000C0D0100000B0707756E6B6E6F776E110E09706572737562656E740E1061636164536F6C6964486973746F72790D066174747269620CFFFFFFFF04
310
FFFFFFFF0CFFFFFFFF0CFFFFFFFF0CF2000000040100000004010000000400CA9A3B04F9C23A00110D067665727465780CFFFFFFFF04FFFFFFFF0CFFFFFFFF0CF200000004020000000C0E010000110E07656C6C697073650D0563757276650CFFFFFFFF04FFFFFFFF0CFFFFFFFF1300006E7263880D40B8C5E83F84B464C0
310
00000000000000001400000000000000800000000000000080000000000000F0BF14AF667E236E66E6BF0000000000000000000000000000000006000000000000F03F0B0B110D05706F696E740CFFFFFFFF04FFFFFFFF0CFFFFFFFF130000AC7865880D40A8420CAEEACA64C00000000000000000110D06636F656467650C
310
FFFFFFFF04FFFFFFFF0CFFFFFFFF0CF70000000C0F0100000CFFFFFFFF0C100100000A0C0900000004000000000CFFFFFFFF110D04656467650C1101000004FFFFFFFF0CFFFFFFFF0C060100000600000000000000000C1201000006004064E79999E93F0CF70000000C130100000B0707756E6B6E6F776E110E0970657273
310
7562656E740E1061636164536F6C6964486973746F72790D066174747269620CFFFFFFFF04FFFFFFFF0CFFFFFFFF0CFFFFFFFF0CF8000000040100000004010000000400CA9A3B04B94B1F00110D067665727465780CFFFFFFFF04FFFFFFFF0CFFFFFFFF0C0401000004020000000C14010000110E07656C6C697073650D05
310
63757276650CFFFFFFFF04FFFFFFFF0CFFFFFFFF130000FC53F55203C080E2C591FC5164C000000000000000001400000000000000800000000000000080000000000000F0BF14000000000000E0BF0000000000000000000000000000000006000000000000F03F0B0B110D05706F696E740CFFFFFFFF04FFFFFFFF0CFFFF
310
FFFF130000FC53F55207C080E2C591FC5164C00000000000000000110D06636F656467650CFFFFFFFF04FFFFFFFF0CFFFFFFFF0C150100000CFD0000000CFFFFFFFF0C160100000B0C0900000004000000000CFFFFFFFF110D04656467650C1701000004FFFFFFFF0CFFFFFFFF0C0C0100000601FFE9B40422E9BF0C180100
310
000688AF5C50FE10CF3E0CFD0000000C190100000B0707756E6B6E6F776E110E09706572737562656E740E1061636164536F6C6964486973746F72790D066174747269620CFFFFFFFF04FFFFFFFF0CFFFFFFFF0CFFFFFFFF0CFE000000040100000004010000000400CA9A3B04593C3900110D067665727465780CFFFFFFFF
310
04FFFFFFFF0CFFFFFFFF0CFE00000004020000000C1A010000110E0873747261696768740D0563757276650CFFFFFFFF04FFFFFFFF0CFFFFFFFF1300008CE3AF92094030612E275BC464C0000000000000000014D469828A98A0E6BF5A897A42A4A0E63F00000000000000000B0B110D05706F696E740CFFFFFFFF04FFFFFF
310
FF0CFFFFFFFF1300008CE3AF92094030612E275BC464C00000000000000000110D06636F656467650CFFFFFFFF04FFFFFFFF0CFFFFFFFF0C030100000C1B0100000CFFFFFFFF0C1C0100000A0C0900000004000000000CFFFFFFFF110D04656467650C1D01000004FFFFFFFF0CFFFFFFFF0C1201000006182D4454FB21F93F
310
0C1E01000006181D4454FB2109400C030100000C1F0100000B0707756E6B6E6F776E110E09706572737562656E740E1061636164536F6C6964486973746F72790D066174747269620CFFFFFFFF04FFFFFFFF0CFFFFFFFF0CFFFFFFFF0C04010000040100000004010000000400CA9A3B0459D22000110D067665727465780C
310
FFFFFFFF04FFFFFFFF0CFFFFFFFF0C1001000004020000000C20010000110E0873747261696768740D0563757276650CFFFFFFFF04FFFFFFFF0CFFFFFFFF130000FC53F55203C080E2C591FC4164C0000000000000000014000000000000F03FB9AE39C3FFFF53BD00000000000000000B0B110D05706F696E740CFFFFFFFF
310
04FFFFFFFF0CFFFFFFFF130000FC53F55203C080E2C591FC4164C00000000000000000110D06636F656467650CFFFFFFFF04FFFFFFFF0CFFFFFFFF0C210100000C090100000CFFFFFFFF0C220100000B0C0900000004000000000CFFFFFFFF110D04656467650C2301000004FFFFFFFF0CFFFFFFFF0C180100000600000000
310
000000000C2401000006000863E6C2C5EF3F0C090100000C250100000B0707756E6B6E6F776E110E09706572737562656E740E1061636164536F6C6964486973746F72790D066174747269620CFFFFFFFF04FFFFFFFF0CFFFFFFFF0CFFFFFFFF0C0A010000040100000004010000000400CA9A3B04B9B53700110D06766572
310
7465780CFFFFFFFF04FFFFFFFF0CFFFFFFFF0C0A01000004020000000C26010000110E07656C6C697073650D0563757276650CFFFFFFFF04FFFFFFFF0CFFFFFFFF1300009C2D39E00740389FB5B0E39D64C000000000000000001400000000000000800000000000000080000000000000F0BF14E5C8328E5366E6BF000000
310
0000000000000000000000000006000000000000F03F0B0B110D05706F696E740CFFFFFFFF04FFFFFFFF0CFFFFFFFF1300008A5988EA0340E8624E7DBAAD64C00000000000000000110D06636F656467650CFFFFFFFF04FFFFFFFF0CFFFFFFFF0C0F0100000C270100000CFFFFFFFF0C280100000B0C090000000400000000
310
0CFFFFFFFF110D04656467650C2901000004FFFFFFFF0CFFFFFFFF0C1E0100000600000000000000000C2A01000006002C30230E77F43F0C0F0100000C2B0100000B0707756E6B6E6F776E110E09706572737562656E740E1061636164536F6C6964486973746F72790D066174747269620CFFFFFFFF04FFFFFFFF0CFFFFFF
310
FF0CFFFFFFFF0C10010000040100000004010000000400CA9A3B04F9582200110D067665727465780CFFFFFFFF04FFFFFFFF0CFFFFFFFF0C1C01000004020000000C2C010000110E07656C6C697073650D0563757276650CFFFFFFFF04FFFFFFFF0CFFFFFFFF13000044B41DD9F9BF90E2C591FC5164C00000000000000000
310
1400000000000000800000000000000080000000000000F0BF14000800000000E0BF0000000000000000000000000000000006000000000000F03F0B0B110D05706F696E740CFFFFFFFF04FFFFFFFF0CFFFFFFFF13000044B41DD9F9BF88E2C591FC4164C00000000000000000110D06636F656467650CFFFFFFFF04FFFFFF
310
FF0CFFFFFFFF0C2D0100000C150100000CFFFFFFFF0C2E0100000A0C0900000004000000000CFFFFFFFF110D04656467650C2F01000004FFFFFFFF0CFFFFFFFF0C240100000600000000000000000C300100000600C0DCD0FFFFDF3F0C150100000C310100000B0707756E6B6E6F776E110E09706572737562656E740E1061
310
636164536F6C6964486973746F72790D066174747269620CFFFFFFFF04FFFFFFFF0CFFFFFFFF0CFFFFFFFF0C16010000040100000004010000000400CA9A3B04192F3600110D067665727465780CFFFFFFFF04FFFFFFFF0CFFFFFFFF0C1601000004020000000C32010000110E0873747261696768740D0563757276650CFF
310
FFFFFF04FFFFFFFF0CFFFFFFFF130000104AA4460240B0DD45ABE39D64C00000000000000000140000000000000000000000000000F03F00000000000000000B0B110D05706F696E740CFFFFFFFF04FFFFFFFF0CFFFFFFFF130000104AA4460240B0DD45ABE39D64C00000000000000000110D06636F656467650CFFFFFFFF
310
04FFFFFFFF0CFFFFFFFF0C1B0100000C330100000CFFFFFFFF0C340100000A0C0900000004000000000CFFFFFFFF110D04656467650C3501000004FFFFFFFF0CFFFFFFFF0C3601000006182D4454FB21F9BF0C2A0100000600000000000078BD0C1B0100000C370100000B0707756E6B6E6F776E110E09706572737562656E
310
740E1061636164536F6C6964486973746F72790D066174747269620CFFFFFFFF04FFFFFFFF0CFFFFFFFF0CFFFFFFFF0C1C010000040100000004010000000400CA9A3B0499DF2300110D067665727465780CFFFFFFFF04FFFFFFFF0CFFFFFFFF0C2801000004020000000C38010000110E0873747261696768740D05637572
310
76650CFFFFFFFF04FFFFFFFF0CFFFFFFFF13000044B41DD9F1BF70E2C591FC5164C00000000000000000144D966D1DAC04793D000000000000F0BF00000000000000000B0B110D05706F696E740CFFFFFFFF04FFFFFFFF0CFFFFFFFF13000044B41DD9F1BF70E2C591FC5164C00000000000000000110D06636F656467650C
310
FFFFFFFF04FFFFFFFF0CFFFFFFFF0C390100000C210100000CFFFFFFFF0C3A0100000B0C0900000004000000000CFFFFFFFF110D04656467650C3B01000004FFFFFFFF0CFFFFFFFF0C3C01000006D2A379EDED2109400C3001000006D205766176D912400C210100000C3D0100000B0707756E6B6E6F776E110E0970657273
310
7562656E740E1061636164536F6C6964486973746F72790D066174747269620CFFFFFFFF04FFFFFFFF0CFFFFFFFF0CFFFFFFFF0C22010000040100000004010000000400CA9A3B0479A83400110D067665727465780CFFFFFFFF04FFFFFFFF0CFFFFFFFF0C2201000004020000000C3E010000110E0873747261696768740D
310
0563757276650CFFFFFFFF04FFFFFFFF0CFFFFFFFF130000104AA4460240A87A5FE81D7E64C0000000000000000014000000000000F03F23A091170000603D00000000000000000B0B110D05706F696E740CFFFFFFFF04FFFFFFFF0CFFFFFFFF130000104AA4460240A87A5FE81D7E64C00000000000000000110D06636F65
310
6467650CFFFFFFFF04FFFFFFFF0CFFFFFFFF0C270100000C3F0100000CFFFFFFFF0C400100000B0C0900000004000000000CFFFFFFFF110D04656467650C4101000004FFFFFFFF0CFFFFFFFF0C360100000600000000000000000C42010000060000BCA99899B93F0C270100000C430100000B0707756E6B6E6F776E110E09
310
706572737562656E740E1061636164536F6C6964486973746F72790D066174747269620CFFFFFFFF04FFFFFFFF0CFFFFFFFF0CFFFFFFFF0C28010000040100000004010000000400CA9A3B0439662500110D067665727465780CFFFFFFFF04FFFFFFFF0CFFFFFFFF0C3401000004020000000C44010000110E07656C6C6970
310
73650D0563757276650CFFFFFFFF04FFFFFFFF0CFFFFFFFF1300004044DB91BDBF98420CAEEA7A64C000000000000000001400000000000000800000000000000080000000000000F0BF14000000000000F0BF0000000000000000000000000000000006000000000000F03F0B0B110D05706F696E740CFFFFFFFF04FFFFFF
310
FF0CFFFFFFFF13000044B41DD9F1BFC8420CAEEA7A64C00000000000000000110D06636F656467650CFFFFFFFF04FFFFFFFF0CFFFFFFFF0C450100000C2D0100000CFFFFFFFF0C460100000A0C0900000004000000000CFFFFFFFF110D04656467650C4701000004FFFFFFFF0CFFFFFFFF0C3C010000060000000000000000
310
0C4801000006006000600C77F43F0C2D0100000C490100000B0707756E6B6E6F776E110E09706572737562656E740E1061636164536F6C6964486973746F72790D066174747269620CFFFFFFFF04FFFFFFFF0CFFFFFFFF0CFFFFFFFF0C2E010000040100000004010000000400CA9A3B04D9213300110D067665727465780C
310
FFFFFFFF04FFFFFFFF0CFFFFFFFF0C2E01000004020000000C4A010000110E07656C6C697073650D0563757276650CFFFFFFFF04FFFFFFFF0CFFFFFFFF130000040BA3460640203DE2AFEA7A64C000000000000000001400000000000000800000000000000080000000000000F0BF1440ED09EAC399B9BF00000000000000
310
00000000000000000006000000000000F03F0B0B110D05706F696E740CFFFFFFFF04FFFFFFFF0CFFFFFFFF1300002C44A4460640A07A5FE81D7E64C00000000000000000110D06636F656467650CFFFFFFFF04FFFFFFFF0CFFFFFFFF0C330100000C4B0100000CFFFFFFFF0C4C0100000B0C0900000004000000000CFFFFFF
310
FF110D04656467650C4D01000004FFFFFFFF0CFFFFFFFF0C4E0100000600000000000000000C42010000060000BAA99899B93F0C330100000C4F0100000B0707756E6B6E6F776E110E09706572737562656E740E1061636164536F6C6964486973746F72790D066174747269620CFFFFFFFF04FFFFFFFF0CFFFFFFFF0CFFFF
310
FFFF0C34010000040100000004010000000400CA9A3B04D9EC2600110D067665727465780CFFFFFFFF04FFFFFFFF0CFFFFFFFF0C4001000004020000000C50010000110E0873747261696768740D0563757276650CFFFFFFFF04FFFFFFFF0CFFFFFFFF1300004044DB91BDBF98420CAEEA9A64C00000000000000000140000
310
00000000F03FDCB666BB000084BD00000000000000000B0B110D05706F696E740CFFFFFFFF04FFFFFFFF0CFFFFFFFF1300004044DB91BDBF98420CAEEA9A64C00000000000000000110D06636F656467650CFFFFFFFF04FFFFFFFF0CFFFFFFFF0C510100000C390100000CFFFFFFFF0C520100000B0C090000000400000000
310
0CFFFFFFFF110D04656467650C5301000004FFFFFFFF0CFFFFFFFF0C5401000006182D4454FB21F93F0C4801000006182D4454FB2109400C390100000C550100000B0707756E6B6E6F776E110E09706572737562656E740E1061636164536F6C6964486973746F72790D066174747269620CFFFFFFFF04FFFFFFFF0CFFFFFF
310
FF0CFFFFFFFF0C3A010000040100000004010000000400CA9A3B04399B3100110D067665727465780CFFFFFFFF04FFFFFFFF0CFFFFFFFF0C3A01000004020000000C56010000110E0873747261696768740D0563757276650CFFFFFFFF04FFFFFFFF0CFFFFFFFF130000522A7113074040E385AAEA7A64C000000000000000
310
00140000000000000000000000000000F03F00000000000000000B0B110D05706F696E740CFFFFFFFF04FFFFFFFF0CFFFFFFFF130000522A7113074040E385AAEA7A64C00000000000000000110D06636F656467650CFFFFFFFF04FFFFFFFF0CFFFFFFFF0C3F0100000C510100000CFFFFFFFF0C570100000B0C0900000004
310
000000000CFFFFFFFF110D04656467650C5801000004FFFFFFFF0CFFFFFFFF0C590100000618214454FB2109C00C4E01000006182D4454FB21F9BF0C3F0100000C5A0100000B0707756E6B6E6F776E110E09706572737562656E740E1061636164536F6C6964486973746F72790D066174747269620CFFFFFFFF04FFFFFFFF
310
0CFFFFFFFF0CFFFFFFFF0C40010000040100000004010000000400CA9A3B0479732800110D067665727465780CFFFFFFFF04FFFFFFFF0CFFFFFFFF0C4C01000004020000000C5B010000110E0873747261696768740D0563757276650CFFFFFFFF04FFFFFFFF0CFFFFFFFF130000400F56A1B53F98420CAEEA9A64C0000000
310
000000000014000000000000F0BFDCB666BB000084BD00000000000000000B0B110D05706F696E740CFFFFFFFF04FFFFFFFF0CFFFFFFFF13000000D414C28FBFA0420CAEEA9A64C00000000000000000110D06636F656467650CFFFFFFFF04FFFFFFFF0CFFFFFFFF0C4B0100000C450100000CFFFFFFFF0C5C0100000A0C09
310
00000004000000000CFFFFFFFF110D04656467650C5D01000004FFFFFFFF0CFFFFFFFF0C540100000600000000000000000C5E01000006004064E79999E93F0C450100000C5F0100000B0707756E6B6E6F776E110E09706572737562656E740E1061636164536F6C6964486973746F72790D066174747269620CFFFFFFFF04
310
FFFFFFFF0CFFFFFFFF0CFFFFFFFF0C46010000040100000004010000000400CA9A3B0499143000110D067665727465780CFFFFFFFF04FFFFFFFF0CFFFFFFFF0C4601000004020000000C60010000110E07656C6C697073650D0563757276650CFFFFFFFF04FFFFFFFF0CFFFFFFFF130000522A7113034080E2C591FC5164C0
310
00000000000000001400000000000000800000000000000080000000000000F0BF14000000000000E0BF0000000000000000000000000000000006000000000000F03F0B0B110D05706F696E740CFFFFFFFF04FFFFFFFF0CFFFFFFFF130000522A7113074080E2C591FC5164C00000000000000000110D04656467650C6101
310
000004FFFFFFFF0CFFFFFFFF0C620100000600000000000000000C5901000006002C30230E77F43F0C4B0100000C630100000B0707756E6B6E6F776E110E09706572737562656E740E1061636164536F6C6964486973746F72790D066174747269620CFFFFFFFF04FFFFFFFF0CFFFFFFFF0CFFFFFFFF0C4C01000004010000
310
0004010000000400CA9A3B0419FA2900110D067665727465780CFFFFFFFF04FFFFFFFF0CFFFFFFFF0C5701000004020000000C64010000110E07656C6C697073650D0563757276650CFFFFFFFF04FFFFFFFF0CFFFFFFFF130000400F56A1B53F98420CAEEA7A64C00000000000000000140000000000000080000000000000
310
0080000000000000F0BF14000000000000F0BF0000000000000000000000000000000006000000000000F03F0B0B110D05706F696E740CFFFFFFFF04FFFFFFFF0CFFFFFFFF130000400F56A1B53F98420CAEEA9A64C00000000000000000110D04656467650C6501000004FFFFFFFF0CFFFFFFFF0C62010000060000000000
310
00803D0C5E01000006182D4454FB21F93F0C510100000C660100000B0707756E6B6E6F776E110E09706572737562656E740E1061636164536F6C6964486973746F72790D066174747269620CFFFFFFFF04FFFFFFFF0CFFFFFFFF0CFFFFFFFF0C52010000040100000004010000000400CA9A3B04F98D2E00110D0676657274
310
65780CFFFFFFFF04FFFFFFFF0CFFFFFFFF0C5201000004020000000C67010000110E0873747261696768740D0563757276650CFFFFFFFF04FFFFFFFF0CFFFFFFFF130000522A7113034080E2C591FC4164C0000000000000000014000000000000F0BFB9AE39C3FFFF53BD00000000000000000B0B110D05706F696E740CFF
310
FFFFFF04FFFFFFFF0CFFFFFFFF130000522A7113034080E2C591FC4164C00000000000000000110E09706572737562656E740E1061636164536F6C6964486973746F72790D066174747269620CFFFFFFFF04FFFFFFFF0CFFFFFFFF0CFFFFFFFF0C57010000040100000004010000000400CA9A3B04B9802B00110D06766572
310
7465780CFFFFFFFF04FFFFFFFF0CFFFFFFFF0C5C01000004020000000C68010000110E0873747261696768740D0563757276650CFFFFFFFF04FFFFFFFF0CFFFFFFFF130000F460155AF13F70E2C591FC5164C00000000000000000144D966D1DAC0479BD000000000000F0BF00000000000000000B0B110D05706F696E740C
310
FFFFFFFF04FFFFFFFF0CFFFFFFFF130000F460155AF13FC8420CAEEA7A64C00000000000000000110E09706572737562656E740E1061636164536F6C6964486973746F72790D066174747269620CFFFFFFFF04FFFFFFFF0CFFFFFFFF0CFFFFFFFF0C5C010000040100000004010000000400CA9A3B0459072D00110E07656C
310
6C697073650D0563757276650CFFFFFFFF04FFFFFFFF0CFFFFFFFF130000F460155AF93F90E2C591FC5164C000000000000000001400000000000000800000000000000080000000000000F0BF14000800000000E0BF0000000000000000000000000000000006000000000000F03F0B0B110D05706F696E740CFFFFFFFF04
310
FFFFFFFF0CFFFFFFFF130000F460155AF93F88E2C591FC4164C00000000000000000110D05706F696E740CFFFFFFFF04FFFFFFFF0CFFFFFFFF130000F460155AF13F70E2C591FC5164C00000000000000000110E03456E640E026F660E0341534D0D0464617461
  0
ENDSEC
  0
EOF
