  0
SECTION
  2
HEADER
  9
$ACADVER
  1
AC1027
  9
$ACADMAINTVER
 70
     8
  9
$DWGCODEPAGE
  3
ANSI_1254
  9
$REQUIREDVERSIONS
160
                 0
  9
$INSBASE
 10
0.0
 20
0.0
 30
0.0
  9
$EXTMIN
 10
-84895.69519469284
 20
-16016.59571391443
 30
-70.63299790526267
  9
$EXTMAX
 10
34856.17922438902
 20
53953.11707225569
 30
0.1670391624793321
  9
$LIMMIN
 10
0.0
 20
0.0
  9
$LIMMAX
 10
420.0
 20
297.0
  9
$ORTHOMODE
 70
     0
  9
$REGENMODE
 70
     1
  9
$FILLMODE
 70
     1
  9
$QTEXTMODE
 70
     0
  9
$MIRRTEXT
 70
     0
  9
$LTSCALE
 40
1.0
  9
$ATTMODE
 70
     1
  9
$TEXTSIZE
 40
2.5
  9
$TRACEWID
 40
1.0
  9
$TEXTSTYLE
  7
Standard
  9
$CLAYER
  8
KOMPOZIT
  9
$CELTYPE
  6
ByLayer
  9
$CECOLOR
 62
   256
  9
$CELTSCALE
 40
1.0
  9
$DISPSILH
 70
     0
  9
$DIMSCALE
 40
1.0
  9
$DIMASZ
 40
2.5
  9
$DIMEXO
 40
0.625
  9
$DIMDLI
 40
3.75
  9
$DIMRND
 40
0.0
  9
$DIMDLE
 40
0.0
  9
$DIMEXE
 40
1.25
  9
$DIMTP
 40
0.0
  9
$DIMTM
 40
0.0
  9
$DIMTXT
 40
2.5
  9
$DIMCEN
 40
2.5
  9
$DIMTSZ
 40
0.0
  9
$DIMTOL
 70
     0
  9
$DIMLIM
 70
     0
  9
$DIMTIH
 70
     0
  9
$DIMTOH
 70
     0
  9
$DIMSE1
 70
     0
  9
$DIMSE2
 70
     0
  9
$DIMTAD
 70
     1
  9
$DIMZIN
 70
     8
  9
$DIMBLK
  1

  9
$DIMASO
 70
     1
  9
$DIMSHO
 70
     1
  9
$DIMPOST
  1

  9
$DIMAPOST
  1

  9
$DIMALT
 70
     0
  9
$DIMALTD
 70
     3
  9
$DIMALTF
 40
0.03937007874016
  9
$DIMLFAC
 40
1.0
  9
$DIMTOFL
 70
     1
  9
$DIMTVP
 40
0.0
  9
$DIMTIX
 70
     0
  9
$DIMSOXD
 70
     0
  9
$DIMSAH
 70
     0
  9
$DIMBLK1
  1

  9
$DIMBLK2
  1

  9
$DIMSTYLE
  2
ISO-25
  9
$DIMCLRD
 70
     0
  9
$DIMCLRE
 70
     0
  9
$DIMCLRT
 70
     0
  9
$DIMTFAC
 40
1.0
  9
$DIMGAP
 40
0.625
  9
$DIMJUST
 70
     0
  9
$DIMSD1
 70
     0
  9
$DIMSD2
 70
     0
  9
$DIMTOLJ
 70
     0
  9
$DIMTZIN
 70
     8
  9
$DIMALTZ
 70
     0
  9
$DIMALTTZ
 70
     0
  9
$DIMUPT
 70
     0
  9
$DIMDEC
 70
     2
  9
$DIMTDEC
 70
     2
  9
$DIMALTU
 70
     2
  9
$DIMALTTD
 70
     3
  9
$DIMTXSTY
  7
Standard
  9
$DIMAUNIT
 70
     0
  9
$DIMADEC
 70
     0
  9
$DIMALTRND
 40
0.0
  9
$DIMAZIN
 70
     0
  9
$DIMDSEP
 70
    44
  9
$DIMATFIT
 70
     3
  9
$DIMFRAC
 70
     0
  9
$DIMLDRBLK
  1

  9
$DIMLUNIT
 70
     2
  9
$DIMLWD
 70
    -2
  9
$DIMLWE
 70
    -2
  9
$DIMTMOVE
 70
     0
  9
$DIMFXL
 40
1.0
  9
$DIMFXLON
 70
     0
  9
$DIMJOGANG
 40
0.7853981633974483
  9
$DIMTFILL
 70
     0
  9
$DIMTFILLCLR
 70
     0
  9
$DIMARCSYM
 70
     0
  9
$DIMLTYPE
  6

  9
$DIMLTEX1
  6

  9
$DIMLTEX2
  6

  9
$DIMTXTDIRECTION
 70
     0
  9
$LUNITS
 70
     2
  9
$LUPREC
 70
     4
  9
$SKETCHINC
 40
1.0
  9
$FILLETRAD
 40
0.0
  9
$AUNITS
 70
     0
  9
$AUPREC
 70
     0
  9
$MENU
  1
.
  9
$ELEVATION
 40
0.0
  9
$PELEVATION
 40
0.0
  9
$THICKNESS
 40
0.0
  9
$LIMCHECK
 70
     0
  9
$CHAMFERA
 40
0.0
  9
$CHAMFERB
 40
0.0
  9
$CHAMFERC
 40
0.0
  9
$CHAMFERD
 40
0.0
  9
$SKPOLY
 70
     0
  9
$TDCREATE
 40
2455827.480789155
  9
$TDUCREATE
 40
2455827.355789155
  9
$TDUPDATE
 40
2461292.873229167
  9
$TDUUPDATE
 40
2461292.748229167
  9
$TDINDWG
 40
37.9635923032
  9
$TDUSRTIMER
 40
37.9635921759
  9
$USRTIMER
 70
     1
  9
$ANGBASE
 50
0.0
  9
$ANGDIR
 70
     0
  9
$PDMODE
 70
     0
  9
$PDSIZE
 40
0.0
  9
$PLINEWID
 40
0.0
  9
$SPLFRAME
 70
     0
  9
$SPLINETYPE
 70
     6
  9
$SPLINESEGS
 70
     8
  9
$HANDSEED
  5
205
  9
$SURFTAB1
 70
     6
  9
$SURFTAB2
 70
     6
  9
$SURFTYPE
 70
     6
  9
$SURFU
 70
     6
  9
$SURFV
 70
     6
  9
$UCSBASE
  2

  9
$UCSNAME
  2

  9
$UCSORG
 10
0.0
 20
0.0
 30
0.0
  9
$UCSXDIR
 10
1.0
 20
0.0
 30
0.0
  9
$UCSYDIR
 10
0.0
 20
1.0
 30
0.0
  9
$UCSORTHOREF
  2

  9
$UCSORTHOVIEW
 70
     0
  9
$UCSORGTOP
 10
0.0
 20
0.0
 30
0.0
  9
$UCSORGBOTTOM
 10
0.0
 20
0.0
 30
0.0
  9
$UCSORGLEFT
 10
0.0
 20
0.0
 30
0.0
  9
$UCSORGRIGHT
 10
0.0
 20
0.0
 30
0.0
  9
$UCSORGFRONT
 10
0.0
 20
0.0
 30
0.0
  9
$UCSORGBACK
 10
0.0
 20
0.0
 30
0.0
  9
$PUCSBASE
  2

  9
$PUCSNAME
  2

  9
$PUCSORG
 10
0.0
 20
0.0
 30
0.0
  9
$PUCSXDIR
 10
1.0
 20
0.0
 30
0.0
  9
$PUCSYDIR
 10
0.0
 20
1.0
 30
0.0
  9
$PUCSORTHOREF
  2

  9
$PUCSORTHOVIEW
 70
     0
  9
$PUCSORGTOP
 10
0.0
 20
0.0
 30
0.0
  9
$PUCSORGBOTTOM
 10
0.0
 20
0.0
 30
0.0
  9
$PUCSORGLEFT
 10
0.0
 20
0.0
 30
0.0
  9
$PUCSORGRIGHT
 10
0.0
 20
0.0
 30
0.0
  9
$PUCSORGFRONT
 10
0.0
 20
0.0
 30
0.0
  9
$PUCSORGBACK
 10
0.0
 20
0.0
 30
0.0
  9
$USERI1
 70
     0
  9
$USERI2
 70
     0
  9
$USERI3
 70
     0
  9
$USERI4
 70
     0
  9
$USERI5
 70
     0
  9
$USERR1
 40
0.0
  9
$USERR2
 40
0.0
  9
$USERR3
 40
0.0
  9
$USERR4
 40
0.0
  9
$USERR5
 40
0.0
  9
$WORLDVIEW
 70
     1
  9
$SHADEDGE
 70
     3
  9
$SHADEDIF
 70
    70
  9
$TILEMODE
 70
     1
  9
$MAXACTVP
 70
    64
  9
$PINSBASE
 10
0.0
 20
0.0
 30
0.0
  9
$PLIMCHECK
 70
     0
  9
$PEXTMIN
 10
29.06818420886992
 20
20.36233246326446
 30
0.0
  9
$PEXTMAX
 10
261.6136578798294
 20
183.2609921693802
 30
0.0
  9
$PLIMMIN
 10
-3.17498779296875
 20
-3.174999952316283
  9
$PLIMMAX
 10
293.8568420410156
 20
206.7983276844024
  9
$UNITMODE
 70
     0
  9
$VISRETAIN
 70
     1
  9
$PLINEGEN
 70
     0
  9
$PSLTSCALE
 70
     1
  9
$TREEDEPTH
 70
  3020
  9
$CMLSTYLE
  2
Standard
  9
$CMLJUST
 70
     0
  9
$CMLSCALE
 40
20.0
  9
$PROXYGRAPHICS
 70
     1
  9
$MEASUREMENT
 70
     1
  9
$CELWEIGHT
370
    -1
  9
$ENDCAPS
280
     0
  9
$JOINSTYLE
280
     0
  9
$LWDISPLAY
290
     0
  9
$INSUNITS
 70
     4
  9
$HYPERLINKBASE
  1

  9
$STYLESHEET
  1

  9
$XEDIT
290
     1
  9
$CEPSNTYPE
380
     0
  9
$PSTYLEMODE
290
     1
  9
$FINGERPRINTGUID
  2
{BAFB7D7C-EF07-46CC-B673-AE9FDB53BAC1}
  9
$VERSIONGUID
  2
{E7778DAC-DB55-E54C-939E-1653FE1F07BA}
  9
$EXTNAMES
290
     1
  9
$PSVPSCALE
 40
0.0
  9
$OLESTARTUP
290
     0
  9
$SORTENTS
280
   127
  9
$INDEXCTL
280
     0
  9
$HIDETEXT
280
     1
  9
$XCLIPFRAME
280
     2
  9
$HALOGAP
280
     0
  9
$OBSCOLOR
 70
   257
  9
$OBSLTYPE
280
     0
  9
$INTERSECTIONDISPLAY
280
     0
  9
$INTERSECTIONCOLOR
 70
   257
  9
$DIMASSOC
280
     2
  9
$PROJECTNAME
  1

  9
$CAMERADISPLAY
290
     0
  9
$LENSLENGTH
 40
50.0
  9
$CAMERAHEIGHT
 40
0.0
  9
$STEPSPERSEC
 40
2.0
  9
$STEPSIZE
 40
6.0
  9
$3DDWFPREC
 40
2.0
  9
$PSOLWIDTH
 40
5.0
  9
$PSOLHEIGHT
 40
80.0
  9
$LOFTANG1
 40
1.570796326794896
  9
$LOFTANG2
 40
1.570796326794896
  9
$LOFTMAG1
 40
0.0
  9
$LOFTMAG2
 40
0.0
  9
$LOFTPARAM
 70
     7
  9
$LOFTNORMALS
280
     1
  9
$LATITUDE
 40
37.795
  9
$LONGITUDE
 40
-122.394
  9
$NORTHDIRECTION
 40
0.0
  9
$TIMEZONE
 70
 -8000
  9
$LIGHTGLYPHDISPLAY
280
     1
  9
$TILEMODELIGHTSYNCH
280
     1
  9
$CMATERIAL
347
4F
  9
$SOLIDHIST
280
     1
  9
$SHOWHIST
280
     1
  9
$DWFFRAME
280
     2
  9
$DGNFRAME
280
     0
  9
$REALWORLDSCALE
290
     1
  9
$INTERFERECOLOR
 62
     1
  9
$INTERFEREOBJVS
345
5F
  9
$INTERFEREVPVS
346
60
  9
$CSHADOW
280
     0
  9
$SHADOWPLANELOCATION
 40
0.0
  0
ENDSEC
  0
SECTION
  2
CLASSES
  0
CLASS
  1
ACDBDICTIONARYWDFLT
  2
AcDbDictionaryWithDefault
  3
ObjectDBX Classes
 90
        0
 91
        1
280
     0
281
     0
  0
CLASS
  1
DICTIONARYVAR
  2
AcDbDictionaryVar
  3
ObjectDBX Classes
 90
        0
 91
        5
280
     0
281
     0
  0
CLASS
  1
TABLESTYLE
  2
AcDbTableStyle
  3
ObjectDBX Classes
 90
     4095
 91
        1
280
     0
281
     0
  0
CLASS
  1
MATERIAL
  2
AcDbMaterial
  3
ObjectDBX Classes
 90
     1153
 91
        3
280
     0
281
     0
  0
CLASS
  1
VISUALSTYLE
  2
AcDbVisualStyle
  3
ObjectDBX Classes
 90
     4095
 91
        3
280
     0
281
     0
  0
CLASS
  1
SCALE
  2
AcDbScale
  3
ObjectDBX Classes
 90
     1153
 91
       17
280
     0
281
     0
  0
CLASS
  1
MLEADERSTYLE
  2
AcDbMLeaderStyle
  3
ACDB_MLEADERSTYLE_CLASS
 90
     4095
 91
        0
280
     0
281
     0
  0
CLASS
  1
CELLSTYLEMAP
  2
AcDbCellStyleMap
  3
ObjectDBX Classes
 90
     1152
 91
        1
280
     0
281
     0
  0
CLASS
  1
EXACXREFPANELOBJECT
  2
ExAcXREFPanelObject
  3
EXAC_ESW
 90
     1025
 91
        0
280
     1
281
     0
  0
CLASS
  1
NPOCOLLECTION
  2
AcDbImpNonPersistentObjectsCollection
  3
ObjectDBX Classes
 90
     1153
 91
        0
280
     0
281
     0
  0
CLASS
  1
LAYER_INDEX
  2
AcDbLayerIndex
  3
ObjectDBX Classes
 90
        0
 91
        0
280
     0
281
     0
  0
CLASS
  1
SPATIAL_INDEX
  2
AcDbSpatialIndex
  3
ObjectDBX Classes
 90
        0
 91
        0
280
     0
281
     0
  0
CLASS
  1
IDBUFFER
  2
AcDbIdBuffer
  3
ObjectDBX Classes
 90
        0
 91
        0
280
     0
281
     0
  0
CLASS
  1
ACAD_EVALUATION_GRAPH
  2
AcDbEvalGraph
  3
ObjectDBX Classes
 90
     1153
 91
        2
280
     0
281
     0
  0
CLASS
  1
BLOCKLINEARPARAMETER
  2
AcDbBlockLinearParameter
  3
ObjectDBX Classes
 90
     1153
 91
        2
280
     0
281
     0
  0
CLASS
  1
BLOCKLINEARGRIP
  2
AcDbBlockLinearGrip
  3
ObjectDBX Classes
 90
     1153
 91
        1
280
     0
281
     0
  0
CLASS
  1
BLOCKGRIPLOCATIONCOMPONENT
  2
AcDbBlockGripExpr
  3
ObjectDBX Classes
 90
     1153
 91
        6
280
     0
281
     0
  0
CLASS
  1
BLOCKARRAYACTION
  2
AcDbBlockArrayAction
  3
ObjectDBX Classes
 90
     1153
 91
        2
280
     0
281
     0
  0
CLASS
  1
ACDB_DYNAMICBLOCKPURGEPREVENTER_VERSION
  2
AcDbDynamicBlockPurgePreventer
  3
ObjectDBX Classes
 90
     1153
 91
        2
280
     0
281
     0
  0
CLASS
  1
ACDB_BLOCKREPRESENTATION_DATA
  2
AcDbBlockRepresentationData
  3
ObjectDBX Classes
 90
     1153
 91
        5
280
     0
281
     0
  0
CLASS
  1
SORTENTSTABLE
  2
AcDbSortentsTable
  3
ObjectDBX Classes
 90
        0
 91
       12
280
     0
281
     0
  0
CLASS
  1
AEC_REFEDIT_STATUS_TRACKER
  2
AecDbRefEditStatusTracker
  3
AecArchBase80|Product Desc: Autodesk Architectural Desktop 2007 |Company: Autodesk,Inc. |WEB Address: www.autodesk.com
 90
      129
 91
        0
280
     1
281
     0
  0
CLASS
  1
BLOCKSTRETCHACTION
  2
AcDbBlockStretchAction
  3
ObjectDBX Classes
 90
     1153
 91
        1
280
     0
281
     0
  0
CLASS
  1
ACDBSECTIONVIEWSTYLE
  2
AcDbSectionViewStyle
  3
ObjectDBX Classes
 90
     1025
 91
        0
280
     0
281
     0
  0
CLASS
  1
ACDBDETAILVIEWSTYLE
  2
AcDbDetailViewStyle
  3
ObjectDBX Classes
 90
     1025
 91
        0
280
     0
281
     0
  0
CLASS
  1
ACAECUSTOBJ
  2
AcAeEditorObj
  3
AcAeEditorObj
 90
     1024
 91
        0
280
     1
281
     0
  0
CLASS
  1
LINEARPARAMETERENTITY
  2
AcDbBlockLinearParameterEntity
  3
ObjectDBX Classes
 90
     1025
 91
        0
280
     0
281
     1
  0
CLASS
  1
ACAEEEMGROBJ
  2
AcAeEEMgrObj
  3
AcAeEEMgrObj
 90
     1024
 91
        0
280
     0
281
     0
  0
CLASS
  1
LINEARGRIPENTITY
  2
AcDbBlockLinearGripEntity
  3
ObjectDBX Classes
 90
     1025
 91
        0
280
     0
281
     1
  0
CLASS
  1
ARRAYACTIONENTITY
  2
AcDbBlockArrayActionEntity
  3
ObjectDBX Classes
 90
     1025
 91
        0
280
     0
281
     1
  0
CLASS
  1
STRETCHACTIONENTITY
  2
AcDbBlockStretchActionEntity
  3
ObjectDBX Classes
 90
     1025
 91
        0
280
     0
281
     1
  0
CLASS
  1
BLOCKMOVEACTION
  2
AcDbBlockMoveAction
  3
ObjectDBX Classes
 90
     1153
 91
        0
280
     0
281
     0
  0
CLASS
  1
DIMASSOC
  2
AcDbDimAssoc
  3
"AcDbDimAssoc|Product Desc:     AcDim ARX App For Dimension|Company:          Autodesk, Inc.|WEB Address:      www.autodesk.com"
 90
        0
 91
        0
280
     0
281
     0
  0
CLASS
  1
BLOCKSCALEACTION
  2
AcDbBlockScaleAction
  3
ObjectDBX Classes
 90
     1153
 91
        0
280
     0
281
     0
  0
CLASS
  1
MULTILEADER
  2
AcDbMLeader
  3
ACDB_MLEADER_CLASS
 90
     1025
 91
        0
280
     0
281
     1
  0
CLASS
  1
BLOCKBASEPOINTPARAMETER
  2
AcDbBlockBasepointParameter
  3
ObjectDBX Classes
 90
     1153
 91
        1
280
     0
281
     0
  0
CLASS
  1
DBCOLOR
  2
AcDbColor
  3
ObjectDBX Classes
 90
        0
 91
        0
280
     0
281
     0
  0
CLASS
  1
BASEPOINTPARAMETERENTITY
  2
AcDbBlockBasepointParameterEntity
  3
ObjectDBX Classes
 90
     1025
 91
        0
280
     0
281
     1
  0
CLASS
  1
IMAGEDEF
  2
AcDbRasterImageDef
  3
ISM
 90
        0
 91
        0
280
     0
281
     0
  0
CLASS
  1
RASTERVARIABLES
  2
AcDbRasterVariables
  3
ISM
 90
        0
 91
        0
280
     0
281
     0
  0
CLASS
  1
IMAGEDEF_REACTOR
  2
AcDbRasterImageDefReactor
  3
ISM
 90
        1
 91
        0
280
     0
281
     0
  0
CLASS
  1
IMAGE
  2
AcDbRasterImage
  3
ISM
 90
     2175
 91
        0
280
     0
281
     1
  0
CLASS
  1
WIPEOUT
  2
AcDbWipeout
  3
WipeOut|Product Desc: Object Enabler for WipeOut entity | Company: Autodesk, Inc. | WEB Address: www.autodesk.com
 90
     2175
 91
        1
280
     0
281
     1
  0
CLASS
  1
WIPEOUTVARIABLES
  2
AcDbWipeoutVariables
  3
"WipeOut|Product Desc:     WipeOut Dbx Application|Company:          Autodesk, Inc.|WEB Address:      www.autodesk.com"
 90
        0
 91
        0
280
     0
281
     0
  0
CLASS
  1
MOVEACTIONENTITY
  2
AcDbBlockMoveActionEntity
  3
ObjectDBX Classes
 90
     1025
 91
        0
280
     0
281
     1
  0
CLASS
  1
BLOCKVISIBILITYPARAMETER
  2
AcDbBlockVisibilityParameter
  3
ObjectDBX Classes
 90
     1153
 91
        1
280
     0
281
     0
  0
CLASS
  1
BLOCKVISIBILITYGRIP
  2
AcDbBlockVisibilityGrip
  3
ObjectDBX Classes
 90
     1153
 91
        1
280
     0
281
     0
  0
CLASS
  1
VISIBILITYPARAMETERENTITY
  2
AcDbBlockVisibilityParameterEntity
  3
ObjectDBX Classes
 90
     1025
 91
        0
280
     0
281
     1
  0
CLASS
  1
VISIBILITYGRIPENTITY
  2
AcDbBlockVisibilityGripEntity
  3
ObjectDBX Classes
 90
     1025
 91
        0
280
     0
281
     1
  0
CLASS
  1
BLOCKLOOKUPPARAMETER
  2
AcDbBlockLookupParameter
  3
ObjectDBX Classes
 90
     1153
 91
        1
280
     0
281
     0
  0
CLASS
  1
BLOCKLOOKUPGRIP
  2
AcDbBlockLookupGrip
  3
ObjectDBX Classes
 90
     1153
 91
        1
280
     0
281
     0
  0
CLASS
  1
BLOCKLOOKUPACTION
  2
AcDbBlockLookupAction
  3
ObjectDBX Classes
 90
     1153
 91
        1
280
     0
281
     0
  0
CLASS
  1
LOOKUPPARAMETERENTITY
  2
AcDbBlockLookupParameterEntity
  3
ObjectDBX Classes
 90
     1025
 91
        0
280
     0
281
     1
  0
CLASS
  1
LOOKUPGRIPENTITY
  2
AcDbBlockLookupGripEntity
  3
ObjectDBX Classes
 90
     1025
 91
        0
280
     0
281
     1
  0
CLASS
  1
LOOKUPACTIONENTITY
  2
AcDbBlockLookupActionEntity
  3
ObjectDBX Classes
 90
     1025
 91
        0
280
     0
281
     1
  0
CLASS
  1
RAPIDRTRENDERSETTINGS
  2
AcDbRapidRTRenderSettings
  3
ObjectDBX Classes
 90
     1024
 91
        0
280
     1
281
     0
  0
CLASS
  1
MENTALRAYRENDERSETTINGS
  2
AcDbMentalRayRenderSettings
  3
SCENEOE
 90
     1024
 91
        0
280
     1
281
     0
  0
CLASS
  1
ACDBASSOCPERSSUBENTMANAGER
  2
AcDbAssocPersSubentManager
  3
ObjectDBX Classes
 90
     1024
 91
        0
280
     0
281
     0
  0
CLASS
  1
ACAD_TABLE
  2
AcDbTable
  3
ObjectDBX Classes
 90
     1025
 91
        0
280
     0
281
     1
  0
CLASS
  1
TABLECONTENT
  2
AcDbTableContent
  3
ObjectDBX Classes
 90
     1152
 91
        0
280
     0
281
     0
  0
CLASS
  1
TABLEGEOMETRY
  2
AcDbTableGeometry
  3
ObjectDBX Classes
 90
     1152
 91
        0
280
     0
281
     0
  0
ENDSEC
  0
SECTION
  2
TABLES
  0
TABLE
  2
VPORT
  5
29
330
0
100
AcDbSymbolTable
 70
     1
1001
ACAD
1000
DbSaveVer
1071
      247
  0
VPORT
  5
2A
330
29
100
AcDbSymbolTableRecord
100
AcDbViewportTableRecord
  2
*Active
 70
     0
 10
0.0
 20
0.0
 11
1.0
 21
1.0
 12
-74307.26920324005
 22
4337.742094995932
 13
0.0
 23
0.0
 14
10.0
 24
10.0
 15
10.0
 25
10.0
 16
0.0
 26
0.0
 36
1.0
 17
0.0
 27
0.0
 37
0.0
 40
365.7009191520307
 41
2.580896686159844
 42
50.0
 43
0.0
 44
0.0
 50
0.0
 51
0.0
 71
     0
 72
  1000
 73
     1
 74
     3
 75
     0
 76
     0
 77
     0
 78
     2
281
     0
 65
     1
110
0.0
120
0.0
130
0.0
111
1.0
121
0.0
131
0.0
112
0.0
122
1.0
132
0.0
 79
     0
146
0.0
348
2B
 60
     3
 61
     5
292
     1
282
     1
141
0.0
142
0.0
 63
   250
421
  3355443
1001
ACAD_NAV_VCDISPLAY
1070
     1
  0
ENDTAB
  0
TABLE
  2
LTYPE
  5
24
330
0
100
AcDbSymbolTable
 70
     2
  0
LTYPE
  5
25
330
24
100
AcDbSymbolTableRecord
100
AcDbLinetypeTableRecord
  2
ByBlock
 70
     0
  3

 72
    65
 73
     0
 40
0.0
  0
LTYPE
  5
26
330
24
100
AcDbSymbolTableRecord
100
AcDbLinetypeTableRecord
  2
ByLayer
 70
     0
  3

 72
    65
 73
     0
 40
0.0
  0
LTYPE
  5
14
330
24
100
AcDbSymbolTableRecord
100
AcDbLinetypeTableRecord
  2
Continuous
 70
     0
  3
Solid line
 72
    65
 73
     0
 40
0.0
  0
LTYPE
  5
FE
330
24
100
AcDbSymbolTableRecord
100
AcDbLinetypeTableRecord
  2
ACAD_ISO10W100
 70
     0
  3
ISO dash dot __ . __ . __ . __ . __ . __ . __ .
 72
    65
 73
     4
 40
18.0
 49
12.0
 74
     0
 49
-3.0
 74
     0
 49
0.0
 74
     0
 49
-3.0
 74
     0
  0
ENDTAB
  0
TABLE
  2
LAYER
  5
1E
102
{ACAD_XDICTIONARY
360
1F
102
}
330
0
100
AcDbSymbolTable
 70
     9
  0
LAYER
  5
6
102
{ACAD_XDICTIONARY
360
7
102
}
330
1E
100
AcDbSymbolTableRecord
100
AcDbLayerTableRecord
  2
0
 70
     0
 62
     7
  6
Continuous
370
    -3
390
8
347
B
348
0
  0
LAYER
  5
102
102
{ACAD_XDICTIONARY
360
103
102
}
330
1E
100
AcDbSymbolTableRecord
100
AcDbLayerTableRecord
  2
ART_VIDA
 70
     0
 62
    65
  6
Continuous
370
    -3
390
8
347
B
348
0
1001
AcAecLayerStandard
1000

1000

  0
LAYER
  5
E9
102
{ACAD_XDICTIONARY
360
EA
102
}
330
1E
100
AcDbSymbolTableRecord
100
AcDbLayerTableRecord
  2
7
 70
     0
 62
     8
  6
Continuous
370
    -3
390
8
347
B
348
0
  0
LAYER
  5
E6
102
{ACAD_XDICTIONARY
360
E7
102
}
330
1E
100
AcDbSymbolTableRecord
100
AcDbLayerTableRecord
  2
6
 70
     0
 62
     7
  6
Continuous
370
    -3
390
8
347
B
348
0
  0
LAYER
  5
FC
102
{ACAD_XDICTIONARY
360
FD
102
}
330
1E
100
AcDbSymbolTableRecord
100
AcDbLayerTableRecord
  2
Axis
 70
     0
 62
     1
  6
ACAD_ISO10W100
290
     0
370
    -3
390
8
347
B
348
0
1001
AcAecLayerStandard
1000

1000

  0
LAYER
  5
C1
330
1E
100
AcDbSymbolTableRecord
100
AcDbLayerTableRecord
  2
KOMP-
 70
     0
 62
    64
  6
Continuous
370
    25
390
8
347
B
348
0
1001
AcAecLayerStandard
1000

1000

1001
AcCmTransparency
1071
 33554687
  0
LAYER
  5
BD
330
1E
100
AcDbSymbolTableRecord
100
AcDbLayerTableRecord
  2
ÇELİK KOSNTR.
 70
     0
 62
    12
  6
Continuous
370
    25
390
8
347
B
348
0
1001
AcAecLayerStandard
1000

1000

1001
AcCmTransparency
1071
 33554687
  0
LAYER
  5
59
330
1E
100
AcDbSymbolTableRecord
100
AcDbLayerTableRecord
  2
KOMPOZIT
 70
     0
 62
   117
420
  5667680
  6
Continuous
370
    -3
390
8
347
B
348
0
1001
AcAecLayerStandard
1000

1000

1001
AcCmTransparency
1071
        0
  0
LAYER
  5
82
102
{ACAD_XDICTIONARY
360
83
102
}
330
1E
100
AcDbSymbolTableRecord
100
AcDbLayerTableRecord
  2
YALITIM
 70
     0
 62
   181
  6
Continuous
370
    -3
390
8
347
B
348
0
  0
ENDTAB
  0
TABLE
  2
STYLE
  5
21
330
0
100
AcDbSymbolTable
 70
     4
  0
STYLE
  5
22
330
21
100
AcDbSymbolTableRecord
100
AcDbTextStyleTableRecord
  2
Standard
 70
     0
 40
0.0
 41
1.0
 50
0.0
 71
     0
 42
2.5
  3
arial.ttf
  4

1001
ACAD
1000
Arial
1071
       34
  0
STYLE
  5
3A
330
21
100
AcDbSymbolTableRecord
100
AcDbTextStyleTableRecord
  2
YZ
 70
     0
 40
0.0
 41
0.7
 50
0.0
 71
     0
 42
5.0
  3
archs.shx
  4

  0
STYLE
  5
32
330
21
100
AcDbSymbolTableRecord
100
AcDbTextStyleTableRecord
  2
S5
 70
     0
 40
0.0
 41
0.6
 50
0.0
 71
     0
 42
2.5
  3
romand.shx
  4

  0
STYLE
  5
43
330
21
100
AcDbSymbolTableRecord
100
AcDbTextStyleTableRecord
  2
S2
 70
     0
 40
0.0
 41
0.5
 50
0.0
 71
     0
 42
400.0
  3
romand.shx
  4

  0
ENDTAB
  0
TABLE
  2
VIEW
  5
27
330
0
100
AcDbSymbolTable
 70
     0
  0
ENDTAB
  0
TABLE
  2
UCS
  5
28
330
0
100
AcDbSymbolTable
 70
     0
  0
ENDTAB
  0
TABLE
  2
APPID
  5
2E
330
0
100
AcDbSymbolTable
 70
    16
  0
APPID
  5
13
330
2E
100
AcDbSymbolTableRecord
100
AcDbRegAppTableRecord
  2
ACAD
 70
     0
  0
APPID
  5
19
330
2E
100
AcDbSymbolTableRecord
100
AcDbRegAppTableRecord
  2
ACAD_PSEXT
 70
     0
  0
APPID
  5
84
330
2E
100
AcDbSymbolTableRecord
100
AcDbRegAppTableRecord
  2
ACDBBLOCKREPETAG
 70
     0
  0
APPID
  5
89
330
2E
100
AcDbSymbolTableRecord
100
AcDbRegAppTableRecord
  2
AcDbDynamicBlockGUID
 70
     0
  0
APPID
  5
7A
330
2E
100
AcDbSymbolTableRecord
100
AcDbRegAppTableRecord
  2
ACAUTHENVIRON
 70
     0
  0
APPID
  5
88
330
2E
100
AcDbSymbolTableRecord
100
AcDbRegAppTableRecord
  2
AcDbDynamicBlockTrueName
 70
     0
  0
APPID
  5
B3
330
2E
100
AcDbSymbolTableRecord
100
AcDbRegAppTableRecord
  2
AcDbBlockRepBTag
 70
     0
  0
APPID
  5
94
330
2E
100
AcDbSymbolTableRecord
100
AcDbRegAppTableRecord
  2
AcDbBlockArrayActionTag
 70
     0
  0
APPID
  5
2D
330
2E
100
AcDbSymbolTableRecord
100
AcDbRegAppTableRecord
  2
ACAD_NAV_VCDISPLAY
 70
     0
  0
APPID
  5
5A
330
2E
100
AcDbSymbolTableRecord
100
AcDbRegAppTableRecord
  2
AcAecLayerStandard
 70
     0
  0
APPID
  5
5B
330
2E
100
AcDbSymbolTableRecord
100
AcDbRegAppTableRecord
  2
AcCmTransparency
 70
     0
  0
APPID
  5
37
330
2E
100
AcDbSymbolTableRecord
100
AcDbRegAppTableRecord
  2
ACAD_DSTYLE_DIMJAG
 70
     0
  0
APPID
  5
38
330
2E
100
AcDbSymbolTableRecord
100
AcDbRegAppTableRecord
  2
ACAD_DSTYLE_DIMTALN
 70
     0
  0
APPID
  5
4A
330
2E
100
AcDbSymbolTableRecord
100
AcDbRegAppTableRecord
  2
ACAD_DSTYLE_DIMBREAK
 70
     0
  0
APPID
  5
1E3
330
2E
100
AcDbSymbolTableRecord
100
AcDbRegAppTableRecord
  2
GradientColor1ACI
 70
     0
  0
APPID
  5
1E4
330
2E
100
AcDbSymbolTableRecord
100
AcDbRegAppTableRecord
  2
GradientColor2ACI
 70
     0
  0
ENDTAB
  0
TABLE
  2
DIMSTYLE
  5
2F
330
0
100
AcDbSymbolTable
 70
     5
100
AcDbDimStyleTable
 71
     5
340
30
340
31
340
39
340
41
340
42
  0
DIMSTYLE
105
30
330
2F
100
AcDbSymbolTableRecord
100
AcDbDimStyleTableRecord
  2
ISO-25
 70
     0
 41
2.5
 42
0.625
 43
3.75
 44
1.25
 73
     0
 74
     0
 77
     1
 78
     8
140
2.5
141
2.5
143
0.03937007874016
147
0.625
171
     3
172
     1
271
     2
272
     2
274
     3
278
    44
283
     0
284
     8
340
22
  0
DIMSTYLE
105
39
330
2F
100
AcDbSymbolTableRecord
100
AcDbDimStyleTableRecord
  2
1-1
 70
     0
 40
0.75
 41
2.0
 42
2.0
 43
2.0
 44
2.0
 46
2.0
 73
     0
 74
     0
 77
     1
140
3.0
141
1.0
144
-1.0
147
1.0
178
   256
271
     0
272
     0
279
     1
340
3A
342
3B
371
     5
372
     5
1001
ACAD_DSTYLE_DIMJAG
1070
   388
1040
1.5
1001
ACAD_DSTYLE_DIMTALN
1070
   392
1070
     0
  0
DIMSTYLE
105
41
330
2F
100
AcDbSymbolTableRecord
100
AcDbDimStyleTableRecord
  2
1-10
 70
     0
 40
5.0
 41
2.0
 42
2.0
 43
5.0
 44
2.0
 46
2.0
 73
     0
 74
     0
 77
     1
140
3.0
141
1.0
144
-1.0
147
1.0
271
     0
272
     0
279
     1
340
3A
342
3B
371
     5
372
     5
  0
DIMSTYLE
105
31
330
2F
100
AcDbSymbolTableRecord
100
AcDbDimStyleTableRecord
  2
SAR_1-2
 70
     0
 40
1.5
 41
2.0
 42
2.0
 43
2.0
 44
2.0
 73
     0
 74
     0
140
5.0
141
1.0
147
1.0
172
     1
176
     5
177
     5
178
     7
271
     0
272
     0
284
     8
285
     8
286
     8
289
     1
340
32
342
33
1001
ACAD_DSTYLE_DIMJAG
1070
   388
1040
1.5
1001
ACAD_DSTYLE_DIMTALN
1070
   392
1070
     0
  0
DIMSTYLE
105
42
330
2F
100
AcDbSymbolTableRecord
100
AcDbDimStyleTableRecord
  2
SAR_1-250
 70
     0
 40
250.0
 41
0.75
 42
1.0
 43
10.0
 44
1.0
 46
1.0
 73
     0
 74
     0
 78
     8
140
3.0
141
1.0
143
0.03937007874016
147
0.1
171
     3
172
     1
176
     5
177
     5
178
     7
271
     0
272
     0
274
     3
278
    44
283
     0
284
     8
340
43
342
44
371
    -1
372
    -1
1001
ACAD_DSTYLE_DIMBREAK
1070
   391
1040
3.75
1001
ACAD_DSTYLE_DIMJAG
1070
   388
1040
1.5
1001
ACAD_DSTYLE_DIMTALN
1070
   392
1070
     0
  0
ENDTAB
  0
TABLE
  2
BLOCK_RECORD
  5
1
330
0
100
AcDbSymbolTable
 70
     9
  0
BLOCK_RECORD
  5
2
102
{ACAD_XDICTIONARY
360
3
102
}
330
1
100
AcDbSymbolTableRecord
100
AcDbBlockTableRecord
  2
*Model_Space
340
16
 70
     0
280
     1
281
     0
  0
BLOCK_RECORD
  5
1A
330
1
100
AcDbSymbolTableRecord
100
AcDbBlockTableRecord
  2
*Paper_Space
340
1D
 70
     0
280
     1
281
     0
  0
BLOCK_RECORD
  5
3B
102
{ACAD_XDICTIONARY
360
3C
102
}
330
1
100
AcDbSymbolTableRecord
100
AcDbBlockTableRecord
  2
_OBLIQUE
340
0
 70
     0
280
     1
281
     0
  0
BLOCK_RECORD
  5
44
102
{ACAD_XDICTIONARY
360
45
102
}
330
1
100
AcDbSymbolTableRecord
100
AcDbBlockTableRecord
  2
_ArchTick
340
0
310
2800000020000000200000000100200000000000001000000100000001000000000000000000000000000000000000FF000000FF000000FFFFFFFFFF000000FF000000FF000000FF000000FF000000FF000000FF000000FF000000FF000000FF000000FF000000FF000000FF000000FF000000FF000000FF000000FF000000
310
FF000000FF000000FF000000FF000000FF000000FF000000FF000000FF000000FF000000FF000000FF000000FF000000FF000000FFFFFFFFFF000000FFFFFFFFFF000000FF000000FF000000FF000000FF000000FF000000FF000000FF000000FF000000FF000000FF000000FF000000FF000000FF000000FF000000FF0000
310
00FF000000FF000000FF000000FF000000FF000000FF000000FF000000FF000000FF000000FF000000FF000000FF000000FFFFFFFFFF000000FF000000FF000000FFFFFFFFFF000000FF000000FF000000FF000000FF000000FF000000FF000000FF000000FF000000FF000000FF000000FF000000FF000000FF000000FF00
310
0000FF000000FF000000FF000000FF000000FF000000FF000000FF000000FF000000FF000000FF000000FF000000FFFFFFFFFF000000FF000000FF000000FF000000FF000000FFFFFFFFFF000000FF000000FF000000FF000000FF000000FF000000FF000000FF000000FF000000FF000000FF000000FF000000FF000000FF
310
000000FF000000FF000000FF000000FF000000FF000000FF000000FF000000FF000000FF000000FF000000FF000000FF000000FFFFFFFFFF000000FF000000FF000000FF000000FF000000FFFFFFFFFF000000FF000000FF000000FF000000FF000000FF000000FF000000FF000000FF000000FF000000FF000000FF000000
310
FF000000FF000000FF000000FF000000FF000000FF000000FF000000FF000000FF000000FF000000FF000000FF000000FF000000FF000000FFFFFFFFFF000000FF000000FF000000FF000000FF000000FFFFFFFFFF000000FF000000FF000000FF000000FF000000FF000000FF000000FF000000FF000000FF000000FF0000
310
00FF000000FF000000FF000000FF000000FF000000FF000000FF000000FF000000FF000000FF000000FF000000FF000000FF000000FF000000FF000000FFFFFFFFFF000000FF000000FF000000FF000000FF000000FFFFFFFFFF000000FF000000FF000000FF000000FF000000FF000000FF000000FF000000FF000000FF00
310
0000FF000000FF000000FF000000FF000000FF000000FF000000FF000000FF000000FF000000FF000000FF000000FF000000FF000000FF000000FF000000FF000000FFFFFFFFFF000000FF000000FF000000FF000000FF000000FFFFFFFFFF000000FF000000FF000000FF000000FF000000FF000000FF000000FF000000FF
310
000000FF000000FF000000FF000000FF000000FF000000FF000000FF000000FF000000FF000000FF000000FF000000FF000000FF000000FF000000FF000000FF000000FF000000FFFFFFFFFF000000FF000000FF000000FF000000FF000000FFFFFFFFFF000000FF000000FF000000FF000000FF000000FF000000FF000000
310
FF000000FF000000FF000000FF000000FF000000FF000000FF000000FF000000FF000000FF000000FF000000FF000000FF000000FF000000FF000000FF000000FF000000FF000000FF000000FFFFFFFFFF000000FF000000FF000000FF000000FF000000FFFFFFFFFF000000FF000000FF000000FF000000FF000000FF0000
310
00FF000000FF000000FF000000FF000000FF000000FF000000FF000000FF000000FF000000FF000000FF000000FF000000FF000000FF000000FF000000FF000000FF000000FF000000FF000000FF000000FFFFFFFFFF000000FF000000FF000000FF000000FF000000FFFFFFFFFF000000FF000000FF000000FF000000FF00
310
0000FF000000FF000000FF000000FF000000FF000000FF000000FF000000FF000000FF000000FF000000FF000000FF000000FF000000FF000000FF000000FF000000FF000000FF000000FF000000FF000000FF000000FFFFFFFFFF000000FF000000FF000000FF000000FF000000FFFFFFFFFF000000FF000000FF000000FF
310
000000FF000000FF000000FF000000FF000000FF000000FF000000FF000000FF000000FF000000FF000000FF000000FF000000FF000000FF000000FF000000FF000000FF000000FF000000FF000000FF000000FF000000FF000000FFFFFFFFFF000000FF000000FF000000FF000000FF000000FFFFFFFFFF000000FF000000
310
FF000000FF000000FF000000FF000000FF000000FF000000FF000000FF000000FF000000FF000000FF000000FF000000FF000000FF000000FF000000FF000000FF000000FF000000FF000000FF000000FF000000FF000000FF000000FF000000FFFFFFFFFF000000FF000000FF000000FF000000FF000000FFFFFFFFFF0000
310
00FF000000FF000000FF000000FF000000FF000000FF000000FF000000FF000000FF000000FF000000FF000000FF000000FF000000FF000000FF000000FF000000FF000000FF000000FF000000FF000000FF000000FF000000FF000000FF000000FF000000FFFFFFFFFF000000FF000000FF000000FF000000FF000000FFFF
310
FFFFFF000000FF000000FF000000FF000000FF000000FF000000FF000000FF000000FF000000FF000000FF000000FF000000FF000000FF000000FF000000FF000000FF000000FF000000FF000000FF000000FF000000FF000000FF000000FF000000FF000000FF000000FFFFFFFFFF000000FF000000FF000000FF000000FF
310
000000FFFFFFFFFF000000FF000000FF000000FF000000FF000000FF000000FF000000FF000000FF000000FF000000FF000000FF000000FF000000FF000000FF000000FF000000FF000000FF000000FF000000FF000000FF000000FF000000FF000000FF000000FF000000FF000000FFFFFFFFFF000000FF000000FF000000
310
FF000000FF000000FFFFFFFFFF000000FF000000FF000000FF000000FF000000FF000000FF000000FF000000FF000000FF000000FF000000FF000000FF000000FF000000FF000000FF000000FF000000FF000000FF000000FF000000FF000000FF000000FF000000FF000000FF000000FF000000FFFFFFFFFF000000FF0000
310
00FF000000FF000000FF000000FFFFFFFFFF000000FF000000FF000000FF000000FF000000FF000000FF000000FF000000FF000000FF000000FF000000FF000000FF000000FF000000FF000000FF000000FF000000FF000000FF000000FF000000FF000000FF000000FF000000FF000000FF000000FF000000FFFFFFFFFF00
310
0000FF000000FF000000FF000000FF000000FFFFFFFFFF000000FF000000FF000000FF000000FF000000FF000000FF000000FF000000FF000000FF000000FF000000FF000000FF000000FF000000FF000000FF000000FF000000FF000000FF000000FF000000FF000000FF000000FF000000FF000000FF000000FF000000FF
310
FFFFFFFF000000FF000000FF000000FF000000FF000000FFFFFFFFFF000000FF000000FF000000FF000000FF000000FF000000FF000000FF000000FF000000FF000000FF000000FF000000FF000000FF000000FF000000FF000000FF000000FF000000FF000000FF000000FF000000FF000000FF000000FF000000FF000000
310
FF000000FFFFFFFFFF000000FF000000FF000000FF000000FF000000FFFFFFFFFF000000FF000000FF000000FF000000FF000000FF000000FF000000FF000000FF000000FF000000FF000000FF000000FF000000FF000000FF000000FF000000FF000000FF000000FF000000FF000000FF000000FF000000FF000000FF0000
310
00FF000000FF000000FFFFFFFFFF000000FF000000FF000000FF000000FF000000FFFFFFFFFF000000FF000000FF000000FF000000FF000000FF000000FF000000FF000000FF000000FF000000FF000000FF000000FF000000FF000000FF000000FF000000FF000000FF000000FF000000FF000000FF000000FF000000FF00
310
0000FF000000FF000000FF000000FFFFFFFFFF000000FF000000FF000000FF000000FF000000FFFFFFFFFF000000FF000000FF000000FF000000FF000000FF000000FF000000FF000000FF000000FF000000FF000000FF000000FF000000FF000000FF000000FF000000FF000000FF000000FF000000FF000000FF000000FF
310
000000FF000000FF000000FF000000FF000000FFFFFFFFFF000000FF000000FF000000FF000000FF000000FFFFFFFFFF000000FF000000FF000000FF000000FF000000FF000000FF000000FF000000FF000000FF000000FF000000FF000000FF000000FF000000FF000000FF000000FF000000FF000000FF000000FF000000
310
FF000000FF000000FF000000FF000000FF000000FF000000FFFFFFFFFF000000FF000000FF000000FF000000FF000000FFFFFFFFFF000000FF000000FF000000FF000000FF000000FF000000FF000000FF000000FF000000FF000000FF000000FF000000FF000000FF000000FF000000FF000000FF000000FF000000FF0000
310
00FF000000FF000000FF000000FF000000FF000000FF000000FF000000FFFFFFFFFF000000FF000000FF000000FF000000FF000000FFFFFFFFFF000000FF000000FF000000FF000000FF000000FF000000FF000000FF000000FF000000FF000000FF000000FF000000FF000000FF000000FF000000FF000000FF000000FF00
310
0000FF000000FF000000FF000000FF000000FF000000FF000000FF000000FF000000FFFFFFFFFF000000FF000000FF000000FF000000FF000000FFFFFFFFFF000000FF000000FF000000FF000000FF000000FF000000FF000000FF000000FF000000FF000000FF000000FF000000FF000000FF000000FF000000FF000000FF
310
000000FF000000FF000000FF000000FF000000FF000000FF000000FF000000FF000000FF000000FFFFFFFFFF000000FF000000FF000000FF000000FF000000FFFFFFFFFF000000FF000000FF000000FF000000FF000000FF000000FF000000FF000000FF000000FF000000FF000000FF000000FF000000FF000000FF000000
310
FF000000FF000000FF000000FF000000FF000000FF000000FF000000FF000000FF000000FF000000FF000000FFFFFFFFFF000000FF000000FF000000FF000000FF000000FFFFFFFFFF000000FF000000FF000000FF000000FF000000FF000000FF000000FF000000FF000000FF000000FF000000FF000000FF000000FF0000
310
00FF000000FF000000FF000000FF000000FF000000FF000000FF000000FF000000FF000000FF000000FF000000FF000000FFFFFFFFFF000000FF000000FF000000FFFFFFFFFF000000FF000000FF000000FF000000FF000000FF000000FF000000FF000000FF000000FF000000FF000000FF000000FF000000FF000000FF00
310
0000FF000000FF000000FF000000FF000000FF000000FF000000FF000000FF000000FF000000FF000000FF000000FF000000FF000000FFFFFFFFFF000000FFFFFFFFFF000000FF000000FF000000FF000000FF000000FF000000FF000000FF000000FF000000FF000000FF000000FF000000FF000000FF000000FF000000FF
310
000000FF000000FF000000FF000000FF000000FF000000FF000000FF000000FF000000FF000000FF000000FF000000FF000000FF000000FF000000FFFFFFFFFF000000FF000000FF
 70
     0
280
     1
281
     0
  0
BLOCK_RECORD
  5
33
330
1
100
AcDbSymbolTableRecord
100
AcDbBlockTableRecord
  2
huseyin1_ArchTick
340
0
310
2800000020000000200000000100080000000000000400000000000000000000000000000000000000000000000080000080000000808000800000008000800080800000C0C0C000C0DCC000F0CAA6000020400000206000002080000020A0000020C0000020E00000400000004020000040400000406000004080000040A0
310
000040C0000040E00000600000006020000060400000606000006080000060A0000060C0000060E00000800000008020000080400000806000008080000080A0000080C0000080E00000A0000000A0200000A0400000A0600000A0800000A0A00000A0C00000A0E00000C0000000C0200000C0400000C0600000C0800000C0
310
A00000C0C00000C0E00000E0000000E0200000E0400000E0600000E0800000E0A00000E0C00000E0E00040000000400020004000400040006000400080004000A0004000C0004000E00040200000402020004020400040206000402080004020A0004020C0004020E000404000004040200040404000404060004040800040
310
40A0004040C0004040E00040600000406020004060400040606000406080004060A0004060C0004060E00040800000408020004080400040806000408080004080A0004080C0004080E00040A0000040A0200040A0400040A0600040A0800040A0A00040A0C00040A0E00040C0000040C0200040C0400040C0600040C08000
310
40C0A00040C0C00040C0E00040E0000040E0200040E0400040E0600040E0800040E0A00040E0C00040E0E00080000000800020008000400080006000800080008000A0008000C0008000E00080200000802020008020400080206000802080008020A0008020C0008020E00080400000804020008040400080406000804080
310
008040A0008040C0008040E00080600000806020008060400080606000806080008060A0008060C0008060E00080800000808020008080400080806000808080008080A0008080C0008080E00080A0000080A0200080A0400080A0600080A0800080A0A00080A0C00080A0E00080C0000080C0200080C0400080C0600080C0
310
800080C0A00080C0C00080C0E00080E0000080E0200080E0400080E0600080E0800080E0A00080E0C00080E0E000C0000000C0002000C0004000C0006000C0008000C000A000C000C000C000E000C0200000C0202000C0204000C0206000C0208000C020A000C020C000C020E000C0400000C0402000C0404000C0406000C0
310
408000C040A000C040C000C040E000C0600000C0602000C0604000C0606000C0608000C060A000C060C000C060E000C0800000C0802000C0804000C0806000C0808000C080A000C080C000C080E000C0A00000C0A02000C0A04000C0A06000C0A08000C0A0A000C0A0C000C0A0E000C0C00000C0C02000C0C04000C0C06000
310
C0C08000C0C0A000F0FBFF00A4A0A000808080000000FF0000FF000000FFFF00FF000000FF00FF00FFFF0000FFFFFF00000000FF000000000000000000000000000000000000000000000000000000000000FF00FF00000000000000000000000000000000000000000000000000000000FF000000FF000000000000000000
310
0000000000000000000000000000000000FF0000000000FF0000000000000000000000000000000000000000000000000000FF0000000000FF0000000000000000000000000000000000000000000000000000FF0000000000FF0000000000000000000000000000000000000000000000000000FF0000000000FF00000000
310
00000000000000000000000000000000000000000000FF0000000000FF0000000000000000000000000000000000000000000000000000FF0000000000FF0000000000000000000000000000000000000000000000000000FF0000000000FF0000000000000000000000000000000000000000000000000000FF0000000000
310
FF0000000000000000000000000000000000000000000000000000FF0000000000FF0000000000000000000000000000000000000000000000000000FF0000000000FF0000000000000000000000000000000000000000000000000000FF0000000000FF0000000000000000000000000000000000000000000000000000FF
310
0000000000FF0000000000000000000000000000000000000000000000000000FF0000000000FF0000000000000000000000000000000000000000000000000000FF0000000000FF0000000000000000000000000000000000000000000000000000FF0000000000FF00000000000000000000000000000000000000000000
310
00000000FF0000000000FF0000000000000000000000000000000000000000000000000000FF0000000000FF0000000000000000000000000000000000000000000000000000FF0000000000FF0000000000000000000000000000000000000000000000000000FF0000000000FF0000000000000000000000000000000000
310
000000000000000000FF0000000000FF0000000000000000000000000000000000000000000000000000FF0000000000FF0000000000000000000000000000000000000000000000000000FF0000000000FF0000000000000000000000000000000000000000000000000000FF0000000000FF000000000000000000000000
310
0000000000000000000000000000FF0000000000FF0000000000000000000000000000000000000000000000000000FF0000000000FF0000000000000000000000000000000000000000000000000000FF0000000000FF0000000000000000000000000000000000000000000000000000FF000000FF000000000000000000
310
00000000000000000000000000000000000000FF00FF000000000000000000000000000000000000000000000000000000000000FF000000
 70
     0
280
     1
281
     0
  0
BLOCK_RECORD
  5
D1
102
{ACAD_XDICTIONARY
360
D2
102
}
330
1
100
AcDbSymbolTableRecord
100
AcDbBlockTableRecord
  2
CSK#39
340
0
 70
     0
280
     1
281
     0
1001
ACDBBLOCKREPETAG
1070
     1
1071
      217
1001
AcDbDynamicBlockTrueName
1000
CSK#39
1001
AcDbDynamicBlockGUID
1000
{340BE9D7-8530-4906-AE27-C45704BD39BF}
  0
BLOCK_RECORD
  5
B8
102
{ACAD_XDICTIONARY
360
B9
102
}
330
1
100
AcDbSymbolTableRecord
100
AcDbBlockTableRecord
  2
KOMP-DERZ
340
0
310
28000000200000002000000001002000000000000010000001000000010000000000000000000000302821FF302821FF302821FF302821FF302821FF302821FF302821FF302821FF302821FF302821FF302821FF302821FF302821FF302821FF302821FF302821FF302821FF302821FF302821FF302821FF302821FF302821
310
FF302821FF302821FF302821FF302821FF302821FF302821FF302821FF302821FF302821FF302821FF302821FF302821FF302821FF302821FF302821FF0000A5FF0000A5FF0000A5FF0000A5FF0000A5FF0000A5FF0000A5FF0000A5FF0000A5FF0000A5FF0000A5FF0000A5FF0000A5FF0000A5FF0000A5FF0000A5FF0000
310
A5FF0000A5FF0000A5FF0000A5FF0000A5FF0000A5FF302821FF302821FF302821FF302821FF302821FF302821FF302821FF302821FF302821FF302821FF0000A5FF0000A5FF0000A5FF0000A5FF0000A5FF0000A5FF0000A5FF0000A5FF0000A5FF0000A5FF0000A5FF0000A5FF0000A5FF0000A5FF0000A5FF0000A5FF00
310
00A5FF0000A5FF0000A5FF0000A5FF0000A5FF0000A5FF302821FF302821FF302821FF302821FF302821FF302821FF302821FF302821FF302821FF302821FF0000A5FF0000A5FF302821FF302821FF302821FF302821FF302821FF302821FF302821FF302821FF302821FF302821FF302821FF302821FF302821FF302821FF
310
302821FF302821FF302821FF302821FF0000A5FF0000A5FF302821FF302821FF302821FF302821FF302821FF302821FF302821FF302821FF302821FF302821FF0000A5FF0000A5FF302821FF302821FF302821FF302821FF302821FF302821FF302821FF302821FF302821FF302821FF302821FF302821FF302821FF302821
310
FF302821FF302821FF302821FF302821FF0000A5FF0000A5FF302821FF302821FF302821FF302821FF302821FF302821FF302821FF302821FF302821FF302821FF0000A5FF0000A5FF302821FF302821FF302821FF302821FF302821FF302821FF302821FF302821FF302821FF302821FF302821FF302821FF302821FF3028
310
21FF302821FF302821FF302821FF302821FF0000A5FF0000A5FF302821FF302821FF302821FF302821FF302821FF302821FF302821FF302821FF302821FF302821FF0000A5FF0000A5FF302821FF302821FF302821FF302821FF302821FF302821FF302821FF302821FF302821FF302821FF302821FF302821FF302821FF30
310
2821FF302821FF302821FF302821FF302821FF0000A5FF0000A5FF302821FF302821FF302821FF302821FF302821FF302821FF302821FF302821FF302821FF302821FF0000A5FF0000A5FF302821FF302821FF302821FF302821FF302821FF302821FF302821FF302821FF302821FF302821FF302821FF302821FF302821FF
310
302821FF302821FF302821FF302821FF302821FF0000A5FF0000A5FF302821FF302821FF302821FF302821FF302821FF302821FF302821FF302821FF302821FF302821FF0000A5FF0000A5FF302821FF302821FF302821FF302821FF302821FF302821FF302821FF302821FF302821FF302821FF302821FF302821FF302821
310
FF302821FF302821FF302821FF302821FF302821FF0000A5FF0000A5FF302821FF302821FF302821FF302821FF302821FF302821FF302821FF302821FF302821FF302821FF0000A5FF0000A5FF302821FF302821FF302821FF302821FF302821FF302821FF302821FF302821FF302821FF302821FF302821FF302821FF3028
310
21FF302821FF302821FF302821FF302821FF302821FF0000A5FF0000A5FF302821FF302821FF302821FF302821FF302821FF302821FF302821FF302821FF302821FF302821FF0000A5FF0000A5FF302821FF302821FF302821FF302821FF302821FF302821FF302821FF302821FF302821FF302821FF302821FF302821FF30
310
2821FF302821FF302821FF302821FF302821FF302821FF0000A5FF0000A5FF302821FF302821FF302821FF302821FF302821FF302821FF302821FF302821FF302821FF302821FF0000A5FF0000A5FF302821FF302821FF302821FF302821FF302821FF302821FF302821FF302821FF302821FF302821FF302821FF302821FF
310
302821FF302821FF302821FF302821FF302821FF302821FF0000A5FF0000A5FF302821FF302821FF302821FF302821FF302821FF302821FF302821FF302821FF302821FF302821FF0000A5FF0000A5FF302821FF302821FF302821FF302821FF302821FF302821FF302821FF302821FF302821FF302821FF302821FF302821
310
FF302821FF302821FF302821FF302821FF302821FF302821FF0000A5FF0000A5FF302821FF302821FF302821FF302821FF302821FF302821FF302821FF302821FF302821FF302821FF0000A5FF0000A5FF302821FF302821FF302821FF302821FF302821FF302821FF302821FF302821FF302821FF302821FF302821FF3028
310
21FF302821FF302821FF302821FF302821FF302821FF302821FF0000A5FF0000A5FF302821FF302821FF302821FF302821FF302821FF302821FF302821FF302821FF302821FF302821FF0000A5FF0000A5FF302821FF302821FF302821FF302821FF302821FF302821FF302821FF302821FF302821FF302821FF302821FF30
310
2821FF302821FF302821FF302821FF302821FF302821FF302821FF0000A5FF0000A5FF302821FF302821FF302821FF302821FF302821FF302821FF302821FF302821FF302821FF302821FF0000A5FF0000A5FF302821FF302821FF302821FF302821FF302821FF302821FF302821FF302821FF302821FF302821FF302821FF
310
302821FF302821FF302821FF302821FF302821FF302821FF302821FF0000A5FF0000A5FF302821FF302821FF302821FF302821FF302821FF302821FF302821FF302821FF302821FF302821FF0000A5FF0000A5FF0000A5FF0000A5FF0000A5FF0000A5FF0000A5FF0000A5FF0000A5FF0000A5FF0000A5FF0000A5FF0000A5
310
FF0000A5FF0000A5FF0000A5FF0000A5FF0000A5FF0000A5FF0000A5FF0000A5FF0000A5FF302821FF302821FF302821FF302821FF302821FF302821FF302821FF302821FF302821FF302821FF0000A5FF0000A5FF0000A5FF0000A5FF0000A5FF0000A5FF0000A5FF0000A5FF0000A5FF0000A5FF0000A5FF0000A5FF0000
310
A5FF0000A5FF0000A5FF0000A5FF0000A5FF0000A5FF0000A5FF0000A5FF0000A5FF0000A5FF302821FF302821FF302821FF302821FF302821FF302821FF302821FF302821FF302821FF302821FF302821FF302821FF007F1FFF302821FF302821FF302821FF302821FF302821FF302821FF302821FF302821FF302821FF30
310
2821FF302821FF302821FF302821FF302821FF302821FF302821FF007F1FFF302821FF302821FF302821FF302821FF302821FF302821FF302821FF302821FF302821FF302821FF302821FF302821FF302821FF302821FF007F1FFF302821FF007F1FFF007F1FFF007F1FFF007F1FFF007F1FFF007F1FFF007F1FFF007F1FFF
310
007F1FFF007F1FFF007F1FFF007F1FFF007F1FFF007F1FFF302821FF007F1FFF302821FF302821FF302821FF302821FF302821FF302821FF302821FF302821FF302821FF302821FF302821FF302821FF302821FF302821FF007F1FFF302821FF007F1FFF302821FF302821FF302821FF302821FF302821FF302821FF302821
310
FF302821FF302821FF302821FF302821FF302821FF007F1FFF302821FF007F1FFF302821FF302821FF302821FF302821FF302821FF302821FF302821FF302821FF302821FF302821FF302821FF302821FF302821FF302821FF007F1FFF302821FF007F1FFF302821FF302821FF302821FF302821FF302821FF302821FF3028
310
21FF302821FF302821FF302821FF302821FF302821FF007F1FFF302821FF007F1FFF302821FF302821FF302821FF302821FF302821FF302821FF302821FF302821FF302821FF302821FF302821FF302821FF302821FF302821FF007F1FFF302821FF007F1FFF302821FF302821FF302821FF302821FF302821FF302821FF30
310
2821FF302821FF302821FF302821FF302821FF302821FF007F1FFF302821FF007F1FFF302821FF302821FF302821FF302821FF302821FF302821FF302821FF302821FF302821FF302821FF302821FF302821FF302821FF302821FF007F1FFF302821FF007F1FFF302821FF302821FF302821FF302821FF302821FF302821FF
310
302821FF302821FF302821FF302821FF302821FF302821FF007F1FFF302821FF007F1FFF302821FF302821FF302821FF302821FF302821FF302821FF302821FF302821FF302821FF302821FF302821FF302821FF302821FF302821FF007F1FFF302821FF007F1FFF302821FF302821FF302821FF302821FF302821FF302821
310
FF302821FF302821FF302821FF302821FF302821FF302821FF007F1FFF302821FF007F1FFF302821FF302821FF302821FF302821FF302821FF302821FF302821FF302821FF302821FF302821FF302821FF302821FF302821FF302821FF007F1FFF302821FF007F1FFF302821FF302821FF302821FF302821FF302821FF3028
310
21FF302821FF302821FF302821FF302821FF302821FF302821FF007F1FFF302821FF007F1FFF302821FF302821FF302821FF302821FF302821FF302821FF302821FF302821FF302821FF302821FF302821FF302821FF302821FF302821FF007F1FFF302821FF007F1FFF302821FF302821FF302821FF302821FF302821FF30
310
2821FF302821FF302821FF302821FF302821FF302821FF302821FF007F1FFF302821FF007F1FFF302821FF302821FF302821FF302821FF302821FF302821FF302821FF302821FF302821FF302821FF302821FF302821FF302821FF302821FF007F1FFF302821FF007F1FFF302821FF302821FF302821FF302821FF302821FF
310
302821FF302821FF302821FF302821FF302821FF302821FF302821FF007F1FFF302821FF007F1FFF302821FF302821FF302821FF302821FF302821FF302821FF302821FF302821FF302821FF302821FF302821FF007F1FFF007F1FFF007F1FFF007F1FFF302821FF007F1FFF302821FF302821FF302821FF302821FF302821
310
FF302821FF302821FF302821FF302821FF302821FF302821FF302821FF007F1FFF302821FF007F1FFF007F1FFF007F1FFF007F1FFF302821FF302821FF302821FF302821FF302821FF302821FF302821FF302821FF302821FF302821FF302821FF302821FF302821FF007F1FFF302821FF302821FF302821FF302821FF3028
310
21FF302821FF302821FF302821FF302821FF302821FF302821FF302821FF007F1FFF302821FF302821FF302821FF302821FF302821FF302821FF302821FF302821FF302821FF302821FF302821FF302821FF302821FF007F1FFF007F1FFF007F1FFF007F1FFF007F1FFF007F1FFF302821FF302821FF302821FF302821FF30
310
2821FF302821FF302821FF302821FF302821FF302821FF302821FF302821FF007F1FFF007F1FFF007F1FFF007F1FFF007F1FFF007F1FFF302821FF302821FF302821FF302821FF302821FF302821FF302821FF302821FF302821FF302821FF302821FF302821FF302821FF302821FF302821FF302821FF302821FF302821FF
310
302821FF302821FF302821FF302821FF302821FF302821FF302821FF302821FF302821FF302821FF302821FF302821FF302821FF302821FF302821FF302821FF302821FF302821FF
102
{BLKREFS
331
B7
102
}
 70
     4
280
     1
281
     0
1001
AcDbDynamicBlockGUID
1000
{1E0F2270-12E8-B04A-8635-75613F384292}
  0
BLOCK_RECORD
  5
76
102
{ACAD_XDICTIONARY
360
77
102
}
330
1
100
AcDbSymbolTableRecord
100
AcDbBlockTableRecord
  2
YLTM-
340
0
310
28000000200000002000000001002000000000000010000001000000010000000000000000000000302821FF302821FF302821FF302821FF302821FF302821FF302821FF302821FF302821FF302821FF302821FF302821FF302821FF302821FF302821FF302821FF302821FF302821FF302821FF302821FF302821FF302821
310
FF302821FF302821FF302821FF302821FF302821FF302821FF302821FF302821FF302821FF302821FF302821FF302821FF302821FF302821FF302821FF302821FF302821FF302821FF302821FF302821FF302821FF302821FF302821FF302821FF302821FFFF7F9FFFFF7F9FFF302821FF302821FF302821FF302821FF3028
310
21FF302821FF302821FF302821FF302821FF302821FF302821FF302821FF302821FF302821FF302821FF302821FF302821FF302821FF302821FF302821FF302821FF302821FF302821FF302821FF302821FF302821FF302821FF302821FFFF7F9FFFFF7F9FFF302821FF302821FFFF7F9FFFFF7F9FFF302821FF302821FF30
310
2821FF302821FF302821FF302821FF302821FF302821FF302821FF302821FF302821FF302821FF302821FF302821FF302821FF302821FF302821FF302821FF302821FF302821FF302821FF302821FF302821FF302821FF302821FFFF7F9FFFFF7F9FFF302821FF302821FF302821FF302821FFFF7F9FFFFF7F9FFF302821FF
310
302821FF302821FF302821FF302821FF302821FF302821FF302821FF302821FF302821FF302821FF302821FF302821FF302821FF302821FF302821FF302821FF302821FF302821FF302821FF302821FF302821FF302821FF302821FFFF7F9FFF302821FF302821FF302821FF302821FF302821FF302821FFFF7F9FFF302821
310
FF302821FF302821FF302821FF302821FF302821FF302821FF302821FF302821FF302821FF302821FF302821FF302821FF302821FF302821FF302821FF302821FF302821FF302821FF302821FF302821FF302821FF302821FFFF7F9FFFFF7F9FFF302821FF302821FF302821FF302821FF302821FF302821FFFF7F9FFFFF7F
310
9FFF302821FF302821FF302821FF302821FF302821FF302821FF302821FF302821FF302821FF302821FF302821FF302821FF302821FF302821FF302821FF302821FF302821FF302821FF302821FF302821FF302821FF302821FFFF7F9FFF302821FF302821FF302821FF302821FF302821FF302821FF302821FF302821FFFF
310
7F9FFF302821FF302821FF302821FF302821FF302821FF302821FF302821FF302821FF302821FF302821FF302821FF302821FF302821FF302821FF302821FF302821FF302821FF302821FF302821FF302821FF302821FF302821FFFF7F9FFF302821FF302821FF302821FF302821FF302821FF302821FF302821FF302821FF
310
FF7F9FFF302821FF302821FF302821FF302821FF302821FF302821FF302821FF302821FF302821FF302821FF302821FF302821FF302821FF302821FF302821FF302821FF302821FF302821FF302821FF302821FF302821FF302821FF302821FFFF7F9FFF302821FF302821FF302821FF302821FF302821FF302821FFFF7F9F
310
FF302821FF302821FF302821FF302821FF302821FF302821FF302821FF302821FF302821FF302821FF302821FF302821FF302821FF302821FF302821FF302821FF302821FF302821FF302821FF302821FF302821FF302821FF302821FF302821FFFF7F9FFF302821FF302821FF302821FF302821FF302821FF302821FFFF7F
310
9FFF302821FF302821FF302821FF302821FF302821FF302821FF302821FF302821FF302821FF302821FF302821FF302821FF302821FF302821FF302821FF302821FF302821FF302821FF302821FF302821FF302821FF302821FF302821FF302821FFFF7F9FFF302821FF302821FF302821FF302821FF302821FF302821FFFF
310
7F9FFF302821FF302821FF302821FF302821FF302821FF302821FF302821FF302821FF302821FF302821FF302821FF302821FF302821FF302821FF302821FF302821FF302821FF302821FF302821FF302821FF302821FF302821FF302821FF302821FFFF7F9FFF302821FF302821FF302821FF302821FF302821FF302821FF
310
FF7F9FFF302821FF302821FF302821FF302821FF302821FF302821FF302821FF302821FF302821FF302821FF302821FF302821FF302821FF302821FF302821FF302821FF302821FF302821FF302821FF302821FF302821FF302821FF302821FF302821FFFF7F9FFF302821FF302821FF302821FF302821FF302821FFFF7F9F
310
FF302821FF302821FF302821FF302821FF302821FF302821FF302821FF302821FF302821FF302821FF302821FF302821FF302821FF302821FF302821FF302821FF302821FF302821FF302821FF302821FF302821FF302821FF302821FF302821FF302821FF302821FFFF7F9FFF302821FF302821FF302821FF302821FFFF7F
310
9FFF302821FF302821FF302821FF302821FF302821FF302821FF302821FF302821FF302821FF302821FF302821FF302821FF302821FF302821FF302821FF302821FF302821FF302821FF302821FF302821FF302821FF302821FF302821FF302821FF302821FF302821FFFF7F9FFF302821FF302821FF302821FF302821FFFF
310
7F9FFF302821FF302821FF302821FF302821FF302821FF302821FF302821FF302821FF302821FF302821FF302821FF302821FF302821FF302821FF302821FF302821FF302821FF302821FF302821FF302821FF302821FF302821FF302821FF302821FF302821FF302821FFFF7F9FFF302821FF302821FF302821FF302821FF
310
FF7F9FFF302821FF302821FF302821FF302821FF302821FF302821FF302821FF302821FF302821FF302821FF302821FF302821FF302821FF302821FF302821FF302821FF302821FF302821FF302821FF302821FF302821FF302821FF302821FF302821FF302821FF302821FFFF7F9FFF302821FF302821FF302821FFFF7F9F
310
FF302821FF302821FF302821FF302821FF302821FF302821FF302821FF302821FF302821FF302821FF302821FF302821FF302821FF302821FF302821FF302821FF302821FF302821FF302821FF302821FF302821FF302821FF302821FF302821FF302821FF302821FF302821FFFF7F9FFF302821FF302821FF302821FFFF7F
310
9FFF302821FF302821FF302821FF302821FF302821FF302821FF302821FF302821FF302821FF302821FF302821FF302821FF302821FF302821FF302821FF302821FF302821FF302821FF302821FF302821FF302821FF302821FF302821FF302821FF302821FF302821FF302821FFFF7F9FFF302821FF302821FF302821FFFF
310
7F9FFF302821FF302821FF302821FF302821FF302821FF302821FF302821FF302821FF302821FF302821FF302821FF302821FF302821FF302821FF302821FF302821FF302821FF302821FF302821FF302821FF302821FF302821FF302821FF302821FF302821FF302821FF302821FF302821FFFF7F9FFF302821FF302821FF
310
FF7F9FFF302821FF302821FF302821FF302821FF302821FF302821FF302821FF302821FF302821FF302821FF302821FF302821FF302821FF302821FF302821FF302821FF302821FF302821FF302821FF302821FF302821FF302821FF302821FF302821FF302821FF302821FF302821FF302821FFFF7F9FFF302821FFFF7F9F
310
FF302821FF302821FF302821FF302821FF302821FF302821FF302821FF302821FF302821FF302821FF302821FF302821FF302821FF302821FF302821FF302821FF302821FF302821FF302821FF302821FF302821FF302821FF302821FF302821FF302821FF302821FF302821FF302821FF302821FFFF7F9FFF302821FFFF7F
310
9FFF302821FF302821FF302821FF302821FF302821FF302821FF302821FF302821FF302821FF302821FF302821FF302821FF302821FF302821FF302821FF302821FF302821FF302821FF302821FF302821FF302821FF302821FF302821FF302821FF302821FF302821FF302821FF302821FF302821FFFF7F9FFF302821FFFF
310
7F9FFF302821FF302821FF302821FF302821FF302821FF302821FF302821FF302821FF302821FF302821FF302821FF302821FF302821FF302821FF302821FF302821FF302821FF302821FF302821FF302821FF302821FF302821FF302821FF302821FF302821FF302821FF302821FF302821FF302821FFFF7F9FFF302821FF
310
FF7F9FFF302821FF302821FF302821FF302821FF302821FF302821FF302821FF302821FF302821FF302821FF302821FF302821FF302821FF302821FF302821FF302821FF302821FF302821FF302821FF302821FF302821FF302821FF302821FF302821FF302821FF302821FF302821FF302821FF302821FF302821FFFF7F9F
310
FF302821FF302821FF302821FF302821FF302821FF302821FF302821FF302821FF302821FF302821FF302821FF302821FF302821FF302821FF302821FF302821FF302821FF302821FF302821FF302821FF302821FF302821FF302821FF302821FF302821FF302821FF302821FF302821FF302821FF302821FF302821FFFF7F
310
9FFF302821FF302821FF302821FF302821FF302821FF302821FF302821FF302821FF302821FF302821FF302821FF302821FF302821FF302821FF302821FF302821FF302821FF302821FF302821FF302821FF302821FF302821FF302821FF302821FF302821FF302821FF302821FF302821FF302821FF302821FF302821FFFF
310
7F9FFFFF7F9FFF302821FF302821FF302821FF302821FF302821FF302821FF302821FF302821FF302821FF302821FF302821FF302821FF302821FF302821FF302821FF302821FF302821FF302821FF302821FF302821FF302821FF302821FF302821FF302821FF302821FF302821FF302821FF302821FF302821FF302821FF
310
FF7F9FFFFF7F9FFF302821FF302821FF302821FF302821FF302821FF302821FF302821FF302821FF302821FF302821FF302821FF302821FF302821FF302821FF302821FF302821FF302821FF302821FF302821FF302821FF302821FF302821FF302821FF302821FF302821FF302821FF302821FF302821FF302821FFFF7F9F
310
FFFF7F9FFFFF7F9FFFFF7F9FFF302821FF302821FF302821FF302821FF302821FF302821FF302821FF302821FF302821FF302821FF302821FF302821FF302821FF302821FF302821FF302821FF302821FF302821FF302821FF302821FF302821FF302821FF302821FF302821FF302821FF302821FF302821FFFF7F9FFFFF7F
310
9FFF302821FF302821FFFF7F9FFFFF7F9FFF302821FF302821FF302821FF302821FF302821FF302821FF302821FF302821FF302821FF302821FF302821FF302821FF302821FF302821FF302821FF302821FF302821FF302821FF302821FF302821FF302821FF302821FF302821FF302821FFFF7F9FFFFF7F9FFF302821FF30
310
2821FF302821FF302821FF302821FF302821FFFF7F9FFFFF7F9FFF302821FF302821FF302821FF302821FF302821FF302821FF302821FF302821FF302821FF302821FF302821FF302821FF302821FF302821FF302821FF302821FF302821FF302821FF302821FF302821FF302821FF302821FF302821FF302821FF302821FF
310
302821FF302821FF302821FF302821FF302821FF302821FF302821FF302821FF302821FF302821FF302821FF302821FF302821FF302821FF302821FF302821FF302821FF302821FF
 70
     1
280
     1
281
     1
1001
ACDBBLOCKREPETAG
1070
     1
1071
        3
1001
AcDbDynamicBlockTrueName
1000
YLTM-
1001
AcDbDynamicBlockGUID
1000
{65A893FC-4CD5-469E-B68B-B6D8DD2C9777}
  0
BLOCK_RECORD
  5
8D
102
{ACAD_XDICTIONARY
360
8E
102
}
330
1
100
AcDbSymbolTableRecord
100
AcDbBlockTableRecord
  2
*U6
340
0
102
{BLKREFS
331
72
102
}
 70
     0
280
     1
281
     1
1001
AcDbBlockRepBTag
1070
     1
1005
76
  0
BLOCK_RECORD
  5
B5
330
1
100
AcDbSymbolTableRecord
100
AcDbBlockTableRecord
  2
kompoze orta
340
0
310
28000000200000002000000001002000000000000010000001000000010000000000000000000000FFFFFFFFFFFFFFFFFFFFFFFFFFFFFFFFFFFFFFFFFFFFFFFFFFFFFFFFFFFFFFFFFFFFFFFFFFFFFFFFFFFFFFFFFFFFFFFFFFFFFFFFFFFFFFFFFFFFFFFFFFFFFFFFFFFFFFFFFFFFFFFFFFFFFFFFFFFFFFFFFFFFFFFFFFFFFF
310
FFFFFFFFFFFFFFFFFFFFFFFFFFFFFFFFFFFFFFFFFFFFFFFFFFFFFFFFFFFFFFFFFFFFFFFFFFFFFFFFFFFFFFFFFFFFFFFFFFFFFFFFFFFFFFFFFFFFFFFFFFFFFFFFFFFFFFFFFFFFFFFFFFFFFFFFFFFFFFFFFFFFFFFFFFFFFFFFFFFFFFFFFFFFFFFFFFFFFFFFFF607B56FFFFFFFFFFFFFFFFFFFFFFFFFFFFFFFFFFFFFFFFFFFFFF
310
FFFFFFFFFFFFFFFFFFFFFFFFFFFFFFFFFFFFFFFFFFFFFFFFFFFFFFFFFFFFFFFFFFFFFFFFFFFFFFFFFFFFFFFFFFFFFFFFFFFFFFFFFFFFFFFFFFFFFFFFFFFFFFFFFFFFFFFFFFFFFFFFFFFFFFFFFFFFFFFFFFFFFFFFFFFFFFFFFFFFFFFFFFFFFFFFFFFFFFFFFFFF607B56FFFFFFFFFFFFFFFFFFFFFFFFFFFFFFFFFFFFFFFFFFFF
310
FFFFFFFFFFFFFFFFFFFFFFFFFFFFFFFFFFFFFFFFFFFFFFFFFFFFFFFFFFFFFFFFFFFFFFFFFFFFFFFFFFFFFFFFFFFFFFFFFFFFFFFFFFFFFFFFFFFFFFFFFFFFFFFFFFFFFFFFFFFFFFFFFFFFFFFFFFFFFFFFFFFFFFFFFFFFFFFFFFFFFFFFFFFFFFFFFFFFFFFFFFFFFF607B56FFFFFFFFFFFFFFFFFFFFFFFFFFFFFFFFFFFFFFFFFF
310
FFFFFFFFFFFFFFFFFFFFFFFFFFFFFFFFFFFFFFFFFFFFFFFFFFFFFFFFFFFFFFFFFFFFFFFFFFFFFFFFFFFFFFFFFFFFFFFFFFFFFFFFFFFFFFFFFFFFFFFFFFFFFFFFFFFFFFFFFFFFFFFFFFFFFFFFFFFFFFFFFFFFFFFFFFFFFFFFFFFFFFFFFFFFFFFFFFFFFFFFFFFFFFFF607B56FFFFFFFFFFFFFFFFFFFFFFFFFFFFFFFFFFFFFFFF
310
FFFFFFFFFFFFFFFFFFFFFFFFFFFFFFFFFFFFFFFFFFFFFFFFFFFFFFFFFFFFFFFFFFFFFFFFFFFFFFFFFFFFFFFFFFFFFFFFFFFFFFFFFFFFFFFFFFFFFFFFFFFFFFFFFFFFFFFFFFFFFFFFFFFFFFFFFFFFFFFFFFFFFFFFFFFFFFFFFFFFFFFFFFFFFFFFFFFFFFFFFFFFFFFFFF607B56FFFFFFFFFFFFFFFFFFFFFFFFFFFFFFFFFFFFFF
310
FFFFFFFFFFFFFFFFFFFFFFFFFFFFFFFFFFFFFFFFFFFFFFFFFFFFFFFFFFFFFFFFFFFFFFFFFFFFFFFFFFFFFFFFFFFFFFFFFFFFFFFFFFFFFFFFFFFFFFFFFFFFFFFFFFFFFFFFFFFFFFFFFFFFFFFFFFFFFFFFFFFFFFFFFFFFFFFFFFFFFFFFFFFFFFFFFFFFFFFFFFFFFFFFFFFF607B56FFFFFFFFFFFFFFFFFFFFFFFFFFFFFFFFFFFF
310
FFFFFFFFFFFFFFFFFFFFFFFFFFFFFFFFFFFFFFFFFFFFFFFFFFFFFFFFFFFFFFFFFFFFFFFFFFFFFFFFFFFFFFFFFFFFFFFFFFFFFFFFFFFFFFFFFFFFFFFFFFFFFFFFFFFFFFFFFFFFFFFFFFFFFFFFFFFFFFFFFFFFFFFFFFFFFFFFFFFFFFFFFFFFFFFFFFFFFFFFFFFFFFFFFFFFFF607B56FFFFFFFFFFFFFFFFFFFFFFFFFFFFFFFFFF
310
FFFFFFFFFFFFFFFFFFFFFFFFFFFFFFFFFFFFFFFFFFFFFFFFFFFFFFFFFFFFFFFFFFFFFFFFFFFFFFFFFFFFFFFFFFFFFFFFFFFFFFFFFFFFFFFFFFFFFFFFFFFFFFFFFFFFFFFFFFFFFFFFFFFFFFFFFFFFFFFFFFFFFFFFFFFFFFFFFFFFFFFFFFFFFFFFFFFFFFFFFFFFFFFFFFFFFFFF607B56FFFFFFFFFFFFFFFFFFFFFFFFFFFFFFFF
310
FFFFFFFFFFFFFFFFFFFFFFFFFFFFFFFFFFFFFFFFFFFFFFFFFFFFFFFFFFFFFFFFFFFFFFFFFFFFFFFFFFFFFFFFFFFFFFFFFFFFFFFFFFFFFFFFFFFFFFFFFFFFFFFFFFFFFFFFFFFFFFFFFFFFFFFFFFFFFFFFFFFFFFFFFFFFFFFFFFFFFFFFFFFFFFFFFFFFFFFFFFFFFFFFFFFFFFFFFF607B56FFFFFFFFFFFFFFFFFFFFFFFFFFFFFF
310
FFFFFFFFFFFFFFFFFFFFFFFFFFFFFFFFFFFFFFFFFFFFFFFFFFFFFFFFFFFFFFFFFFFFFFFFFFFFFFFFFFFFFFFFFFFFFFFFFFFFFFFFFFFFFFFFFFFFFFFFFFFFFFFFFFFFFFFFFFFFFFFFFFFFFFFFFFFFFFFFFFFFFFFFFFFFFFFFFFFFFFFFFFFFFFFFFFFFFFFFFFFFFFFFFFFFFFFFFFFF607B56FFFFFFFFFFFFFFFFFFFFFFFFFFFF
310
FFFFFFFFFFFFFFFFFFFFFFFFFFFFFFFFFFFFFFFFFFFFFFFFFFFFFFFFFFFFFFFFFFFFFFFFFFFFFFFFFFFFFFFFFFFFFFFFFFFFFFFFFFFFFFFFFFFFFFFFFFFFFFFFFFFFFFFFFFFFFFFFFFFFFFFFFFFFFFFFFFFFFFFFFFFFFFFFFFFFFFFFFFFFFFFFFFFFFFFFFFFFFFFFFFFFFFFFFFFFFF607B56FFFFFFFFFFFFFFFFFFFFFFFFFF
310
FFFFFFFFFFFFFFFFFFFFFFFFFFFFFFFFFFFFFFFFFFFFFFFFFFFFFFFFFFFFFFFFFFFFFFFFFFFFFFFFFFFFFFFFFFFFFFFFFFFFFFFFFFFFFFFFFFFFFFFFFFFFFFFFFFFFFFFFFFFFFFFFFFFFFFFFFFFFFFFFFFFFFFFFFFFFFFFFFFFFFFFFFFFFFFFFFFFFFFFFFFFFFFFFFFFFFFFFFFFFFFFF607B56FFFFFFFFFFFFFFFFFFFFFFFF
310
FFFFFFFFFFFFFFFFFFFFFFFFFFFFFFFFFFFFFFFFFFFFFFFFFFFFFFFFFFFFFFFFFFFFFFFFFFFFFFFFFFFFFFFFFFFFFFFFFFFFFFFFFFFFFFFFFFFFFFFFFFFFFFFFFFFFFFFFFFFFFFFFFFFFFFFFFFFFFFFFFFFFFFFFFFFFFFFFFFFFFFFFFFFFFFFFFFFFFFFFFFFFFFFFFFFFFFFFFFFFFFFFFF607B56FFFFFFFFFFFFFFFFFFFFFF
310
FFFFFFFFFFFFFFFFFFFFFFFFFFFFFFFFFFFFFFFFFFFFFFFFFFFFFFFFFFFFFFFFFFFFFFFFFFFFFFFFFFFFFFFFFFFFFFFFFFFFFFFFFFFFFFFFFFFFFFFFFFFFFFFFFFFFFFFFFFFFFFFFFFFFFFFFFFFFFFFFFFFFFFFFFFFFFFFFFFFFFFFFFFFFFFFFFFFFFFFFFFFFFFFFFFFFFFFFFFFFFFFFFFFF607B56FFFFFFFFFFFFFFFFFFFF
310
FFFFFFFFFFFFFFFFFFFFFFFFFFFFFFFFFFFFFFFFFFFFFFFFFFFFFFFFFFFFFFFFFFFFFFFFFFFFFFFFFFFFFFFFFFFFFFFFFFFFFFFFFFFFFFFFFFFFFFFFFFFFFFFFFFFFFFFFFFFFFFFFFFFFFFFFFFFFFFFFFFFFFFFFFFFFFFFFFFFFFFFFFFFFFFFFFFFFFFFFFFFFFFFFFFFFFFFFFFFFFFFFFFFFFF607B56FFFFFFFFFFFFFFFFFF
310
FFFFFFFFFFFFFFFFFFFFFFFFFFFFFFFFFFFFFFFFFFFFFFFFFFFFFFFFFFFFFFFFFFFFFFFFFFFFFFFFFFFFFFFFFFFFFFFFFFFFFFFFFFFFFFFFFFFFFFFFFFFFFFFFFFFFFFFFFFFFFFFFFFFFFFFFFFFFFFFFFFFFFFFFFFFFFFFFFFFFFFFFFFFFFFFFFFFFFFFFFFFFFFFFFFFFFFFFFFFFFFFFFFFFFFFF607B56FFFFFFFFFFFFFFFF
310
FFFFFFFFFFFFFFFFFFFFFFFFFFFFFFFFFFFFFFFFFFFFFFFFFFFFFFFFFFFFFFFFFFFFFFFFFFFFFFFFFFFFFFFFFFFFFFFFFFFFFFFFFFFFFFFFFFFFFFFFFFFFFFFFFFFFFFFFFFFFFFFFFFFFFFFFFFFFFFFFFFFFFFFFFFFFFFFFFFFFFFFFFFFFFFFFFFFFFFFFFFFFFFFFFFFFFFFFFFFFFFFFFFFFFFFFFF607B56FFFFFFFFFFFFFF
310
FFFFFFFFFFFFFFFFFFFFFFFFFFFFFFFFFFFFFFFFFFFFFFFFFFFFFFFFFFFFFFFFFFFFFFFFFFFFFFFFFFFFFFFFFFFFFFFFFFFFFFFFFFFFFFFFFFFFFFFFFFFFFFFFFFFFFFFFFFFFFFFFFFFFFFFFFFFFFFFFFFFFFFFFFFFFFFFFFFFFFFFFFFFFFFFFFFFFFFFFFFFFFFFFFFFF007F5FFF1E1B99FF007F5FFF607B56FFFFFFFFFF00
310
7F5FFF1E1B99FF007F5FFFFFFFFFFFFFFFFFFFFFFFFFFFFFFFFFFFFFFFFFFFFFFFFFFFFFFFFFFFFFFFFFFFFFFFFFFFFFFFFFFFFFFFFFFFFFFFFFFFFFFFFFFFFFFFFFFFFFFFFFFFFFFFFFFFFFFFFFFFFFFFFFFFFFFFFFFFFFFFFFFFFFFFFFFFFFFFFFFFFFFFFFFFFFFFFFFFFFFFFFFF1E1B99FF007F5FFF607B56FFFFFFFFFF
310
007F5FFF1E1B99FFFFFFFFFFFFFFFFFFFFFFFFFFFFFFFFFFFFFFFFFFFFFFFFFFFFFFFFFFFFFFFFFFFFFFFFFFFFFFFFFFFFFFFFFFFFFFFFFFFFFFFFFFFFFFFFFFFFFFFFFFFFFFFFFFFFFFFFFFFFFFFFFFFFFFFFFFFFFFFFFFFFFFFFFFFFFFFFFFFFFFFFFFFFFFFFFF3F7F6FFF3F7F6FFF3F7F6FFF007F5FFF607B56FF007F5F
310
FF3F7F6FFF3F7F6FFF3F7F6FFF3F7F6FFFFFFFFFFFFFFFFFFFFFFFFFFFFFFFFFFFFFFFFFFFFFFFFFFFFFFFFFFFFFFFFFFFFFFFFFFFFFFFFFFFFFFFFFFFFFFFFFFFFFFFFFFFFFFFFFFFFFFFFFFFFFFFFFFFFFFFFFFFFFFFFFFFFFFFFFFFFFFFFFFFFFFFFFFFFFFFFFFFFFFFFFFFFFFFFFFF1E1B99FF3F7F6FFF607B56FF1E1B
310
99FF3F7F6FFF1E1B99FFFFFFFFFFFFFFFFFFFFFFFFFFFFFFFFFFFFFFFFFFFFFFFFFFFFFFFFFFFFFFFFFFFFFFFFFFFFFFFFFFFFFFFFFFFFFFFFFFFFFFFFFFFFFFFFFFFFFFFFFFFFFFFFFFFFFFFFFFFFFFFFFFFFFFFFFFFFFFFFFFFFFFFFFFFFFFFFFFFFFFFFFFFFFFFFFFFFFFFFFFFFFFFFFF0000A5FF3F7F6FFF607B56FF3F
310
7F6FFF3F7F6FFF0000A5FFFFFFFFFFFFFFFFFFFFFFFFFFFFFFFFFFFFFFFFFFFFFFFFFFFFFFFFFFFFFFFFFFFFFFFFFFFFFFFFFFFFFFFFFFFFFFFFFFFFFFFFFFFFFFFFFFFFFFFFFFFFFFFFFFFFFFFFFFFFFFFFFFFFFFFFFFFFFFFFFFFFFFFFFFFFFFFFFFFFFFFFFFFFFFFFFFFFFFFFFFFFFFFFFF0000A5FF3F7F6FFF607B56FF
310
3F7F6FFF3F7F6FFF0000A5FFFFFFFFFFFFFFFFFFFFFFFFFFFFFFFFFFFFFFFFFFFFFFFFFFFFFFFFFFFFFFFFFFFFFFFFFFFFFFFFFFFFFFFFFFFFFFFFFFFFFFFFFFFFFFFFFFFFFFFFFFFFFFFFFFFFFFFFFFFFFFFFFFFFFFFFFFFFFFFFFFFFFFFFFFFFFFFFFFFFFFFFFFFFFFFFFFFFFFFFFFFFFFFFFF0000A5FFFFFFFFFF607B56
310
FFFFFFFFFFFFFFFFFF0000A5FFFFFFFFFFFFFFFFFFFFFFFFFFFFFFFFFFFFFFFFFFFFFFFFFFFFFFFFFFFFFFFFFFFFFFFFFFFFFFFFFFFFFFFFFFFFFFFFFFFFFFFFFFFFFFFFFFFFFFFFFFFFFFFFFFFFFFFFFFFFFFFFFFFFFFFFFFFFFFFFFFFFFFFFFFFFFFFFFFFFFFFFFFFFFFFFFFFFFFFFFFFFFFFFFF0000A5FF0000A5FF607B
310
56FF0000A5FF0000A5FF0000A5FFFFFFFFFFFFFFFFFFFFFFFFFFFFFFFFFFFFFFFFFFFFFFFFFFFFFFFFFFFFFFFFFFFFFFFFFFFFFFFFFFFFFFFFFFFFFFFFFFFFFFFFFFFFFFFFFFFFFFFFFFFFFFFFFFFFFFFFFFFFFFFFFFFFFFFFFFFFFFFFFFFFFFFFFFFFFFFFFFFFFFFFFFFFFFFFFFFFFFFFFFFFFFFFFFFFFFFFFFFFFFFFFF60
310
7B56FFFFFFFFFFFFFFFFFFFFFFFFFFFFFFFFFFFFFFFFFFFFFFFFFFFFFFFFFFFFFFFFFFFFFFFFFFFFFFFFFFFFFFFFFFFFFFFFFFFFFFFFFFFFFFFFFFFFFFFFFFFFFFFFFFFFFFFFFFFFFFFFFFFFFFFFFFFFFFFFFFFFFFFFFFFFFFFFFFFFFFFFFFFFFFFFFFFFFFFFFFFFFFFFFFFFFFFFFFFFFFFFFFFFFFFFFFFFFFFFFFFFFFFFFF
310
607B56FFFFFFFFFFFFFFFFFFFFFFFFFFFFFFFFFFFFFFFFFFFFFFFFFFFFFFFFFFFFFFFFFFFFFFFFFFFFFFFFFFFFFFFFFFFFFFFFFFFFFFFFFFFFFFFFFFFFFFFFFFFFFFFFFFFFFFFFFFFFFFFFFFFFFFFFFFFFFFFFFFFFFFFFFFFFFFFFFFFFFFFFFFFFFFFFFFFFFFFFFFFFFFFFFFFFFFFFFFFFFFFFFFFFFFFFFFFFFFFFFFFFFFFF
310
FF607B56FFFFFFFFFFFFFFFFFFFFFFFFFFFFFFFFFFFFFFFFFFFFFFFFFFFFFFFFFFFFFFFFFFFFFFFFFFFFFFFFFFFFFFFFFFFFFFFFFFFFFFFFFFFFFFFFFFFFFFFFFFFFFFFFFFFFFFFFFFFFFFFFFFFFFFFFFFFFFFFFFFFFFFFFFFFFFFFFFFFFFFFFFFFFFFFFFFFFFFFFFFFFFFFFFFFFFFFFFFFFFFFFFFFFFFFFFFFFFFFFFFFFFF
310
FFFF607B56FFFFFFFFFFFFFFFFFFFFFFFFFFFFFFFFFFFFFFFFFFFFFFFFFFFFFFFFFFFFFFFFFFFFFFFFFFFFFFFFFFFFFFFFFFFFFFFFFFFFFFFFFFFFFFFFFFFFFFFFFFFFFFFFFFFFFFFFFFFFFFFFFFFFFFFFFFFFFFFFFFFFFFFFFFFFFFFFFFFFFFFFFFFFFFFFFFFFFFFFFFFFFFFFFFFFFFFFFFFFFFFFFFFFFFFFFFFFFFFFFFFF
310
FFFFFF607B56FFFFFFFFFFFFFFFFFFFFFFFFFFFFFFFFFFFFFFFFFFFFFFFFFFFFFFFFFFFFFFFFFFFFFFFFFFFFFFFFFFFFFFFFFFFFFFFFFFFFFFFFFFFFFFFFFFFFFFFFFFFFFFFFFFFFFFFFFFFFFFFFFFFFFFFFFFFFFFFFFFFFFFFFFFFFFFFFFFFFFFFFFFFFFFFFFFFFFFFFFFFFFFFFFFFFFFFFFFFFFFFFFFFFFFFFFFFFFFFFFF
310
FFFFFFFFFFFFFFFFFFFFFFFFFFFFFFFFFFFFFFFFFFFFFFFFFFFFFFFFFFFFFFFFFFFFFFFFFFFFFFFFFFFFFFFFFFFFFFFFFFFFFFFFFFFFFFFFFFFFFFFFFFFFFFFFFFFFFFFFFFFFFFFF
102
{BLKREFS
331
B4
102
}
 70
     4
280
     1
281
     0
  0
BLOCK_RECORD
  5
134
102
{ACAD_XDICTIONARY
360
135
102
}
330
1
100
AcDbSymbolTableRecord
100
AcDbBlockTableRecord
  2
*U8
340
0
102
{BLKREFS
331
1CB
331
1D7
331
1E6
331
CD
102
}
 70
     0
280
     1
281
     0
1001
AcDbBlockRepBTag
1070
     1
1005
D1
  0
ENDTAB
  0
ENDSEC
  0
SECTION
  2
BLOCKS
  0
BLOCK
  5
5
330
2
100
AcDbEntity
  8
0
100
AcDbBlockBegin
  2
*Model_Space
 70
     0
 10
0.0
 20
0.0
 30
0.0
  3
*Model_Space
  1

  0
ENDBLK
  5
15
330
2
100
AcDbEntity
  8
0
100
AcDbBlockEnd
  0
BLOCK
  5
1B
330
1A
100
AcDbEntity
 67
     1
  8
0
100
AcDbBlockBegin
  2
*Paper_Space
 70
     0
 10
0.0
 20
0.0
 30
0.0
  3
*Paper_Space
  1

  0
ENDBLK
  5
1C
330
1A
100
AcDbEntity
 67
     1
  8
0
100
AcDbBlockEnd
  0
BLOCK
  5
3E
330
3B
100
AcDbEntity
  8
0
100
AcDbBlockBegin
  2
_OBLIQUE
 70
     0
 10
0.0
 20
0.0
 30
0.0
  3
_OBLIQUE
  1

  0
LINE
  5
3F
330
3B
100
AcDbEntity
  8
0
  6
ByBlock
 62
     0
380
     1
100
AcDbLine
 10
-0.5
 20
-0.5
 30
0.0
 11
0.5
 21
0.5
 31
0.0
  0
ENDBLK
  5
40
330
3B
100
AcDbEntity
  8
0
100
AcDbBlockEnd
  0
BLOCK
  5
47
330
44
100
AcDbEntity
  8
0
100
AcDbBlockBegin
  2
_ArchTick
 70
     0
 10
0.0
 20
0.0
 30
0.0
  3
_ArchTick
  1

  0
LWPOLYLINE
  5
48
330
44
100
AcDbEntity
  8
0
 62
     0
100
AcDbPolyline
 90
        2
 70
     0
 43
0.15
 10
-0.5
 20
-0.5
 10
0.5
 20
0.5
  0
ENDBLK
  5
49
330
44
100
AcDbEntity
  8
0
100
AcDbBlockEnd
  0
BLOCK
  5
34
330
33
100
AcDbEntity
  8
0
100
AcDbBlockBegin
  2
huseyin1_ArchTick
 70
     0
 10
0.0
 20
0.0
 30
0.0
  3
huseyin1_ArchTick
  1

  0
LWPOLYLINE
  5
35
330
33
100
AcDbEntity
  8
0
  6
ByBlock
 62
     0
100
AcDbPolyline
 90
        2
 70
     0
 43
0.15
 10
-0.5
 20
-0.5
 10
0.5
 20
0.5
  0
ENDBLK
  5
36
330
33
100
AcDbEntity
  8
0
100
AcDbBlockEnd
  0
BLOCK
  5
E4
330
D1
100
AcDbEntity
  8
0
100
AcDbBlockBegin
  2
CSK#39
 70
     0
 10
0.0
 20
0.0
 30
0.0
  3
CSK#39
  1

  0
LWPOLYLINE
  5
E5
330
D1
100
AcDbEntity
  8
6
 60
     1
100
AcDbPolyline
 90
       16
 70
     1
 43
0.0
 10
-0.8485881991838937
 20
-2.192069383178703
 10
-0.8485881991838937
 20
-1.330829714574633
 10
-1.330829714574633
 20
-0.8485881991839503
 10
-2.192069383178703
 20
-0.8485881991838937
 42
-0.1868043047418937
 10
-2.192069383178703
 20
0.8485881991838937
 10
-1.330829714574633
 20
0.8485881991838937
 10
-0.8485881991838937
 20
1.330829714574575
 10
-0.8485881991838937
 20
2.192069383178647
 42
-0.1868043047418937
 10
0.8485881991838937
 20
2.192069383178647
 10
0.8485881991839503
 20
1.330829714574575
 10
1.330829714574575
 20
0.8485881991838937
 10
2.192069383178703
 20
0.8485881991838937
 42
-0.1868043047418937
 10
2.192069383178703
 20
-0.8485881991838937
 10
1.330829714574575
 20
-0.8485881991839503
 10
0.8485881991839503
 20
-1.330829714574633
 10
0.8485881991839503
 20
-2.192069383178703
 42
-0.1868043047418937
1001
ACDBBLOCKREPETAG
1070
     1
1071
      101
1005
E5
  0
LWPOLYLINE
  5
E8
330
D1
100
AcDbEntity
  8
7
 60
     1
100
AcDbPolyline
 90
       16
 70
     1
 43
0.0
 10
-0.3663466837932106
 20
-1.832079036339506
 10
-0.3663466837932106
 20
-1.131078738560461
 10
-1.131078738560403
 20
-0.3663466837932674
 10
-1.832079036339564
 20
-0.3663466837932106
 42
-0.0990011964449676
 10
-1.832079036339564
 20
0.3663466837931537
 10
-1.131078738560403
 20
0.3663466837931537
 10
-0.3663466837932106
 20
1.131078738560403
 10
-0.3663466837932106
 20
1.832079036339564
 42
-0.0990011964449676
 10
0.3663466837932106
 20
1.832079036339564
 10
0.3663466837932106
 20
1.131078738560403
 10
1.131078738560461
 20
0.3663466837931537
 10
1.832079036339506
 20
0.3663466837931537
 42
-0.0990011964449676
 10
1.832079036339506
 20
-0.3663466837932106
 10
1.131078738560461
 20
-0.3663466837932674
 10
0.3663466837932106
 20
-1.131078738560461
 10
0.3663466837932106
 20
-1.832079036339506
 42
-0.0990011964449723
1001
ACDBBLOCKREPETAG
1070
     1
1071
       76
1005
E8
  0
LINE
  5
EB
330
D1
100
AcDbEntity
  8
7
 60
     1
100
AcDbLine
 10
-0.8485881991838937
 20
2.192069383178647
 30
0.0
 11
-0.3663466837932106
 21
1.832079036339564
 31
0.0
1001
ACDBBLOCKREPETAG
1070
     1
1071
       77
1005
EB
  0
LINE
  5
EC
330
D1
100
AcDbEntity
  8
7
 60
     1
100
AcDbLine
 10
-0.8485881991838937
 20
1.330829714574575
 30
0.0
 11
-0.3663466837932106
 21
1.131078738560403
 31
0.0
1001
ACDBBLOCKREPETAG
1070
     1
1071
       78
1005
EC
  0
LINE
  5
ED
330
D1
100
AcDbEntity
  8
7
 60
     1
100
AcDbLine
 10
-1.330829714574633
 20
0.8485881991838937
 30
0.0
 11
-1.131078738560403
 21
0.3663466837931537
 31
0.0
1001
ACDBBLOCKREPETAG
1070
     1
1071
       79
1005
ED
  0
LINE
  5
EE
330
D1
100
AcDbEntity
  8
7
 60
     1
100
AcDbLine
 10
-2.192069383178703
 20
0.8485881991838937
 30
0.0
 11
-1.832079036339564
 21
0.3663466837931537
 31
0.0
1001
ACDBBLOCKREPETAG
1070
     1
1071
       80
1005
EE
  0
LINE
  5
EF
330
D1
100
AcDbEntity
  8
7
 60
     1
100
AcDbLine
 10
-1.832079036339564
 20
-0.3663466837932106
 30
0.0
 11
-2.192069383178703
 21
-0.8485881991838937
 31
0.0
1001
ACDBBLOCKREPETAG
1070
     1
1071
       81
1005
EF
  0
LINE
  5
F0
330
D1
100
AcDbEntity
  8
7
 60
     1
100
AcDbLine
 10
-1.330829714574633
 20
-0.8485881991839503
 30
0.0
 11
-1.131078738560403
 21
-0.3663466837932674
 31
0.0
1001
ACDBBLOCKREPETAG
1070
     1
1071
       82
1005
F0
  0
LINE
  5
F1
330
D1
100
AcDbEntity
  8
7
 60
     1
100
AcDbLine
 10
-0.3663466837932106
 20
-1.131078738560461
 30
0.0
 11
-0.8485881991838937
 21
-1.330829714574633
 31
0.0
1001
ACDBBLOCKREPETAG
1070
     1
1071
       83
1005
F1
  0
LINE
  5
F2
330
D1
100
AcDbEntity
  8
7
 60
     1
100
AcDbLine
 10
-0.3663466837932106
 20
-1.832079036339506
 30
0.0
 11
-0.8485881991838937
 21
-2.192069383178703
 31
0.0
1001
ACDBBLOCKREPETAG
1070
     1
1071
       84
1005
F2
  0
LINE
  5
F3
330
D1
100
AcDbEntity
  8
7
 60
     1
100
AcDbLine
 10
0.3663466837932674
 20
-1.832079036339506
 30
0.0
 11
0.8485881991839503
 21
-2.192069383178703
 31
0.0
1001
ACDBBLOCKREPETAG
1070
     1
1071
       85
1005
F3
  0
LINE
  5
F4
330
D1
100
AcDbEntity
  8
7
 60
     1
100
AcDbLine
 10
0.3663466837932106
 20
1.131078738560403
 30
0.0
 11
0.8485881991839503
 21
1.330829714574575
 31
0.0
1001
ACDBBLOCKREPETAG
1070
     1
1071
       86
1005
F4
  0
LINE
  5
F5
330
D1
100
AcDbEntity
  8
7
 60
     1
100
AcDbLine
 10
0.3663466837932106
 20
1.832079036339564
 30
0.0
 11
0.8485881991838367
 21
2.192069383178647
 31
0.0
1001
ACDBBLOCKREPETAG
1070
     1
1071
       87
1005
F5
  0
LINE
  5
F6
330
D1
100
AcDbEntity
  8
7
 60
     1
100
AcDbLine
 10
1.131078738560461
 20
0.3663466837931537
 30
0.0
 11
1.330829714574575
 21
0.8485881991838937
 31
0.0
1001
ACDBBLOCKREPETAG
1070
     1
1071
       88
1005
F6
  0
LINE
  5
F7
330
D1
100
AcDbEntity
  8
7
 60
     1
100
AcDbLine
 10
1.832079036339506
 20
0.3663466837931537
 30
0.0
 11
2.192069383178703
 21
0.8485881991838937
 31
0.0
1001
ACDBBLOCKREPETAG
1070
     1
1071
       89
1005
F7
  0
LINE
  5
F8
330
D1
100
AcDbEntity
  8
7
 60
     1
100
AcDbLine
 10
1.832079036339506
 20
-0.3663466837932106
 30
0.0
 11
2.192069383178703
 21
-0.8485881991838937
 31
0.0
1001
ACDBBLOCKREPETAG
1070
     1
1071
       90
1005
F8
  0
LINE
  5
F9
330
D1
100
AcDbEntity
  8
7
 60
     1
100
AcDbLine
 10
1.131078738560461
 20
-0.3663466837932674
 30
0.0
 11
1.330829714574575
 21
-0.8485881991839503
 31
0.0
1001
ACDBBLOCKREPETAG
1070
     1
1071
       91
1005
F9
  0
LINE
  5
FA
330
D1
100
AcDbEntity
  8
7
 60
     1
100
AcDbLine
 10
0.3663466837932106
 20
-1.131078738560461
 30
0.0
 11
0.8485881991839503
 21
-1.330829714574633
 31
0.0
1001
ACDBBLOCKREPETAG
1070
     1
1071
       92
1005
FA
  0
LINE
  5
FB
330
D1
100
AcDbEntity
  8
Axis
 60
     1
100
AcDbLine
 10
-4.131797733339396
 20
0.0000000000016485
 30
0.0
 11
4.131797733339509
 21
0.0000000000016485
 31
0.0
1001
ACDBBLOCKREPETAG
1070
     1
1071
       99
1005
FB
  0
LINE
  5
FF
330
D1
100
AcDbEntity
  8
Axis
 60
     1
100
AcDbLine
 10
0.0
 20
4.131797733341158
 30
0.0
 11
0.0
 21
-4.131797733337748
 31
0.0
1001
ACDBBLOCKREPETAG
1070
     1
1071
      100
1005
FF
  0
CIRCLE
  5
100
330
D1
100
AcDbEntity
  8
6
 60
     1
100
AcDbCircle
 10
-0.0000000000013642
 20
-0.0000000000000568
 30
0.0
 40
3.75
1001
ACDBBLOCKREPETAG
1070
     1
1071
      131
1005
100
  0
LINE
  5
101
330
D1
100
AcDbEntity
  8
ART_VIDA
100
AcDbLine
 10
3.777936012111922
 20
1.428268832699075
 30
0.0
 11
4.241232860026001
 21
1.207688177771274
 31
0.0
1001
ACDBBLOCKREPETAG
1070
     1
1071
      174
1005
101
  0
LINE
  5
104
330
D1
100
AcDbEntity
  8
ART_VIDA
100
AcDbLine
 10
3.777936012112603
 20
1.428268832698847
 30
0.0
 11
4.241232860026001
 21
1.207688177771217
 31
0.0
1001
ACDBBLOCKREPETAG
1070
     1
1071
      175
1005
104
  0
LINE
  5
105
330
D1
100
AcDbEntity
  8
ART_VIDA
100
AcDbLine
 10
4.865541988425092
 20
0.9104478295156468
 30
0.0
 11
6.75
 21
0.0
 31
0.0
1001
ACDBBLOCKREPETAG
1070
     1
1071
      176
1005
105
  0
LINE
  5
106
330
D1
100
AcDbEntity
  8
ART_VIDA
100
AcDbLine
 10
6.75
 20
0.0
 30
0.0
 11
4.454538218604284
 21
-1.461087535318028
 31
0.0
1001
ACDBBLOCKREPETAG
1070
     1
1071
      177
1005
106
  0
LWPOLYLINE
  5
107
330
D1
100
AcDbEntity
  8
ART_VIDA
100
AcDbPolyline
 90
        7
 70
   128
 43
0.0
 10
3.165738545885459
 20
-1.949999999999988
 10
3.205682172662021
 20
-1.882023233625488
 10
3.328473745650626
 20
-1.673678943809989
 10
3.394839344774708
 20
-1.561559034265939
 10
3.422711542042633
 20
-1.514594920537034
 10
3.444104338399482
 20
-1.478605553189878
 10
3.454538218604283
 20
-1.461087535318028
1001
ACDBBLOCKREPETAG
1070
     1
1071
      178
1005
107
  0
LWPOLYLINE
  5
108
330
D1
100
AcDbEntity
  8
ART_VIDA
100
AcDbPolyline
 90
        7
 70
   128
 43
0.0
 10
2.463021902897252
 20
1.917181295718306
 10
2.423078495985009
 20
1.849204531006478
 10
2.30028714286061
 20
1.64086024119109
 10
2.233921543736641
 20
1.528740331647155
 10
2.206048906740079
 20
1.481776217918138
 10
2.184656550111752
 20
1.445786850570981
 10
2.174222450042748
 20
1.428268832699075
1001
ACDBBLOCKREPETAG
1070
     1
1071
      179
1005
108
  0
LWPOLYLINE
  5
109
330
D1
100
AcDbEntity
  8
ART_VIDA
100
AcDbPolyline
 90
       76
 70
   128
 43
0.0
 10
2.462997717824236
 20
1.916759156263026
 10
2.466233900451015
 20
1.922438251123196
 10
2.475036827280745
 20
1.934622031288938
 10
2.483610215781823
 20
1.943226640520435
 10
2.491936476809883
 20
1.948323314850823
 10
2.5
 20
1.950000000000101
 10
2.509216711441808
 20
1.9478165276401
 10
2.518772233769253
 20
1.941168710675582
 10
2.528643041502504
 20
1.929931446319983
 10
2.538801651603989
 20
1.914007774417143
 10
2.549218162529085
 20
1.893332834998431
 10
2.559667213370403
 20
1.868370761600829
 10
2.570298751580594
 20
1.838797804042825
 10
2.581076939278431
 20
1.804650569730426
 10
2.591963520076205
 20
1.765999964900287
 10
2.60174374371786
 20
1.727770180339574
 10
2.611551010668562
 20
1.686131070016243
 10
2.621356298840622
 20
1.641200371262698
 10
2.631131465603401
 20
1.593114839673319
 10
2.640847488869666
 20
1.542029259715035
 10
2.650477105466279
 20
1.488114575880841
 10
2.659992832355555
 20
1.431556023843369
 10
2.669369165278908
 20
1.372551261607725
 10
2.679859990337262
 20
1.302544929545774
 10
2.690103248193963
 20
1.229948486101647
 10
2.70006749825461
 20
1.155091727724823
 10
2.709725037617316
 20
1.078308738218709
 10
2.719050801751791
 20
0.9999345907759218
 10
2.728026541921052
 20
0.9212779177080959
 10
2.737300198216416
 20
0.8397865891908509
 10
2.746886501545873
 20
0.7555504197904952
 10
2.756760387379245
 20
0.6687852063172386
 10
2.76579724982389
 20
0.5893761576160728
 10
2.775020117466168
 20
0.5083333522700855
 10
2.784405464825794
 20
0.4258606869342998
 10
2.793929106829749
 20
0.3421752776046674
 10
2.803564879626719
 20
0.2575054533562593
 10
2.813285080314699
 20
0.1720889424632332
 10
2.823062885449188
 20
0.086170550081647
 10
2.832869272942843
 20
0.0000000008314487
 10
2.842188441148095
 20
-0.0818920097597698
 10
2.851483424280671
 20
-0.1635675639478791
 10
2.860729157809828
 20
-0.2448121085301977
 10
2.869901896391637
 20
-0.3254148829635142
 10
2.878978334410361
 20
-0.4051706576653375
 10
2.887935605978555
 20
-0.4838815272830175
 10
2.898310562550705
 20
-0.5750497432212001
 10
2.908457739708751
 20
-0.6642132364751207
 10
2.918345916721591
 20
-0.7511034428027302
 10
2.927947830416541
 20
-0.8354765326956794
 10
2.937424421460491
 20
-0.9187515653100604
 10
2.946587486012958
 20
-0.9990701926189442
 10
2.95593039956293
 20
-1.077629685666352
 10
2.96560662739091
 20
-1.154593953287586
 10
2.975591104967064
 20
-1.229625833579063
 10
2.985855689661093
 20
-1.302388934162251
 10
2.996369160742233
 20
-1.37255125994494
 10
3.005275863521432
 20
-1.428679757412339
 10
3.014310087594481
 20
-1.482608182765203
 10
3.023448967074158
 20
-1.534166141171283
 10
3.032670075801888
 20
-1.58319335155619
 10
3.041949228704878
 20
-1.629540635992326
 10
3.051262240709775
 20
-1.673072118342928
 10
3.062248420035188
 20
-1.720597325764686
 10
3.073206896458941
 20
-1.763870907291618
 10
3.084098094406953
 20
-1.802752809365074
 10
3.094882878033899
 20
-1.837136177935349
 10
3.104391129537019
 20
-1.863973913673419
 10
3.113758228159667
 20
-1.887138156692741
 10
3.122959549100642
 20
-1.906621651471424
 10
3.131972666200908
 20
-1.922438249460411
 10
3.140775153302001
 20
-1.934622029626041
 10
3.149348541802963
 20
-1.943226638857652
 10
3.157674802831023
 20
-1.948323313188041
 10
3.165738545885459
 20
-1.949999999999988
 10
3.165738545885459
 20
-1.949999999999988
1001
ACDBBLOCKREPETAG
1070
     1
1071
      180
1005
109
  0
SPLINE
  5
10A
330
D1
100
AcDbEntity
  8
ART_VIDA
100
AcDbSpline
210
0.0
220
0.0
230
1.0
 70
    12
 71
     3
 72
    65
 73
    61
 74
     0
 42
0.000000001
 43
0.0000000001
 40
0.0
 40
0.0
 40
0.0
 40
0.0
 40
0.0163602606983639
 40
0.0329182024116513
 40
0.0496575376642021
 40
0.0665607257469624
 40
0.0836090138403994
 40
0.1004749814901844
 40
0.1174420913986057
 40
0.1344898214019359
 40
0.151597089127919
 40
0.1690924147343256
 40
0.1866040295610762
 40
0.2041085459313314
 40
0.2215826550484853
 40
0.2390033034860895
 40
0.2563478552169125
 40
0.2735943063275419
 40
0.2906841920726251
 40
0.3076351209769736
 40
0.3244279688188016
 40
0.3410447850280639
 40
0.3574689170459937
 40
0.3734921410382712
 40
0.3896899381770383
 40
0.406068340933344
 40
0.422611190185743
 40
0.4396430634512165
 40
0.4568085111039249
 40
0.4740869695268107
 40
0.4914569337366406
 40
0.5088961985575052
 40
0.5263819884533796
 40
0.5438911304592553
 40
0.561362088002811
 40
0.5788098536220725
 40
0.5962113866201823
 40
0.6135440915287825
 40
0.6307858488956845
 40
0.6476106185239896
 40
0.6643077039536758
 40
0.6808586320479061
 40
0.697245988794702
 40
0.7165183123103059
 40
0.7355971845265275
 40
0.7548937409065876
 40
0.7744426534365158
 40
0.7942160592179284
 40
0.8141839346380727
 40
0.8313926428495403
 40
0.8486990588228401
 40
0.8660813576999171
 40
0.8835170606492004
 40
0.9009832128656148
 40
0.9181447920601531
 40
0.9352914007159778
 40
0.9524011837044547
 40
0.9694525485412256
 40
0.9867696611748128
 40
1.0
 40
1.0
 40
1.0
 40
1.0
 10
3.454538218604283
 20
-1.461087535318028
 30
0.0
 41
1.0
 10
3.426926274208766
 20
-1.460779188614196
 30
0.0
 41
1.0
 10
3.420776985938799
 20
-1.460158769453698
 30
0.0
 41
1.0
 10
3.411206516724631
 20
-1.455104403188784
 30
0.0
 41
1.0
 10
3.401339506961903
 20
-1.446922898727109
 30
0.0
 41
1.0
 10
3.391179538557252
 20
-1.435245240569543
 30
0.0
 41
1.0
 10
3.380826207303924
 20
-1.420195933146088
 30
0.0
 41
1.0
 10
3.370314093343266
 20
-1.401801887302269
 30
0.0
 41
1.0
 10
3.359682584995424
 20
-1.380141223352609
 30
0.0
 41
1.0
 10
3.348904328720549
 20
-1.355130436369847
 30
0.0
 41
1.0
 10
3.337944379049303
 20
-1.326628112801528
 30
0.0
 41
1.0
 10
3.326838003265833
 20
-1.294635934183759
 30
0.0
 41
1.0
 10
3.315628471206081
 20
-1.259183532344819
 30
0.0
 41
1.0
 10
3.30443208650331
 20
-1.220618579556969
 30
0.0
 41
1.0
 10
3.293290899890848
 20
-1.179097463379604
 30
0.0
 41
1.0
 10
3.282247292295778
 20
-1.134798176210096
 30
0.0
 41
1.0
 10
3.271342330200468
 20
-1.087917812424904
 30
0.0
 41
1.0
 10
3.260621798220198
 20
-1.038704988152516
 30
0.0
 41
1.0
 10
3.250123523197771
 20
-0.9873914204541163
 30
0.0
 41
1.0
 10
3.239880347628286
 20
-0.9342180888043571
 30
0.0
 41
1.0
 10
3.229915438441593
 20
-0.8793882966705266
 30
0.0
 41
1.0
 10
3.220256267950843
 20
-0.8231470502188924
 30
0.0
 41
1.0
 10
3.210972289069673
 20
-0.7659633210331549
 30
0.0
 41
1.0
 10
3.201973703778321
 20
-0.7076310170365902
 30
0.0
 41
1.0
 10
3.192678103625667
 20
-0.6479157051408606
 30
0.0
 41
1.0
 10
3.183096422987318
 20
-0.5862141006618913
 30
0.0
 41
1.0
 10
3.173152498394301
 20
-0.5222237776006864
 30
0.0
 41
1.0
 10
3.162877606167739
 20
-0.4560875368759413
 30
0.0
 41
1.0
 10
3.152295345371384
 20
-0.3879788749231352
 30
0.0
 41
1.0
 10
3.141509751102717
 20
-0.3185615888688176
 30
0.0
 41
1.0
 10
3.130558468403022
 20
-0.2480773094824258
 30
0.0
 41
1.0
 10
3.119481178599243
 20
-0.1767809509558447
 30
0.0
 41
1.0
 10
3.108318420583713
 20
-0.1049375077918171
 30
0.0
 41
1.0
 10
3.097121252648662
 20
-0.0328711560567285
 30
0.0
 41
1.0
 10
3.085932666949473
 20
0.0391429840947808
 30
0.0
 41
1.0
 10
3.074793889501165
 20
0.110831025190123
 30
0.0
 41
1.0
 10
3.063740640388573
 20
0.1819756857459538
 30
0.0
 41
1.0
 10
3.052811386208758
 20
0.2523132182827226
 30
0.0
 41
1.0
 10
3.042111442126155
 20
0.3211826889026383
 30
0.0
 41
1.0
 10
3.031673029707462
 20
0.3883671333221059
 30
0.0
 41
1.0
 10
3.021525610453863
 20
0.4536754034415367
 30
0.0
 41
1.0
 10
3.011636859774852
 20
0.5173196667257117
 30
0.0
 41
1.0
 10
3.001437612281846
 20
0.5829743425301786
 30
0.0
 41
1.0
 10
2.990987589366568
 20
0.6501785653807133
 30
0.0
 41
1.0
 10
2.9803443786667
 20
0.7188891425187764
 30
0.0
 41
1.0
 10
2.969250101235957
 20
0.7855537059205631
 30
0.0
 41
1.0
 10
2.957752142040703
 20
0.8503916848141557
 30
0.0
 41
1.0
 10
2.945854193671721
 20
0.9130771722571465
 30
0.0
 41
1.0
 10
2.934209131639703
 20
0.9702896626535562
 30
0.0
 41
1.0
 10
2.922907749099522
 20
1.022172954412154
 30
0.0
 41
1.0
 10
2.91202754822916
 20
1.068959326007528
 30
0.0
 41
1.0
 10
2.901008474066884
 20
1.113176543997552
 30
0.0
 41
1.0
 10
2.889891846553381
 20
1.154629125966379
 30
0.0
 41
1.0
 10
2.87878674850549
 20
1.192910149202304
 30
0.0
 41
1.0
 10
2.867734090104136
 20
1.227931073456488
 30
0.0
 41
1.0
 10
2.856776316885202
 20
1.259619731630039
 30
0.0
 41
1.0
 10
2.845884411297673
 20
1.288121080211737
 30
0.0
 41
1.0
 10
2.835030498663172
 20
1.313389266122725
 30
0.0
 41
1.0
 10
2.825067950535298
 20
1.334078591419029
 30
0.0
 41
1.0
 10
2.818772057134082
 20
1.344787955489379
 30
0.0
 41
1.0
 10
2.538801651603989
 20
1.914007774417143
 30
0.0
 41
1.0
1001
ACDBBLOCKREPETAG
1070
     1
1071
      181
1005
10A
  0
SPLINE
  5
10B
330
D1
100
AcDbEntity
  8
ART_VIDA
100
AcDbSpline
210
0.0
220
0.0
230
1.0
 70
    12
 71
     3
 72
    65
 73
    61
 74
     0
 42
0.000000001
 43
0.0000000001
 40
0.0
 40
0.0
 40
0.0
 40
0.0
 40
0.0163602505814666
 40
0.0329181820557936
 40
0.0496575069572153
 40
0.0665606921873199
 40
0.0836089697385802
 40
0.1004749191246001
 40
0.1174420185410431
 40
0.1344897300077625
 40
0.1515970032494036
 40
0.1690923099561412
 40
0.1866039139542071
 40
0.2041084275888897
 40
0.2215825259005513
 40
0.2390031635657217
 40
0.256347704571167
 40
0.273594137151177
 40
0.2906840200907863
 40
0.3076349385131622
 40
0.3244277684672279
 40
0.3410445817504112
 40
0.357468696432056
 40
0.3734919105160273
 40
0.3896896976385372
 40
0.406068090266904
 40
0.4226109292896755
 40
0.439642799702618
 40
0.4568082367407016
 40
0.4740866844790796
 40
0.4914566379478175
 40
0.5088958919847368
 40
0.526381662995152
 40
0.543890794173872
 40
0.5613617490066865
 40
0.5788094957639368
 40
0.5962110260341742
 40
0.6135437122513505
 40
0.630785466850766
 40
0.6476102260751122
 40
0.6643072934950128
 40
0.6808582113546196
 40
0.6972455579679399
 40
0.7165178695660867
 40
0.7355967299844759
 40
0.7548932744320945
 40
0.7744421748735306
 40
0.7942155760356277
 40
0.8141834313552822
 40
0.8313921289253737
 40
0.8486985421471755
 40
0.8660808302755329
 40
0.883516506318333
 40
0.9009826558228366
 40
0.9181442244051424
 40
0.9352908305397866
 40
0.9524006029480599
 40
0.9694519572407516
 40
0.9867690591659288
 40
1.0
 40
1.0
 40
1.0
 40
1.0
 10
2.174222450042748
 20
1.428268832699075
 30
0.0
 41
1.0
 10
2.201834392905993
 20
1.427960485957157
 30
0.0
 41
1.0
 10
2.207983678092886
 20
1.427340066719749
 30
0.0
 41
1.0
 10
2.217554170729954
 20
1.422285701039014
 30
0.0
 41
1.0
 10
2.22742109152034
 20
1.414104193082323
 30
0.0
 41
1.0
 10
2.237581404468982
 20
1.402426540957037
 30
0.0
 41
1.0
 10
2.24793474697708
 20
1.387377236215285
 30
0.0
 41
1.0
 10
2.258446470399121
 20
1.368983176535209
 30
0.0
 41
1.0
 10
2.269078226567899
 20
1.34732253234739
 30
0.0
 41
1.0
 10
2.279855865896705
 20
1.322311705782738
 30
0.0
 41
1.0
 10
2.290816759868106
 20
1.293809440397751
 30
0.0
 41
1.0
 10
2.301922559225772
 20
1.261817219631268
 30
0.0
 41
1.0
 10
2.313132155555193
 20
1.226364819851426
 30
0.0
 41
1.0
 10
2.32432886757101
 20
1.18779988891316
 30
0.0
 41
1.0
 10
2.335469977320825
 20
1.146278759985534
 30
0.0
 41
1.0
 10
2.34651357450889
 20
1.101979471161314
 30
0.0
 41
1.0
 10
2.357418654015873
 20
1.055099127311051
 30
0.0
 41
1.0
 10
2.368138724445656
 20
1.005886254463064
 30
0.0
 41
1.0
 10
2.378637433070025
 20
0.9545727330327622
 30
0.0
 41
1.0
 10
2.388880620771941
 20
0.9013994036739063
 30
0.0
 41
1.0
 10
2.398845060290796
 20
0.8465695576671237
 30
0.0
 41
1.0
 10
2.40850479467724
 20
0.790328384709369
 30
0.0
 41
1.0
 10
2.417788278746455
 20
0.7331445980464082
 30
0.0
 41
1.0
 10
2.426786993559516
 20
0.6748123177522416
 30
0.0
 41
1.0
 10
2.436082552313108
 20
0.6150970009276194
 30
0.0
 41
1.0
 10
2.445664267675056
 20
0.5533954010786603
 30
0.0
 41
1.0
 10
2.455608094856414
 20
0.4894050543736627
 30
0.0
 41
1.0
 10
2.465883361011605
 20
0.4232688555620713
 30
0.0
 41
1.0
 10
2.476465520177953
 20
0.3551601690959956
 30
0.0
 41
1.0
 10
2.487251148264022
 20
0.2857428878361929
 30
0.0
 41
1.0
 10
2.49820239969722
 20
0.21525860373157
 30
0.0
 41
1.0
 10
2.509279779295524
 20
0.143962270332338
 30
0.0
 41
1.0
 10
2.520442199737543
 20
0.0721187863755404
 30
0.0
 41
1.0
 10
2.531639331254837
 20
0.000052428921947
 30
0.0
 41
1.0
 10
2.542828397996571
 20
-0.0719616367605909
 30
0.0
 41
1.0
 10
2.553966579275878
 20
-0.143649780993087
 30
0.0
 41
1.0
 10
2.56502044791432
 20
-0.2147943357922486
 30
0.0
 41
1.0
 10
2.575949106372718
 20
-0.285131969194822
 30
0.0
 41
1.0
 10
2.586649526982228
 20
-0.3540013685988015
 30
0.0
 41
1.0
 10
2.597087909280161
 20
-0.4211858188059523
 30
0.0
 41
1.0
 10
2.607234989028484
 20
-0.486494125772822
 30
0.0
 41
1.0
 10
2.617123827531941
 20
-0.550138366745273
 30
0.0
 41
1.0
 10
2.627323050022936
 20
-0.6157930460214516
 30
0.0
 41
1.0
 10
2.637773082782814
 20
-0.6829972675650993
 30
0.0
 41
1.0
 10
2.648416282795324
 20
-0.7517078459406436
 30
0.0
 41
1.0
 10
2.659510593117602
 20
-0.81837240571042
 30
0.0
 41
1.0
 10
2.671008430763663
 20
-0.8832104065472774
 30
0.0
 41
1.0
 10
2.682906845637603
 20
-0.9458958420046316
 30
0.0
 41
1.0
 10
2.694551473698766
 20
-1.003108380072148
 30
0.0
 41
1.0
 10
2.705852877692791
 20
-1.054991668759895
 30
0.0
 41
1.0
 10
2.716733364024206
 20
-1.101778018626134
 30
0.0
 41
1.0
 10
2.727752570544453
 20
-1.145995219418465
 30
0.0
 41
1.0
 10
2.73886837059831
 20
-1.187447867455317
 30
0.0
 41
1.0
 10
2.74997405714157
 20
-1.22572883472577
 30
0.0
 41
1.0
 10
2.761026470362253
 20
-1.260749789486054
 30
0.0
 41
1.0
 10
2.771984657101143
 20
-1.292438423730402
 30
0.0
 41
1.0
 10
2.78287645230523
 20
-1.320939783387359
 30
0.0
 41
1.0
 10
2.793730402862365
 20
-1.346207972516879
 30
0.0
 41
1.0
 10
2.803693041645145
 20
-1.36689754486673
 30
0.0
 41
1.0
 10
2.809989119795544
 20
-1.377607109545863
 30
0.0
 41
1.0
 10
3.122959549100642
 20
-1.906621651471424
 30
0.0
 41
1.0
1001
ACDBBLOCKREPETAG
1070
     1
1071
      182
1005
10B
  0
LWPOLYLINE
  5
10C
330
D1
100
AcDbEntity
  8
ART_VIDA
100
AcDbPolyline
 90
        7
 70
   128
 43
0.0
 10
4.165738545885459
 20
-1.949999999999988
 10
4.205682172661909
 20
-1.882023233625488
 10
4.328473745650626
 20
-1.673678943809989
 10
4.394839344774708
 20
-1.561559034265939
 10
4.422711542042633
 20
-1.514594920537034
 10
4.444104338399483
 20
-1.478605553189878
 10
4.454538218604284
 20
-1.461087535318028
1001
ACDBBLOCKREPETAG
1070
     1
1071
      183
1005
10C
  0
LWPOLYLINE
  5
10D
330
D1
100
AcDbEntity
  8
ART_VIDA
100
AcDbPolyline
 90
        7
 70
   128
 43
0.0
 10
3.463021902897252
 20
1.917181295718306
 10
3.423078495985008
 20
1.849204531006478
 10
3.300287142860723
 20
1.64086024119109
 10
3.233921543736641
 20
1.528740331647155
 10
3.206048906740078
 20
1.481776217918138
 10
3.184656550111752
 20
1.445786850570981
 10
3.174222450042747
 20
1.428268832699075
1001
ACDBBLOCKREPETAG
1070
     1
1071
      184
1005
10D
  0
LWPOLYLINE
  5
10E
330
D1
100
AcDbEntity
  8
ART_VIDA
100
AcDbPolyline
 90
       76
 70
   128
 43
0.0
 10
3.462997717824236
 20
1.916759156263026
 10
3.466233900451015
 20
1.922438251123196
 10
3.475036827280973
 20
1.934622031288938
 10
3.483610215781823
 20
1.943226640520435
 10
3.491936476809996
 20
1.948323314850823
 10
3.5
 20
1.950000000000101
 10
3.509216711441695
 20
1.9478165276401
 10
3.518772233769253
 20
1.941168710675582
 10
3.528643041502504
 20
1.929931446319983
 10
3.538801651603988
 20
1.914007774417143
 10
3.549218162529086
 20
1.893332834998431
 10
3.559667213370403
 20
1.868370761600829
 10
3.570298751580593
 20
1.838797804042825
 10
3.581076939278318
 20
1.804650569730426
 10
3.591963520076205
 20
1.765999964900287
 10
3.60174374371786
 20
1.727770180339574
 10
3.611551010668563
 20
1.686131070016243
 10
3.621356298840509
 20
1.641200371262698
 10
3.631131465603401
 20
1.593114839673319
 10
3.640847488869666
 20
1.542029259715035
 10
3.650477105466278
 20
1.488114575880841
 10
3.659992832355555
 20
1.431556023843369
 10
3.669369165279021
 20
1.372551261607725
 10
3.679859990337263
 20
1.302544929545774
 10
3.690103248193963
 20
1.229948486101647
 10
3.700067498254611
 20
1.155091727724823
 10
3.709725037617316
 20
1.078308738218709
 10
3.719050801751791
 20
0.9999345907759218
 10
3.728026541921052
 20
0.9212779177080959
 10
3.737300198216416
 20
0.8397865891908509
 10
3.746886501545873
 20
0.7555504197904952
 10
3.756760387379245
 20
0.6687852063172386
 10
3.765797249824117
 20
0.5893761576160728
 10
3.775020117466283
 20
0.5083333522700855
 10
3.784405464825794
 20
0.4258606869342998
 10
3.793929106829863
 20
0.3421752776046674
 10
3.803564879626718
 20
0.2575054533562593
 10
3.813285080314699
 20
0.1720889424632332
 10
3.823062885449188
 20
0.086170550081647
 10
3.832869272942843
 20
0.0000000008314487
 10
3.842188441147981
 20
-0.0818920097597698
 10
3.851483424280558
 20
-0.1635675639478791
 10
3.860729157809828
 20
-0.2448121085301977
 10
3.869901896391637
 20
-0.3254148829635142
 10
3.878978334410361
 20
-0.4051706576653375
 10
3.887935605978555
 20
-0.4838815272830175
 10
3.898310562550705
 20
-0.5750497432212001
 10
3.908457739708636
 20
-0.6642132364751207
 10
3.918345916721591
 20
-0.7511034428027302
 10
3.927947830416541
 20
-0.8354765326956794
 10
3.937424421460491
 20
-0.9187515653100604
 10
3.946587486012958
 20
-0.9990701926189442
 10
3.95593039956293
 20
-1.077629685666352
 10
3.965606627390798
 20
-1.154593953287586
 10
3.975591104967064
 20
-1.229625833579063
 10
3.985855689661093
 20
-1.302388934162251
 10
3.996369160742233
 20
-1.37255125994494
 10
4.005275863521318
 20
-1.428679757412339
 10
4.014310087594593
 20
-1.482608182765203
 10
4.023448967074158
 20
-1.534166141171283
 10
4.032670075801887
 20
-1.58319335155619
 10
4.041949228704878
 20
-1.629540635992326
 10
4.051262240710002
 20
-1.673072118342928
 10
4.062248420035301
 20
-1.720597325764686
 10
4.073206896458941
 20
-1.763870907291618
 10
4.084098094406953
 20
-1.802752809365074
 10
4.094882878033899
 20
-1.837136177935349
 10
4.104391129537019
 20
-1.863973913673419
 10
4.113758228159666
 20
-1.887138156692741
 10
4.122959549100642
 20
-1.906621651471424
 10
4.131972666200908
 20
-1.922438249460411
 10
4.140775153302
 20
-1.934622029626041
 10
4.149348541802963
 20
-1.943226638857652
 10
4.157674802831023
 20
-1.948323313188041
 10
4.165738545885459
 20
-1.949999999999988
 10
4.165738545885459
 20
-1.949999999999988
1001
ACDBBLOCKREPETAG
1070
     1
1071
      185
1005
10E
  0
SPLINE
  5
10F
330
D1
100
AcDbEntity
  8
ART_VIDA
100
AcDbSpline
210
0.0
220
0.0
230
1.0
 70
    12
 71
     3
 72
    65
 73
    61
 74
     0
 42
0.000000001
 43
0.0000000001
 40
0.0
 40
0.0
 40
0.0
 40
0.0
 40
0.0163602606983639
 40
0.0329182024116513
 40
0.0496575376642021
 40
0.0665607257469624
 40
0.0836090138403994
 40
0.1004749814901844
 40
0.1174420913986057
 40
0.1344898214019359
 40
0.151597089127919
 40
0.1690924147343256
 40
0.1866040295610762
 40
0.2041085459313314
 40
0.2215826550484853
 40
0.2390033034860895
 40
0.2563478552169125
 40
0.2735943063275419
 40
0.2906841920726251
 40
0.3076351209769736
 40
0.3244279688188016
 40
0.3410447850280639
 40
0.3574689170459937
 40
0.3734921410382712
 40
0.3896899381770383
 40
0.406068340933344
 40
0.422611190185743
 40
0.4396430634512165
 40
0.4568085111039249
 40
0.4740869695268107
 40
0.4914569337366406
 40
0.5088961985575052
 40
0.5263819884533796
 40
0.5438911304592553
 40
0.561362088002811
 40
0.5788098536220725
 40
0.5962113866201823
 40
0.6135440915287825
 40
0.6307858488956845
 40
0.6476106185239896
 40
0.6643077039536758
 40
0.6808586320479061
 40
0.697245988794702
 40
0.7165183123103059
 40
0.7355971845265275
 40
0.7548937409065876
 40
0.7744426534365158
 40
0.7942160592179284
 40
0.8141839346380727
 40
0.8313926428495403
 40
0.8486990588228401
 40
0.8660813576999171
 40
0.8835170606492004
 40
0.9009832128656148
 40
0.9181447920601531
 40
0.9352914007159778
 40
0.9524011837044547
 40
0.9694525485412256
 40
0.9867696611748128
 40
1.0
 40
1.0
 40
1.0
 40
1.0
 10
4.454538218604284
 20
-1.461087535318028
 30
0.0
 41
1.0
 10
4.426926274208653
 20
-1.460779188614196
 30
0.0
 41
1.0
 10
4.420776985938686
 20
-1.460158769453698
 30
0.0
 41
1.0
 10
4.411206516724631
 20
-1.455104403188784
 30
0.0
 41
1.0
 10
4.401339506961903
 20
-1.446922898727109
 30
0.0
 41
1.0
 10
4.391179538557253
 20
-1.435245240569543
 30
0.0
 41
1.0
 10
4.380826207303924
 20
-1.420195933146088
 30
0.0
 41
1.0
 10
4.370314093343266
 20
-1.401801887302269
 30
0.0
 41
1.0
 10
4.359682584995424
 20
-1.380141223352609
 30
0.0
 41
1.0
 10
4.348904328720549
 20
-1.355130436369847
 30
0.0
 41
1.0
 10
4.337944379049303
 20
-1.326628112801528
 30
0.0
 41
1.0
 10
4.326838003265946
 20
-1.294635934183759
 30
0.0
 41
1.0
 10
4.315628471206082
 20
-1.259183532344819
 30
0.0
 41
1.0
 10
4.30443208650331
 20
-1.220618579556969
 30
0.0
 41
1.0
 10
4.293290899890961
 20
-1.179097463379604
 30
0.0
 41
1.0
 10
4.282247292295778
 20
-1.134798176210096
 30
0.0
 41
1.0
 10
4.271342330200468
 20
-1.087917812424904
 30
0.0
 41
1.0
 10
4.260621798220198
 20
-1.038704988152516
 30
0.0
 41
1.0
 10
4.250123523197771
 20
-0.9873914204541163
 30
0.0
 41
1.0
 10
4.239880347628512
 20
-0.9342180888043571
 30
0.0
 41
1.0
 10
4.229915438441593
 20
-0.8793882966705266
 30
0.0
 41
1.0
 10
4.220256267950843
 20
-0.8231470502188924
 30
0.0
 41
1.0
 10
4.210972289069785
 20
-0.7659633210331549
 30
0.0
 41
1.0
 10
4.201973703778321
 20
-0.7076310170365902
 30
0.0
 41
1.0
 10
4.192678103625667
 20
-0.6479157051408606
 30
0.0
 41
1.0
 10
4.183096422987318
 20
-0.5862141006618913
 30
0.0
 41
1.0
 10
4.173152498394528
 20
-0.5222237776006864
 30
0.0
 41
1.0
 10
4.162877606167739
 20
-0.4560875368759413
 30
0.0
 41
1.0
 10
4.152295345371384
 20
-0.3879788749231352
 30
0.0
 41
1.0
 10
4.141509751102829
 20
-0.3185615888688176
 30
0.0
 41
1.0
 10
4.130558468403022
 20
-0.2480773094824258
 30
0.0
 41
1.0
 10
4.119481178599243
 20
-0.1767809509558447
 30
0.0
 41
1.0
 10
4.108318420583827
 20
-0.1049375077918171
 30
0.0
 41
1.0
 10
4.097121252648548
 20
-0.0328711560567285
 30
0.0
 41
1.0
 10
4.085932666949473
 20
0.0391429840947808
 30
0.0
 41
1.0
 10
4.074793889501052
 20
0.110831025190123
 30
0.0
 41
1.0
 10
4.063740640388573
 20
0.1819756857459538
 30
0.0
 41
1.0
 10
4.052811386208759
 20
0.2523132182827226
 30
0.0
 41
1.0
 10
4.04211144212627
 20
0.3211826889026383
 30
0.0
 41
1.0
 10
4.031673029707461
 20
0.3883671333221059
 30
0.0
 41
1.0
 10
4.021525610453863
 20
0.4536754034415367
 30
0.0
 41
1.0
 10
4.011636859774853
 20
0.5173196667257117
 30
0.0
 41
1.0
 10
4.001437612281846
 20
0.5829743425301786
 30
0.0
 41
1.0
 10
3.990987589366568
 20
0.6501785653807133
 30
0.0
 41
1.0
 10
3.980344378666814
 20
0.7188891425187764
 30
0.0
 41
1.0
 10
3.969250101236183
 20
0.7855537059205631
 30
0.0
 41
1.0
 10
3.957752142040817
 20
0.8503916848141557
 30
0.0
 41
1.0
 10
3.945854193671721
 20
0.9130771722571465
 30
0.0
 41
1.0
 10
3.934209131639818
 20
0.9702896626535562
 30
0.0
 41
1.0
 10
3.922907749099748
 20
1.022172954412154
 30
0.0
 41
1.0
 10
3.91202754822916
 20
1.068959326007528
 30
0.0
 41
1.0
 10
3.901008474067111
 20
1.113176543997552
 30
0.0
 41
1.0
 10
3.889891846553381
 20
1.154629125966379
 30
0.0
 41
1.0
 10
3.87878674850549
 20
1.192910149202304
 30
0.0
 41
1.0
 10
3.867734090104022
 20
1.227931073456488
 30
0.0
 41
1.0
 10
3.856776316885087
 20
1.259619731630039
 30
0.0
 41
1.0
 10
3.845884411297673
 20
1.288121080211737
 30
0.0
 41
1.0
 10
3.835030498663172
 20
1.313389266122725
 30
0.0
 41
1.0
 10
3.825067950535298
 20
1.334078591419029
 30
0.0
 41
1.0
 10
3.81877205713431
 20
1.344787955489379
 30
0.0
 41
1.0
 10
3.538801651603988
 20
1.914007774417143
 30
0.0
 41
1.0
1001
ACDBBLOCKREPETAG
1070
     1
1071
      186
1005
10F
  0
SPLINE
  5
110
330
D1
100
AcDbEntity
  8
ART_VIDA
100
AcDbSpline
210
0.0
220
0.0
230
1.0
 70
    12
 71
     3
 72
    65
 73
    61
 74
     0
 42
0.000000001
 43
0.0000000001
 40
0.0
 40
0.0
 40
0.0
 40
0.0
 40
0.0163602505814666
 40
0.0329181820557936
 40
0.0496575069572153
 40
0.0665606921873199
 40
0.0836089697385802
 40
0.1004749191246001
 40
0.1174420185410431
 40
0.1344897300077625
 40
0.1515970032494036
 40
0.1690923099561412
 40
0.1866039139542071
 40
0.2041084275888897
 40
0.2215825259005513
 40
0.2390031635657217
 40
0.256347704571167
 40
0.273594137151177
 40
0.2906840200907863
 40
0.3076349385131622
 40
0.3244277684672279
 40
0.3410445817504112
 40
0.357468696432056
 40
0.3734919105160273
 40
0.3896896976385372
 40
0.406068090266904
 40
0.4226109292896755
 40
0.439642799702618
 40
0.4568082367407016
 40
0.4740866844790796
 40
0.4914566379478175
 40
0.5088958919847368
 40
0.526381662995152
 40
0.543890794173872
 40
0.5613617490066865
 40
0.5788094957639368
 40
0.5962110260341742
 40
0.6135437122513505
 40
0.630785466850766
 40
0.6476102260751122
 40
0.6643072934950128
 40
0.6808582113546196
 40
0.6972455579679399
 40
0.7165178695660867
 40
0.7355967299844759
 40
0.7548932744320945
 40
0.7744421748735306
 40
0.7942155760356277
 40
0.8141834313552822
 40
0.8313921289253737
 40
0.8486985421471755
 40
0.8660808302755329
 40
0.883516506318333
 40
0.9009826558228366
 40
0.9181442244051424
 40
0.9352908305397866
 40
0.9524006029480599
 40
0.9694519572407516
 40
0.9867690591659288
 40
1.0
 40
1.0
 40
1.0
 40
1.0
 10
3.174222450042747
 20
1.428268832699075
 30
0.0
 41
1.0
 10
3.201834392905993
 20
1.427960485957157
 30
0.0
 41
1.0
 10
3.207983678092886
 20
1.427340066719749
 30
0.0
 41
1.0
 10
3.217554170729953
 20
1.422285701039014
 30
0.0
 41
1.0
 10
3.227421091520227
 20
1.414104193082323
 30
0.0
 41
1.0
 10
3.237581404469209
 20
1.402426540957037
 30
0.0
 41
1.0
 10
3.24793474697708
 20
1.387377236215285
 30
0.0
 41
1.0
 10
3.258446470399121
 20
1.368983176535209
 30
0.0
 41
1.0
 10
3.269078226567899
 20
1.34732253234739
 30
0.0
 41
1.0
 10
3.279855865896705
 20
1.322311705782738
 30
0.0
 41
1.0
 10
3.290816759868106
 20
1.293809440397751
 30
0.0
 41
1.0
 10
3.301922559225886
 20
1.261817219631268
 30
0.0
 41
1.0
 10
3.313132155555194
 20
1.226364819851426
 30
0.0
 41
1.0
 10
3.32432886757101
 20
1.18779988891316
 30
0.0
 41
1.0
 10
3.335469977320825
 20
1.146278759985534
 30
0.0
 41
1.0
 10
3.34651357450889
 20
1.101979471161314
 30
0.0
 41
1.0
 10
3.357418654015873
 20
1.055099127311051
 30
0.0
 41
1.0
 10
3.368138724445542
 20
1.005886254463064
 30
0.0
 41
1.0
 10
3.378637433070025
 20
0.9545727330327622
 30
0.0
 41
1.0
 10
3.388880620771942
 20
0.9013994036739063
 30
0.0
 41
1.0
 10
3.398845060290796
 20
0.8465695576671237
 30
0.0
 41
1.0
 10
3.408504794677354
 20
0.790328384709369
 30
0.0
 41
1.0
 10
3.417788278746455
 20
0.7331445980464082
 30
0.0
 41
1.0
 10
3.426786993559517
 20
0.6748123177522416
 30
0.0
 41
1.0
 10
3.436082552313108
 20
0.6150970009276194
 30
0.0
 41
1.0
 10
3.445664267675055
 20
0.5533954010786603
 30
0.0
 41
1.0
 10
3.455608094856414
 20
0.4894050543736627
 30
0.0
 41
1.0
 10
3.465883361011606
 20
0.4232688555620713
 30
0.0
 41
1.0
 10
3.47646552017818
 20
0.3551601690959956
 30
0.0
 41
1.0
 10
3.487251148264022
 20
0.2857428878361929
 30
0.0
 41
1.0
 10
3.49820239969722
 20
0.21525860373157
 30
0.0
 41
1.0
 10
3.509279779295411
 20
0.143962270332338
 30
0.0
 41
1.0
 10
3.520442199737543
 20
0.0721187863755404
 30
0.0
 41
1.0
 10
3.531639331254837
 20
0.000052428921947
 30
0.0
 41
1.0
 10
3.542828397996457
 20
-0.0719616367605909
 30
0.0
 41
1.0
 10
3.553966579275992
 20
-0.143649780993087
 30
0.0
 41
1.0
 10
3.565020447914321
 20
-0.2147943357922486
 30
0.0
 41
1.0
 10
3.575949106372718
 20
-0.285131969194822
 30
0.0
 41
1.0
 10
3.586649526982228
 20
-0.3540013685988015
 30
0.0
 41
1.0
 10
3.597087909280161
 20
-0.4211858188059523
 30
0.0
 41
1.0
 10
3.607234989028483
 20
-0.486494125772822
 30
0.0
 41
1.0
 10
3.617123827531941
 20
-0.550138366745273
 30
0.0
 41
1.0
 10
3.627323050023051
 20
-0.6157930460214516
 30
0.0
 41
1.0
 10
3.637773082782814
 20
-0.6829972675650993
 30
0.0
 41
1.0
 10
3.648416282795323
 20
-0.7517078459406436
 30
0.0
 41
1.0
 10
3.659510593117601
 20
-0.81837240571042
 30
0.0
 41
1.0
 10
3.671008430763776
 20
-0.8832104065472774
 30
0.0
 41
1.0
 10
3.682906845637488
 20
-0.9458958420046316
 30
0.0
 41
1.0
 10
3.694551473698766
 20
-1.003108380072148
 30
0.0
 41
1.0
 10
3.705852877692905
 20
-1.054991668759895
 30
0.0
 41
1.0
 10
3.716733364024321
 20
-1.101778018626134
 30
0.0
 41
1.0
 10
3.727752570544453
 20
-1.145995219418465
 30
0.0
 41
1.0
 10
3.73886837059831
 20
-1.187447867455317
 30
0.0
 41
1.0
 10
3.74997405714157
 20
-1.22572883472577
 30
0.0
 41
1.0
 10
3.761026470362253
 20
-1.260749789486054
 30
0.0
 41
1.0
 10
3.771984657101143
 20
-1.292438423730402
 30
0.0
 41
1.0
 10
3.782876452305345
 20
-1.320939783387359
 30
0.0
 41
1.0
 10
3.793730402862365
 20
-1.346207972516879
 30
0.0
 41
1.0
 10
3.803693041645146
 20
-1.36689754486673
 30
0.0
 41
1.0
 10
3.809989119795544
 20
-1.377607109545863
 30
0.0
 41
1.0
 10
4.122959549100642
 20
-1.906621651471424
 30
0.0
 41
1.0
1001
ACDBBLOCKREPETAG
1070
     1
1071
      187
1005
110
  0
LINE
  5
111
330
D1
100
AcDbEntity
  8
ART_VIDA
100
AcDbLine
 10
3.454538218604283
 20
-1.461087535318028
 30
0.0
 11
3.859411065802191
 21
-1.461087535318028
 31
0.0
1001
ACDBBLOCKREPETAG
1070
     1
1071
      188
1005
111
  0
LINE
  5
112
330
D1
100
AcDbEntity
  8
ART_VIDA
100
AcDbLine
 10
2.777936012111922
 20
1.428268832699075
 30
0.0
 11
3.174222450042747
 21
1.428268832699075
 31
0.0
1001
ACDBBLOCKREPETAG
1070
     1
1071
      189
1005
112
  0
LWPOLYLINE
  5
113
330
D1
100
AcDbEntity
  8
ART_VIDA
100
AcDbPolyline
 90
        3
 70
   128
 43
0.0
 10
4.479427231341333
 20
1.435962387410654
 10
4.329587785596912
 20
1.294047434064282
 10
4.241232860026001
 20
1.207688177771274
1001
ACDBBLOCKREPETAG
1070
     1
1071
      190
1005
113
  0
LWPOLYLINE
  5
114
330
D1
100
AcDbEntity
  8
ART_VIDA
100
AcDbPolyline
 90
       40
 70
   128
 43
0.0
 10
4.479427231341333
 20
1.435962387410654
 10
4.489884926638978
 20
1.445907390459012
 10
4.499659661704072
 20
1.454881541603241
 10
4.51013602307853
 20
1.461986432412401
 10
4.520390287624536
 20
1.465121065636594
 10
4.52978900873063
 20
1.46550843056974
 10
4.539005720172552
 20
1.463324958209851
 10
4.548561242499771
 20
1.456677141245279
 10
4.558432050233021
 20
1.445439876889678
 10
4.568590660334621
 20
1.429516204986781
 10
4.579007171259718
 20
1.408841265568128
 10
4.589456222101033
 20
1.38387919217058
 10
4.600087760311224
 20
1.354306234612579
 10
4.610865948009176
 20
1.320159000300122
 10
4.621752528806837
 20
1.281508395469984
 10
4.631532752448491
 20
1.24327861090927
 10
4.641340019399193
 20
1.201639500585939
 10
4.651145307571141
 20
1.156708801832337
 10
4.660920474334034
 20
1.108623270242958
 10
4.670636497600297
 20
1.057537690284731
 10
4.680266114196911
 20
1.003623006450594
 10
4.689781841086186
 20
0.9470644544130095
 10
4.699158174009653
 20
0.8880596921774213
 10
4.709648999067893
 20
0.8180533601154705
 10
4.719892256924594
 20
0.7454569166713441
 10
4.729856506985242
 20
0.6706001582945193
 10
4.739514046347949
 20
0.5938171687884051
 10
4.748839810482309
 20
0.5154430213456182
 10
4.757815550651684
 20
0.4367863482778489
 10
4.767089206947047
 20
0.35529501976049
 10
4.77667551027639
 20
0.271058850360248
 10
4.786549396109876
 20
0.1842936368869345
 10
4.795586258554521
 20
0.1048845881857687
 10
4.804809126196801
 20
0.0238417828397815
 10
4.814194473556425
 20
-0.0586308824959474
 10
4.823718115560382
 20
-0.1423162918256935
 10
4.833353888357351
 20
-0.2269861160741016
 10
4.843074089045329
 20
-0.3124026269670708
 10
4.843074089045329
 20
-0.3124026269670708
 10
4.843074089045329
 20
-0.3124026269670708
1001
ACDBBLOCKREPETAG
1070
     1
1071
      191
1005
114
  0
SPLINE
  5
115
330
D1
100
AcDbEntity
  8
ART_VIDA
100
AcDbSpline
210
0.0
220
0.0
230
1.0
 70
    12
 71
     3
 72
    26
 73
    22
 74
     0
 42
0.000000001
 43
0.0000000001
 40
0.6792508762882519
 40
0.6792508762882519
 40
0.6792508762882519
 40
0.6792508762882519
 40
0.6808586320479061
 40
0.697245988794702
 40
0.7165183123103059
 40
0.7355971845265275
 40
0.7548937409065876
 40
0.7744426534365158
 40
0.7942160592179284
 40
0.8141839346380727
 40
0.8313926428495403
 40
0.8486990588228401
 40
0.8660813576999171
 40
0.8835170606492004
 40
0.9009832128656148
 40
0.9181447920601531
 40
0.9352914007159778
 40
0.9524011837044547
 40
0.9694525485412256
 40
0.9867696611748128
 40
1.0
 40
1.0
 40
1.0
 40
1.0
 10
5.01893155298535
 20
-0.0629867230686045
 30
0.0
 41
1.0
 10
5.01893155298535
 20
-0.0629867230686045
 30
0.0
 41
1.0
 10
5.024151220229214
 20
0.0433946958196998
 30
0.0
 41
1.0
 10
5.02092596277248
 20
0.0989594651486527
 30
0.0
 41
1.0
 10
5.016755192495337
 20
0.1664602060561151
 30
0.0
 41
1.0
 10
5.01013338739733
 20
0.2343975730884154
 30
0.0
 41
1.0
 10
4.999039109966702
 20
0.3010621364903159
 30
0.0
 41
1.0
 10
4.987541150771335
 20
0.3659001153837948
 30
0.0
 41
1.0
 10
4.975643202402351
 20
0.4285856028268995
 30
0.0
 41
1.0
 10
4.967164442010925
 20
0.4776017141240915
 30
0.0
 41
1.0
 10
4.957496904278058
 20
0.5265923281142478
 30
0.0
 41
1.0
 10
4.947242060447933
 20
0.5784886267721845
 30
0.0
 41
1.0
 10
4.938942281268508
 20
0.6170245796560609
 30
0.0
 41
1.0
 10
4.926617087865223
 20
0.6632152096580626
 30
0.0
 41
1.0
 10
4.91552451673533
 20
0.7032470489676257
 30
0.0
 41
1.0
 10
4.904163952274643
 20
0.7514324499225609
 30
0.0
 41
1.0
 10
4.886185753877271
 20
0.8297686612326629
 30
0.0
 41
1.0
 10
4.871803224568792
 20
0.8815136968478896
 30
0.0
 41
1.0
 10
4.865541988425092
 20
0.9104478295156468
 30
0.0
 41
1.0
 10
4.865541988425092
 20
0.9104478295156468
 30
0.0
 41
1.0
 10
4.865541988425092
 20
0.9104478295156468
 30
0.0
 41
1.0
 10
4.579007171259718
 20
1.408841265568128
 30
0.0
 41
1.0
1001
ACDBBLOCKREPETAG
1070
     1
1071
      192
1005
115
  0
SPLINE
  5
116
330
D1
100
AcDbEntity
  8
ART_VIDA
100
AcDbSpline
210
0.0
220
0.0
230
1.0
 70
    12
 71
     3
 72
    36
 73
    32
 74
     0
 42
0.000000001
 43
0.0000000001
 40
0.010673086260944
 40
0.010673086260944
 40
0.010673086260944
 40
0.010673086260944
 40
0.0163602505814666
 40
0.0329181820557936
 40
0.0496575069572153
 40
0.0665606921873199
 40
0.0836089697385802
 40
0.1004749191246001
 40
0.1174420185410431
 40
0.1344897300077625
 40
0.1515970032494036
 40
0.1690923099561412
 40
0.1866039139542071
 40
0.2041084275888897
 40
0.2215825259005513
 40
0.2390031635657217
 40
0.256347704571167
 40
0.273594137151177
 40
0.2906840200907863
 40
0.3076349385131622
 40
0.3244277684672279
 40
0.3410445817504112
 40
0.357468696432056
 40
0.3734919105160273
 40
0.3896896976385372
 40
0.406068090266904
 40
0.4226109292896755
 40
0.439642799702618
 40
0.4568082367407016
 40
0.4740866844790796
 40
0.4818195821176315
 40
0.4818195821176315
 40
0.4818195821176315
 40
0.4818195821176315
 10
4.241232860026001
 20
1.207688177771274
 30
0.0
 41
1.0
 10
4.2922156130669
 20
1.183381707822945
 30
0.0
 41
1.0
 10
4.294732084169481
 20
1.18211475051322
 30
0.0
 41
1.0
 10
4.308333827511204
 20
1.175266736985292
 30
0.0
 41
1.0
 10
4.318200748301705
 20
1.1670852290286
 30
0.0
 41
1.0
 10
4.328361061250461
 20
1.155407576903314
 30
0.0
 41
1.0
 10
4.338714403758443
 20
1.140358272161563
 30
0.0
 41
1.0
 10
4.3492261271806
 20
1.121964212481485
 30
0.0
 41
1.0
 10
4.359857883349376
 20
1.100303568293667
 30
0.0
 41
1.0
 10
4.370635522677956
 20
1.075292741729127
 30
0.0
 41
1.0
 10
4.381596416649471
 20
1.046790476344027
 30
0.0
 41
1.0
 10
4.392702216007136
 20
1.014798255577544
 30
0.0
 41
1.0
 10
4.403911812336446
 20
0.9793458557977031
 30
0.0
 41
1.0
 10
4.41510852435249
 20
0.9407809248594388
 30
0.0
 41
1.0
 10
4.426249634102304
 20
0.8992597959318118
 30
0.0
 41
1.0
 10
4.437293231290368
 20
0.8549605071075916
 30
0.0
 41
1.0
 10
4.448198310797123
 20
0.8080801632573296
 30
0.0
 41
1.0
 10
4.458918381227021
 20
0.7588672904093983
 30
0.0
 41
1.0
 10
4.469417089851503
 20
0.7075537689790396
 30
0.0
 41
1.0
 10
4.47966027755342
 20
0.6543804396201836
 30
0.0
 41
1.0
 10
4.489624717072047
 20
0.5995505936134009
 30
0.0
 41
1.0
 10
4.499284451458606
 20
0.543309420655703
 30
0.0
 41
1.0
 10
4.508567935527934
 20
0.4861256339926854
 30
0.0
 41
1.0
 10
4.517566650340994
 20
0.4277933536985188
 30
0.0
 41
1.0
 10
4.526862209094473
 20
0.3680780368738965
 30
0.0
 41
1.0
 10
4.536443924456534
 20
0.3063764370249373
 30
0.0
 41
1.0
 10
4.546387751637666
 20
0.2423860903199397
 30
0.0
 41
1.0
 10
4.556663017792971
 20
0.1762498915083483
 30
0.0
 41
1.0
 10
4.567245176959431
 20
0.1081412050422728
 30
0.0
 41
1.0
 10
4.57602474443388
 20
0.0516351119464389
 30
0.0
 41
1.0
 10
4.581268786729197
 20
0.0178836207045947
 30
0.0
 41
1.0
 10
4.582893320550396
 20
0.007427839535751
 30
0.0
 41
1.0
1001
ACDBBLOCKREPETAG
1070
     1
1071
      193
1005
116
  0
LINE
  5
117
330
D1
100
AcDbEntity
  8
ART_VIDA
100
AcDbLine
 10
5.01893155298535
 20
-0.0629867230686045
 30
0.0
 11
4.843074089045329
 21
-0.3124026269670708
 31
0.0
1001
ACDBBLOCKREPETAG
1070
     1
1071
      194
1005
117
  0
LINE
  5
118
330
D1
100
AcDbEntity
  8
ART_VIDA
100
AcDbLine
 10
4.843074089045329
 20
-0.3124026269670708
 30
0.0
 11
4.582893320550396
 21
0.007427839535751
 31
0.0
1001
ACDBBLOCKREPETAG
1070
     1
1071
      195
1005
118
  0
LINE
  5
119
330
D1
100
AcDbEntity
  8
ART_VIDA
100
AcDbLine
 10
2.365237361205913
 20
-1.461087535318141
 30
0.0
 11
2.859411065802191
 21
-1.461087535318028
 31
0.0
1001
ACDBBLOCKREPETAG
1070
     1
1071
      196
1005
119
  0
ARC
  5
11A
330
D1
100
AcDbEntity
  8
ART_VIDA
100
AcDbCircle
 10
2.365237361205913
 20
-1.66108753531813
 30
0.0
 40
0.2
100
AcDbArc
 50
90.0
 51
138.1085480358691
1001
ACDBBLOCKREPETAG
1070
     1
1071
      197
1005
11A
  0
LINE
  5
11B
330
D1
100
AcDbEntity
  8
ART_VIDA
100
AcDbLine
 10
-0.0000000000001137
 20
3.75
 30
0.0
 11
0.0000000000001137
 21
0.4400588060871656
 31
0.0
1001
ACDBBLOCKREPETAG
1070
     1
1071
      198
1005
11B
  0
LINE
  5
11C
330
D1
100
AcDbEntity
  8
ART_VIDA
100
AcDbLine
 10
0.0000000000002274
 20
-0.4400588060871656
 30
0.0
 11
0.0000000000002274
 21
-3.749999999999943
 31
0.0
1001
ACDBBLOCKREPETAG
1070
     1
1071
      199
1005
11C
  0
LINE
  5
11D
330
D1
100
AcDbEntity
  8
ART_VIDA
100
AcDbLine
 10
0.2228571428574924
 20
3.750000000000113
 30
0.0
 11
0.2228571428577197
 21
0.4400588060872225
 31
0.0
1001
ACDBBLOCKREPETAG
1070
     1
1071
      200
1005
11D
  0
LINE
  5
11E
330
D1
100
AcDbEntity
  8
ART_VIDA
100
AcDbLine
 10
0.2228571428573787
 20
0.4400588060871087
 30
0.0
 11
0.2228571428574924
 21
-0.440058806087052
 31
0.0
1001
ACDBBLOCKREPETAG
1070
     1
1071
      201
1005
11E
  0
LINE
  5
11F
330
D1
100
AcDbEntity
  8
ART_VIDA
100
AcDbLine
 10
0.2228571428573787
 20
3.750000000000055
 30
0.0
 11
0.0000000000001137
 21
3.750000000000055
 31
0.0
1001
ACDBBLOCKREPETAG
1070
     1
1071
      202
1005
11F
  0
LINE
  5
120
330
D1
100
AcDbEntity
  8
ART_VIDA
100
AcDbLine
 10
2.226499222543451
 20
1.516234061189493
 30
0.0
 11
0.2228571428573787
 21
3.750000000000055
 31
0.0
1001
ACDBBLOCKREPETAG
1070
     1
1071
      203
1005
120
  0
LINE
  5
121
330
D1
100
AcDbEntity
  8
ART_VIDA
100
AcDbLine
 10
0.0
 20
0.4400588060871656
 30
0.0
 11
0.2228571428574924
 21
0.4400588060872225
 31
0.0
1001
ACDBBLOCKREPETAG
1070
     1
1071
      204
1005
121
  0
LINE
  5
122
330
D1
100
AcDbEntity
  8
ART_VIDA
100
AcDbLine
 10
1.782857142857323
 20
0.4400588060871656
 30
0.0
 11
0.0000000000001137
 21
2.222915948944375
 31
0.0
1001
ACDBBLOCKREPETAG
1070
     1
1071
      205
1005
122
  0
LINE
  5
123
330
D1
100
AcDbEntity
  8
ART_VIDA
100
AcDbLine
 10
0.0
 20
-0.4400588060871656
 30
0.0
 11
0.2228571428574924
 21
-0.440058806087052
 31
0.0
1001
ACDBBLOCKREPETAG
1070
     1
1071
      206
1005
123
  0
LINE
  5
124
330
D1
100
AcDbEntity
  8
ART_VIDA
100
AcDbLine
 10
1.782857142857323
 20
-0.4400588060871656
 30
0.0
 11
0.0000000000001137
 21
-2.222915948944319
 31
0.0
1001
ACDBBLOCKREPETAG
1070
     1
1071
      207
1005
124
  0
LINE
  5
125
330
D1
100
AcDbEntity
  8
ART_VIDA
100
AcDbLine
 10
0.2228571428574924
 20
-0.440058806087052
 30
0.0
 11
1.782857142857323
 21
-0.4400588060871656
 31
0.0
1001
ACDBBLOCKREPETAG
1070
     1
1071
      208
1005
125
  0
LINE
  5
126
330
D1
100
AcDbEntity
  8
ART_VIDA
100
AcDbLine
 10
1.782857142857323
 20
-0.4400588060871656
 30
0.0
 11
1.782857142857323
 21
0.4400588060871656
 31
0.0
1001
ACDBBLOCKREPETAG
1070
     1
1071
      209
1005
126
  0
LINE
  5
127
330
D1
100
AcDbEntity
  8
ART_VIDA
100
AcDbLine
 10
1.782857142857323
 20
0.4400588060871656
 30
0.0
 11
0.2228571428577197
 21
0.4400588060871656
 31
0.0
1001
ACDBBLOCKREPETAG
1070
     1
1071
      210
1005
127
  0
LINE
  5
128
330
D1
100
AcDbEntity
  8
ART_VIDA
100
AcDbLine
 10
2.365237361205913
 20
1.01899225493281
 30
0.0
 11
2.365237361205913
 21
-1.461087535318141
 31
0.0
1001
ACDBBLOCKREPETAG
1070
     1
1071
      211
1005
128
  0
LINE
  5
129
330
D1
100
AcDbEntity
  8
ART_VIDA
100
AcDbLine
 10
0.2228571428573787
 20
-3.749999999999943
 30
0.0
 11
0.2228571428577197
 21
-0.440058806086995
 31
0.0
1001
ACDBBLOCKREPETAG
1070
     1
1071
      212
1005
129
  0
LINE
  5
12A
330
D1
100
AcDbEntity
  8
ART_VIDA
100
AcDbLine
 10
0.2228571428573787
 20
-3.75
 30
0.0
 11
0.0000000000001137
 21
-3.75
 31
0.0
1001
ACDBBLOCKREPETAG
1070
     1
1071
      213
1005
12A
  0
LINE
  5
12B
330
D1
100
AcDbEntity
  8
ART_VIDA
100
AcDbLine
 10
2.216355126645566
 20
-1.527543234682241
 30
0.0
 11
0.2228571428573787
 21
-3.75
 31
0.0
1001
ACDBBLOCKREPETAG
1070
     1
1071
      214
1005
12B
  0
ENDBLK
  5
12C
330
D1
100
AcDbEntity
  8
0
100
AcDbBlockEnd
  0
BLOCK
  5
BB
330
B8
100
AcDbEntity
  8
0
100
AcDbBlockBegin
  2
KOMP-DERZ
 70
     0
 10
0.0
 20
0.0
 30
0.0
  3
KOMP-DERZ
  1

  0
LWPOLYLINE
  5
BC
330
B8
100
AcDbEntity
  8
ÇELİK KOSNTR.
100
AcDbPolyline
 90
        4
 70
     1
 43
0.0
 10
-20.0
 20
-55.0
 10
20.0
 20
-55.0
 10
20.0
 20
-25.0
 10
-20.0
 20
-25.0
  0
LWPOLYLINE
  5
BE
330
B8
100
AcDbEntity
  8
ÇELİK KOSNTR.
100
AcDbPolyline
 90
        4
 70
     1
 43
0.0
 10
-18.5
 20
-53.5
 10
18.5
 20
-53.5
 10
18.5
 20
-26.5
 10
-18.5
 20
-26.5
  0
WIPEOUT
  5
BF
330
B8
100
AcDbEntity
  8
0
160
               260
310
0401000001000000FC000000060000000A0000006A66666666E633C00000000000804BC000000000000000006A66666666E633400000000000804BC000000000000000006A66666666E633406466666666E638C000000000000000006A66666666E633401833333333330FC000000000000000006966333333333640183333
310
3333330FC000000000000000006966333333333640809A99999999D93F000000000000000036333333333336C0809A99999999D93F000000000000000068663333333336C01833333333330FC000000000000000006766666666E633C01833333333330FC000000000000000006A66666666E633C00000000000804BC00000
310
000000000000
100
AcDbWipeout
 90
        0
 10
-22.20000000004657
 20
-55.0
 30
0.0
 11
55.40000000000001
 21
0.0
 31
0.0
 12
0.0
 22
55.40000000000001
 32
0.0
 13
1.0
 23
1.0
340
0
 70
     7
280
     1
281
    50
282
    50
283
     0
290
     0
360
0
 71
     2
 91
       10
 14
-0.458483754511795
 24
0.5
 14
0.2599277978347757
 24
0.5
 14
0.2599277978347757
 24
-0.0433212996389892
 14
0.2599277978347757
 24
-0.4223826714801444
 14
0.3014440433229808
 24
-0.4223826714801444
 14
0.3014440433229808
 24
-0.5
 14
-0.4999999999991596
 24
-0.5
 14
-0.5
 24
-0.4223826714801444
 14
-0.4584837545117948
 24
-0.4223826714801444
 14
-0.458483754511795
 24
0.5
  0
LWPOLYLINE
  5
C0
330
B8
100
AcDbEntity
  8
KOMP-
100
AcDbPolyline
 90
        4
 70
     0
 43
0.0
 10
-16.5
 20
-3.900000000000004
 10
-16.5
 20
-22.90000000000001
 10
-12.5
 20
-22.90000000000001
 10
-12.5
 20
0.0999999999999943
  0
LWPOLYLINE
  5
C2
330
B8
100
AcDbEntity
  8
KOMP-
100
AcDbPolyline
 90
        4
 70
     0
 43
0.0
 10
12.5
 20
0.0999999999999943
 10
12.5
 20
-22.90000000000001
 10
16.5
 20
-22.90000000000001
 10
16.5
 20
-3.900000000000004
  0
LWPOLYLINE
  5
C3
330
B8
100
AcDbEntity
  8
ÇELİK KOSNTR.
100
AcDbPolyline
 90
        4
 70
     1
 43
0.0
 10
-20.0
 20
-54.90000000000001
 10
20.0
 20
-54.90000000000001
 10
20.0
 20
-24.90000000000001
 10
-20.0
 20
-24.90000000000001
  0
LWPOLYLINE
  5
C4
330
B8
100
AcDbEntity
  8
ÇELİK KOSNTR.
100
AcDbPolyline
 90
        4
 70
     1
 43
0.0
 10
-18.5
 20
-53.39999999999999
 10
18.5
 20
-53.39999999999999
 10
18.5
 20
-26.40000000000001
 10
-18.5
 20
-26.40000000000001
  0
LINE
  5
C5
330
B8
100
AcDbEntity
  8
KOMP-
100
AcDbLine
 10
12.5
 20
0.0999999999999943
 30
0.0
 11
22.5
 21
0.0999999999999943
 31
0.0
  0
LINE
  5
C6
330
B8
100
AcDbEntity
  8
KOMP-
100
AcDbLine
 10
16.5
 20
-3.900000000000004
 30
0.0
 11
22.5
 21
-3.900000000000004
 31
0.0
  0
LINE
  5
C7
330
B8
100
AcDbEntity
  8
KOMP-
100
AcDbLine
 10
-12.5
 20
0.0999999999999943
 30
0.0
 11
-22.5
 21
0.0999999999999943
 31
0.0
  0
LINE
  5
C8
330
B8
100
AcDbEntity
  8
KOMP-
100
AcDbLine
 10
-16.5
 20
-3.900000000000004
 30
0.0
 11
-22.5
 21
-3.900000000000004
 31
0.0
  0
LWPOLYLINE
  5
C9
330
B8
100
AcDbEntity
  8
KOMP-
100
AcDbPolyline
 90
        4
 70
     1
 43
0.0
 10
-12.0
 20
-20.90000000000001
 10
12.0
 20
-20.90000000000001
 10
12.0
 20
-16.9
 10
-12.0
 20
-16.9
  0
LWPOLYLINE
  5
CA
330
B8
100
AcDbEntity
  8
KOMP-
100
AcDbPolyline
 90
        3
 70
     0
 43
0.0
 10
-12.5
 20
-13.9
 10
-12.5
 20
-16.9
 10
-9.5
 20
-16.9
  0
LWPOLYLINE
  5
CB
330
B8
100
AcDbEntity
  8
KOMP-
100
AcDbPolyline
 90
        3
 70
     0
 43
0.0
 10
12.5
 20
-13.90000000000001
 10
12.5
 20
-16.90000000000001
 10
9.5
 20
-16.90000000000001
  0
LWPOLYLINE
  5
CC
330
B8
100
AcDbEntity
  8
0
 62
   244
420
 10033950
100
AcDbPolyline
 90
        6
 70
     1
 43
0.0
 10
2.199999999999988
 20
-24.20000000000001
 10
-17.80000000000001
 20
-24.20000000000001
 10
-17.80000000000001
 20
-4.500000000000002
 10
-16.5
 20
-4.500000000000002
 10
-16.5
 20
-22.90000000000001
 10
2.199999999999988
 20
-22.9
  0
INSERT
  5
CD
102
{ACAD_XDICTIONARY
360
CE
102
}
330
B8
100
AcDbEntity
  8
ART_VIDA
100
AcDbBlockReference
  2
*U8
 10
6.249040708210286
 20
-21.18534849651472
 30
0.0
 41
-0.9999962019793134
 42
0.9999962019793123
 43
-0.9999962019793134
 50
90.12535242922908
210
0.0
220
0.0
230
-1.0
  0
INSERT
  5
1CB
102
{ACAD_XDICTIONARY
360
1CC
102
}
330
B8
100
AcDbEntity
  8
ART_VIDA
100
AcDbBlockReference
  2
*U8
 10
-6.249040708210286
 20
-21.18534849651472
 30
0.0
 41
0.9999962019793134
 42
0.9999962019793134
 43
-0.9999962019793134
 50
269.8746475707709
210
0.0
220
0.0
230
-1.0
  0
LWPOLYLINE
  5
1D6
330
B8
100
AcDbEntity
  8
0
 62
   244
420
 10033950
100
AcDbPolyline
 90
        6
 70
     1
 43
0.0
 10
-2.199999999999988
 20
-24.20000000000001
 10
17.80000000000001
 20
-24.20000000000001
 10
17.80000000000001
 20
-4.500000000000002
 10
16.5
 20
-4.500000000000002
 10
16.5
 20
-22.90000000000001
 10
-2.199999999999988
 20
-22.9
  0
INSERT
  5
1D7
102
{ACAD_XDICTIONARY
360
1D8
102
}
330
B8
100
AcDbEntity
  8
ART_VIDA
100
AcDbBlockReference
  2
*U8
 10
12.27618147512879
 20
-17.1505107847002
 30
0.0
 41
-0.9999962019793134
 42
0.9999962019793123
 43
-0.9999962019793134
 50
180.1253524292291
210
0.0
220
0.0
230
-1.0
  0
HATCH
  5
1E2
330
B8
100
AcDbEntity
  8
0
 62
   251
420
  6513766
100
AcDbHatch
 10
0.0
 20
0.0
 30
0.0
210
0.0
220
0.0
230
1.0
  2
SOLID
 70
     1
 71
     0
 91
        1
 92
        1
 93
        3
 72
     1
 10
12.5
 20
-12.04831031553331
 11
12.5
 21
-16.9
 72
     1
 10
12.5
 20
-16.9
 11
8.22657421301119
 21
-16.90000000000001
 72
     2
 10
5.708635525718946
 20
-10.37428286822876
 40
6.994640756812017
 50
291.0990371902075
 51
346.1529995619449
 73
     1
 97
        0
 75
     1
 76
     1
 98
        1
 10
12.03402934037149
 20
-16.40787905491889
450
        0
451
        0
460
0.0
461
0.0
452
        0
462
0.0
453
        2
463
0.0
 63
     5
421
      255
463
1.0
 63
     2
421
 16776960
470
LINEAR
1001
GradientColor1ACI
1070
     5
1001
GradientColor2ACI
1070
     2
1001
ACAD
1010
0.0
1020
0.0
1030
0.0
  0
ARC
  5
1E5
330
B8
100
AcDbEntity
  8
KOMP-
100
AcDbCircle
 10
5.67209291455704
 20
-10.35126540370162
 30
0.0
 40
7.035643296829026
100
AcDbArc
 50
291.4410741332868
 51
346.042223171757
  0
INSERT
  5
1E6
102
{ACAD_XDICTIONARY
360
1E7
102
}
330
B8
100
AcDbEntity
  8
ART_VIDA
100
AcDbBlockReference
  2
*U8
 10
-12.27618147512879
 20
-17.1505107847002
 30
0.0
 41
0.9999962019793134
 42
0.9999962019793134
 43
-0.9999962019793134
 50
179.8746475707709
210
0.0
220
0.0
230
-1.0
  0
HATCH
  5
1F1
330
B8
100
AcDbEntity
  8
0
 62
   251
420
  6513766
100
AcDbHatch
 10
0.0
 20
0.0
 30
0.0
210
0.0
220
0.0
230
1.0
  2
SOLID
 70
     1
 71
     0
 91
        1
 92
        1
 93
        3
 72
     1
 10
-12.5
 20
-12.04831031553331
 11
-12.5
 21
-16.9
 72
     1
 10
-12.5
 20
-16.9
 11
-8.22657421301119
 21
-16.90000000000001
 72
     2
 10
-5.708635525718946
 20
-10.37428286822876
 40
6.994640756812017
 50
111.0990371902075
 51
166.1529995619449
 73
     0
 97
        0
 75
     1
 76
     1
 98
        1
 10
-12.03402934037149
 20
-16.40787905491889
450
        0
451
        0
460
0.0
461
0.0
452
        0
462
0.0
453
        2
463
0.0
 63
     5
421
      255
463
1.0
 63
     2
421
 16776960
470
LINEAR
1001
GradientColor1ACI
1070
     5
1001
GradientColor2ACI
1070
     2
1001
ACAD
1010
0.0
1020
0.0
1030
0.0
  0
ARC
  5
1F2
330
B8
100
AcDbEntity
  8
KOMP-
100
AcDbCircle
 10
-5.67209291455704
 20
-10.35126540370162
 30
0.0
 40
7.035643296829026
100
AcDbArc
 50
193.957776828243
 51
248.5589258667131
  0
ENDBLK
  5
1F3
330
B8
100
AcDbEntity
  8
0
100
AcDbBlockEnd
  0
BLOCK
  5
80
330
76
100
AcDbEntity
  8
0
100
AcDbBlockBegin
  2
YLTM-
 70
     0
 10
0.0
 20
0.0
 30
0.0
  3
YLTM-
  1

  0
LWPOLYLINE
  5
81
330
76
100
AcDbEntity
  8
YALITIM
370
    20
100
AcDbPolyline
 90
        3
 70
     0
 43
0.0
 10
-0.0033524580877817
 20
-0.0289276031182588
 42
-0.3994451963255025
 10
9.018879917934135
 20
-8.605083482992124
 10
-0.0033524580877817
 20
-41.00859528393672
1001
ACDBBLOCKREPETAG
1070
     1
1071
        0
1005
81
  0
LWPOLYLINE
  5
85
330
76
100
AcDbEntity
  8
YALITIM
370
    20
100
AcDbPolyline
 90
        4
 70
     0
 43
0.0
 10
18.04111229417709
 20
-41.00859528378706
 10
18.04111229408499
 20
-41.00859528421302
 10
9.018879917934135
 20
-8.605083483019758
 42
-0.3994451963276498
 10
18.04111229399289
 20
-0.0289276031182588
1001
ACDBBLOCKREPETAG
1070
     1
1071
        1
1005
85
  0
LWPOLYLINE
  5
86
330
76
100
AcDbEntity
  8
YALITIM
370
    20
100
AcDbPolyline
 90
        3
 70
     0
 43
0.0
 10
9.018879917897292
 20
-8.605083482946076
 10
-0.0033524580877817
 20
-41.00859528417618
 42
0.9999999999999998
 10
18.04111229402973
 20
-41.00859528414626
1001
ACDBBLOCKREPETAG
1070
     1
1071
        2
1005
86
  0
ENDBLK
  5
87
330
76
100
AcDbEntity
  8
0
100
AcDbBlockEnd
  0
BLOCK
  5
8F
330
8D
100
AcDbEntity
  8
0
100
AcDbBlockBegin
  2
*U6
 70
     1
 10
0.0
 20
0.0
 30
0.0
  3
*U6
  1

  0
LWPOLYLINE
  5
90
330
8D
100
AcDbEntity
  8
YALITIM
370
    20
100
AcDbPolyline
 90
        3
 70
     0
 43
0.0
 10
-0.0033524580877817
 20
-0.0289276031182588
 42
-0.3994451963255025
 10
9.018879917934135
 20
-8.605083482992124
 10
-0.0033524580877817
 20
-41.00859528393672
1001
ACDBBLOCKREPETAG
1070
     1
1071
        0
1005
90
  0
LWPOLYLINE
  5
91
330
8D
100
AcDbEntity
  8
YALITIM
370
    20
100
AcDbPolyline
 90
        4
 70
     0
 43
0.0
 10
18.04111229417709
 20
-41.00859528378706
 10
18.04111229408499
 20
-41.00859528421302
 10
9.018879917934135
 20
-8.605083483019758
 42
-0.3994451963276498
 10
18.04111229399289
 20
-0.0289276031182588
1001
ACDBBLOCKREPETAG
1070
     1
1071
        1
1005
91
  0
LWPOLYLINE
  5
92
330
8D
100
AcDbEntity
  8
YALITIM
370
    20
100
AcDbPolyline
 90
        3
 70
     0
 43
0.0
 10
9.018879917897292
 20
-8.605083482946076
 10
-0.0033524580877817
 20
-41.00859528417618
 42
0.9999999999999998
 10
18.04111229402973
 20
-41.00859528414626
1001
ACDBBLOCKREPETAG
1070
     1
1071
        2
1005
92
  0
LWPOLYLINE
  5
93
330
8D
100
AcDbEntity
  8
YALITIM
370
    20
100
AcDbPolyline
 90
        3
 70
     0
 43
0.0
 10
27.06337991789729
 20
-8.605083482946076
 10
18.04114754191221
 20
-41.00859528417618
 42
0.9999999999999998
 10
36.08561229402973
 20
-41.00859528414626
1001
ACDBBLOCKREPETAG
1070
     1
1071
        2
1005
93
1001
AcDbBlockArrayActionTag
1070
     1
  0
LWPOLYLINE
  5
95
330
8D
100
AcDbEntity
  8
YALITIM
370
    20
100
AcDbPolyline
 90
        4
 70
     0
 43
0.0
 10
36.0856122941771
 20
-41.00859528378706
 10
36.085612294085
 20
-41.00859528421302
 10
27.06337991793414
 20
-8.605083483019758
 42
-0.3994451963276498
 10
36.0856122939929
 20
-0.0289276031182588
1001
ACDBBLOCKREPETAG
1070
     1
1071
        1
1005
95
1001
AcDbBlockArrayActionTag
1070
     1
  0
LWPOLYLINE
  5
96
330
8D
100
AcDbEntity
  8
YALITIM
370
    20
100
AcDbPolyline
 90
        3
 70
     0
 43
0.0
 10
18.04114754191221
 20
-0.0289276031182588
 42
-0.3994451963255025
 10
27.06337991793414
 20
-8.605083482992124
 10
18.04114754191221
 20
-41.00859528393672
1001
ACDBBLOCKREPETAG
1070
     1
1071
        0
1005
96
1001
AcDbBlockArrayActionTag
1070
     1
  0
LWPOLYLINE
  5
97
330
8D
100
AcDbEntity
  8
YALITIM
370
    20
100
AcDbPolyline
 90
        3
 70
     0
 43
0.0
 10
45.10787991789729
 20
-8.605083482946076
 10
36.08564754191222
 20
-41.00859528417618
 42
0.9999999999999998
 10
54.13011229402972
 20
-41.00859528414626
1001
ACDBBLOCKREPETAG
1070
     1
1071
        2
1005
97
1001
AcDbBlockArrayActionTag
1070
     1
  0
LWPOLYLINE
  5
98
330
8D
100
AcDbEntity
  8
YALITIM
370
    20
100
AcDbPolyline
 90
        4
 70
     0
 43
0.0
 10
54.13011229417709
 20
-41.00859528378706
 10
54.130112294085
 20
-41.00859528421302
 10
45.10787991793413
 20
-8.605083483019758
 42
-0.3994451963276498
 10
54.13011229399289
 20
-0.0289276031182588
1001
ACDBBLOCKREPETAG
1070
     1
1071
        1
1005
98
1001
AcDbBlockArrayActionTag
1070
     1
  0
LWPOLYLINE
  5
99
330
8D
100
AcDbEntity
  8
YALITIM
370
    20
100
AcDbPolyline
 90
        3
 70
     0
 43
0.0
 10
36.08564754191222
 20
-0.0289276031182588
 42
-0.3994451963255025
 10
45.10787991793413
 20
-8.605083482992124
 10
36.08564754191222
 20
-41.00859528393672
1001
ACDBBLOCKREPETAG
1070
     1
1071
        0
1005
99
1001
AcDbBlockArrayActionTag
1070
     1
  0
LWPOLYLINE
  5
9A
330
8D
100
AcDbEntity
  8
YALITIM
370
    20
100
AcDbPolyline
 90
        3
 70
     0
 43
0.0
 10
63.15237991789729
 20
-8.605083482946076
 10
54.13014754191221
 20
-41.00859528417618
 42
0.9999999999999998
 10
72.17461229402973
 20
-41.00859528414626
1001
ACDBBLOCKREPETAG
1070
     1
1071
        2
1005
9A
1001
AcDbBlockArrayActionTag
1070
     1
  0
LWPOLYLINE
  5
9B
330
8D
100
AcDbEntity
  8
YALITIM
370
    20
100
AcDbPolyline
 90
        4
 70
     0
 43
0.0
 10
72.17461229417709
 20
-41.00859528378706
 10
72.17461229408499
 20
-41.00859528421302
 10
63.15237991793413
 20
-8.605083483019758
 42
-0.3994451963276498
 10
72.17461229399289
 20
-0.0289276031182588
1001
ACDBBLOCKREPETAG
1070
     1
1071
        1
1005
9B
1001
AcDbBlockArrayActionTag
1070
     1
  0
LWPOLYLINE
  5
9C
330
8D
100
AcDbEntity
  8
YALITIM
370
    20
100
AcDbPolyline
 90
        3
 70
     0
 43
0.0
 10
54.13014754191221
 20
-0.0289276031182588
 42
-0.3994451963255025
 10
63.15237991793413
 20
-8.605083482992124
 10
54.13014754191221
 20
-41.00859528393672
1001
ACDBBLOCKREPETAG
1070
     1
1071
        0
1005
9C
1001
AcDbBlockArrayActionTag
1070
     1
  0
LWPOLYLINE
  5
9D
330
8D
100
AcDbEntity
  8
YALITIM
370
    20
100
AcDbPolyline
 90
        3
 70
     0
 43
0.0
 10
81.1968799178973
 20
-8.605083482946076
 10
72.17464754191222
 20
-41.00859528417618
 42
0.9999999999999998
 10
90.21911229402972
 20
-41.00859528414626
1001
ACDBBLOCKREPETAG
1070
     1
1071
        2
1005
9D
1001
AcDbBlockArrayActionTag
1070
     1
  0
LWPOLYLINE
  5
9E
330
8D
100
AcDbEntity
  8
YALITIM
370
    20
100
AcDbPolyline
 90
        4
 70
     0
 43
0.0
 10
90.21911229417709
 20
-41.00859528378706
 10
90.219112294085
 20
-41.00859528421302
 10
81.19687991793412
 20
-8.605083483019758
 42
-0.3994451963276498
 10
90.21911229399291
 20
-0.0289276031182588
1001
ACDBBLOCKREPETAG
1070
     1
1071
        1
1005
9E
1001
AcDbBlockArrayActionTag
1070
     1
  0
LWPOLYLINE
  5
9F
330
8D
100
AcDbEntity
  8
YALITIM
370
    20
100
AcDbPolyline
 90
        3
 70
     0
 43
0.0
 10
72.17464754191222
 20
-0.0289276031182588
 42
-0.3994451963255025
 10
81.19687991793412
 20
-8.605083482992124
 10
72.17464754191222
 20
-41.00859528393672
1001
ACDBBLOCKREPETAG
1070
     1
1071
        0
1005
9F
1001
AcDbBlockArrayActionTag
1070
     1
  0
LWPOLYLINE
  5
A0
330
8D
100
AcDbEntity
  8
YALITIM
370
    20
100
AcDbPolyline
 90
        3
 70
     0
 43
0.0
 10
99.24137991789727
 20
-8.605083482946076
 10
90.2191475419122
 20
-41.00859528417618
 42
0.9999999999999998
 10
108.2636122940297
 20
-41.00859528414626
1001
ACDBBLOCKREPETAG
1070
     1
1071
        2
1005
A0
1001
AcDbBlockArrayActionTag
1070
     1
  0
LWPOLYLINE
  5
A1
330
8D
100
AcDbEntity
  8
YALITIM
370
    20
100
AcDbPolyline
 90
        4
 70
     0
 43
0.0
 10
108.2636122941771
 20
-41.00859528378706
 10
108.263612294085
 20
-41.00859528421302
 10
99.24137991793413
 20
-8.605083483019758
 42
-0.3994451963276498
 10
108.2636122939929
 20
-0.0289276031182588
1001
ACDBBLOCKREPETAG
1070
     1
1071
        1
1005
A1
1001
AcDbBlockArrayActionTag
1070
     1
  0
LWPOLYLINE
  5
A2
330
8D
100
AcDbEntity
  8
YALITIM
370
    20
100
AcDbPolyline
 90
        3
 70
     0
 43
0.0
 10
90.2191475419122
 20
-0.0289276031182588
 42
-0.3994451963255025
 10
99.24137991793413
 20
-8.605083482992124
 10
90.2191475419122
 20
-41.00859528393672
1001
ACDBBLOCKREPETAG
1070
     1
1071
        0
1005
A2
1001
AcDbBlockArrayActionTag
1070
     1
  0
LWPOLYLINE
  5
A3
330
8D
100
AcDbEntity
  8
YALITIM
370
    20
100
AcDbPolyline
 90
        3
 70
     0
 43
0.0
 10
117.2858799178973
 20
-8.605083482946076
 10
108.2636475419122
 20
-41.00859528417618
 42
0.9999999999999998
 10
126.3081122940297
 20
-41.00859528414626
1001
ACDBBLOCKREPETAG
1070
     1
1071
        2
1005
A3
1001
AcDbBlockArrayActionTag
1070
     1
  0
LWPOLYLINE
  5
A4
330
8D
100
AcDbEntity
  8
YALITIM
370
    20
100
AcDbPolyline
 90
        4
 70
     0
 43
0.0
 10
126.3081122941771
 20
-41.00859528378706
 10
126.308112294085
 20
-41.00859528421302
 10
117.2858799179341
 20
-8.605083483019758
 42
-0.3994451963276498
 10
126.3081122939929
 20
-0.0289276031182588
1001
ACDBBLOCKREPETAG
1070
     1
1071
        1
1005
A4
1001
AcDbBlockArrayActionTag
1070
     1
  0
LWPOLYLINE
  5
A5
330
8D
100
AcDbEntity
  8
YALITIM
370
    20
100
AcDbPolyline
 90
        3
 70
     0
 43
0.0
 10
108.2636475419122
 20
-0.0289276031182588
 42
-0.3994451963255025
 10
117.2858799179341
 20
-8.605083482992124
 10
108.2636475419122
 20
-41.00859528393672
1001
ACDBBLOCKREPETAG
1070
     1
1071
        0
1005
A5
1001
AcDbBlockArrayActionTag
1070
     1
  0
LWPOLYLINE
  5
A6
330
8D
100
AcDbEntity
  8
YALITIM
370
    20
100
AcDbPolyline
 90
        3
 70
     0
 43
0.0
 10
135.3303799178973
 20
-8.605083482946076
 10
126.3081475419122
 20
-41.00859528417618
 42
0.9999999999999998
 10
144.3526122940297
 20
-41.00859528414626
1001
ACDBBLOCKREPETAG
1070
     1
1071
        2
1005
A6
1001
AcDbBlockArrayActionTag
1070
     1
  0
LWPOLYLINE
  5
A7
330
8D
100
AcDbEntity
  8
YALITIM
370
    20
100
AcDbPolyline
 90
        4
 70
     0
 43
0.0
 10
144.3526122941771
 20
-41.00859528378706
 10
144.352612294085
 20
-41.00859528421302
 10
135.3303799179341
 20
-8.605083483019758
 42
-0.3994451963276498
 10
144.3526122939928
 20
-0.0289276031182588
1001
ACDBBLOCKREPETAG
1070
     1
1071
        1
1005
A7
1001
AcDbBlockArrayActionTag
1070
     1
  0
LWPOLYLINE
  5
A8
330
8D
100
AcDbEntity
  8
YALITIM
370
    20
100
AcDbPolyline
 90
        3
 70
     0
 43
0.0
 10
126.3081475419122
 20
-0.0289276031182588
 42
-0.3994451963255025
 10
135.3303799179341
 20
-8.605083482992124
 10
126.3081475419122
 20
-41.00859528393672
1001
ACDBBLOCKREPETAG
1070
     1
1071
        0
1005
A8
1001
AcDbBlockArrayActionTag
1070
     1
  0
LWPOLYLINE
  5
A9
330
8D
100
AcDbEntity
  8
YALITIM
370
    20
100
AcDbPolyline
 90
        3
 70
     0
 43
0.0
 10
153.3748799178973
 20
-8.605083482946076
 10
144.3526475419122
 20
-41.00859528417618
 42
0.9999999999999998
 10
162.3971122940297
 20
-41.00859528414626
1001
ACDBBLOCKREPETAG
1070
     1
1071
        2
1005
A9
1001
AcDbBlockArrayActionTag
1070
     1
  0
LWPOLYLINE
  5
AA
330
8D
100
AcDbEntity
  8
YALITIM
370
    20
100
AcDbPolyline
 90
        4
 70
     0
 43
0.0
 10
162.3971122941771
 20
-41.00859528378706
 10
162.397112294085
 20
-41.00859528421302
 10
153.3748799179341
 20
-8.605083483019758
 42
-0.3994451963276498
 10
162.3971122939928
 20
-0.0289276031182588
1001
ACDBBLOCKREPETAG
1070
     1
1071
        1
1005
AA
1001
AcDbBlockArrayActionTag
1070
     1
  0
LWPOLYLINE
  5
AB
330
8D
100
AcDbEntity
  8
YALITIM
370
    20
100
AcDbPolyline
 90
        3
 70
     0
 43
0.0
 10
144.3526475419122
 20
-0.0289276031182588
 42
-0.3994451963255025
 10
153.3748799179341
 20
-8.605083482992124
 10
144.3526475419122
 20
-41.00859528393672
1001
ACDBBLOCKREPETAG
1070
     1
1071
        0
1005
AB
1001
AcDbBlockArrayActionTag
1070
     1
  0
LWPOLYLINE
  5
AC
330
8D
100
AcDbEntity
  8
YALITIM
370
    20
100
AcDbPolyline
 90
        3
 70
     0
 43
0.0
 10
171.4193799178973
 20
-8.605083482946076
 10
162.3971475419122
 20
-41.00859528417618
 42
0.9999999999999998
 10
180.4416122940297
 20
-41.00859528414626
1001
ACDBBLOCKREPETAG
1070
     1
1071
        2
1005
AC
1001
AcDbBlockArrayActionTag
1070
     1
  0
LWPOLYLINE
  5
AD
330
8D
100
AcDbEntity
  8
YALITIM
370
    20
100
AcDbPolyline
 90
        4
 70
     0
 43
0.0
 10
180.4416122941771
 20
-41.00859528378706
 10
180.441612294085
 20
-41.00859528421302
 10
171.4193799179341
 20
-8.605083483019758
 42
-0.3994451963276498
 10
180.4416122939928
 20
-0.0289276031182588
1001
ACDBBLOCKREPETAG
1070
     1
1071
        1
1005
AD
1001
AcDbBlockArrayActionTag
1070
     1
  0
LWPOLYLINE
  5
AE
330
8D
100
AcDbEntity
  8
YALITIM
370
    20
100
AcDbPolyline
 90
        3
 70
     0
 43
0.0
 10
162.3971475419122
 20
-0.0289276031182588
 42
-0.3994451963255025
 10
171.4193799179341
 20
-8.605083482992124
 10
162.3971475419122
 20
-41.00859528393672
1001
ACDBBLOCKREPETAG
1070
     1
1071
        0
1005
AE
1001
AcDbBlockArrayActionTag
1070
     1
  0
LWPOLYLINE
  5
AF
330
8D
100
AcDbEntity
  8
YALITIM
370
    20
100
AcDbPolyline
 90
        3
 70
     0
 43
0.0
 10
189.4638799178973
 20
-8.605083482946076
 10
180.4416475419122
 20
-41.00859528417618
 42
0.9999999999999998
 10
198.4861122940296
 20
-41.00859528414626
1001
ACDBBLOCKREPETAG
1070
     1
1071
        2
1005
AF
1001
AcDbBlockArrayActionTag
1070
     1
  0
LWPOLYLINE
  5
B0
330
8D
100
AcDbEntity
  8
YALITIM
370
    20
100
AcDbPolyline
 90
        4
 70
     0
 43
0.0
 10
198.486112294177
 20
-41.00859528378706
 10
198.486112294085
 20
-41.00859528421302
 10
189.4638799179341
 20
-8.605083483019758
 42
-0.3994451963276498
 10
198.4861122939929
 20
-0.0289276031182588
1001
ACDBBLOCKREPETAG
1070
     1
1071
        1
1005
B0
1001
AcDbBlockArrayActionTag
1070
     1
  0
LWPOLYLINE
  5
B1
330
8D
100
AcDbEntity
  8
YALITIM
370
    20
100
AcDbPolyline
 90
        3
 70
     0
 43
0.0
 10
180.4416475419122
 20
-0.0289276031182588
 42
-0.3994451963255025
 10
189.4638799179341
 20
-8.605083482992124
 10
180.4416475419122
 20
-41.00859528393672
1001
ACDBBLOCKREPETAG
1070
     1
1071
        0
1005
B1
1001
AcDbBlockArrayActionTag
1070
     1
  0
ENDBLK
  5
B2
330
8D
100
AcDbEntity
  8
0
100
AcDbBlockEnd
  0
BLOCK
  5
B6
330
B5
100
AcDbEntity
  8
0
100
AcDbBlockBegin
  2
kompoze orta
 70
     0
 10
0.0
 20
0.0
 30
0.0
  3
kompoze orta
  1

  0
INSERT
  5
B7
330
B5
100
AcDbEntity
  8
KOMPOZIT
100
AcDbBlockReference
  2
KOMP-DERZ
 10
0.0
 20
-85.0
 30
0.0
 41
-1.0
 50
180.0
1001
ACDBBLOCKREPETAG
1070
     1
1071
        1
1005
0
  0
LINE
  5
1F4
330
B5
100
AcDbEntity
  8
KOMPOZIT
100
AcDbLine
 10
0.0
 20
-30.0
 30
0.0
 11
0.0
 21
0.0
 31
0.0
  0
LINE
  5
1F5
330
B5
100
AcDbEntity
  8
KOMPOZIT
100
AcDbLine
 10
0.0
 20
-31.59999999999991
 30
0.0
 11
0.0
 21
-200.7079265343782
 31
0.0
  0
ENDBLK
  5
1F6
330
B5
100
AcDbEntity
  8
0
100
AcDbBlockEnd
  0
BLOCK
  5
137
330
134
100
AcDbEntity
  8
0
100
AcDbBlockBegin
  2
*U8
 70
     1
 10
0.0
 20
0.0
 30
0.0
  3
*U8
  1

  0
LWPOLYLINE
  5
138
330
134
100
AcDbEntity
  8
6
 60
     1
100
AcDbPolyline
 90
       16
 70
     1
 43
0.0
 10
-0.8485881991838937
 20
-2.192069383178703
 10
-0.8485881991838937
 20
-1.330829714574633
 10
-1.330829714574633
 20
-0.8485881991839503
 10
-2.192069383178703
 20
-0.8485881991838937
 42
-0.1868043047418937
 10
-2.192069383178703
 20
0.8485881991838937
 10
-1.330829714574633
 20
0.8485881991838937
 10
-0.8485881991838937
 20
1.330829714574575
 10
-0.8485881991838937
 20
2.192069383178647
 42
-0.1868043047418937
 10
0.8485881991838937
 20
2.192069383178647
 10
0.8485881991839503
 20
1.330829714574575
 10
1.330829714574575
 20
0.8485881991838937
 10
2.192069383178703
 20
0.8485881991838937
 42
-0.1868043047418937
 10
2.192069383178703
 20
-0.8485881991838937
 10
1.330829714574575
 20
-0.8485881991839503
 10
0.8485881991839503
 20
-1.330829714574633
 10
0.8485881991839503
 20
-2.192069383178703
 42
-0.1868043047418937
1001
ACDBBLOCKREPETAG
1070
     1
1071
      101
1005
138
  0
LWPOLYLINE
  5
139
330
134
100
AcDbEntity
  8
7
 60
     1
100
AcDbPolyline
 90
       16
 70
     1
 43
0.0
 10
-0.3663466837932106
 20
-1.832079036339506
 10
-0.3663466837932106
 20
-1.131078738560461
 10
-1.131078738560403
 20
-0.3663466837932674
 10
-1.832079036339564
 20
-0.3663466837932106
 42
-0.0990011964449676
 10
-1.832079036339564
 20
0.3663466837931537
 10
-1.131078738560403
 20
0.3663466837931537
 10
-0.3663466837932106
 20
1.131078738560403
 10
-0.3663466837932106
 20
1.832079036339564
 42
-0.0990011964449676
 10
0.3663466837932106
 20
1.832079036339564
 10
0.3663466837932106
 20
1.131078738560403
 10
1.131078738560461
 20
0.3663466837931537
 10
1.832079036339506
 20
0.3663466837931537
 42
-0.0990011964449676
 10
1.832079036339506
 20
-0.3663466837932106
 10
1.131078738560461
 20
-0.3663466837932674
 10
0.3663466837932106
 20
-1.131078738560461
 10
0.3663466837932106
 20
-1.832079036339506
 42
-0.0990011964449723
1001
ACDBBLOCKREPETAG
1070
     1
1071
       76
1005
139
  0
LINE
  5
13A
330
134
100
AcDbEntity
  8
7
 60
     1
100
AcDbLine
 10
-0.8485881991838937
 20
2.192069383178647
 30
0.0
 11
-0.3663466837932106
 21
1.832079036339564
 31
0.0
1001
ACDBBLOCKREPETAG
1070
     1
1071
       77
1005
13A
  0
LINE
  5
13B
330
134
100
AcDbEntity
  8
7
 60
     1
100
AcDbLine
 10
-0.8485881991838937
 20
1.330829714574575
 30
0.0
 11
-0.3663466837932106
 21
1.131078738560403
 31
0.0
1001
ACDBBLOCKREPETAG
1070
     1
1071
       78
1005
13B
  0
LINE
  5
13C
330
134
100
AcDbEntity
  8
7
 60
     1
100
AcDbLine
 10
-1.330829714574633
 20
0.8485881991838937
 30
0.0
 11
-1.131078738560403
 21
0.3663466837931537
 31
0.0
1001
ACDBBLOCKREPETAG
1070
     1
1071
       79
1005
13C
  0
LINE
  5
13D
330
134
100
AcDbEntity
  8
7
 60
     1
100
AcDbLine
 10
-2.192069383178703
 20
0.8485881991838937
 30
0.0
 11
-1.832079036339564
 21
0.3663466837931537
 31
0.0
1001
ACDBBLOCKREPETAG
1070
     1
1071
       80
1005
13D
  0
LINE
  5
13E
330
134
100
AcDbEntity
  8
7
 60
     1
100
AcDbLine
 10
-1.832079036339564
 20
-0.3663466837932106
 30
0.0
 11
-2.192069383178703
 21
-0.8485881991838937
 31
0.0
1001
ACDBBLOCKREPETAG
1070
     1
1071
       81
1005
13E
  0
LINE
  5
13F
330
134
100
AcDbEntity
  8
7
 60
     1
100
AcDbLine
 10
-1.330829714574633
 20
-0.8485881991839503
 30
0.0
 11
-1.131078738560403
 21
-0.3663466837932674
 31
0.0
1001
ACDBBLOCKREPETAG
1070
     1
1071
       82
1005
13F
  0
LINE
  5
140
330
134
100
AcDbEntity
  8
7
 60
     1
100
AcDbLine
 10
-0.3663466837932106
 20
-1.131078738560461
 30
0.0
 11
-0.8485881991838937
 21
-1.330829714574633
 31
0.0
1001
ACDBBLOCKREPETAG
1070
     1
1071
       83
1005
140
  0
LINE
  5
141
330
134
100
AcDbEntity
  8
7
 60
     1
100
AcDbLine
 10
-0.3663466837932106
 20
-1.832079036339506
 30
0.0
 11
-0.8485881991838937
 21
-2.192069383178703
 31
0.0
1001
ACDBBLOCKREPETAG
1070
     1
1071
       84
1005
141
  0
LINE
  5
142
330
134
100
AcDbEntity
  8
7
 60
     1
100
AcDbLine
 10
0.3663466837932674
 20
-1.832079036339506
 30
0.0
 11
0.8485881991839503
 21
-2.192069383178703
 31
0.0
1001
ACDBBLOCKREPETAG
1070
     1
1071
       85
1005
142
  0
LINE
  5
143
330
134
100
AcDbEntity
  8
7
 60
     1
100
AcDbLine
 10
0.3663466837932106
 20
1.131078738560403
 30
0.0
 11
0.8485881991839503
 21
1.330829714574575
 31
0.0
1001
ACDBBLOCKREPETAG
1070
     1
1071
       86
1005
143
  0
LINE
  5
144
330
134
100
AcDbEntity
  8
7
 60
     1
100
AcDbLine
 10
0.3663466837932106
 20
1.832079036339564
 30
0.0
 11
0.8485881991838367
 21
2.192069383178647
 31
0.0
1001
ACDBBLOCKREPETAG
1070
     1
1071
       87
1005
144
  0
LINE
  5
145
330
134
100
AcDbEntity
  8
7
 60
     1
100
AcDbLine
 10
1.131078738560461
 20
0.3663466837931537
 30
0.0
 11
1.330829714574575
 21
0.8485881991838937
 31
0.0
1001
ACDBBLOCKREPETAG
1070
     1
1071
       88
1005
145
  0
LINE
  5
146
330
134
100
AcDbEntity
  8
7
 60
     1
100
AcDbLine
 10
1.832079036339506
 20
0.3663466837931537
 30
0.0
 11
2.192069383178703
 21
0.8485881991838937
 31
0.0
1001
ACDBBLOCKREPETAG
1070
     1
1071
       89
1005
146
  0
LINE
  5
147
330
134
100
AcDbEntity
  8
7
 60
     1
100
AcDbLine
 10
1.832079036339506
 20
-0.3663466837932106
 30
0.0
 11
2.192069383178703
 21
-0.8485881991838937
 31
0.0
1001
ACDBBLOCKREPETAG
1070
     1
1071
       90
1005
147
  0
LINE
  5
148
330
134
100
AcDbEntity
  8
7
 60
     1
100
AcDbLine
 10
1.131078738560461
 20
-0.3663466837932674
 30
0.0
 11
1.330829714574575
 21
-0.8485881991839503
 31
0.0
1001
ACDBBLOCKREPETAG
1070
     1
1071
       91
1005
148
  0
LINE
  5
149
330
134
100
AcDbEntity
  8
7
 60
     1
100
AcDbLine
 10
0.3663466837932106
 20
-1.131078738560461
 30
0.0
 11
0.8485881991839503
 21
-1.330829714574633
 31
0.0
1001
ACDBBLOCKREPETAG
1070
     1
1071
       92
1005
149
  0
LINE
  5
14A
330
134
100
AcDbEntity
  8
Axis
 60
     1
100
AcDbLine
 10
-4.131797733339396
 20
0.0000000000016485
 30
0.0
 11
4.131797733339509
 21
0.0000000000016485
 31
0.0
1001
ACDBBLOCKREPETAG
1070
     1
1071
       99
1005
14A
  0
LINE
  5
14B
330
134
100
AcDbEntity
  8
Axis
 60
     1
100
AcDbLine
 10
0.0
 20
4.131797733341158
 30
0.0
 11
0.0
 21
-4.131797733337748
 31
0.0
1001
ACDBBLOCKREPETAG
1070
     1
1071
      100
1005
14B
  0
CIRCLE
  5
14C
330
134
100
AcDbEntity
  8
6
 60
     1
100
AcDbCircle
 10
-0.0000000000013642
 20
-0.0000000000000568
 30
0.0
 40
3.75
1001
ACDBBLOCKREPETAG
1070
     1
1071
      131
1005
14C
  0
LINE
  5
14D
330
134
100
AcDbEntity
  8
ART_VIDA
100
AcDbLine
 10
15.77793601211192
 20
1.428268832699075
 30
0.0
 11
16.241232860026
 21
1.207688177771274
 31
0.0
1001
ACDBBLOCKREPETAG
1070
     1
1071
      174
1005
14D
  0
LINE
  5
14E
330
134
100
AcDbEntity
  8
ART_VIDA
100
AcDbLine
 10
15.7779360121126
 20
1.428268832698847
 30
0.0
 11
16.241232860026
 21
1.207688177771217
 31
0.0
1001
ACDBBLOCKREPETAG
1070
     1
1071
      175
1005
14E
  0
LINE
  5
14F
330
134
100
AcDbEntity
  8
ART_VIDA
100
AcDbLine
 10
16.86554198842509
 20
0.9104478295156468
 30
0.0
 11
18.75
 21
0.0
 31
0.0
1001
ACDBBLOCKREPETAG
1070
     1
1071
      176
1005
14F
  0
LINE
  5
150
330
134
100
AcDbEntity
  8
ART_VIDA
100
AcDbLine
 10
18.75
 20
0.0
 30
0.0
 11
16.45453821860427
 21
-1.461087535318028
 31
0.0
1001
ACDBBLOCKREPETAG
1070
     1
1071
      177
1005
150
  0
LWPOLYLINE
  5
151
330
134
100
AcDbEntity
  8
ART_VIDA
100
AcDbPolyline
 90
        7
 70
   128
 43
0.0
 10
3.165738545885459
 20
-1.949999999999988
 10
3.205682172662021
 20
-1.882023233625488
 10
3.328473745650626
 20
-1.673678943809989
 10
3.394839344774708
 20
-1.561559034265939
 10
3.422711542042633
 20
-1.514594920537034
 10
3.444104338399482
 20
-1.478605553189878
 10
3.454538218604283
 20
-1.461087535318028
1001
ACDBBLOCKREPETAG
1070
     1
1071
      178
1005
151
  0
LWPOLYLINE
  5
152
330
134
100
AcDbEntity
  8
ART_VIDA
100
AcDbPolyline
 90
        7
 70
   128
 43
0.0
 10
2.463021902897252
 20
1.917181295718306
 10
2.423078495985009
 20
1.849204531006478
 10
2.30028714286061
 20
1.64086024119109
 10
2.233921543736641
 20
1.528740331647155
 10
2.206048906740079
 20
1.481776217918138
 10
2.184656550111752
 20
1.445786850570981
 10
2.174222450042748
 20
1.428268832699075
1001
ACDBBLOCKREPETAG
1070
     1
1071
      179
1005
152
  0
LWPOLYLINE
  5
153
330
134
100
AcDbEntity
  8
ART_VIDA
100
AcDbPolyline
 90
       76
 70
   128
 43
0.0
 10
2.462997717824236
 20
1.916759156263026
 10
2.466233900451015
 20
1.922438251123196
 10
2.475036827280745
 20
1.934622031288938
 10
2.483610215781823
 20
1.943226640520435
 10
2.491936476809883
 20
1.948323314850823
 10
2.5
 20
1.950000000000101
 10
2.509216711441808
 20
1.9478165276401
 10
2.518772233769253
 20
1.941168710675582
 10
2.528643041502504
 20
1.929931446319983
 10
2.538801651603989
 20
1.914007774417143
 10
2.549218162529085
 20
1.893332834998431
 10
2.559667213370403
 20
1.868370761600829
 10
2.570298751580594
 20
1.838797804042825
 10
2.581076939278431
 20
1.804650569730426
 10
2.591963520076205
 20
1.765999964900287
 10
2.60174374371786
 20
1.727770180339574
 10
2.611551010668562
 20
1.686131070016243
 10
2.621356298840622
 20
1.641200371262698
 10
2.631131465603401
 20
1.593114839673319
 10
2.640847488869666
 20
1.542029259715035
 10
2.650477105466279
 20
1.488114575880841
 10
2.659992832355555
 20
1.431556023843369
 10
2.669369165278908
 20
1.372551261607725
 10
2.679859990337262
 20
1.302544929545774
 10
2.690103248193963
 20
1.229948486101647
 10
2.70006749825461
 20
1.155091727724823
 10
2.709725037617316
 20
1.078308738218709
 10
2.719050801751791
 20
0.9999345907759218
 10
2.728026541921052
 20
0.9212779177080959
 10
2.737300198216416
 20
0.8397865891908509
 10
2.746886501545873
 20
0.7555504197904952
 10
2.756760387379245
 20
0.6687852063172386
 10
2.76579724982389
 20
0.5893761576160728
 10
2.775020117466168
 20
0.5083333522700855
 10
2.784405464825794
 20
0.4258606869342998
 10
2.793929106829749
 20
0.3421752776046674
 10
2.803564879626719
 20
0.2575054533562593
 10
2.813285080314699
 20
0.1720889424632332
 10
2.823062885449188
 20
0.086170550081647
 10
2.832869272942843
 20
0.0000000008314487
 10
2.842188441148095
 20
-0.0818920097597698
 10
2.851483424280671
 20
-0.1635675639478791
 10
2.860729157809828
 20
-0.2448121085301977
 10
2.869901896391637
 20
-0.3254148829635142
 10
2.878978334410361
 20
-0.4051706576653375
 10
2.887935605978555
 20
-0.4838815272830175
 10
2.898310562550705
 20
-0.5750497432212001
 10
2.908457739708751
 20
-0.6642132364751207
 10
2.918345916721591
 20
-0.7511034428027302
 10
2.927947830416541
 20
-0.8354765326956794
 10
2.937424421460491
 20
-0.9187515653100604
 10
2.946587486012958
 20
-0.9990701926189442
 10
2.95593039956293
 20
-1.077629685666352
 10
2.96560662739091
 20
-1.154593953287586
 10
2.975591104967064
 20
-1.229625833579063
 10
2.985855689661093
 20
-1.302388934162251
 10
2.996369160742233
 20
-1.37255125994494
 10
3.005275863521432
 20
-1.428679757412339
 10
3.014310087594481
 20
-1.482608182765203
 10
3.023448967074158
 20
-1.534166141171283
 10
3.032670075801888
 20
-1.58319335155619
 10
3.041949228704878
 20
-1.629540635992326
 10
3.051262240709775
 20
-1.673072118342928
 10
3.062248420035188
 20
-1.720597325764686
 10
3.073206896458941
 20
-1.763870907291618
 10
3.084098094406953
 20
-1.802752809365074
 10
3.094882878033899
 20
-1.837136177935349
 10
3.104391129537019
 20
-1.863973913673419
 10
3.113758228159667
 20
-1.887138156692741
 10
3.122959549100642
 20
-1.906621651471424
 10
3.131972666200908
 20
-1.922438249460411
 10
3.140775153302001
 20
-1.934622029626041
 10
3.149348541802963
 20
-1.943226638857652
 10
3.157674802831023
 20
-1.948323313188041
 10
3.165738545885459
 20
-1.949999999999988
 10
3.165738545885459
 20
-1.949999999999988
1001
ACDBBLOCKREPETAG
1070
     1
1071
      180
1005
153
  0
SPLINE
  5
154
330
134
100
AcDbEntity
  8
ART_VIDA
100
AcDbSpline
210
0.0
220
0.0
230
1.0
 70
    12
 71
     3
 72
    65
 73
    61
 74
     0
 42
0.000000001
 43
0.0000000001
 40
0.0
 40
0.0
 40
0.0
 40
0.0
 40
0.0163602606983639
 40
0.0329182024116513
 40
0.0496575376642021
 40
0.0665607257469624
 40
0.0836090138403994
 40
0.1004749814901844
 40
0.1174420913986057
 40
0.1344898214019359
 40
0.151597089127919
 40
0.1690924147343256
 40
0.1866040295610762
 40
0.2041085459313314
 40
0.2215826550484853
 40
0.2390033034860895
 40
0.2563478552169125
 40
0.2735943063275419
 40
0.2906841920726251
 40
0.3076351209769736
 40
0.3244279688188016
 40
0.3410447850280639
 40
0.3574689170459937
 40
0.3734921410382712
 40
0.3896899381770383
 40
0.406068340933344
 40
0.422611190185743
 40
0.4396430634512165
 40
0.4568085111039249
 40
0.4740869695268107
 40
0.4914569337366406
 40
0.5088961985575052
 40
0.5263819884533796
 40
0.5438911304592553
 40
0.561362088002811
 40
0.5788098536220725
 40
0.5962113866201823
 40
0.6135440915287825
 40
0.6307858488956845
 40
0.6476106185239896
 40
0.6643077039536758
 40
0.6808586320479061
 40
0.697245988794702
 40
0.7165183123103059
 40
0.7355971845265275
 40
0.7548937409065876
 40
0.7744426534365158
 40
0.7942160592179284
 40
0.8141839346380727
 40
0.8313926428495403
 40
0.8486990588228401
 40
0.8660813576999171
 40
0.8835170606492004
 40
0.9009832128656148
 40
0.9181447920601531
 40
0.9352914007159778
 40
0.9524011837044547
 40
0.9694525485412256
 40
0.9867696611748128
 40
1.0
 40
1.0
 40
1.0
 40
1.0
 10
3.454538218604283
 20
-1.461087535318028
 30
0.0
 41
1.0
 10
3.426926274208766
 20
-1.460779188614196
 30
0.0
 41
1.0
 10
3.420776985938799
 20
-1.460158769453698
 30
0.0
 41
1.0
 10
3.411206516724631
 20
-1.455104403188784
 30
0.0
 41
1.0
 10
3.401339506961903
 20
-1.446922898727109
 30
0.0
 41
1.0
 10
3.391179538557252
 20
-1.435245240569543
 30
0.0
 41
1.0
 10
3.380826207303924
 20
-1.420195933146088
 30
0.0
 41
1.0
 10
3.370314093343266
 20
-1.401801887302269
 30
0.0
 41
1.0
 10
3.359682584995424
 20
-1.380141223352609
 30
0.0
 41
1.0
 10
3.348904328720549
 20
-1.355130436369847
 30
0.0
 41
1.0
 10
3.337944379049303
 20
-1.326628112801528
 30
0.0
 41
1.0
 10
3.326838003265833
 20
-1.294635934183759
 30
0.0
 41
1.0
 10
3.315628471206081
 20
-1.259183532344819
 30
0.0
 41
1.0
 10
3.30443208650331
 20
-1.220618579556969
 30
0.0
 41
1.0
 10
3.293290899890848
 20
-1.179097463379604
 30
0.0
 41
1.0
 10
3.282247292295778
 20
-1.134798176210096
 30
0.0
 41
1.0
 10
3.271342330200468
 20
-1.087917812424904
 30
0.0
 41
1.0
 10
3.260621798220198
 20
-1.038704988152516
 30
0.0
 41
1.0
 10
3.250123523197771
 20
-0.9873914204541163
 30
0.0
 41
1.0
 10
3.239880347628286
 20
-0.9342180888043571
 30
0.0
 41
1.0
 10
3.229915438441593
 20
-0.8793882966705266
 30
0.0
 41
1.0
 10
3.220256267950843
 20
-0.8231470502188924
 30
0.0
 41
1.0
 10
3.210972289069673
 20
-0.7659633210331549
 30
0.0
 41
1.0
 10
3.201973703778321
 20
-0.7076310170365902
 30
0.0
 41
1.0
 10
3.192678103625667
 20
-0.6479157051408606
 30
0.0
 41
1.0
 10
3.183096422987318
 20
-0.5862141006618913
 30
0.0
 41
1.0
 10
3.173152498394301
 20
-0.5222237776006864
 30
0.0
 41
1.0
 10
3.162877606167739
 20
-0.4560875368759413
 30
0.0
 41
1.0
 10
3.152295345371384
 20
-0.3879788749231352
 30
0.0
 41
1.0
 10
3.141509751102717
 20
-0.3185615888688176
 30
0.0
 41
1.0
 10
3.130558468403022
 20
-0.2480773094824258
 30
0.0
 41
1.0
 10
3.119481178599243
 20
-0.1767809509558447
 30
0.0
 41
1.0
 10
3.108318420583713
 20
-0.1049375077918171
 30
0.0
 41
1.0
 10
3.097121252648662
 20
-0.0328711560567285
 30
0.0
 41
1.0
 10
3.085932666949473
 20
0.0391429840947808
 30
0.0
 41
1.0
 10
3.074793889501165
 20
0.110831025190123
 30
0.0
 41
1.0
 10
3.063740640388573
 20
0.1819756857459538
 30
0.0
 41
1.0
 10
3.052811386208758
 20
0.2523132182827226
 30
0.0
 41
1.0
 10
3.042111442126155
 20
0.3211826889026383
 30
0.0
 41
1.0
 10
3.031673029707462
 20
0.3883671333221059
 30
0.0
 41
1.0
 10
3.021525610453863
 20
0.4536754034415367
 30
0.0
 41
1.0
 10
3.011636859774852
 20
0.5173196667257117
 30
0.0
 41
1.0
 10
3.001437612281846
 20
0.5829743425301786
 30
0.0
 41
1.0
 10
2.990987589366568
 20
0.6501785653807133
 30
0.0
 41
1.0
 10
2.9803443786667
 20
0.7188891425187764
 30
0.0
 41
1.0
 10
2.969250101235957
 20
0.7855537059205631
 30
0.0
 41
1.0
 10
2.957752142040703
 20
0.8503916848141557
 30
0.0
 41
1.0
 10
2.945854193671721
 20
0.9130771722571465
 30
0.0
 41
1.0
 10
2.934209131639703
 20
0.9702896626535562
 30
0.0
 41
1.0
 10
2.922907749099522
 20
1.022172954412154
 30
0.0
 41
1.0
 10
2.91202754822916
 20
1.068959326007528
 30
0.0
 41
1.0
 10
2.901008474066884
 20
1.113176543997552
 30
0.0
 41
1.0
 10
2.889891846553381
 20
1.154629125966379
 30
0.0
 41
1.0
 10
2.87878674850549
 20
1.192910149202304
 30
0.0
 41
1.0
 10
2.867734090104136
 20
1.227931073456488
 30
0.0
 41
1.0
 10
2.856776316885202
 20
1.259619731630039
 30
0.0
 41
1.0
 10
2.845884411297673
 20
1.288121080211737
 30
0.0
 41
1.0
 10
2.835030498663172
 20
1.313389266122725
 30
0.0
 41
1.0
 10
2.825067950535298
 20
1.334078591419029
 30
0.0
 41
1.0
 10
2.818772057134082
 20
1.344787955489379
 30
0.0
 41
1.0
 10
2.538801651603989
 20
1.914007774417143
 30
0.0
 41
1.0
1001
ACDBBLOCKREPETAG
1070
     1
1071
      181
1005
154
  0
SPLINE
  5
155
330
134
100
AcDbEntity
  8
ART_VIDA
100
AcDbSpline
210
0.0
220
0.0
230
1.0
 70
    12
 71
     3
 72
    65
 73
    61
 74
     0
 42
0.000000001
 43
0.0000000001
 40
0.0
 40
0.0
 40
0.0
 40
0.0
 40
0.0163602505814666
 40
0.0329181820557936
 40
0.0496575069572153
 40
0.0665606921873199
 40
0.0836089697385802
 40
0.1004749191246001
 40
0.1174420185410431
 40
0.1344897300077625
 40
0.1515970032494036
 40
0.1690923099561412
 40
0.1866039139542071
 40
0.2041084275888897
 40
0.2215825259005513
 40
0.2390031635657217
 40
0.256347704571167
 40
0.273594137151177
 40
0.2906840200907863
 40
0.3076349385131622
 40
0.3244277684672279
 40
0.3410445817504112
 40
0.357468696432056
 40
0.3734919105160273
 40
0.3896896976385372
 40
0.406068090266904
 40
0.4226109292896755
 40
0.439642799702618
 40
0.4568082367407016
 40
0.4740866844790796
 40
0.4914566379478175
 40
0.5088958919847368
 40
0.526381662995152
 40
0.543890794173872
 40
0.5613617490066865
 40
0.5788094957639368
 40
0.5962110260341742
 40
0.6135437122513505
 40
0.630785466850766
 40
0.6476102260751122
 40
0.6643072934950128
 40
0.6808582113546196
 40
0.6972455579679399
 40
0.7165178695660867
 40
0.7355967299844759
 40
0.7548932744320945
 40
0.7744421748735306
 40
0.7942155760356277
 40
0.8141834313552822
 40
0.8313921289253737
 40
0.8486985421471755
 40
0.8660808302755329
 40
0.883516506318333
 40
0.9009826558228366
 40
0.9181442244051424
 40
0.9352908305397866
 40
0.9524006029480599
 40
0.9694519572407516
 40
0.9867690591659288
 40
1.0
 40
1.0
 40
1.0
 40
1.0
 10
2.174222450042748
 20
1.428268832699075
 30
0.0
 41
1.0
 10
2.201834392905993
 20
1.427960485957157
 30
0.0
 41
1.0
 10
2.207983678092886
 20
1.427340066719749
 30
0.0
 41
1.0
 10
2.217554170729954
 20
1.422285701039014
 30
0.0
 41
1.0
 10
2.22742109152034
 20
1.414104193082323
 30
0.0
 41
1.0
 10
2.237581404468982
 20
1.402426540957037
 30
0.0
 41
1.0
 10
2.24793474697708
 20
1.387377236215285
 30
0.0
 41
1.0
 10
2.258446470399121
 20
1.368983176535209
 30
0.0
 41
1.0
 10
2.269078226567899
 20
1.34732253234739
 30
0.0
 41
1.0
 10
2.279855865896705
 20
1.322311705782738
 30
0.0
 41
1.0
 10
2.290816759868106
 20
1.293809440397751
 30
0.0
 41
1.0
 10
2.301922559225772
 20
1.261817219631268
 30
0.0
 41
1.0
 10
2.313132155555193
 20
1.226364819851426
 30
0.0
 41
1.0
 10
2.32432886757101
 20
1.18779988891316
 30
0.0
 41
1.0
 10
2.335469977320825
 20
1.146278759985534
 30
0.0
 41
1.0
 10
2.34651357450889
 20
1.101979471161314
 30
0.0
 41
1.0
 10
2.357418654015873
 20
1.055099127311051
 30
0.0
 41
1.0
 10
2.368138724445656
 20
1.005886254463064
 30
0.0
 41
1.0
 10
2.378637433070025
 20
0.9545727330327622
 30
0.0
 41
1.0
 10
2.388880620771941
 20
0.9013994036739063
 30
0.0
 41
1.0
 10
2.398845060290796
 20
0.8465695576671237
 30
0.0
 41
1.0
 10
2.40850479467724
 20
0.790328384709369
 30
0.0
 41
1.0
 10
2.417788278746455
 20
0.7331445980464082
 30
0.0
 41
1.0
 10
2.426786993559516
 20
0.6748123177522416
 30
0.0
 41
1.0
 10
2.436082552313108
 20
0.6150970009276194
 30
0.0
 41
1.0
 10
2.445664267675056
 20
0.5533954010786603
 30
0.0
 41
1.0
 10
2.455608094856414
 20
0.4894050543736627
 30
0.0
 41
1.0
 10
2.465883361011605
 20
0.4232688555620713
 30
0.0
 41
1.0
 10
2.476465520177953
 20
0.3551601690959956
 30
0.0
 41
1.0
 10
2.487251148264022
 20
0.2857428878361929
 30
0.0
 41
1.0
 10
2.49820239969722
 20
0.21525860373157
 30
0.0
 41
1.0
 10
2.509279779295524
 20
0.143962270332338
 30
0.0
 41
1.0
 10
2.520442199737543
 20
0.0721187863755404
 30
0.0
 41
1.0
 10
2.531639331254837
 20
0.000052428921947
 30
0.0
 41
1.0
 10
2.542828397996571
 20
-0.0719616367605909
 30
0.0
 41
1.0
 10
2.553966579275878
 20
-0.143649780993087
 30
0.0
 41
1.0
 10
2.56502044791432
 20
-0.2147943357922486
 30
0.0
 41
1.0
 10
2.575949106372718
 20
-0.285131969194822
 30
0.0
 41
1.0
 10
2.586649526982228
 20
-0.3540013685988015
 30
0.0
 41
1.0
 10
2.597087909280161
 20
-0.4211858188059523
 30
0.0
 41
1.0
 10
2.607234989028484
 20
-0.486494125772822
 30
0.0
 41
1.0
 10
2.617123827531941
 20
-0.550138366745273
 30
0.0
 41
1.0
 10
2.627323050022936
 20
-0.6157930460214516
 30
0.0
 41
1.0
 10
2.637773082782814
 20
-0.6829972675650993
 30
0.0
 41
1.0
 10
2.648416282795324
 20
-0.7517078459406436
 30
0.0
 41
1.0
 10
2.659510593117602
 20
-0.81837240571042
 30
0.0
 41
1.0
 10
2.671008430763663
 20
-0.8832104065472774
 30
0.0
 41
1.0
 10
2.682906845637603
 20
-0.9458958420046316
 30
0.0
 41
1.0
 10
2.694551473698766
 20
-1.003108380072148
 30
0.0
 41
1.0
 10
2.705852877692791
 20
-1.054991668759895
 30
0.0
 41
1.0
 10
2.716733364024206
 20
-1.101778018626134
 30
0.0
 41
1.0
 10
2.727752570544453
 20
-1.145995219418465
 30
0.0
 41
1.0
 10
2.73886837059831
 20
-1.187447867455317
 30
0.0
 41
1.0
 10
2.74997405714157
 20
-1.22572883472577
 30
0.0
 41
1.0
 10
2.761026470362253
 20
-1.260749789486054
 30
0.0
 41
1.0
 10
2.771984657101143
 20
-1.292438423730402
 30
0.0
 41
1.0
 10
2.78287645230523
 20
-1.320939783387359
 30
0.0
 41
1.0
 10
2.793730402862365
 20
-1.346207972516879
 30
0.0
 41
1.0
 10
2.803693041645145
 20
-1.36689754486673
 30
0.0
 41
1.0
 10
2.809989119795544
 20
-1.377607109545863
 30
0.0
 41
1.0
 10
3.122959549100642
 20
-1.906621651471424
 30
0.0
 41
1.0
1001
ACDBBLOCKREPETAG
1070
     1
1071
      182
1005
155
  0
LWPOLYLINE
  5
156
330
134
100
AcDbEntity
  8
ART_VIDA
100
AcDbPolyline
 90
        7
 70
   128
 43
0.0
 10
16.16573854588546
 20
-1.949999999999988
 10
16.20568217266191
 20
-1.882023233625488
 10
16.32847374565062
 20
-1.673678943809989
 10
16.39483934477471
 20
-1.561559034265939
 10
16.42271154204263
 20
-1.514594920537034
 10
16.44410433839948
 20
-1.478605553189878
 10
16.45453821860427
 20
-1.461087535318028
1001
ACDBBLOCKREPETAG
1070
     1
1071
      183
1005
156
  0
LWPOLYLINE
  5
157
330
134
100
AcDbEntity
  8
ART_VIDA
100
AcDbPolyline
 90
        7
 70
   128
 43
0.0
 10
15.46302190289725
 20
1.917181295718306
 10
15.42307849598501
 20
1.849204531006478
 10
15.30028714286072
 20
1.64086024119109
 10
15.23392154373664
 20
1.528740331647155
 10
15.20604890674008
 20
1.481776217918138
 10
15.18465655011175
 20
1.445786850570981
 10
15.17422245004275
 20
1.428268832699075
1001
ACDBBLOCKREPETAG
1070
     1
1071
      184
1005
157
  0
LWPOLYLINE
  5
158
330
134
100
AcDbEntity
  8
ART_VIDA
100
AcDbPolyline
 90
       76
 70
   128
 43
0.0
 10
15.46299771782424
 20
1.916759156263026
 10
15.46623390045101
 20
1.922438251123196
 10
15.47503682728097
 20
1.934622031288938
 10
15.48361021578182
 20
1.943226640520435
 10
15.49193647681
 20
1.948323314850823
 10
15.5
 20
1.950000000000101
 10
15.50921671144169
 20
1.9478165276401
 10
15.51877223376925
 20
1.941168710675582
 10
15.5286430415025
 20
1.929931446319983
 10
15.53880165160399
 20
1.914007774417143
 10
15.54921816252909
 20
1.893332834998431
 10
15.5596672133704
 20
1.868370761600829
 10
15.57029875158059
 20
1.838797804042825
 10
15.58107693927832
 20
1.804650569730426
 10
15.5919635200762
 20
1.765999964900287
 10
15.60174374371786
 20
1.727770180339574
 10
15.61155101066856
 20
1.686131070016243
 10
15.62135629884051
 20
1.641200371262698
 10
15.6311314656034
 20
1.593114839673319
 10
15.64084748886967
 20
1.542029259715035
 10
15.65047710546628
 20
1.488114575880841
 10
15.65999283235555
 20
1.431556023843369
 10
15.66936916527902
 20
1.372551261607725
 10
15.67985999033726
 20
1.302544929545774
 10
15.69010324819396
 20
1.229948486101647
 10
15.70006749825461
 20
1.155091727724823
 10
15.70972503761732
 20
1.078308738218709
 10
15.71905080175179
 20
0.9999345907759218
 10
15.72802654192105
 20
0.9212779177080959
 10
15.73730019821641
 20
0.8397865891908509
 10
15.74688650154587
 20
0.7555504197904952
 10
15.75676038737924
 20
0.6687852063172386
 10
15.76579724982412
 20
0.5893761576160728
 10
15.77502011746628
 20
0.5083333522700855
 10
15.78440546482579
 20
0.4258606869342998
 10
15.79392910682986
 20
0.3421752776046674
 10
15.80356487962672
 20
0.2575054533562593
 10
15.8132850803147
 20
0.1720889424632332
 10
15.82306288544919
 20
0.086170550081647
 10
15.83286927294284
 20
0.0000000008314487
 10
15.84218844114798
 20
-0.0818920097597698
 10
15.85148342428056
 20
-0.1635675639478791
 10
15.86072915780983
 20
-0.2448121085301977
 10
15.86990189639164
 20
-0.3254148829635142
 10
15.87897833441036
 20
-0.4051706576653375
 10
15.88793560597855
 20
-0.4838815272830175
 10
15.8983105625507
 20
-0.5750497432212001
 10
15.90845773970864
 20
-0.6642132364751207
 10
15.91834591672159
 20
-0.7511034428027302
 10
15.92794783041654
 20
-0.8354765326956794
 10
15.93742442146049
 20
-0.9187515653100604
 10
15.94658748601296
 20
-0.9990701926189442
 10
15.95593039956293
 20
-1.077629685666352
 10
15.96560662739079
 20
-1.154593953287586
 10
15.97559110496706
 20
-1.229625833579063
 10
15.98585568966109
 20
-1.302388934162251
 10
15.99636916074223
 20
-1.37255125994494
 10
16.00527586352132
 20
-1.428679757412339
 10
16.01431008759459
 20
-1.482608182765203
 10
16.02344896707416
 20
-1.534166141171283
 10
16.03267007580189
 20
-1.58319335155619
 10
16.04194922870488
 20
-1.629540635992326
 10
16.05126224071
 20
-1.673072118342928
 10
16.0622484200353
 20
-1.720597325764686
 10
16.07320689645894
 20
-1.763870907291618
 10
16.08409809440695
 20
-1.802752809365074
 10
16.0948828780339
 20
-1.837136177935349
 10
16.10439112953702
 20
-1.863973913673419
 10
16.11375822815967
 20
-1.887138156692741
 10
16.12295954910064
 20
-1.906621651471424
 10
16.13197266620091
 20
-1.922438249460411
 10
16.140775153302
 20
-1.934622029626041
 10
16.14934854180296
 20
-1.943226638857652
 10
16.15767480283102
 20
-1.948323313188041
 10
16.16573854588546
 20
-1.949999999999988
 10
16.16573854588546
 20
-1.949999999999988
1001
ACDBBLOCKREPETAG
1070
     1
1071
      185
1005
158
  0
SPLINE
  5
159
330
134
100
AcDbEntity
  8
ART_VIDA
100
AcDbSpline
210
0.0
220
0.0
230
1.0
 70
    12
 71
     3
 72
    65
 73
    61
 74
     0
 42
0.000000001
 43
0.0000000001
 40
0.0
 40
0.0
 40
0.0
 40
0.0
 40
0.0163602606983639
 40
0.0329182024116513
 40
0.0496575376642021
 40
0.0665607257469624
 40
0.0836090138403994
 40
0.1004749814901844
 40
0.1174420913986057
 40
0.1344898214019359
 40
0.151597089127919
 40
0.1690924147343256
 40
0.1866040295610762
 40
0.2041085459313314
 40
0.2215826550484853
 40
0.2390033034860895
 40
0.2563478552169125
 40
0.2735943063275419
 40
0.2906841920726251
 40
0.3076351209769736
 40
0.3244279688188016
 40
0.3410447850280639
 40
0.3574689170459937
 40
0.3734921410382712
 40
0.3896899381770383
 40
0.406068340933344
 40
0.422611190185743
 40
0.4396430634512165
 40
0.4568085111039249
 40
0.4740869695268107
 40
0.4914569337366406
 40
0.5088961985575052
 40
0.5263819884533796
 40
0.5438911304592553
 40
0.561362088002811
 40
0.5788098536220725
 40
0.5962113866201823
 40
0.6135440915287825
 40
0.6307858488956845
 40
0.6476106185239896
 40
0.6643077039536758
 40
0.6808586320479061
 40
0.697245988794702
 40
0.7165183123103059
 40
0.7355971845265275
 40
0.7548937409065876
 40
0.7744426534365158
 40
0.7942160592179284
 40
0.8141839346380727
 40
0.8313926428495403
 40
0.8486990588228401
 40
0.8660813576999171
 40
0.8835170606492004
 40
0.9009832128656148
 40
0.9181447920601531
 40
0.9352914007159778
 40
0.9524011837044547
 40
0.9694525485412256
 40
0.9867696611748128
 40
1.0
 40
1.0
 40
1.0
 40
1.0
 10
16.45453821860427
 20
-1.461087535318028
 30
0.0
 41
1.0
 10
16.42692627420865
 20
-1.460779188614196
 30
0.0
 41
1.0
 10
16.42077698593868
 20
-1.460158769453698
 30
0.0
 41
1.0
 10
16.41120651672463
 20
-1.455104403188784
 30
0.0
 41
1.0
 10
16.4013395069619
 20
-1.446922898727109
 30
0.0
 41
1.0
 10
16.39117953855725
 20
-1.435245240569543
 30
0.0
 41
1.0
 10
16.38082620730392
 20
-1.420195933146088
 30
0.0
 41
1.0
 10
16.37031409334326
 20
-1.401801887302269
 30
0.0
 41
1.0
 10
16.35968258499542
 20
-1.380141223352609
 30
0.0
 41
1.0
 10
16.34890432872055
 20
-1.355130436369847
 30
0.0
 41
1.0
 10
16.3379443790493
 20
-1.326628112801528
 30
0.0
 41
1.0
 10
16.32683800326595
 20
-1.294635934183759
 30
0.0
 41
1.0
 10
16.31562847120608
 20
-1.259183532344819
 30
0.0
 41
1.0
 10
16.30443208650331
 20
-1.220618579556969
 30
0.0
 41
1.0
 10
16.29329089989096
 20
-1.179097463379604
 30
0.0
 41
1.0
 10
16.28224729229578
 20
-1.134798176210096
 30
0.0
 41
1.0
 10
16.27134233020047
 20
-1.087917812424904
 30
0.0
 41
1.0
 10
16.2606217982202
 20
-1.038704988152516
 30
0.0
 41
1.0
 10
16.25012352319777
 20
-0.9873914204541163
 30
0.0
 41
1.0
 10
16.23988034762851
 20
-0.9342180888043571
 30
0.0
 41
1.0
 10
16.22991543844159
 20
-0.8793882966705266
 30
0.0
 41
1.0
 10
16.22025626795084
 20
-0.8231470502188924
 30
0.0
 41
1.0
 10
16.21097228906978
 20
-0.7659633210331549
 30
0.0
 41
1.0
 10
16.20197370377832
 20
-0.7076310170365902
 30
0.0
 41
1.0
 10
16.19267810362567
 20
-0.6479157051408606
 30
0.0
 41
1.0
 10
16.18309642298732
 20
-0.5862141006618913
 30
0.0
 41
1.0
 10
16.17315249839453
 20
-0.5222237776006864
 30
0.0
 41
1.0
 10
16.16287760616774
 20
-0.4560875368759413
 30
0.0
 41
1.0
 10
16.15229534537138
 20
-0.3879788749231352
 30
0.0
 41
1.0
 10
16.14150975110283
 20
-0.3185615888688176
 30
0.0
 41
1.0
 10
16.13055846840302
 20
-0.2480773094824258
 30
0.0
 41
1.0
 10
16.11948117859924
 20
-0.1767809509558447
 30
0.0
 41
1.0
 10
16.10831842058383
 20
-0.1049375077918171
 30
0.0
 41
1.0
 10
16.09712125264855
 20
-0.0328711560567285
 30
0.0
 41
1.0
 10
16.08593266694947
 20
0.0391429840947808
 30
0.0
 41
1.0
 10
16.07479388950105
 20
0.110831025190123
 30
0.0
 41
1.0
 10
16.06374064038857
 20
0.1819756857459538
 30
0.0
 41
1.0
 10
16.05281138620876
 20
0.2523132182827226
 30
0.0
 41
1.0
 10
16.04211144212627
 20
0.3211826889026383
 30
0.0
 41
1.0
 10
16.03167302970746
 20
0.3883671333221059
 30
0.0
 41
1.0
 10
16.02152561045385
 20
0.4536754034415367
 30
0.0
 41
1.0
 10
16.01163685977485
 20
0.5173196667257117
 30
0.0
 41
1.0
 10
16.00143761228185
 20
0.5829743425301786
 30
0.0
 41
1.0
 10
15.99098758936657
 20
0.6501785653807133
 30
0.0
 41
1.0
 10
15.98034437866681
 20
0.7188891425187764
 30
0.0
 41
1.0
 10
15.96925010123618
 20
0.7855537059205631
 30
0.0
 41
1.0
 10
15.95775214204081
 20
0.8503916848141557
 30
0.0
 41
1.0
 10
15.94585419367172
 20
0.9130771722571465
 30
0.0
 41
1.0
 10
15.93420913163982
 20
0.9702896626535562
 30
0.0
 41
1.0
 10
15.92290774909975
 20
1.022172954412154
 30
0.0
 41
1.0
 10
15.91202754822916
 20
1.068959326007528
 30
0.0
 41
1.0
 10
15.90100847406711
 20
1.113176543997552
 30
0.0
 41
1.0
 10
15.88989184655338
 20
1.154629125966379
 30
0.0
 41
1.0
 10
15.87878674850549
 20
1.192910149202304
 30
0.0
 41
1.0
 10
15.86773409010402
 20
1.227931073456488
 30
0.0
 41
1.0
 10
15.85677631688509
 20
1.259619731630039
 30
0.0
 41
1.0
 10
15.84588441129767
 20
1.288121080211737
 30
0.0
 41
1.0
 10
15.83503049866317
 20
1.313389266122725
 30
0.0
 41
1.0
 10
15.8250679505353
 20
1.334078591419029
 30
0.0
 41
1.0
 10
15.81877205713431
 20
1.344787955489379
 30
0.0
 41
1.0
 10
15.53880165160399
 20
1.914007774417143
 30
0.0
 41
1.0
1001
ACDBBLOCKREPETAG
1070
     1
1071
      186
1005
159
  0
SPLINE
  5
15A
330
134
100
AcDbEntity
  8
ART_VIDA
100
AcDbSpline
210
0.0
220
0.0
230
1.0
 70
    12
 71
     3
 72
    65
 73
    61
 74
     0
 42
0.000000001
 43
0.0000000001
 40
0.0
 40
0.0
 40
0.0
 40
0.0
 40
0.0163602505814666
 40
0.0329181820557936
 40
0.0496575069572153
 40
0.0665606921873199
 40
0.0836089697385802
 40
0.1004749191246001
 40
0.1174420185410431
 40
0.1344897300077625
 40
0.1515970032494036
 40
0.1690923099561412
 40
0.1866039139542071
 40
0.2041084275888897
 40
0.2215825259005513
 40
0.2390031635657217
 40
0.256347704571167
 40
0.273594137151177
 40
0.2906840200907863
 40
0.3076349385131622
 40
0.3244277684672279
 40
0.3410445817504112
 40
0.357468696432056
 40
0.3734919105160273
 40
0.3896896976385372
 40
0.406068090266904
 40
0.4226109292896755
 40
0.439642799702618
 40
0.4568082367407016
 40
0.4740866844790796
 40
0.4914566379478175
 40
0.5088958919847368
 40
0.526381662995152
 40
0.543890794173872
 40
0.5613617490066865
 40
0.5788094957639368
 40
0.5962110260341742
 40
0.6135437122513505
 40
0.630785466850766
 40
0.6476102260751122
 40
0.6643072934950128
 40
0.6808582113546196
 40
0.6972455579679399
 40
0.7165178695660867
 40
0.7355967299844759
 40
0.7548932744320945
 40
0.7744421748735306
 40
0.7942155760356277
 40
0.8141834313552822
 40
0.8313921289253737
 40
0.8486985421471755
 40
0.8660808302755329
 40
0.883516506318333
 40
0.9009826558228366
 40
0.9181442244051424
 40
0.9352908305397866
 40
0.9524006029480599
 40
0.9694519572407516
 40
0.9867690591659288
 40
1.0
 40
1.0
 40
1.0
 40
1.0
 10
15.17422245004275
 20
1.428268832699075
 30
0.0
 41
1.0
 10
15.20183439290599
 20
1.427960485957157
 30
0.0
 41
1.0
 10
15.20798367809289
 20
1.427340066719749
 30
0.0
 41
1.0
 10
15.21755417072995
 20
1.422285701039014
 30
0.0
 41
1.0
 10
15.22742109152023
 20
1.414104193082323
 30
0.0
 41
1.0
 10
15.23758140446921
 20
1.402426540957037
 30
0.0
 41
1.0
 10
15.24793474697708
 20
1.387377236215285
 30
0.0
 41
1.0
 10
15.25844647039912
 20
1.368983176535209
 30
0.0
 41
1.0
 10
15.2690782265679
 20
1.34732253234739
 30
0.0
 41
1.0
 10
15.27985586589671
 20
1.322311705782738
 30
0.0
 41
1.0
 10
15.29081675986811
 20
1.293809440397751
 30
0.0
 41
1.0
 10
15.30192255922588
 20
1.261817219631268
 30
0.0
 41
1.0
 10
15.31313215555519
 20
1.226364819851426
 30
0.0
 41
1.0
 10
15.32432886757101
 20
1.18779988891316
 30
0.0
 41
1.0
 10
15.33546997732083
 20
1.146278759985534
 30
0.0
 41
1.0
 10
15.34651357450889
 20
1.101979471161314
 30
0.0
 41
1.0
 10
15.35741865401587
 20
1.055099127311051
 30
0.0
 41
1.0
 10
15.36813872444554
 20
1.005886254463064
 30
0.0
 41
1.0
 10
15.37863743307002
 20
0.9545727330327622
 30
0.0
 41
1.0
 10
15.38888062077194
 20
0.9013994036739063
 30
0.0
 41
1.0
 10
15.39884506029079
 20
0.8465695576671237
 30
0.0
 41
1.0
 10
15.40850479467735
 20
0.790328384709369
 30
0.0
 41
1.0
 10
15.41778827874646
 20
0.7331445980464082
 30
0.0
 41
1.0
 10
15.42678699355952
 20
0.6748123177522416
 30
0.0
 41
1.0
 10
15.43608255231311
 20
0.6150970009276194
 30
0.0
 41
1.0
 10
15.44566426767505
 20
0.5533954010786603
 30
0.0
 41
1.0
 10
15.45560809485641
 20
0.4894050543736627
 30
0.0
 41
1.0
 10
15.4658833610116
 20
0.4232688555620713
 30
0.0
 41
1.0
 10
15.47646552017818
 20
0.3551601690959956
 30
0.0
 41
1.0
 10
15.48725114826402
 20
0.2857428878361929
 30
0.0
 41
1.0
 10
15.49820239969722
 20
0.21525860373157
 30
0.0
 41
1.0
 10
15.50927977929541
 20
0.143962270332338
 30
0.0
 41
1.0
 10
15.52044219973754
 20
0.0721187863755404
 30
0.0
 41
1.0
 10
15.53163933125484
 20
0.000052428921947
 30
0.0
 41
1.0
 10
15.54282839799646
 20
-0.0719616367605909
 30
0.0
 41
1.0
 10
15.55396657927599
 20
-0.143649780993087
 30
0.0
 41
1.0
 10
15.56502044791432
 20
-0.2147943357922486
 30
0.0
 41
1.0
 10
15.57594910637272
 20
-0.285131969194822
 30
0.0
 41
1.0
 10
15.58664952698222
 20
-0.3540013685988015
 30
0.0
 41
1.0
 10
15.59708790928016
 20
-0.4211858188059523
 30
0.0
 41
1.0
 10
15.60723498902848
 20
-0.486494125772822
 30
0.0
 41
1.0
 10
15.61712382753194
 20
-0.550138366745273
 30
0.0
 41
1.0
 10
15.62732305002305
 20
-0.6157930460214516
 30
0.0
 41
1.0
 10
15.63777308278281
 20
-0.6829972675650993
 30
0.0
 41
1.0
 10
15.64841628279532
 20
-0.7517078459406436
 30
0.0
 41
1.0
 10
15.6595105931176
 20
-0.81837240571042
 30
0.0
 41
1.0
 10
15.67100843076377
 20
-0.8832104065472774
 30
0.0
 41
1.0
 10
15.68290684563749
 20
-0.9458958420046316
 30
0.0
 41
1.0
 10
15.69455147369876
 20
-1.003108380072148
 30
0.0
 41
1.0
 10
15.7058528776929
 20
-1.054991668759895
 30
0.0
 41
1.0
 10
15.71673336402432
 20
-1.101778018626134
 30
0.0
 41
1.0
 10
15.72775257054445
 20
-1.145995219418465
 30
0.0
 41
1.0
 10
15.73886837059831
 20
-1.187447867455317
 30
0.0
 41
1.0
 10
15.74997405714157
 20
-1.22572883472577
 30
0.0
 41
1.0
 10
15.76102647036225
 20
-1.260749789486054
 30
0.0
 41
1.0
 10
15.77198465710114
 20
-1.292438423730402
 30
0.0
 41
1.0
 10
15.78287645230534
 20
-1.320939783387359
 30
0.0
 41
1.0
 10
15.79373040286236
 20
-1.346207972516879
 30
0.0
 41
1.0
 10
15.80369304164515
 20
-1.36689754486673
 30
0.0
 41
1.0
 10
15.80998911979554
 20
-1.377607109545863
 30
0.0
 41
1.0
 10
16.12295954910064
 20
-1.906621651471424
 30
0.0
 41
1.0
1001
ACDBBLOCKREPETAG
1070
     1
1071
      187
1005
15A
  0
LINE
  5
15B
330
134
100
AcDbEntity
  8
ART_VIDA
100
AcDbLine
 10
3.454538218604283
 20
-1.461087535318028
 30
0.0
 11
3.859411065802191
 21
-1.461087535318028
 31
0.0
1001
ACDBBLOCKREPETAG
1070
     1
1071
      188
1005
15B
  0
LINE
  5
15C
330
134
100
AcDbEntity
  8
ART_VIDA
100
AcDbLine
 10
2.777936012111922
 20
1.428268832699075
 30
0.0
 11
3.174222450042747
 21
1.428268832699075
 31
0.0
1001
ACDBBLOCKREPETAG
1070
     1
1071
      189
1005
15C
  0
LWPOLYLINE
  5
15D
330
134
100
AcDbEntity
  8
ART_VIDA
100
AcDbPolyline
 90
        3
 70
   128
 43
0.0
 10
16.47942723134133
 20
1.435962387410654
 10
16.32958778559691
 20
1.294047434064282
 10
16.241232860026
 20
1.207688177771274
1001
ACDBBLOCKREPETAG
1070
     1
1071
      190
1005
15D
  0
LWPOLYLINE
  5
15E
330
134
100
AcDbEntity
  8
ART_VIDA
100
AcDbPolyline
 90
       40
 70
   128
 43
0.0
 10
16.47942723134133
 20
1.435962387410654
 10
16.48988492663898
 20
1.445907390459012
 10
16.49965966170407
 20
1.454881541603241
 10
16.51013602307853
 20
1.461986432412401
 10
16.52039028762454
 20
1.465121065636594
 10
16.52978900873063
 20
1.46550843056974
 10
16.53900572017255
 20
1.463324958209851
 10
16.54856124249977
 20
1.456677141245279
 10
16.55843205023302
 20
1.445439876889678
 10
16.56859066033462
 20
1.429516204986781
 10
16.57900717125972
 20
1.408841265568128
 10
16.58945622210103
 20
1.38387919217058
 10
16.60008776031122
 20
1.354306234612579
 10
16.61086594800918
 20
1.320159000300122
 10
16.62175252880684
 20
1.281508395469984
 10
16.63153275244849
 20
1.24327861090927
 10
16.64134001939919
 20
1.201639500585939
 10
16.65114530757114
 20
1.156708801832337
 10
16.66092047433403
 20
1.108623270242958
 10
16.6706364976003
 20
1.057537690284731
 10
16.68026611419691
 20
1.003623006450594
 10
16.68978184108619
 20
0.9470644544130095
 10
16.69915817400965
 20
0.8880596921774213
 10
16.70964899906789
 20
0.8180533601154705
 10
16.71989225692459
 20
0.7454569166713441
 10
16.72985650698524
 20
0.6706001582945193
 10
16.73951404634795
 20
0.5938171687884051
 10
16.74883981048231
 20
0.5154430213456182
 10
16.75781555065167
 20
0.4367863482778489
 10
16.76708920694705
 20
0.35529501976049
 10
16.77667551027639
 20
0.271058850360248
 10
16.78654939610987
 20
0.1842936368869345
 10
16.79558625855452
 20
0.1048845881857687
 10
16.8048091261968
 20
0.0238417828397815
 10
16.81419447355643
 20
-0.0586308824959474
 10
16.82371811556038
 20
-0.1423162918256935
 10
16.83335388835734
 20
-0.2269861160741016
 10
16.84307408904533
 20
-0.3124026269670708
 10
16.84307408904533
 20
-0.3124026269670708
 10
16.84307408904533
 20
-0.3124026269670708
1001
ACDBBLOCKREPETAG
1070
     1
1071
      191
1005
15E
  0
SPLINE
  5
15F
330
134
100
AcDbEntity
  8
ART_VIDA
100
AcDbSpline
210
0.0
220
0.0
230
1.0
 70
    12
 71
     3
 72
    26
 73
    22
 74
     0
 42
0.000000001
 43
0.0000000001
 40
0.6792508762882519
 40
0.6792508762882519
 40
0.6792508762882519
 40
0.6792508762882519
 40
0.6808586320479061
 40
0.697245988794702
 40
0.7165183123103059
 40
0.7355971845265275
 40
0.7548937409065876
 40
0.7744426534365158
 40
0.7942160592179284
 40
0.8141839346380727
 40
0.8313926428495403
 40
0.8486990588228401
 40
0.8660813576999171
 40
0.8835170606492004
 40
0.9009832128656148
 40
0.9181447920601531
 40
0.9352914007159778
 40
0.9524011837044547
 40
0.9694525485412256
 40
0.9867696611748128
 40
1.0
 40
1.0
 40
1.0
 40
1.0
 10
17.01893155298535
 20
-0.0629867230686045
 30
0.0
 41
1.0
 10
17.01893155298535
 20
-0.0629867230686045
 30
0.0
 41
1.0
 10
17.02415122022921
 20
0.0433946958196998
 30
0.0
 41
1.0
 10
17.02092596277248
 20
0.0989594651486527
 30
0.0
 41
1.0
 10
17.01675519249534
 20
0.1664602060561151
 30
0.0
 41
1.0
 10
17.01013338739732
 20
0.2343975730884154
 30
0.0
 41
1.0
 10
16.9990391099667
 20
0.3010621364903159
 30
0.0
 41
1.0
 10
16.98754115077132
 20
0.3659001153837948
 30
0.0
 41
1.0
 10
16.97564320240235
 20
0.4285856028268995
 30
0.0
 41
1.0
 10
16.96716444201092
 20
0.4776017141240915
 30
0.0
 41
1.0
 10
16.95749690427806
 20
0.5265923281142478
 30
0.0
 41
1.0
 10
16.94724206044793
 20
0.5784886267721845
 30
0.0
 41
1.0
 10
16.93894228126851
 20
0.6170245796560609
 30
0.0
 41
1.0
 10
16.92661708786522
 20
0.6632152096580626
 30
0.0
 41
1.0
 10
16.91552451673533
 20
0.7032470489676257
 30
0.0
 41
1.0
 10
16.90416395227464
 20
0.7514324499225609
 30
0.0
 41
1.0
 10
16.88618575387727
 20
0.8297686612326629
 30
0.0
 41
1.0
 10
16.87180322456879
 20
0.8815136968478896
 30
0.0
 41
1.0
 10
16.86554198842509
 20
0.9104478295156468
 30
0.0
 41
1.0
 10
16.86554198842509
 20
0.9104478295156468
 30
0.0
 41
1.0
 10
16.86554198842509
 20
0.9104478295156468
 30
0.0
 41
1.0
 10
16.57900717125972
 20
1.408841265568128
 30
0.0
 41
1.0
1001
ACDBBLOCKREPETAG
1070
     1
1071
      192
1005
15F
  0
SPLINE
  5
160
330
134
100
AcDbEntity
  8
ART_VIDA
100
AcDbSpline
210
0.0
220
0.0
230
1.0
 70
    12
 71
     3
 72
    36
 73
    32
 74
     0
 42
0.000000001
 43
0.0000000001
 40
0.010673086260944
 40
0.010673086260944
 40
0.010673086260944
 40
0.010673086260944
 40
0.0163602505814666
 40
0.0329181820557936
 40
0.0496575069572153
 40
0.0665606921873199
 40
0.0836089697385802
 40
0.1004749191246001
 40
0.1174420185410431
 40
0.1344897300077625
 40
0.1515970032494036
 40
0.1690923099561412
 40
0.1866039139542071
 40
0.2041084275888897
 40
0.2215825259005513
 40
0.2390031635657217
 40
0.256347704571167
 40
0.273594137151177
 40
0.2906840200907863
 40
0.3076349385131622
 40
0.3244277684672279
 40
0.3410445817504112
 40
0.357468696432056
 40
0.3734919105160273
 40
0.3896896976385372
 40
0.406068090266904
 40
0.4226109292896755
 40
0.439642799702618
 40
0.4568082367407016
 40
0.4740866844790796
 40
0.4818195821176315
 40
0.4818195821176315
 40
0.4818195821176315
 40
0.4818195821176315
 10
16.241232860026
 20
1.207688177771274
 30
0.0
 41
1.0
 10
16.2922156130669
 20
1.183381707822945
 30
0.0
 41
1.0
 10
16.29473208416948
 20
1.18211475051322
 30
0.0
 41
1.0
 10
16.3083338275112
 20
1.175266736985292
 30
0.0
 41
1.0
 10
16.3182007483017
 20
1.1670852290286
 30
0.0
 41
1.0
 10
16.32836106125046
 20
1.155407576903314
 30
0.0
 41
1.0
 10
16.33871440375844
 20
1.140358272161563
 30
0.0
 41
1.0
 10
16.3492261271806
 20
1.121964212481485
 30
0.0
 41
1.0
 10
16.35985788334938
 20
1.100303568293667
 30
0.0
 41
1.0
 10
16.37063552267796
 20
1.075292741729127
 30
0.0
 41
1.0
 10
16.38159641664947
 20
1.046790476344027
 30
0.0
 41
1.0
 10
16.39270221600714
 20
1.014798255577544
 30
0.0
 41
1.0
 10
16.40391181233644
 20
0.9793458557977031
 30
0.0
 41
1.0
 10
16.41510852435249
 20
0.9407809248594388
 30
0.0
 41
1.0
 10
16.4262496341023
 20
0.8992597959318118
 30
0.0
 41
1.0
 10
16.43729323129037
 20
0.8549605071075916
 30
0.0
 41
1.0
 10
16.44819831079711
 20
0.8080801632573296
 30
0.0
 41
1.0
 10
16.45891838122702
 20
0.7588672904093983
 30
0.0
 41
1.0
 10
16.4694170898515
 20
0.7075537689790396
 30
0.0
 41
1.0
 10
16.47966027755342
 20
0.6543804396201836
 30
0.0
 41
1.0
 10
16.48962471707205
 20
0.5995505936134009
 30
0.0
 41
1.0
 10
16.4992844514586
 20
0.543309420655703
 30
0.0
 41
1.0
 10
16.50856793552793
 20
0.4861256339926854
 30
0.0
 41
1.0
 10
16.51756665034099
 20
0.4277933536985188
 30
0.0
 41
1.0
 10
16.52686220909447
 20
0.3680780368738965
 30
0.0
 41
1.0
 10
16.53644392445653
 20
0.3063764370249373
 30
0.0
 41
1.0
 10
16.54638775163767
 20
0.2423860903199397
 30
0.0
 41
1.0
 10
16.55666301779297
 20
0.1762498915083483
 30
0.0
 41
1.0
 10
16.56724517695943
 20
0.1081412050422728
 30
0.0
 41
1.0
 10
16.57602474443388
 20
0.0516351119464389
 30
0.0
 41
1.0
 10
16.58126878672919
 20
0.0178836207045947
 30
0.0
 41
1.0
 10
16.5828933205504
 20
0.007427839535751
 30
0.0
 41
1.0
1001
ACDBBLOCKREPETAG
1070
     1
1071
      193
1005
160
  0
LINE
  5
161
330
134
100
AcDbEntity
  8
ART_VIDA
100
AcDbLine
 10
17.01893155298535
 20
-0.0629867230686045
 30
0.0
 11
16.84307408904533
 21
-0.3124026269670708
 31
0.0
1001
ACDBBLOCKREPETAG
1070
     1
1071
      194
1005
161
  0
LINE
  5
162
330
134
100
AcDbEntity
  8
ART_VIDA
100
AcDbLine
 10
16.84307408904533
 20
-0.3124026269670708
 30
0.0
 11
16.5828933205504
 21
0.007427839535751
 31
0.0
1001
ACDBBLOCKREPETAG
1070
     1
1071
      195
1005
162
  0
LINE
  5
163
330
134
100
AcDbEntity
  8
ART_VIDA
100
AcDbLine
 10
2.365237361205913
 20
-1.461087535318141
 30
0.0
 11
2.859411065802191
 21
-1.461087535318028
 31
0.0
1001
ACDBBLOCKREPETAG
1070
     1
1071
      196
1005
163
  0
ARC
  5
164
330
134
100
AcDbEntity
  8
ART_VIDA
100
AcDbCircle
 10
2.365237361205913
 20
-1.66108753531813
 30
0.0
 40
0.2
100
AcDbArc
 50
90.0
 51
138.1085480358691
1001
ACDBBLOCKREPETAG
1070
     1
1071
      197
1005
164
  0
LINE
  5
165
330
134
100
AcDbEntity
  8
ART_VIDA
100
AcDbLine
 10
-0.0000000000001137
 20
3.75
 30
0.0
 11
0.0000000000001137
 21
0.4400588060871656
 31
0.0
1001
ACDBBLOCKREPETAG
1070
     1
1071
      198
1005
165
  0
LINE
  5
166
330
134
100
AcDbEntity
  8
ART_VIDA
100
AcDbLine
 10
0.0000000000002274
 20
-0.4400588060871656
 30
0.0
 11
0.0000000000002274
 21
-3.749999999999943
 31
0.0
1001
ACDBBLOCKREPETAG
1070
     1
1071
      199
1005
166
  0
LINE
  5
167
330
134
100
AcDbEntity
  8
ART_VIDA
100
AcDbLine
 10
0.2228571428574924
 20
3.750000000000113
 30
0.0
 11
0.2228571428577197
 21
0.4400588060872225
 31
0.0
1001
ACDBBLOCKREPETAG
1070
     1
1071
      200
1005
167
  0
LINE
  5
168
330
134
100
AcDbEntity
  8
ART_VIDA
100
AcDbLine
 10
0.2228571428573787
 20
0.4400588060871087
 30
0.0
 11
0.2228571428574924
 21
-0.440058806087052
 31
0.0
1001
ACDBBLOCKREPETAG
1070
     1
1071
      201
1005
168
  0
LINE
  5
169
330
134
100
AcDbEntity
  8
ART_VIDA
100
AcDbLine
 10
0.2228571428573787
 20
3.750000000000055
 30
0.0
 11
0.0000000000001137
 21
3.750000000000055
 31
0.0
1001
ACDBBLOCKREPETAG
1070
     1
1071
      202
1005
169
  0
LINE
  5
16A
330
134
100
AcDbEntity
  8
ART_VIDA
100
AcDbLine
 10
2.226499222543451
 20
1.516234061189493
 30
0.0
 11
0.2228571428573787
 21
3.750000000000055
 31
0.0
1001
ACDBBLOCKREPETAG
1070
     1
1071
      203
1005
16A
  0
LINE
  5
16B
330
134
100
AcDbEntity
  8
ART_VIDA
100
AcDbLine
 10
0.0
 20
0.4400588060871656
 30
0.0
 11
0.2228571428574924
 21
0.4400588060872225
 31
0.0
1001
ACDBBLOCKREPETAG
1070
     1
1071
      204
1005
16B
  0
LINE
  5
16C
330
134
100
AcDbEntity
  8
ART_VIDA
100
AcDbLine
 10
1.782857142857323
 20
0.4400588060871656
 30
0.0
 11
0.0000000000001137
 21
2.222915948944375
 31
0.0
1001
ACDBBLOCKREPETAG
1070
     1
1071
      205
1005
16C
  0
LINE
  5
16D
330
134
100
AcDbEntity
  8
ART_VIDA
100
AcDbLine
 10
0.0
 20
-0.4400588060871656
 30
0.0
 11
0.2228571428574924
 21
-0.440058806087052
 31
0.0
1001
ACDBBLOCKREPETAG
1070
     1
1071
      206
1005
16D
  0
LINE
  5
16E
330
134
100
AcDbEntity
  8
ART_VIDA
100
AcDbLine
 10
1.782857142857323
 20
-0.4400588060871656
 30
0.0
 11
0.0000000000001137
 21
-2.222915948944319
 31
0.0
1001
ACDBBLOCKREPETAG
1070
     1
1071
      207
1005
16E
  0
LINE
  5
16F
330
134
100
AcDbEntity
  8
ART_VIDA
100
AcDbLine
 10
0.2228571428574924
 20
-0.440058806087052
 30
0.0
 11
1.782857142857323
 21
-0.4400588060871656
 31
0.0
1001
ACDBBLOCKREPETAG
1070
     1
1071
      208
1005
16F
  0
LINE
  5
170
330
134
100
AcDbEntity
  8
ART_VIDA
100
AcDbLine
 10
1.782857142857323
 20
-0.4400588060871656
 30
0.0
 11
1.782857142857323
 21
0.4400588060871656
 31
0.0
1001
ACDBBLOCKREPETAG
1070
     1
1071
      209
1005
170
  0
LINE
  5
171
330
134
100
AcDbEntity
  8
ART_VIDA
100
AcDbLine
 10
1.782857142857323
 20
0.4400588060871656
 30
0.0
 11
0.2228571428577197
 21
0.4400588060871656
 31
0.0
1001
ACDBBLOCKREPETAG
1070
     1
1071
      210
1005
171
  0
LINE
  5
172
330
134
100
AcDbEntity
  8
ART_VIDA
100
AcDbLine
 10
2.365237361205913
 20
1.01899225493281
 30
0.0
 11
2.365237361205913
 21
-1.461087535318141
 31
0.0
1001
ACDBBLOCKREPETAG
1070
     1
1071
      211
1005
172
  0
LINE
  5
173
330
134
100
AcDbEntity
  8
ART_VIDA
100
AcDbLine
 10
0.2228571428573787
 20
-3.749999999999943
 30
0.0
 11
0.2228571428577197
 21
-0.440058806086995
 31
0.0
1001
ACDBBLOCKREPETAG
1070
     1
1071
      212
1005
173
  0
LINE
  5
174
330
134
100
AcDbEntity
  8
ART_VIDA
100
AcDbLine
 10
0.2228571428573787
 20
-3.75
 30
0.0
 11
0.0000000000001137
 21
-3.75
 31
0.0
1001
ACDBBLOCKREPETAG
1070
     1
1071
      213
1005
174
  0
LINE
  5
175
330
134
100
AcDbEntity
  8
ART_VIDA
100
AcDbLine
 10
2.216355126645566
 20
-1.527543234682241
 30
0.0
 11
0.2228571428573787
 21
-3.75
 31
0.0
1001
ACDBBLOCKREPETAG
1070
     1
1071
      214
1005
175
  0
LWPOLYLINE
  5
176
330
134
100
AcDbEntity
  8
ART_VIDA
100
AcDbPolyline
 90
        7
 70
   128
 43
0.0
 10
4.165738545885459
 20
-1.949999999999988
 10
4.205682172662021
 20
-1.882023233625488
 10
4.328473745650626
 20
-1.673678943809989
 10
4.394839344774708
 20
-1.561559034265939
 10
4.422711542042633
 20
-1.514594920537034
 10
4.444104338399483
 20
-1.478605553189878
 10
4.454538218604284
 20
-1.461087535318028
1001
ACDBBLOCKREPETAG
1070
     1
1071
      178
1005
176
1001
AcDbBlockArrayActionTag
1070
     1
  0
LWPOLYLINE
  5
177
330
134
100
AcDbEntity
  8
ART_VIDA
100
AcDbPolyline
 90
        7
 70
   128
 43
0.0
 10
3.463021902897252
 20
1.917181295718306
 10
3.423078495985008
 20
1.849204531006478
 10
3.30028714286061
 20
1.64086024119109
 10
3.233921543736641
 20
1.528740331647155
 10
3.206048906740078
 20
1.481776217918138
 10
3.184656550111752
 20
1.445786850570981
 10
3.174222450042747
 20
1.428268832699075
1001
ACDBBLOCKREPETAG
1070
     1
1071
      179
1005
177
1001
AcDbBlockArrayActionTag
1070
     1
  0
LWPOLYLINE
  5
178
330
134
100
AcDbEntity
  8
ART_VIDA
100
AcDbPolyline
 90
       76
 70
   128
 43
0.0
 10
3.462997717824236
 20
1.916759156263026
 10
3.466233900451015
 20
1.922438251123196
 10
3.475036827280745
 20
1.934622031288938
 10
3.483610215781823
 20
1.943226640520435
 10
3.491936476809883
 20
1.948323314850823
 10
3.5
 20
1.950000000000101
 10
3.509216711441808
 20
1.9478165276401
 10
3.518772233769253
 20
1.941168710675582
 10
3.528643041502504
 20
1.929931446319983
 10
3.538801651603988
 20
1.914007774417143
 10
3.549218162529086
 20
1.893332834998431
 10
3.559667213370403
 20
1.868370761600829
 10
3.570298751580593
 20
1.838797804042825
 10
3.581076939278431
 20
1.804650569730426
 10
3.591963520076205
 20
1.765999964900287
 10
3.60174374371786
 20
1.727770180339574
 10
3.611551010668563
 20
1.686131070016243
 10
3.621356298840622
 20
1.641200371262698
 10
3.631131465603401
 20
1.593114839673319
 10
3.640847488869666
 20
1.542029259715035
 10
3.650477105466278
 20
1.488114575880841
 10
3.659992832355555
 20
1.431556023843369
 10
3.669369165278907
 20
1.372551261607725
 10
3.679859990337263
 20
1.302544929545774
 10
3.690103248193963
 20
1.229948486101647
 10
3.700067498254611
 20
1.155091727724823
 10
3.709725037617316
 20
1.078308738218709
 10
3.719050801751791
 20
0.9999345907759218
 10
3.728026541921052
 20
0.9212779177080959
 10
3.737300198216416
 20
0.8397865891908509
 10
3.746886501545873
 20
0.7555504197904952
 10
3.756760387379245
 20
0.6687852063172386
 10
3.76579724982389
 20
0.5893761576160728
 10
3.775020117466168
 20
0.5083333522700855
 10
3.784405464825794
 20
0.4258606869342998
 10
3.793929106829749
 20
0.3421752776046674
 10
3.803564879626718
 20
0.2575054533562593
 10
3.813285080314699
 20
0.1720889424632332
 10
3.823062885449188
 20
0.086170550081647
 10
3.832869272942843
 20
0.0000000008314487
 10
3.842188441148095
 20
-0.0818920097597698
 10
3.851483424280671
 20
-0.1635675639478791
 10
3.860729157809828
 20
-0.2448121085301977
 10
3.869901896391637
 20
-0.3254148829635142
 10
3.878978334410361
 20
-0.4051706576653375
 10
3.887935605978555
 20
-0.4838815272830175
 10
3.898310562550705
 20
-0.5750497432212001
 10
3.908457739708751
 20
-0.6642132364751207
 10
3.918345916721591
 20
-0.7511034428027302
 10
3.927947830416541
 20
-0.8354765326956794
 10
3.937424421460491
 20
-0.9187515653100604
 10
3.946587486012958
 20
-0.9990701926189442
 10
3.95593039956293
 20
-1.077629685666352
 10
3.96560662739091
 20
-1.154593953287586
 10
3.975591104967064
 20
-1.229625833579063
 10
3.985855689661093
 20
-1.302388934162251
 10
3.996369160742233
 20
-1.37255125994494
 10
4.005275863521433
 20
-1.428679757412339
 10
4.014310087594481
 20
-1.482608182765203
 10
4.023448967074158
 20
-1.534166141171283
 10
4.032670075801887
 20
-1.58319335155619
 10
4.041949228704878
 20
-1.629540635992326
 10
4.051262240709775
 20
-1.673072118342928
 10
4.062248420035189
 20
-1.720597325764686
 10
4.073206896458941
 20
-1.763870907291618
 10
4.084098094406953
 20
-1.802752809365074
 10
4.094882878033899
 20
-1.837136177935349
 10
4.104391129537019
 20
-1.863973913673419
 10
4.113758228159666
 20
-1.887138156692741
 10
4.122959549100642
 20
-1.906621651471424
 10
4.131972666200908
 20
-1.922438249460411
 10
4.140775153302
 20
-1.934622029626041
 10
4.149348541802963
 20
-1.943226638857652
 10
4.157674802831023
 20
-1.948323313188041
 10
4.165738545885459
 20
-1.949999999999988
 10
4.165738545885459
 20
-1.949999999999988
1001
ACDBBLOCKREPETAG
1070
     1
1071
      180
1005
178
1001
AcDbBlockArrayActionTag
1070
     1
  0
SPLINE
  5
179
330
134
100
AcDbEntity
  8
ART_VIDA
100
AcDbSpline
210
0.0
220
0.0
230
1.0
 70
    12
 71
     3
 72
    65
 73
    61
 74
     0
 42
0.000000001
 43
0.0000000001
 40
0.0
 40
0.0
 40
0.0
 40
0.0
 40
0.0163602606983639
 40
0.0329182024116513
 40
0.0496575376642021
 40
0.0665607257469624
 40
0.0836090138403994
 40
0.1004749814901844
 40
0.1174420913986057
 40
0.1344898214019359
 40
0.151597089127919
 40
0.1690924147343256
 40
0.1866040295610762
 40
0.2041085459313314
 40
0.2215826550484853
 40
0.2390033034860895
 40
0.2563478552169125
 40
0.2735943063275419
 40
0.2906841920726251
 40
0.3076351209769736
 40
0.3244279688188016
 40
0.3410447850280639
 40
0.3574689170459937
 40
0.3734921410382712
 40
0.3896899381770383
 40
0.406068340933344
 40
0.422611190185743
 40
0.4396430634512165
 40
0.4568085111039249
 40
0.4740869695268107
 40
0.4914569337366406
 40
0.5088961985575052
 40
0.5263819884533796
 40
0.5438911304592553
 40
0.561362088002811
 40
0.5788098536220725
 40
0.5962113866201823
 40
0.6135440915287825
 40
0.6307858488956845
 40
0.6476106185239896
 40
0.6643077039536758
 40
0.6808586320479061
 40
0.697245988794702
 40
0.7165183123103059
 40
0.7355971845265275
 40
0.7548937409065876
 40
0.7744426534365158
 40
0.7942160592179284
 40
0.8141839346380727
 40
0.8313926428495403
 40
0.8486990588228401
 40
0.8660813576999171
 40
0.8835170606492004
 40
0.9009832128656148
 40
0.9181447920601531
 40
0.9352914007159778
 40
0.9524011837044547
 40
0.9694525485412256
 40
0.9867696611748128
 40
1.0
 40
1.0
 40
1.0
 40
1.0
 10
4.454538218604284
 20
-1.461087535318028
 30
0.0
 41
1.0
 10
4.426926274208766
 20
-1.460779188614196
 30
0.0
 41
1.0
 10
4.420776985938799
 20
-1.460158769453698
 30
0.0
 41
1.0
 10
4.411206516724631
 20
-1.455104403188784
 30
0.0
 41
1.0
 10
4.401339506961903
 20
-1.446922898727109
 30
0.0
 41
1.0
 10
4.391179538557253
 20
-1.435245240569543
 30
0.0
 41
1.0
 10
4.380826207303924
 20
-1.420195933146088
 30
0.0
 41
1.0
 10
4.370314093343266
 20
-1.401801887302269
 30
0.0
 41
1.0
 10
4.359682584995424
 20
-1.380141223352609
 30
0.0
 41
1.0
 10
4.348904328720549
 20
-1.355130436369847
 30
0.0
 41
1.0
 10
4.337944379049303
 20
-1.326628112801528
 30
0.0
 41
1.0
 10
4.326838003265834
 20
-1.294635934183759
 30
0.0
 41
1.0
 10
4.315628471206082
 20
-1.259183532344819
 30
0.0
 41
1.0
 10
4.30443208650331
 20
-1.220618579556969
 30
0.0
 41
1.0
 10
4.293290899890848
 20
-1.179097463379604
 30
0.0
 41
1.0
 10
4.282247292295778
 20
-1.134798176210096
 30
0.0
 41
1.0
 10
4.271342330200468
 20
-1.087917812424904
 30
0.0
 41
1.0
 10
4.260621798220198
 20
-1.038704988152516
 30
0.0
 41
1.0
 10
4.250123523197771
 20
-0.9873914204541163
 30
0.0
 41
1.0
 10
4.239880347628285
 20
-0.9342180888043571
 30
0.0
 41
1.0
 10
4.229915438441593
 20
-0.8793882966705266
 30
0.0
 41
1.0
 10
4.220256267950843
 20
-0.8231470502188924
 30
0.0
 41
1.0
 10
4.210972289069673
 20
-0.7659633210331549
 30
0.0
 41
1.0
 10
4.201973703778321
 20
-0.7076310170365902
 30
0.0
 41
1.0
 10
4.192678103625667
 20
-0.6479157051408606
 30
0.0
 41
1.0
 10
4.183096422987318
 20
-0.5862141006618913
 30
0.0
 41
1.0
 10
4.173152498394301
 20
-0.5222237776006864
 30
0.0
 41
1.0
 10
4.162877606167739
 20
-0.4560875368759413
 30
0.0
 41
1.0
 10
4.152295345371384
 20
-0.3879788749231352
 30
0.0
 41
1.0
 10
4.141509751102717
 20
-0.3185615888688176
 30
0.0
 41
1.0
 10
4.130558468403022
 20
-0.2480773094824258
 30
0.0
 41
1.0
 10
4.119481178599243
 20
-0.1767809509558447
 30
0.0
 41
1.0
 10
4.108318420583713
 20
-0.1049375077918171
 30
0.0
 41
1.0
 10
4.097121252648662
 20
-0.0328711560567285
 30
0.0
 41
1.0
 10
4.085932666949473
 20
0.0391429840947808
 30
0.0
 41
1.0
 10
4.074793889501164
 20
0.110831025190123
 30
0.0
 41
1.0
 10
4.063740640388573
 20
0.1819756857459538
 30
0.0
 41
1.0
 10
4.052811386208759
 20
0.2523132182827226
 30
0.0
 41
1.0
 10
4.042111442126156
 20
0.3211826889026383
 30
0.0
 41
1.0
 10
4.031673029707461
 20
0.3883671333221059
 30
0.0
 41
1.0
 10
4.021525610453863
 20
0.4536754034415367
 30
0.0
 41
1.0
 10
4.011636859774853
 20
0.5173196667257117
 30
0.0
 41
1.0
 10
4.001437612281846
 20
0.5829743425301786
 30
0.0
 41
1.0
 10
3.990987589366568
 20
0.6501785653807133
 30
0.0
 41
1.0
 10
3.9803443786667
 20
0.7188891425187764
 30
0.0
 41
1.0
 10
3.969250101235957
 20
0.7855537059205631
 30
0.0
 41
1.0
 10
3.957752142040703
 20
0.8503916848141557
 30
0.0
 41
1.0
 10
3.945854193671721
 20
0.9130771722571465
 30
0.0
 41
1.0
 10
3.934209131639703
 20
0.9702896626535562
 30
0.0
 41
1.0
 10
3.922907749099522
 20
1.022172954412154
 30
0.0
 41
1.0
 10
3.91202754822916
 20
1.068959326007528
 30
0.0
 41
1.0
 10
3.901008474066884
 20
1.113176543997552
 30
0.0
 41
1.0
 10
3.889891846553381
 20
1.154629125966379
 30
0.0
 41
1.0
 10
3.87878674850549
 20
1.192910149202304
 30
0.0
 41
1.0
 10
3.867734090104136
 20
1.227931073456488
 30
0.0
 41
1.0
 10
3.856776316885202
 20
1.259619731630039
 30
0.0
 41
1.0
 10
3.845884411297673
 20
1.288121080211737
 30
0.0
 41
1.0
 10
3.835030498663172
 20
1.313389266122725
 30
0.0
 41
1.0
 10
3.825067950535298
 20
1.334078591419029
 30
0.0
 41
1.0
 10
3.818772057134082
 20
1.344787955489379
 30
0.0
 41
1.0
 10
3.538801651603988
 20
1.914007774417143
 30
0.0
 41
1.0
1001
ACDBBLOCKREPETAG
1070
     1
1071
      181
1005
179
1001
AcDbBlockArrayActionTag
1070
     1
  0
SPLINE
  5
17A
330
134
100
AcDbEntity
  8
ART_VIDA
100
AcDbSpline
210
0.0
220
0.0
230
1.0
 70
    12
 71
     3
 72
    65
 73
    61
 74
     0
 42
0.000000001
 43
0.0000000001
 40
0.0
 40
0.0
 40
0.0
 40
0.0
 40
0.0163602505814666
 40
0.0329181820557936
 40
0.0496575069572153
 40
0.0665606921873199
 40
0.0836089697385802
 40
0.1004749191246001
 40
0.1174420185410431
 40
0.1344897300077625
 40
0.1515970032494036
 40
0.1690923099561412
 40
0.1866039139542071
 40
0.2041084275888897
 40
0.2215825259005513
 40
0.2390031635657217
 40
0.256347704571167
 40
0.273594137151177
 40
0.2906840200907863
 40
0.3076349385131622
 40
0.3244277684672279
 40
0.3410445817504112
 40
0.357468696432056
 40
0.3734919105160273
 40
0.3896896976385372
 40
0.406068090266904
 40
0.4226109292896755
 40
0.439642799702618
 40
0.4568082367407016
 40
0.4740866844790796
 40
0.4914566379478175
 40
0.5088958919847368
 40
0.526381662995152
 40
0.543890794173872
 40
0.5613617490066865
 40
0.5788094957639368
 40
0.5962110260341742
 40
0.6135437122513505
 40
0.630785466850766
 40
0.6476102260751122
 40
0.6643072934950128
 40
0.6808582113546196
 40
0.6972455579679399
 40
0.7165178695660867
 40
0.7355967299844759
 40
0.7548932744320945
 40
0.7744421748735306
 40
0.7942155760356277
 40
0.8141834313552822
 40
0.8313921289253737
 40
0.8486985421471755
 40
0.8660808302755329
 40
0.883516506318333
 40
0.9009826558228366
 40
0.9181442244051424
 40
0.9352908305397866
 40
0.9524006029480599
 40
0.9694519572407516
 40
0.9867690591659288
 40
1.0
 40
1.0
 40
1.0
 40
1.0
 10
3.174222450042747
 20
1.428268832699075
 30
0.0
 41
1.0
 10
3.201834392905993
 20
1.427960485957157
 30
0.0
 41
1.0
 10
3.207983678092886
 20
1.427340066719749
 30
0.0
 41
1.0
 10
3.217554170729953
 20
1.422285701039014
 30
0.0
 41
1.0
 10
3.227421091520341
 20
1.414104193082323
 30
0.0
 41
1.0
 10
3.237581404468982
 20
1.402426540957037
 30
0.0
 41
1.0
 10
3.24793474697708
 20
1.387377236215285
 30
0.0
 41
1.0
 10
3.258446470399121
 20
1.368983176535209
 30
0.0
 41
1.0
 10
3.269078226567899
 20
1.34732253234739
 30
0.0
 41
1.0
 10
3.279855865896705
 20
1.322311705782738
 30
0.0
 41
1.0
 10
3.290816759868106
 20
1.293809440397751
 30
0.0
 41
1.0
 10
3.301922559225772
 20
1.261817219631268
 30
0.0
 41
1.0
 10
3.313132155555194
 20
1.226364819851426
 30
0.0
 41
1.0
 10
3.32432886757101
 20
1.18779988891316
 30
0.0
 41
1.0
 10
3.335469977320825
 20
1.146278759985534
 30
0.0
 41
1.0
 10
3.34651357450889
 20
1.101979471161314
 30
0.0
 41
1.0
 10
3.357418654015873
 20
1.055099127311051
 30
0.0
 41
1.0
 10
3.368138724445656
 20
1.005886254463064
 30
0.0
 41
1.0
 10
3.378637433070025
 20
0.9545727330327622
 30
0.0
 41
1.0
 10
3.388880620771942
 20
0.9013994036739063
 30
0.0
 41
1.0
 10
3.398845060290796
 20
0.8465695576671237
 30
0.0
 41
1.0
 10
3.408504794677241
 20
0.790328384709369
 30
0.0
 41
1.0
 10
3.417788278746455
 20
0.7331445980464082
 30
0.0
 41
1.0
 10
3.426786993559517
 20
0.6748123177522416
 30
0.0
 41
1.0
 10
3.436082552313108
 20
0.6150970009276194
 30
0.0
 41
1.0
 10
3.445664267675055
 20
0.5533954010786603
 30
0.0
 41
1.0
 10
3.455608094856414
 20
0.4894050543736627
 30
0.0
 41
1.0
 10
3.465883361011606
 20
0.4232688555620713
 30
0.0
 41
1.0
 10
3.476465520177953
 20
0.3551601690959956
 30
0.0
 41
1.0
 10
3.487251148264022
 20
0.2857428878361929
 30
0.0
 41
1.0
 10
3.49820239969722
 20
0.21525860373157
 30
0.0
 41
1.0
 10
3.509279779295524
 20
0.143962270332338
 30
0.0
 41
1.0
 10
3.520442199737543
 20
0.0721187863755404
 30
0.0
 41
1.0
 10
3.531639331254837
 20
0.000052428921947
 30
0.0
 41
1.0
 10
3.542828397996571
 20
-0.0719616367605909
 30
0.0
 41
1.0
 10
3.553966579275878
 20
-0.143649780993087
 30
0.0
 41
1.0
 10
3.565020447914321
 20
-0.2147943357922486
 30
0.0
 41
1.0
 10
3.575949106372718
 20
-0.285131969194822
 30
0.0
 41
1.0
 10
3.586649526982228
 20
-0.3540013685988015
 30
0.0
 41
1.0
 10
3.597087909280161
 20
-0.4211858188059523
 30
0.0
 41
1.0
 10
3.607234989028483
 20
-0.486494125772822
 30
0.0
 41
1.0
 10
3.617123827531941
 20
-0.550138366745273
 30
0.0
 41
1.0
 10
3.627323050022936
 20
-0.6157930460214516
 30
0.0
 41
1.0
 10
3.637773082782814
 20
-0.6829972675650993
 30
0.0
 41
1.0
 10
3.648416282795323
 20
-0.7517078459406436
 30
0.0
 41
1.0
 10
3.659510593117601
 20
-0.81837240571042
 30
0.0
 41
1.0
 10
3.671008430763663
 20
-0.8832104065472774
 30
0.0
 41
1.0
 10
3.682906845637602
 20
-0.9458958420046316
 30
0.0
 41
1.0
 10
3.694551473698766
 20
-1.003108380072148
 30
0.0
 41
1.0
 10
3.705852877692791
 20
-1.054991668759895
 30
0.0
 41
1.0
 10
3.716733364024206
 20
-1.101778018626134
 30
0.0
 41
1.0
 10
3.727752570544453
 20
-1.145995219418465
 30
0.0
 41
1.0
 10
3.73886837059831
 20
-1.187447867455317
 30
0.0
 41
1.0
 10
3.74997405714157
 20
-1.22572883472577
 30
0.0
 41
1.0
 10
3.761026470362253
 20
-1.260749789486054
 30
0.0
 41
1.0
 10
3.771984657101143
 20
-1.292438423730402
 30
0.0
 41
1.0
 10
3.782876452305231
 20
-1.320939783387359
 30
0.0
 41
1.0
 10
3.793730402862365
 20
-1.346207972516879
 30
0.0
 41
1.0
 10
3.803693041645146
 20
-1.36689754486673
 30
0.0
 41
1.0
 10
3.809989119795544
 20
-1.377607109545863
 30
0.0
 41
1.0
 10
4.122959549100642
 20
-1.906621651471424
 30
0.0
 41
1.0
1001
ACDBBLOCKREPETAG
1070
     1
1071
      182
1005
17A
1001
AcDbBlockArrayActionTag
1070
     1
  0
LINE
  5
17B
330
134
100
AcDbEntity
  8
ART_VIDA
100
AcDbLine
 10
4.454538218604284
 20
-1.461087535318028
 30
0.0
 11
4.859411065802191
 21
-1.461087535318028
 31
0.0
1001
ACDBBLOCKREPETAG
1070
     1
1071
      188
1005
17B
1001
AcDbBlockArrayActionTag
1070
     1
  0
LINE
  5
17C
330
134
100
AcDbEntity
  8
ART_VIDA
100
AcDbLine
 10
3.777936012111922
 20
1.428268832699075
 30
0.0
 11
4.174222450042748
 21
1.428268832699075
 31
0.0
1001
ACDBBLOCKREPETAG
1070
     1
1071
      189
1005
17C
1001
AcDbBlockArrayActionTag
1070
     1
  0
LWPOLYLINE
  5
17D
330
134
100
AcDbEntity
  8
ART_VIDA
100
AcDbPolyline
 90
        7
 70
   128
 43
0.0
 10
5.165738545885459
 20
-1.949999999999988
 10
5.205682172662021
 20
-1.882023233625488
 10
5.328473745650625
 20
-1.673678943809989
 10
5.394839344774708
 20
-1.561559034265939
 10
5.422711542042633
 20
-1.514594920537034
 10
5.444104338399482
 20
-1.478605553189878
 10
5.454538218604284
 20
-1.461087535318028
1001
ACDBBLOCKREPETAG
1070
     1
1071
      178
1005
17D
1001
AcDbBlockArrayActionTag
1070
     1
  0
LWPOLYLINE
  5
17E
330
134
100
AcDbEntity
  8
ART_VIDA
100
AcDbPolyline
 90
        7
 70
   128
 43
0.0
 10
4.463021902897253
 20
1.917181295718306
 10
4.423078495985008
 20
1.849204531006478
 10
4.300287142860611
 20
1.64086024119109
 10
4.233921543736641
 20
1.528740331647155
 10
4.206048906740078
 20
1.481776217918138
 10
4.184656550111752
 20
1.445786850570981
 10
4.174222450042748
 20
1.428268832699075
1001
ACDBBLOCKREPETAG
1070
     1
1071
      179
1005
17E
1001
AcDbBlockArrayActionTag
1070
     1
  0
LWPOLYLINE
  5
17F
330
134
100
AcDbEntity
  8
ART_VIDA
100
AcDbPolyline
 90
       76
 70
   128
 43
0.0
 10
4.462997717824237
 20
1.916759156263026
 10
4.466233900451014
 20
1.922438251123196
 10
4.475036827280746
 20
1.934622031288938
 10
4.483610215781823
 20
1.943226640520435
 10
4.491936476809882
 20
1.948323314850823
 10
4.5
 20
1.950000000000101
 10
4.509216711441808
 20
1.9478165276401
 10
4.518772233769253
 20
1.941168710675582
 10
4.528643041502505
 20
1.929931446319983
 10
4.538801651603988
 20
1.914007774417143
 10
4.549218162529085
 20
1.893332834998431
 10
4.559667213370403
 20
1.868370761600829
 10
4.570298751580593
 20
1.838797804042825
 10
4.581076939278431
 20
1.804650569730426
 10
4.591963520076205
 20
1.765999964900287
 10
4.601743743717861
 20
1.727770180339574
 10
4.611551010668563
 20
1.686131070016243
 10
4.621356298840622
 20
1.641200371262698
 10
4.631131465603401
 20
1.593114839673319
 10
4.640847488869667
 20
1.542029259715035
 10
4.650477105466277
 20
1.488114575880841
 10
4.659992832355555
 20
1.431556023843369
 10
4.669369165278908
 20
1.372551261607725
 10
4.679859990337262
 20
1.302544929545774
 10
4.690103248193962
 20
1.229948486101647
 10
4.700067498254611
 20
1.155091727724823
 10
4.709725037617316
 20
1.078308738218709
 10
4.719050801751791
 20
0.9999345907759218
 10
4.728026541921052
 20
0.9212779177080959
 10
4.737300198216416
 20
0.8397865891908509
 10
4.746886501545873
 20
0.7555504197904952
 10
4.756760387379245
 20
0.6687852063172386
 10
4.765797249823889
 20
0.5893761576160728
 10
4.775020117466168
 20
0.5083333522700855
 10
4.784405464825794
 20
0.4258606869342998
 10
4.793929106829749
 20
0.3421752776046674
 10
4.803564879626718
 20
0.2575054533562593
 10
4.813285080314699
 20
0.1720889424632332
 10
4.823062885449187
 20
0.086170550081647
 10
4.832869272942843
 20
0.0000000008314487
 10
4.842188441148094
 20
-0.0818920097597698
 10
4.851483424280671
 20
-0.1635675639478791
 10
4.860729157809827
 20
-0.2448121085301977
 10
4.869901896391637
 20
-0.3254148829635142
 10
4.878978334410362
 20
-0.4051706576653375
 10
4.887935605978554
 20
-0.4838815272830175
 10
4.898310562550705
 20
-0.5750497432212001
 10
4.90845773970875
 20
-0.6642132364751207
 10
4.91834591672159
 20
-0.7511034428027302
 10
4.927947830416541
 20
-0.8354765326956794
 10
4.937424421460491
 20
-0.9187515653100604
 10
4.946587486012957
 20
-0.9990701926189442
 10
4.955930399562929
 20
-1.077629685666352
 10
4.96560662739091
 20
-1.154593953287586
 10
4.975591104967065
 20
-1.229625833579063
 10
4.985855689661092
 20
-1.302388934162251
 10
4.996369160742233
 20
-1.37255125994494
 10
5.005275863521433
 20
-1.428679757412339
 10
5.014310087594481
 20
-1.482608182765203
 10
5.023448967074159
 20
-1.534166141171283
 10
5.032670075801887
 20
-1.58319335155619
 10
5.041949228704878
 20
-1.629540635992326
 10
5.051262240709776
 20
-1.673072118342928
 10
5.062248420035188
 20
-1.720597325764686
 10
5.073206896458941
 20
-1.763870907291618
 10
5.084098094406954
 20
-1.802752809365074
 10
5.094882878033898
 20
-1.837136177935349
 10
5.104391129537019
 20
-1.863973913673419
 10
5.113758228159666
 20
-1.887138156692741
 10
5.122959549100641
 20
-1.906621651471424
 10
5.131972666200908
 20
-1.922438249460411
 10
5.140775153302
 20
-1.934622029626041
 10
5.149348541802963
 20
-1.943226638857652
 10
5.157674802831023
 20
-1.948323313188041
 10
5.165738545885459
 20
-1.949999999999988
 10
5.165738545885459
 20
-1.949999999999988
1001
ACDBBLOCKREPETAG
1070
     1
1071
      180
1005
17F
1001
AcDbBlockArrayActionTag
1070
     1
  0
SPLINE
  5
180
330
134
100
AcDbEntity
  8
ART_VIDA
100
AcDbSpline
210
0.0
220
0.0
230
1.0
 70
    12
 71
     3
 72
    65
 73
    61
 74
     0
 42
0.000000001
 43
0.0000000001
 40
0.0
 40
0.0
 40
0.0
 40
0.0
 40
0.0163602606983639
 40
0.0329182024116513
 40
0.0496575376642021
 40
0.0665607257469624
 40
0.0836090138403994
 40
0.1004749814901844
 40
0.1174420913986057
 40
0.1344898214019359
 40
0.151597089127919
 40
0.1690924147343256
 40
0.1866040295610762
 40
0.2041085459313314
 40
0.2215826550484853
 40
0.2390033034860895
 40
0.2563478552169125
 40
0.2735943063275419
 40
0.2906841920726251
 40
0.3076351209769736
 40
0.3244279688188016
 40
0.3410447850280639
 40
0.3574689170459937
 40
0.3734921410382712
 40
0.3896899381770383
 40
0.406068340933344
 40
0.422611190185743
 40
0.4396430634512165
 40
0.4568085111039249
 40
0.4740869695268107
 40
0.4914569337366406
 40
0.5088961985575052
 40
0.5263819884533796
 40
0.5438911304592553
 40
0.561362088002811
 40
0.5788098536220725
 40
0.5962113866201823
 40
0.6135440915287825
 40
0.6307858488956845
 40
0.6476106185239896
 40
0.6643077039536758
 40
0.6808586320479061
 40
0.697245988794702
 40
0.7165183123103059
 40
0.7355971845265275
 40
0.7548937409065876
 40
0.7744426534365158
 40
0.7942160592179284
 40
0.8141839346380727
 40
0.8313926428495403
 40
0.8486990588228401
 40
0.8660813576999171
 40
0.8835170606492004
 40
0.9009832128656148
 40
0.9181447920601531
 40
0.9352914007159778
 40
0.9524011837044547
 40
0.9694525485412256
 40
0.9867696611748128
 40
1.0
 40
1.0
 40
1.0
 40
1.0
 10
5.454538218604284
 20
-1.461087535318028
 30
0.0
 41
1.0
 10
5.426926274208765
 20
-1.460779188614196
 30
0.0
 41
1.0
 10
5.420776985938799
 20
-1.460158769453698
 30
0.0
 41
1.0
 10
5.411206516724631
 20
-1.455104403188784
 30
0.0
 41
1.0
 10
5.401339506961903
 20
-1.446922898727109
 30
0.0
 41
1.0
 10
5.391179538557253
 20
-1.435245240569543
 30
0.0
 41
1.0
 10
5.380826207303924
 20
-1.420195933146088
 30
0.0
 41
1.0
 10
5.370314093343266
 20
-1.401801887302269
 30
0.0
 41
1.0
 10
5.359682584995424
 20
-1.380141223352609
 30
0.0
 41
1.0
 10
5.348904328720549
 20
-1.355130436369847
 30
0.0
 41
1.0
 10
5.337944379049303
 20
-1.326628112801528
 30
0.0
 41
1.0
 10
5.326838003265834
 20
-1.294635934183759
 30
0.0
 41
1.0
 10
5.315628471206082
 20
-1.259183532344819
 30
0.0
 41
1.0
 10
5.304432086503311
 20
-1.220618579556969
 30
0.0
 41
1.0
 10
5.293290899890847
 20
-1.179097463379604
 30
0.0
 41
1.0
 10
5.282247292295778
 20
-1.134798176210096
 30
0.0
 41
1.0
 10
5.271342330200467
 20
-1.087917812424904
 30
0.0
 41
1.0
 10
5.260621798220199
 20
-1.038704988152516
 30
0.0
 41
1.0
 10
5.250123523197771
 20
-0.9873914204541163
 30
0.0
 41
1.0
 10
5.239880347628285
 20
-0.9342180888043571
 30
0.0
 41
1.0
 10
5.229915438441593
 20
-0.8793882966705266
 30
0.0
 41
1.0
 10
5.220256267950843
 20
-0.8231470502188924
 30
0.0
 41
1.0
 10
5.210972289069673
 20
-0.7659633210331549
 30
0.0
 41
1.0
 10
5.201973703778321
 20
-0.7076310170365902
 30
0.0
 41
1.0
 10
5.192678103625667
 20
-0.6479157051408606
 30
0.0
 41
1.0
 10
5.183096422987318
 20
-0.5862141006618913
 30
0.0
 41
1.0
 10
5.1731524983943
 20
-0.5222237776006864
 30
0.0
 41
1.0
 10
5.162877606167738
 20
-0.4560875368759413
 30
0.0
 41
1.0
 10
5.152295345371384
 20
-0.3879788749231352
 30
0.0
 41
1.0
 10
5.141509751102717
 20
-0.3185615888688176
 30
0.0
 41
1.0
 10
5.130558468403023
 20
-0.2480773094824258
 30
0.0
 41
1.0
 10
5.119481178599244
 20
-0.1767809509558447
 30
0.0
 41
1.0
 10
5.108318420583713
 20
-0.1049375077918171
 30
0.0
 41
1.0
 10
5.097121252648662
 20
-0.0328711560567285
 30
0.0
 41
1.0
 10
5.085932666949473
 20
0.0391429840947808
 30
0.0
 41
1.0
 10
5.074793889501164
 20
0.110831025190123
 30
0.0
 41
1.0
 10
5.063740640388573
 20
0.1819756857459538
 30
0.0
 41
1.0
 10
5.052811386208759
 20
0.2523132182827226
 30
0.0
 41
1.0
 10
5.042111442126156
 20
0.3211826889026383
 30
0.0
 41
1.0
 10
5.031673029707461
 20
0.3883671333221059
 30
0.0
 41
1.0
 10
5.021525610453863
 20
0.4536754034415367
 30
0.0
 41
1.0
 10
5.011636859774853
 20
0.5173196667257117
 30
0.0
 41
1.0
 10
5.001437612281846
 20
0.5829743425301786
 30
0.0
 41
1.0
 10
4.990987589366568
 20
0.6501785653807133
 30
0.0
 41
1.0
 10
4.9803443786667
 20
0.7188891425187764
 30
0.0
 41
1.0
 10
4.969250101235957
 20
0.7855537059205631
 30
0.0
 41
1.0
 10
4.957752142040702
 20
0.8503916848141557
 30
0.0
 41
1.0
 10
4.945854193671721
 20
0.9130771722571465
 30
0.0
 41
1.0
 10
4.934209131639704
 20
0.9702896626535562
 30
0.0
 41
1.0
 10
4.922907749099521
 20
1.022172954412154
 30
0.0
 41
1.0
 10
4.91202754822916
 20
1.068959326007528
 30
0.0
 41
1.0
 10
4.901008474066883
 20
1.113176543997552
 30
0.0
 41
1.0
 10
4.889891846553381
 20
1.154629125966379
 30
0.0
 41
1.0
 10
4.87878674850549
 20
1.192910149202304
 30
0.0
 41
1.0
 10
4.867734090104136
 20
1.227931073456488
 30
0.0
 41
1.0
 10
4.856776316885201
 20
1.259619731630039
 30
0.0
 41
1.0
 10
4.845884411297673
 20
1.288121080211737
 30
0.0
 41
1.0
 10
4.835030498663171
 20
1.313389266122725
 30
0.0
 41
1.0
 10
4.825067950535298
 20
1.334078591419029
 30
0.0
 41
1.0
 10
4.818772057134083
 20
1.344787955489379
 30
0.0
 41
1.0
 10
4.538801651603988
 20
1.914007774417143
 30
0.0
 41
1.0
1001
ACDBBLOCKREPETAG
1070
     1
1071
      181
1005
180
1001
AcDbBlockArrayActionTag
1070
     1
  0
SPLINE
  5
181
330
134
100
AcDbEntity
  8
ART_VIDA
100
AcDbSpline
210
0.0
220
0.0
230
1.0
 70
    12
 71
     3
 72
    65
 73
    61
 74
     0
 42
0.000000001
 43
0.0000000001
 40
0.0
 40
0.0
 40
0.0
 40
0.0
 40
0.0163602505814666
 40
0.0329181820557936
 40
0.0496575069572153
 40
0.0665606921873199
 40
0.0836089697385802
 40
0.1004749191246001
 40
0.1174420185410431
 40
0.1344897300077625
 40
0.1515970032494036
 40
0.1690923099561412
 40
0.1866039139542071
 40
0.2041084275888897
 40
0.2215825259005513
 40
0.2390031635657217
 40
0.256347704571167
 40
0.273594137151177
 40
0.2906840200907863
 40
0.3076349385131622
 40
0.3244277684672279
 40
0.3410445817504112
 40
0.357468696432056
 40
0.3734919105160273
 40
0.3896896976385372
 40
0.406068090266904
 40
0.4226109292896755
 40
0.439642799702618
 40
0.4568082367407016
 40
0.4740866844790796
 40
0.4914566379478175
 40
0.5088958919847368
 40
0.526381662995152
 40
0.543890794173872
 40
0.5613617490066865
 40
0.5788094957639368
 40
0.5962110260341742
 40
0.6135437122513505
 40
0.630785466850766
 40
0.6476102260751122
 40
0.6643072934950128
 40
0.6808582113546196
 40
0.6972455579679399
 40
0.7165178695660867
 40
0.7355967299844759
 40
0.7548932744320945
 40
0.7744421748735306
 40
0.7942155760356277
 40
0.8141834313552822
 40
0.8313921289253737
 40
0.8486985421471755
 40
0.8660808302755329
 40
0.883516506318333
 40
0.9009826558228366
 40
0.9181442244051424
 40
0.9352908305397866
 40
0.9524006029480599
 40
0.9694519572407516
 40
0.9867690591659288
 40
1.0
 40
1.0
 40
1.0
 40
1.0
 10
4.174222450042748
 20
1.428268832699075
 30
0.0
 41
1.0
 10
4.201834392905993
 20
1.427960485957157
 30
0.0
 41
1.0
 10
4.207983678092887
 20
1.427340066719749
 30
0.0
 41
1.0
 10
4.217554170729953
 20
1.422285701039014
 30
0.0
 41
1.0
 10
4.227421091520341
 20
1.414104193082323
 30
0.0
 41
1.0
 10
4.237581404468983
 20
1.402426540957037
 30
0.0
 41
1.0
 10
4.24793474697708
 20
1.387377236215285
 30
0.0
 41
1.0
 10
4.25844647039912
 20
1.368983176535209
 30
0.0
 41
1.0
 10
4.269078226567899
 20
1.34732253234739
 30
0.0
 41
1.0
 10
4.279855865896705
 20
1.322311705782738
 30
0.0
 41
1.0
 10
4.290816759868106
 20
1.293809440397751
 30
0.0
 41
1.0
 10
4.301922559225771
 20
1.261817219631268
 30
0.0
 41
1.0
 10
4.313132155555194
 20
1.226364819851426
 30
0.0
 41
1.0
 10
4.32432886757101
 20
1.18779988891316
 30
0.0
 41
1.0
 10
4.335469977320825
 20
1.146278759985534
 30
0.0
 41
1.0
 10
4.34651357450889
 20
1.101979471161314
 30
0.0
 41
1.0
 10
4.357418654015873
 20
1.055099127311051
 30
0.0
 41
1.0
 10
4.368138724445656
 20
1.005886254463064
 30
0.0
 41
1.0
 10
4.378637433070024
 20
0.9545727330327622
 30
0.0
 41
1.0
 10
4.388880620771941
 20
0.9013994036739063
 30
0.0
 41
1.0
 10
4.398845060290796
 20
0.8465695576671237
 30
0.0
 41
1.0
 10
4.408504794677241
 20
0.790328384709369
 30
0.0
 41
1.0
 10
4.417788278746455
 20
0.7331445980464082
 30
0.0
 41
1.0
 10
4.426786993559516
 20
0.6748123177522416
 30
0.0
 41
1.0
 10
4.436082552313108
 20
0.6150970009276194
 30
0.0
 41
1.0
 10
4.445664267675056
 20
0.5533954010786603
 30
0.0
 41
1.0
 10
4.455608094856414
 20
0.4894050543736627
 30
0.0
 41
1.0
 10
4.465883361011606
 20
0.4232688555620713
 30
0.0
 41
1.0
 10
4.476465520177953
 20
0.3551601690959956
 30
0.0
 41
1.0
 10
4.487251148264021
 20
0.2857428878361929
 30
0.0
 41
1.0
 10
4.498202399697219
 20
0.21525860373157
 30
0.0
 41
1.0
 10
4.509279779295525
 20
0.143962270332338
 30
0.0
 41
1.0
 10
4.520442199737543
 20
0.0721187863755404
 30
0.0
 41
1.0
 10
4.531639331254837
 20
0.000052428921947
 30
0.0
 41
1.0
 10
4.542828397996572
 20
-0.0719616367605909
 30
0.0
 41
1.0
 10
4.553966579275878
 20
-0.143649780993087
 30
0.0
 41
1.0
 10
4.565020447914321
 20
-0.2147943357922486
 30
0.0
 41
1.0
 10
4.575949106372717
 20
-0.285131969194822
 30
0.0
 41
1.0
 10
4.586649526982228
 20
-0.3540013685988015
 30
0.0
 41
1.0
 10
4.597087909280161
 20
-0.4211858188059523
 30
0.0
 41
1.0
 10
4.607234989028484
 20
-0.486494125772822
 30
0.0
 41
1.0
 10
4.617123827531941
 20
-0.550138366745273
 30
0.0
 41
1.0
 10
4.627323050022936
 20
-0.6157930460214516
 30
0.0
 41
1.0
 10
4.637773082782813
 20
-0.6829972675650993
 30
0.0
 41
1.0
 10
4.648416282795324
 20
-0.7517078459406436
 30
0.0
 41
1.0
 10
4.659510593117601
 20
-0.81837240571042
 30
0.0
 41
1.0
 10
4.671008430763663
 20
-0.8832104065472774
 30
0.0
 41
1.0
 10
4.682906845637603
 20
-0.9458958420046316
 30
0.0
 41
1.0
 10
4.694551473698767
 20
-1.003108380072148
 30
0.0
 41
1.0
 10
4.705852877692791
 20
-1.054991668759895
 30
0.0
 41
1.0
 10
4.716733364024206
 20
-1.101778018626134
 30
0.0
 41
1.0
 10
4.727752570544453
 20
-1.145995219418465
 30
0.0
 41
1.0
 10
4.738868370598311
 20
-1.187447867455317
 30
0.0
 41
1.0
 10
4.749974057141571
 20
-1.22572883472577
 30
0.0
 41
1.0
 10
4.761026470362253
 20
-1.260749789486054
 30
0.0
 41
1.0
 10
4.771984657101143
 20
-1.292438423730402
 30
0.0
 41
1.0
 10
4.782876452305231
 20
-1.320939783387359
 30
0.0
 41
1.0
 10
4.793730402862364
 20
-1.346207972516879
 30
0.0
 41
1.0
 10
4.803693041645146
 20
-1.36689754486673
 30
0.0
 41
1.0
 10
4.809989119795544
 20
-1.377607109545863
 30
0.0
 41
1.0
 10
5.122959549100641
 20
-1.906621651471424
 30
0.0
 41
1.0
1001
ACDBBLOCKREPETAG
1070
     1
1071
      182
1005
181
1001
AcDbBlockArrayActionTag
1070
     1
  0
LINE
  5
182
330
134
100
AcDbEntity
  8
ART_VIDA
100
AcDbLine
 10
5.454538218604284
 20
-1.461087535318028
 30
0.0
 11
5.859411065802191
 21
-1.461087535318028
 31
0.0
1001
ACDBBLOCKREPETAG
1070
     1
1071
      188
1005
182
1001
AcDbBlockArrayActionTag
1070
     1
  0
LINE
  5
183
330
134
100
AcDbEntity
  8
ART_VIDA
100
AcDbLine
 10
4.777936012111921
 20
1.428268832699075
 30
0.0
 11
5.174222450042748
 21
1.428268832699075
 31
0.0
1001
ACDBBLOCKREPETAG
1070
     1
1071
      189
1005
183
1001
AcDbBlockArrayActionTag
1070
     1
  0
LWPOLYLINE
  5
184
330
134
100
AcDbEntity
  8
ART_VIDA
100
AcDbPolyline
 90
        7
 70
   128
 43
0.0
 10
6.16573854588546
 20
-1.949999999999988
 10
6.205682172662021
 20
-1.882023233625488
 10
6.328473745650626
 20
-1.673678943809989
 10
6.394839344774708
 20
-1.561559034265939
 10
6.422711542042633
 20
-1.514594920537034
 10
6.444104338399482
 20
-1.478605553189878
 10
6.454538218604284
 20
-1.461087535318028
1001
ACDBBLOCKREPETAG
1070
     1
1071
      178
1005
184
1001
AcDbBlockArrayActionTag
1070
     1
  0
LWPOLYLINE
  5
185
330
134
100
AcDbEntity
  8
ART_VIDA
100
AcDbPolyline
 90
        7
 70
   128
 43
0.0
 10
5.463021902897253
 20
1.917181295718306
 10
5.423078495985008
 20
1.849204531006478
 10
5.300287142860611
 20
1.64086024119109
 10
5.233921543736641
 20
1.528740331647155
 10
5.206048906740078
 20
1.481776217918138
 10
5.184656550111752
 20
1.445786850570981
 10
5.174222450042748
 20
1.428268832699075
1001
ACDBBLOCKREPETAG
1070
     1
1071
      179
1005
185
1001
AcDbBlockArrayActionTag
1070
     1
  0
LWPOLYLINE
  5
186
330
134
100
AcDbEntity
  8
ART_VIDA
100
AcDbPolyline
 90
       76
 70
   128
 43
0.0
 10
5.462997717824237
 20
1.916759156263026
 10
5.466233900451014
 20
1.922438251123196
 10
5.475036827280745
 20
1.934622031288938
 10
5.483610215781823
 20
1.943226640520435
 10
5.491936476809883
 20
1.948323314850823
 10
5.5
 20
1.950000000000101
 10
5.509216711441808
 20
1.9478165276401
 10
5.518772233769253
 20
1.941168710675582
 10
5.528643041502504
 20
1.929931446319983
 10
5.538801651603988
 20
1.914007774417143
 10
5.549218162529085
 20
1.893332834998431
 10
5.559667213370403
 20
1.868370761600829
 10
5.570298751580593
 20
1.838797804042825
 10
5.581076939278432
 20
1.804650569730426
 10
5.591963520076204
 20
1.765999964900287
 10
5.601743743717861
 20
1.727770180339574
 10
5.611551010668564
 20
1.686131070016243
 10
5.621356298840622
 20
1.641200371262698
 10
5.631131465603402
 20
1.593114839673319
 10
5.640847488869668
 20
1.542029259715035
 10
5.650477105466278
 20
1.488114575880841
 10
5.659992832355554
 20
1.431556023843369
 10
5.669369165278906
 20
1.372551261607725
 10
5.679859990337262
 20
1.302544929545774
 10
5.690103248193962
 20
1.229948486101647
 10
5.700067498254611
 20
1.155091727724823
 10
5.709725037617317
 20
1.078308738218709
 10
5.719050801751791
 20
0.9999345907759218
 10
5.728026541921052
 20
0.9212779177080959
 10
5.737300198216416
 20
0.8397865891908509
 10
5.746886501545871
 20
0.7555504197904952
 10
5.756760387379245
 20
0.6687852063172386
 10
5.765797249823889
 20
0.5893761576160728
 10
5.775020117466168
 20
0.5083333522700855
 10
5.784405464825794
 20
0.4258606869342998
 10
5.79392910682975
 20
0.3421752776046674
 10
5.803564879626718
 20
0.2575054533562593
 10
5.813285080314699
 20
0.1720889424632332
 10
5.823062885449188
 20
0.086170550081647
 10
5.832869272942842
 20
0.0000000008314487
 10
5.842188441148095
 20
-0.0818920097597698
 10
5.851483424280673
 20
-0.1635675639478791
 10
5.860729157809827
 20
-0.2448121085301977
 10
5.869901896391636
 20
-0.3254148829635142
 10
5.878978334410362
 20
-0.4051706576653375
 10
5.887935605978554
 20
-0.4838815272830175
 10
5.898310562550705
 20
-0.5750497432212001
 10
5.908457739708751
 20
-0.6642132364751207
 10
5.91834591672159
 20
-0.7511034428027302
 10
5.927947830416543
 20
-0.8354765326956794
 10
5.937424421460491
 20
-0.9187515653100604
 10
5.946587486012957
 20
-0.9990701926189442
 10
5.955930399562929
 20
-1.077629685666352
 10
5.965606627390911
 20
-1.154593953287586
 10
5.975591104967064
 20
-1.229625833579063
 10
5.985855689661092
 20
-1.302388934162251
 10
5.996369160742232
 20
-1.37255125994494
 10
6.005275863521433
 20
-1.428679757412339
 10
6.014310087594481
 20
-1.482608182765203
 10
6.023448967074159
 20
-1.534166141171283
 10
6.032670075801887
 20
-1.58319335155619
 10
6.041949228704879
 20
-1.629540635992326
 10
6.051262240709776
 20
-1.673072118342928
 10
6.062248420035188
 20
-1.720597325764686
 10
6.073206896458941
 20
-1.763870907291618
 10
6.084098094406954
 20
-1.802752809365074
 10
6.094882878033898
 20
-1.837136177935349
 10
6.104391129537019
 20
-1.863973913673419
 10
6.113758228159668
 20
-1.887138156692741
 10
6.122959549100642
 20
-1.906621651471424
 10
6.131972666200907
 20
-1.922438249460411
 10
6.140775153302
 20
-1.934622029626041
 10
6.149348541802964
 20
-1.943226638857652
 10
6.157674802831023
 20
-1.948323313188041
 10
6.16573854588546
 20
-1.949999999999988
 10
6.16573854588546
 20
-1.949999999999988
1001
ACDBBLOCKREPETAG
1070
     1
1071
      180
1005
186
1001
AcDbBlockArrayActionTag
1070
     1
  0
SPLINE
  5
187
330
134
100
AcDbEntity
  8
ART_VIDA
100
AcDbSpline
210
0.0
220
0.0
230
1.0
 70
    12
 71
     3
 72
    65
 73
    61
 74
     0
 42
0.000000001
 43
0.0000000001
 40
0.0
 40
0.0
 40
0.0
 40
0.0
 40
0.0163602606983639
 40
0.0329182024116513
 40
0.0496575376642021
 40
0.0665607257469624
 40
0.0836090138403994
 40
0.1004749814901844
 40
0.1174420913986057
 40
0.1344898214019359
 40
0.151597089127919
 40
0.1690924147343256
 40
0.1866040295610762
 40
0.2041085459313314
 40
0.2215826550484853
 40
0.2390033034860895
 40
0.2563478552169125
 40
0.2735943063275419
 40
0.2906841920726251
 40
0.3076351209769736
 40
0.3244279688188016
 40
0.3410447850280639
 40
0.3574689170459937
 40
0.3734921410382712
 40
0.3896899381770383
 40
0.406068340933344
 40
0.422611190185743
 40
0.4396430634512165
 40
0.4568085111039249
 40
0.4740869695268107
 40
0.4914569337366406
 40
0.5088961985575052
 40
0.5263819884533796
 40
0.5438911304592553
 40
0.561362088002811
 40
0.5788098536220725
 40
0.5962113866201823
 40
0.6135440915287825
 40
0.6307858488956845
 40
0.6476106185239896
 40
0.6643077039536758
 40
0.6808586320479061
 40
0.697245988794702
 40
0.7165183123103059
 40
0.7355971845265275
 40
0.7548937409065876
 40
0.7744426534365158
 40
0.7942160592179284
 40
0.8141839346380727
 40
0.8313926428495403
 40
0.8486990588228401
 40
0.8660813576999171
 40
0.8835170606492004
 40
0.9009832128656148
 40
0.9181447920601531
 40
0.9352914007159778
 40
0.9524011837044547
 40
0.9694525485412256
 40
0.9867696611748128
 40
1.0
 40
1.0
 40
1.0
 40
1.0
 10
6.454538218604284
 20
-1.461087535318028
 30
0.0
 41
1.0
 10
6.426926274208767
 20
-1.460779188614196
 30
0.0
 41
1.0
 10
6.420776985938799
 20
-1.460158769453698
 30
0.0
 41
1.0
 10
6.411206516724632
 20
-1.455104403188784
 30
0.0
 41
1.0
 10
6.401339506961902
 20
-1.446922898727109
 30
0.0
 41
1.0
 10
6.391179538557253
 20
-1.435245240569543
 30
0.0
 41
1.0
 10
6.380826207303924
 20
-1.420195933146088
 30
0.0
 41
1.0
 10
6.370314093343267
 20
-1.401801887302269
 30
0.0
 41
1.0
 10
6.359682584995424
 20
-1.380141223352609
 30
0.0
 41
1.0
 10
6.348904328720549
 20
-1.355130436369847
 30
0.0
 41
1.0
 10
6.337944379049303
 20
-1.326628112801528
 30
0.0
 41
1.0
 10
6.326838003265834
 20
-1.294635934183759
 30
0.0
 41
1.0
 10
6.315628471206082
 20
-1.259183532344819
 30
0.0
 41
1.0
 10
6.304432086503311
 20
-1.220618579556969
 30
0.0
 41
1.0
 10
6.293290899890847
 20
-1.179097463379604
 30
0.0
 41
1.0
 10
6.282247292295777
 20
-1.134798176210096
 30
0.0
 41
1.0
 10
6.271342330200468
 20
-1.087917812424904
 30
0.0
 41
1.0
 10
6.260621798220199
 20
-1.038704988152516
 30
0.0
 41
1.0
 10
6.250123523197771
 20
-0.9873914204541163
 30
0.0
 41
1.0
 10
6.239880347628285
 20
-0.9342180888043571
 30
0.0
 41
1.0
 10
6.229915438441593
 20
-0.8793882966705266
 30
0.0
 41
1.0
 10
6.220256267950843
 20
-0.8231470502188924
 30
0.0
 41
1.0
 10
6.210972289069673
 20
-0.7659633210331549
 30
0.0
 41
1.0
 10
6.201973703778321
 20
-0.7076310170365902
 30
0.0
 41
1.0
 10
6.192678103625667
 20
-0.6479157051408606
 30
0.0
 41
1.0
 10
6.183096422987317
 20
-0.5862141006618913
 30
0.0
 41
1.0
 10
6.1731524983943
 20
-0.5222237776006864
 30
0.0
 41
1.0
 10
6.162877606167738
 20
-0.4560875368759413
 30
0.0
 41
1.0
 10
6.152295345371384
 20
-0.3879788749231352
 30
0.0
 41
1.0
 10
6.141509751102717
 20
-0.3185615888688176
 30
0.0
 41
1.0
 10
6.130558468403021
 20
-0.2480773094824258
 30
0.0
 41
1.0
 10
6.119481178599244
 20
-0.1767809509558447
 30
0.0
 41
1.0
 10
6.108318420583714
 20
-0.1049375077918171
 30
0.0
 41
1.0
 10
6.097121252648662
 20
-0.0328711560567285
 30
0.0
 41
1.0
 10
6.085932666949473
 20
0.0391429840947808
 30
0.0
 41
1.0
 10
6.074793889501164
 20
0.110831025190123
 30
0.0
 41
1.0
 10
6.063740640388572
 20
0.1819756857459538
 30
0.0
 41
1.0
 10
6.052811386208758
 20
0.2523132182827226
 30
0.0
 41
1.0
 10
6.042111442126156
 20
0.3211826889026383
 30
0.0
 41
1.0
 10
6.031673029707462
 20
0.3883671333221059
 30
0.0
 41
1.0
 10
6.021525610453862
 20
0.4536754034415367
 30
0.0
 41
1.0
 10
6.011636859774853
 20
0.5173196667257117
 30
0.0
 41
1.0
 10
6.001437612281848
 20
0.5829743425301786
 30
0.0
 41
1.0
 10
5.990987589366566
 20
0.6501785653807133
 30
0.0
 41
1.0
 10
5.9803443786667
 20
0.7188891425187764
 30
0.0
 41
1.0
 10
5.969250101235957
 20
0.7855537059205631
 30
0.0
 41
1.0
 10
5.957752142040702
 20
0.8503916848141557
 30
0.0
 41
1.0
 10
5.945854193671721
 20
0.9130771722571465
 30
0.0
 41
1.0
 10
5.934209131639703
 20
0.9702896626535562
 30
0.0
 41
1.0
 10
5.922907749099523
 20
1.022172954412154
 30
0.0
 41
1.0
 10
5.912027548229161
 20
1.068959326007528
 30
0.0
 41
1.0
 10
5.901008474066883
 20
1.113176543997552
 30
0.0
 41
1.0
 10
5.889891846553382
 20
1.154629125966379
 30
0.0
 41
1.0
 10
5.878786748505489
 20
1.192910149202304
 30
0.0
 41
1.0
 10
5.867734090104136
 20
1.227931073456488
 30
0.0
 41
1.0
 10
5.856776316885201
 20
1.259619731630039
 30
0.0
 41
1.0
 10
5.845884411297673
 20
1.288121080211737
 30
0.0
 41
1.0
 10
5.835030498663172
 20
1.313389266122725
 30
0.0
 41
1.0
 10
5.825067950535298
 20
1.334078591419029
 30
0.0
 41
1.0
 10
5.818772057134082
 20
1.344787955489379
 30
0.0
 41
1.0
 10
5.538801651603988
 20
1.914007774417143
 30
0.0
 41
1.0
1001
ACDBBLOCKREPETAG
1070
     1
1071
      181
1005
187
1001
AcDbBlockArrayActionTag
1070
     1
  0
SPLINE
  5
188
330
134
100
AcDbEntity
  8
ART_VIDA
100
AcDbSpline
210
0.0
220
0.0
230
1.0
 70
    12
 71
     3
 72
    65
 73
    61
 74
     0
 42
0.000000001
 43
0.0000000001
 40
0.0
 40
0.0
 40
0.0
 40
0.0
 40
0.0163602505814666
 40
0.0329181820557936
 40
0.0496575069572153
 40
0.0665606921873199
 40
0.0836089697385802
 40
0.1004749191246001
 40
0.1174420185410431
 40
0.1344897300077625
 40
0.1515970032494036
 40
0.1690923099561412
 40
0.1866039139542071
 40
0.2041084275888897
 40
0.2215825259005513
 40
0.2390031635657217
 40
0.256347704571167
 40
0.273594137151177
 40
0.2906840200907863
 40
0.3076349385131622
 40
0.3244277684672279
 40
0.3410445817504112
 40
0.357468696432056
 40
0.3734919105160273
 40
0.3896896976385372
 40
0.406068090266904
 40
0.4226109292896755
 40
0.439642799702618
 40
0.4568082367407016
 40
0.4740866844790796
 40
0.4914566379478175
 40
0.5088958919847368
 40
0.526381662995152
 40
0.543890794173872
 40
0.5613617490066865
 40
0.5788094957639368
 40
0.5962110260341742
 40
0.6135437122513505
 40
0.630785466850766
 40
0.6476102260751122
 40
0.6643072934950128
 40
0.6808582113546196
 40
0.6972455579679399
 40
0.7165178695660867
 40
0.7355967299844759
 40
0.7548932744320945
 40
0.7744421748735306
 40
0.7942155760356277
 40
0.8141834313552822
 40
0.8313921289253737
 40
0.8486985421471755
 40
0.8660808302755329
 40
0.883516506318333
 40
0.9009826558228366
 40
0.9181442244051424
 40
0.9352908305397866
 40
0.9524006029480599
 40
0.9694519572407516
 40
0.9867690591659288
 40
1.0
 40
1.0
 40
1.0
 40
1.0
 10
5.174222450042748
 20
1.428268832699075
 30
0.0
 41
1.0
 10
5.201834392905993
 20
1.427960485957157
 30
0.0
 41
1.0
 10
5.207983678092887
 20
1.427340066719749
 30
0.0
 41
1.0
 10
5.217554170729954
 20
1.422285701039014
 30
0.0
 41
1.0
 10
5.227421091520341
 20
1.414104193082323
 30
0.0
 41
1.0
 10
5.237581404468983
 20
1.402426540957037
 30
0.0
 41
1.0
 10
5.24793474697708
 20
1.387377236215285
 30
0.0
 41
1.0
 10
5.25844647039912
 20
1.368983176535209
 30
0.0
 41
1.0
 10
5.269078226567898
 20
1.34732253234739
 30
0.0
 41
1.0
 10
5.279855865896705
 20
1.322311705782738
 30
0.0
 41
1.0
 10
5.290816759868106
 20
1.293809440397751
 30
0.0
 41
1.0
 10
5.301922559225771
 20
1.261817219631268
 30
0.0
 41
1.0
 10
5.313132155555193
 20
1.226364819851426
 30
0.0
 41
1.0
 10
5.324328867571011
 20
1.18779988891316
 30
0.0
 41
1.0
 10
5.335469977320825
 20
1.146278759985534
 30
0.0
 41
1.0
 10
5.34651357450889
 20
1.101979471161314
 30
0.0
 41
1.0
 10
5.357418654015873
 20
1.055099127311051
 30
0.0
 41
1.0
 10
5.368138724445657
 20
1.005886254463064
 30
0.0
 41
1.0
 10
5.378637433070025
 20
0.9545727330327622
 30
0.0
 41
1.0
 10
5.38888062077194
 20
0.9013994036739063
 30
0.0
 41
1.0
 10
5.398845060290795
 20
0.8465695576671237
 30
0.0
 41
1.0
 10
5.408504794677241
 20
0.790328384709369
 30
0.0
 41
1.0
 10
5.417788278746455
 20
0.7331445980464082
 30
0.0
 41
1.0
 10
5.426786993559516
 20
0.6748123177522416
 30
0.0
 41
1.0
 10
5.436082552313108
 20
0.6150970009276194
 30
0.0
 41
1.0
 10
5.445664267675056
 20
0.5533954010786603
 30
0.0
 41
1.0
 10
5.455608094856414
 20
0.4894050543736627
 30
0.0
 41
1.0
 10
5.465883361011606
 20
0.4232688555620713
 30
0.0
 41
1.0
 10
5.476465520177953
 20
0.3551601690959956
 30
0.0
 41
1.0
 10
5.487251148264022
 20
0.2857428878361929
 30
0.0
 41
1.0
 10
5.498202399697219
 20
0.21525860373157
 30
0.0
 41
1.0
 10
5.509279779295525
 20
0.143962270332338
 30
0.0
 41
1.0
 10
5.520442199737543
 20
0.0721187863755404
 30
0.0
 41
1.0
 10
5.531639331254836
 20
0.000052428921947
 30
0.0
 41
1.0
 10
5.542828397996572
 20
-0.0719616367605909
 30
0.0
 41
1.0
 10
5.553966579275878
 20
-0.143649780993087
 30
0.0
 41
1.0
 10
5.565020447914321
 20
-0.2147943357922486
 30
0.0
 41
1.0
 10
5.575949106372717
 20
-0.285131969194822
 30
0.0
 41
1.0
 10
5.586649526982228
 20
-0.3540013685988015
 30
0.0
 41
1.0
 10
5.597087909280161
 20
-0.4211858188059523
 30
0.0
 41
1.0
 10
5.607234989028484
 20
-0.486494125772822
 30
0.0
 41
1.0
 10
5.617123827531941
 20
-0.550138366745273
 30
0.0
 41
1.0
 10
5.627323050022937
 20
-0.6157930460214516
 30
0.0
 41
1.0
 10
5.637773082782813
 20
-0.6829972675650993
 30
0.0
 41
1.0
 10
5.648416282795324
 20
-0.7517078459406436
 30
0.0
 41
1.0
 10
5.659510593117603
 20
-0.81837240571042
 30
0.0
 41
1.0
 10
5.671008430763661
 20
-0.8832104065472774
 30
0.0
 41
1.0
 10
5.682906845637602
 20
-0.9458958420046316
 30
0.0
 41
1.0
 10
5.694551473698766
 20
-1.003108380072148
 30
0.0
 41
1.0
 10
5.705852877692791
 20
-1.054991668759895
 30
0.0
 41
1.0
 10
5.716733364024207
 20
-1.101778018626134
 30
0.0
 41
1.0
 10
5.727752570544452
 20
-1.145995219418465
 30
0.0
 41
1.0
 10
5.738868370598311
 20
-1.187447867455317
 30
0.0
 41
1.0
 10
5.749974057141571
 20
-1.22572883472577
 30
0.0
 41
1.0
 10
5.761026470362253
 20
-1.260749789486054
 30
0.0
 41
1.0
 10
5.771984657101142
 20
-1.292438423730402
 30
0.0
 41
1.0
 10
5.782876452305231
 20
-1.320939783387359
 30
0.0
 41
1.0
 10
5.793730402862364
 20
-1.346207972516879
 30
0.0
 41
1.0
 10
5.803693041645146
 20
-1.36689754486673
 30
0.0
 41
1.0
 10
5.809989119795545
 20
-1.377607109545863
 30
0.0
 41
1.0
 10
6.122959549100642
 20
-1.906621651471424
 30
0.0
 41
1.0
1001
ACDBBLOCKREPETAG
1070
     1
1071
      182
1005
188
1001
AcDbBlockArrayActionTag
1070
     1
  0
LINE
  5
189
330
134
100
AcDbEntity
  8
ART_VIDA
100
AcDbLine
 10
6.454538218604284
 20
-1.461087535318028
 30
0.0
 11
6.859411065802191
 21
-1.461087535318028
 31
0.0
1001
ACDBBLOCKREPETAG
1070
     1
1071
      188
1005
189
1001
AcDbBlockArrayActionTag
1070
     1
  0
LINE
  5
18A
330
134
100
AcDbEntity
  8
ART_VIDA
100
AcDbLine
 10
5.777936012111922
 20
1.428268832699075
 30
0.0
 11
6.174222450042747
 21
1.428268832699075
 31
0.0
1001
ACDBBLOCKREPETAG
1070
     1
1071
      189
1005
18A
1001
AcDbBlockArrayActionTag
1070
     1
  0
LWPOLYLINE
  5
18B
330
134
100
AcDbEntity
  8
ART_VIDA
100
AcDbPolyline
 90
        7
 70
   128
 43
0.0
 10
7.16573854588546
 20
-1.949999999999988
 10
7.205682172662021
 20
-1.882023233625488
 10
7.328473745650626
 20
-1.673678943809989
 10
7.394839344774708
 20
-1.561559034265939
 10
7.422711542042633
 20
-1.514594920537034
 10
7.444104338399482
 20
-1.478605553189878
 10
7.454538218604284
 20
-1.461087535318028
1001
ACDBBLOCKREPETAG
1070
     1
1071
      178
1005
18B
1001
AcDbBlockArrayActionTag
1070
     1
  0
LWPOLYLINE
  5
18C
330
134
100
AcDbEntity
  8
ART_VIDA
100
AcDbPolyline
 90
        7
 70
   128
 43
0.0
 10
6.463021902897253
 20
1.917181295718306
 10
6.423078495985008
 20
1.849204531006478
 10
6.300287142860611
 20
1.64086024119109
 10
6.233921543736641
 20
1.528740331647155
 10
6.206048906740078
 20
1.481776217918138
 10
6.184656550111752
 20
1.445786850570981
 10
6.174222450042747
 20
1.428268832699075
1001
ACDBBLOCKREPETAG
1070
     1
1071
      179
1005
18C
1001
AcDbBlockArrayActionTag
1070
     1
  0
LWPOLYLINE
  5
18D
330
134
100
AcDbEntity
  8
ART_VIDA
100
AcDbPolyline
 90
       76
 70
   128
 43
0.0
 10
6.462997717824237
 20
1.916759156263026
 10
6.466233900451014
 20
1.922438251123196
 10
6.475036827280745
 20
1.934622031288938
 10
6.483610215781822
 20
1.943226640520435
 10
6.491936476809883
 20
1.948323314850823
 10
6.5
 20
1.950000000000101
 10
6.509216711441808
 20
1.9478165276401
 10
6.518772233769253
 20
1.941168710675582
 10
6.528643041502504
 20
1.929931446319983
 10
6.538801651603988
 20
1.914007774417143
 10
6.549218162529085
 20
1.893332834998431
 10
6.559667213370401
 20
1.868370761600829
 10
6.570298751580593
 20
1.838797804042825
 10
6.581076939278432
 20
1.804650569730426
 10
6.591963520076204
 20
1.765999964900287
 10
6.601743743717861
 20
1.727770180339574
 10
6.611551010668562
 20
1.686131070016243
 10
6.621356298840622
 20
1.641200371262698
 10
6.631131465603402
 20
1.593114839673319
 10
6.640847488869668
 20
1.542029259715035
 10
6.650477105466278
 20
1.488114575880841
 10
6.659992832355554
 20
1.431556023843369
 10
6.669369165278906
 20
1.372551261607725
 10
6.679859990337262
 20
1.302544929545774
 10
6.690103248193962
 20
1.229948486101647
 10
6.700067498254611
 20
1.155091727724823
 10
6.709725037617317
 20
1.078308738218709
 10
6.719050801751791
 20
0.9999345907759218
 10
6.728026541921052
 20
0.9212779177080959
 10
6.737300198216416
 20
0.8397865891908509
 10
6.746886501545871
 20
0.7555504197904952
 10
6.756760387379245
 20
0.6687852063172386
 10
6.765797249823889
 20
0.5893761576160728
 10
6.775020117466168
 20
0.5083333522700855
 10
6.784405464825794
 20
0.4258606869342998
 10
6.79392910682975
 20
0.3421752776046674
 10
6.803564879626718
 20
0.2575054533562593
 10
6.813285080314699
 20
0.1720889424632332
 10
6.823062885449188
 20
0.086170550081647
 10
6.832869272942842
 20
0.0000000008314487
 10
6.842188441148095
 20
-0.0818920097597698
 10
6.851483424280673
 20
-0.1635675639478791
 10
6.860729157809827
 20
-0.2448121085301977
 10
6.869901896391636
 20
-0.3254148829635142
 10
6.878978334410362
 20
-0.4051706576653375
 10
6.887935605978554
 20
-0.4838815272830175
 10
6.898310562550705
 20
-0.5750497432212001
 10
6.908457739708751
 20
-0.6642132364751207
 10
6.91834591672159
 20
-0.7511034428027302
 10
6.927947830416543
 20
-0.8354765326956794
 10
6.937424421460491
 20
-0.9187515653100604
 10
6.946587486012957
 20
-0.9990701926189442
 10
6.955930399562929
 20
-1.077629685666352
 10
6.965606627390911
 20
-1.154593953287586
 10
6.975591104967064
 20
-1.229625833579063
 10
6.985855689661092
 20
-1.302388934162251
 10
6.996369160742232
 20
-1.37255125994494
 10
7.005275863521433
 20
-1.428679757412339
 10
7.014310087594481
 20
-1.482608182765203
 10
7.023448967074159
 20
-1.534166141171283
 10
7.032670075801887
 20
-1.58319335155619
 10
7.041949228704879
 20
-1.629540635992326
 10
7.051262240709776
 20
-1.673072118342928
 10
7.062248420035188
 20
-1.720597325764686
 10
7.073206896458941
 20
-1.763870907291618
 10
7.084098094406954
 20
-1.802752809365074
 10
7.094882878033898
 20
-1.837136177935349
 10
7.104391129537019
 20
-1.863973913673419
 10
7.113758228159668
 20
-1.887138156692741
 10
7.122959549100642
 20
-1.906621651471424
 10
7.131972666200907
 20
-1.922438249460411
 10
7.140775153302
 20
-1.934622029626041
 10
7.149348541802964
 20
-1.943226638857652
 10
7.157674802831023
 20
-1.948323313188041
 10
7.16573854588546
 20
-1.949999999999988
 10
7.16573854588546
 20
-1.949999999999988
1001
ACDBBLOCKREPETAG
1070
     1
1071
      180
1005
18D
1001
AcDbBlockArrayActionTag
1070
     1
  0
SPLINE
  5
18E
330
134
100
AcDbEntity
  8
ART_VIDA
100
AcDbSpline
210
0.0
220
0.0
230
1.0
 70
    12
 71
     3
 72
    65
 73
    61
 74
     0
 42
0.000000001
 43
0.0000000001
 40
0.0
 40
0.0
 40
0.0
 40
0.0
 40
0.0163602606983639
 40
0.0329182024116513
 40
0.0496575376642021
 40
0.0665607257469624
 40
0.0836090138403994
 40
0.1004749814901844
 40
0.1174420913986057
 40
0.1344898214019359
 40
0.151597089127919
 40
0.1690924147343256
 40
0.1866040295610762
 40
0.2041085459313314
 40
0.2215826550484853
 40
0.2390033034860895
 40
0.2563478552169125
 40
0.2735943063275419
 40
0.2906841920726251
 40
0.3076351209769736
 40
0.3244279688188016
 40
0.3410447850280639
 40
0.3574689170459937
 40
0.3734921410382712
 40
0.3896899381770383
 40
0.406068340933344
 40
0.422611190185743
 40
0.4396430634512165
 40
0.4568085111039249
 40
0.4740869695268107
 40
0.4914569337366406
 40
0.5088961985575052
 40
0.5263819884533796
 40
0.5438911304592553
 40
0.561362088002811
 40
0.5788098536220725
 40
0.5962113866201823
 40
0.6135440915287825
 40
0.6307858488956845
 40
0.6476106185239896
 40
0.6643077039536758
 40
0.6808586320479061
 40
0.697245988794702
 40
0.7165183123103059
 40
0.7355971845265275
 40
0.7548937409065876
 40
0.7744426534365158
 40
0.7942160592179284
 40
0.8141839346380727
 40
0.8313926428495403
 40
0.8486990588228401
 40
0.8660813576999171
 40
0.8835170606492004
 40
0.9009832128656148
 40
0.9181447920601531
 40
0.9352914007159778
 40
0.9524011837044547
 40
0.9694525485412256
 40
0.9867696611748128
 40
1.0
 40
1.0
 40
1.0
 40
1.0
 10
7.454538218604284
 20
-1.461087535318028
 30
0.0
 41
1.0
 10
7.426926274208767
 20
-1.460779188614196
 30
0.0
 41
1.0
 10
7.420776985938799
 20
-1.460158769453698
 30
0.0
 41
1.0
 10
7.411206516724632
 20
-1.455104403188784
 30
0.0
 41
1.0
 10
7.401339506961902
 20
-1.446922898727109
 30
0.0
 41
1.0
 10
7.391179538557253
 20
-1.435245240569543
 30
0.0
 41
1.0
 10
7.380826207303924
 20
-1.420195933146088
 30
0.0
 41
1.0
 10
7.370314093343267
 20
-1.401801887302269
 30
0.0
 41
1.0
 10
7.359682584995424
 20
-1.380141223352609
 30
0.0
 41
1.0
 10
7.348904328720549
 20
-1.355130436369847
 30
0.0
 41
1.0
 10
7.337944379049303
 20
-1.326628112801528
 30
0.0
 41
1.0
 10
7.326838003265834
 20
-1.294635934183759
 30
0.0
 41
1.0
 10
7.315628471206082
 20
-1.259183532344819
 30
0.0
 41
1.0
 10
7.304432086503311
 20
-1.220618579556969
 30
0.0
 41
1.0
 10
7.293290899890847
 20
-1.179097463379604
 30
0.0
 41
1.0
 10
7.282247292295777
 20
-1.134798176210096
 30
0.0
 41
1.0
 10
7.271342330200468
 20
-1.087917812424904
 30
0.0
 41
1.0
 10
7.260621798220199
 20
-1.038704988152516
 30
0.0
 41
1.0
 10
7.250123523197771
 20
-0.9873914204541163
 30
0.0
 41
1.0
 10
7.239880347628285
 20
-0.9342180888043571
 30
0.0
 41
1.0
 10
7.229915438441593
 20
-0.8793882966705266
 30
0.0
 41
1.0
 10
7.220256267950843
 20
-0.8231470502188924
 30
0.0
 41
1.0
 10
7.210972289069673
 20
-0.7659633210331549
 30
0.0
 41
1.0
 10
7.201973703778321
 20
-0.7076310170365902
 30
0.0
 41
1.0
 10
7.192678103625667
 20
-0.6479157051408606
 30
0.0
 41
1.0
 10
7.183096422987317
 20
-0.5862141006618913
 30
0.0
 41
1.0
 10
7.1731524983943
 20
-0.5222237776006864
 30
0.0
 41
1.0
 10
7.162877606167738
 20
-0.4560875368759413
 30
0.0
 41
1.0
 10
7.152295345371384
 20
-0.3879788749231352
 30
0.0
 41
1.0
 10
7.141509751102717
 20
-0.3185615888688176
 30
0.0
 41
1.0
 10
7.130558468403021
 20
-0.2480773094824258
 30
0.0
 41
1.0
 10
7.119481178599244
 20
-0.1767809509558447
 30
0.0
 41
1.0
 10
7.108318420583714
 20
-0.1049375077918171
 30
0.0
 41
1.0
 10
7.097121252648662
 20
-0.0328711560567285
 30
0.0
 41
1.0
 10
7.085932666949473
 20
0.0391429840947808
 30
0.0
 41
1.0
 10
7.074793889501164
 20
0.110831025190123
 30
0.0
 41
1.0
 10
7.063740640388572
 20
0.1819756857459538
 30
0.0
 41
1.0
 10
7.052811386208758
 20
0.2523132182827226
 30
0.0
 41
1.0
 10
7.042111442126156
 20
0.3211826889026383
 30
0.0
 41
1.0
 10
7.031673029707462
 20
0.3883671333221059
 30
0.0
 41
1.0
 10
7.021525610453862
 20
0.4536754034415367
 30
0.0
 41
1.0
 10
7.011636859774853
 20
0.5173196667257117
 30
0.0
 41
1.0
 10
7.001437612281848
 20
0.5829743425301786
 30
0.0
 41
1.0
 10
6.990987589366566
 20
0.6501785653807133
 30
0.0
 41
1.0
 10
6.9803443786667
 20
0.7188891425187764
 30
0.0
 41
1.0
 10
6.969250101235957
 20
0.7855537059205631
 30
0.0
 41
1.0
 10
6.957752142040702
 20
0.8503916848141557
 30
0.0
 41
1.0
 10
6.945854193671721
 20
0.9130771722571465
 30
0.0
 41
1.0
 10
6.934209131639703
 20
0.9702896626535562
 30
0.0
 41
1.0
 10
6.922907749099523
 20
1.022172954412154
 30
0.0
 41
1.0
 10
6.912027548229161
 20
1.068959326007528
 30
0.0
 41
1.0
 10
6.901008474066883
 20
1.113176543997552
 30
0.0
 41
1.0
 10
6.889891846553382
 20
1.154629125966379
 30
0.0
 41
1.0
 10
6.878786748505489
 20
1.192910149202304
 30
0.0
 41
1.0
 10
6.867734090104136
 20
1.227931073456488
 30
0.0
 41
1.0
 10
6.856776316885201
 20
1.259619731630039
 30
0.0
 41
1.0
 10
6.845884411297673
 20
1.288121080211737
 30
0.0
 41
1.0
 10
6.835030498663172
 20
1.313389266122725
 30
0.0
 41
1.0
 10
6.825067950535298
 20
1.334078591419029
 30
0.0
 41
1.0
 10
6.818772057134082
 20
1.344787955489379
 30
0.0
 41
1.0
 10
6.538801651603988
 20
1.914007774417143
 30
0.0
 41
1.0
1001
ACDBBLOCKREPETAG
1070
     1
1071
      181
1005
18E
1001
AcDbBlockArrayActionTag
1070
     1
  0
SPLINE
  5
18F
330
134
100
AcDbEntity
  8
ART_VIDA
100
AcDbSpline
210
0.0
220
0.0
230
1.0
 70
    12
 71
     3
 72
    65
 73
    61
 74
     0
 42
0.000000001
 43
0.0000000001
 40
0.0
 40
0.0
 40
0.0
 40
0.0
 40
0.0163602505814666
 40
0.0329181820557936
 40
0.0496575069572153
 40
0.0665606921873199
 40
0.0836089697385802
 40
0.1004749191246001
 40
0.1174420185410431
 40
0.1344897300077625
 40
0.1515970032494036
 40
0.1690923099561412
 40
0.1866039139542071
 40
0.2041084275888897
 40
0.2215825259005513
 40
0.2390031635657217
 40
0.256347704571167
 40
0.273594137151177
 40
0.2906840200907863
 40
0.3076349385131622
 40
0.3244277684672279
 40
0.3410445817504112
 40
0.357468696432056
 40
0.3734919105160273
 40
0.3896896976385372
 40
0.406068090266904
 40
0.4226109292896755
 40
0.439642799702618
 40
0.4568082367407016
 40
0.4740866844790796
 40
0.4914566379478175
 40
0.5088958919847368
 40
0.526381662995152
 40
0.543890794173872
 40
0.5613617490066865
 40
0.5788094957639368
 40
0.5962110260341742
 40
0.6135437122513505
 40
0.630785466850766
 40
0.6476102260751122
 40
0.6643072934950128
 40
0.6808582113546196
 40
0.6972455579679399
 40
0.7165178695660867
 40
0.7355967299844759
 40
0.7548932744320945
 40
0.7744421748735306
 40
0.7942155760356277
 40
0.8141834313552822
 40
0.8313921289253737
 40
0.8486985421471755
 40
0.8660808302755329
 40
0.883516506318333
 40
0.9009826558228366
 40
0.9181442244051424
 40
0.9352908305397866
 40
0.9524006029480599
 40
0.9694519572407516
 40
0.9867690591659288
 40
1.0
 40
1.0
 40
1.0
 40
1.0
 10
6.174222450042747
 20
1.428268832699075
 30
0.0
 41
1.0
 10
6.201834392905992
 20
1.427960485957157
 30
0.0
 41
1.0
 10
6.207983678092887
 20
1.427340066719749
 30
0.0
 41
1.0
 10
6.217554170729954
 20
1.422285701039014
 30
0.0
 41
1.0
 10
6.22742109152034
 20
1.414104193082323
 30
0.0
 41
1.0
 10
6.237581404468982
 20
1.402426540957037
 30
0.0
 41
1.0
 10
6.24793474697708
 20
1.387377236215285
 30
0.0
 41
1.0
 10
6.25844647039912
 20
1.368983176535209
 30
0.0
 41
1.0
 10
6.269078226567899
 20
1.34732253234739
 30
0.0
 41
1.0
 10
6.279855865896706
 20
1.322311705782738
 30
0.0
 41
1.0
 10
6.290816759868106
 20
1.293809440397751
 30
0.0
 41
1.0
 10
6.301922559225772
 20
1.261817219631268
 30
0.0
 41
1.0
 10
6.313132155555193
 20
1.226364819851426
 30
0.0
 41
1.0
 10
6.324328867571011
 20
1.18779988891316
 30
0.0
 41
1.0
 10
6.335469977320825
 20
1.146278759985534
 30
0.0
 41
1.0
 10
6.34651357450889
 20
1.101979471161314
 30
0.0
 41
1.0
 10
6.357418654015872
 20
1.055099127311051
 30
0.0
 41
1.0
 10
6.368138724445657
 20
1.005886254463064
 30
0.0
 41
1.0
 10
6.378637433070025
 20
0.9545727330327622
 30
0.0
 41
1.0
 10
6.388880620771941
 20
0.9013994036739063
 30
0.0
 41
1.0
 10
6.398845060290795
 20
0.8465695576671237
 30
0.0
 41
1.0
 10
6.408504794677241
 20
0.790328384709369
 30
0.0
 41
1.0
 10
6.417788278746455
 20
0.7331445980464082
 30
0.0
 41
1.0
 10
6.426786993559518
 20
0.6748123177522416
 30
0.0
 41
1.0
 10
6.436082552313108
 20
0.6150970009276194
 30
0.0
 41
1.0
 10
6.445664267675056
 20
0.5533954010786603
 30
0.0
 41
1.0
 10
6.455608094856414
 20
0.4894050543736627
 30
0.0
 41
1.0
 10
6.465883361011606
 20
0.4232688555620713
 30
0.0
 41
1.0
 10
6.476465520177952
 20
0.3551601690959956
 30
0.0
 41
1.0
 10
6.487251148264022
 20
0.2857428878361929
 30
0.0
 41
1.0
 10
6.498202399697219
 20
0.21525860373157
 30
0.0
 41
1.0
 10
6.509279779295525
 20
0.143962270332338
 30
0.0
 41
1.0
 10
6.520442199737543
 20
0.0721187863755404
 30
0.0
 41
1.0
 10
6.531639331254837
 20
0.000052428921947
 30
0.0
 41
1.0
 10
6.542828397996572
 20
-0.0719616367605909
 30
0.0
 41
1.0
 10
6.553966579275878
 20
-0.143649780993087
 30
0.0
 41
1.0
 10
6.565020447914321
 20
-0.2147943357922486
 30
0.0
 41
1.0
 10
6.575949106372717
 20
-0.285131969194822
 30
0.0
 41
1.0
 10
6.586649526982227
 20
-0.3540013685988015
 30
0.0
 41
1.0
 10
6.597087909280161
 20
-0.4211858188059523
 30
0.0
 41
1.0
 10
6.607234989028484
 20
-0.486494125772822
 30
0.0
 41
1.0
 10
6.617123827531941
 20
-0.550138366745273
 30
0.0
 41
1.0
 10
6.627323050022937
 20
-0.6157930460214516
 30
0.0
 41
1.0
 10
6.637773082782813
 20
-0.6829972675650993
 30
0.0
 41
1.0
 10
6.648416282795324
 20
-0.7517078459406436
 30
0.0
 41
1.0
 10
6.659510593117603
 20
-0.81837240571042
 30
0.0
 41
1.0
 10
6.671008430763661
 20
-0.8832104065472774
 30
0.0
 41
1.0
 10
6.682906845637602
 20
-0.9458958420046316
 30
0.0
 41
1.0
 10
6.694551473698766
 20
-1.003108380072148
 30
0.0
 41
1.0
 10
6.705852877692791
 20
-1.054991668759895
 30
0.0
 41
1.0
 10
6.716733364024207
 20
-1.101778018626134
 30
0.0
 41
1.0
 10
6.727752570544452
 20
-1.145995219418465
 30
0.0
 41
1.0
 10
6.738868370598311
 20
-1.187447867455317
 30
0.0
 41
1.0
 10
6.749974057141571
 20
-1.22572883472577
 30
0.0
 41
1.0
 10
6.761026470362253
 20
-1.260749789486054
 30
0.0
 41
1.0
 10
6.771984657101142
 20
-1.292438423730402
 30
0.0
 41
1.0
 10
6.782876452305231
 20
-1.320939783387359
 30
0.0
 41
1.0
 10
6.793730402862364
 20
-1.346207972516879
 30
0.0
 41
1.0
 10
6.803693041645146
 20
-1.36689754486673
 30
0.0
 41
1.0
 10
6.809989119795545
 20
-1.377607109545863
 30
0.0
 41
1.0
 10
7.122959549100642
 20
-1.906621651471424
 30
0.0
 41
1.0
1001
ACDBBLOCKREPETAG
1070
     1
1071
      182
1005
18F
1001
AcDbBlockArrayActionTag
1070
     1
  0
LINE
  5
190
330
134
100
AcDbEntity
  8
ART_VIDA
100
AcDbLine
 10
7.454538218604284
 20
-1.461087535318028
 30
0.0
 11
7.859411065802191
 21
-1.461087535318028
 31
0.0
1001
ACDBBLOCKREPETAG
1070
     1
1071
      188
1005
190
1001
AcDbBlockArrayActionTag
1070
     1
  0
LINE
  5
191
330
134
100
AcDbEntity
  8
ART_VIDA
100
AcDbLine
 10
6.777936012111922
 20
1.428268832699075
 30
0.0
 11
7.174222450042747
 21
1.428268832699075
 31
0.0
1001
ACDBBLOCKREPETAG
1070
     1
1071
      189
1005
191
1001
AcDbBlockArrayActionTag
1070
     1
  0
LWPOLYLINE
  5
192
330
134
100
AcDbEntity
  8
ART_VIDA
100
AcDbPolyline
 90
        7
 70
   128
 43
0.0
 10
8.16573854588546
 20
-1.949999999999988
 10
8.205682172662022
 20
-1.882023233625488
 10
8.328473745650626
 20
-1.673678943809989
 10
8.394839344774709
 20
-1.561559034265939
 10
8.422711542042632
 20
-1.514594920537034
 10
8.444104338399483
 20
-1.478605553189878
 10
8.454538218604284
 20
-1.461087535318028
1001
ACDBBLOCKREPETAG
1070
     1
1071
      178
1005
192
1001
AcDbBlockArrayActionTag
1070
     1
  0
LWPOLYLINE
  5
193
330
134
100
AcDbEntity
  8
ART_VIDA
100
AcDbPolyline
 90
        7
 70
   128
 43
0.0
 10
7.463021902897253
 20
1.917181295718306
 10
7.423078495985008
 20
1.849204531006478
 10
7.300287142860611
 20
1.64086024119109
 10
7.233921543736641
 20
1.528740331647155
 10
7.206048906740078
 20
1.481776217918138
 10
7.184656550111752
 20
1.445786850570981
 10
7.174222450042747
 20
1.428268832699075
1001
ACDBBLOCKREPETAG
1070
     1
1071
      179
1005
193
1001
AcDbBlockArrayActionTag
1070
     1
  0
LWPOLYLINE
  5
194
330
134
100
AcDbEntity
  8
ART_VIDA
100
AcDbPolyline
 90
       76
 70
   128
 43
0.0
 10
7.462997717824237
 20
1.916759156263026
 10
7.466233900451014
 20
1.922438251123196
 10
7.475036827280745
 20
1.934622031288938
 10
7.483610215781822
 20
1.943226640520435
 10
7.491936476809883
 20
1.948323314850823
 10
7.5
 20
1.950000000000101
 10
7.509216711441808
 20
1.9478165276401
 10
7.518772233769253
 20
1.941168710675582
 10
7.528643041502504
 20
1.929931446319983
 10
7.538801651603988
 20
1.914007774417143
 10
7.549218162529085
 20
1.893332834998431
 10
7.559667213370401
 20
1.868370761600829
 10
7.570298751580593
 20
1.838797804042825
 10
7.581076939278432
 20
1.804650569730426
 10
7.591963520076204
 20
1.765999964900287
 10
7.601743743717861
 20
1.727770180339574
 10
7.611551010668562
 20
1.686131070016243
 10
7.621356298840622
 20
1.641200371262698
 10
7.631131465603402
 20
1.593114839673319
 10
7.640847488869668
 20
1.542029259715035
 10
7.650477105466278
 20
1.488114575880841
 10
7.659992832355554
 20
1.431556023843369
 10
7.669369165278906
 20
1.372551261607725
 10
7.679859990337262
 20
1.302544929545774
 10
7.690103248193962
 20
1.229948486101647
 10
7.700067498254611
 20
1.155091727724823
 10
7.709725037617317
 20
1.078308738218709
 10
7.719050801751791
 20
0.9999345907759218
 10
7.728026541921052
 20
0.9212779177080959
 10
7.737300198216416
 20
0.8397865891908509
 10
7.746886501545871
 20
0.7555504197904952
 10
7.756760387379245
 20
0.6687852063172386
 10
7.765797249823889
 20
0.5893761576160728
 10
7.775020117466168
 20
0.5083333522700855
 10
7.784405464825794
 20
0.4258606869342998
 10
7.79392910682975
 20
0.3421752776046674
 10
7.803564879626718
 20
0.2575054533562593
 10
7.813285080314699
 20
0.1720889424632332
 10
7.823062885449188
 20
0.086170550081647
 10
7.832869272942842
 20
0.0000000008314487
 10
7.842188441148095
 20
-0.0818920097597698
 10
7.851483424280673
 20
-0.1635675639478791
 10
7.860729157809827
 20
-0.2448121085301977
 10
7.869901896391636
 20
-0.3254148829635142
 10
7.878978334410362
 20
-0.4051706576653375
 10
7.887935605978554
 20
-0.4838815272830175
 10
7.898310562550705
 20
-0.5750497432212001
 10
7.908457739708751
 20
-0.6642132364751207
 10
7.91834591672159
 20
-0.7511034428027302
 10
7.927947830416543
 20
-0.8354765326956794
 10
7.937424421460491
 20
-0.9187515653100604
 10
7.946587486012957
 20
-0.9990701926189442
 10
7.955930399562929
 20
-1.077629685666352
 10
7.965606627390911
 20
-1.154593953287586
 10
7.975591104967064
 20
-1.229625833579063
 10
7.985855689661092
 20
-1.302388934162251
 10
7.996369160742232
 20
-1.37255125994494
 10
8.005275863521433
 20
-1.428679757412339
 10
8.014310087594481
 20
-1.482608182765203
 10
8.023448967074159
 20
-1.534166141171283
 10
8.032670075801886
 20
-1.58319335155619
 10
8.041949228704879
 20
-1.629540635992326
 10
8.051262240709775
 20
-1.673072118342928
 10
8.062248420035187
 20
-1.720597325764686
 10
8.073206896458941
 20
-1.763870907291618
 10
8.084098094406954
 20
-1.802752809365074
 10
8.094882878033898
 20
-1.837136177935349
 10
8.104391129537019
 20
-1.863973913673419
 10
8.113758228159667
 20
-1.887138156692741
 10
8.122959549100642
 20
-1.906621651471424
 10
8.131972666200907
 20
-1.922438249460411
 10
8.140775153302
 20
-1.934622029626041
 10
8.149348541802964
 20
-1.943226638857652
 10
8.157674802831023
 20
-1.948323313188041
 10
8.16573854588546
 20
-1.949999999999988
 10
8.16573854588546
 20
-1.949999999999988
1001
ACDBBLOCKREPETAG
1070
     1
1071
      180
1005
194
1001
AcDbBlockArrayActionTag
1070
     1
  0
SPLINE
  5
195
330
134
100
AcDbEntity
  8
ART_VIDA
100
AcDbSpline
210
0.0
220
0.0
230
1.0
 70
    12
 71
     3
 72
    65
 73
    61
 74
     0
 42
0.000000001
 43
0.0000000001
 40
0.0
 40
0.0
 40
0.0
 40
0.0
 40
0.0163602606983639
 40
0.0329182024116513
 40
0.0496575376642021
 40
0.0665607257469624
 40
0.0836090138403994
 40
0.1004749814901844
 40
0.1174420913986057
 40
0.1344898214019359
 40
0.151597089127919
 40
0.1690924147343256
 40
0.1866040295610762
 40
0.2041085459313314
 40
0.2215826550484853
 40
0.2390033034860895
 40
0.2563478552169125
 40
0.2735943063275419
 40
0.2906841920726251
 40
0.3076351209769736
 40
0.3244279688188016
 40
0.3410447850280639
 40
0.3574689170459937
 40
0.3734921410382712
 40
0.3896899381770383
 40
0.406068340933344
 40
0.422611190185743
 40
0.4396430634512165
 40
0.4568085111039249
 40
0.4740869695268107
 40
0.4914569337366406
 40
0.5088961985575052
 40
0.5263819884533796
 40
0.5438911304592553
 40
0.561362088002811
 40
0.5788098536220725
 40
0.5962113866201823
 40
0.6135440915287825
 40
0.6307858488956845
 40
0.6476106185239896
 40
0.6643077039536758
 40
0.6808586320479061
 40
0.697245988794702
 40
0.7165183123103059
 40
0.7355971845265275
 40
0.7548937409065876
 40
0.7744426534365158
 40
0.7942160592179284
 40
0.8141839346380727
 40
0.8313926428495403
 40
0.8486990588228401
 40
0.8660813576999171
 40
0.8835170606492004
 40
0.9009832128656148
 40
0.9181447920601531
 40
0.9352914007159778
 40
0.9524011837044547
 40
0.9694525485412256
 40
0.9867696611748128
 40
1.0
 40
1.0
 40
1.0
 40
1.0
 10
8.454538218604284
 20
-1.461087535318028
 30
0.0
 41
1.0
 10
8.426926274208767
 20
-1.460779188614196
 30
0.0
 41
1.0
 10
8.420776985938799
 20
-1.460158769453698
 30
0.0
 41
1.0
 10
8.411206516724632
 20
-1.455104403188784
 30
0.0
 41
1.0
 10
8.401339506961901
 20
-1.446922898727109
 30
0.0
 41
1.0
 10
8.391179538557253
 20
-1.435245240569543
 30
0.0
 41
1.0
 10
8.380826207303924
 20
-1.420195933146088
 30
0.0
 41
1.0
 10
8.370314093343267
 20
-1.401801887302269
 30
0.0
 41
1.0
 10
8.359682584995423
 20
-1.380141223352609
 30
0.0
 41
1.0
 10
8.348904328720548
 20
-1.355130436369847
 30
0.0
 41
1.0
 10
8.337944379049304
 20
-1.326628112801528
 30
0.0
 41
1.0
 10
8.326838003265834
 20
-1.294635934183759
 30
0.0
 41
1.0
 10
8.315628471206082
 20
-1.259183532344819
 30
0.0
 41
1.0
 10
8.304432086503311
 20
-1.220618579556969
 30
0.0
 41
1.0
 10
8.293290899890847
 20
-1.179097463379604
 30
0.0
 41
1.0
 10
8.282247292295778
 20
-1.134798176210096
 30
0.0
 41
1.0
 10
8.271342330200468
 20
-1.087917812424904
 30
0.0
 41
1.0
 10
8.260621798220199
 20
-1.038704988152516
 30
0.0
 41
1.0
 10
8.250123523197771
 20
-0.9873914204541163
 30
0.0
 41
1.0
 10
8.239880347628286
 20
-0.9342180888043571
 30
0.0
 41
1.0
 10
8.229915438441594
 20
-0.8793882966705266
 30
0.0
 41
1.0
 10
8.220256267950842
 20
-0.8231470502188924
 30
0.0
 41
1.0
 10
8.210972289069673
 20
-0.7659633210331549
 30
0.0
 41
1.0
 10
8.201973703778321
 20
-0.7076310170365902
 30
0.0
 41
1.0
 10
8.192678103625668
 20
-0.6479157051408606
 30
0.0
 41
1.0
 10
8.183096422987317
 20
-0.5862141006618913
 30
0.0
 41
1.0
 10
8.173152498394301
 20
-0.5222237776006864
 30
0.0
 41
1.0
 10
8.162877606167738
 20
-0.4560875368759413
 30
0.0
 41
1.0
 10
8.152295345371385
 20
-0.3879788749231352
 30
0.0
 41
1.0
 10
8.141509751102718
 20
-0.3185615888688176
 30
0.0
 41
1.0
 10
8.130558468403021
 20
-0.2480773094824258
 30
0.0
 41
1.0
 10
8.119481178599244
 20
-0.1767809509558447
 30
0.0
 41
1.0
 10
8.108318420583714
 20
-0.1049375077918171
 30
0.0
 41
1.0
 10
8.097121252648662
 20
-0.0328711560567285
 30
0.0
 41
1.0
 10
8.085932666949473
 20
0.0391429840947808
 30
0.0
 41
1.0
 10
8.074793889501165
 20
0.110831025190123
 30
0.0
 41
1.0
 10
8.063740640388571
 20
0.1819756857459538
 30
0.0
 41
1.0
 10
8.052811386208757
 20
0.2523132182827226
 30
0.0
 41
1.0
 10
8.042111442126156
 20
0.3211826889026383
 30
0.0
 41
1.0
 10
8.031673029707462
 20
0.3883671333221059
 30
0.0
 41
1.0
 10
8.021525610453862
 20
0.4536754034415367
 30
0.0
 41
1.0
 10
8.011636859774853
 20
0.5173196667257117
 30
0.0
 41
1.0
 10
8.001437612281847
 20
0.5829743425301786
 30
0.0
 41
1.0
 10
7.990987589366566
 20
0.6501785653807133
 30
0.0
 41
1.0
 10
7.9803443786667
 20
0.7188891425187764
 30
0.0
 41
1.0
 10
7.969250101235957
 20
0.7855537059205631
 30
0.0
 41
1.0
 10
7.957752142040702
 20
0.8503916848141557
 30
0.0
 41
1.0
 10
7.945854193671721
 20
0.9130771722571465
 30
0.0
 41
1.0
 10
7.934209131639703
 20
0.9702896626535562
 30
0.0
 41
1.0
 10
7.922907749099523
 20
1.022172954412154
 30
0.0
 41
1.0
 10
7.912027548229161
 20
1.068959326007528
 30
0.0
 41
1.0
 10
7.901008474066883
 20
1.113176543997552
 30
0.0
 41
1.0
 10
7.889891846553382
 20
1.154629125966379
 30
0.0
 41
1.0
 10
7.878786748505489
 20
1.192910149202304
 30
0.0
 41
1.0
 10
7.867734090104136
 20
1.227931073456488
 30
0.0
 41
1.0
 10
7.856776316885201
 20
1.259619731630039
 30
0.0
 41
1.0
 10
7.845884411297673
 20
1.288121080211737
 30
0.0
 41
1.0
 10
7.835030498663172
 20
1.313389266122725
 30
0.0
 41
1.0
 10
7.825067950535298
 20
1.334078591419029
 30
0.0
 41
1.0
 10
7.818772057134082
 20
1.344787955489379
 30
0.0
 41
1.0
 10
7.538801651603988
 20
1.914007774417143
 30
0.0
 41
1.0
1001
ACDBBLOCKREPETAG
1070
     1
1071
      181
1005
195
1001
AcDbBlockArrayActionTag
1070
     1
  0
SPLINE
  5
196
330
134
100
AcDbEntity
  8
ART_VIDA
100
AcDbSpline
210
0.0
220
0.0
230
1.0
 70
    12
 71
     3
 72
    65
 73
    61
 74
     0
 42
0.000000001
 43
0.0000000001
 40
0.0
 40
0.0
 40
0.0
 40
0.0
 40
0.0163602505814666
 40
0.0329181820557936
 40
0.0496575069572153
 40
0.0665606921873199
 40
0.0836089697385802
 40
0.1004749191246001
 40
0.1174420185410431
 40
0.1344897300077625
 40
0.1515970032494036
 40
0.1690923099561412
 40
0.1866039139542071
 40
0.2041084275888897
 40
0.2215825259005513
 40
0.2390031635657217
 40
0.256347704571167
 40
0.273594137151177
 40
0.2906840200907863
 40
0.3076349385131622
 40
0.3244277684672279
 40
0.3410445817504112
 40
0.357468696432056
 40
0.3734919105160273
 40
0.3896896976385372
 40
0.406068090266904
 40
0.4226109292896755
 40
0.439642799702618
 40
0.4568082367407016
 40
0.4740866844790796
 40
0.4914566379478175
 40
0.5088958919847368
 40
0.526381662995152
 40
0.543890794173872
 40
0.5613617490066865
 40
0.5788094957639368
 40
0.5962110260341742
 40
0.6135437122513505
 40
0.630785466850766
 40
0.6476102260751122
 40
0.6643072934950128
 40
0.6808582113546196
 40
0.6972455579679399
 40
0.7165178695660867
 40
0.7355967299844759
 40
0.7548932744320945
 40
0.7744421748735306
 40
0.7942155760356277
 40
0.8141834313552822
 40
0.8313921289253737
 40
0.8486985421471755
 40
0.8660808302755329
 40
0.883516506318333
 40
0.9009826558228366
 40
0.9181442244051424
 40
0.9352908305397866
 40
0.9524006029480599
 40
0.9694519572407516
 40
0.9867690591659288
 40
1.0
 40
1.0
 40
1.0
 40
1.0
 10
7.174222450042747
 20
1.428268832699075
 30
0.0
 41
1.0
 10
7.201834392905992
 20
1.427960485957157
 30
0.0
 41
1.0
 10
7.207983678092887
 20
1.427340066719749
 30
0.0
 41
1.0
 10
7.217554170729954
 20
1.422285701039014
 30
0.0
 41
1.0
 10
7.22742109152034
 20
1.414104193082323
 30
0.0
 41
1.0
 10
7.237581404468982
 20
1.402426540957037
 30
0.0
 41
1.0
 10
7.24793474697708
 20
1.387377236215285
 30
0.0
 41
1.0
 10
7.25844647039912
 20
1.368983176535209
 30
0.0
 41
1.0
 10
7.269078226567899
 20
1.34732253234739
 30
0.0
 41
1.0
 10
7.279855865896706
 20
1.322311705782738
 30
0.0
 41
1.0
 10
7.290816759868106
 20
1.293809440397751
 30
0.0
 41
1.0
 10
7.301922559225772
 20
1.261817219631268
 30
0.0
 41
1.0
 10
7.313132155555193
 20
1.226364819851426
 30
0.0
 41
1.0
 10
7.324328867571011
 20
1.18779988891316
 30
0.0
 41
1.0
 10
7.335469977320825
 20
1.146278759985534
 30
0.0
 41
1.0
 10
7.34651357450889
 20
1.101979471161314
 30
0.0
 41
1.0
 10
7.357418654015872
 20
1.055099127311051
 30
0.0
 41
1.0
 10
7.368138724445657
 20
1.005886254463064
 30
0.0
 41
1.0
 10
7.378637433070025
 20
0.9545727330327622
 30
0.0
 41
1.0
 10
7.388880620771941
 20
0.9013994036739063
 30
0.0
 41
1.0
 10
7.398845060290795
 20
0.8465695576671237
 30
0.0
 41
1.0
 10
7.408504794677241
 20
0.790328384709369
 30
0.0
 41
1.0
 10
7.417788278746455
 20
0.7331445980464082
 30
0.0
 41
1.0
 10
7.426786993559518
 20
0.6748123177522416
 30
0.0
 41
1.0
 10
7.436082552313108
 20
0.6150970009276194
 30
0.0
 41
1.0
 10
7.445664267675056
 20
0.5533954010786603
 30
0.0
 41
1.0
 10
7.455608094856414
 20
0.4894050543736627
 30
0.0
 41
1.0
 10
7.465883361011606
 20
0.4232688555620713
 30
0.0
 41
1.0
 10
7.476465520177952
 20
0.3551601690959956
 30
0.0
 41
1.0
 10
7.487251148264022
 20
0.2857428878361929
 30
0.0
 41
1.0
 10
7.498202399697219
 20
0.21525860373157
 30
0.0
 41
1.0
 10
7.509279779295525
 20
0.143962270332338
 30
0.0
 41
1.0
 10
7.520442199737543
 20
0.0721187863755404
 30
0.0
 41
1.0
 10
7.531639331254837
 20
0.000052428921947
 30
0.0
 41
1.0
 10
7.542828397996572
 20
-0.0719616367605909
 30
0.0
 41
1.0
 10
7.553966579275878
 20
-0.143649780993087
 30
0.0
 41
1.0
 10
7.565020447914321
 20
-0.2147943357922486
 30
0.0
 41
1.0
 10
7.575949106372717
 20
-0.285131969194822
 30
0.0
 41
1.0
 10
7.586649526982227
 20
-0.3540013685988015
 30
0.0
 41
1.0
 10
7.597087909280161
 20
-0.4211858188059523
 30
0.0
 41
1.0
 10
7.607234989028484
 20
-0.486494125772822
 30
0.0
 41
1.0
 10
7.617123827531941
 20
-0.550138366745273
 30
0.0
 41
1.0
 10
7.627323050022937
 20
-0.6157930460214516
 30
0.0
 41
1.0
 10
7.637773082782813
 20
-0.6829972675650993
 30
0.0
 41
1.0
 10
7.648416282795324
 20
-0.7517078459406436
 30
0.0
 41
1.0
 10
7.659510593117603
 20
-0.81837240571042
 30
0.0
 41
1.0
 10
7.671008430763661
 20
-0.8832104065472774
 30
0.0
 41
1.0
 10
7.682906845637602
 20
-0.9458958420046316
 30
0.0
 41
1.0
 10
7.694551473698766
 20
-1.003108380072148
 30
0.0
 41
1.0
 10
7.705852877692791
 20
-1.054991668759895
 30
0.0
 41
1.0
 10
7.716733364024207
 20
-1.101778018626134
 30
0.0
 41
1.0
 10
7.727752570544452
 20
-1.145995219418465
 30
0.0
 41
1.0
 10
7.738868370598311
 20
-1.187447867455317
 30
0.0
 41
1.0
 10
7.749974057141571
 20
-1.22572883472577
 30
0.0
 41
1.0
 10
7.761026470362253
 20
-1.260749789486054
 30
0.0
 41
1.0
 10
7.771984657101142
 20
-1.292438423730402
 30
0.0
 41
1.0
 10
7.782876452305231
 20
-1.320939783387359
 30
0.0
 41
1.0
 10
7.793730402862364
 20
-1.346207972516879
 30
0.0
 41
1.0
 10
7.803693041645146
 20
-1.36689754486673
 30
0.0
 41
1.0
 10
7.809989119795545
 20
-1.377607109545863
 30
0.0
 41
1.0
 10
8.122959549100642
 20
-1.906621651471424
 30
0.0
 41
1.0
1001
ACDBBLOCKREPETAG
1070
     1
1071
      182
1005
196
1001
AcDbBlockArrayActionTag
1070
     1
  0
LINE
  5
197
330
134
100
AcDbEntity
  8
ART_VIDA
100
AcDbLine
 10
8.454538218604284
 20
-1.461087535318028
 30
0.0
 11
8.859411065802191
 21
-1.461087535318028
 31
0.0
1001
ACDBBLOCKREPETAG
1070
     1
1071
      188
1005
197
1001
AcDbBlockArrayActionTag
1070
     1
  0
LINE
  5
198
330
134
100
AcDbEntity
  8
ART_VIDA
100
AcDbLine
 10
7.777936012111922
 20
1.428268832699075
 30
0.0
 11
8.174222450042746
 21
1.428268832699075
 31
0.0
1001
ACDBBLOCKREPETAG
1070
     1
1071
      189
1005
198
1001
AcDbBlockArrayActionTag
1070
     1
  0
LWPOLYLINE
  5
199
330
134
100
AcDbEntity
  8
ART_VIDA
100
AcDbPolyline
 90
        7
 70
   128
 43
0.0
 10
9.16573854588546
 20
-1.949999999999988
 10
9.205682172662022
 20
-1.882023233625488
 10
9.328473745650626
 20
-1.673678943809989
 10
9.394839344774707
 20
-1.561559034265939
 10
9.422711542042632
 20
-1.514594920537034
 10
9.444104338399483
 20
-1.478605553189878
 10
9.454538218604282
 20
-1.461087535318028
1001
ACDBBLOCKREPETAG
1070
     1
1071
      178
1005
199
1001
AcDbBlockArrayActionTag
1070
     1
  0
LWPOLYLINE
  5
19A
330
134
100
AcDbEntity
  8
ART_VIDA
100
AcDbPolyline
 90
        7
 70
   128
 43
0.0
 10
8.463021902897253
 20
1.917181295718306
 10
8.423078495985008
 20
1.849204531006478
 10
8.300287142860611
 20
1.64086024119109
 10
8.233921543736641
 20
1.528740331647155
 10
8.206048906740079
 20
1.481776217918138
 10
8.184656550111752
 20
1.445786850570981
 10
8.174222450042746
 20
1.428268832699075
1001
ACDBBLOCKREPETAG
1070
     1
1071
      179
1005
19A
1001
AcDbBlockArrayActionTag
1070
     1
  0
LWPOLYLINE
  5
19B
330
134
100
AcDbEntity
  8
ART_VIDA
100
AcDbPolyline
 90
       76
 70
   128
 43
0.0
 10
8.462997717824237
 20
1.916759156263026
 10
8.466233900451015
 20
1.922438251123196
 10
8.475036827280746
 20
1.934622031288938
 10
8.483610215781821
 20
1.943226640520435
 10
8.491936476809883
 20
1.948323314850823
 10
8.5
 20
1.950000000000101
 10
8.509216711441807
 20
1.9478165276401
 10
8.518772233769253
 20
1.941168710675582
 10
8.528643041502505
 20
1.929931446319983
 10
8.538801651603987
 20
1.914007774417143
 10
8.549218162529085
 20
1.893332834998431
 10
8.559667213370401
 20
1.868370761600829
 10
8.570298751580594
 20
1.838797804042825
 10
8.581076939278432
 20
1.804650569730426
 10
8.591963520076204
 20
1.765999964900287
 10
8.601743743717861
 20
1.727770180339574
 10
8.611551010668563
 20
1.686131070016243
 10
8.621356298840622
 20
1.641200371262698
 10
8.631131465603402
 20
1.593114839673319
 10
8.640847488869667
 20
1.542029259715035
 10
8.650477105466277
 20
1.488114575880841
 10
8.659992832355554
 20
1.431556023843369
 10
8.669369165278906
 20
1.372551261607725
 10
8.679859990337261
 20
1.302544929545774
 10
8.690103248193961
 20
1.229948486101647
 10
8.700067498254611
 20
1.155091727724823
 10
8.709725037617317
 20
1.078308738218709
 10
8.719050801751791
 20
0.9999345907759218
 10
8.728026541921053
 20
0.9212779177080959
 10
8.737300198216415
 20
0.8397865891908509
 10
8.746886501545871
 20
0.7555504197904952
 10
8.756760387379245
 20
0.6687852063172386
 10
8.76579724982389
 20
0.5893761576160728
 10
8.775020117466167
 20
0.5083333522700855
 10
8.784405464825795
 20
0.4258606869342998
 10
8.79392910682975
 20
0.3421752776046674
 10
8.803564879626719
 20
0.2575054533562593
 10
8.813285080314699
 20
0.1720889424632332
 10
8.823062885449189
 20
0.086170550081647
 10
8.832869272942842
 20
0.0000000008314487
 10
8.842188441148095
 20
-0.0818920097597698
 10
8.851483424280672
 20
-0.1635675639478791
 10
8.860729157809828
 20
-0.2448121085301977
 10
8.869901896391636
 20
-0.3254148829635142
 10
8.878978334410362
 20
-0.4051706576653375
 10
8.887935605978555
 20
-0.4838815272830175
 10
8.898310562550705
 20
-0.5750497432212001
 10
8.908457739708751
 20
-0.6642132364751207
 10
8.918345916721591
 20
-0.7511034428027302
 10
8.927947830416544
 20
-0.8354765326956794
 10
8.937424421460493
 20
-0.9187515653100604
 10
8.946587486012957
 20
-0.9990701926189442
 10
8.95593039956293
 20
-1.077629685666352
 10
8.965606627390911
 20
-1.154593953287586
 10
8.975591104967064
 20
-1.229625833579063
 10
8.985855689661091
 20
-1.302388934162251
 10
8.996369160742233
 20
-1.37255125994494
 10
9.005275863521431
 20
-1.428679757412339
 10
9.014310087594481
 20
-1.482608182765203
 10
9.023448967074161
 20
-1.534166141171283
 10
9.032670075801886
 20
-1.58319335155619
 10
9.041949228704879
 20
-1.629540635992326
 10
9.051262240709775
 20
-1.673072118342928
 10
9.062248420035187
 20
-1.720597325764686
 10
9.073206896458939
 20
-1.763870907291618
 10
9.084098094406952
 20
-1.802752809365074
 10
9.094882878033899
 20
-1.837136177935349
 10
9.104391129537019
 20
-1.863973913673419
 10
9.113758228159667
 20
-1.887138156692741
 10
9.122959549100642
 20
-1.906621651471424
 10
9.131972666200908
 20
-1.922438249460411
 10
9.140775153302
 20
-1.934622029626041
 10
9.149348541802963
 20
-1.943226638857652
 10
9.157674802831023
 20
-1.948323313188041
 10
9.16573854588546
 20
-1.949999999999988
 10
9.16573854588546
 20
-1.949999999999988
1001
ACDBBLOCKREPETAG
1070
     1
1071
      180
1005
19B
1001
AcDbBlockArrayActionTag
1070
     1
  0
SPLINE
  5
19C
330
134
100
AcDbEntity
  8
ART_VIDA
100
AcDbSpline
210
0.0
220
0.0
230
1.0
 70
    12
 71
     3
 72
    65
 73
    61
 74
     0
 42
0.000000001
 43
0.0000000001
 40
0.0
 40
0.0
 40
0.0
 40
0.0
 40
0.0163602606983639
 40
0.0329182024116513
 40
0.0496575376642021
 40
0.0665607257469624
 40
0.0836090138403994
 40
0.1004749814901844
 40
0.1174420913986057
 40
0.1344898214019359
 40
0.151597089127919
 40
0.1690924147343256
 40
0.1866040295610762
 40
0.2041085459313314
 40
0.2215826550484853
 40
0.2390033034860895
 40
0.2563478552169125
 40
0.2735943063275419
 40
0.2906841920726251
 40
0.3076351209769736
 40
0.3244279688188016
 40
0.3410447850280639
 40
0.3574689170459937
 40
0.3734921410382712
 40
0.3896899381770383
 40
0.406068340933344
 40
0.422611190185743
 40
0.4396430634512165
 40
0.4568085111039249
 40
0.4740869695268107
 40
0.4914569337366406
 40
0.5088961985575052
 40
0.5263819884533796
 40
0.5438911304592553
 40
0.561362088002811
 40
0.5788098536220725
 40
0.5962113866201823
 40
0.6135440915287825
 40
0.6307858488956845
 40
0.6476106185239896
 40
0.6643077039536758
 40
0.6808586320479061
 40
0.697245988794702
 40
0.7165183123103059
 40
0.7355971845265275
 40
0.7548937409065876
 40
0.7744426534365158
 40
0.7942160592179284
 40
0.8141839346380727
 40
0.8313926428495403
 40
0.8486990588228401
 40
0.8660813576999171
 40
0.8835170606492004
 40
0.9009832128656148
 40
0.9181447920601531
 40
0.9352914007159778
 40
0.9524011837044547
 40
0.9694525485412256
 40
0.9867696611748128
 40
1.0
 40
1.0
 40
1.0
 40
1.0
 10
9.454538218604282
 20
-1.461087535318028
 30
0.0
 41
1.0
 10
9.426926274208767
 20
-1.460779188614196
 30
0.0
 41
1.0
 10
9.4207769859388
 20
-1.460158769453698
 30
0.0
 41
1.0
 10
9.411206516724632
 20
-1.455104403188784
 30
0.0
 41
1.0
 10
9.401339506961905
 20
-1.446922898727109
 30
0.0
 41
1.0
 10
9.391179538557251
 20
-1.435245240569543
 30
0.0
 41
1.0
 10
9.380826207303924
 20
-1.420195933146088
 30
0.0
 41
1.0
 10
9.370314093343267
 20
-1.401801887302269
 30
0.0
 41
1.0
 10
9.359682584995423
 20
-1.380141223352609
 30
0.0
 41
1.0
 10
9.34890432872055
 20
-1.355130436369847
 30
0.0
 41
1.0
 10
9.337944379049304
 20
-1.326628112801528
 30
0.0
 41
1.0
 10
9.326838003265834
 20
-1.294635934183759
 30
0.0
 41
1.0
 10
9.315628471206082
 20
-1.259183532344819
 30
0.0
 41
1.0
 10
9.304432086503313
 20
-1.220618579556969
 30
0.0
 41
1.0
 10
9.293290899890847
 20
-1.179097463379604
 30
0.0
 41
1.0
 10
9.282247292295778
 20
-1.134798176210096
 30
0.0
 41
1.0
 10
9.271342330200466
 20
-1.087917812424904
 30
0.0
 41
1.0
 10
9.260621798220199
 20
-1.038704988152516
 30
0.0
 41
1.0
 10
9.250123523197773
 20
-0.9873914204541163
 30
0.0
 41
1.0
 10
9.239880347628286
 20
-0.9342180888043571
 30
0.0
 41
1.0
 10
9.229915438441594
 20
-0.8793882966705266
 30
0.0
 41
1.0
 10
9.220256267950842
 20
-0.8231470502188924
 30
0.0
 41
1.0
 10
9.210972289069671
 20
-0.7659633210331549
 30
0.0
 41
1.0
 10
9.201973703778319
 20
-0.7076310170365902
 30
0.0
 41
1.0
 10
9.192678103625668
 20
-0.6479157051408606
 30
0.0
 41
1.0
 10
9.183096422987318
 20
-0.5862141006618913
 30
0.0
 41
1.0
 10
9.173152498394301
 20
-0.5222237776006864
 30
0.0
 41
1.0
 10
9.162877606167739
 20
-0.4560875368759413
 30
0.0
 41
1.0
 10
9.152295345371381
 20
-0.3879788749231352
 30
0.0
 41
1.0
 10
9.141509751102717
 20
-0.3185615888688176
 30
0.0
 41
1.0
 10
9.130558468403023
 20
-0.2480773094824258
 30
0.0
 41
1.0
 10
9.119481178599244
 20
-0.1767809509558447
 30
0.0
 41
1.0
 10
9.108318420583712
 20
-0.1049375077918171
 30
0.0
 41
1.0
 10
9.097121252648662
 20
-0.0328711560567285
 30
0.0
 41
1.0
 10
9.085932666949474
 20
0.0391429840947808
 30
0.0
 41
1.0
 10
9.074793889501163
 20
0.110831025190123
 30
0.0
 41
1.0
 10
9.063740640388571
 20
0.1819756857459538
 30
0.0
 41
1.0
 10
9.052811386208759
 20
0.2523132182827226
 30
0.0
 41
1.0
 10
9.042111442126156
 20
0.3211826889026383
 30
0.0
 41
1.0
 10
9.031673029707462
 20
0.3883671333221059
 30
0.0
 41
1.0
 10
9.021525610453863
 20
0.4536754034415367
 30
0.0
 41
1.0
 10
9.011636859774851
 20
0.5173196667257117
 30
0.0
 41
1.0
 10
9.001437612281847
 20
0.5829743425301786
 30
0.0
 41
1.0
 10
8.990987589366568
 20
0.6501785653807133
 30
0.0
 41
1.0
 10
8.980344378666698
 20
0.7188891425187764
 30
0.0
 41
1.0
 10
8.969250101235957
 20
0.7855537059205631
 30
0.0
 41
1.0
 10
8.957752142040703
 20
0.8503916848141557
 30
0.0
 41
1.0
 10
8.945854193671721
 20
0.9130771722571465
 30
0.0
 41
1.0
 10
8.934209131639702
 20
0.9702896626535562
 30
0.0
 41
1.0
 10
8.922907749099524
 20
1.022172954412154
 30
0.0
 41
1.0
 10
8.912027548229163
 20
1.068959326007528
 30
0.0
 41
1.0
 10
8.901008474066882
 20
1.113176543997552
 30
0.0
 41
1.0
 10
8.889891846553382
 20
1.154629125966379
 30
0.0
 41
1.0
 10
8.87878674850549
 20
1.192910149202304
 30
0.0
 41
1.0
 10
8.867734090104136
 20
1.227931073456488
 30
0.0
 41
1.0
 10
8.856776316885202
 20
1.259619731630039
 30
0.0
 41
1.0
 10
8.845884411297674
 20
1.288121080211737
 30
0.0
 41
1.0
 10
8.83503049866317
 20
1.313389266122725
 30
0.0
 41
1.0
 10
8.825067950535299
 20
1.334078591419029
 30
0.0
 41
1.0
 10
8.818772057134081
 20
1.344787955489379
 30
0.0
 41
1.0
 10
8.538801651603987
 20
1.914007774417143
 30
0.0
 41
1.0
1001
ACDBBLOCKREPETAG
1070
     1
1071
      181
1005
19C
1001
AcDbBlockArrayActionTag
1070
     1
  0
SPLINE
  5
19D
330
134
100
AcDbEntity
  8
ART_VIDA
100
AcDbSpline
210
0.0
220
0.0
230
1.0
 70
    12
 71
     3
 72
    65
 73
    61
 74
     0
 42
0.000000001
 43
0.0000000001
 40
0.0
 40
0.0
 40
0.0
 40
0.0
 40
0.0163602505814666
 40
0.0329181820557936
 40
0.0496575069572153
 40
0.0665606921873199
 40
0.0836089697385802
 40
0.1004749191246001
 40
0.1174420185410431
 40
0.1344897300077625
 40
0.1515970032494036
 40
0.1690923099561412
 40
0.1866039139542071
 40
0.2041084275888897
 40
0.2215825259005513
 40
0.2390031635657217
 40
0.256347704571167
 40
0.273594137151177
 40
0.2906840200907863
 40
0.3076349385131622
 40
0.3244277684672279
 40
0.3410445817504112
 40
0.357468696432056
 40
0.3734919105160273
 40
0.3896896976385372
 40
0.406068090266904
 40
0.4226109292896755
 40
0.439642799702618
 40
0.4568082367407016
 40
0.4740866844790796
 40
0.4914566379478175
 40
0.5088958919847368
 40
0.526381662995152
 40
0.543890794173872
 40
0.5613617490066865
 40
0.5788094957639368
 40
0.5962110260341742
 40
0.6135437122513505
 40
0.630785466850766
 40
0.6476102260751122
 40
0.6643072934950128
 40
0.6808582113546196
 40
0.6972455579679399
 40
0.7165178695660867
 40
0.7355967299844759
 40
0.7548932744320945
 40
0.7744421748735306
 40
0.7942155760356277
 40
0.8141834313552822
 40
0.8313921289253737
 40
0.8486985421471755
 40
0.8660808302755329
 40
0.883516506318333
 40
0.9009826558228366
 40
0.9181442244051424
 40
0.9352908305397866
 40
0.9524006029480599
 40
0.9694519572407516
 40
0.9867690591659288
 40
1.0
 40
1.0
 40
1.0
 40
1.0
 10
8.174222450042746
 20
1.428268832699075
 30
0.0
 41
1.0
 10
8.201834392905992
 20
1.427960485957157
 30
0.0
 41
1.0
 10
8.207983678092887
 20
1.427340066719749
 30
0.0
 41
1.0
 10
8.217554170729954
 20
1.422285701039014
 30
0.0
 41
1.0
 10
8.227421091520341
 20
1.414104193082323
 30
0.0
 41
1.0
 10
8.237581404468981
 20
1.402426540957037
 30
0.0
 41
1.0
 10
8.24793474697708
 20
1.387377236215285
 30
0.0
 41
1.0
 10
8.258446470399121
 20
1.368983176535209
 30
0.0
 41
1.0
 10
8.269078226567899
 20
1.34732253234739
 30
0.0
 41
1.0
 10
8.279855865896706
 20
1.322311705782738
 30
0.0
 41
1.0
 10
8.290816759868107
 20
1.293809440397751
 30
0.0
 41
1.0
 10
8.301922559225772
 20
1.261817219631268
 30
0.0
 41
1.0
 10
8.313132155555193
 20
1.226364819851426
 30
0.0
 41
1.0
 10
8.324328867571011
 20
1.18779988891316
 30
0.0
 41
1.0
 10
8.335469977320826
 20
1.146278759985534
 30
0.0
 41
1.0
 10
8.34651357450889
 20
1.101979471161314
 30
0.0
 41
1.0
 10
8.357418654015871
 20
1.055099127311051
 30
0.0
 41
1.0
 10
8.368138724445657
 20
1.005886254463064
 30
0.0
 41
1.0
 10
8.378637433070025
 20
0.9545727330327622
 30
0.0
 41
1.0
 10
8.388880620771942
 20
0.9013994036739063
 30
0.0
 41
1.0
 10
8.398845060290796
 20
0.8465695576671237
 30
0.0
 41
1.0
 10
8.40850479467724
 20
0.790328384709369
 30
0.0
 41
1.0
 10
8.417788278746455
 20
0.7331445980464082
 30
0.0
 41
1.0
 10
8.426786993559517
 20
0.6748123177522416
 30
0.0
 41
1.0
 10
8.436082552313107
 20
0.6150970009276194
 30
0.0
 41
1.0
 10
8.445664267675056
 20
0.5533954010786603
 30
0.0
 41
1.0
 10
8.455608094856414
 20
0.4894050543736627
 30
0.0
 41
1.0
 10
8.465883361011606
 20
0.4232688555620713
 30
0.0
 41
1.0
 10
8.476465520177951
 20
0.3551601690959956
 30
0.0
 41
1.0
 10
8.487251148264022
 20
0.2857428878361929
 30
0.0
 41
1.0
 10
8.498202399697218
 20
0.21525860373157
 30
0.0
 41
1.0
 10
8.509279779295525
 20
0.143962270332338
 30
0.0
 41
1.0
 10
8.520442199737544
 20
0.0721187863755404
 30
0.0
 41
1.0
 10
8.531639331254837
 20
0.000052428921947
 30
0.0
 41
1.0
 10
8.542828397996572
 20
-0.0719616367605909
 30
0.0
 41
1.0
 10
8.553966579275877
 20
-0.143649780993087
 30
0.0
 41
1.0
 10
8.565020447914321
 20
-0.2147943357922486
 30
0.0
 41
1.0
 10
8.575949106372718
 20
-0.285131969194822
 30
0.0
 41
1.0
 10
8.586649526982228
 20
-0.3540013685988015
 30
0.0
 41
1.0
 10
8.597087909280162
 20
-0.4211858188059523
 30
0.0
 41
1.0
 10
8.607234989028484
 20
-0.486494125772822
 30
0.0
 41
1.0
 10
8.617123827531941
 20
-0.550138366745273
 30
0.0
 41
1.0
 10
8.627323050022937
 20
-0.6157930460214516
 30
0.0
 41
1.0
 10
8.637773082782812
 20
-0.6829972675650993
 30
0.0
 41
1.0
 10
8.648416282795324
 20
-0.7517078459406436
 30
0.0
 41
1.0
 10
8.659510593117602
 20
-0.81837240571042
 30
0.0
 41
1.0
 10
8.671008430763661
 20
-0.8832104065472774
 30
0.0
 41
1.0
 10
8.682906845637603
 20
-0.9458958420046316
 30
0.0
 41
1.0
 10
8.694551473698766
 20
-1.003108380072148
 30
0.0
 41
1.0
 10
8.705852877692791
 20
-1.054991668759895
 30
0.0
 41
1.0
 10
8.716733364024207
 20
-1.101778018626134
 30
0.0
 41
1.0
 10
8.727752570544453
 20
-1.145995219418465
 30
0.0
 41
1.0
 10
8.738868370598311
 20
-1.187447867455317
 30
0.0
 41
1.0
 10
8.749974057141571
 20
-1.22572883472577
 30
0.0
 41
1.0
 10
8.761026470362253
 20
-1.260749789486054
 30
0.0
 41
1.0
 10
8.771984657101143
 20
-1.292438423730402
 30
0.0
 41
1.0
 10
8.782876452305231
 20
-1.320939783387359
 30
0.0
 41
1.0
 10
8.793730402862365
 20
-1.346207972516879
 30
0.0
 41
1.0
 10
8.803693041645146
 20
-1.36689754486673
 30
0.0
 41
1.0
 10
8.809989119795545
 20
-1.377607109545863
 30
0.0
 41
1.0
 10
9.122959549100642
 20
-1.906621651471424
 30
0.0
 41
1.0
1001
ACDBBLOCKREPETAG
1070
     1
1071
      182
1005
19D
1001
AcDbBlockArrayActionTag
1070
     1
  0
LINE
  5
19E
330
134
100
AcDbEntity
  8
ART_VIDA
100
AcDbLine
 10
9.454538218604282
 20
-1.461087535318028
 30
0.0
 11
9.859411065802193
 21
-1.461087535318028
 31
0.0
1001
ACDBBLOCKREPETAG
1070
     1
1071
      188
1005
19E
1001
AcDbBlockArrayActionTag
1070
     1
  0
LINE
  5
19F
330
134
100
AcDbEntity
  8
ART_VIDA
100
AcDbLine
 10
8.777936012111922
 20
1.428268832699075
 30
0.0
 11
9.174222450042748
 21
1.428268832699075
 31
0.0
1001
ACDBBLOCKREPETAG
1070
     1
1071
      189
1005
19F
1001
AcDbBlockArrayActionTag
1070
     1
  0
LWPOLYLINE
  5
1A0
330
134
100
AcDbEntity
  8
ART_VIDA
100
AcDbPolyline
 90
        7
 70
   128
 43
0.0
 10
10.16573854588546
 20
-1.949999999999988
 10
10.20568217266202
 20
-1.882023233625488
 10
10.32847374565062
 20
-1.673678943809989
 10
10.39483934477471
 20
-1.561559034265939
 10
10.42271154204263
 20
-1.514594920537034
 10
10.44410433839948
 20
-1.478605553189878
 10
10.45453821860428
 20
-1.461087535318028
1001
ACDBBLOCKREPETAG
1070
     1
1071
      178
1005
1A0
1001
AcDbBlockArrayActionTag
1070
     1
  0
LWPOLYLINE
  5
1A1
330
134
100
AcDbEntity
  8
ART_VIDA
100
AcDbPolyline
 90
        7
 70
   128
 43
0.0
 10
9.463021902897251
 20
1.917181295718306
 10
9.423078495985008
 20
1.849204531006478
 10
9.300287142860613
 20
1.64086024119109
 10
9.23392154373664
 20
1.528740331647155
 10
9.206048906740079
 20
1.481776217918138
 10
9.184656550111752
 20
1.445786850570981
 10
9.174222450042748
 20
1.428268832699075
1001
ACDBBLOCKREPETAG
1070
     1
1071
      179
1005
1A1
1001
AcDbBlockArrayActionTag
1070
     1
  0
LWPOLYLINE
  5
1A2
330
134
100
AcDbEntity
  8
ART_VIDA
100
AcDbPolyline
 90
       76
 70
   128
 43
0.0
 10
9.462997717824235
 20
1.916759156263026
 10
9.466233900451015
 20
1.922438251123196
 10
9.475036827280746
 20
1.934622031288938
 10
9.483610215781824
 20
1.943226640520435
 10
9.491936476809883
 20
1.948323314850823
 10
9.5
 20
1.950000000000101
 10
9.509216711441807
 20
1.9478165276401
 10
9.518772233769253
 20
1.941168710675582
 10
9.528643041502505
 20
1.929931446319983
 10
9.538801651603987
 20
1.914007774417143
 10
9.549218162529085
 20
1.893332834998431
 10
9.559667213370405
 20
1.868370761600829
 10
9.570298751580594
 20
1.838797804042825
 10
9.581076939278432
 20
1.804650569730426
 10
9.591963520076204
 20
1.765999964900287
 10
9.601743743717859
 20
1.727770180339574
 10
9.611551010668565
 20
1.686131070016243
 10
9.621356298840622
 20
1.641200371262698
 10
9.631131465603402
 20
1.593114839673319
 10
9.640847488869667
 20
1.542029259715035
 10
9.650477105466277
 20
1.488114575880841
 10
9.659992832355555
 20
1.431556023843369
 10
9.669369165278908
 20
1.372551261607725
 10
9.679859990337263
 20
1.302544929545774
 10
9.690103248193961
 20
1.229948486101647
 10
9.700067498254613
 20
1.155091727724823
 10
9.709725037617316
 20
1.078308738218709
 10
9.719050801751793
 20
0.9999345907759218
 10
9.728026541921053
 20
0.9212779177080959
 10
9.737300198216415
 20
0.8397865891908509
 10
9.746886501545873
 20
0.7555504197904952
 10
9.756760387379245
 20
0.6687852063172386
 10
9.76579724982389
 20
0.5893761576160728
 10
9.775020117466167
 20
0.5083333522700855
 10
9.784405464825796
 20
0.4258606869342998
 10
9.79392910682975
 20
0.3421752776046674
 10
9.803564879626721
 20
0.2575054533562593
 10
9.813285080314699
 20
0.1720889424632332
 10
9.823062885449187
 20
0.086170550081647
 10
9.832869272942843
 20
0.0000000008314487
 10
9.842188441148095
 20
-0.0818920097597698
 10
9.851483424280672
 20
-0.1635675639478791
 10
9.860729157809828
 20
-0.2448121085301977
 10
9.869901896391636
 20
-0.3254148829635142
 10
9.878978334410362
 20
-0.4051706576653375
 10
9.887935605978556
 20
-0.4838815272830175
 10
9.898310562550703
 20
-0.5750497432212001
 10
9.908457739708751
 20
-0.6642132364751207
 10
9.918345916721591
 20
-0.7511034428027302
 10
9.927947830416544
 20
-0.8354765326956794
 10
9.937424421460493
 20
-0.9187515653100604
 10
9.946587486012957
 20
-0.9990701926189442
 10
9.95593039956293
 20
-1.077629685666352
 10
9.965606627390911
 20
-1.154593953287586
 10
9.975591104967064
 20
-1.229625833579063
 10
9.985855689661091
 20
-1.302388934162251
 10
9.996369160742233
 20
-1.37255125994494
 10
10.00527586352143
 20
-1.428679757412339
 10
10.01431008759448
 20
-1.482608182765203
 10
10.02344896707416
 20
-1.534166141171283
 10
10.03267007580189
 20
-1.58319335155619
 10
10.04194922870488
 20
-1.629540635992326
 10
10.05126224070977
 20
-1.673072118342928
 10
10.06224842003519
 20
-1.720597325764686
 10
10.07320689645894
 20
-1.763870907291618
 10
10.08409809440695
 20
-1.802752809365074
 10
10.0948828780339
 20
-1.837136177935349
 10
10.10439112953702
 20
-1.863973913673419
 10
10.11375822815967
 20
-1.887138156692741
 10
10.12295954910064
 20
-1.906621651471424
 10
10.13197266620091
 20
-1.922438249460411
 10
10.140775153302
 20
-1.934622029626041
 10
10.14934854180296
 20
-1.943226638857652
 10
10.15767480283102
 20
-1.948323313188041
 10
10.16573854588546
 20
-1.949999999999988
 10
10.16573854588546
 20
-1.949999999999988
1001
ACDBBLOCKREPETAG
1070
     1
1071
      180
1005
1A2
1001
AcDbBlockArrayActionTag
1070
     1
  0
SPLINE
  5
1A3
330
134
100
AcDbEntity
  8
ART_VIDA
100
AcDbSpline
210
0.0
220
0.0
230
1.0
 70
    12
 71
     3
 72
    65
 73
    61
 74
     0
 42
0.000000001
 43
0.0000000001
 40
0.0
 40
0.0
 40
0.0
 40
0.0
 40
0.0163602606983639
 40
0.0329182024116513
 40
0.0496575376642021
 40
0.0665607257469624
 40
0.0836090138403994
 40
0.1004749814901844
 40
0.1174420913986057
 40
0.1344898214019359
 40
0.151597089127919
 40
0.1690924147343256
 40
0.1866040295610762
 40
0.2041085459313314
 40
0.2215826550484853
 40
0.2390033034860895
 40
0.2563478552169125
 40
0.2735943063275419
 40
0.2906841920726251
 40
0.3076351209769736
 40
0.3244279688188016
 40
0.3410447850280639
 40
0.3574689170459937
 40
0.3734921410382712
 40
0.3896899381770383
 40
0.406068340933344
 40
0.422611190185743
 40
0.4396430634512165
 40
0.4568085111039249
 40
0.4740869695268107
 40
0.4914569337366406
 40
0.5088961985575052
 40
0.5263819884533796
 40
0.5438911304592553
 40
0.561362088002811
 40
0.5788098536220725
 40
0.5962113866201823
 40
0.6135440915287825
 40
0.6307858488956845
 40
0.6476106185239896
 40
0.6643077039536758
 40
0.6808586320479061
 40
0.697245988794702
 40
0.7165183123103059
 40
0.7355971845265275
 40
0.7548937409065876
 40
0.7744426534365158
 40
0.7942160592179284
 40
0.8141839346380727
 40
0.8313926428495403
 40
0.8486990588228401
 40
0.8660813576999171
 40
0.8835170606492004
 40
0.9009832128656148
 40
0.9181447920601531
 40
0.9352914007159778
 40
0.9524011837044547
 40
0.9694525485412256
 40
0.9867696611748128
 40
1.0
 40
1.0
 40
1.0
 40
1.0
 10
10.45453821860428
 20
-1.461087535318028
 30
0.0
 41
1.0
 10
10.42692627420876
 20
-1.460779188614196
 30
0.0
 41
1.0
 10
10.4207769859388
 20
-1.460158769453698
 30
0.0
 41
1.0
 10
10.41120651672463
 20
-1.455104403188784
 30
0.0
 41
1.0
 10
10.4013395069619
 20
-1.446922898727109
 30
0.0
 41
1.0
 10
10.39117953855725
 20
-1.435245240569543
 30
0.0
 41
1.0
 10
10.38082620730392
 20
-1.420195933146088
 30
0.0
 41
1.0
 10
10.37031409334327
 20
-1.401801887302269
 30
0.0
 41
1.0
 10
10.35968258499542
 20
-1.380141223352609
 30
0.0
 41
1.0
 10
10.34890432872055
 20
-1.355130436369847
 30
0.0
 41
1.0
 10
10.3379443790493
 20
-1.326628112801528
 30
0.0
 41
1.0
 10
10.32683800326583
 20
-1.294635934183759
 30
0.0
 41
1.0
 10
10.31562847120608
 20
-1.259183532344819
 30
0.0
 41
1.0
 10
10.30443208650331
 20
-1.220618579556969
 30
0.0
 41
1.0
 10
10.29329089989085
 20
-1.179097463379604
 30
0.0
 41
1.0
 10
10.28224729229578
 20
-1.134798176210096
 30
0.0
 41
1.0
 10
10.27134233020047
 20
-1.087917812424904
 30
0.0
 41
1.0
 10
10.2606217982202
 20
-1.038704988152516
 30
0.0
 41
1.0
 10
10.25012352319777
 20
-0.9873914204541163
 30
0.0
 41
1.0
 10
10.23988034762828
 20
-0.9342180888043571
 30
0.0
 41
1.0
 10
10.22991543844159
 20
-0.8793882966705266
 30
0.0
 41
1.0
 10
10.22025626795084
 20
-0.8231470502188924
 30
0.0
 41
1.0
 10
10.21097228906967
 20
-0.7659633210331549
 30
0.0
 41
1.0
 10
10.20197370377832
 20
-0.7076310170365902
 30
0.0
 41
1.0
 10
10.19267810362566
 20
-0.6479157051408606
 30
0.0
 41
1.0
 10
10.18309642298732
 20
-0.5862141006618913
 30
0.0
 41
1.0
 10
10.1731524983943
 20
-0.5222237776006864
 30
0.0
 41
1.0
 10
10.16287760616774
 20
-0.4560875368759413
 30
0.0
 41
1.0
 10
10.15229534537138
 20
-0.3879788749231352
 30
0.0
 41
1.0
 10
10.14150975110271
 20
-0.3185615888688176
 30
0.0
 41
1.0
 10
10.13055846840302
 20
-0.2480773094824258
 30
0.0
 41
1.0
 10
10.11948117859924
 20
-0.1767809509558447
 30
0.0
 41
1.0
 10
10.10831842058371
 20
-0.1049375077918171
 30
0.0
 41
1.0
 10
10.09712125264866
 20
-0.0328711560567285
 30
0.0
 41
1.0
 10
10.08593266694947
 20
0.0391429840947808
 30
0.0
 41
1.0
 10
10.07479388950116
 20
0.110831025190123
 30
0.0
 41
1.0
 10
10.06374064038857
 20
0.1819756857459538
 30
0.0
 41
1.0
 10
10.05281138620876
 20
0.2523132182827226
 30
0.0
 41
1.0
 10
10.04211144212615
 20
0.3211826889026383
 30
0.0
 41
1.0
 10
10.03167302970746
 20
0.3883671333221059
 30
0.0
 41
1.0
 10
10.02152561045386
 20
0.4536754034415367
 30
0.0
 41
1.0
 10
10.01163685977485
 20
0.5173196667257117
 30
0.0
 41
1.0
 10
10.00143761228184
 20
0.5829743425301786
 30
0.0
 41
1.0
 10
9.990987589366568
 20
0.6501785653807133
 30
0.0
 41
1.0
 10
9.980344378666698
 20
0.7188891425187764
 30
0.0
 41
1.0
 10
9.969250101235957
 20
0.7855537059205631
 30
0.0
 41
1.0
 10
9.957752142040703
 20
0.8503916848141557
 30
0.0
 41
1.0
 10
9.945854193671721
 20
0.9130771722571465
 30
0.0
 41
1.0
 10
9.934209131639702
 20
0.9702896626535562
 30
0.0
 41
1.0
 10
9.922907749099524
 20
1.022172954412154
 30
0.0
 41
1.0
 10
9.912027548229159
 20
1.068959326007528
 30
0.0
 41
1.0
 10
9.901008474066882
 20
1.113176543997552
 30
0.0
 41
1.0
 10
9.889891846553382
 20
1.154629125966379
 30
0.0
 41
1.0
 10
9.87878674850549
 20
1.192910149202304
 30
0.0
 41
1.0
 10
9.867734090104136
 20
1.227931073456488
 30
0.0
 41
1.0
 10
9.856776316885202
 20
1.259619731630039
 30
0.0
 41
1.0
 10
9.845884411297674
 20
1.288121080211737
 30
0.0
 41
1.0
 10
9.83503049866317
 20
1.313389266122725
 30
0.0
 41
1.0
 10
9.8250679505353
 20
1.334078591419029
 30
0.0
 41
1.0
 10
9.818772057134083
 20
1.344787955489379
 30
0.0
 41
1.0
 10
9.538801651603987
 20
1.914007774417143
 30
0.0
 41
1.0
1001
ACDBBLOCKREPETAG
1070
     1
1071
      181
1005
1A3
1001
AcDbBlockArrayActionTag
1070
     1
  0
SPLINE
  5
1A4
330
134
100
AcDbEntity
  8
ART_VIDA
100
AcDbSpline
210
0.0
220
0.0
230
1.0
 70
    12
 71
     3
 72
    65
 73
    61
 74
     0
 42
0.000000001
 43
0.0000000001
 40
0.0
 40
0.0
 40
0.0
 40
0.0
 40
0.0163602505814666
 40
0.0329181820557936
 40
0.0496575069572153
 40
0.0665606921873199
 40
0.0836089697385802
 40
0.1004749191246001
 40
0.1174420185410431
 40
0.1344897300077625
 40
0.1515970032494036
 40
0.1690923099561412
 40
0.1866039139542071
 40
0.2041084275888897
 40
0.2215825259005513
 40
0.2390031635657217
 40
0.256347704571167
 40
0.273594137151177
 40
0.2906840200907863
 40
0.3076349385131622
 40
0.3244277684672279
 40
0.3410445817504112
 40
0.357468696432056
 40
0.3734919105160273
 40
0.3896896976385372
 40
0.406068090266904
 40
0.4226109292896755
 40
0.439642799702618
 40
0.4568082367407016
 40
0.4740866844790796
 40
0.4914566379478175
 40
0.5088958919847368
 40
0.526381662995152
 40
0.543890794173872
 40
0.5613617490066865
 40
0.5788094957639368
 40
0.5962110260341742
 40
0.6135437122513505
 40
0.630785466850766
 40
0.6476102260751122
 40
0.6643072934950128
 40
0.6808582113546196
 40
0.6972455579679399
 40
0.7165178695660867
 40
0.7355967299844759
 40
0.7548932744320945
 40
0.7744421748735306
 40
0.7942155760356277
 40
0.8141834313552822
 40
0.8313921289253737
 40
0.8486985421471755
 40
0.8660808302755329
 40
0.883516506318333
 40
0.9009826558228366
 40
0.9181442244051424
 40
0.9352908305397866
 40
0.9524006029480599
 40
0.9694519572407516
 40
0.9867690591659288
 40
1.0
 40
1.0
 40
1.0
 40
1.0
 10
9.174222450042748
 20
1.428268832699075
 30
0.0
 41
1.0
 10
9.201834392905992
 20
1.427960485957157
 30
0.0
 41
1.0
 10
9.207983678092885
 20
1.427340066719749
 30
0.0
 41
1.0
 10
9.217554170729952
 20
1.422285701039014
 30
0.0
 41
1.0
 10
9.227421091520339
 20
1.414104193082323
 30
0.0
 41
1.0
 10
9.237581404468985
 20
1.402426540957037
 30
0.0
 41
1.0
 10
9.24793474697708
 20
1.387377236215285
 30
0.0
 41
1.0
 10
9.258446470399118
 20
1.368983176535209
 30
0.0
 41
1.0
 10
9.2690782265679
 20
1.34732253234739
 30
0.0
 41
1.0
 10
9.279855865896706
 20
1.322311705782738
 30
0.0
 41
1.0
 10
9.290816759868107
 20
1.293809440397751
 30
0.0
 41
1.0
 10
9.301922559225774
 20
1.261817219631268
 30
0.0
 41
1.0
 10
9.313132155555193
 20
1.226364819851426
 30
0.0
 41
1.0
 10
9.324328867571011
 20
1.18779988891316
 30
0.0
 41
1.0
 10
9.335469977320826
 20
1.146278759985534
 30
0.0
 41
1.0
 10
9.346513574508891
 20
1.101979471161314
 30
0.0
 41
1.0
 10
9.357418654015871
 20
1.055099127311051
 30
0.0
 41
1.0
 10
9.368138724445657
 20
1.005886254463064
 30
0.0
 41
1.0
 10
9.378637433070023
 20
0.9545727330327622
 30
0.0
 41
1.0
 10
9.388880620771942
 20
0.9013994036739063
 30
0.0
 41
1.0
 10
9.398845060290796
 20
0.8465695576671237
 30
0.0
 41
1.0
 10
9.40850479467724
 20
0.790328384709369
 30
0.0
 41
1.0
 10
9.417788278746456
 20
0.7331445980464082
 30
0.0
 41
1.0
 10
9.426786993559515
 20
0.6748123177522416
 30
0.0
 41
1.0
 10
9.436082552313107
 20
0.6150970009276194
 30
0.0
 41
1.0
 10
9.445664267675056
 20
0.5533954010786603
 30
0.0
 41
1.0
 10
9.455608094856415
 20
0.4894050543736627
 30
0.0
 41
1.0
 10
9.465883361011604
 20
0.4232688555620713
 30
0.0
 41
1.0
 10
9.476465520177953
 20
0.3551601690959956
 30
0.0
 41
1.0
 10
9.487251148264023
 20
0.2857428878361929
 30
0.0
 41
1.0
 10
9.49820239969722
 20
0.21525860373157
 30
0.0
 41
1.0
 10
9.509279779295523
 20
0.143962270332338
 30
0.0
 41
1.0
 10
9.520442199737543
 20
0.0721187863755404
 30
0.0
 41
1.0
 10
9.531639331254837
 20
0.000052428921947
 30
0.0
 41
1.0
 10
9.542828397996572
 20
-0.0719616367605909
 30
0.0
 41
1.0
 10
9.553966579275881
 20
-0.143649780993087
 30
0.0
 41
1.0
 10
9.565020447914319
 20
-0.2147943357922486
 30
0.0
 41
1.0
 10
9.575949106372716
 20
-0.285131969194822
 30
0.0
 41
1.0
 10
9.586649526982226
 20
-0.3540013685988015
 30
0.0
 41
1.0
 10
9.597087909280162
 20
-0.4211858188059523
 30
0.0
 41
1.0
 10
9.607234989028484
 20
-0.486494125772822
 30
0.0
 41
1.0
 10
9.617123827531939
 20
-0.550138366745273
 30
0.0
 41
1.0
 10
9.627323050022935
 20
-0.6157930460214516
 30
0.0
 41
1.0
 10
9.637773082782814
 20
-0.6829972675650993
 30
0.0
 41
1.0
 10
9.648416282795324
 20
-0.7517078459406436
 30
0.0
 41
1.0
 10
9.659510593117602
 20
-0.81837240571042
 30
0.0
 41
1.0
 10
9.671008430763663
 20
-0.8832104065472774
 30
0.0
 41
1.0
 10
9.682906845637603
 20
-0.9458958420046316
 30
0.0
 41
1.0
 10
9.694551473698764
 20
-1.003108380072148
 30
0.0
 41
1.0
 10
9.705852877692793
 20
-1.054991668759895
 30
0.0
 41
1.0
 10
9.716733364024207
 20
-1.101778018626134
 30
0.0
 41
1.0
 10
9.727752570544453
 20
-1.145995219418465
 30
0.0
 41
1.0
 10
9.738868370598313
 20
-1.187447867455317
 30
0.0
 41
1.0
 10
9.749974057141571
 20
-1.22572883472577
 30
0.0
 41
1.0
 10
9.761026470362251
 20
-1.260749789486054
 30
0.0
 41
1.0
 10
9.771984657101144
 20
-1.292438423730402
 30
0.0
 41
1.0
 10
9.782876452305233
 20
-1.320939783387359
 30
0.0
 41
1.0
 10
9.793730402862362
 20
-1.346207972516879
 30
0.0
 41
1.0
 10
9.803693041645146
 20
-1.36689754486673
 30
0.0
 41
1.0
 10
9.809989119795542
 20
-1.377607109545863
 30
0.0
 41
1.0
 10
10.12295954910064
 20
-1.906621651471424
 30
0.0
 41
1.0
1001
ACDBBLOCKREPETAG
1070
     1
1071
      182
1005
1A4
1001
AcDbBlockArrayActionTag
1070
     1
  0
LINE
  5
1A5
330
134
100
AcDbEntity
  8
ART_VIDA
100
AcDbLine
 10
10.45453821860428
 20
-1.461087535318028
 30
0.0
 11
10.85941106580219
 21
-1.461087535318028
 31
0.0
1001
ACDBBLOCKREPETAG
1070
     1
1071
      188
1005
1A5
1001
AcDbBlockArrayActionTag
1070
     1
  0
LINE
  5
1A6
330
134
100
AcDbEntity
  8
ART_VIDA
100
AcDbLine
 10
9.77793601211192
 20
1.428268832699075
 30
0.0
 11
10.17422245004275
 21
1.428268832699075
 31
0.0
1001
ACDBBLOCKREPETAG
1070
     1
1071
      189
1005
1A6
1001
AcDbBlockArrayActionTag
1070
     1
  0
LWPOLYLINE
  5
1A7
330
134
100
AcDbEntity
  8
ART_VIDA
100
AcDbPolyline
 90
        7
 70
   128
 43
0.0
 10
11.16573854588546
 20
-1.949999999999988
 10
11.20568217266202
 20
-1.882023233625488
 10
11.32847374565062
 20
-1.673678943809989
 10
11.39483934477471
 20
-1.561559034265939
 10
11.42271154204263
 20
-1.514594920537034
 10
11.44410433839948
 20
-1.478605553189878
 10
11.45453821860428
 20
-1.461087535318028
1001
ACDBBLOCKREPETAG
1070
     1
1071
      178
1005
1A7
1001
AcDbBlockArrayActionTag
1070
     1
  0
LWPOLYLINE
  5
1A8
330
134
100
AcDbEntity
  8
ART_VIDA
100
AcDbPolyline
 90
        7
 70
   128
 43
0.0
 10
10.46302190289725
 20
1.917181295718306
 10
10.42307849598501
 20
1.849204531006478
 10
10.30028714286061
 20
1.64086024119109
 10
10.23392154373664
 20
1.528740331647155
 10
10.20604890674008
 20
1.481776217918138
 10
10.18465655011175
 20
1.445786850570981
 10
10.17422245004275
 20
1.428268832699075
1001
ACDBBLOCKREPETAG
1070
     1
1071
      179
1005
1A8
1001
AcDbBlockArrayActionTag
1070
     1
  0
LWPOLYLINE
  5
1A9
330
134
100
AcDbEntity
  8
ART_VIDA
100
AcDbPolyline
 90
       76
 70
   128
 43
0.0
 10
10.46299771782424
 20
1.916759156263026
 10
10.46623390045101
 20
1.922438251123196
 10
10.47503682728074
 20
1.934622031288938
 10
10.48361021578182
 20
1.943226640520435
 10
10.49193647680988
 20
1.948323314850823
 10
10.5
 20
1.950000000000101
 10
10.50921671144181
 20
1.9478165276401
 10
10.51877223376925
 20
1.941168710675582
 10
10.5286430415025
 20
1.929931446319983
 10
10.53880165160399
 20
1.914007774417143
 10
10.54921816252909
 20
1.893332834998431
 10
10.5596672133704
 20
1.868370761600829
 10
10.57029875158059
 20
1.838797804042825
 10
10.58107693927843
 20
1.804650569730426
 10
10.5919635200762
 20
1.765999964900287
 10
10.60174374371786
 20
1.727770180339574
 10
10.61155101066856
 20
1.686131070016243
 10
10.62135629884062
 20
1.641200371262698
 10
10.6311314656034
 20
1.593114839673319
 10
10.64084748886966
 20
1.542029259715035
 10
10.65047710546628
 20
1.488114575880841
 10
10.65999283235555
 20
1.431556023843369
 10
10.66936916527891
 20
1.372551261607725
 10
10.67985999033726
 20
1.302544929545774
 10
10.69010324819396
 20
1.229948486101647
 10
10.70006749825461
 20
1.155091727724823
 10
10.70972503761732
 20
1.078308738218709
 10
10.71905080175179
 20
0.9999345907759218
 10
10.72802654192105
 20
0.9212779177080959
 10
10.73730019821641
 20
0.8397865891908509
 10
10.74688650154587
 20
0.7555504197904952
 10
10.75676038737924
 20
0.6687852063172386
 10
10.76579724982389
 20
0.5893761576160728
 10
10.77502011746617
 20
0.5083333522700855
 10
10.78440546482579
 20
0.4258606869342998
 10
10.79392910682975
 20
0.3421752776046674
 10
10.80356487962672
 20
0.2575054533562593
 10
10.8132850803147
 20
0.1720889424632332
 10
10.82306288544919
 20
0.086170550081647
 10
10.83286927294284
 20
0.0000000008314487
 10
10.84218844114809
 20
-0.0818920097597698
 10
10.85148342428067
 20
-0.1635675639478791
 10
10.86072915780983
 20
-0.2448121085301977
 10
10.86990189639164
 20
-0.3254148829635142
 10
10.87897833441036
 20
-0.4051706576653375
 10
10.88793560597855
 20
-0.4838815272830175
 10
10.8983105625507
 20
-0.5750497432212001
 10
10.90845773970875
 20
-0.6642132364751207
 10
10.91834591672159
 20
-0.7511034428027302
 10
10.92794783041654
 20
-0.8354765326956794
 10
10.93742442146049
 20
-0.9187515653100604
 10
10.94658748601296
 20
-0.9990701926189442
 10
10.95593039956293
 20
-1.077629685666352
 10
10.96560662739091
 20
-1.154593953287586
 10
10.97559110496706
 20
-1.229625833579063
 10
10.98585568966109
 20
-1.302388934162251
 10
10.99636916074223
 20
-1.37255125994494
 10
11.00527586352143
 20
-1.428679757412339
 10
11.01431008759448
 20
-1.482608182765203
 10
11.02344896707416
 20
-1.534166141171283
 10
11.03267007580189
 20
-1.58319335155619
 10
11.04194922870488
 20
-1.629540635992326
 10
11.05126224070977
 20
-1.673072118342928
 10
11.06224842003519
 20
-1.720597325764686
 10
11.07320689645894
 20
-1.763870907291618
 10
11.08409809440695
 20
-1.802752809365074
 10
11.0948828780339
 20
-1.837136177935349
 10
11.10439112953702
 20
-1.863973913673419
 10
11.11375822815967
 20
-1.887138156692741
 10
11.12295954910064
 20
-1.906621651471424
 10
11.13197266620091
 20
-1.922438249460411
 10
11.140775153302
 20
-1.934622029626041
 10
11.14934854180296
 20
-1.943226638857652
 10
11.15767480283102
 20
-1.948323313188041
 10
11.16573854588546
 20
-1.949999999999988
 10
11.16573854588546
 20
-1.949999999999988
1001
ACDBBLOCKREPETAG
1070
     1
1071
      180
1005
1A9
1001
AcDbBlockArrayActionTag
1070
     1
  0
SPLINE
  5
1AA
330
134
100
AcDbEntity
  8
ART_VIDA
100
AcDbSpline
210
0.0
220
0.0
230
1.0
 70
    12
 71
     3
 72
    65
 73
    61
 74
     0
 42
0.000000001
 43
0.0000000001
 40
0.0
 40
0.0
 40
0.0
 40
0.0
 40
0.0163602606983639
 40
0.0329182024116513
 40
0.0496575376642021
 40
0.0665607257469624
 40
0.0836090138403994
 40
0.1004749814901844
 40
0.1174420913986057
 40
0.1344898214019359
 40
0.151597089127919
 40
0.1690924147343256
 40
0.1866040295610762
 40
0.2041085459313314
 40
0.2215826550484853
 40
0.2390033034860895
 40
0.2563478552169125
 40
0.2735943063275419
 40
0.2906841920726251
 40
0.3076351209769736
 40
0.3244279688188016
 40
0.3410447850280639
 40
0.3574689170459937
 40
0.3734921410382712
 40
0.3896899381770383
 40
0.406068340933344
 40
0.422611190185743
 40
0.4396430634512165
 40
0.4568085111039249
 40
0.4740869695268107
 40
0.4914569337366406
 40
0.5088961985575052
 40
0.5263819884533796
 40
0.5438911304592553
 40
0.561362088002811
 40
0.5788098536220725
 40
0.5962113866201823
 40
0.6135440915287825
 40
0.6307858488956845
 40
0.6476106185239896
 40
0.6643077039536758
 40
0.6808586320479061
 40
0.697245988794702
 40
0.7165183123103059
 40
0.7355971845265275
 40
0.7548937409065876
 40
0.7744426534365158
 40
0.7942160592179284
 40
0.8141839346380727
 40
0.8313926428495403
 40
0.8486990588228401
 40
0.8660813576999171
 40
0.8835170606492004
 40
0.9009832128656148
 40
0.9181447920601531
 40
0.9352914007159778
 40
0.9524011837044547
 40
0.9694525485412256
 40
0.9867696611748128
 40
1.0
 40
1.0
 40
1.0
 40
1.0
 10
11.45453821860428
 20
-1.461087535318028
 30
0.0
 41
1.0
 10
11.42692627420877
 20
-1.460779188614196
 30
0.0
 41
1.0
 10
11.4207769859388
 20
-1.460158769453698
 30
0.0
 41
1.0
 10
11.41120651672463
 20
-1.455104403188784
 30
0.0
 41
1.0
 10
11.4013395069619
 20
-1.446922898727109
 30
0.0
 41
1.0
 10
11.39117953855725
 20
-1.435245240569543
 30
0.0
 41
1.0
 10
11.38082620730392
 20
-1.420195933146088
 30
0.0
 41
1.0
 10
11.37031409334327
 20
-1.401801887302269
 30
0.0
 41
1.0
 10
11.35968258499542
 20
-1.380141223352609
 30
0.0
 41
1.0
 10
11.34890432872055
 20
-1.355130436369847
 30
0.0
 41
1.0
 10
11.3379443790493
 20
-1.326628112801528
 30
0.0
 41
1.0
 10
11.32683800326583
 20
-1.294635934183759
 30
0.0
 41
1.0
 10
11.31562847120608
 20
-1.259183532344819
 30
0.0
 41
1.0
 10
11.30443208650331
 20
-1.220618579556969
 30
0.0
 41
1.0
 10
11.29329089989085
 20
-1.179097463379604
 30
0.0
 41
1.0
 10
11.28224729229578
 20
-1.134798176210096
 30
0.0
 41
1.0
 10
11.27134233020047
 20
-1.087917812424904
 30
0.0
 41
1.0
 10
11.2606217982202
 20
-1.038704988152516
 30
0.0
 41
1.0
 10
11.25012352319777
 20
-0.9873914204541163
 30
0.0
 41
1.0
 10
11.23988034762828
 20
-0.9342180888043571
 30
0.0
 41
1.0
 10
11.22991543844159
 20
-0.8793882966705266
 30
0.0
 41
1.0
 10
11.22025626795084
 20
-0.8231470502188924
 30
0.0
 41
1.0
 10
11.21097228906967
 20
-0.7659633210331549
 30
0.0
 41
1.0
 10
11.20197370377832
 20
-0.7076310170365902
 30
0.0
 41
1.0
 10
11.19267810362567
 20
-0.6479157051408606
 30
0.0
 41
1.0
 10
11.18309642298732
 20
-0.5862141006618913
 30
0.0
 41
1.0
 10
11.1731524983943
 20
-0.5222237776006864
 30
0.0
 41
1.0
 10
11.16287760616774
 20
-0.4560875368759413
 30
0.0
 41
1.0
 10
11.15229534537138
 20
-0.3879788749231352
 30
0.0
 41
1.0
 10
11.14150975110272
 20
-0.3185615888688176
 30
0.0
 41
1.0
 10
11.13055846840302
 20
-0.2480773094824258
 30
0.0
 41
1.0
 10
11.11948117859924
 20
-0.1767809509558447
 30
0.0
 41
1.0
 10
11.10831842058371
 20
-0.1049375077918171
 30
0.0
 41
1.0
 10
11.09712125264866
 20
-0.0328711560567285
 30
0.0
 41
1.0
 10
11.08593266694947
 20
0.0391429840947808
 30
0.0
 41
1.0
 10
11.07479388950116
 20
0.110831025190123
 30
0.0
 41
1.0
 10
11.06374064038857
 20
0.1819756857459538
 30
0.0
 41
1.0
 10
11.05281138620876
 20
0.2523132182827226
 30
0.0
 41
1.0
 10
11.04211144212615
 20
0.3211826889026383
 30
0.0
 41
1.0
 10
11.03167302970746
 20
0.3883671333221059
 30
0.0
 41
1.0
 10
11.02152561045386
 20
0.4536754034415367
 30
0.0
 41
1.0
 10
11.01163685977485
 20
0.5173196667257117
 30
0.0
 41
1.0
 10
11.00143761228185
 20
0.5829743425301786
 30
0.0
 41
1.0
 10
10.99098758936657
 20
0.6501785653807133
 30
0.0
 41
1.0
 10
10.9803443786667
 20
0.7188891425187764
 30
0.0
 41
1.0
 10
10.96925010123595
 20
0.7855537059205631
 30
0.0
 41
1.0
 10
10.9577521420407
 20
0.8503916848141557
 30
0.0
 41
1.0
 10
10.94585419367172
 20
0.9130771722571465
 30
0.0
 41
1.0
 10
10.9342091316397
 20
0.9702896626535562
 30
0.0
 41
1.0
 10
10.92290774909952
 20
1.022172954412154
 30
0.0
 41
1.0
 10
10.91202754822916
 20
1.068959326007528
 30
0.0
 41
1.0
 10
10.90100847406688
 20
1.113176543997552
 30
0.0
 41
1.0
 10
10.88989184655338
 20
1.154629125966379
 30
0.0
 41
1.0
 10
10.87878674850549
 20
1.192910149202304
 30
0.0
 41
1.0
 10
10.86773409010413
 20
1.227931073456488
 30
0.0
 41
1.0
 10
10.8567763168852
 20
1.259619731630039
 30
0.0
 41
1.0
 10
10.84588441129767
 20
1.288121080211737
 30
0.0
 41
1.0
 10
10.83503049866317
 20
1.313389266122725
 30
0.0
 41
1.0
 10
10.8250679505353
 20
1.334078591419029
 30
0.0
 41
1.0
 10
10.81877205713408
 20
1.344787955489379
 30
0.0
 41
1.0
 10
10.53880165160399
 20
1.914007774417143
 30
0.0
 41
1.0
1001
ACDBBLOCKREPETAG
1070
     1
1071
      181
1005
1AA
1001
AcDbBlockArrayActionTag
1070
     1
  0
SPLINE
  5
1AB
330
134
100
AcDbEntity
  8
ART_VIDA
100
AcDbSpline
210
0.0
220
0.0
230
1.0
 70
    12
 71
     3
 72
    65
 73
    61
 74
     0
 42
0.000000001
 43
0.0000000001
 40
0.0
 40
0.0
 40
0.0
 40
0.0
 40
0.0163602505814666
 40
0.0329181820557936
 40
0.0496575069572153
 40
0.0665606921873199
 40
0.0836089697385802
 40
0.1004749191246001
 40
0.1174420185410431
 40
0.1344897300077625
 40
0.1515970032494036
 40
0.1690923099561412
 40
0.1866039139542071
 40
0.2041084275888897
 40
0.2215825259005513
 40
0.2390031635657217
 40
0.256347704571167
 40
0.273594137151177
 40
0.2906840200907863
 40
0.3076349385131622
 40
0.3244277684672279
 40
0.3410445817504112
 40
0.357468696432056
 40
0.3734919105160273
 40
0.3896896976385372
 40
0.406068090266904
 40
0.4226109292896755
 40
0.439642799702618
 40
0.4568082367407016
 40
0.4740866844790796
 40
0.4914566379478175
 40
0.5088958919847368
 40
0.526381662995152
 40
0.543890794173872
 40
0.5613617490066865
 40
0.5788094957639368
 40
0.5962110260341742
 40
0.6135437122513505
 40
0.630785466850766
 40
0.6476102260751122
 40
0.6643072934950128
 40
0.6808582113546196
 40
0.6972455579679399
 40
0.7165178695660867
 40
0.7355967299844759
 40
0.7548932744320945
 40
0.7744421748735306
 40
0.7942155760356277
 40
0.8141834313552822
 40
0.8313921289253737
 40
0.8486985421471755
 40
0.8660808302755329
 40
0.883516506318333
 40
0.9009826558228366
 40
0.9181442244051424
 40
0.9352908305397866
 40
0.9524006029480599
 40
0.9694519572407516
 40
0.9867690591659288
 40
1.0
 40
1.0
 40
1.0
 40
1.0
 10
10.17422245004275
 20
1.428268832699075
 30
0.0
 41
1.0
 10
10.20183439290599
 20
1.427960485957157
 30
0.0
 41
1.0
 10
10.20798367809288
 20
1.427340066719749
 30
0.0
 41
1.0
 10
10.21755417072995
 20
1.422285701039014
 30
0.0
 41
1.0
 10
10.22742109152034
 20
1.414104193082323
 30
0.0
 41
1.0
 10
10.23758140446898
 20
1.402426540957037
 30
0.0
 41
1.0
 10
10.24793474697708
 20
1.387377236215285
 30
0.0
 41
1.0
 10
10.25844647039912
 20
1.368983176535209
 30
0.0
 41
1.0
 10
10.2690782265679
 20
1.34732253234739
 30
0.0
 41
1.0
 10
10.2798558658967
 20
1.322311705782738
 30
0.0
 41
1.0
 10
10.29081675986811
 20
1.293809440397751
 30
0.0
 41
1.0
 10
10.30192255922577
 20
1.261817219631268
 30
0.0
 41
1.0
 10
10.31313215555519
 20
1.226364819851426
 30
0.0
 41
1.0
 10
10.32432886757101
 20
1.18779988891316
 30
0.0
 41
1.0
 10
10.33546997732083
 20
1.146278759985534
 30
0.0
 41
1.0
 10
10.34651357450889
 20
1.101979471161314
 30
0.0
 41
1.0
 10
10.35741865401587
 20
1.055099127311051
 30
0.0
 41
1.0
 10
10.36813872444565
 20
1.005886254463064
 30
0.0
 41
1.0
 10
10.37863743307002
 20
0.9545727330327622
 30
0.0
 41
1.0
 10
10.38888062077194
 20
0.9013994036739063
 30
0.0
 41
1.0
 10
10.39884506029079
 20
0.8465695576671237
 30
0.0
 41
1.0
 10
10.40850479467724
 20
0.790328384709369
 30
0.0
 41
1.0
 10
10.41778827874646
 20
0.7331445980464082
 30
0.0
 41
1.0
 10
10.42678699355952
 20
0.6748123177522416
 30
0.0
 41
1.0
 10
10.43608255231311
 20
0.6150970009276194
 30
0.0
 41
1.0
 10
10.44566426767505
 20
0.5533954010786603
 30
0.0
 41
1.0
 10
10.45560809485641
 20
0.4894050543736627
 30
0.0
 41
1.0
 10
10.4658833610116
 20
0.4232688555620713
 30
0.0
 41
1.0
 10
10.47646552017795
 20
0.3551601690959956
 30
0.0
 41
1.0
 10
10.48725114826402
 20
0.2857428878361929
 30
0.0
 41
1.0
 10
10.49820239969722
 20
0.21525860373157
 30
0.0
 41
1.0
 10
10.50927977929552
 20
0.143962270332338
 30
0.0
 41
1.0
 10
10.52044219973754
 20
0.0721187863755404
 30
0.0
 41
1.0
 10
10.53163933125484
 20
0.000052428921947
 30
0.0
 41
1.0
 10
10.54282839799657
 20
-0.0719616367605909
 30
0.0
 41
1.0
 10
10.55396657927588
 20
-0.143649780993087
 30
0.0
 41
1.0
 10
10.56502044791432
 20
-0.2147943357922486
 30
0.0
 41
1.0
 10
10.57594910637272
 20
-0.285131969194822
 30
0.0
 41
1.0
 10
10.58664952698223
 20
-0.3540013685988015
 30
0.0
 41
1.0
 10
10.59708790928016
 20
-0.4211858188059523
 30
0.0
 41
1.0
 10
10.60723498902848
 20
-0.486494125772822
 30
0.0
 41
1.0
 10
10.61712382753194
 20
-0.550138366745273
 30
0.0
 41
1.0
 10
10.62732305002294
 20
-0.6157930460214516
 30
0.0
 41
1.0
 10
10.63777308278281
 20
-0.6829972675650993
 30
0.0
 41
1.0
 10
10.64841628279532
 20
-0.7517078459406436
 30
0.0
 41
1.0
 10
10.6595105931176
 20
-0.81837240571042
 30
0.0
 41
1.0
 10
10.67100843076366
 20
-0.8832104065472774
 30
0.0
 41
1.0
 10
10.6829068456376
 20
-0.9458958420046316
 30
0.0
 41
1.0
 10
10.69455147369876
 20
-1.003108380072148
 30
0.0
 41
1.0
 10
10.70585287769279
 20
-1.054991668759895
 30
0.0
 41
1.0
 10
10.71673336402421
 20
-1.101778018626134
 30
0.0
 41
1.0
 10
10.72775257054445
 20
-1.145995219418465
 30
0.0
 41
1.0
 10
10.73886837059831
 20
-1.187447867455317
 30
0.0
 41
1.0
 10
10.74997405714157
 20
-1.22572883472577
 30
0.0
 41
1.0
 10
10.76102647036225
 20
-1.260749789486054
 30
0.0
 41
1.0
 10
10.77198465710114
 20
-1.292438423730402
 30
0.0
 41
1.0
 10
10.78287645230523
 20
-1.320939783387359
 30
0.0
 41
1.0
 10
10.79373040286236
 20
-1.346207972516879
 30
0.0
 41
1.0
 10
10.80369304164515
 20
-1.36689754486673
 30
0.0
 41
1.0
 10
10.80998911979554
 20
-1.377607109545863
 30
0.0
 41
1.0
 10
11.12295954910064
 20
-1.906621651471424
 30
0.0
 41
1.0
1001
ACDBBLOCKREPETAG
1070
     1
1071
      182
1005
1AB
1001
AcDbBlockArrayActionTag
1070
     1
  0
LINE
  5
1AC
330
134
100
AcDbEntity
  8
ART_VIDA
100
AcDbLine
 10
11.45453821860428
 20
-1.461087535318028
 30
0.0
 11
11.85941106580219
 21
-1.461087535318028
 31
0.0
1001
ACDBBLOCKREPETAG
1070
     1
1071
      188
1005
1AC
1001
AcDbBlockArrayActionTag
1070
     1
  0
LINE
  5
1AD
330
134
100
AcDbEntity
  8
ART_VIDA
100
AcDbLine
 10
10.77793601211192
 20
1.428268832699075
 30
0.0
 11
11.17422245004275
 21
1.428268832699075
 31
0.0
1001
ACDBBLOCKREPETAG
1070
     1
1071
      189
1005
1AD
1001
AcDbBlockArrayActionTag
1070
     1
  0
LWPOLYLINE
  5
1AE
330
134
100
AcDbEntity
  8
ART_VIDA
100
AcDbPolyline
 90
        7
 70
   128
 43
0.0
 10
12.16573854588546
 20
-1.949999999999988
 10
12.20568217266202
 20
-1.882023233625488
 10
12.32847374565062
 20
-1.673678943809989
 10
12.39483934477471
 20
-1.561559034265939
 10
12.42271154204263
 20
-1.514594920537034
 10
12.44410433839948
 20
-1.478605553189878
 10
12.45453821860428
 20
-1.461087535318028
1001
ACDBBLOCKREPETAG
1070
     1
1071
      178
1005
1AE
1001
AcDbBlockArrayActionTag
1070
     1
  0
LWPOLYLINE
  5
1AF
330
134
100
AcDbEntity
  8
ART_VIDA
100
AcDbPolyline
 90
        7
 70
   128
 43
0.0
 10
11.46302190289725
 20
1.917181295718306
 10
11.42307849598501
 20
1.849204531006478
 10
11.30028714286061
 20
1.64086024119109
 10
11.23392154373664
 20
1.528740331647155
 10
11.20604890674008
 20
1.481776217918138
 10
11.18465655011175
 20
1.445786850570981
 10
11.17422245004275
 20
1.428268832699075
1001
ACDBBLOCKREPETAG
1070
     1
1071
      179
1005
1AF
1001
AcDbBlockArrayActionTag
1070
     1
  0
LWPOLYLINE
  5
1B0
330
134
100
AcDbEntity
  8
ART_VIDA
100
AcDbPolyline
 90
       76
 70
   128
 43
0.0
 10
11.46299771782423
 20
1.916759156263026
 10
11.46623390045101
 20
1.922438251123196
 10
11.47503682728074
 20
1.934622031288938
 10
11.48361021578182
 20
1.943226640520435
 10
11.49193647680988
 20
1.948323314850823
 10
11.5
 20
1.950000000000101
 10
11.50921671144181
 20
1.9478165276401
 10
11.51877223376925
 20
1.941168710675582
 10
11.5286430415025
 20
1.929931446319983
 10
11.53880165160399
 20
1.914007774417143
 10
11.54921816252908
 20
1.893332834998431
 10
11.5596672133704
 20
1.868370761600829
 10
11.57029875158059
 20
1.838797804042825
 10
11.58107693927843
 20
1.804650569730426
 10
11.5919635200762
 20
1.765999964900287
 10
11.60174374371786
 20
1.727770180339574
 10
11.61155101066856
 20
1.686131070016243
 10
11.62135629884062
 20
1.641200371262698
 10
11.6311314656034
 20
1.593114839673319
 10
11.64084748886967
 20
1.542029259715035
 10
11.65047710546628
 20
1.488114575880841
 10
11.65999283235555
 20
1.431556023843369
 10
11.66936916527891
 20
1.372551261607725
 10
11.67985999033726
 20
1.302544929545774
 10
11.69010324819396
 20
1.229948486101647
 10
11.70006749825461
 20
1.155091727724823
 10
11.70972503761732
 20
1.078308738218709
 10
11.71905080175179
 20
0.9999345907759218
 10
11.72802654192105
 20
0.9212779177080959
 10
11.73730019821642
 20
0.8397865891908509
 10
11.74688650154587
 20
0.7555504197904952
 10
11.75676038737924
 20
0.6687852063172386
 10
11.76579724982389
 20
0.5893761576160728
 10
11.77502011746617
 20
0.5083333522700855
 10
11.78440546482579
 20
0.4258606869342998
 10
11.79392910682975
 20
0.3421752776046674
 10
11.80356487962672
 20
0.2575054533562593
 10
11.81328508031469
 20
0.1720889424632332
 10
11.82306288544919
 20
0.086170550081647
 10
11.83286927294284
 20
0.0000000008314487
 10
11.84218844114809
 20
-0.0818920097597698
 10
11.85148342428067
 20
-0.1635675639478791
 10
11.86072915780983
 20
-0.2448121085301977
 10
11.86990189639164
 20
-0.3254148829635142
 10
11.87897833441036
 20
-0.4051706576653375
 10
11.88793560597855
 20
-0.4838815272830175
 10
11.8983105625507
 20
-0.5750497432212001
 10
11.90845773970875
 20
-0.6642132364751207
 10
11.91834591672159
 20
-0.7511034428027302
 10
11.92794783041654
 20
-0.8354765326956794
 10
11.93742442146049
 20
-0.9187515653100604
 10
11.94658748601296
 20
-0.9990701926189442
 10
11.95593039956293
 20
-1.077629685666352
 10
11.96560662739091
 20
-1.154593953287586
 10
11.97559110496706
 20
-1.229625833579063
 10
11.98585568966109
 20
-1.302388934162251
 10
11.99636916074223
 20
-1.37255125994494
 10
12.00527586352143
 20
-1.428679757412339
 10
12.01431008759448
 20
-1.482608182765203
 10
12.02344896707416
 20
-1.534166141171283
 10
12.03267007580189
 20
-1.58319335155619
 10
12.04194922870488
 20
-1.629540635992326
 10
12.05126224070977
 20
-1.673072118342928
 10
12.06224842003519
 20
-1.720597325764686
 10
12.07320689645894
 20
-1.763870907291618
 10
12.08409809440695
 20
-1.802752809365074
 10
12.0948828780339
 20
-1.837136177935349
 10
12.10439112953702
 20
-1.863973913673419
 10
12.11375822815967
 20
-1.887138156692741
 10
12.12295954910064
 20
-1.906621651471424
 10
12.13197266620091
 20
-1.922438249460411
 10
12.140775153302
 20
-1.934622029626041
 10
12.14934854180296
 20
-1.943226638857652
 10
12.15767480283102
 20
-1.948323313188041
 10
12.16573854588546
 20
-1.949999999999988
 10
12.16573854588546
 20
-1.949999999999988
1001
ACDBBLOCKREPETAG
1070
     1
1071
      180
1005
1B0
1001
AcDbBlockArrayActionTag
1070
     1
  0
SPLINE
  5
1B1
330
134
100
AcDbEntity
  8
ART_VIDA
100
AcDbSpline
210
0.0
220
0.0
230
1.0
 70
    12
 71
     3
 72
    65
 73
    61
 74
     0
 42
0.000000001
 43
0.0000000001
 40
0.0
 40
0.0
 40
0.0
 40
0.0
 40
0.0163602606983639
 40
0.0329182024116513
 40
0.0496575376642021
 40
0.0665607257469624
 40
0.0836090138403994
 40
0.1004749814901844
 40
0.1174420913986057
 40
0.1344898214019359
 40
0.151597089127919
 40
0.1690924147343256
 40
0.1866040295610762
 40
0.2041085459313314
 40
0.2215826550484853
 40
0.2390033034860895
 40
0.2563478552169125
 40
0.2735943063275419
 40
0.2906841920726251
 40
0.3076351209769736
 40
0.3244279688188016
 40
0.3410447850280639
 40
0.3574689170459937
 40
0.3734921410382712
 40
0.3896899381770383
 40
0.406068340933344
 40
0.422611190185743
 40
0.4396430634512165
 40
0.4568085111039249
 40
0.4740869695268107
 40
0.4914569337366406
 40
0.5088961985575052
 40
0.5263819884533796
 40
0.5438911304592553
 40
0.561362088002811
 40
0.5788098536220725
 40
0.5962113866201823
 40
0.6135440915287825
 40
0.6307858488956845
 40
0.6476106185239896
 40
0.6643077039536758
 40
0.6808586320479061
 40
0.697245988794702
 40
0.7165183123103059
 40
0.7355971845265275
 40
0.7548937409065876
 40
0.7744426534365158
 40
0.7942160592179284
 40
0.8141839346380727
 40
0.8313926428495403
 40
0.8486990588228401
 40
0.8660813576999171
 40
0.8835170606492004
 40
0.9009832128656148
 40
0.9181447920601531
 40
0.9352914007159778
 40
0.9524011837044547
 40
0.9694525485412256
 40
0.9867696611748128
 40
1.0
 40
1.0
 40
1.0
 40
1.0
 10
12.45453821860428
 20
-1.461087535318028
 30
0.0
 41
1.0
 10
12.42692627420877
 20
-1.460779188614196
 30
0.0
 41
1.0
 10
12.4207769859388
 20
-1.460158769453698
 30
0.0
 41
1.0
 10
12.41120651672463
 20
-1.455104403188784
 30
0.0
 41
1.0
 10
12.4013395069619
 20
-1.446922898727109
 30
0.0
 41
1.0
 10
12.39117953855725
 20
-1.435245240569543
 30
0.0
 41
1.0
 10
12.38082620730392
 20
-1.420195933146088
 30
0.0
 41
1.0
 10
12.37031409334327
 20
-1.401801887302269
 30
0.0
 41
1.0
 10
12.35968258499542
 20
-1.380141223352609
 30
0.0
 41
1.0
 10
12.34890432872055
 20
-1.355130436369847
 30
0.0
 41
1.0
 10
12.3379443790493
 20
-1.326628112801528
 30
0.0
 41
1.0
 10
12.32683800326583
 20
-1.294635934183759
 30
0.0
 41
1.0
 10
12.31562847120608
 20
-1.259183532344819
 30
0.0
 41
1.0
 10
12.30443208650331
 20
-1.220618579556969
 30
0.0
 41
1.0
 10
12.29329089989085
 20
-1.179097463379604
 30
0.0
 41
1.0
 10
12.28224729229578
 20
-1.134798176210096
 30
0.0
 41
1.0
 10
12.27134233020047
 20
-1.087917812424904
 30
0.0
 41
1.0
 10
12.2606217982202
 20
-1.038704988152516
 30
0.0
 41
1.0
 10
12.25012352319777
 20
-0.9873914204541163
 30
0.0
 41
1.0
 10
12.23988034762828
 20
-0.9342180888043571
 30
0.0
 41
1.0
 10
12.22991543844159
 20
-0.8793882966705266
 30
0.0
 41
1.0
 10
12.22025626795084
 20
-0.8231470502188924
 30
0.0
 41
1.0
 10
12.21097228906967
 20
-0.7659633210331549
 30
0.0
 41
1.0
 10
12.20197370377832
 20
-0.7076310170365902
 30
0.0
 41
1.0
 10
12.19267810362566
 20
-0.6479157051408606
 30
0.0
 41
1.0
 10
12.18309642298732
 20
-0.5862141006618913
 30
0.0
 41
1.0
 10
12.1731524983943
 20
-0.5222237776006864
 30
0.0
 41
1.0
 10
12.16287760616774
 20
-0.4560875368759413
 30
0.0
 41
1.0
 10
12.15229534537138
 20
-0.3879788749231352
 30
0.0
 41
1.0
 10
12.14150975110271
 20
-0.3185615888688176
 30
0.0
 41
1.0
 10
12.13055846840302
 20
-0.2480773094824258
 30
0.0
 41
1.0
 10
12.11948117859924
 20
-0.1767809509558447
 30
0.0
 41
1.0
 10
12.10831842058371
 20
-0.1049375077918171
 30
0.0
 41
1.0
 10
12.09712125264866
 20
-0.0328711560567285
 30
0.0
 41
1.0
 10
12.08593266694947
 20
0.0391429840947808
 30
0.0
 41
1.0
 10
12.07479388950116
 20
0.110831025190123
 30
0.0
 41
1.0
 10
12.06374064038857
 20
0.1819756857459538
 30
0.0
 41
1.0
 10
12.05281138620876
 20
0.2523132182827226
 30
0.0
 41
1.0
 10
12.04211144212615
 20
0.3211826889026383
 30
0.0
 41
1.0
 10
12.03167302970746
 20
0.3883671333221059
 30
0.0
 41
1.0
 10
12.02152561045386
 20
0.4536754034415367
 30
0.0
 41
1.0
 10
12.01163685977485
 20
0.5173196667257117
 30
0.0
 41
1.0
 10
12.00143761228185
 20
0.5829743425301786
 30
0.0
 41
1.0
 10
11.99098758936657
 20
0.6501785653807133
 30
0.0
 41
1.0
 10
11.9803443786667
 20
0.7188891425187764
 30
0.0
 41
1.0
 10
11.96925010123595
 20
0.7855537059205631
 30
0.0
 41
1.0
 10
11.9577521420407
 20
0.8503916848141557
 30
0.0
 41
1.0
 10
11.94585419367172
 20
0.9130771722571465
 30
0.0
 41
1.0
 10
11.9342091316397
 20
0.9702896626535562
 30
0.0
 41
1.0
 10
11.92290774909952
 20
1.022172954412154
 30
0.0
 41
1.0
 10
11.91202754822916
 20
1.068959326007528
 30
0.0
 41
1.0
 10
11.90100847406688
 20
1.113176543997552
 30
0.0
 41
1.0
 10
11.88989184655338
 20
1.154629125966379
 30
0.0
 41
1.0
 10
11.87878674850549
 20
1.192910149202304
 30
0.0
 41
1.0
 10
11.86773409010413
 20
1.227931073456488
 30
0.0
 41
1.0
 10
11.8567763168852
 20
1.259619731630039
 30
0.0
 41
1.0
 10
11.84588441129767
 20
1.288121080211737
 30
0.0
 41
1.0
 10
11.83503049866317
 20
1.313389266122725
 30
0.0
 41
1.0
 10
11.8250679505353
 20
1.334078591419029
 30
0.0
 41
1.0
 10
11.81877205713408
 20
1.344787955489379
 30
0.0
 41
1.0
 10
11.53880165160399
 20
1.914007774417143
 30
0.0
 41
1.0
1001
ACDBBLOCKREPETAG
1070
     1
1071
      181
1005
1B1
1001
AcDbBlockArrayActionTag
1070
     1
  0
SPLINE
  5
1B2
330
134
100
AcDbEntity
  8
ART_VIDA
100
AcDbSpline
210
0.0
220
0.0
230
1.0
 70
    12
 71
     3
 72
    65
 73
    61
 74
     0
 42
0.000000001
 43
0.0000000001
 40
0.0
 40
0.0
 40
0.0
 40
0.0
 40
0.0163602505814666
 40
0.0329181820557936
 40
0.0496575069572153
 40
0.0665606921873199
 40
0.0836089697385802
 40
0.1004749191246001
 40
0.1174420185410431
 40
0.1344897300077625
 40
0.1515970032494036
 40
0.1690923099561412
 40
0.1866039139542071
 40
0.2041084275888897
 40
0.2215825259005513
 40
0.2390031635657217
 40
0.256347704571167
 40
0.273594137151177
 40
0.2906840200907863
 40
0.3076349385131622
 40
0.3244277684672279
 40
0.3410445817504112
 40
0.357468696432056
 40
0.3734919105160273
 40
0.3896896976385372
 40
0.406068090266904
 40
0.4226109292896755
 40
0.439642799702618
 40
0.4568082367407016
 40
0.4740866844790796
 40
0.4914566379478175
 40
0.5088958919847368
 40
0.526381662995152
 40
0.543890794173872
 40
0.5613617490066865
 40
0.5788094957639368
 40
0.5962110260341742
 40
0.6135437122513505
 40
0.630785466850766
 40
0.6476102260751122
 40
0.6643072934950128
 40
0.6808582113546196
 40
0.6972455579679399
 40
0.7165178695660867
 40
0.7355967299844759
 40
0.7548932744320945
 40
0.7744421748735306
 40
0.7942155760356277
 40
0.8141834313552822
 40
0.8313921289253737
 40
0.8486985421471755
 40
0.8660808302755329
 40
0.883516506318333
 40
0.9009826558228366
 40
0.9181442244051424
 40
0.9352908305397866
 40
0.9524006029480599
 40
0.9694519572407516
 40
0.9867690591659288
 40
1.0
 40
1.0
 40
1.0
 40
1.0
 10
11.17422245004275
 20
1.428268832699075
 30
0.0
 41
1.0
 10
11.20183439290599
 20
1.427960485957157
 30
0.0
 41
1.0
 10
11.20798367809288
 20
1.427340066719749
 30
0.0
 41
1.0
 10
11.21755417072995
 20
1.422285701039014
 30
0.0
 41
1.0
 10
11.22742109152034
 20
1.414104193082323
 30
0.0
 41
1.0
 10
11.23758140446898
 20
1.402426540957037
 30
0.0
 41
1.0
 10
11.24793474697708
 20
1.387377236215285
 30
0.0
 41
1.0
 10
11.25844647039912
 20
1.368983176535209
 30
0.0
 41
1.0
 10
11.2690782265679
 20
1.34732253234739
 30
0.0
 41
1.0
 10
11.2798558658967
 20
1.322311705782738
 30
0.0
 41
1.0
 10
11.2908167598681
 20
1.293809440397751
 30
0.0
 41
1.0
 10
11.30192255922577
 20
1.261817219631268
 30
0.0
 41
1.0
 10
11.31313215555519
 20
1.226364819851426
 30
0.0
 41
1.0
 10
11.32432886757101
 20
1.18779988891316
 30
0.0
 41
1.0
 10
11.33546997732082
 20
1.146278759985534
 30
0.0
 41
1.0
 10
11.34651357450889
 20
1.101979471161314
 30
0.0
 41
1.0
 10
11.35741865401587
 20
1.055099127311051
 30
0.0
 41
1.0
 10
11.36813872444565
 20
1.005886254463064
 30
0.0
 41
1.0
 10
11.37863743307002
 20
0.9545727330327622
 30
0.0
 41
1.0
 10
11.38888062077194
 20
0.9013994036739063
 30
0.0
 41
1.0
 10
11.39884506029079
 20
0.8465695576671237
 30
0.0
 41
1.0
 10
11.40850479467724
 20
0.790328384709369
 30
0.0
 41
1.0
 10
11.41778827874645
 20
0.7331445980464082
 30
0.0
 41
1.0
 10
11.42678699355951
 20
0.6748123177522416
 30
0.0
 41
1.0
 10
11.43608255231311
 20
0.6150970009276194
 30
0.0
 41
1.0
 10
11.44566426767505
 20
0.5533954010786603
 30
0.0
 41
1.0
 10
11.45560809485641
 20
0.4894050543736627
 30
0.0
 41
1.0
 10
11.4658833610116
 20
0.4232688555620713
 30
0.0
 41
1.0
 10
11.47646552017794
 20
0.3551601690959956
 30
0.0
 41
1.0
 10
11.48725114826402
 20
0.2857428878361929
 30
0.0
 41
1.0
 10
11.49820239969722
 20
0.21525860373157
 30
0.0
 41
1.0
 10
11.50927977929552
 20
0.143962270332338
 30
0.0
 41
1.0
 10
11.52044219973754
 20
0.0721187863755404
 30
0.0
 41
1.0
 10
11.53163933125483
 20
0.000052428921947
 30
0.0
 41
1.0
 10
11.54282839799657
 20
-0.0719616367605909
 30
0.0
 41
1.0
 10
11.55396657927588
 20
-0.143649780993087
 30
0.0
 41
1.0
 10
11.56502044791432
 20
-0.2147943357922486
 30
0.0
 41
1.0
 10
11.57594910637272
 20
-0.285131969194822
 30
0.0
 41
1.0
 10
11.58664952698223
 20
-0.3540013685988015
 30
0.0
 41
1.0
 10
11.59708790928016
 20
-0.4211858188059523
 30
0.0
 41
1.0
 10
11.60723498902848
 20
-0.486494125772822
 30
0.0
 41
1.0
 10
11.61712382753194
 20
-0.550138366745273
 30
0.0
 41
1.0
 10
11.62732305002293
 20
-0.6157930460214516
 30
0.0
 41
1.0
 10
11.63777308278281
 20
-0.6829972675650993
 30
0.0
 41
1.0
 10
11.64841628279532
 20
-0.7517078459406436
 30
0.0
 41
1.0
 10
11.6595105931176
 20
-0.81837240571042
 30
0.0
 41
1.0
 10
11.67100843076366
 20
-0.8832104065472774
 30
0.0
 41
1.0
 10
11.6829068456376
 20
-0.9458958420046316
 30
0.0
 41
1.0
 10
11.69455147369876
 20
-1.003108380072148
 30
0.0
 41
1.0
 10
11.70585287769279
 20
-1.054991668759895
 30
0.0
 41
1.0
 10
11.7167333640242
 20
-1.101778018626134
 30
0.0
 41
1.0
 10
11.72775257054445
 20
-1.145995219418465
 30
0.0
 41
1.0
 10
11.73886837059831
 20
-1.187447867455317
 30
0.0
 41
1.0
 10
11.74997405714157
 20
-1.22572883472577
 30
0.0
 41
1.0
 10
11.76102647036225
 20
-1.260749789486054
 30
0.0
 41
1.0
 10
11.77198465710114
 20
-1.292438423730402
 30
0.0
 41
1.0
 10
11.78287645230523
 20
-1.320939783387359
 30
0.0
 41
1.0
 10
11.79373040286236
 20
-1.346207972516879
 30
0.0
 41
1.0
 10
11.80369304164514
 20
-1.36689754486673
 30
0.0
 41
1.0
 10
11.80998911979554
 20
-1.377607109545863
 30
0.0
 41
1.0
 10
12.12295954910064
 20
-1.906621651471424
 30
0.0
 41
1.0
1001
ACDBBLOCKREPETAG
1070
     1
1071
      182
1005
1B2
1001
AcDbBlockArrayActionTag
1070
     1
  0
LINE
  5
1B3
330
134
100
AcDbEntity
  8
ART_VIDA
100
AcDbLine
 10
12.45453821860428
 20
-1.461087535318028
 30
0.0
 11
12.85941106580219
 21
-1.461087535318028
 31
0.0
1001
ACDBBLOCKREPETAG
1070
     1
1071
      188
1005
1B3
1001
AcDbBlockArrayActionTag
1070
     1
  0
LINE
  5
1B4
330
134
100
AcDbEntity
  8
ART_VIDA
100
AcDbLine
 10
11.77793601211192
 20
1.428268832699075
 30
0.0
 11
12.17422245004275
 21
1.428268832699075
 31
0.0
1001
ACDBBLOCKREPETAG
1070
     1
1071
      189
1005
1B4
1001
AcDbBlockArrayActionTag
1070
     1
  0
LWPOLYLINE
  5
1B5
330
134
100
AcDbEntity
  8
ART_VIDA
100
AcDbPolyline
 90
        7
 70
   128
 43
0.0
 10
13.16573854588546
 20
-1.949999999999988
 10
13.20568217266202
 20
-1.882023233625488
 10
13.32847374565061
 20
-1.673678943809989
 10
13.39483934477471
 20
-1.561559034265939
 10
13.42271154204263
 20
-1.514594920537034
 10
13.44410433839948
 20
-1.478605553189878
 10
13.45453821860428
 20
-1.461087535318028
1001
ACDBBLOCKREPETAG
1070
     1
1071
      178
1005
1B5
1001
AcDbBlockArrayActionTag
1070
     1
  0
LWPOLYLINE
  5
1B6
330
134
100
AcDbEntity
  8
ART_VIDA
100
AcDbPolyline
 90
        7
 70
   128
 43
0.0
 10
12.46302190289725
 20
1.917181295718306
 10
12.42307849598501
 20
1.849204531006478
 10
12.30028714286061
 20
1.64086024119109
 10
12.23392154373664
 20
1.528740331647155
 10
12.20604890674008
 20
1.481776217918138
 10
12.18465655011175
 20
1.445786850570981
 10
12.17422245004275
 20
1.428268832699075
1001
ACDBBLOCKREPETAG
1070
     1
1071
      179
1005
1B6
1001
AcDbBlockArrayActionTag
1070
     1
  0
LWPOLYLINE
  5
1B7
330
134
100
AcDbEntity
  8
ART_VIDA
100
AcDbPolyline
 90
       76
 70
   128
 43
0.0
 10
12.46299771782424
 20
1.916759156263026
 10
12.46623390045101
 20
1.922438251123196
 10
12.47503682728074
 20
1.934622031288938
 10
12.48361021578182
 20
1.943226640520435
 10
12.49193647680988
 20
1.948323314850823
 10
12.5
 20
1.950000000000101
 10
12.50921671144181
 20
1.9478165276401
 10
12.51877223376925
 20
1.941168710675582
 10
12.5286430415025
 20
1.929931446319983
 10
12.53880165160399
 20
1.914007774417143
 10
12.54921816252908
 20
1.893332834998431
 10
12.5596672133704
 20
1.868370761600829
 10
12.57029875158059
 20
1.838797804042825
 10
12.58107693927843
 20
1.804650569730426
 10
12.5919635200762
 20
1.765999964900287
 10
12.60174374371786
 20
1.727770180339574
 10
12.61155101066856
 20
1.686131070016243
 10
12.62135629884062
 20
1.641200371262698
 10
12.6311314656034
 20
1.593114839673319
 10
12.64084748886967
 20
1.542029259715035
 10
12.65047710546628
 20
1.488114575880841
 10
12.65999283235555
 20
1.431556023843369
 10
12.66936916527891
 20
1.372551261607725
 10
12.67985999033726
 20
1.302544929545774
 10
12.69010324819396
 20
1.229948486101647
 10
12.70006749825461
 20
1.155091727724823
 10
12.70972503761732
 20
1.078308738218709
 10
12.71905080175179
 20
0.9999345907759218
 10
12.72802654192105
 20
0.9212779177080959
 10
12.73730019821641
 20
0.8397865891908509
 10
12.74688650154587
 20
0.7555504197904952
 10
12.75676038737924
 20
0.6687852063172386
 10
12.76579724982389
 20
0.5893761576160728
 10
12.77502011746617
 20
0.5083333522700855
 10
12.78440546482579
 20
0.4258606869342998
 10
12.79392910682975
 20
0.3421752776046674
 10
12.80356487962672
 20
0.2575054533562593
 10
12.8132850803147
 20
0.1720889424632332
 10
12.82306288544919
 20
0.086170550081647
 10
12.83286927294284
 20
0.0000000008314487
 10
12.84218844114809
 20
-0.0818920097597698
 10
12.85148342428067
 20
-0.1635675639478791
 10
12.86072915780983
 20
-0.2448121085301977
 10
12.86990189639164
 20
-0.3254148829635142
 10
12.87897833441036
 20
-0.4051706576653375
 10
12.88793560597855
 20
-0.4838815272830175
 10
12.8983105625507
 20
-0.5750497432212001
 10
12.90845773970875
 20
-0.6642132364751207
 10
12.91834591672159
 20
-0.7511034428027302
 10
12.92794783041654
 20
-0.8354765326956794
 10
12.93742442146049
 20
-0.9187515653100604
 10
12.94658748601296
 20
-0.9990701926189442
 10
12.95593039956293
 20
-1.077629685666352
 10
12.96560662739091
 20
-1.154593953287586
 10
12.97559110496706
 20
-1.229625833579063
 10
12.98585568966109
 20
-1.302388934162251
 10
12.99636916074223
 20
-1.37255125994494
 10
13.00527586352143
 20
-1.428679757412339
 10
13.01431008759448
 20
-1.482608182765203
 10
13.02344896707416
 20
-1.534166141171283
 10
13.03267007580189
 20
-1.58319335155619
 10
13.04194922870488
 20
-1.629540635992326
 10
13.05126224070977
 20
-1.673072118342928
 10
13.06224842003519
 20
-1.720597325764686
 10
13.07320689645894
 20
-1.763870907291618
 10
13.08409809440695
 20
-1.802752809365074
 10
13.0948828780339
 20
-1.837136177935349
 10
13.10439112953702
 20
-1.863973913673419
 10
13.11375822815967
 20
-1.887138156692741
 10
13.12295954910064
 20
-1.906621651471424
 10
13.13197266620091
 20
-1.922438249460411
 10
13.140775153302
 20
-1.934622029626041
 10
13.14934854180296
 20
-1.943226638857652
 10
13.15767480283102
 20
-1.948323313188041
 10
13.16573854588546
 20
-1.949999999999988
 10
13.16573854588546
 20
-1.949999999999988
1001
ACDBBLOCKREPETAG
1070
     1
1071
      180
1005
1B7
1001
AcDbBlockArrayActionTag
1070
     1
  0
SPLINE
  5
1B8
330
134
100
AcDbEntity
  8
ART_VIDA
100
AcDbSpline
210
0.0
220
0.0
230
1.0
 70
    12
 71
     3
 72
    65
 73
    61
 74
     0
 42
0.000000001
 43
0.0000000001
 40
0.0
 40
0.0
 40
0.0
 40
0.0
 40
0.0163602606983639
 40
0.0329182024116513
 40
0.0496575376642021
 40
0.0665607257469624
 40
0.0836090138403994
 40
0.1004749814901844
 40
0.1174420913986057
 40
0.1344898214019359
 40
0.151597089127919
 40
0.1690924147343256
 40
0.1866040295610762
 40
0.2041085459313314
 40
0.2215826550484853
 40
0.2390033034860895
 40
0.2563478552169125
 40
0.2735943063275419
 40
0.2906841920726251
 40
0.3076351209769736
 40
0.3244279688188016
 40
0.3410447850280639
 40
0.3574689170459937
 40
0.3734921410382712
 40
0.3896899381770383
 40
0.406068340933344
 40
0.422611190185743
 40
0.4396430634512165
 40
0.4568085111039249
 40
0.4740869695268107
 40
0.4914569337366406
 40
0.5088961985575052
 40
0.5263819884533796
 40
0.5438911304592553
 40
0.561362088002811
 40
0.5788098536220725
 40
0.5962113866201823
 40
0.6135440915287825
 40
0.6307858488956845
 40
0.6476106185239896
 40
0.6643077039536758
 40
0.6808586320479061
 40
0.697245988794702
 40
0.7165183123103059
 40
0.7355971845265275
 40
0.7548937409065876
 40
0.7744426534365158
 40
0.7942160592179284
 40
0.8141839346380727
 40
0.8313926428495403
 40
0.8486990588228401
 40
0.8660813576999171
 40
0.8835170606492004
 40
0.9009832128656148
 40
0.9181447920601531
 40
0.9352914007159778
 40
0.9524011837044547
 40
0.9694525485412256
 40
0.9867696611748128
 40
1.0
 40
1.0
 40
1.0
 40
1.0
 10
13.45453821860428
 20
-1.461087535318028
 30
0.0
 41
1.0
 10
13.42692627420877
 20
-1.460779188614196
 30
0.0
 41
1.0
 10
13.4207769859388
 20
-1.460158769453698
 30
0.0
 41
1.0
 10
13.41120651672463
 20
-1.455104403188784
 30
0.0
 41
1.0
 10
13.4013395069619
 20
-1.446922898727109
 30
0.0
 41
1.0
 10
13.39117953855725
 20
-1.435245240569543
 30
0.0
 41
1.0
 10
13.38082620730392
 20
-1.420195933146088
 30
0.0
 41
1.0
 10
13.37031409334327
 20
-1.401801887302269
 30
0.0
 41
1.0
 10
13.35968258499542
 20
-1.380141223352609
 30
0.0
 41
1.0
 10
13.34890432872055
 20
-1.355130436369847
 30
0.0
 41
1.0
 10
13.3379443790493
 20
-1.326628112801528
 30
0.0
 41
1.0
 10
13.32683800326583
 20
-1.294635934183759
 30
0.0
 41
1.0
 10
13.31562847120608
 20
-1.259183532344819
 30
0.0
 41
1.0
 10
13.30443208650331
 20
-1.220618579556969
 30
0.0
 41
1.0
 10
13.29329089989085
 20
-1.179097463379604
 30
0.0
 41
1.0
 10
13.28224729229578
 20
-1.134798176210096
 30
0.0
 41
1.0
 10
13.27134233020047
 20
-1.087917812424904
 30
0.0
 41
1.0
 10
13.2606217982202
 20
-1.038704988152516
 30
0.0
 41
1.0
 10
13.25012352319777
 20
-0.9873914204541163
 30
0.0
 41
1.0
 10
13.23988034762829
 20
-0.9342180888043571
 30
0.0
 41
1.0
 10
13.22991543844159
 20
-0.8793882966705266
 30
0.0
 41
1.0
 10
13.22025626795084
 20
-0.8231470502188924
 30
0.0
 41
1.0
 10
13.21097228906967
 20
-0.7659633210331549
 30
0.0
 41
1.0
 10
13.20197370377832
 20
-0.7076310170365902
 30
0.0
 41
1.0
 10
13.19267810362567
 20
-0.6479157051408606
 30
0.0
 41
1.0
 10
13.18309642298732
 20
-0.5862141006618913
 30
0.0
 41
1.0
 10
13.1731524983943
 20
-0.5222237776006864
 30
0.0
 41
1.0
 10
13.16287760616774
 20
-0.4560875368759413
 30
0.0
 41
1.0
 10
13.15229534537138
 20
-0.3879788749231352
 30
0.0
 41
1.0
 10
13.14150975110272
 20
-0.3185615888688176
 30
0.0
 41
1.0
 10
13.13055846840302
 20
-0.2480773094824258
 30
0.0
 41
1.0
 10
13.11948117859924
 20
-0.1767809509558447
 30
0.0
 41
1.0
 10
13.10831842058371
 20
-0.1049375077918171
 30
0.0
 41
1.0
 10
13.09712125264866
 20
-0.0328711560567285
 30
0.0
 41
1.0
 10
13.08593266694947
 20
0.0391429840947808
 30
0.0
 41
1.0
 10
13.07479388950116
 20
0.110831025190123
 30
0.0
 41
1.0
 10
13.06374064038857
 20
0.1819756857459538
 30
0.0
 41
1.0
 10
13.05281138620876
 20
0.2523132182827226
 30
0.0
 41
1.0
 10
13.04211144212615
 20
0.3211826889026383
 30
0.0
 41
1.0
 10
13.03167302970746
 20
0.3883671333221059
 30
0.0
 41
1.0
 10
13.02152561045386
 20
0.4536754034415367
 30
0.0
 41
1.0
 10
13.01163685977485
 20
0.5173196667257117
 30
0.0
 41
1.0
 10
13.00143761228184
 20
0.5829743425301786
 30
0.0
 41
1.0
 10
12.99098758936657
 20
0.6501785653807133
 30
0.0
 41
1.0
 10
12.9803443786667
 20
0.7188891425187764
 30
0.0
 41
1.0
 10
12.96925010123596
 20
0.7855537059205631
 30
0.0
 41
1.0
 10
12.9577521420407
 20
0.8503916848141557
 30
0.0
 41
1.0
 10
12.94585419367172
 20
0.9130771722571465
 30
0.0
 41
1.0
 10
12.9342091316397
 20
0.9702896626535562
 30
0.0
 41
1.0
 10
12.92290774909952
 20
1.022172954412154
 30
0.0
 41
1.0
 10
12.91202754822916
 20
1.068959326007528
 30
0.0
 41
1.0
 10
12.90100847406688
 20
1.113176543997552
 30
0.0
 41
1.0
 10
12.88989184655338
 20
1.154629125966379
 30
0.0
 41
1.0
 10
12.87878674850549
 20
1.192910149202304
 30
0.0
 41
1.0
 10
12.86773409010413
 20
1.227931073456488
 30
0.0
 41
1.0
 10
12.8567763168852
 20
1.259619731630039
 30
0.0
 41
1.0
 10
12.84588441129767
 20
1.288121080211737
 30
0.0
 41
1.0
 10
12.83503049866317
 20
1.313389266122725
 30
0.0
 41
1.0
 10
12.8250679505353
 20
1.334078591419029
 30
0.0
 41
1.0
 10
12.81877205713408
 20
1.344787955489379
 30
0.0
 41
1.0
 10
12.53880165160399
 20
1.914007774417143
 30
0.0
 41
1.0
1001
ACDBBLOCKREPETAG
1070
     1
1071
      181
1005
1B8
1001
AcDbBlockArrayActionTag
1070
     1
  0
SPLINE
  5
1B9
330
134
100
AcDbEntity
  8
ART_VIDA
100
AcDbSpline
210
0.0
220
0.0
230
1.0
 70
    12
 71
     3
 72
    65
 73
    61
 74
     0
 42
0.000000001
 43
0.0000000001
 40
0.0
 40
0.0
 40
0.0
 40
0.0
 40
0.0163602505814666
 40
0.0329181820557936
 40
0.0496575069572153
 40
0.0665606921873199
 40
0.0836089697385802
 40
0.1004749191246001
 40
0.1174420185410431
 40
0.1344897300077625
 40
0.1515970032494036
 40
0.1690923099561412
 40
0.1866039139542071
 40
0.2041084275888897
 40
0.2215825259005513
 40
0.2390031635657217
 40
0.256347704571167
 40
0.273594137151177
 40
0.2906840200907863
 40
0.3076349385131622
 40
0.3244277684672279
 40
0.3410445817504112
 40
0.357468696432056
 40
0.3734919105160273
 40
0.3896896976385372
 40
0.406068090266904
 40
0.4226109292896755
 40
0.439642799702618
 40
0.4568082367407016
 40
0.4740866844790796
 40
0.4914566379478175
 40
0.5088958919847368
 40
0.526381662995152
 40
0.543890794173872
 40
0.5613617490066865
 40
0.5788094957639368
 40
0.5962110260341742
 40
0.6135437122513505
 40
0.630785466850766
 40
0.6476102260751122
 40
0.6643072934950128
 40
0.6808582113546196
 40
0.6972455579679399
 40
0.7165178695660867
 40
0.7355967299844759
 40
0.7548932744320945
 40
0.7744421748735306
 40
0.7942155760356277
 40
0.8141834313552822
 40
0.8313921289253737
 40
0.8486985421471755
 40
0.8660808302755329
 40
0.883516506318333
 40
0.9009826558228366
 40
0.9181442244051424
 40
0.9352908305397866
 40
0.9524006029480599
 40
0.9694519572407516
 40
0.9867690591659288
 40
1.0
 40
1.0
 40
1.0
 40
1.0
 10
12.17422245004275
 20
1.428268832699075
 30
0.0
 41
1.0
 10
12.20183439290599
 20
1.427960485957157
 30
0.0
 41
1.0
 10
12.20798367809289
 20
1.427340066719749
 30
0.0
 41
1.0
 10
12.21755417072995
 20
1.422285701039014
 30
0.0
 41
1.0
 10
12.22742109152034
 20
1.414104193082323
 30
0.0
 41
1.0
 10
12.23758140446898
 20
1.402426540957037
 30
0.0
 41
1.0
 10
12.24793474697708
 20
1.387377236215285
 30
0.0
 41
1.0
 10
12.25844647039912
 20
1.368983176535209
 30
0.0
 41
1.0
 10
12.2690782265679
 20
1.34732253234739
 30
0.0
 41
1.0
 10
12.2798558658967
 20
1.322311705782738
 30
0.0
 41
1.0
 10
12.29081675986811
 20
1.293809440397751
 30
0.0
 41
1.0
 10
12.30192255922577
 20
1.261817219631268
 30
0.0
 41
1.0
 10
12.31313215555519
 20
1.226364819851426
 30
0.0
 41
1.0
 10
12.32432886757101
 20
1.18779988891316
 30
0.0
 41
1.0
 10
12.33546997732082
 20
1.146278759985534
 30
0.0
 41
1.0
 10
12.34651357450889
 20
1.101979471161314
 30
0.0
 41
1.0
 10
12.35741865401587
 20
1.055099127311051
 30
0.0
 41
1.0
 10
12.36813872444566
 20
1.005886254463064
 30
0.0
 41
1.0
 10
12.37863743307002
 20
0.9545727330327622
 30
0.0
 41
1.0
 10
12.38888062077194
 20
0.9013994036739063
 30
0.0
 41
1.0
 10
12.39884506029079
 20
0.8465695576671237
 30
0.0
 41
1.0
 10
12.40850479467724
 20
0.790328384709369
 30
0.0
 41
1.0
 10
12.41778827874645
 20
0.7331445980464082
 30
0.0
 41
1.0
 10
12.42678699355951
 20
0.6748123177522416
 30
0.0
 41
1.0
 10
12.43608255231311
 20
0.6150970009276194
 30
0.0
 41
1.0
 10
12.44566426767505
 20
0.5533954010786603
 30
0.0
 41
1.0
 10
12.45560809485641
 20
0.4894050543736627
 30
0.0
 41
1.0
 10
12.4658833610116
 20
0.4232688555620713
 30
0.0
 41
1.0
 10
12.47646552017795
 20
0.3551601690959956
 30
0.0
 41
1.0
 10
12.48725114826402
 20
0.2857428878361929
 30
0.0
 41
1.0
 10
12.49820239969722
 20
0.21525860373157
 30
0.0
 41
1.0
 10
12.50927977929552
 20
0.143962270332338
 30
0.0
 41
1.0
 10
12.52044219973754
 20
0.0721187863755404
 30
0.0
 41
1.0
 10
12.53163933125484
 20
0.000052428921947
 30
0.0
 41
1.0
 10
12.54282839799657
 20
-0.0719616367605909
 30
0.0
 41
1.0
 10
12.55396657927588
 20
-0.143649780993087
 30
0.0
 41
1.0
 10
12.56502044791432
 20
-0.2147943357922486
 30
0.0
 41
1.0
 10
12.57594910637272
 20
-0.285131969194822
 30
0.0
 41
1.0
 10
12.58664952698223
 20
-0.3540013685988015
 30
0.0
 41
1.0
 10
12.59708790928016
 20
-0.4211858188059523
 30
0.0
 41
1.0
 10
12.60723498902848
 20
-0.486494125772822
 30
0.0
 41
1.0
 10
12.61712382753194
 20
-0.550138366745273
 30
0.0
 41
1.0
 10
12.62732305002294
 20
-0.6157930460214516
 30
0.0
 41
1.0
 10
12.63777308278281
 20
-0.6829972675650993
 30
0.0
 41
1.0
 10
12.64841628279532
 20
-0.7517078459406436
 30
0.0
 41
1.0
 10
12.6595105931176
 20
-0.81837240571042
 30
0.0
 41
1.0
 10
12.67100843076366
 20
-0.8832104065472774
 30
0.0
 41
1.0
 10
12.6829068456376
 20
-0.9458958420046316
 30
0.0
 41
1.0
 10
12.69455147369876
 20
-1.003108380072148
 30
0.0
 41
1.0
 10
12.70585287769279
 20
-1.054991668759895
 30
0.0
 41
1.0
 10
12.71673336402421
 20
-1.101778018626134
 30
0.0
 41
1.0
 10
12.72775257054445
 20
-1.145995219418465
 30
0.0
 41
1.0
 10
12.73886837059831
 20
-1.187447867455317
 30
0.0
 41
1.0
 10
12.74997405714157
 20
-1.22572883472577
 30
0.0
 41
1.0
 10
12.76102647036225
 20
-1.260749789486054
 30
0.0
 41
1.0
 10
12.77198465710114
 20
-1.292438423730402
 30
0.0
 41
1.0
 10
12.78287645230523
 20
-1.320939783387359
 30
0.0
 41
1.0
 10
12.79373040286236
 20
-1.346207972516879
 30
0.0
 41
1.0
 10
12.80369304164515
 20
-1.36689754486673
 30
0.0
 41
1.0
 10
12.80998911979554
 20
-1.377607109545863
 30
0.0
 41
1.0
 10
13.12295954910064
 20
-1.906621651471424
 30
0.0
 41
1.0
1001
ACDBBLOCKREPETAG
1070
     1
1071
      182
1005
1B9
1001
AcDbBlockArrayActionTag
1070
     1
  0
LINE
  5
1BA
330
134
100
AcDbEntity
  8
ART_VIDA
100
AcDbLine
 10
13.45453821860428
 20
-1.461087535318028
 30
0.0
 11
13.85941106580219
 21
-1.461087535318028
 31
0.0
1001
ACDBBLOCKREPETAG
1070
     1
1071
      188
1005
1BA
1001
AcDbBlockArrayActionTag
1070
     1
  0
LINE
  5
1BB
330
134
100
AcDbEntity
  8
ART_VIDA
100
AcDbLine
 10
12.77793601211192
 20
1.428268832699075
 30
0.0
 11
13.17422245004275
 21
1.428268832699075
 31
0.0
1001
ACDBBLOCKREPETAG
1070
     1
1071
      189
1005
1BB
1001
AcDbBlockArrayActionTag
1070
     1
  0
LWPOLYLINE
  5
1BC
330
134
100
AcDbEntity
  8
ART_VIDA
100
AcDbPolyline
 90
        7
 70
   128
 43
0.0
 10
14.16573854588546
 20
-1.949999999999988
 10
14.20568217266202
 20
-1.882023233625488
 10
14.32847374565062
 20
-1.673678943809989
 10
14.39483934477471
 20
-1.561559034265939
 10
14.42271154204263
 20
-1.514594920537034
 10
14.44410433839948
 20
-1.478605553189878
 10
14.45453821860428
 20
-1.461087535318028
1001
ACDBBLOCKREPETAG
1070
     1
1071
      178
1005
1BC
1001
AcDbBlockArrayActionTag
1070
     1
  0
LWPOLYLINE
  5
1BD
330
134
100
AcDbEntity
  8
ART_VIDA
100
AcDbPolyline
 90
        7
 70
   128
 43
0.0
 10
13.46302190289725
 20
1.917181295718306
 10
13.42307849598501
 20
1.849204531006478
 10
13.30028714286061
 20
1.64086024119109
 10
13.23392154373664
 20
1.528740331647155
 10
13.20604890674008
 20
1.481776217918138
 10
13.18465655011175
 20
1.445786850570981
 10
13.17422245004275
 20
1.428268832699075
1001
ACDBBLOCKREPETAG
1070
     1
1071
      179
1005
1BD
1001
AcDbBlockArrayActionTag
1070
     1
  0
LWPOLYLINE
  5
1BE
330
134
100
AcDbEntity
  8
ART_VIDA
100
AcDbPolyline
 90
       76
 70
   128
 43
0.0
 10
13.46299771782424
 20
1.916759156263026
 10
13.46623390045101
 20
1.922438251123196
 10
13.47503682728074
 20
1.934622031288938
 10
13.48361021578182
 20
1.943226640520435
 10
13.49193647680988
 20
1.948323314850823
 10
13.5
 20
1.950000000000101
 10
13.50921671144181
 20
1.9478165276401
 10
13.51877223376925
 20
1.941168710675582
 10
13.5286430415025
 20
1.929931446319983
 10
13.53880165160399
 20
1.914007774417143
 10
13.54921816252909
 20
1.893332834998431
 10
13.5596672133704
 20
1.868370761600829
 10
13.57029875158059
 20
1.838797804042825
 10
13.58107693927843
 20
1.804650569730426
 10
13.5919635200762
 20
1.765999964900287
 10
13.60174374371786
 20
1.727770180339574
 10
13.61155101066856
 20
1.686131070016243
 10
13.62135629884062
 20
1.641200371262698
 10
13.6311314656034
 20
1.593114839673319
 10
13.64084748886966
 20
1.542029259715035
 10
13.65047710546628
 20
1.488114575880841
 10
13.65999283235555
 20
1.431556023843369
 10
13.66936916527891
 20
1.372551261607725
 10
13.67985999033726
 20
1.302544929545774
 10
13.69010324819396
 20
1.229948486101647
 10
13.70006749825461
 20
1.155091727724823
 10
13.70972503761732
 20
1.078308738218709
 10
13.71905080175179
 20
0.9999345907759218
 10
13.72802654192105
 20
0.9212779177080959
 10
13.73730019821642
 20
0.8397865891908509
 10
13.74688650154587
 20
0.7555504197904952
 10
13.75676038737924
 20
0.6687852063172386
 10
13.76579724982389
 20
0.5893761576160728
 10
13.77502011746617
 20
0.5083333522700855
 10
13.78440546482579
 20
0.4258606869342998
 10
13.79392910682975
 20
0.3421752776046674
 10
13.80356487962672
 20
0.2575054533562593
 10
13.8132850803147
 20
0.1720889424632332
 10
13.82306288544919
 20
0.086170550081647
 10
13.83286927294284
 20
0.0000000008314487
 10
13.84218844114809
 20
-0.0818920097597698
 10
13.85148342428067
 20
-0.1635675639478791
 10
13.86072915780983
 20
-0.2448121085301977
 10
13.86990189639164
 20
-0.3254148829635142
 10
13.87897833441036
 20
-0.4051706576653375
 10
13.88793560597855
 20
-0.4838815272830175
 10
13.8983105625507
 20
-0.5750497432212001
 10
13.90845773970875
 20
-0.6642132364751207
 10
13.91834591672159
 20
-0.7511034428027302
 10
13.92794783041654
 20
-0.8354765326956794
 10
13.93742442146049
 20
-0.9187515653100604
 10
13.94658748601296
 20
-0.9990701926189442
 10
13.95593039956293
 20
-1.077629685666352
 10
13.96560662739091
 20
-1.154593953287586
 10
13.97559110496706
 20
-1.229625833579063
 10
13.98585568966109
 20
-1.302388934162251
 10
13.99636916074223
 20
-1.37255125994494
 10
14.00527586352143
 20
-1.428679757412339
 10
14.01431008759448
 20
-1.482608182765203
 10
14.02344896707416
 20
-1.534166141171283
 10
14.03267007580189
 20
-1.58319335155619
 10
14.04194922870488
 20
-1.629540635992326
 10
14.05126224070977
 20
-1.673072118342928
 10
14.06224842003519
 20
-1.720597325764686
 10
14.07320689645894
 20
-1.763870907291618
 10
14.08409809440695
 20
-1.802752809365074
 10
14.0948828780339
 20
-1.837136177935349
 10
14.10439112953702
 20
-1.863973913673419
 10
14.11375822815967
 20
-1.887138156692741
 10
14.12295954910064
 20
-1.906621651471424
 10
14.13197266620091
 20
-1.922438249460411
 10
14.140775153302
 20
-1.934622029626041
 10
14.14934854180296
 20
-1.943226638857652
 10
14.15767480283102
 20
-1.948323313188041
 10
14.16573854588546
 20
-1.949999999999988
 10
14.16573854588546
 20
-1.949999999999988
1001
ACDBBLOCKREPETAG
1070
     1
1071
      180
1005
1BE
1001
AcDbBlockArrayActionTag
1070
     1
  0
SPLINE
  5
1BF
330
134
100
AcDbEntity
  8
ART_VIDA
100
AcDbSpline
210
0.0
220
0.0
230
1.0
 70
    12
 71
     3
 72
    65
 73
    61
 74
     0
 42
0.000000001
 43
0.0000000001
 40
0.0
 40
0.0
 40
0.0
 40
0.0
 40
0.0163602606983639
 40
0.0329182024116513
 40
0.0496575376642021
 40
0.0665607257469624
 40
0.0836090138403994
 40
0.1004749814901844
 40
0.1174420913986057
 40
0.1344898214019359
 40
0.151597089127919
 40
0.1690924147343256
 40
0.1866040295610762
 40
0.2041085459313314
 40
0.2215826550484853
 40
0.2390033034860895
 40
0.2563478552169125
 40
0.2735943063275419
 40
0.2906841920726251
 40
0.3076351209769736
 40
0.3244279688188016
 40
0.3410447850280639
 40
0.3574689170459937
 40
0.3734921410382712
 40
0.3896899381770383
 40
0.406068340933344
 40
0.422611190185743
 40
0.4396430634512165
 40
0.4568085111039249
 40
0.4740869695268107
 40
0.4914569337366406
 40
0.5088961985575052
 40
0.5263819884533796
 40
0.5438911304592553
 40
0.561362088002811
 40
0.5788098536220725
 40
0.5962113866201823
 40
0.6135440915287825
 40
0.6307858488956845
 40
0.6476106185239896
 40
0.6643077039536758
 40
0.6808586320479061
 40
0.697245988794702
 40
0.7165183123103059
 40
0.7355971845265275
 40
0.7548937409065876
 40
0.7744426534365158
 40
0.7942160592179284
 40
0.8141839346380727
 40
0.8313926428495403
 40
0.8486990588228401
 40
0.8660813576999171
 40
0.8835170606492004
 40
0.9009832128656148
 40
0.9181447920601531
 40
0.9352914007159778
 40
0.9524011837044547
 40
0.9694525485412256
 40
0.9867696611748128
 40
1.0
 40
1.0
 40
1.0
 40
1.0
 10
14.45453821860428
 20
-1.461087535318028
 30
0.0
 41
1.0
 10
14.42692627420877
 20
-1.460779188614196
 30
0.0
 41
1.0
 10
14.4207769859388
 20
-1.460158769453698
 30
0.0
 41
1.0
 10
14.41120651672463
 20
-1.455104403188784
 30
0.0
 41
1.0
 10
14.4013395069619
 20
-1.446922898727109
 30
0.0
 41
1.0
 10
14.39117953855725
 20
-1.435245240569543
 30
0.0
 41
1.0
 10
14.38082620730392
 20
-1.420195933146088
 30
0.0
 41
1.0
 10
14.37031409334327
 20
-1.401801887302269
 30
0.0
 41
1.0
 10
14.35968258499542
 20
-1.380141223352609
 30
0.0
 41
1.0
 10
14.34890432872055
 20
-1.355130436369847
 30
0.0
 41
1.0
 10
14.3379443790493
 20
-1.326628112801528
 30
0.0
 41
1.0
 10
14.32683800326583
 20
-1.294635934183759
 30
0.0
 41
1.0
 10
14.31562847120608
 20
-1.259183532344819
 30
0.0
 41
1.0
 10
14.30443208650331
 20
-1.220618579556969
 30
0.0
 41
1.0
 10
14.29329089989085
 20
-1.179097463379604
 30
0.0
 41
1.0
 10
14.28224729229578
 20
-1.134798176210096
 30
0.0
 41
1.0
 10
14.27134233020047
 20
-1.087917812424904
 30
0.0
 41
1.0
 10
14.2606217982202
 20
-1.038704988152516
 30
0.0
 41
1.0
 10
14.25012352319777
 20
-0.9873914204541163
 30
0.0
 41
1.0
 10
14.23988034762828
 20
-0.9342180888043571
 30
0.0
 41
1.0
 10
14.22991543844159
 20
-0.8793882966705266
 30
0.0
 41
1.0
 10
14.22025626795084
 20
-0.8231470502188924
 30
0.0
 41
1.0
 10
14.21097228906967
 20
-0.7659633210331549
 30
0.0
 41
1.0
 10
14.20197370377832
 20
-0.7076310170365902
 30
0.0
 41
1.0
 10
14.19267810362567
 20
-0.6479157051408606
 30
0.0
 41
1.0
 10
14.18309642298732
 20
-0.5862141006618913
 30
0.0
 41
1.0
 10
14.1731524983943
 20
-0.5222237776006864
 30
0.0
 41
1.0
 10
14.16287760616774
 20
-0.4560875368759413
 30
0.0
 41
1.0
 10
14.15229534537138
 20
-0.3879788749231352
 30
0.0
 41
1.0
 10
14.14150975110272
 20
-0.3185615888688176
 30
0.0
 41
1.0
 10
14.13055846840302
 20
-0.2480773094824258
 30
0.0
 41
1.0
 10
14.11948117859924
 20
-0.1767809509558447
 30
0.0
 41
1.0
 10
14.10831842058371
 20
-0.1049375077918171
 30
0.0
 41
1.0
 10
14.09712125264866
 20
-0.0328711560567285
 30
0.0
 41
1.0
 10
14.08593266694947
 20
0.0391429840947808
 30
0.0
 41
1.0
 10
14.07479388950116
 20
0.110831025190123
 30
0.0
 41
1.0
 10
14.06374064038857
 20
0.1819756857459538
 30
0.0
 41
1.0
 10
14.05281138620876
 20
0.2523132182827226
 30
0.0
 41
1.0
 10
14.04211144212615
 20
0.3211826889026383
 30
0.0
 41
1.0
 10
14.03167302970746
 20
0.3883671333221059
 30
0.0
 41
1.0
 10
14.02152561045386
 20
0.4536754034415367
 30
0.0
 41
1.0
 10
14.01163685977485
 20
0.5173196667257117
 30
0.0
 41
1.0
 10
14.00143761228185
 20
0.5829743425301786
 30
0.0
 41
1.0
 10
13.99098758936657
 20
0.6501785653807133
 30
0.0
 41
1.0
 10
13.9803443786667
 20
0.7188891425187764
 30
0.0
 41
1.0
 10
13.96925010123595
 20
0.7855537059205631
 30
0.0
 41
1.0
 10
13.9577521420407
 20
0.8503916848141557
 30
0.0
 41
1.0
 10
13.94585419367172
 20
0.9130771722571465
 30
0.0
 41
1.0
 10
13.9342091316397
 20
0.9702896626535562
 30
0.0
 41
1.0
 10
13.92290774909952
 20
1.022172954412154
 30
0.0
 41
1.0
 10
13.91202754822916
 20
1.068959326007528
 30
0.0
 41
1.0
 10
13.90100847406688
 20
1.113176543997552
 30
0.0
 41
1.0
 10
13.88989184655338
 20
1.154629125966379
 30
0.0
 41
1.0
 10
13.87878674850549
 20
1.192910149202304
 30
0.0
 41
1.0
 10
13.86773409010414
 20
1.227931073456488
 30
0.0
 41
1.0
 10
13.8567763168852
 20
1.259619731630039
 30
0.0
 41
1.0
 10
13.84588441129767
 20
1.288121080211737
 30
0.0
 41
1.0
 10
13.83503049866317
 20
1.313389266122725
 30
0.0
 41
1.0
 10
13.8250679505353
 20
1.334078591419029
 30
0.0
 41
1.0
 10
13.81877205713408
 20
1.344787955489379
 30
0.0
 41
1.0
 10
13.53880165160399
 20
1.914007774417143
 30
0.0
 41
1.0
1001
ACDBBLOCKREPETAG
1070
     1
1071
      181
1005
1BF
1001
AcDbBlockArrayActionTag
1070
     1
  0
SPLINE
  5
1C0
330
134
100
AcDbEntity
  8
ART_VIDA
100
AcDbSpline
210
0.0
220
0.0
230
1.0
 70
    12
 71
     3
 72
    65
 73
    61
 74
     0
 42
0.000000001
 43
0.0000000001
 40
0.0
 40
0.0
 40
0.0
 40
0.0
 40
0.0163602505814666
 40
0.0329181820557936
 40
0.0496575069572153
 40
0.0665606921873199
 40
0.0836089697385802
 40
0.1004749191246001
 40
0.1174420185410431
 40
0.1344897300077625
 40
0.1515970032494036
 40
0.1690923099561412
 40
0.1866039139542071
 40
0.2041084275888897
 40
0.2215825259005513
 40
0.2390031635657217
 40
0.256347704571167
 40
0.273594137151177
 40
0.2906840200907863
 40
0.3076349385131622
 40
0.3244277684672279
 40
0.3410445817504112
 40
0.357468696432056
 40
0.3734919105160273
 40
0.3896896976385372
 40
0.406068090266904
 40
0.4226109292896755
 40
0.439642799702618
 40
0.4568082367407016
 40
0.4740866844790796
 40
0.4914566379478175
 40
0.5088958919847368
 40
0.526381662995152
 40
0.543890794173872
 40
0.5613617490066865
 40
0.5788094957639368
 40
0.5962110260341742
 40
0.6135437122513505
 40
0.630785466850766
 40
0.6476102260751122
 40
0.6643072934950128
 40
0.6808582113546196
 40
0.6972455579679399
 40
0.7165178695660867
 40
0.7355967299844759
 40
0.7548932744320945
 40
0.7744421748735306
 40
0.7942155760356277
 40
0.8141834313552822
 40
0.8313921289253737
 40
0.8486985421471755
 40
0.8660808302755329
 40
0.883516506318333
 40
0.9009826558228366
 40
0.9181442244051424
 40
0.9352908305397866
 40
0.9524006029480599
 40
0.9694519572407516
 40
0.9867690591659288
 40
1.0
 40
1.0
 40
1.0
 40
1.0
 10
13.17422245004275
 20
1.428268832699075
 30
0.0
 41
1.0
 10
13.20183439290599
 20
1.427960485957157
 30
0.0
 41
1.0
 10
13.20798367809288
 20
1.427340066719749
 30
0.0
 41
1.0
 10
13.21755417072995
 20
1.422285701039014
 30
0.0
 41
1.0
 10
13.22742109152034
 20
1.414104193082323
 30
0.0
 41
1.0
 10
13.23758140446898
 20
1.402426540957037
 30
0.0
 41
1.0
 10
13.24793474697708
 20
1.387377236215285
 30
0.0
 41
1.0
 10
13.25844647039912
 20
1.368983176535209
 30
0.0
 41
1.0
 10
13.2690782265679
 20
1.34732253234739
 30
0.0
 41
1.0
 10
13.27985586589671
 20
1.322311705782738
 30
0.0
 41
1.0
 10
13.29081675986811
 20
1.293809440397751
 30
0.0
 41
1.0
 10
13.30192255922577
 20
1.261817219631268
 30
0.0
 41
1.0
 10
13.31313215555519
 20
1.226364819851426
 30
0.0
 41
1.0
 10
13.32432886757101
 20
1.18779988891316
 30
0.0
 41
1.0
 10
13.33546997732083
 20
1.146278759985534
 30
0.0
 41
1.0
 10
13.34651357450889
 20
1.101979471161314
 30
0.0
 41
1.0
 10
13.35741865401587
 20
1.055099127311051
 30
0.0
 41
1.0
 10
13.36813872444565
 20
1.005886254463064
 30
0.0
 41
1.0
 10
13.37863743307002
 20
0.9545727330327622
 30
0.0
 41
1.0
 10
13.38888062077194
 20
0.9013994036739063
 30
0.0
 41
1.0
 10
13.39884506029079
 20
0.8465695576671237
 30
0.0
 41
1.0
 10
13.40850479467724
 20
0.790328384709369
 30
0.0
 41
1.0
 10
13.41778827874646
 20
0.7331445980464082
 30
0.0
 41
1.0
 10
13.42678699355952
 20
0.6748123177522416
 30
0.0
 41
1.0
 10
13.43608255231311
 20
0.6150970009276194
 30
0.0
 41
1.0
 10
13.44566426767505
 20
0.5533954010786603
 30
0.0
 41
1.0
 10
13.45560809485641
 20
0.4894050543736627
 30
0.0
 41
1.0
 10
13.46588336101161
 20
0.4232688555620713
 30
0.0
 41
1.0
 10
13.47646552017795
 20
0.3551601690959956
 30
0.0
 41
1.0
 10
13.48725114826402
 20
0.2857428878361929
 30
0.0
 41
1.0
 10
13.49820239969722
 20
0.21525860373157
 30
0.0
 41
1.0
 10
13.50927977929552
 20
0.143962270332338
 30
0.0
 41
1.0
 10
13.52044219973754
 20
0.0721187863755404
 30
0.0
 41
1.0
 10
13.53163933125484
 20
0.000052428921947
 30
0.0
 41
1.0
 10
13.54282839799657
 20
-0.0719616367605909
 30
0.0
 41
1.0
 10
13.55396657927588
 20
-0.143649780993087
 30
0.0
 41
1.0
 10
13.56502044791432
 20
-0.2147943357922486
 30
0.0
 41
1.0
 10
13.57594910637272
 20
-0.285131969194822
 30
0.0
 41
1.0
 10
13.58664952698223
 20
-0.3540013685988015
 30
0.0
 41
1.0
 10
13.59708790928016
 20
-0.4211858188059523
 30
0.0
 41
1.0
 10
13.60723498902848
 20
-0.486494125772822
 30
0.0
 41
1.0
 10
13.61712382753194
 20
-0.550138366745273
 30
0.0
 41
1.0
 10
13.62732305002294
 20
-0.6157930460214516
 30
0.0
 41
1.0
 10
13.63777308278281
 20
-0.6829972675650993
 30
0.0
 41
1.0
 10
13.64841628279532
 20
-0.7517078459406436
 30
0.0
 41
1.0
 10
13.6595105931176
 20
-0.81837240571042
 30
0.0
 41
1.0
 10
13.67100843076366
 20
-0.8832104065472774
 30
0.0
 41
1.0
 10
13.6829068456376
 20
-0.9458958420046316
 30
0.0
 41
1.0
 10
13.69455147369876
 20
-1.003108380072148
 30
0.0
 41
1.0
 10
13.70585287769279
 20
-1.054991668759895
 30
0.0
 41
1.0
 10
13.71673336402421
 20
-1.101778018626134
 30
0.0
 41
1.0
 10
13.72775257054445
 20
-1.145995219418465
 30
0.0
 41
1.0
 10
13.73886837059831
 20
-1.187447867455317
 30
0.0
 41
1.0
 10
13.74997405714157
 20
-1.22572883472577
 30
0.0
 41
1.0
 10
13.76102647036225
 20
-1.260749789486054
 30
0.0
 41
1.0
 10
13.77198465710114
 20
-1.292438423730402
 30
0.0
 41
1.0
 10
13.78287645230523
 20
-1.320939783387359
 30
0.0
 41
1.0
 10
13.79373040286236
 20
-1.346207972516879
 30
0.0
 41
1.0
 10
13.80369304164515
 20
-1.36689754486673
 30
0.0
 41
1.0
 10
13.80998911979554
 20
-1.377607109545863
 30
0.0
 41
1.0
 10
14.12295954910064
 20
-1.906621651471424
 30
0.0
 41
1.0
1001
ACDBBLOCKREPETAG
1070
     1
1071
      182
1005
1C0
1001
AcDbBlockArrayActionTag
1070
     1
  0
LINE
  5
1C1
330
134
100
AcDbEntity
  8
ART_VIDA
100
AcDbLine
 10
14.45453821860428
 20
-1.461087535318028
 30
0.0
 11
14.85941106580219
 21
-1.461087535318028
 31
0.0
1001
ACDBBLOCKREPETAG
1070
     1
1071
      188
1005
1C1
1001
AcDbBlockArrayActionTag
1070
     1
  0
LINE
  5
1C2
330
134
100
AcDbEntity
  8
ART_VIDA
100
AcDbLine
 10
13.77793601211192
 20
1.428268832699075
 30
0.0
 11
14.17422245004275
 21
1.428268832699075
 31
0.0
1001
ACDBBLOCKREPETAG
1070
     1
1071
      189
1005
1C2
1001
AcDbBlockArrayActionTag
1070
     1
  0
LWPOLYLINE
  5
1C3
330
134
100
AcDbEntity
  8
ART_VIDA
100
AcDbPolyline
 90
        7
 70
   128
 43
0.0
 10
15.16573854588546
 20
-1.949999999999988
 10
15.20568217266202
 20
-1.882023233625488
 10
15.32847374565062
 20
-1.673678943809989
 10
15.39483934477471
 20
-1.561559034265939
 10
15.42271154204263
 20
-1.514594920537034
 10
15.44410433839948
 20
-1.478605553189878
 10
15.45453821860428
 20
-1.461087535318028
1001
ACDBBLOCKREPETAG
1070
     1
1071
      178
1005
1C3
1001
AcDbBlockArrayActionTag
1070
     1
  0
LWPOLYLINE
  5
1C4
330
134
100
AcDbEntity
  8
ART_VIDA
100
AcDbPolyline
 90
        7
 70
   128
 43
0.0
 10
14.46302190289725
 20
1.917181295718306
 10
14.42307849598501
 20
1.849204531006478
 10
14.30028714286061
 20
1.64086024119109
 10
14.23392154373664
 20
1.528740331647155
 10
14.20604890674008
 20
1.481776217918138
 10
14.18465655011175
 20
1.445786850570981
 10
14.17422245004275
 20
1.428268832699075
1001
ACDBBLOCKREPETAG
1070
     1
1071
      179
1005
1C4
1001
AcDbBlockArrayActionTag
1070
     1
  0
LWPOLYLINE
  5
1C5
330
134
100
AcDbEntity
  8
ART_VIDA
100
AcDbPolyline
 90
       76
 70
   128
 43
0.0
 10
14.46299771782423
 20
1.916759156263026
 10
14.46623390045101
 20
1.922438251123196
 10
14.47503682728074
 20
1.934622031288938
 10
14.48361021578182
 20
1.943226640520435
 10
14.49193647680988
 20
1.948323314850823
 10
14.5
 20
1.950000000000101
 10
14.50921671144181
 20
1.9478165276401
 10
14.51877223376925
 20
1.941168710675582
 10
14.5286430415025
 20
1.929931446319983
 10
14.53880165160399
 20
1.914007774417143
 10
14.54921816252908
 20
1.893332834998431
 10
14.5596672133704
 20
1.868370761600829
 10
14.57029875158059
 20
1.838797804042825
 10
14.58107693927843
 20
1.804650569730426
 10
14.5919635200762
 20
1.765999964900287
 10
14.60174374371786
 20
1.727770180339574
 10
14.61155101066856
 20
1.686131070016243
 10
14.62135629884062
 20
1.641200371262698
 10
14.6311314656034
 20
1.593114839673319
 10
14.64084748886967
 20
1.542029259715035
 10
14.65047710546628
 20
1.488114575880841
 10
14.65999283235555
 20
1.431556023843369
 10
14.66936916527891
 20
1.372551261607725
 10
14.67985999033726
 20
1.302544929545774
 10
14.69010324819396
 20
1.229948486101647
 10
14.70006749825461
 20
1.155091727724823
 10
14.70972503761732
 20
1.078308738218709
 10
14.71905080175179
 20
0.9999345907759218
 10
14.72802654192105
 20
0.9212779177080959
 10
14.73730019821642
 20
0.8397865891908509
 10
14.74688650154587
 20
0.7555504197904952
 10
14.75676038737924
 20
0.6687852063172386
 10
14.76579724982389
 20
0.5893761576160728
 10
14.77502011746617
 20
0.5083333522700855
 10
14.78440546482579
 20
0.4258606869342998
 10
14.79392910682975
 20
0.3421752776046674
 10
14.80356487962672
 20
0.2575054533562593
 10
14.81328508031469
 20
0.1720889424632332
 10
14.82306288544919
 20
0.086170550081647
 10
14.83286927294284
 20
0.0000000008314487
 10
14.84218844114809
 20
-0.0818920097597698
 10
14.85148342428067
 20
-0.1635675639478791
 10
14.86072915780983
 20
-0.2448121085301977
 10
14.86990189639164
 20
-0.3254148829635142
 10
14.87897833441036
 20
-0.4051706576653375
 10
14.88793560597855
 20
-0.4838815272830175
 10
14.8983105625507
 20
-0.5750497432212001
 10
14.90845773970875
 20
-0.6642132364751207
 10
14.91834591672159
 20
-0.7511034428027302
 10
14.92794783041654
 20
-0.8354765326956794
 10
14.93742442146049
 20
-0.9187515653100604
 10
14.94658748601296
 20
-0.9990701926189442
 10
14.95593039956293
 20
-1.077629685666352
 10
14.96560662739091
 20
-1.154593953287586
 10
14.97559110496706
 20
-1.229625833579063
 10
14.98585568966109
 20
-1.302388934162251
 10
14.99636916074223
 20
-1.37255125994494
 10
15.00527586352143
 20
-1.428679757412339
 10
15.01431008759448
 20
-1.482608182765203
 10
15.02344896707416
 20
-1.534166141171283
 10
15.03267007580189
 20
-1.58319335155619
 10
15.04194922870488
 20
-1.629540635992326
 10
15.05126224070977
 20
-1.673072118342928
 10
15.06224842003519
 20
-1.720597325764686
 10
15.07320689645894
 20
-1.763870907291618
 10
15.08409809440695
 20
-1.802752809365074
 10
15.0948828780339
 20
-1.837136177935349
 10
15.10439112953702
 20
-1.863973913673419
 10
15.11375822815967
 20
-1.887138156692741
 10
15.12295954910064
 20
-1.906621651471424
 10
15.13197266620091
 20
-1.922438249460411
 10
15.140775153302
 20
-1.934622029626041
 10
15.14934854180296
 20
-1.943226638857652
 10
15.15767480283102
 20
-1.948323313188041
 10
15.16573854588546
 20
-1.949999999999988
 10
15.16573854588546
 20
-1.949999999999988
1001
ACDBBLOCKREPETAG
1070
     1
1071
      180
1005
1C5
1001
AcDbBlockArrayActionTag
1070
     1
  0
SPLINE
  5
1C6
330
134
100
AcDbEntity
  8
ART_VIDA
100
AcDbSpline
210
0.0
220
0.0
230
1.0
 70
    12
 71
     3
 72
    65
 73
    61
 74
     0
 42
0.000000001
 43
0.0000000001
 40
0.0
 40
0.0
 40
0.0
 40
0.0
 40
0.0163602606983639
 40
0.0329182024116513
 40
0.0496575376642021
 40
0.0665607257469624
 40
0.0836090138403994
 40
0.1004749814901844
 40
0.1174420913986057
 40
0.1344898214019359
 40
0.151597089127919
 40
0.1690924147343256
 40
0.1866040295610762
 40
0.2041085459313314
 40
0.2215826550484853
 40
0.2390033034860895
 40
0.2563478552169125
 40
0.2735943063275419
 40
0.2906841920726251
 40
0.3076351209769736
 40
0.3244279688188016
 40
0.3410447850280639
 40
0.3574689170459937
 40
0.3734921410382712
 40
0.3896899381770383
 40
0.406068340933344
 40
0.422611190185743
 40
0.4396430634512165
 40
0.4568085111039249
 40
0.4740869695268107
 40
0.4914569337366406
 40
0.5088961985575052
 40
0.5263819884533796
 40
0.5438911304592553
 40
0.561362088002811
 40
0.5788098536220725
 40
0.5962113866201823
 40
0.6135440915287825
 40
0.6307858488956845
 40
0.6476106185239896
 40
0.6643077039536758
 40
0.6808586320479061
 40
0.697245988794702
 40
0.7165183123103059
 40
0.7355971845265275
 40
0.7548937409065876
 40
0.7744426534365158
 40
0.7942160592179284
 40
0.8141839346380727
 40
0.8313926428495403
 40
0.8486990588228401
 40
0.8660813576999171
 40
0.8835170606492004
 40
0.9009832128656148
 40
0.9181447920601531
 40
0.9352914007159778
 40
0.9524011837044547
 40
0.9694525485412256
 40
0.9867696611748128
 40
1.0
 40
1.0
 40
1.0
 40
1.0
 10
15.45453821860428
 20
-1.461087535318028
 30
0.0
 41
1.0
 10
15.42692627420876
 20
-1.460779188614196
 30
0.0
 41
1.0
 10
15.4207769859388
 20
-1.460158769453698
 30
0.0
 41
1.0
 10
15.41120651672463
 20
-1.455104403188784
 30
0.0
 41
1.0
 10
15.4013395069619
 20
-1.446922898727109
 30
0.0
 41
1.0
 10
15.39117953855725
 20
-1.435245240569543
 30
0.0
 41
1.0
 10
15.38082620730392
 20
-1.420195933146088
 30
0.0
 41
1.0
 10
15.37031409334327
 20
-1.401801887302269
 30
0.0
 41
1.0
 10
15.35968258499542
 20
-1.380141223352609
 30
0.0
 41
1.0
 10
15.34890432872055
 20
-1.355130436369847
 30
0.0
 41
1.0
 10
15.3379443790493
 20
-1.326628112801528
 30
0.0
 41
1.0
 10
15.32683800326583
 20
-1.294635934183759
 30
0.0
 41
1.0
 10
15.31562847120608
 20
-1.259183532344819
 30
0.0
 41
1.0
 10
15.30443208650331
 20
-1.220618579556969
 30
0.0
 41
1.0
 10
15.29329089989085
 20
-1.179097463379604
 30
0.0
 41
1.0
 10
15.28224729229578
 20
-1.134798176210096
 30
0.0
 41
1.0
 10
15.27134233020047
 20
-1.087917812424904
 30
0.0
 41
1.0
 10
15.2606217982202
 20
-1.038704988152516
 30
0.0
 41
1.0
 10
15.25012352319777
 20
-0.9873914204541163
 30
0.0
 41
1.0
 10
15.23988034762829
 20
-0.9342180888043571
 30
0.0
 41
1.0
 10
15.22991543844159
 20
-0.8793882966705266
 30
0.0
 41
1.0
 10
15.22025626795084
 20
-0.8231470502188924
 30
0.0
 41
1.0
 10
15.21097228906967
 20
-0.7659633210331549
 30
0.0
 41
1.0
 10
15.20197370377832
 20
-0.7076310170365902
 30
0.0
 41
1.0
 10
15.19267810362566
 20
-0.6479157051408606
 30
0.0
 41
1.0
 10
15.18309642298732
 20
-0.5862141006618913
 30
0.0
 41
1.0
 10
15.1731524983943
 20
-0.5222237776006864
 30
0.0
 41
1.0
 10
15.16287760616774
 20
-0.4560875368759413
 30
0.0
 41
1.0
 10
15.15229534537138
 20
-0.3879788749231352
 30
0.0
 41
1.0
 10
15.14150975110271
 20
-0.3185615888688176
 30
0.0
 41
1.0
 10
15.13055846840302
 20
-0.2480773094824258
 30
0.0
 41
1.0
 10
15.11948117859924
 20
-0.1767809509558447
 30
0.0
 41
1.0
 10
15.10831842058371
 20
-0.1049375077918171
 30
0.0
 41
1.0
 10
15.09712125264866
 20
-0.0328711560567285
 30
0.0
 41
1.0
 10
15.08593266694947
 20
0.0391429840947808
 30
0.0
 41
1.0
 10
15.07479388950116
 20
0.110831025190123
 30
0.0
 41
1.0
 10
15.06374064038857
 20
0.1819756857459538
 30
0.0
 41
1.0
 10
15.05281138620876
 20
0.2523132182827226
 30
0.0
 41
1.0
 10
15.04211144212615
 20
0.3211826889026383
 30
0.0
 41
1.0
 10
15.03167302970746
 20
0.3883671333221059
 30
0.0
 41
1.0
 10
15.02152561045386
 20
0.4536754034415367
 30
0.0
 41
1.0
 10
15.01163685977485
 20
0.5173196667257117
 30
0.0
 41
1.0
 10
15.00143761228185
 20
0.5829743425301786
 30
0.0
 41
1.0
 10
14.99098758936657
 20
0.6501785653807133
 30
0.0
 41
1.0
 10
14.9803443786667
 20
0.7188891425187764
 30
0.0
 41
1.0
 10
14.96925010123596
 20
0.7855537059205631
 30
0.0
 41
1.0
 10
14.9577521420407
 20
0.8503916848141557
 30
0.0
 41
1.0
 10
14.94585419367172
 20
0.9130771722571465
 30
0.0
 41
1.0
 10
14.9342091316397
 20
0.9702896626535562
 30
0.0
 41
1.0
 10
14.92290774909952
 20
1.022172954412154
 30
0.0
 41
1.0
 10
14.91202754822916
 20
1.068959326007528
 30
0.0
 41
1.0
 10
14.90100847406688
 20
1.113176543997552
 30
0.0
 41
1.0
 10
14.88989184655338
 20
1.154629125966379
 30
0.0
 41
1.0
 10
14.87878674850549
 20
1.192910149202304
 30
0.0
 41
1.0
 10
14.86773409010413
 20
1.227931073456488
 30
0.0
 41
1.0
 10
14.8567763168852
 20
1.259619731630039
 30
0.0
 41
1.0
 10
14.84588441129767
 20
1.288121080211737
 30
0.0
 41
1.0
 10
14.83503049866317
 20
1.313389266122725
 30
0.0
 41
1.0
 10
14.8250679505353
 20
1.334078591419029
 30
0.0
 41
1.0
 10
14.81877205713408
 20
1.344787955489379
 30
0.0
 41
1.0
 10
14.53880165160399
 20
1.914007774417143
 30
0.0
 41
1.0
1001
ACDBBLOCKREPETAG
1070
     1
1071
      181
1005
1C6
1001
AcDbBlockArrayActionTag
1070
     1
  0
SPLINE
  5
1C7
330
134
100
AcDbEntity
  8
ART_VIDA
100
AcDbSpline
210
0.0
220
0.0
230
1.0
 70
    12
 71
     3
 72
    65
 73
    61
 74
     0
 42
0.000000001
 43
0.0000000001
 40
0.0
 40
0.0
 40
0.0
 40
0.0
 40
0.0163602505814666
 40
0.0329181820557936
 40
0.0496575069572153
 40
0.0665606921873199
 40
0.0836089697385802
 40
0.1004749191246001
 40
0.1174420185410431
 40
0.1344897300077625
 40
0.1515970032494036
 40
0.1690923099561412
 40
0.1866039139542071
 40
0.2041084275888897
 40
0.2215825259005513
 40
0.2390031635657217
 40
0.256347704571167
 40
0.273594137151177
 40
0.2906840200907863
 40
0.3076349385131622
 40
0.3244277684672279
 40
0.3410445817504112
 40
0.357468696432056
 40
0.3734919105160273
 40
0.3896896976385372
 40
0.406068090266904
 40
0.4226109292896755
 40
0.439642799702618
 40
0.4568082367407016
 40
0.4740866844790796
 40
0.4914566379478175
 40
0.5088958919847368
 40
0.526381662995152
 40
0.543890794173872
 40
0.5613617490066865
 40
0.5788094957639368
 40
0.5962110260341742
 40
0.6135437122513505
 40
0.630785466850766
 40
0.6476102260751122
 40
0.6643072934950128
 40
0.6808582113546196
 40
0.6972455579679399
 40
0.7165178695660867
 40
0.7355967299844759
 40
0.7548932744320945
 40
0.7744421748735306
 40
0.7942155760356277
 40
0.8141834313552822
 40
0.8313921289253737
 40
0.8486985421471755
 40
0.8660808302755329
 40
0.883516506318333
 40
0.9009826558228366
 40
0.9181442244051424
 40
0.9352908305397866
 40
0.9524006029480599
 40
0.9694519572407516
 40
0.9867690591659288
 40
1.0
 40
1.0
 40
1.0
 40
1.0
 10
14.17422245004275
 20
1.428268832699075
 30
0.0
 41
1.0
 10
14.20183439290599
 20
1.427960485957157
 30
0.0
 41
1.0
 10
14.20798367809289
 20
1.427340066719749
 30
0.0
 41
1.0
 10
14.21755417072995
 20
1.422285701039014
 30
0.0
 41
1.0
 10
14.22742109152034
 20
1.414104193082323
 30
0.0
 41
1.0
 10
14.23758140446898
 20
1.402426540957037
 30
0.0
 41
1.0
 10
14.24793474697708
 20
1.387377236215285
 30
0.0
 41
1.0
 10
14.25844647039912
 20
1.368983176535209
 30
0.0
 41
1.0
 10
14.2690782265679
 20
1.34732253234739
 30
0.0
 41
1.0
 10
14.2798558658967
 20
1.322311705782738
 30
0.0
 41
1.0
 10
14.29081675986811
 20
1.293809440397751
 30
0.0
 41
1.0
 10
14.30192255922577
 20
1.261817219631268
 30
0.0
 41
1.0
 10
14.31313215555519
 20
1.226364819851426
 30
0.0
 41
1.0
 10
14.32432886757101
 20
1.18779988891316
 30
0.0
 41
1.0
 10
14.33546997732082
 20
1.146278759985534
 30
0.0
 41
1.0
 10
14.34651357450889
 20
1.101979471161314
 30
0.0
 41
1.0
 10
14.35741865401587
 20
1.055099127311051
 30
0.0
 41
1.0
 10
14.36813872444566
 20
1.005886254463064
 30
0.0
 41
1.0
 10
14.37863743307002
 20
0.9545727330327622
 30
0.0
 41
1.0
 10
14.38888062077194
 20
0.9013994036739063
 30
0.0
 41
1.0
 10
14.39884506029079
 20
0.8465695576671237
 30
0.0
 41
1.0
 10
14.40850479467724
 20
0.790328384709369
 30
0.0
 41
1.0
 10
14.41778827874645
 20
0.7331445980464082
 30
0.0
 41
1.0
 10
14.42678699355951
 20
0.6748123177522416
 30
0.0
 41
1.0
 10
14.43608255231311
 20
0.6150970009276194
 30
0.0
 41
1.0
 10
14.44566426767505
 20
0.5533954010786603
 30
0.0
 41
1.0
 10
14.45560809485641
 20
0.4894050543736627
 30
0.0
 41
1.0
 10
14.4658833610116
 20
0.4232688555620713
 30
0.0
 41
1.0
 10
14.47646552017794
 20
0.3551601690959956
 30
0.0
 41
1.0
 10
14.48725114826402
 20
0.2857428878361929
 30
0.0
 41
1.0
 10
14.49820239969722
 20
0.21525860373157
 30
0.0
 41
1.0
 10
14.50927977929552
 20
0.143962270332338
 30
0.0
 41
1.0
 10
14.52044219973754
 20
0.0721187863755404
 30
0.0
 41
1.0
 10
14.53163933125483
 20
0.000052428921947
 30
0.0
 41
1.0
 10
14.54282839799657
 20
-0.0719616367605909
 30
0.0
 41
1.0
 10
14.55396657927588
 20
-0.143649780993087
 30
0.0
 41
1.0
 10
14.56502044791432
 20
-0.2147943357922486
 30
0.0
 41
1.0
 10
14.57594910637272
 20
-0.285131969194822
 30
0.0
 41
1.0
 10
14.58664952698223
 20
-0.3540013685988015
 30
0.0
 41
1.0
 10
14.59708790928016
 20
-0.4211858188059523
 30
0.0
 41
1.0
 10
14.60723498902848
 20
-0.486494125772822
 30
0.0
 41
1.0
 10
14.61712382753194
 20
-0.550138366745273
 30
0.0
 41
1.0
 10
14.62732305002294
 20
-0.6157930460214516
 30
0.0
 41
1.0
 10
14.63777308278281
 20
-0.6829972675650993
 30
0.0
 41
1.0
 10
14.64841628279532
 20
-0.7517078459406436
 30
0.0
 41
1.0
 10
14.6595105931176
 20
-0.81837240571042
 30
0.0
 41
1.0
 10
14.67100843076366
 20
-0.8832104065472774
 30
0.0
 41
1.0
 10
14.6829068456376
 20
-0.9458958420046316
 30
0.0
 41
1.0
 10
14.69455147369876
 20
-1.003108380072148
 30
0.0
 41
1.0
 10
14.70585287769279
 20
-1.054991668759895
 30
0.0
 41
1.0
 10
14.71673336402421
 20
-1.101778018626134
 30
0.0
 41
1.0
 10
14.72775257054445
 20
-1.145995219418465
 30
0.0
 41
1.0
 10
14.73886837059831
 20
-1.187447867455317
 30
0.0
 41
1.0
 10
14.74997405714157
 20
-1.22572883472577
 30
0.0
 41
1.0
 10
14.76102647036225
 20
-1.260749789486054
 30
0.0
 41
1.0
 10
14.77198465710114
 20
-1.292438423730402
 30
0.0
 41
1.0
 10
14.78287645230523
 20
-1.320939783387359
 30
0.0
 41
1.0
 10
14.79373040286236
 20
-1.346207972516879
 30
0.0
 41
1.0
 10
14.80369304164514
 20
-1.36689754486673
 30
0.0
 41
1.0
 10
14.80998911979554
 20
-1.377607109545863
 30
0.0
 41
1.0
 10
15.12295954910064
 20
-1.906621651471424
 30
0.0
 41
1.0
1001
ACDBBLOCKREPETAG
1070
     1
1071
      182
1005
1C7
1001
AcDbBlockArrayActionTag
1070
     1
  0
LINE
  5
1C8
330
134
100
AcDbEntity
  8
ART_VIDA
100
AcDbLine
 10
15.45453821860428
 20
-1.461087535318028
 30
0.0
 11
15.85941106580219
 21
-1.461087535318028
 31
0.0
1001
ACDBBLOCKREPETAG
1070
     1
1071
      188
1005
1C8
1001
AcDbBlockArrayActionTag
1070
     1
  0
LINE
  5
1C9
330
134
100
AcDbEntity
  8
ART_VIDA
100
AcDbLine
 10
14.77793601211192
 20
1.428268832699075
 30
0.0
 11
15.17422245004275
 21
1.428268832699075
 31
0.0
1001
ACDBBLOCKREPETAG
1070
     1
1071
      189
1005
1C9
1001
AcDbBlockArrayActionTag
1070
     1
  0
ENDBLK
  5
1CA
330
134
100
AcDbEntity
  8
0
100
AcDbBlockEnd
  0
ENDSEC
  0
SECTION
  2
ENTITIES
  0
INSERT
  5
72
102
{ACAD_XDICTIONARY
360
73
102
}
330
2
100
AcDbEntity
  8
KOMPOZIT
100
AcDbBlockReference
  2
*U6
 10
-74424.17818163133
 20
4387.657279627751
 30
0.0
 41
0.9999620003020764
 42
0.9999620003020764
 43
0.9999620003020764
  0
INSERT
  5
B4
330
2
100
AcDbEntity
  8
KOMPOZIT
100
AcDbBlockReference
  2
kompoze orta
 10
-74288.96605690598
 20
4362.378396349835
 30
0.0
  0
ENDSEC
  0
SECTION
  2
OBJECTS
  0
DICTIONARY
  5
A
330
0
100
AcDbDictionary
281
     1
  3
ACAD_COLOR
350
55
  3
ACAD_GROUP
350
4C
  3
ACAD_LAYOUT
350
17
  3
ACAD_MATERIAL
350
C
  3
ACAD_MLEADERSTYLE
350
58
  3
ACAD_MLINESTYLE
350
4D
  3
ACAD_PLOTSETTINGS
350
4E
  3
ACAD_PLOTSTYLENAME
350
9
  3
ACAD_SCALELIST
350
56
  3
ACAD_TABLESTYLE
350
57
  3
ACAD_VISUALSTYLE
350
2C
  3
ACDB_RECOMPOSE_DATA
350
204
  3
AcDbVariableDictionary
350
1FD
  0
DICTIONARY
  5
1F
330
1E
100
AcDbDictionary
280
     1
281
     1
  3
ACAD_LAYERSTATES
360
20
  0
DICTIONARY
  5
7
330
6
100
AcDbDictionary
280
     1
281
     1
  0
DICTIONARY
  5
103
330
102
100
AcDbDictionary
280
     1
281
     1
  0
DICTIONARY
  5
EA
330
E9
100
AcDbDictionary
280
     1
281
     1
  0
DICTIONARY
  5
E7
330
E6
100
AcDbDictionary
280
     1
281
     1
  0
DICTIONARY
  5
FD
330
FC
100
AcDbDictionary
280
     1
281
     1
  0
DICTIONARY
  5
83
330
82
100
AcDbDictionary
280
     1
281
     1
  0
DICTIONARY
  5
3
330
2
100
AcDbDictionary
280
     1
281
     1
  3
ACAD_SORTENTS
360
1FC
  0
DICTIONARY
  5
3C
330
3B
100
AcDbDictionary
280
     1
281
     1
  3
ACAD_SORTENTS
360
1F8
  0
DICTIONARY
  5
45
330
44
100
AcDbDictionary
280
     1
281
     1
  3
ACAD_SORTENTS
360
1F7
  0
DICTIONARY
  5
D2
330
D1
100
AcDbDictionary
280
     1
281
     1
  3
ACAD_ENHANCEDBLOCK
360
D3
  3
ACAD_LAYOUTSELFREF
360
E1
  3
ACAD_SORTENTS
360
1F9
  3
AcDbDynamicBlockRoundTripPurgePreventer
360
E3
  0
DICTIONARY
  5
B9
330
B8
100
AcDbDictionary
280
     1
281
     1
  3
ACAD_SORTENTS
360
1FA
  0
DICTIONARY
  5
77
330
76
100
AcDbDictionary
280
     1
281
     1
  3
ACAD_ENHANCEDBLOCK
360
78
  3
AcDbDynamicBlockRoundTripPurgePreventer
360
7F
  0
DICTIONARY
  5
8E
330
8D
100
AcDbDictionary
280
     1
281
     1
  0
DICTIONARY
  5
135
330
134
100
AcDbDictionary
280
     1
281
     1
  3
ACAD_SORTENTS
360
1FB
  0
DICTIONARY
  5
CE
330
CD
100
AcDbDictionary
280
     1
281
     1
  3
AcDbBlockRepresentation
360
CF
  0
DICTIONARY
  5
1CC
330
1CB
100
AcDbDictionary
280
     1
281
     1
  3
AcDbBlockRepresentation
360
1CD
  0
DICTIONARY
  5
1D8
330
1D7
100
AcDbDictionary
280
     1
281
     1
  3
AcDbBlockRepresentation
360
1D9
  0
DICTIONARY
  5
1E7
330
1E6
100
AcDbDictionary
280
     1
281
     1
  3
AcDbBlockRepresentation
360
1E8
  0
DICTIONARY
  5
73
330
72
100
AcDbDictionary
280
     1
281
     1
  3
AcDbBlockRepresentation
360
74
  0
DICTIONARY
  5
55
102
{ACAD_REACTORS
330
A
102
}
330
A
100
AcDbDictionary
281
     1
  0
DICTIONARY
  5
4C
102
{ACAD_REACTORS
330
A
102
}
330
A
100
AcDbDictionary
281
     1
  0
DICTIONARY
  5
17
102
{ACAD_REACTORS
330
A
102
}
330
A
100
AcDbDictionary
281
     1
  3
Layout1
350
1D
  3
Model
350
16
  0
DICTIONARY
  5
C
102
{ACAD_REACTORS
330
A
102
}
330
A
100
AcDbDictionary
281
     1
  3
ByBlock
350
52
  3
ByLayer
350
4F
  3
Global
350
B
  0
DICTIONARY
  5
58
102
{ACAD_REACTORS
330
A
102
}
330
A
100
AcDbDictionary
281
     1
  0
DICTIONARY
  5
4D
102
{ACAD_REACTORS
330
A
102
}
330
A
100
AcDbDictionary
281
     1
  3
Standard
350
5C
  0
DICTIONARY
  5
4E
102
{ACAD_REACTORS
330
A
102
}
330
A
100
AcDbDictionary
281
     1
  0
ACDBDICTIONARYWDFLT
  5
9
102
{ACAD_REACTORS
330
A
102
}
330
A
100
AcDbDictionary
281
     1
  3
Normal
350
8
100
AcDbDictionaryWithDefault
340
8
  0
DICTIONARY
  5
56
102
{ACAD_REACTORS
330
A
102
}
330
A
100
AcDbDictionary
281
     1
  3
A0
350
61
  3
A1
350
62
  3
A2
350
63
  3
A3
350
64
  3
A4
350
65
  3
A5
350
66
  3
A6
350
67
  3
A7
350
68
  3
A8
350
69
  3
A9
350
6A
  3
B0
350
6B
  3
B1
350
6C
  3
B2
350
6D
  3
B3
350
6E
  3
B4
350
6F
  3
B5
350
70
  3
B6
350
71
  0
DICTIONARY
  5
57
102
{ACAD_REACTORS
330
A
102
}
330
A
100
AcDbDictionary
281
     1
  3
Standard
350
5D
  0
DICTIONARY
  5
2C
102
{ACAD_REACTORS
330
A
102
}
330
A
100
AcDbDictionary
281
     1
  3
2dWireframe
350
2B
  3
Realistic
350
5F
  3
Wireframe
350
60
  0
XRECORD
  5
204
102
{ACAD_REACTORS
330
A
102
}
330
A
100
AcDbXrecord
280
     1
 90
        1
330
5D
  0
DICTIONARY
  5
1FD
102
{ACAD_REACTORS
330
A
102
}
330
A
100
AcDbDictionary
281
     1
  3
CANNOSCALE
350
202
  3
CMLEADERSTYLE
350
1FF
  3
CTABLESTYLE
350
1FE
  3
CVIEWDETAILSTYLE
350
200
  3
CVIEWSECTIONSTYLE
350
201
  0
DICTIONARY
  5
20
102
{ACAD_REACTORS
330
1F
102
}
330
1F
100
AcDbDictionary
281
     1
  0
SORTENTSTABLE
  5
1FC
102
{ACAD_REACTORS
330
3
102
}
330
3
100
AcDbSortentsTable
330
2
  0
SORTENTSTABLE
  5
1F8
102
{ACAD_REACTORS
330
3C
102
}
330
3C
100
AcDbSortentsTable
330
3B
  0
SORTENTSTABLE
  5
1F7
102
{ACAD_REACTORS
330
45
102
}
330
45
100
AcDbSortentsTable
330
44
  0
ACAD_EVALUATION_GRAPH
  5
D3
102
{ACAD_REACTORS
330
D2
102
}
330
D2
100
AcDbEvalGraph
 96
       47
 97
       47
 91
        0
 93
       32
 95
        9
360
D4
 92
       -1
 92
       -1
 92
       -1
 92
       -1
 91
        1
 93
       32
 95
       12
360
D5
 92
        0
 92
        8
 92
        1
 92
        9
 91
        2
 93
       32
 95
       13
360
D6
 92
       -1
 92
       -1
 92
        0
 92
        0
 91
        3
 93
       32
 95
       14
360
D7
 92
        1
 92
        1
 92
       -1
 92
       -1
 91
        4
 93
       32
 95
       15
360
D8
 92
        2
 92
        2
 92
       -1
 92
       -1
 91
        5
 93
       32
 95
       16
360
D9
 92
        3
 92
        3
 92
        4
 92
        5
 91
        6
 93
       32
 95
       17
360
DA
 92
       -1
 92
       -1
 92
        3
 92
        3
 91
        7
 93
       32
 95
       18
360
DB
 92
        4
 92
        4
 92
       -1
 92
       -1
 91
        8
 93
       32
 95
       19
360
DC
 92
        5
 92
        5
 92
       -1
 92
       -1
 91
        9
 93
       32
 95
       32
360
DD
 92
        7
 92
        7
 92
        6
 92
       11
 91
       10
 93
       32
 95
       41
360
DE
 92
        6
 92
        9
 92
        7
 92
        8
 91
       11
 93
       32
 95
       45
360
DF
 92
       10
 92
       10
 92
       -1
 92
       -1
 91
       12
 93
       32
 95
       47
360
E0
 92
       11
 92
       11
 92
       -1
 92
       -1
 92
        0
 93
        0
 94
        1
 91
        2
 91
        1
 92
       -1
 92
        8
 92
       -1
 92
       -1
 92
       -1
 92
        1
 93
        0
 94
        1
 91
        1
 91
        3
 92
       -1
 92
       -1
 92
       -1
 92
        2
 92
       -1
 92
        2
 93
        0
 94
        1
 91
        1
 91
        4
 92
       -1
 92
       -1
 92
        1
 92
        9
 92
       -1
 92
        3
 93
        0
 94
        1
 91
        6
 91
        5
 92
       -1
 92
       -1
 92
       -1
 92
       -1
 92
       -1
 92
        4
 93
        0
 94
        1
 91
        5
 91
        7
 92
       -1
 92
       -1
 92
       -1
 92
        5
 92
       -1
 92
        5
 93
        0
 94
        1
 91
        5
 91
        8
 92
       -1
 92
       -1
 92
        4
 92
       -1
 92
       -1
 92
        6
 93
        4
 94
        1
 91
        9
 91
       10
 92
       -1
 92
        9
 92
       -1
 92
       10
 92
        7
 92
        7
 93
        4
 94
        1
 91
       10
 91
        9
 92
       -1
 92
       -1
 92
       -1
 92
        8
 92
        6
 92
        8
 93
        4
 94
        1
 91
       10
 91
        1
 92
        0
 92
       -1
 92
        7
 92
       -1
 92
        9
 92
        9
 93
        4
 94
        1
 91
        1
 91
       10
 92
        6
 92
       -1
 92
        2
 92
       -1
 92
        8
 92
       10
 93
        0
 94
        2
 91
        9
 91
       11
 92
       -1
 92
       -1
 92
        6
 92
       11
 92
       -1
 92
       11
 93
        0
 94
        4
 91
        9
 91
       12
 92
       -1
 92
       -1
 92
       10
 92
       -1
 92
       -1
  0
XRECORD
  5
E1
102
{ACAD_REACTORS
330
D2
102
}
330
D2
100
AcDbXrecord
280
     1
340
0
  0
SORTENTSTABLE
  5
1F9
102
{ACAD_REACTORS
330
D2
102
}
330
D2
100
AcDbSortentsTable
330
D1
  0
ACDB_DYNAMICBLOCKPURGEPREVENTER_VERSION
  5
E3
102
{ACAD_REACTORS
330
D2
102
}
330
D2
100
AcDbDynamicBlockPurgePreventer
 70
     1
  0
SORTENTSTABLE
  5
1FA
102
{ACAD_REACTORS
330
B9
102
}
330
B9
100
AcDbSortentsTable
330
B8
  0
ACAD_EVALUATION_GRAPH
  5
78
102
{ACAD_REACTORS
330
77
102
}
330
77
100
AcDbEvalGraph
 96
        9
 97
        9
 91
        0
 93
       32
 95
        2
360
79
 92
        2
 92
        2
 92
        0
 92
        3
 91
        1
 93
       32
 95
        3
360
7B
 92
       -1
 92
       -1
 92
        2
 92
        2
 91
        2
 93
       32
 95
        4
360
7C
 92
        0
 92
        0
 92
       -1
 92
       -1
 91
        3
 93
       32
 95
        5
360
7D
 92
        1
 92
        1
 92
       -1
 92
       -1
 91
        4
 93
       32
 95
        9
360
7E
 92
        3
 92
        3
 92
       -1
 92
       -1
 92
        0
 93
        0
 94
        1
 91
        0
 91
        2
 92
       -1
 92
       -1
 92
       -1
 92
        1
 92
       -1
 92
        1
 93
        0
 94
        1
 91
        0
 91
        3
 92
       -1
 92
       -1
 92
        0
 92
        3
 92
       -1
 92
        2
 93
        0
 94
        2
 91
        1
 91
        0
 92
       -1
 92
       -1
 92
       -1
 92
       -1
 92
       -1
 92
        3
 93
        0
 94
        4
 91
        0
 91
        4
 92
       -1
 92
       -1
 92
        1
 92
       -1
 92
       -1
  0
ACDB_DYNAMICBLOCKPURGEPREVENTER_VERSION
  5
7F
102
{ACAD_REACTORS
330
77
102
}
330
77
100
AcDbDynamicBlockPurgePreventer
 70
     1
  0
SORTENTSTABLE
  5
1FB
102
{ACAD_REACTORS
330
135
102
}
330
135
100
AcDbSortentsTable
330
134
  0
DICTIONARY
  5
CF
102
{ACAD_REACTORS
330
CE
102
}
330
CE
100
AcDbDictionary
280
     1
281
     1
  3
AcDbRepData
360
D0
  3
AppDataCache
360
12D
  0
DICTIONARY
  5
1CD
102
{ACAD_REACTORS
330
1CC
102
}
330
1CC
100
AcDbDictionary
280
     1
281
     1
  3
AcDbRepData
360
1CE
  3
AppDataCache
360
1CF
  0
DICTIONARY
  5
1D9
102
{ACAD_REACTORS
330
1D8
102
}
330
1D8
100
AcDbDictionary
280
     1
281
     1
  3
AcDbRepData
360
1DA
  3
AppDataCache
360
1DB
  0
DICTIONARY
  5
1E8
102
{ACAD_REACTORS
330
1E7
102
}
330
1E7
100
AcDbDictionary
280
     1
281
     1
  3
AcDbRepData
360
1E9
  3
AppDataCache
360
1EA
  0
DICTIONARY
  5
74
102
{ACAD_REACTORS
330
73
102
}
330
73
100
AcDbDictionary
280
     1
281
     1
  3
AcDbRepData
360
75
  3
AppDataCache
360
8A
  0
LAYOUT
  5
1D
102
{ACAD_REACTORS
330
17
102
}
330
17
100
AcDbPlotSettings
  1

  2
Adobe PDF
  4
A4
  6

 40
3.174999952316283
 41
3.174999952316283
 42
3.175003051757812
 43
3.17498779296875
 44
209.9733276367186
 45
297.0318298339844
 46
0.0
 47
0.0
 48
0.0
 49
0.0
140
0.0
141
0.0
142
1.0
143
1.0
 70
   688
 72
     1
 73
     1
 74
     5
  7

 75
    16
147
1.0
 76
     0
 77
     2
 78
   300
148
0.0
149
0.0
100
AcDbLayout
  1
Layout1
 70
     1
 71
     1
 10
-3.17498779296875
 20
-3.174999952316283
 11
293.8568420410156
 21
206.7983276844024
 12
0.0
 22
0.0
 32
0.0
 14
29.06818420886992
 24
20.36233246326446
 34
0.0
 15
261.6136578798294
 25
183.2609921693802
 35
0.0
146
0.0
 13
0.0
 23
0.0
 33
0.0
 16
1.0
 26
0.0
 36
0.0
 17
0.0
 27
1.0
 37
0.0
 76
     0
330
1A
1001
ACAD_PSEXT
1000
Adobe PDF
1000
Adobe PDF Converter
1000
Documents\*.pdf
1000

1070
     0
  0
LAYOUT
  5
16
102
{ACAD_XDICTIONARY
360
18
102
}
102
{ACAD_REACTORS
330
17
102
}
330
17
100
AcDbPlotSettings
  1

  2
none_device
  4
ISO_A4_(210.00_x_297.00_MM)
  6

 40
7.5
 41
20.0
 42
7.5
 43
20.0
 44
210.0
 45
297.0
 46
11.54999923706054
 47
-13.65000009536743
 48
0.0
 49
0.0
140
0.0
141
0.0
142
1.0
143
8.704084754739808
 70
 11952
 72
     1
 73
     0
 74
     0
  7

 75
     0
147
0.1148885871608098
 76
     0
 77
     2
 78
   300
148
0.0
149
0.0
100
AcDbLayout
  1
Model
 70
     1
 71
     0
 10
0.0
 20
0.0
 11
12.0
 21
9.0
 12
0.0
 22
0.0
 32
0.0
 14
0.0
 24
0.0
 34
0.0
 15
0.0
 25
0.0
 35
0.0
146
0.0
 13
0.0
 23
0.0
 33
0.0
 16
1.0
 26
0.0
 36
0.0
 17
0.0
 27
1.0
 37
0.0
 76
     0
330
2
331
2A
1001
ACAD_PSEXT
1000
None
1000
None
1000
Not applicable
1000
The layout will not be plotted unless a new plotter configuration name is selected.
1070
     0
  0
MATERIAL
  5
52
102
{ACAD_XDICTIONARY
360
53
102
}
102
{ACAD_REACTORS
330
C
102
}
330
C
100
AcDbMaterial
  1
ByBlock
 94
       63
  0
MATERIAL
  5
4F
102
{ACAD_XDICTIONARY
360
50
102
}
102
{ACAD_REACTORS
330
C
102
}
330
C
100
AcDbMaterial
  1
ByLayer
 94
       63
  0
MATERIAL
  5
B
102
{ACAD_XDICTIONARY
360
D
102
}
102
{ACAD_REACTORS
330
C
102
}
330
C
100
AcDbMaterial
  1
Global
 43
0.0007999999797903
 43
0.0
 43
0.0
 43
0.0
 43
0.0
 43
0.0007999999797903
 43
0.0
 43
0.0
 43
0.0
 43
0.0
 43
1.0
 43
0.0
 43
0.0
 43
0.0
 43
0.0
 43
1.0
 49
0.0007999999797903
 49
0.0
 49
0.0
 49
0.0
 49
0.0
 49
0.0007999999797903
 49
0.0
 49
0.0
 49
0.0
 49
0.0
 49
1.0
 49
0.0
 49
0.0
 49
0.0
 49
0.0
 49
1.0
142
0.0007999999797903
142
0.0
142
0.0
142
0.0
142
0.0
142
0.0007999999797903
142
0.0
142
0.0
142
0.0
142
0.0
142
1.0
142
0.0
142
0.0
142
0.0
142
0.0
142
1.0
144
0.0007999999797903
144
0.0
144
0.0
144
0.0
144
0.0
144
0.0007999999797903
144
0.0
144
0.0
144
0.0
144
0.0
144
1.0
144
0.0
144
0.0
144
0.0
144
0.0
144
1.0
 94
       63
1001
ACAD
1070
    -1
1070
     3
1070
     0
1000

1071
        0
1070
     0
  0
MLINESTYLE
  5
5C
102
{ACAD_REACTORS
330
4D
102
}
330
4D
100
AcDbMlineStyle
  2
STANDARD
 70
     0
  3

 62
   256
 51
90.0
 52
90.0
 71
     2
 49
0.5
 62
   256
  6
BYLAYER
 49
-0.5
 62
   256
  6
BYLAYER
  0
ACDBPLACEHOLDER
  5
8
102
{ACAD_REACTORS
330
9
102
}
330
9
  0
SCALE
  5
61
102
{ACAD_REACTORS
330
56
102
}
330
56
100
AcDbScale
 70
     0
300
1:1
140
1.0
141
1.0
290
     1
  0
SCALE
  5
62
102
{ACAD_REACTORS
330
56
102
}
330
56
100
AcDbScale
 70
     0
300
1:2
140
1.0
141
2.0
290
     0
  0
SCALE
  5
63
102
{ACAD_REACTORS
330
56
102
}
330
56
100
AcDbScale
 70
     0
300
1:4
140
1.0
141
4.0
290
     0
  0
SCALE
  5
64
102
{ACAD_REACTORS
330
56
102
}
330
56
100
AcDbScale
 70
     0
300
1:5
140
1.0
141
5.0
290
     0
  0
SCALE
  5
65
102
{ACAD_REACTORS
330
56
102
}
330
56
100
AcDbScale
 70
     0
300
1:8
140
1.0
141
8.0
290
     0
  0
SCALE
  5
66
102
{ACAD_REACTORS
330
56
102
}
330
56
100
AcDbScale
 70
     0
300
1:10
140
1.0
141
10.0
290
     0
  0
SCALE
  5
67
102
{ACAD_REACTORS
330
56
102
}
330
56
100
AcDbScale
 70
     0
300
1:16
140
1.0
141
16.0
290
     0
  0
SCALE
  5
68
102
{ACAD_REACTORS
330
56
102
}
330
56
100
AcDbScale
 70
     0
300
1:20
140
1.0
141
20.0
290
     0
  0
SCALE
  5
69
102
{ACAD_REACTORS
330
56
102
}
330
56
100
AcDbScale
 70
     0
300
1:30
140
1.0
141
30.0
290
     0
  0
SCALE
  5
6A
102
{ACAD_REACTORS
330
56
102
}
330
56
100
AcDbScale
 70
     0
300
1:40
140
1.0
141
40.0
290
     0
  0
SCALE
  5
6B
102
{ACAD_REACTORS
330
56
102
}
330
56
100
AcDbScale
 70
     0
300
1:50
140
1.0
141
50.0
290
     0
  0
SCALE
  5
6C
102
{ACAD_REACTORS
330
56
102
}
330
56
100
AcDbScale
 70
     0
300
1:100
140
1.0
141
100.0
290
     0
  0
SCALE
  5
6D
102
{ACAD_REACTORS
330
56
102
}
330
56
100
AcDbScale
 70
     0
300
2:1
140
2.0
141
1.0
290
     0
  0
SCALE
  5
6E
102
{ACAD_REACTORS
330
56
102
}
330
56
100
AcDbScale
 70
     0
300
4:1
140
4.0
141
1.0
290
     0
  0
SCALE
  5
6F
102
{ACAD_REACTORS
330
56
102
}
330
56
100
AcDbScale
 70
     0
300
8:1
140
8.0
141
1.0
290
     0
  0
SCALE
  5
70
102
{ACAD_REACTORS
330
56
102
}
330
56
100
AcDbScale
 70
     0
300
10:1
140
10.0
141
1.0
290
     0
  0
SCALE
  5
71
102
{ACAD_REACTORS
330
56
102
}
330
56
100
AcDbScale
 70
     0
300
100:1
140
100.0
141
1.0
290
     0
  0
TABLESTYLE
  5
5D
102
{ACAD_XDICTIONARY
360
5E
102
}
102
{ACAD_REACTORS
330
57
102
}
330
57
100
AcDbTableStyle
280
     0
  3
Standard
 70
     0
 71
     0
 40
1.5
 41
1.5
280
     0
281
     0
  7
Standard
140
4.5
170
     2
 62
     0
 63
     7
283
     0
 90
      512
 91
        0
  1

274
    -2
284
     1
 64
     0
275
    -2
285
     1
 65
     0
276
    -2
286
     1
 66
     0
277
    -2
287
     1
 67
     0
278
    -2
288
     1
 68
     0
279
    -2
289
     1
 69
     0
  7
Standard
140
6.0
170
     5
 62
     0
 63
     7
283
     0
 90
      512
 91
        0
  1

274
    -2
284
     1
 64
     0
275
    -2
285
     1
 65
     0
276
    -2
286
     1
 66
     0
277
    -2
287
     1
 67
     0
278
    -2
288
     1
 68
     0
279
    -2
289
     1
 69
     0
  7
Standard
140
4.5
170
     5
 62
     0
 63
     7
283
     0
 90
      512
 91
        0
  1

274
    -2
284
     1
 64
     0
275
    -2
285
     1
 65
     0
276
    -2
286
     1
 66
     0
277
    -2
287
     1
 67
     0
278
    -2
288
     1
 68
     0
279
    -2
289
     1
 69
     0
  0
VISUALSTYLE
  5
2B
102
{ACAD_REACTORS
330
2C
102
}
330
2C
100
AcDbVisualStyle
  2
2dWireframe
 70
     4
177
     3
291
     0
 70
    58
 90
        0
176
     1
 90
        2
176
     1
 90
        1
176
     1
 90
        0
176
     1
 40
0.6
176
     1
 40
30.0
176
     1
 62
     7
420
 16777215
176
     1
 90
        1
176
     1
 90
        4
176
     1
 62
     7
176
     1
 62
   257
176
     1
 90
        1
176
     1
 90
        1
176
     1
 40
1.0
176
     1
 90
        0
176
     1
 62
   257
176
     1
 40
1.0
176
     1
 90
        1
176
     1
 90
        6
176
     1
 90
        2
176
     1
 62
     7
176
     1
 90
        5
176
     1
 90
        0
176
     1
 90
        0
176
     1
290
     0
176
     1
 90
        1
176
     1
 40
0.0
176
     1
 90
        0
176
     1
290
     1
176
     1
290
     1
176
     1
290
     0
176
     1
290
     0
176
     1
290
     0
176
     1
290
     0
176
     1
290
     0
176
     1
290
     0
176
     1
290
     0
176
     1
 90
       50
176
     1
 40
0.0
176
     1
 40
1.0
176
     1
 90
        0
176
     1
 62
    18
176
     1
 90
       50
176
     1
 90
        3
176
     1
 62
     5
420
      255
176
     1
290
     0
176
     1
 90
       50
176
     1
 90
       50
176
     1
 90
       50
176
     1
290
     0
176
     1
 90
       50
176
     1
 62
   256
176
     0
 40
1.0
176
     0
 90
        2
176
     1
  1
strokes_ogs.tif
176
     1
290
     0
176
     1
 40
1.0
176
     1
 40
1.0
176
     1
1001
ACAD
1000
AcDbSavedByObjectVersion
1070
     0
  0
VISUALSTYLE
  5
5F
102
{ACAD_REACTORS
330
2C
102
}
330
2C
100
AcDbVisualStyle
  2
Realistic
 70
     8
177
     3
291
     0
 70
    58
 90
        2
176
     1
 90
        2
176
     1
 90
        0
176
     1
 90
        2
176
     1
 40
0.6
176
     1
 40
30.0
176
     1
 62
     7
420
 16777215
176
     1
 90
        0
176
     1
 90
        0
176
     1
 62
     7
176
     1
 62
   257
176
     1
 90
        1
176
     1
 90
        1
176
     1
 40
1.0
176
     1
 90
        8
176
     1
 62
   257
176
     1
 40
1.0
176
     1
 90
        1
176
     1
 90
        6
176
     1
 90
        2
176
     1
 62
     7
176
     1
 90
        3
176
     1
 90
        0
176
     1
 90
        0
176
     1
290
     0
176
     1
 90
       13
176
     1
 40
0.0
176
     1
 90
        0
176
     1
290
     0
176
     1
290
     1
176
     1
290
     1
176
     1
290
     0
176
     1
290
     0
176
     1
290
     0
176
     1
290
     0
176
     1
290
     0
176
     1
290
     0
176
     1
 90
       50
176
     1
 40
0.0
176
     1
 40
1.0
176
     1
 90
        0
176
     1
 62
    18
176
     1
 90
       50
176
     1
 90
        3
176
     1
 62
     5
420
      255
176
     1
290
     0
176
     1
 90
       50
176
     1
 90
       50
176
     1
 90
       50
176
     1
290
     0
176
     1
 90
       50
176
     1
 62
   256
176
     0
 40
1.0
176
     0
 90
        2
176
     1
  1
strokes_ogs.tif
176
     1
290
     0
176
     1
 40
1.0
176
     1
 40
1.0
176
     1
1001
ACAD
1000
AcDbSavedByObjectVersion
1070
     0
  0
VISUALSTYLE
  5
60
102
{ACAD_REACTORS
330
2C
102
}
330
2C
100
AcDbVisualStyle
  2
Wireframe
 70
     5
177
     3
291
     0
 70
    58
 90
        0
176
     1
 90
        2
176
     1
 90
        0
176
     1
 90
        0
176
     1
 40
0.6
176
     1
 40
30.0
176
     1
 62
     7
420
 16777215
176
     1
 90
        1
176
     1
 90
        4
176
     1
 62
     7
176
     1
 62
   257
176
     1
 90
        1
176
     1
 90
        1
176
     1
 40
1.0
176
     1
 90
        0
176
     1
 62
   257
176
     1
 40
1.0
176
     1
 90
        1
176
     1
 90
        6
176
     1
 90
        2
176
     1
 62
     7
176
     1
 90
        3
176
     1
 90
        0
176
     1
 90
        0
176
     1
290
     0
176
     1
 90
        1
176
     1
 40
0.0
176
     1
 90
        0
176
     1
290
     0
176
     1
290
     1
176
     1
290
     1
176
     1
290
     0
176
     1
290
     0
176
     1
290
     0
176
     1
290
     0
176
     1
290
     0
176
     1
290
     0
176
     1
 90
       50
176
     1
 40
0.0
176
     1
 40
1.0
176
     1
 90
        0
176
     1
 62
    18
176
     1
 90
       50
176
     1
 90
        3
176
     1
 62
     5
420
      255
176
     1
290
     0
176
     1
 90
       50
176
     1
 90
       50
176
     1
 90
       50
176
     1
290
     0
176
     1
 90
       50
176
     1
 62
   256
176
     0
 40
1.0
176
     0
 90
        2
176
     1
  1
strokes_ogs.tif
176
     1
290
     0
176
     1
 40
1.0
176
     1
 40
1.0
176
     1
1001
ACAD
1000
AcDbSavedByObjectVersion
1070
     0
  0
DICTIONARYVAR
  5
202
102
{ACAD_REACTORS
330
1FD
102
}
330
1FD
100
DictionaryVariables
280
     0
  1
1:1
  0
DICTIONARYVAR
  5
1FF
102
{ACAD_REACTORS
330
1FD
102
}
330
1FD
100
DictionaryVariables
280
     0
  1
STANDARD
  0
DICTIONARYVAR
  5
1FE
102
{ACAD_REACTORS
330
1FD
102
}
330
1FD
100
DictionaryVariables
280
     0
  1
STANDARD
  0
DICTIONARYVAR
  5
200
102
{ACAD_REACTORS
330
1FD
102
}
330
1FD
100
DictionaryVariables
280
     0
  1

  0
DICTIONARYVAR
  5
201
102
{ACAD_REACTORS
330
1FD
102
}
330
1FD
100
DictionaryVariables
280
     0
  1

  0
BLOCKBASEPOINTPARAMETER
  5
D4
330
D3
100
AcDbEvalExpr
 90
        9
 98
       31
 99
        8
100
AcDbBlockElement
300
Base Point
 98
       31
 99
        8
1071
        0
100
AcDbBlockParameter
280
     1
281
     0
100
AcDbBlock1PtParameter
1010
359.058494035261
1020
316.5893966491996
1030
0.0
 93
        0
170
     0
171
     0
100
AcDbBlockBasepointParameter
1011
0.0
1021
0.0
1031
0.0
1012
0.0
1022
0.0
1032
0.0
  0
BLOCKLOOKUPPARAMETER
  5
D5
330
D3
100
AcDbEvalExpr
 90
       12
 98
       31
 99
        8
100
AcDbBlockElement
300
Lookup
 98
       31
 99
        8
1071
        0
100
AcDbBlockParameter
280
     1
281
     0
100
AcDbBlock1PtParameter
1010
-0.0000000000000568
1020
-3.844238710111596
1030
0.0
 93
       13
170
     0
171
     0
100
AcDbBlockLookUpParameter
303
Lookup
304

 94
       41
1001
ACAUTHENVIRON
1010
366.9583592032638
1020
304.8452927710851
1030
0.0
  0
BLOCKLOOKUPGRIP
  5
D6
330
D3
100
AcDbEvalExpr
 90
       13
 98
       31
 99
        8
100
AcDbBlockElement
300
Grip
 98
       31
 99
        8
1071
        0
100
AcDbBlockGrip
 91
       14
 92
       15
1010
-0.0000000000000568
1020
-3.749952995825934
1030
0.0
280
     0
 93
       -1
100
AcDbBlockLookUpGrip
  0
BLOCKGRIPLOCATIONCOMPONENT
  5
D7
330
D3
100
AcDbEvalExpr
 90
       14
 98
       31
 99
        8
  1

 70
    40
140
0.0
100
AcDbBlockGripExpr
 91
       12
300
UpdatedX
  0
BLOCKGRIPLOCATIONCOMPONENT
  5
D8
330
D3
100
AcDbEvalExpr
 90
       15
 98
       31
 99
        8
  1

 70
    40
140
0.0
100
AcDbBlockGripExpr
 91
       12
300
UpdatedY
  0
BLOCKVISIBILITYPARAMETER
  5
D9
330
D3
100
AcDbEvalExpr
 90
       16
 98
       31
 99
        8
100
AcDbBlockElement
300
Visibility State
 98
       31
 99
        8
1071
        0
100
AcDbBlockParameter
280
     1
281
     0
100
AcDbBlock1PtParameter
1010
-2.516633467546568
1020
0.0000000000020464
1030
0.0
 93
       17
170
     0
171
     0
100
AcDbBlockVisibilityParameter
281
     1
301
Visibility
302

 91
        0
 93
       62
331
E5
331
ED
331
F1
331
EC
331
F0
331
EB
331
EF
331
E8
331
EE
331
101
331
FA
331
F6
331
F2
331
104
331
FB
331
F7
331
F3
331
105
331
FF
331
F8
331
F4
331
106
331
100
331
F9
331
F5
331
113
331
10F
331
10B
331
107
331
114
331
110
331
10C
331
108
331
115
331
111
331
10D
331
109
331
116
331
112
331
10E
331
10A
331
123
331
11F
331
11B
331
117
331
124
331
120
331
11C
331
118
331
125
331
121
331
11D
331
119
331
126
331
122
331
11E
331
11A
331
12B
331
127
331
128
331
129
331
12A
 92
        2
303
Side View
 94
       41
332
106
332
105
332
104
332
101
332
113
332
10F
332
107
332
10B
332
116
332
112
332
10E
332
10A
332
115
332
111
332
10D
332
109
332
114
332
110
332
10C
332
108
332
123
332
11F
332
11B
332
117
332
124
332
120
332
11C
332
118
332
125
332
121
332
11D
332
119
332
126
332
122
332
11E
332
11A
332
12B
332
127
332
128
332
129
332
12A
 95
        6
333
D6
333
D5
333
E0
333
DF
333
DE
333
DD
303
Top View
 94
       21
332
E5
332
ED
332
F1
332
EC
332
F0
332
EB
332
EF
332
E8
332
EE
332
FA
332
F6
332
F2
332
FB
332
F7
332
F3
332
FF
332
F8
332
F4
332
100
332
F9
332
F5
 95
        0
  0
BLOCKVISIBILITYGRIP
  5
DA
330
D3
100
AcDbEvalExpr
 90
       17
 98
       31
 99
        8
100
AcDbBlockElement
300
Grip
 98
       31
 99
        8
1071
        0
100
AcDbBlockGrip
 91
       18
 92
       19
1010
1.782857142857323
1020
0.0
1030
0.0
280
     0
 93
       -1
100
AcDbBlockVisibilityGrip
  0
BLOCKGRIPLOCATIONCOMPONENT
  5
DB
330
D3
100
AcDbEvalExpr
 90
       18
 98
       31
 99
        8
  1

 70
    40
140
0.0
100
AcDbBlockGripExpr
 91
       16
300
UpdatedX
  0
BLOCKGRIPLOCATIONCOMPONENT
  5
DC
330
D3
100
AcDbEvalExpr
 90
       19
 98
       31
 99
        8
  1

 70
    40
140
0.0
100
AcDbBlockGripExpr
 91
       16
300
UpdatedY
  0
BLOCKLINEARPARAMETER
  5
DD
330
D3
100
AcDbEvalExpr
 90
       32
 98
       31
 99
        8
100
AcDbBlockElement
300
Linear
 98
       31
 99
        8
1071
        0
100
AcDbBlockParameter
280
     1
281
     0
100
AcDbBlock2PtParameter
1010
2.5
1020
1.950000000000101
1030
0.0
1011
3.5
1021
1.950000000000101
1031
0.0
170
     4
 91
        0
 91
        0
 91
        0
 91
        0
171
     0
172
     0
173
     0
174
     0
177
     0
100
AcDbBlockLinearParameter
305
Distance
306

140
1.17285380445952
307

 96
        1
141
0.0
142
0.0
143
0.0
175
     0
1001
ACAUTHENVIRON
1010
362.8589430940947
1020
319.4118013948255
1030
0.0
  0
BLOCKLOOKUPACTION
  5
DE
330
D3
100
AcDbEvalExpr
 90
       41
 98
       31
 99
        8
100
AcDbBlockElement
300
Lookup1
 98
       31
 99
        8
1071
        0
100
AcDbBlockAction
 70
     0
 71
     0
1010
367.4122820539877
1020
318.6780314116836
1030
0.0
100
AcDbBlockLookupAction
 92
       13
 93
        2
301

302
1.000000000000000
302
6.5
302
4.000000000000000
302
9.5
302
7.000000000000000
302
13
302
10.00000000000000
302
16
302
13.00000000000000
302
19
302
16.00000000000000
302
22
302
19.00000000000000
302
25
302
26.00000000000000
302
32
302
32.00000000000000
302
38
302
39.00000000000000
302
45
302
44.00000000000000
302
50
302
54.00000000000000
302
60
302
64.00000000000000
302
70
303

 94
       32
 95
       40
 96
        2
282
     0
305
Custom
281
     0
304
UpdatedDistance
303

 94
       12
 95
        1
 96
        0
282
     1
305
Custom
281
     1
304
lookupString
280
     1
  0
BLOCKSTRETCHACTION
  5
DF
330
D3
100
AcDbEvalExpr
 90
       45
 98
       31
 99
        8
100
AcDbBlockElement
300
Stretch
 98
       31
 99
        8
1071
        0
100
AcDbBlockAction
 70
     0
 71
    15
330
118
330
117
330
116
330
115
330
114
330
113
330
110
330
10F
330
10E
330
10C
330
106
330
105
330
104
330
101
330
10D
1010
367.414933688555
1020
319.7514238666672
1030
0.0
100
AcDbBlockStretchAction
 92
       32
301
EndXDelta
 93
       32
302
EndYDelta
 72
     2
1011
3.028334649411361
1021
4.006642716663406
1011
8.407671448967446
1021
-2.967837918768225
 73
    15
331
101
 74
     2
 94
        0
 94
        1
331
104
 74
     2
 94
        0
 94
        1
331
105
 74
     2
 94
        0
 94
        1
331
106
 74
     2
 94
        0
 94
        1
331
10C
 74
     7
 94
        0
 94
        1
 94
        2
 94
        3
 94
        4
 94
        5
 94
        6
331
10D
 74
     7
 94
        0
 94
        1
 94
        2
 94
        3
 94
        4
 94
        5
 94
        6
331
10E
 74
    76
 94
        0
 94
        1
 94
        2
 94
        3
 94
        4
 94
        5
 94
        6
 94
        7
 94
        8
 94
        9
 94
       10
 94
       11
 94
       12
 94
       13
 94
       14
 94
       15
 94
       16
 94
       17
 94
       18
 94
       19
 94
       20
 94
       21
 94
       22
 94
       23
 94
       24
 94
       25
 94
       26
 94
       27
 94
       28
 94
       29
 94
       30
 94
       31
 94
       32
 94
       33
 94
       34
 94
       35
 94
       36
 94
       37
 94
       38
 94
       39
 94
       40
 94
       41
 94
       42
 94
       43
 94
       44
 94
       45
 94
       46
 94
       47
 94
       48
 94
       49
 94
       50
 94
       51
 94
       52
 94
       53
 94
       54
 94
       55
 94
       56
 94
       57
 94
       58
 94
       59
 94
       60
 94
       61
 94
       62
 94
       63
 94
       64
 94
       65
 94
       66
 94
       67
 94
       68
 94
       69
 94
       70
 94
       71
 94
       72
 94
       73
 94
       74
 94
       75
331
10F
 74
    61
 94
        0
 94
        1
 94
        2
 94
        3
 94
        4
 94
        5
 94
        6
 94
        7
 94
        8
 94
        9
 94
       10
 94
       11
 94
       12
 94
       13
 94
       14
 94
       15
 94
       16
 94
       17
 94
       18
 94
       19
 94
       20
 94
       21
 94
       22
 94
       23
 94
       24
 94
       25
 94
       26
 94
       27
 94
       28
 94
       29
 94
       30
 94
       31
 94
       32
 94
       33
 94
       34
 94
       35
 94
       36
 94
       37
 94
       38
 94
       39
 94
       40
 94
       41
 94
       42
 94
       43
 94
       44
 94
       45
 94
       46
 94
       47
 94
       48
 94
       49
 94
       50
 94
       51
 94
       52
 94
       53
 94
       54
 94
       55
 94
       56
 94
       57
 94
       58
 94
       59
 94
       60
331
110
 74
    61
 94
        0
 94
        1
 94
        2
 94
        3
 94
        4
 94
        5
 94
        6
 94
        7
 94
        8
 94
        9
 94
       10
 94
       11
 94
       12
 94
       13
 94
       14
 94
       15
 94
       16
 94
       17
 94
       18
 94
       19
 94
       20
 94
       21
 94
       22
 94
       23
 94
       24
 94
       25
 94
       26
 94
       27
 94
       28
 94
       29
 94
       30
 94
       31
 94
       32
 94
       33
 94
       34
 94
       35
 94
       36
 94
       37
 94
       38
 94
       39
 94
       40
 94
       41
 94
       42
 94
       43
 94
       44
 94
       45
 94
       46
 94
       47
 94
       48
 94
       49
 94
       50
 94
       51
 94
       52
 94
       53
 94
       54
 94
       55
 94
       56
 94
       57
 94
       58
 94
       59
 94
       60
331
113
 74
     3
 94
        0
 94
        1
 94
        2
331
114
 74
    40
 94
        0
 94
        1
 94
        2
 94
        3
 94
        4
 94
        5
 94
        6
 94
        7
 94
        8
 94
        9
 94
       10
 94
       11
 94
       12
 94
       13
 94
       14
 94
       15
 94
       16
 94
       17
 94
       18
 94
       19
 94
       20
 94
       21
 94
       22
 94
       23
 94
       24
 94
       25
 94
       26
 94
       27
 94
       28
 94
       29
 94
       30
 94
       31
 94
       32
 94
       33
 94
       34
 94
       35
 94
       36
 94
       37
 94
       38
 94
       39
331
115
 74
    22
 94
        0
 94
        1
 94
        2
 94
        3
 94
        4
 94
        5
 94
        6
 94
        7
 94
        8
 94
        9
 94
       10
 94
       11
 94
       12
 94
       13
 94
       14
 94
       15
 94
       16
 94
       17
 94
       18
 94
       19
 94
       20
 94
       21
331
116
 74
    32
 94
        0
 94
        1
 94
        2
 94
        3
 94
        4
 94
        5
 94
        6
 94
        7
 94
        8
 94
        9
 94
       10
 94
       11
 94
       12
 94
       13
 94
       14
 94
       15
 94
       16
 94
       17
 94
       18
 94
       19
 94
       20
 94
       21
 94
       22
 94
       23
 94
       24
 94
       25
 94
       26
 94
       27
 94
       28
 94
       29
 94
       30
 94
       31
331
117
 74
     2
 94
        0
 94
        1
331
118
 74
     2
 94
        0
 94
        1
 75
     0
140
1.0
141
0.0
280
     0
  0
BLOCKARRAYACTION
  5
E0
330
D3
100
AcDbEvalExpr
 90
       47
 98
       31
 99
        8
100
AcDbBlockElement
300
Array
 98
       31
 99
        8
1071
        0
100
AcDbBlockAction
 70
     0
 71
     7
330
10B
330
10A
330
109
330
108
330
112
330
111
330
107
1010
367.4831775831584
1020
319.2614115379122
1030
0.0
100
AcDbBlockArrayAction
 92
       32
 93
       32
 94
       32
 95
       32
301
Base
302
End
303
UpdatedBase
304
UpdatedEnd
140
1.0
141
1.0
  0
BLOCKLINEARPARAMETER
  5
79
330
78
100
AcDbEvalExpr
 90
        2
 98
       31
 99
        8
100
AcDbBlockElement
300
Linear
 98
       31
 99
        8
1071
        0
100
AcDbBlockParameter
280
     1
281
     0
100
AcDbBlock2PtParameter
1010
0.0000000000000017
1020
0.0
1030
0.0
1011
18.0445
1021
0.0
1031
0.0
170
     4
 91
        0
 91
        3
 91
        0
 91
        0
171
     0
172
     0
173
     1
 94
        3
303
DisplacementX
174
     1
 95
        3
304
DisplacementY
177
     0
100
AcDbBlockLinearParameter
305
Distance1
306

140
-0.0000000000000018
307

 96
        1
141
0.0
142
0.0
143
0.0
175
     0
1001
ACAUTHENVIRON
1010
15.49633881909718
1020
-1.241211664952025
1030
0.0
  0
BLOCKLINEARGRIP
  5
7B
330
78
100
AcDbEvalExpr
 90
        3
 98
       31
 99
        8
100
AcDbBlockElement
300
End Grip
 98
       31
 99
        8
1071
        0
100
AcDbBlockGrip
 91
        4
 92
        5
1010
18.0445
1020
0.0
1030
0.0
280
     1
 93
       -1
100
AcDbBlockLinearGrip
140
18.0445
141
0.0
142
0.0
  0
BLOCKGRIPLOCATIONCOMPONENT
  5
7C
330
78
100
AcDbEvalExpr
 90
        4
 98
       31
 99
        8
  1

 70
    40
140
1.797693134862313E+99
100
AcDbBlockGripExpr
 91
        2
300
UpdatedEndX
  0
BLOCKGRIPLOCATIONCOMPONENT
  5
7D
330
78
100
AcDbEvalExpr
 90
        5
 98
       31
 99
        8
  1

 70
    40
140
1.797693134862313E+99
100
AcDbBlockGripExpr
 91
        2
300
UpdatedEndY
  0
BLOCKARRAYACTION
  5
7E
330
78
100
AcDbEvalExpr
 90
        9
 98
       31
 99
        8
100
AcDbBlockElement
300
Array
 98
       31
 99
        8
1071
        0
100
AcDbBlockAction
 70
     0
 71
     3
330
86
330
85
330
81
1010
15.49633881909718
1020
-1.241211664952025
1030
0.0
100
AcDbBlockArrayAction
 92
        2
 93
        2
 94
        2
 95
        2
301
Base
302
End
303
UpdatedBase
304
UpdatedEnd
140
1.0
141
18.0445
  0
ACDB_BLOCKREPRESENTATION_DATA
  5
D0
102
{ACAD_REACTORS
330
CF
102
}
330
CF
100
AcDbBlockRepresentationData
 70
     1
340
D1
  0
DICTIONARY
  5
12D
102
{ACAD_REACTORS
330
CF
102
}
330
CF
100
AcDbDictionary
280
     1
281
     1
  3
ACAD_ENHANCEDBLOCKDATA
360
12E
  0
ACDB_BLOCKREPRESENTATION_DATA
  5
1CE
102
{ACAD_REACTORS
330
1CD
102
}
330
1CD
100
AcDbBlockRepresentationData
 70
     1
340
D1
  0
DICTIONARY
  5
1CF
102
{ACAD_REACTORS
330
1CD
102
}
330
1CD
100
AcDbDictionary
280
     1
281
     1
  3
ACAD_ENHANCEDBLOCKDATA
360
1D0
  0
ACDB_BLOCKREPRESENTATION_DATA
  5
1DA
102
{ACAD_REACTORS
330
1D9
102
}
330
1D9
100
AcDbBlockRepresentationData
 70
     1
340
D1
  0
DICTIONARY
  5
1DB
102
{ACAD_REACTORS
330
1D9
102
}
330
1D9
100
AcDbDictionary
280
     1
281
     1
  3
ACAD_ENHANCEDBLOCKDATA
360
1DC
  0
ACDB_BLOCKREPRESENTATION_DATA
  5
1E9
102
{ACAD_REACTORS
330
1E8
102
}
330
1E8
100
AcDbBlockRepresentationData
 70
     1
340
D1
  0
DICTIONARY
  5
1EA
102
{ACAD_REACTORS
330
1E8
102
}
330
1E8
100
AcDbDictionary
280
     1
281
     1
  3
ACAD_ENHANCEDBLOCKDATA
360
1EB
  0
ACDB_BLOCKREPRESENTATION_DATA
  5
75
102
{ACAD_REACTORS
330
74
102
}
330
74
100
AcDbBlockRepresentationData
 70
     1
340
76
  0
DICTIONARY
  5
8A
102
{ACAD_REACTORS
330
74
102
}
330
74
100
AcDbDictionary
280
     1
281
     1
  3
ACAD_ENHANCEDBLOCKDATA
360
8B
  0
DICTIONARY
  5
18
330
16
100
AcDbDictionary
280
     1
281
     1
  0
DICTIONARY
  5
53
330
52
100
AcDbDictionary
280
     1
281
     1
  3
FBXASSET
360
54
  0
DICTIONARY
  5
50
330
4F
100
AcDbDictionary
280
     1
281
     1
  3
FBXASSET
360
51
  0
DICTIONARY
  5
D
330
B
100
AcDbDictionary
280
     1
281
     1
  3
BUMPTILE
360
E
  3
DIFFUSETILE
360
F
  3
FBXASSET
360
10
  3
OPACITYTILE
360
11
  3
REFLECTIONTILE
360
12
  0
DICTIONARY
  5
5E
330
5D
100
AcDbDictionary
280
     1
281
     1
  3
ACAD_ROUNDTRIP_2008_TABLESTYLE_CELLSTYLEMAP
360
203
  0
DICTIONARY
  5
12E
102
{ACAD_REACTORS
330
12D
102
}
330
12D
100
AcDbDictionary
280
     1
281
     1
  3
12
360
12F
  3
16
360
130
  3
32
360
131
  3
45
360
132
  3
9
360
133
  0
DICTIONARY
  5
1D0
102
{ACAD_REACTORS
330
1CF
102
}
330
1CF
100
AcDbDictionary
280
     1
281
     1
  3
12
360
1D1
  3
16
360
1D2
  3
32
360
1D3
  3
45
360
1D4
  3
9
360
1D5
  0
DICTIONARY
  5
1DC
102
{ACAD_REACTORS
330
1DB
102
}
330
1DB
100
AcDbDictionary
280
     1
281
     1
  3
12
360
1DD
  3
16
360
1DE
  3
32
360
1DF
  3
45
360
1E0
  3
9
360
1E1
  0
DICTIONARY
  5
1EB
102
{ACAD_REACTORS
330
1EA
102
}
330
1EA
100
AcDbDictionary
280
     1
281
     1
  3
12
360
1EC
  3
16
360
1ED
  3
32
360
1EE
  3
45
360
1EF
  3
9
360
1F0
  0
DICTIONARY
  5
8B
102
{ACAD_REACTORS
330
8A
102
}
330
8A
100
AcDbDictionary
280
     1
281
     1
  3
2
360
8C
  0
XRECORD
  5
54
102
{ACAD_REACTORS
330
53
102
}
330
53
100
AcDbXrecord
280
     1
 70
     1
 90
429727718
  1
D62C5603-E3A1-4AEA-B7FB-FE5D8D0755AF
310
504B03040A0000080000CC70623B3DEE336E79000000790000001B0000006175746F6465736B2D64657369676E2D7061636B6167652E786D6C3C3F786D6C2076657273696F6E3D22312E302220656E636F64696E673D227574662D3822203F3E3C666F726D6174733E3C666F726D61743E687474703A2F2F736368656D612E
310
6175746F6465736B2E636F6D2F64657369676E2D7061636B6167652F323030393C2F666F726D61743E3C2F666F726D6174733E504B0304140006080800CC70623BD486FD9CA0000000F4000000130000005B436F6E74656E745F54797065735D2E786D6C7D8EC10E82300C865F65E91D8A1E8C310C0EEA1BF002731658846E
310
D98AC1B77784ABF1D8FE5FBFBF75BBCE937A534CCEB38643598122B6FEE978D0B0485F9C41B54DDD7D022595594E1A469170414C76A4D9A4D207E29CF43ECE46F218070CC6BECC4078ACAA135ACF422C856C0E68EA1BF5669944DDD7BCDE7B1F8E415D77AECB980613C2E4AC91FC167A2B244592486606FC29C8FD7F045B9A
310
EF7053A7E60B504B0304140006080800CC70623B853B8169EB0000007C01000008000000636F72652E786D6C8D90416EC3201045AF62CDB6C206821CC7C244919D9CA01740401C94182C03558F5F9C3852BBEB6A467FFE9B197D7EFC9E1EC5975982F5AE035262288C535E5B377690E21535501C055FBC8FBF6C503839990E
310
5619041F179FE64D52DE45E362569DD7661365082642A11EB9E920A89B99642953CC8E702F67A9EE7234257977194EC9EAE275C4EABCCF5EAD5940D4AC6F0E35A568B8F43562CD7046CD199FD07E60174276A7BE677B5EADB0E0D14EEFFB6A31321A0D82627C4084204C3F096B71DD52F6819B16635EADF63F509AF53FA164
310
5DDCD1EDDD17164090FCC8732078B56691CB33A85CD7DCC40F504B0304140006080800CC70623B55019EA25F0000007C00000007000000636E782E786D6C4DCB3B0E80201045D1AD90E915ED2CF8AC45050C11660C8261F98AB1B07AC9C97D42D718D865D3E909258CFD00CCE24AC6E326A164D74DC0B4128928FF32603847
310
2BA13128B1252AC747C6BAB984FC68F0B87FE8960A5C09FE86CFB69FBA01504B0304140006080800CC70623BDBABAAF470010000D40300000C0000006662782F636F72652E786D6CC553D16E823014FD95A6AF4B694182CC941A83FA05FB810A9511A125A5257EFE2E82712ECEB8A7F100CD39F7F69E734AF9FADC366850B6
310
AF8DCE7018308C942E4C59EB2AC3DE1D498AD15A706B8CFB56869196ADCAF00863C12B6B7C374385D14E6907A836A59A41D9F7CA615434B0C8705F7CAA5606D23BA8E84F41278B93AC54100640439DE0BDB320004D43C63716C7C399D30917DCFBBA9CD9BA8469F5B156168B24CED3F7248AC8769F27244EB73B92EED8862C
310
B7F13E0C179B3C8F979C8ECD82BBBABDAA2BAC924E9558448CBD9330242CFA08E3154B5651FCC6D215639C8EE5774DBE2B5F6CF2B5768B68963BB5F5588420E442FC700B1139D4CB01F450C1E918227C2E09DF070D8140C84E1E9AAB8F1340832A9CB13130A5F1376A908D57309505ECF2A0DF179C4E9D30F5B239B87E3823
310
7A79C6F31DE1A8A5AEC08474B03C7837EAE4938639B44E5932B833D2C6B6B279CDC613877FA26EE21F4A2A4C63EC7F29A2F301D1F9F7A0E37D145F504B0304140006080800CC70623B9C113CC27E0000009D0000000B0000006662782F636E782E786D6C4DCCDF0A83201C86E15B91DFB94BFB330DD428C8FB886521330DA7
310
6397BF1A1DECE883878F57749FCDA1B7892F1BBC047A23808C7F84D9FA55424E0BE6803A256208E9EF06C84F9B91703228B1C690F78B66B34CD9A5439DF5CF0BFBF65E35BCA1B8D6A5C6F540381E886698B5741C695F9503EBA150A2F8958E3DC3EA0B504B0304140006080800CC70623B7DF2F77C2A010000120200003100
310
00006662782F41393633353835312D344632462D344230382D423046372D3739314545314133324237412F636F72652E786D6C8D51DB8EC22014FC15C2939B0D2DB4B45643319AE817EC0F6041255A68B86CFCFC856D4D76DF7CE190393373060EDB3DC707F856CE6B6B7A480A0C81328395DA5C7B18C3057510EC3873D686
310
3F34088C18550F330C39BB3A1BA7051AAC09CA84841A2BD5020AEF55806078A44B0FFD7053A328440C89E1EFC52486BBB8AA8214A99D789CF9E05200300FC927E4FB4D5B375D43103D5527440FB843077C5AA3F5861C8F645F5787F59E95B390B318B55CE45AA638FAA2957BD7248B390B7A7CC51F9C124149C82B8C378810
310
84AB2F42B7B8DD56F413775B8C5999E9FF4471926F8AA236A1AE96B8B3CC434E5839373893369E1FAF30EA395917409EB7F26AF8801C171837A4A6AC9C89E9F9C9B1A58BA30FD6A5EF5DDDCF894B9AD9B6A59C957943A9FCAE2FD5BC4DFE03504B0304140006080800CC70623BAD7543B64E01000033030000300000006662
310
782F41393633353835312D344632462D344230382D423046372D3739314545314133324237412F636E782E786D6CD593CD6EC32010845F0571AD6CE3D48AD20813A9873E410FBD12D82434182C7EAAE6EDBB2424CD25871E7B41D6EC30B3FA84F9E67BB2E40B4234DE8DB46F1925E094D7C6ED479AD3AE5951B2113C789FEE
310
6C943839C1488B4C05DF079FE72A69D8C96C13AAD6B8631503449F83828872B949AC57D26200B826A308D316B4064D6E46FCDA41C05550DC9E483A00797BFD207EFB092A45DE9514C1BBD22178396BD39D891265658C238DEA00936C654E5E433CB65A26D9F6EDB5EBC14EBF49A45CB856E66048291F6939A9A81BB5C89177
310
38143CA680F4AA299D66A042CEB3354A2684DC9D8D178FE0D9B8B41CAAD720F880EE7EF93C0C18769E099ECC04D5A102C8049A8A05632F4DDF376CF1DE0F6BB65C2F8627B65A33C6BB62177CEBBDAD973006829F89F22E814B54F4BC2BE347F8AA8F681390B50FA73F804400B5F542E796F19FF974E7F78DB802FE05E20750
310
4B0304140006080800CC70623BE75B7789680500003C100000340000006662782F41393633353835312D344632462D344230382D423046372D3739314545314133324237412F6F626A656374732E786D6CAD575B8F9B3818FD2B887D06C22499CB8AA1CA655245D5B455A356FB305264C061D8018C6C3393D95FBFC7600890
310
A4CD5EF210B0B1BFEBF98E3F7B1FF6596ABC522E1296DF9BAE3D320D9A872C4AF2F8DE2CE5CEBA358D0FBEC719939D65A691938CDE9B6ADAF4BD98B3B2D05311DD91329583D9D5FC0F438434A7A611A644887B5384CF34233629258BA878B12322891DEFF6B66BD70BFB62634E8AE781D082709A4B588AF91C528CDA28B73F
310
1C998EEF39EABBEFA97FBD6A7C7E9553F9D3D79FE442923C3C523610337627CB87ABE99D359D4CC6D6E4FACAB5E6ABF9D2726FC6A3C5F56271377BB88362213924694B38DD99FE47C48627A1E7D49F5A8BB5E1A74C0A599ED3B0F21F1E56366B89112D681E218F0915D0D6F17AD41FBA2A369DCF6335D62ABBD39779D5DDD1
310
11D4D8DE3CBB96B2E04FB8202E41051754A1AA8E8F76B4C6DFE810B580B1547F4B84911149794252234D024EF8BBE963A95AE27B3D310A9D5C215C7960FAEE415ED75694C6AFB17BCACA5D99A60A9AA65F217B0BFC53292ACB92BF283FAD0D3621576592CB5BED907C2FA8E9DF794E35E97BEA31BED21FEB401ABB94C44839
310
DCACBF0E1C5DA8DA5B2F4DFFD32AD86F543D9E565E7056502E157C00AD2671CD534549AB752FCA9CDA00677A313F04E51B22FF19E57B300579E3C97EB29F682D92935CEC18CF901B7B54FD8C51F362B56FC72FE0B3C1EAE335EDCCBF5AEC39ADB17DC238973F804BA5E6F6BFE7AF1FB32E523BE9F3BD571418E3631DCA4D48
310
5250CF639223210A9446CA30052EDF057BD35F8329C1ECD84552BF0DC8D18BE7BCE23BFE6BD960AB4A7DE79923A103BEBD80F911CBAA2C60DB19B01CF164A5583B772EE6D3FFA56666CBCDA74DC97724A48F9A58967497E489C4D979006FD7A05E227A1EBDD0F737C623387A9C844D3709995625106D157315F8B8392CD4E0
310
A0B9A720C4BE9829CEF37EA1E13111214D53925356365ADA634861B52519DD27A00AEB808EAF0628E6F435519D446F45CF2C9CF5214F0A15B2F6D06B79DA3EE3CBF7F56780D2F4E7EF73A0F5E5B02A38D07DC852C6B7C1FBB6664213E0C39E3EBA7FF4E1AD23EA2829407C85E586727488B751B2DB9502BC7B228A3FD68B6E
310
A65A22397E690AA8D158D7E404EC8CDA235CC3B7D1898680131CEC2CDF2638C65196279577750F15884AEE19F94199155B92B13297978469D4F8D358DF0AEF7631E28DC8F0D9F437D5D39A83B2231A1D52D543813A824EF8D44BCFF2FA6A31BD1E8DAD87F1CCB526B3879935BF59CDADD5C37479BB1CDD4CA7B3556B516589
310
EF352754B706114D9C885EC9131DE6EFEB43D99AFE2391C2F958179413D7CFEF6B1B6DB1E7600F00DE6E5C67454A339A4BA2E0FBA85ED26F045D454F463DBFCE484C2F90F2E5E3666003662ED8F755951A7D1BECD5B30B550B2785C8E7320B7292A4838DDA71BBC863ED7613CAF659337A3354231D4FF4A182A54904C2898C
310
98B28C4AD0CE056CCF332A80986E571EE9DBC305BB5FEB7E509220A58D25CF042D712A806AC0AD0C657FDEF80D2D9CEAA2EE4D1C76F60BFE74219A06527D6F82DF6412526107381E55E353090704D085B52408A8913C4ED159D79BDA71BB4BC506F4831350EB6F975CD22D69BF7AC49B91A2C0A9DDA3D5CA36AD20FC478E37
310
E61844E2352865EBCB61A275A65283CAAA9DD27703B4102F5AF51EF5F573B75CBB5AD38BC845F7A49F82A0966A49C2E3EA5EA0ECD326CD965F1DB402C6FA8B51A4658C5C5E2EC9E214602E55810345408596591009A82E7E7FFACA19EEA299B14A0081A705CB3296EBC14CDF658DCD336EA6D1136881AAEB87B81AB9EE53D5
310
F5EB8BC8362082DA24122F98680A4E7930C01A0079749CEA14382A0783E5EBA5A10F8C098456A03D6A4AEB6BB881E2513747552A5DB22C7EDAF83BD5528081A365F7FF06504B0304140006080000CC70623B000000000000000000000000350000006662782F41393633353835312D344632462D344230382D423046372D37
310
39314545314133324237412F76657274696365732E62696E504B0304140006080800CC70623BF270F1330600000004000000360000006662782F41393633353835312D344632462D344230382D423046372D3739314545314133324237412F747269616E676C65732E62696E636660600000504B0304140006080000CC7062
310
3B000000000000000000000000370000006662782F41393633353835312D344632462D344230382D423046372D3739314545314133324237412F617474726962757465732E62696E504B0304140006080800CC70623B08DA0BD19000000041010000360000006662782F41393633353835312D344632462D344230382D4230
310
46372D3739314545314133324237412F6469726563746F72792E786D6C858F410AC3201045AF22B36F53E9A60B35CBEEBAE80D244E44489C6234F4F835464A48035D0DF398FF9F8AF63D0E6CC63039F212F8F9020C7D47C6792B21C5FE7403D62A1188E2E60C98D7234A5830286103A55745067B9D86B8A3CF9C7F90C11DE6
310
07FB144396D7B6A82D282E9A152AD114D5EF2CB866EEE831B8EEA07A7BB5A8D7D61A2BAAEB7FD5F70921FF497D00504B0304140006080800CC70623BEDD1DC58FD000000A00100003B0000006662782F41393633353835312D344632462D344230382D423046372D3739314545314133324237412F7265736F75726365732F
310
636F72652E786D6C8D504B6E833010BD0A9A6D65B00922041947112427E8052C33A156828DFCA97AFC9A40A576D7CDCCE87D344F8F9FBFE667F689CE6B6B3A6039850C8DB2A336530731DC4903D95970676DF82583CCC8193B5861107C72362E3BA4AC096842428D1D7107A5F7182053CF7474E0D507CE32973124857FE48B
310
540F3961CEF244279DE03EB81420DB9EAC1384436FA353E879B1B182C7A8C75DA3C7F453DF353A1075D537A7BA6464B8F535A99AE14A9A2BBD90E350DD183B5CFABE3AF262350B1EF4FC9351399401471025A527C218A1E53BAB5A5AB765F5469B96525EACF23FA6B88CFF34456DC2A1DCE36E360F82A5202F42F062ED2BAD
310
579969AFDD8A6F504B010214000A0000080000CC70623B3DEE336E79000000790000001B00000000000000000000000000000000006175746F6465736B2D64657369676E2D7061636B6167652E786D6C504B01021400140006080800CC70623BD486FD9CA0000000F40000001300000000000000000000000000B20000005B
310
436F6E74656E745F54797065735D2E786D6C504B01021400140006080800CC70623B853B8169EB0000007C010000080000000000000000000000000083010000636F72652E786D6C504B01021400140006080800CC70623B55019EA25F0000007C000000070000000000000000000000000094020000636E782E786D6C504B
310
01021400140006080800CC70623BDBABAAF470010000D40300000C00000000000000000000000000180300006662782F636F72652E786D6C504B01021400140006080800CC70623B9C113CC27E0000009D0000000B00000000000000000000000000B20400006662782F636E782E786D6C504B01021400140006080800CC70
310
623B7DF2F77C2A010000120200003100000000000000000000000000590500006662782F41393633353835312D344632462D344230382D423046372D3739314545314133324237412F636F72652E786D6C504B01021400140006080800CC70623BAD7543B64E010000330300003000000000000000000000000000D2060000
310
6662782F41393633353835312D344632462D344230382D423046372D3739314545314133324237412F636E782E786D6C504B01021400140006080800CC70623BE75B7789680500003C10000034000000000000000000000000006E0800006662782F41393633353835312D344632462D344230382D423046372D3739314545
310
314133324237412F6F626A656374732E786D6C504B01021400140006080000CC70623B0000000000000000000000003500000000000000000000000000280E00006662782F41393633353835312D344632462D344230382D423046372D3739314545314133324237412F76657274696365732E62696E504B01021400140006
310
080800CC70623BF270F133060000000400000036000000000000000000000000007B0E00006662782F41393633353835312D344632462D344230382D423046372D3739314545314133324237412F747269616E676C65732E62696E504B01021400140006080000CC70623B0000000000000000000000003700000000000000
310
000000000000D50E00006662782F41393633353835312D344632462D344230382D423046372D3739314545314133324237412F617474726962757465732E62696E504B01021400140006080800CC70623B08DA0BD1900000004101000036000000000000000000000000002A0F00006662782F41393633353835312D344632
310
462D344230382D423046372D3739314545314133324237412F6469726563746F72792E786D6C504B01021400140006080800CC70623BEDD1DC58FD000000A00100003B000000000000000000000000000E1000006662782F41393633353835312D344632462D344230382D423046372D3739314545314133324237412F7265
310
736F75726365732F636F72652E786D6C504B0506000000000E000E0080040000641100000000
  0
XRECORD
  5
51
102
{ACAD_REACTORS
330
50
102
}
330
50
100
AcDbXrecord
280
     1
 70
     1
 90
429727718
  1
30362254-06B7-45E0-A893-8CFA70E3D6BC
310
504B03040A0000080000CC70623B3DEE336E79000000790000001B0000006175746F6465736B2D64657369676E2D7061636B6167652E786D6C3C3F786D6C2076657273696F6E3D22312E302220656E636F64696E673D227574662D3822203F3E3C666F726D6174733E3C666F726D61743E687474703A2F2F736368656D612E
310
6175746F6465736B2E636F6D2F64657369676E2D7061636B6167652F323030393C2F666F726D61743E3C2F666F726D6174733E504B0304140006080800CC70623BD486FD9CA0000000F4000000130000005B436F6E74656E745F54797065735D2E786D6C7D8EC10E82300C865F65E91D8A1E8C310C0EEA1BF002731658846E
310
D98AC1B77784ABF1D8FE5FBFBF75BBCE937A534CCEB38643598122B6FEE978D0B0485F9C41B54DDD7D022595594E1A469170414C76A4D9A4D207E29CF43ECE46F218070CC6BECC4078ACAA135ACF422C856C0E68EA1BF5669944DDD7BCDE7B1F8E415D77AECB980613C2E4AC91FC167A2B244592486606FC29C8FD7F045B9A
310
EF7053A7E60B504B0304140006080800CC70623B1EC5D7A3EB0000007C01000008000000636F72652E786D6C8D90416EC3201045AF82665B6103C6756C6122AB4D4ED00B204C5C94182C03558F5F9C3852BBEB6A467FFE9B197D71FC9E6FE8CBACC17AD7032D0820E3B41FAD9B7A48F1820F808E52ACDEC75F36404ECDA687
310
4D0629A6D5A76597B477D1B89855E747B38B2A041301E95B6E7A08FAD3CCAA50296647B8168BD2573599823EBB0CA76447F43862C7BCCF5EAC59410E4DDD9C7973C2755553CCCFA4C603E3040F1565ED3B1FDE4E432BCA0D9622DAF9795FAF464533826484B498524CD807E51D79ED187F21878E10516EF63F505AC67F42C9
310
BA58B1FDDD071640D2FCC87D2045B96591CB3DA85CB7DCE40F504B0304140006080800CC70623B55019EA25F0000007C00000007000000636E782E786D6C4DCB3B0E80201045D1AD90E915ED2CF8AC45050C11660C8261F98AB1B07AC9C97D42D718D865D3E909258CFD00CCE24AC6E326A164D74DC0B4128928FF32603847
310
2BA13128B1252AC747C6BAB984FC68F0B87FE8960A5C09FE86CFB69FBA01504B0304140006080800CC70623B8C9102E971010000D40300000C0000006662782F636F72652E786D6CC5535B6E833010BC8AE5DF0A6C08340F1947A84D4ED00B38C6A128602363A31CBFCB234A53A551FA553EC09AD9F5CE8C31DB9E9B1AF5CA
310
7695D1198E428A91D2D214952E33ECDD315861B4E5CC1AE3BE9561A445A3323CC098B3D21ADFCE9034DA29ED00D5A6503328BA4E398C640D8B0C77F253352214DE4145770A5B214FA2546114020D759C75CE8200340D19DE981F0F6746269C33EFAB6266AB02A655C74A59CCF365BADC27CB5D902ED22848F6340DF238A141
310
BE88E2F57B92BFEDF23523433367AE6A2EEAA455C2A902F398D2751045018D3FA264435F3771F242571B4A1919CA6F9A7C5B3CD9E42BED16F12C776AEB308F40C848FC700B1139D4891EF410CEC810227CC6846F8386402064270EF5C5C709A05E49676C024C61FC95EA45ED154CA5211D1FF4FB8291A913A68E9B83EBBB33
310
E2A7673CDE118E5AE8124C0807CB8377834E366998436B950D7A7746DAD846D4CFD978E0F04FD455FC5D49D2D4C6FE9722321F10997F0F32DC47FE05504B0304140006080800CC70623BFFEA85907E0000009D0000000B0000006662782F636E782E786D6C4DCCD10A83201886E15B91FFDC95D95A811AB6F23E625948A6C3
310
E9D8E5AF46073BFAE0E1E365ED67B3E8ADC3CB78C7815C7240DA3DFC64DCC221C519D7805AC182F7F1EF06C88D9BE6703008B6049F9E274D7A1E938DBB5AE3D6131B2589BA0D3D965551E0B2EA732C9B9A624AAEB41E3A557677029960D9AFB4EF11165F504B0304140006080800CC70623B4FEEA4082C0100001202000031
310
0000006662782F39464131463745442D413632322D343644302D413938332D3331353338454246344243312F636F72652E786D6C8D515B6EC32010BC0AE2AB55850DD871ED0813254D72825EC00192A2C460F1A872FC42ED48ED5F7E00CDCECCCEB26C731F6FE05B39AFADE921293004CA082BB5B9F43086336A21D870E6AC
310
0D7F68109861543DCC30E4ECE26C9C164858139409093556AA051CBC570102714B8F1E7AF1A5C6A11862480C7F2DA6415C878B2A4891CA89C7990F2E050073937C42DE1DB7E4F87ED8A36D4329AA9B3D46DBAEAD504556557BD81DEBDD0761E52CE42C462D17B996298E3E6BE59E35C962CE821E1FF18553435012728A7187
310
0841987E927A8D9B35ADDF70BBC6989599FE4F1427F9A4286A132ABAC49D651EF234CD5CE04CDA78BA3DC2A8FB645D00B9DF8B57E215725C60BCA2A463E54C4CE327C7A65E1C7DB02E7DEFCBF594B864C5CA6CDBD49C957943E9FA5D5FBAF336F90F504B0304140006080800CC70623BAD7543B64E01000033030000300000
310
006662782F39464131463745442D413632322D343644302D413938332D3331353338454246344243312F636E782E786D6CD593CD6EC32010845F0571AD6CE3D48AD20813A9873E410FBD12D82434182C7EAAE6EDBB2424CD25871E7B41D6EC30B3FA84F9E67BB2E40B4234DE8DB46F1925E094D7C6ED479AD3AE5951B2113C
310
789FEE6C943839C1488B4C05DF079FE72A69D8C96C13AAD6B8631503449F83828872B949AC57D26200B826A308D316B4064D6E46FCDA41C05550DC9E483A00797BFD207EFB092A45DE9514C1BBD22178396BD39D891265658C238DEA00936C654E5E433CB65A26D9F6EDB5EBC14EBF49A45CB856E66048291F6939A9A81BB5
310
C8917738143CA680F4AA299D66A042CEB3354A2684DC9D8D178FE0D9B8B41CAAD720F880EE7EF93C0C18769E099ECC04D5A102C8049A8A05632F4DDF376CF1DE0F6BB65C2F8627B65A33C6BB62177CEBBDAD973006829F89F22E814B54F4BC2BE347F8AA8F681390B50FA73F804400B5F542E796F19FF974E7F78DB802FE05
310
E207504B0304140006080800CC70623B16AB87BA640500003C100000340000006662782F39464131463745442D413632322D343644302D413938332D3331353338454246344243312F6F626A656374732E786D6CAD575B6FA33818FD2B887DE6924B3BED8A326A92B68A663B534DD4D13E548A0C38942D60649B369D5FBFC7
310
600890A493BDE42160637FD7F31D7FF63E6FB3D478A55C242CBF3247B66B1A340F5994E4F19559CA8D75611A9F7D8F33263BCB4C232719BD32D5B4E97B316765A1A722BA21652A07B3B7B33F0D11D29C9A46981221AE4C113ED38CD8A4942CA2E2C58E882476BCD9DA23BB5ED8171B73523C0F841684D35CC252CCE79062D4
310
468DFA43D7747CCF51DF7D4FFDEB5593E3AB9CCA9FBEFE241792E4E19EB28198C968BAB8199F5D5A67D3E9C49A9E8F47D6EC76B6B0469F26EEFC7C3EBFBCBEB98462213924694B38DD98FE1D62C393D073EA4FADC5DAF04326852CCF6958F90F0F2B9BB5C48816348F90C7840A68EB78EDF68723159BCEE7891A6B95DDE9D3
310
BCEAEEE8086A6C6F9E5D4B59F0175C10A7A0820BAA5055C7473B5AE3CFDD452D602CD5DF12616444529E90D448938013FE6EFA58AA96F85E4F8C42275708571E98FE6827AF6B2B4AE3D7D83D64E5A64C53054DD3AF90BD06FEA9149565C94FCA0F6B834DC85599E4F2423B24DF0B6AFA979E534DFA9E7A4CC6FA631D486393
310
921829879BF5D781A373557BCB85E97FB90DB62B558F8795179C15944B051F40AB495CF35451D26A4727654E6D8033BD98EF82F21D91FF8AF2DD9982BCF1643BDD4EB516C9492E368C67C88DED563FC36D5EACF66DFF057C3658BDBFA69DF9578B3DA735B64F18C7F20770A9D45CFCF7FCF563D6456A277DBEF78A02637CA2
310
43B90A490AEAB94F72244481D24819A6C0E59B606BFA4B3025981DBB48EAB701D97BF19C577CC77F2D1B6C55A9EF3C732474C0B727303F625995056C3B02963D9EAC146BE78EC5FCEC7FA999EBC5EACBAAE41B12D27B4D2C0BBA49F244E2ECDC81B76B502F113D8F5EE8FB1BE3111CDD4FC2AA9B844CAB1288B68AB90A7CDC
310
1C166AB0D3DC5310625FCC14E779BFD0709F8890A629C9292B1B2DED31A4B0DA928CEE135085754027E3018A397D4D5427D15BD1330B677DC8934285AC3DF45A9EB68FF8F2B8FC0A509AFEECFD0FF2DE25CC6047F7214B195F07EFEB9A094D800F7BFAE8FED187B78EA8A3A400F115961BCAD1215E47C966530AF0EE8128FE
310
58CEBB996A8964FFA529A046635D9353B0336A8F700DDF46271A024E70B0B37C9DE01847591E54DED53D54202AB947E4076556AC49C6CA5C9E1226B7F1A7B1BE15DEED62C41B91E1B3E9AFAAA735036547343A925075041DF0A9979E893B391F8FCFA6967B3EFB644DCF6E5CEBFAE272625DCC6FAF3FB93793C5F90CE1EF57
310
407342756B10D1C489E8953CD1617E5CEECAD6F4EF8914CE5D5D504E5C3F1F9736DA62CFC11E00BCDDB8CC8A9466349744C1F75EBDA4DF09BA8A9E8C7A7E9991989E20E5DBDD6A6003664ED8F7A04A8DBE0DF6EAD9B9AA858342E47399053949D2C146EDB85DE4B176BB0965FBAC19BD19AA918E27FA50C1D22402E144464C
310
59462568E704B6E71915404CB72B8FF4EDE184DDAF753F284990D2C6926782963815403548A70C657FDEF80D2D9CEAA2AE4C1C76F60BFE74219A06527D6582DF6412526107381E55E353090704D085B52408D0933C4ED159D79BDA71BB4BC506F4831350EB6F979CD22D69BF7AC49B91A2C0A9DDA3D5CA36AD20FC478E37E6
310
1844E2352865EBCB6EA275A652E3836BE04EFB400BF1A2556F515F1FBB35B2AB35BD889C744FFA1004B5544B121E57F70215746DD2F5E2C1412B602CBF19455AC6C8E5E9922C4E01E65215385004546899059180EAFCF7A707CE7017CD8CDB0410789AB32C63B91E5CEBBBACB17AC6CD347A022D5075FD106377347AAABA7E
310
7D11590744509B44E205134DC1290F06580320F78E537D3D73540E06CB970B431F185308AD40BBD794D6D77003C5A36E8EAA54BA64597CD8F83BD552A080A365F7FF06504B0304140006080000CC70623B000000000000000000000000350000006662782F39464131463745442D413632322D343644302D413938332D3331
310
353338454246344243312F76657274696365732E62696E504B0304140006080800CC70623BF270F1330600000004000000360000006662782F39464131463745442D413632322D343644302D413938332D3331353338454246344243312F747269616E676C65732E62696E636660600000504B0304140006080000CC70623B
310
000000000000000000000000370000006662782F39464131463745442D413632322D343644302D413938332D3331353338454246344243312F617474726962757465732E62696E504B0304140006080800CC70623B08DA0BD19000000041010000360000006662782F39464131463745442D413632322D343644302D413938
310
332D3331353338454246344243312F6469726563746F72792E786D6C858F410AC3201045AF22B36F53E9A60B35CBEEBAE80D244E44489C6234F4F835464A48035D0DF398FF9F8AF63D0E6CC63039F212F8F9020C7D47C6792B21C5FE7403D62A1188E2E60C98D7234A5830286103A55745067B9D86B8A3CF9C7F90C11DE607
310
FB144396D7B6A82D282E9A152AD114D5EF2CB866EEE831B8EEA07A7BB5A8D7D61A2BAAEB7FD5F70921FF497D00504B0304140006080800CC70623B0D6EF93BFE000000A00100003B0000006662782F39464131463745442D413632322D343644302D413938332D3331353338454246344243312F7265736F75726365732F63
310
6F72652E786D6C8D50596E833010BD0A9ADFCA60B334011947A8694ED00B586642AC041B79A97AFC9A40A5F6AF3F33A3B7689E1E3F7DCD8FEC139DD7D6F4C0720A191A65476DA61E62B892236427C19DB5E1970C322367EC618541F0C9D9B8EC90B226A009093576C41D94DE63804C3DD2D18357379C652E63480A7FCF17A9
310
EE72C29CE5894E3AC17D702940B63D59270887DE46A7D0F36263058F518FBB468FE9A7BE6A7420864373B8D4873369AA8691FA421B3294352543C5CAF65C0F6FEF43CB8BD52C78D0F34F46E550061C419494B6843142CB0F5677F4B52BEB177AEC28E5C52AFF638ACBF84F53D42654E51E77B379102C05791282176B5F693D
310
CB4C7BED567C03504B010214000A0000080000CC70623B3DEE336E79000000790000001B00000000000000000000000000000000006175746F6465736B2D64657369676E2D7061636B6167652E786D6C504B01021400140006080800CC70623BD486FD9CA0000000F40000001300000000000000000000000000B20000005B
310
436F6E74656E745F54797065735D2E786D6C504B01021400140006080800CC70623B1EC5D7A3EB0000007C010000080000000000000000000000000083010000636F72652E786D6C504B01021400140006080800CC70623B55019EA25F0000007C000000070000000000000000000000000094020000636E782E786D6C504B
310
01021400140006080800CC70623B8C9102E971010000D40300000C00000000000000000000000000180300006662782F636F72652E786D6C504B01021400140006080800CC70623BFFEA85907E0000009D0000000B00000000000000000000000000B30400006662782F636E782E786D6C504B01021400140006080800CC70
310
623B4FEEA4082C0100001202000031000000000000000000000000005A0500006662782F39464131463745442D413632322D343644302D413938332D3331353338454246344243312F636F72652E786D6C504B01021400140006080800CC70623BAD7543B64E010000330300003000000000000000000000000000D5060000
310
6662782F39464131463745442D413632322D343644302D413938332D3331353338454246344243312F636E782E786D6C504B01021400140006080800CC70623B16AB87BA640500003C1000003400000000000000000000000000710800006662782F39464131463745442D413632322D343644302D413938332D3331353338
310
454246344243312F6F626A656374732E786D6C504B01021400140006080000CC70623B0000000000000000000000003500000000000000000000000000270E00006662782F39464131463745442D413632322D343644302D413938332D3331353338454246344243312F76657274696365732E62696E504B01021400140006
310
080800CC70623BF270F133060000000400000036000000000000000000000000007A0E00006662782F39464131463745442D413632322D343644302D413938332D3331353338454246344243312F747269616E676C65732E62696E504B01021400140006080000CC70623B0000000000000000000000003700000000000000
310
000000000000D40E00006662782F39464131463745442D413632322D343644302D413938332D3331353338454246344243312F617474726962757465732E62696E504B01021400140006080800CC70623B08DA0BD190000000410100003600000000000000000000000000290F00006662782F39464131463745442D413632
310
322D343644302D413938332D3331353338454246344243312F6469726563746F72792E786D6C504B01021400140006080800CC70623B0D6EF93BFE000000A00100003B000000000000000000000000000D1000006662782F39464131463745442D413632322D343644302D413938332D3331353338454246344243312F7265
310
736F75726365732F636F72652E786D6C504B0506000000000E000E0080040000641100000000
  0
XRECORD
  5
E
102
{ACAD_REACTORS
330
D
102
}
330
D
100
AcDbXrecord
280
     1
270
     1
271
     1
  0
XRECORD
  5
F
102
{ACAD_REACTORS
330
D
102
}
330
D
100
AcDbXrecord
280
     1
270
     1
271
     1
  0
XRECORD
  5
10
102
{ACAD_REACTORS
330
D
102
}
330
D
100
AcDbXrecord
280
     1
 70
     0
 90
1673772943
  1
ECE7A1D2-D628-4531-984C-D00F80459256
310
504B03040A0000080000CC70623B3DEE336E79000000790000001B0000006175746F6465736B2D64657369676E2D7061636B6167652E786D6C3C3F786D6C2076657273696F6E3D22312E302220656E636F64696E673D227574662D3822203F3E3C666F726D6174733E3C666F726D61743E687474703A2F2F736368656D612E
310
6175746F6465736B2E636F6D2F64657369676E2D7061636B6167652F323030393C2F666F726D61743E3C2F666F726D6174733E504B0304140006080800CC70623BD486FD9CA0000000F4000000130000005B436F6E74656E745F54797065735D2E786D6C7D8EC10E82300C865F65E91D8A1E8C310C0EEA1BF002731658846E
310
D98AC1B77784ABF1D8FE5FBFBF75BBCE937A534CCEB38643598122B6FEE978D0B0485F9C41B54DDD7D022595594E1A469170414C76A4D9A4D207E29CF43ECE46F218070CC6BECC4078ACAA135ACF422C856C0E68EA1BF5669944DDD7BCDE7B1F8E415D77AECB980613C2E4AC91FC167A2B244592486606FC29C8FD7F045B9A
310
EF7053A7E60B504B0304140006080800CC70623BD9DDAED0EC0000007C01000008000000636F72652E786D6C8D90416EC3201045AF82665B61836D9CD8C2444DD39CA01740405C94182C03558F5F9C3852BBEB6A467FFE9B197D7EF89E6EE8CB2CC17A37002D0820E394D7D68D03A478C17B4007C117EFE32F1B20272733C0
310
2A83E0E3E2D3BC49CABB685CCCAAF3DA6CA20CC14440EA969B0182FA34932C648AD911AEC52CD5558EA6A0CF2EC329598D1E47ACCEFBECC59A050463A7EA5833865FEBDD0E37353BE3EE8DBDE3F6786A48D375FBF6CC78B9C282473B3DEFABC5C86834888A900E538A49F5419B9EB47DD5BC907D4F082F57FB1F28CDFA9F50
310
B22ED6D5F6EE030B20687EE43E10BC5CB3C8E51E54AE6B6EE207504B0304140006080800CC70623B55019EA25F0000007C00000007000000636E782E786D6C4DCB3B0E80201045D1AD90E915ED2CF8AC45050C11660C8261F98AB1B07AC9C97D42D718D865D3E909258CFD00CCE24AC6E326A164D74DC0B4128928FF326038
310
472BA13128B1252AC747C6BAB984FC68F0B87FE8960A5C09FE86CFB69FBA01504B0304140006080800CC70623BA24EB22D72010000D40300000C0000006662782F636F72652E786D6CC5535B6E833010BC8AE5DF0A6C5E49888CA3A6694ED00B38E05014B091B1518EDFE511A5A9D228FD2A1F60CDEC7A67C6986DCE4D8D7A
310
69BA4AAB0C073EC548AA5C17952A33ECECD15B61B4E1CC686DBF9561A44423333CC098B3D268D7CE50AE9595CA02AA74216750749DB418E5352C32DCE59FB211BE70162ABA93DF8AFC244AE9073ED050C759670D0840D390E18DF9F1706664C23973AE2A66B62A605A75ACA4C13C4976E1364A12EF355A2EBD384AF65EFA96
310
BC7B8BED2EA6719AAE16FB8491A199335B351775B991C2CA02F390D2D40B028F861F41BCA68B7518BFD0D59A524686F29B26D7164F36B94AD9289CE54E6D1DE6010819891F6E21228B3AD1831EC219194284CF98F06DD01008846CC5A1BEF83801D4CBDC6A1303536877A57A513B0953A94FC707FDBE6064EA84A9E3E6E0FA
310
EE8CF0E9198F7784A316AA0413C2C2F2E0ECA0934D1AE6D05A69BCDE9E91D2A611F573361E38FC1375157F5752AE6B6DFE4B11990F88CCBF0719EE23FF02504B0304140006080800CC70623B408A7D3B7C0000009D0000000B0000006662782F636E782E786D6C4DCCD10A83201886E15B91FFDC552A92A0064DBC8F581632
310
D3703A76F9ABD1C18E3E78F878E5F0D9027ABBFCF2292AE86E2D20171F69F6715550CB827B40839639A5F2770314A7CD293819B45C73AAFB45B35BA61ACAA1C1C7E7855C58C15BC331339661262CC762340413D68D77DA5B42298546CBE6573AF60CEB2F504B0304140006080800CC70623B449FB9BD290100001202000031
310
0000006662782F36394639363044362D344446342D343946362D394244322D3234314243333846323333332F636F72652E786D6C8D515B6EC32010BC0AE22B55850D98B871848994463E412FE002495162B07854397EA176A4F62F3F2C9A9D991D587EB84F37F0AD7D30CEF6905418026DA553C65E7A98E219ED203808EE9D
310
8B7F6810D871D23D2C3014FCE25D9A57483A1BB58D19B54EE9151C43D0110279CB971E06F9A5A7B11A53CC8C70ADE6515EC78BAE4895DB992778883E0700CB907242D17643D7E2538BD869608875438BBAE38922CAC8F1BDD90DB4691A5E2F42C153326A951B95E398B3D1FE599322163C9AE9115F7A3D46ADA0A018778810
310
84E907617BDCEE297BC5BB3DC6BC2EF47FA234AB2745C9D8D8D035EE220B50105E2F0DC1954B9FB747187D9F9D8FA0CCDB042D5FA0C015C65B42DF78BD10F3F3B363CB56C7109DCFDFBBB97E662ED92EB62D13BC2E1BCAE5777DB9966D8A1F504B0304140006080800CC70623BAD7543B64E01000033030000300000006662
310
782F36394639363044362D344446342D343946362D394244322D3234314243333846323333332F636E782E786D6CD593CD6EC32010845F0571AD6CE3D48AD20813A9873E410FBD12D82434182C7EAAE6EDBB2424CD25871E7B41D6EC30B3FA84F9E67BB2E40B4234DE8DB46F1925E094D7C6ED479AD3AE5951B2113C789FEE
310
6C943839C1488B4C05DF079FE72A69D8C96C13AAD6B8631503449F83828872B949AC57D26200B826A308D316B4064D6E46FCDA41C05550DC9E483A00797BFD207EFB092A45DE9514C1BBD22178396BD39D891265658C238DEA00936C654E5E433CB65A26D9F6EDB5EBC14EBF49A45CB856E66048291F6939A9A81BB5C89177
310
38143CA680F4AA299D66A042CEB3354A2684DC9D8D178FE0D9B8B41CAAD720F880EE7EF93C0C18769E099ECC04D5A102C8049A8A05632F4DDF376CF1DE0F6BB65C2F8627B65A33C6BB62177CEBBDAD973006829F89F22E814B54F4BC2BE347F8AA8F681390B50FA73F804400B5F542E796F19FF974E7F78DB802FE05E20750
310
4B0304140006080800CC70623B8D05915C650500003B100000340000006662782F36394639363044362D344446342D343946362D394244322D3234314243333846323333332F6F626A656374732E786D6CAD575B6FA33814FE2B887D06429276DA1565D4266D158D3A339A6846FB502932E050B66023DB74D2FDF5FB190C01
310
9276B2973C046C8ECFF53B17071F77456EBD502133CEAE6CDF9DD81665314F32965ED995DA3A17B6F5310C04E7AA47665B8C14F4CAD6DB7618A48257A5D94AE89654B91AEDDEDDFC61C998326A5B714EA4BCB265FC440BE2924AF184CA6737218AB8E976E7FA6E4338649B0A523E8D98964450A6A029F619B8588D52FE7039
310
B1BD30F0F4F730D0FF866AF6369557DB33949F31A9088B0F848DD8CCFCF9F2767A76E99CCDE733677E3EF59D9BBB9BA5E37F984D16E78BC5E5F5ED25044B25C0C96822E8D60EEFE11B91C581D77CEA34368A1F5329E68CD1B8B61F16D63A1B8E092D294B10C78C4A48EB593D192E7DED9BDEE7995E1B91FDEDD3ACEA9FE831
310
6A756F9F7D4D79F4274C90A7A04248AA51D5F8C718DAE06FB2F75AC4796EBE65D22A88A22223B995679120E2D50E41AA49C260C046A35368846B0BECD0DFF3EBEB8AD4F835768F69B9ADF25C43D30E6B646F807FAA64AD59F61715C7A54127C4AACA98BA3006A9D792DAE165E0D59B61A01FB3A9F9D838D2DAE62445C86166
310
F37564E842E7DE6A69879FEEA2DD5AE7E371E1A5E025154AC307D06A03D73EB5978C58FFA4C8E9033066E0F3BD53BEC1F39F91BE7B55103791EDE6BBB991A2046172CB4581D8B893FA674DDA17A77B3B7C413D1B511FD2743BFF8A38F03A658705E3ADF8015C3A3417FF3D7E439FF591DA0B5F18BC20C1B8981957AE6392A3
310
F43C640C01D1A0B4728E2DD4F26DB4B3C3152A252A3B4E913CEC1C72F012782FF88EFF8637AA552DBEF76408E8A8DE9E50F9E1CB3A2DA0DB1B6039A893B56063DC5B3E3FFB5F72E67AB9FEB4AEC496C4F4C1149625DD662C53E89D7BF0F6151A046260D1337DFDC94502430F83B0EE07A130A224BCAD7DAE1D9FB6CD422FF6
310
920702629C4BB9AE79C12F243C6432A6794E18E5552BA56B431AAB5D91317302B2B071E86C3A42B1A02F999E24061403B5D0EB639195DA655DD3EBEAB4FB862DDF579F014AD0E73C22F99E28DA57FB98E75C6CA2D74D53086D600F4786E0FE3144B771A8A7B900F03594DB8A633CBC49B2EDB69228BB479CF863B5E807AAAB
310
23872F6DFEB4129B949CA33823F58830E86D65621E10047D9DB34D862E8EAC3C2ABC2F7B2C40D67CDFE01F5545B92105AF983AC54D93D69E56FB8E797F88913F898A9FEC705D3F9D1B54EC8426FB500D40A03BD0119B06E1B95DDC7EB8F6975367793EBD70E66733DFB9BC982F9CE564727731999F5D4ECFCE3B8D6A4DC2A0
310
6D50FD148437D110834A64C6CDDF57FBACB5C307A2A477DFE4939736CFEF2B175371E0E10CF0DD1D5C15654E0BCA14D1E87DD02FF93782A162C0A3D95F1524A52770F972BF1EE9809D13CE7DD599467F8ECE9ADD85CE85A34CD45355448C64F9E8A031DC2D596ACC6E5DD93D9B82DE2EF5CAF81363A8E47996A0DE24564A79
310
4115AACE09C55E14540231FDA13C319787134EBF34E3A022514E5B4D9E0826E25C02D5805B15ABE1BEF51B26383D445DD9E875EE33FE4C22DA16427D65A3BCA92CA6D28DD01DF5DC53330704308475351050232CCD31583787BA75774AFB06E5070DD0C8EF484E19968C5D83BA5B90B244D31E54D55A372320FE4786B7EA58
310
44E135AA5467CB7EA333A61683CC6A8C3257034C10CF46F40EF9F5BE59BE5BD30C3C72D235E95D10345C1D45445A5F0BB47E46A5EBE5570F9380B5FA629579952296A773720405982B9DE04011506178964401AA8BDF1FBF0A8EAB6861DD6580C0E38217056766716DAEB2D6FA0917D3E4116581EADB879C4E7CFFB11EFACD
310
3D641311495D92C8676CB409A72D18610D803CE8A626049E8EC1887CB5B44CC39883690DDA8399B4B9855B481E7D71D4A9D22F96E5BB73BF5793020C02137BF837504B0304140006080000CC70623B000000000000000000000000350000006662782F36394639363044362D344446342D343946362D394244322D32343142
310
43333846323333332F76657274696365732E62696E504B0304140006080800CC70623BF270F1330600000004000000360000006662782F36394639363044362D344446342D343946362D394244322D3234314243333846323333332F747269616E676C65732E62696E636660600000504B0304140006080000CC70623B0000
310
00000000000000000000370000006662782F36394639363044362D344446342D343946362D394244322D3234314243333846323333332F617474726962757465732E62696E504B0304140006080800CC70623B08DA0BD19000000041010000360000006662782F36394639363044362D344446342D343946362D394244322D
310
3234314243333846323333332F6469726563746F72792E786D6C858F410AC3201045AF22B36F53E9A60B35CBEEBAE80D244E44489C6234F4F835464A48035D0DF398FF9F8AF63D0E6CC63039F212F8F9020C7D47C6792B21C5FE7403D62A1188E2E60C98D7234A5830286103A55745067B9D86B8A3CF9C7F90C11DE607FB14
310
4396D7B6A82D282E9A152AD114D5EF2CB866EEE831B8EEA07A7BB5A8D7D61A2BAAEB7FD5F70921FF497D00504B0304140006080800CC70623BCA768048FE000000A00100003B0000006662782F36394639363044362D344446342D343946362D394244322D3234314243333846323333332F7265736F75726365732F636F72
310
652E786D6C8D50596E833010BD0A9ADFCA60D600328E9AA639412F609909B1126CE4A5EAF16B0295DABFFECC8CDEA2797AECF8353F924FB44E193D409E5248504B332A3D0D10FC95B4901C39B3C6F85F3248B49871801506CE266BC2B243D2688FDA47549B11775038871E12F988C7004EDE7016A9083E2ADC3D5D84BC8B09
310
D33C8D74D471E6BC8D0192EDC93A815B742658898E651BCB59086ADC356A8C3FD555A1055ED7E7E254D615792D0F075295F585746FF53B694EE78A565DD736979A65AB9933AFE69F8CD2A2F038022F28ED489E135A7CE4554F9BBEA85E68DB53CAB255FEC71496F19FA6A0B42F8B3DEE6673C0F318E4497096AD7DC5F52C33
310
EEB55BFE0D504B010214000A0000080000CC70623B3DEE336E79000000790000001B00000000000000000000000000000000006175746F6465736B2D64657369676E2D7061636B6167652E786D6C504B01021400140006080800CC70623BD486FD9CA0000000F40000001300000000000000000000000000B20000005B436F
310
6E74656E745F54797065735D2E786D6C504B01021400140006080800CC70623BD9DDAED0EC0000007C010000080000000000000000000000000083010000636F72652E786D6C504B01021400140006080800CC70623B55019EA25F0000007C000000070000000000000000000000000095020000636E782E786D6C504B0102
310
1400140006080800CC70623BA24EB22D72010000D40300000C00000000000000000000000000190300006662782F636F72652E786D6C504B01021400140006080800CC70623B408A7D3B7C0000009D0000000B00000000000000000000000000B50400006662782F636E782E786D6C504B01021400140006080800CC70623B
310
449FB9BD290100001202000031000000000000000000000000005A0500006662782F36394639363044362D344446342D343946362D394244322D3234314243333846323333332F636F72652E786D6C504B01021400140006080800CC70623BAD7543B64E010000330300003000000000000000000000000000D20600006662
310
782F36394639363044362D344446342D343946362D394244322D3234314243333846323333332F636E782E786D6C504B01021400140006080800CC70623B8D05915C650500003B10000034000000000000000000000000006E0800006662782F36394639363044362D344446342D343946362D394244322D32343142433338
310
46323333332F6F626A656374732E786D6C504B01021400140006080000CC70623B0000000000000000000000003500000000000000000000000000250E00006662782F36394639363044362D344446342D343946362D394244322D3234314243333846323333332F76657274696365732E62696E504B010214001400060808
310
00CC70623BF270F13306000000040000003600000000000000000000000000780E00006662782F36394639363044362D344446342D343946362D394244322D3234314243333846323333332F747269616E676C65732E62696E504B01021400140006080000CC70623B00000000000000000000000037000000000000000000
310
00000000D20E00006662782F36394639363044362D344446342D343946362D394244322D3234314243333846323333332F617474726962757465732E62696E504B01021400140006080800CC70623B08DA0BD190000000410100003600000000000000000000000000270F00006662782F36394639363044362D344446342D
310
343946362D394244322D3234314243333846323333332F6469726563746F72792E786D6C504B01021400140006080800CC70623BCA768048FE000000A00100003B000000000000000000000000000B1000006662782F36394639363044362D344446342D343946362D394244322D3234314243333846323333332F7265736F
310
75726365732F636F72652E786D6C504B0506000000000E000E0080040000621100000000
  0
XRECORD
  5
11
102
{ACAD_REACTORS
330
D
102
}
330
D
100
AcDbXrecord
280
     1
270
     1
271
     1
  0
XRECORD
  5
12
102
{ACAD_REACTORS
330
D
102
}
330
D
100
AcDbXrecord
280
     1
270
     1
271
     1
  0
CELLSTYLEMAP
  5
203
102
{ACAD_REACTORS
330
5E
102
}
330
5E
100
AcDbCellStyleMap
 90
        3
300
CELLSTYLE
  1
TABLEFORMAT_BEGIN
 90
        5
170
     1
 91
        0
 92
    32768
 62
   257
 93
        1
300
CONTENTFORMAT
  1
CONTENTFORMAT_BEGIN
 90
        0
 91
        0
 92
      512
 93
        0
300

 40
0.0
140
1.0
 94
        5
 62
     0
340
22
144
6.0
309
CONTENTFORMAT_END
171
     1
301
MARGIN
  1
CELLMARGIN_BEGIN
 40
1.5
 40
1.5
 40
1.5
 40
1.5
 40
0.18
 40
0.18
309
CELLMARGIN_END
 94
        6
 95
        1
302
GRIDFORMAT
  1
GRIDFORMAT_BEGIN
 90
        0
 91
        1
 62
     0
 92
       -2
340
25
 93
        0
 40
1.125
309
GRIDFORMAT_END
 95
        2
302
GRIDFORMAT
  1
GRIDFORMAT_BEGIN
 90
        0
 91
        1
 62
     0
 92
       -2
340
25
 93
        0
 40
1.125
309
GRIDFORMAT_END
 95
        4
302
GRIDFORMAT
  1
GRIDFORMAT_BEGIN
 90
        0
 91
        1
 62
     0
 92
       -2
340
25
 93
        0
 40
1.125
309
GRIDFORMAT_END
 95
        8
302
GRIDFORMAT
  1
GRIDFORMAT_BEGIN
 90
        0
 91
        1
 62
     0
 92
       -2
340
25
 93
        0
 40
1.125
309
GRIDFORMAT_END
 95
       16
302
GRIDFORMAT
  1
GRIDFORMAT_BEGIN
 90
        0
 91
        1
 62
     0
 92
       -2
340
25
 93
        0
 40
1.125
309
GRIDFORMAT_END
 95
       32
302
GRIDFORMAT
  1
GRIDFORMAT_BEGIN
 90
        0
 91
        1
 62
     0
 92
       -2
340
25
 93
        0
 40
1.125
309
GRIDFORMAT_END
309
TABLEFORMAT_END
  1
CELLSTYLE_BEGIN
 90
        1
 91
        1
300
_TITLE
309
CELLSTYLE_END
300
CELLSTYLE
  1
TABLEFORMAT_BEGIN
 90
        5
170
     1
 91
        0
 92
        0
 62
   257
 93
        1
300
CONTENTFORMAT
  1
CONTENTFORMAT_BEGIN
 90
        0
 91
        0
 92
      512
 93
        0
300

 40
0.0
140
1.0
 94
        5
 62
     0
340
22
144
4.5
309
CONTENTFORMAT_END
171
     1
301
MARGIN
  1
CELLMARGIN_BEGIN
 40
1.5
 40
1.5
 40
1.5
 40
1.5
 40
0.18
 40
0.18
309
CELLMARGIN_END
 94
        6
 95
        1
302
GRIDFORMAT
  1
GRIDFORMAT_BEGIN
 90
        0
 91
        1
 62
     0
 92
       -2
340
25
 93
        0
 40
1.125
309
GRIDFORMAT_END
 95
        2
302
GRIDFORMAT
  1
GRIDFORMAT_BEGIN
 90
        0
 91
        1
 62
     0
 92
       -2
340
25
 93
        0
 40
1.125
309
GRIDFORMAT_END
 95
        4
302
GRIDFORMAT
  1
GRIDFORMAT_BEGIN
 90
        0
 91
        1
 62
     0
 92
       -2
340
25
 93
        0
 40
1.125
309
GRIDFORMAT_END
 95
        8
302
GRIDFORMAT
  1
GRIDFORMAT_BEGIN
 90
        0
 91
        1
 62
     0
 92
       -2
340
25
 93
        0
 40
1.125
309
GRIDFORMAT_END
 95
       16
302
GRIDFORMAT
  1
GRIDFORMAT_BEGIN
 90
        0
 91
        1
 62
     0
 92
       -2
340
25
 93
        0
 40
1.125
309
GRIDFORMAT_END
 95
       32
302
GRIDFORMAT
  1
GRIDFORMAT_BEGIN
 90
        0
 91
        1
 62
     0
 92
       -2
340
25
 93
        0
 40
1.125
309
GRIDFORMAT_END
309
TABLEFORMAT_END
  1
CELLSTYLE_BEGIN
 90
        2
 91
        1
300
_HEADER
309
CELLSTYLE_END
300
CELLSTYLE
  1
TABLEFORMAT_BEGIN
 90
        5
170
     1
 91
        0
 92
        0
 62
   257
 93
        1
300
CONTENTFORMAT
  1
CONTENTFORMAT_BEGIN
 90
        0
 91
        0
 92
      512
 93
        0
300

 40
0.0
140
1.0
 94
        2
 62
     0
340
22
144
4.5
309
CONTENTFORMAT_END
171
     1
301
MARGIN
  1
CELLMARGIN_BEGIN
 40
1.5
 40
1.5
 40
1.5
 40
1.5
 40
0.18
 40
0.18
309
CELLMARGIN_END
 94
        6
 95
        1
302
GRIDFORMAT
  1
GRIDFORMAT_BEGIN
 90
        0
 91
        1
 62
     0
 92
       -2
340
25
 93
        0
 40
1.125
309
GRIDFORMAT_END
 95
        2
302
GRIDFORMAT
  1
GRIDFORMAT_BEGIN
 90
        0
 91
        1
 62
     0
 92
       -2
340
25
 93
        0
 40
1.125
309
GRIDFORMAT_END
 95
        4
302
GRIDFORMAT
  1
GRIDFORMAT_BEGIN
 90
        0
 91
        1
 62
     0
 92
       -2
340
25
 93
        0
 40
1.125
309
GRIDFORMAT_END
 95
        8
302
GRIDFORMAT
  1
GRIDFORMAT_BEGIN
 90
        0
 91
        1
 62
     0
 92
       -2
340
25
 93
        0
 40
1.125
309
GRIDFORMAT_END
 95
       16
302
GRIDFORMAT
  1
GRIDFORMAT_BEGIN
 90
        0
 91
        1
 62
     0
 92
       -2
340
25
 93
        0
 40
1.125
309
GRIDFORMAT_END
 95
       32
302
GRIDFORMAT
  1
GRIDFORMAT_BEGIN
 90
        0
 91
        1
 62
     0
 92
       -2
340
25
 93
        0
 40
1.125
309
GRIDFORMAT_END
309
TABLEFORMAT_END
  1
CELLSTYLE_BEGIN
 90
        3
 91
        2
300
_DATA
309
CELLSTYLE_END
  0
XRECORD
  5
12F
102
{ACAD_REACTORS
330
12E
102
}
330
12E
100
AcDbXrecord
280
     1
1071
 18605567
1071
 25317787
 70
    25
 70
   104
 10
-0.0000000000000568
 20
-3.844238710111596
 30
0.0
  1
19
  0
XRECORD
  5
130
102
{ACAD_REACTORS
330
12E
102
}
330
12E
100
AcDbXrecord
280
     1
1071
135625452
1071
184556386
 70
    25
 70
   104
 10
-2.516633467546568
 20
0.0000000000020464
 30
0.0
  1
Side View
  0
XRECORD
  5
131
102
{ACAD_REACTORS
330
12E
102
}
330
12E
100
AcDbXrecord
280
     1
1071
 18597260
1071
 25303744
 70
    25
 70
   104
 10
2.5
 20
1.950000000000101
 30
0.0
 10
15.5
 20
1.950000000000101
 30
0.0
 10
0.0
 20
0.0
 30
-1.0
  0
XRECORD
  5
132
102
{ACAD_REACTORS
330
12E
102
}
330
12E
100
AcDbXrecord
280
     1
1071
  6895636
1071
  9291323
 70
    25
 70
   104
 40
0.0
  0
XRECORD
  5
133
102
{ACAD_REACTORS
330
12E
102
}
330
12E
100
AcDbXrecord
280
     1
1071
 82437801
1071
112294725
 70
    25
 70
   104
 10
0.0
 20
0.0
 30
0.0
  0
XRECORD
  5
1D1
102
{ACAD_REACTORS
330
1D0
102
}
330
1D0
100
AcDbXrecord
280
     1
1071
 18605567
1071
 25317787
 70
    25
 70
   104
 10
-0.0000000000000568
 20
-3.844238710111596
 30
0.0
  1
19
  0
XRECORD
  5
1D2
102
{ACAD_REACTORS
330
1D0
102
}
330
1D0
100
AcDbXrecord
280
     1
1071
135625452
1071
184556386
 70
    25
 70
   104
 10
-2.516633467546568
 20
0.0000000000020464
 30
0.0
  1
Side View
  0
XRECORD
  5
1D3
102
{ACAD_REACTORS
330
1D0
102
}
330
1D0
100
AcDbXrecord
280
     1
1071
 18597260
1071
 25303744
 70
    25
 70
   104
 10
2.5
 20
1.950000000000101
 30
0.0
 10
15.5
 20
1.950000000000101
 30
0.0
 10
0.0
 20
0.0
 30
-1.0
  0
XRECORD
  5
1D4
102
{ACAD_REACTORS
330
1D0
102
}
330
1D0
100
AcDbXrecord
280
     1
1071
  6895636
1071
  9291323
 70
    25
 70
   104
 40
0.0
  0
XRECORD
  5
1D5
102
{ACAD_REACTORS
330
1D0
102
}
330
1D0
100
AcDbXrecord
280
     1
1071
 82437801
1071
112294725
 70
    25
 70
   104
 10
0.0
 20
0.0
 30
0.0
  0
XRECORD
  5
1DD
102
{ACAD_REACTORS
330
1DC
102
}
330
1DC
100
AcDbXrecord
280
     1
1071
 18605567
1071
 25317787
 70
    25
 70
   104
 10
-0.0000000000000568
 20
-3.844238710111596
 30
0.0
  1
19
  0
XRECORD
  5
1DE
102
{ACAD_REACTORS
330
1DC
102
}
330
1DC
100
AcDbXrecord
280
     1
1071
135625452
1071
184556386
 70
    25
 70
   104
 10
-2.516633467546568
 20
0.0000000000020464
 30
0.0
  1
Side View
  0
XRECORD
  5
1DF
102
{ACAD_REACTORS
330
1DC
102
}
330
1DC
100
AcDbXrecord
280
     1
1071
 18597260
1071
 25303744
 70
    25
 70
   104
 10
2.5
 20
1.950000000000101
 30
0.0
 10
15.5
 20
1.950000000000101
 30
0.0
 10
0.0
 20
0.0
 30
-1.0
  0
XRECORD
  5
1E0
102
{ACAD_REACTORS
330
1DC
102
}
330
1DC
100
AcDbXrecord
280
     1
1071
  6895636
1071
  9291323
 70
    25
 70
   104
 40
0.0
  0
XRECORD
  5
1E1
102
{ACAD_REACTORS
330
1DC
102
}
330
1DC
100
AcDbXrecord
280
     1
1071
 82437801
1071
112294725
 70
    25
 70
   104
 10
0.0
 20
0.0
 30
0.0
  0
XRECORD
  5
1EC
102
{ACAD_REACTORS
330
1EB
102
}
330
1EB
100
AcDbXrecord
280
     1
1071
 18605567
1071
 25317787
 70
    25
 70
   104
 10
-0.0000000000000568
 20
-3.844238710111596
 30
0.0
  1
19
  0
XRECORD
  5
1ED
102
{ACAD_REACTORS
330
1EB
102
}
330
1EB
100
AcDbXrecord
280
     1
1071
135625452
1071
184556386
 70
    25
 70
   104
 10
-2.516633467546568
 20
0.0000000000020464
 30
0.0
  1
Side View
  0
XRECORD
  5
1EE
102
{ACAD_REACTORS
330
1EB
102
}
330
1EB
100
AcDbXrecord
280
     1
1071
 18597260
1071
 25303744
 70
    25
 70
   104
 10
2.5
 20
1.950000000000101
 30
0.0
 10
15.5
 20
1.950000000000101
 30
0.0
 10
0.0
 20
0.0
 30
-1.0
  0
XRECORD
  5
1EF
102
{ACAD_REACTORS
330
1EB
102
}
330
1EB
100
AcDbXrecord
280
     1
1071
  6895636
1071
  9291323
 70
    25
 70
   104
 40
0.0
  0
XRECORD
  5
1F0
102
{ACAD_REACTORS
330
1EB
102
}
330
1EB
100
AcDbXrecord
280
     1
1071
 82437801
1071
112294725
 70
    25
 70
   104
 10
0.0
 20
0.0
 30
0.0
  0
XRECORD
  5
8C
102
{ACAD_REACTORS
330
8B
102
}
330
8B
100
AcDbXrecord
280
     1
1071
 18597260
1071
 25303744
 70
    25
 70
   104
 10
0.0000000000000017
 20
0.0
 30
0.0
 10
200.351553739212
 20
0.0
 30
0.0
 10
0.0
 20
0.0
 30
-1.0
  0
ENDSEC
  0
SECTION
  2
ACDSDATA
 70
     2
 71
     2
  0
ACDSSCHEMA
 90
        0
  1
AcDb_Thumbnail_Schema
  2
AcDbDs::ID
280
    10
 91
        8
  2
Thumbnail_Data
280
    15
 91
        0
101
ACDSRECORD
 95
        0
 90
        1
  2
AcDbDs::TreatedAsObjectData
280
     1
291
     1
101
ACDSRECORD
 95
        0
 90
        2
  2
AcDbDs::Legacy
280
     1
291
     1
101
ACDSRECORD
  1
AcDbDs::ID
 90
        3
  2
AcDs:Indexable
280
     1
291
     1
101
ACDSRECORD
  1
AcDbDs::ID
 90
        4
  2
AcDbDs::HandleAttribute
280
     7
282
     1
  0
ACDSSCHEMA
 90
        1
  1
AcDbDs::TreatedAsObjectDataSchema
  2
AcDbDs::TreatedAsObjectData
280
     1
 91
        0
  0
ACDSSCHEMA
 90
        2
  1
AcDbDs::LegacySchema
  2
AcDbDs::Legacy
280
     1
 91
        0
  0
ACDSSCHEMA
 90
        3
  1
AcDbDs::IndexedPropertySchema
  2
AcDs:Indexable
280
     1
 91
        0
  0
ACDSSCHEMA
 90
        4
  1
AcDbDs::HandleAttributeSchema
  2
AcDbDs::HandleAttribute
280
     7
 91
        1
284
     1
  0
ACDSRECORD
 90
        0
  2
AcDbDs::ID
280
    10
320
16
  2
Thumbnail_Data
280
    15
 94
     1836
310
89504E470D0A1A0A0000000D4948445200000100000000670803000000D82A6C0200000300504C5445FFFFFFFFFFFFFFFFFF0000000000000000000000000000000000000000000000000000330000660000990000CC0000FF0033000033330033660033990033CC0033FF0066000066330066660066990066CC0066FF0099
310
000099330099660099990099CC0099FF00CC0000CC3300CC6600CC9900CCCC00CCFF00FF0000FF3300FF6600FF9900FFCC00FFFF3300003300333300663300993300CC3300FF3333003333333333663333993333CC3333FF3366003366333366663366993366CC3366FF3399003399333399663399993399CC3399FF33CC00
310
33CC3333CC6633CC9933CCCC33CCFF33FF0033FF3333FF6633FF9933FFCC33FFFF6600006600336600666600996600CC6600FF6633006633336633666633996633CC6633FF6666006666336666666666996666CC6666FF6699006699336699666699996699CC6699FF66CC0066CC3366CC6666CC9966CCCC66CCFF66FF0066
310
FF3366FF6666FF9966FFCC66FFFF9900009900339900669900999900CC9900FF9933009933339933669933999933CC9933FF9966009966339966669966999966CC9966FF9999009999339999669999999999CC9999FF99CC0099CC3399CC6699CC9999CCCC99CCFF99FF0099FF3399FF6699FF9999FFCC99FFFFCC0000CC00
310
33CC0066CC0099CC00CCCC00FFCC3300CC3333CC3366CC3399CC33CCCC33FFCC6600CC6633CC6666CC6699CC66CCCC66FFCC9900CC9933CC9966CC9999CC99CCCC99FFCCCC00CCCC33CCCC66CCCC99CCCCCCCCCCFFCCFF00CCFF33CCFF66CCFF99CCFFCCCCFFFFFF0000FF0033FF0066FF0099FF00CCFF00FFFF3300FF3333
310
FF3366FF3399FF33CCFF33FFFF6600FF6633FF6666FF6699FF66CCFF66FFFF9900FF9933FF9966FF9999FF99CCFF99FFFFCC00FFCC33FFCC66FFCC99FFCCCCFFCCFFFFFF00FFFF33FFFF66FFFF99FFFFCCFFFFFF0000000D0D0D1A1A1A2828283535354343435050505D5D5D6B6B6B787878868686939393A1A1A1AEAEAEBB
310
BBBBC9C9C9D6D6D6E4E4E4F1F1F1FFFFFF000000000000000000000000000000000000000000000000000000000000AD4AB4E40000011B4944415478DAEDD8B10DC2301484616F60D12131004B64840CF13648C73EEC9249AEA6A507E38224988886C6F77F52A22454777A38869400000000000000007F92539A26D7F0C330
310
152A27CB028EC75CF3CBB480F359D2ACC8926701392BE25980ED02783848A125BF55D0FD25389CBE7CA01F9E7441B734CFAB07FBFA9F098DD2588EE779E5F5C8A800EB09781D650234D641A895F43901512DD7809D76D45FFCEDC56E01DD4D407C5E5BED88A271B759F4AE5DAF7FAD02EE5F0BE8AF8568DD3B6D847E29A0EF
310
09B8695EED83E35DC0C5A08012D7BE8075B64601EABC806815905CB6FEB1FD916F5840F32DB0F86A18166025CCF353405AFC0F108EF9DFB95DE3D7ECE11C1F000000000000000000000000000000000000F8BF075A5E97D1850EAF140000000049454E44AE4260824260820026C15A47440002501C00134091037E08F9E139
310
A0D0B20002AED947014222B49224382B80AA0E0849CE42006C25C8120129D2C1510E059000A036802B01370C26094E301600E4E5B0A56783BD27842C876F791E0F5F5E4603B85C04805D925C569E03CEAA44CBF62E00E505D07C97579FF28AE8EA007C7E7E3200D75A673962A062D01003C7DF42FD01F061902F17F3A1BCB9
310
698D0E6803408A8D7F078EA0250062DAA491F10ADA6221A0560F23424001206E6B8B1FA403C080D6D1EABC291848D91905D8D7E954749530121C86280356EB80C10014BFDC58A7E8E5E15439400010CF69B853079CCBFBCC6775B10940AE312B88934FE83A47811EFA42BBF7F73C1203468E3E78413104C081850129362C0B
310
6023352E36A47011287D4240AE320065AF0971AA1456124623776800ACBE0EB03D17507B3906C071D1DBE8CB03B8CA99A31B007A6E6A8803B07F60CF42F300303F1EE246086C55B5D749EFAB058FABED732D01E0B59607B0DA87A46C02504AA36D735D84C43AF5A794C5B953397D6AADCA4CAE8A807BB8B2D561F000A807E0
310
01B8A3280A6E050480B8B1021900BFB217A9007C089818B80B204D8103A86FAF965520F851C0942D06BEBD48107011B71C30FCAF12EDA30B11B5A4C107B4370D84CD1430E86D92110EF8A6169AE9F7988AE7498B200C6988EE3BF964110D77C093C103E8EDCDAEF9D75AF39A00BC8100C01CB0070D8039E09A020F81BD3107
310
A000440C740800001E029503E258FDC73918E3661D547CBB1C028DFE473A002E9A41C9004D07CCF2FAE52AEA80AAF7692B0270A097630E908550DC3CFFAD6C685C71B812C418413040F864DA821104006168EC120C0784A171139010E89001009CFEBB0820D6C9B0AF93377AEBDEEA969A4A53E49EFDE3B8BF07E6790B7F66
310
651FB7EAAA001D0470EBE40C16004D9B07E00178001E8007E00178001E8007E00178000EE81F503E2EA04532A6A00000000049454E44AE426082
  0
ENDSEC
  0
EOF
