  0
SECTION
  2
HEADER
  9
$ACADVER
  1
AC1027
  9
$ACADMAINTVER
 70
     8
  9
$DWGCODEPAGE
  3
ANSI_1254
  9
$REQUIREDVERSIONS
160
                 0
  9
$INSBASE
 10
0.0
 20
0.0
 30
0.0
  9
$EXTMIN
 10
-84895.69519469284
 20
-16016.59571391443
 30
-70.63299790526267
  9
$EXTMAX
 10
34856.17922438902
 20
53953.11707225569
 30
0.1670391624793321
  9
$LIMMIN
 10
0.0
 20
0.0
  9
$LIMMAX
 10
420.0
 20
297.0
  9
$ORTHOMODE
 70
     0
  9
$REGENMODE
 70
     1
  9
$FILLMODE
 70
     1
  9
$QTEXTMODE
 70
     0
  9
$MIRRTEXT
 70
     0
  9
$LTSCALE
 40
1.0
  9
$ATTMODE
 70
     1
  9
$TEXTSIZE
 40
2.5
  9
$TRACEWID
 40
1.0
  9
$TEXTSTYLE
  7
Standard
  9
$CLAYER
  8
KOMPOZIT
  9
$CELTYPE
  6
ByLayer
  9
$CECOLOR
 62
   256
  9
$CELTSCALE
 40
1.0
  9
$DISPSILH
 70
     0
  9
$DIMSCALE
 40
1.0
  9
$DIMASZ
 40
2.5
  9
$DIMEXO
 40
0.625
  9
$DIMDLI
 40
3.75
  9
$DIMRND
 40
0.0
  9
$DIMDLE
 40
0.0
  9
$DIMEXE
 40
1.25
  9
$DIMTP
 40
0.0
  9
$DIMTM
 40
0.0
  9
$DIMTXT
 40
2.5
  9
$DIMCEN
 40
2.5
  9
$DIMTSZ
 40
0.0
  9
$DIMTOL
 70
     0
  9
$DIMLIM
 70
     0
  9
$DIMTIH
 70
     0
  9
$DIMTOH
 70
     0
  9
$DIMSE1
 70
     0
  9
$DIMSE2
 70
     0
  9
$DIMTAD
 70
     1
  9
$DIMZIN
 70
     8
  9
$DIMBLK
  1

  9
$DIMASO
 70
     1
  9
$DIMSHO
 70
     1
  9
$DIMPOST
  1

  9
$DIMAPOST
  1

  9
$DIMALT
 70
     0
  9
$DIMALTD
 70
     3
  9
$DIMALTF
 40
0.03937007874016
  9
$DIMLFAC
 40
1.0
  9
$DIMTOFL
 70
     1
  9
$DIMTVP
 40
0.0
  9
$DIMTIX
 70
     0
  9
$DIMSOXD
 70
     0
  9
$DIMSAH
 70
     0
  9
$DIMBLK1
  1

  9
$DIMBLK2
  1

  9
$DIMSTYLE
  2
ISO-25
  9
$DIMCLRD
 70
     0
  9
$DIMCLRE
 70
     0
  9
$DIMCLRT
 70
     0
  9
$DIMTFAC
 40
1.0
  9
$DIMGAP
 40
0.625
  9
$DIMJUST
 70
     0
  9
$DIMSD1
 70
     0
  9
$DIMSD2
 70
     0
  9
$DIMTOLJ
 70
     0
  9
$DIMTZIN
 70
     8
  9
$DIMALTZ
 70
     0
  9
$DIMALTTZ
 70
     0
  9
$DIMUPT
 70
     0
  9
$DIMDEC
 70
     2
  9
$DIMTDEC
 70
     2
  9
$DIMALTU
 70
     2
  9
$DIMALTTD
 70
     3
  9
$DIMTXSTY
  7
Standard
  9
$DIMAUNIT
 70
     0
  9
$DIMADEC
 70
     0
  9
$DIMALTRND
 40
0.0
  9
$DIMAZIN
 70
     0
  9
$DIMDSEP
 70
    44
  9
$DIMATFIT
 70
     3
  9
$DIMFRAC
 70
     0
  9
$DIMLDRBLK
  1

  9
$DIMLUNIT
 70
     2
  9
$DIMLWD
 70
    -2
  9
$DIMLWE
 70
    -2
  9
$DIMTMOVE
 70
     0
  9
$DIMFXL
 40
1.0
  9
$DIMFXLON
 70
     0
  9
$DIMJOGANG
 40
0.7853981633974483
  9
$DIMTFILL
 70
     0
  9
$DIMTFILLCLR
 70
     0
  9
$DIMARCSYM
 70
     0
  9
$DIMLTYPE
  6

  9
$DIMLTEX1
  6

  9
$DIMLTEX2
  6

  9
$DIMTXTDIRECTION
 70
     0
  9
$LUNITS
 70
     2
  9
$LUPREC
 70
     4
  9
$SKETCHINC
 40
1.0
  9
$FILLETRAD
 40
0.0
  9
$AUNITS
 70
     0
  9
$AUPREC
 70
     0
  9
$MENU
  1
.
  9
$ELEVATION
 40
0.0
  9
$PELEVATION
 40
0.0
  9
$THICKNESS
 40
0.0
  9
$LIMCHECK
 70
     0
  9
$CHAMFERA
 40
0.0
  9
$CHAMFERB
 40
0.0
  9
$CHAMFERC
 40
0.0
  9
$CHAMFERD
 40
0.0
  9
$SKPOLY
 70
     0
  9
$TDCREATE
 40
2455827.480789155
  9
$TDUCREATE
 40
2455827.355789155
  9
$TDUPDATE
 40
2461292.873229167
  9
$TDUUPDATE
 40
2461292.748229167
  9
$TDINDWG
 40
37.9607208912
  9
$TDUSRTIMER
 40
37.9607207639
  9
$USRTIMER
 70
     1
  9
$ANGBASE
 50
0.0
  9
$ANGDIR
 70
     0
  9
$PDMODE
 70
     0
  9
$PDSIZE
 40
0.0
  9
$PLINEWID
 40
0.0
  9
$SPLFRAME
 70
     0
  9
$SPLINETYPE
 70
     6
  9
$SPLINESEGS
 70
     8
  9
$HANDSEED
  5
540
  9
$SURFTAB1
 70
     6
  9
$SURFTAB2
 70
     6
  9
$SURFTYPE
 70
     6
  9
$SURFU
 70
     6
  9
$SURFV
 70
     6
  9
$UCSBASE
  2

  9
$UCSNAME
  2

  9
$UCSORG
 10
0.0
 20
0.0
 30
0.0
  9
$UCSXDIR
 10
1.0
 20
0.0
 30
0.0
  9
$UCSYDIR
 10
0.0
 20
1.0
 30
0.0
  9
$UCSORTHOREF
  2

  9
$UCSORTHOVIEW
 70
     0
  9
$UCSORGTOP
 10
0.0
 20
0.0
 30
0.0
  9
$UCSORGBOTTOM
 10
0.0
 20
0.0
 30
0.0
  9
$UCSORGLEFT
 10
0.0
 20
0.0
 30
0.0
  9
$UCSORGRIGHT
 10
0.0
 20
0.0
 30
0.0
  9
$UCSORGFRONT
 10
0.0
 20
0.0
 30
0.0
  9
$UCSORGBACK
 10
0.0
 20
0.0
 30
0.0
  9
$PUCSBASE
  2

  9
$PUCSNAME
  2

  9
$PUCSORG
 10
0.0
 20
0.0
 30
0.0
  9
$PUCSXDIR
 10
1.0
 20
0.0
 30
0.0
  9
$PUCSYDIR
 10
0.0
 20
1.0
 30
0.0
  9
$PUCSORTHOREF
  2

  9
$PUCSORTHOVIEW
 70
     0
  9
$PUCSORGTOP
 10
0.0
 20
0.0
 30
0.0
  9
$PUCSORGBOTTOM
 10
0.0
 20
0.0
 30
0.0
  9
$PUCSORGLEFT
 10
0.0
 20
0.0
 30
0.0
  9
$PUCSORGRIGHT
 10
0.0
 20
0.0
 30
0.0
  9
$PUCSORGFRONT
 10
0.0
 20
0.0
 30
0.0
  9
$PUCSORGBACK
 10
0.0
 20
0.0
 30
0.0
  9
$USERI1
 70
     0
  9
$USERI2
 70
     0
  9
$USERI3
 70
     0
  9
$USERI4
 70
     0
  9
$USERI5
 70
     0
  9
$USERR1
 40
0.0
  9
$USERR2
 40
0.0
  9
$USERR3
 40
0.0
  9
$USERR4
 40
0.0
  9
$USERR5
 40
0.0
  9
$WORLDVIEW
 70
     1
  9
$SHADEDGE
 70
     3
  9
$SHADEDIF
 70
    70
  9
$TILEMODE
 70
     1
  9
$MAXACTVP
 70
    64
  9
$PINSBASE
 10
0.0
 20
0.0
 30
0.0
  9
$PLIMCHECK
 70
     0
  9
$PEXTMIN
 10
29.06818420886992
 20
20.36233246326446
 30
0.0
  9
$PEXTMAX
 10
261.6136578798294
 20
183.2609921693802
 30
0.0
  9
$PLIMMIN
 10
-3.17498779296875
 20
-3.174999952316283
  9
$PLIMMAX
 10
293.8568420410156
 20
206.7983276844024
  9
$UNITMODE
 70
     0
  9
$VISRETAIN
 70
     1
  9
$PLINEGEN
 70
     0
  9
$PSLTSCALE
 70
     1
  9
$TREEDEPTH
 70
  3020
  9
$CMLSTYLE
  2
Standard
  9
$CMLJUST
 70
     0
  9
$CMLSCALE
 40
20.0
  9
$PROXYGRAPHICS
 70
     1
  9
$MEASUREMENT
 70
     1
  9
$CELWEIGHT
370
    -1
  9
$ENDCAPS
280
     0
  9
$JOINSTYLE
280
     0
  9
$LWDISPLAY
290
     0
  9
$INSUNITS
 70
     4
  9
$HYPERLINKBASE
  1

  9
$STYLESHEET
  1

  9
$XEDIT
290
     1
  9
$CEPSNTYPE
380
     0
  9
$PSTYLEMODE
290
     1
  9
$FINGERPRINTGUID
  2
{86EA2C03-A89F-4AE8-A702-E584838C6C87}
  9
$VERSIONGUID
  2
{E7778DAC-DB55-E54C-939E-1653FE1F07BA}
  9
$EXTNAMES
290
     1
  9
$PSVPSCALE
 40
0.0
  9
$OLESTARTUP
290
     0
  9
$SORTENTS
280
   127
  9
$INDEXCTL
280
     0
  9
$HIDETEXT
280
     1
  9
$XCLIPFRAME
280
     2
  9
$HALOGAP
280
     0
  9
$OBSCOLOR
 70
   257
  9
$OBSLTYPE
280
     0
  9
$INTERSECTIONDISPLAY
280
     0
  9
$INTERSECTIONCOLOR
 70
   257
  9
$DIMASSOC
280
     2
  9
$PROJECTNAME
  1

  9
$CAMERADISPLAY
290
     0
  9
$LENSLENGTH
 40
50.0
  9
$CAMERAHEIGHT
 40
0.0
  9
$STEPSPERSEC
 40
2.0
  9
$STEPSIZE
 40
6.0
  9
$3DDWFPREC
 40
2.0
  9
$PSOLWIDTH
 40
5.0
  9
$PSOLHEIGHT
 40
80.0
  9
$LOFTANG1
 40
1.570796326794896
  9
$LOFTANG2
 40
1.570796326794896
  9
$LOFTMAG1
 40
0.0
  9
$LOFTMAG2
 40
0.0
  9
$LOFTPARAM
 70
     7
  9
$LOFTNORMALS
280
     1
  9
$LATITUDE
 40
37.795
  9
$LONGITUDE
 40
-122.394
  9
$NORTHDIRECTION
 40
0.0
  9
$TIMEZONE
 70
 -8000
  9
$LIGHTGLYPHDISPLAY
280
     1
  9
$TILEMODELIGHTSYNCH
280
     1
  9
$CMATERIAL
347
4F
  9
$SOLIDHIST
280
     1
  9
$SHOWHIST
280
     1
  9
$DWFFRAME
280
     2
  9
$DGNFRAME
280
     0
  9
$REALWORLDSCALE
290
     1
  9
$INTERFERECOLOR
 62
     1
  9
$INTERFEREOBJVS
345
5F
  9
$INTERFEREVPVS
346
60
  9
$CSHADOW
280
     0
  9
$SHADOWPLANELOCATION
 40
0.0
  0
ENDSEC
  0
SECTION
  2
CLASSES
  0
CLASS
  1
ACDBDICTIONARYWDFLT
  2
AcDbDictionaryWithDefault
  3
ObjectDBX Classes
 90
        0
 91
        1
280
     0
281
     0
  0
CLASS
  1
DICTIONARYVAR
  2
AcDbDictionaryVar
  3
ObjectDBX Classes
 90
        0
 91
        5
280
     0
281
     0
  0
CLASS
  1
TABLESTYLE
  2
AcDbTableStyle
  3
ObjectDBX Classes
 90
     4095
 91
        1
280
     0
281
     0
  0
CLASS
  1
MATERIAL
  2
AcDbMaterial
  3
ObjectDBX Classes
 90
     1153
 91
        3
280
     0
281
     0
  0
CLASS
  1
VISUALSTYLE
  2
AcDbVisualStyle
  3
ObjectDBX Classes
 90
     4095
 91
        3
280
     0
281
     0
  0
CLASS
  1
SCALE
  2
AcDbScale
  3
ObjectDBX Classes
 90
     1153
 91
       17
280
     0
281
     0
  0
CLASS
  1
MLEADERSTYLE
  2
AcDbMLeaderStyle
  3
ACDB_MLEADERSTYLE_CLASS
 90
     4095
 91
        0
280
     0
281
     0
  0
CLASS
  1
CELLSTYLEMAP
  2
AcDbCellStyleMap
  3
ObjectDBX Classes
 90
     1152
 91
        1
280
     0
281
     0
  0
CLASS
  1
EXACXREFPANELOBJECT
  2
ExAcXREFPanelObject
  3
EXAC_ESW
 90
     1025
 91
        0
280
     1
281
     0
  0
CLASS
  1
NPOCOLLECTION
  2
AcDbImpNonPersistentObjectsCollection
  3
ObjectDBX Classes
 90
     1153
 91
        0
280
     0
281
     0
  0
CLASS
  1
LAYER_INDEX
  2
AcDbLayerIndex
  3
ObjectDBX Classes
 90
        0
 91
        0
280
     0
281
     0
  0
CLASS
  1
SPATIAL_INDEX
  2
AcDbSpatialIndex
  3
ObjectDBX Classes
 90
        0
 91
        0
280
     0
281
     0
  0
CLASS
  1
IDBUFFER
  2
AcDbIdBuffer
  3
ObjectDBX Classes
 90
        0
 91
        0
280
     0
281
     0
  0
CLASS
  1
ACAD_EVALUATION_GRAPH
  2
AcDbEvalGraph
  3
ObjectDBX Classes
 90
     1153
 91
        0
280
     0
281
     0
  0
CLASS
  1
BLOCKLINEARPARAMETER
  2
AcDbBlockLinearParameter
  3
ObjectDBX Classes
 90
     1153
 91
        0
280
     0
281
     0
  0
CLASS
  1
BLOCKLINEARGRIP
  2
AcDbBlockLinearGrip
  3
ObjectDBX Classes
 90
     1153
 91
        0
280
     0
281
     0
  0
CLASS
  1
BLOCKGRIPLOCATIONCOMPONENT
  2
AcDbBlockGripExpr
  3
ObjectDBX Classes
 90
     1153
 91
        0
280
     0
281
     0
  0
CLASS
  1
BLOCKARRAYACTION
  2
AcDbBlockArrayAction
  3
ObjectDBX Classes
 90
     1153
 91
        0
280
     0
281
     0
  0
CLASS
  1
ACDB_DYNAMICBLOCKPURGEPREVENTER_VERSION
  2
AcDbDynamicBlockPurgePreventer
  3
ObjectDBX Classes
 90
     1153
 91
        0
280
     0
281
     0
  0
CLASS
  1
ACDB_BLOCKREPRESENTATION_DATA
  2
AcDbBlockRepresentationData
  3
ObjectDBX Classes
 90
     1153
 91
        0
280
     0
281
     0
  0
CLASS
  1
SORTENTSTABLE
  2
AcDbSortentsTable
  3
ObjectDBX Classes
 90
        0
 91
       10
280
     0
281
     0
  0
CLASS
  1
AEC_REFEDIT_STATUS_TRACKER
  2
AecDbRefEditStatusTracker
  3
AecArchBase80|Product Desc: Autodesk Architectural Desktop 2007 |Company: Autodesk,Inc. |WEB Address: www.autodesk.com
 90
      129
 91
        0
280
     1
281
     0
  0
CLASS
  1
BLOCKSTRETCHACTION
  2
AcDbBlockStretchAction
  3
ObjectDBX Classes
 90
     1153
 91
        0
280
     0
281
     0
  0
CLASS
  1
ACDBSECTIONVIEWSTYLE
  2
AcDbSectionViewStyle
  3
ObjectDBX Classes
 90
     1025
 91
        0
280
     0
281
     0
  0
CLASS
  1
ACDBDETAILVIEWSTYLE
  2
AcDbDetailViewStyle
  3
ObjectDBX Classes
 90
     1025
 91
        0
280
     0
281
     0
  0
CLASS
  1
ACAECUSTOBJ
  2
AcAeEditorObj
  3
AcAeEditorObj
 90
     1024
 91
        0
280
     1
281
     0
  0
CLASS
  1
LINEARPARAMETERENTITY
  2
AcDbBlockLinearParameterEntity
  3
ObjectDBX Classes
 90
     1025
 91
        0
280
     0
281
     1
  0
CLASS
  1
ACAEEEMGROBJ
  2
AcAeEEMgrObj
  3
AcAeEEMgrObj
 90
     1024
 91
        0
280
     0
281
     0
  0
CLASS
  1
LINEARGRIPENTITY
  2
AcDbBlockLinearGripEntity
  3
ObjectDBX Classes
 90
     1025
 91
        0
280
     0
281
     1
  0
CLASS
  1
ARRAYACTIONENTITY
  2
AcDbBlockArrayActionEntity
  3
ObjectDBX Classes
 90
     1025
 91
        0
280
     0
281
     1
  0
CLASS
  1
STRETCHACTIONENTITY
  2
AcDbBlockStretchActionEntity
  3
ObjectDBX Classes
 90
     1025
 91
        0
280
     0
281
     1
  0
CLASS
  1
BLOCKMOVEACTION
  2
AcDbBlockMoveAction
  3
ObjectDBX Classes
 90
     1153
 91
        0
280
     0
281
     0
  0
CLASS
  1
DIMASSOC
  2
AcDbDimAssoc
  3
"AcDbDimAssoc|Product Desc:     AcDim ARX App For Dimension|Company:          Autodesk, Inc.|WEB Address:      www.autodesk.com"
 90
        0
 91
        0
280
     0
281
     0
  0
CLASS
  1
BLOCKSCALEACTION
  2
AcDbBlockScaleAction
  3
ObjectDBX Classes
 90
     1153
 91
        0
280
     0
281
     0
  0
CLASS
  1
MULTILEADER
  2
AcDbMLeader
  3
ACDB_MLEADER_CLASS
 90
     1025
 91
        0
280
     0
281
     1
  0
CLASS
  1
BLOCKBASEPOINTPARAMETER
  2
AcDbBlockBasepointParameter
  3
ObjectDBX Classes
 90
     1153
 91
        0
280
     0
281
     0
  0
CLASS
  1
DBCOLOR
  2
AcDbColor
  3
ObjectDBX Classes
 90
        0
 91
        0
280
     0
281
     0
  0
CLASS
  1
BASEPOINTPARAMETERENTITY
  2
AcDbBlockBasepointParameterEntity
  3
ObjectDBX Classes
 90
     1025
 91
        0
280
     0
281
     1
  0
CLASS
  1
IMAGEDEF
  2
AcDbRasterImageDef
  3
ISM
 90
        0
 91
        0
280
     0
281
     0
  0
CLASS
  1
RASTERVARIABLES
  2
AcDbRasterVariables
  3
ISM
 90
        0
 91
        0
280
     0
281
     0
  0
CLASS
  1
IMAGEDEF_REACTOR
  2
AcDbRasterImageDefReactor
  3
ISM
 90
        1
 91
        0
280
     0
281
     0
  0
CLASS
  1
IMAGE
  2
AcDbRasterImage
  3
ISM
 90
     2175
 91
        0
280
     0
281
     1
  0
CLASS
  1
WIPEOUT
  2
AcDbWipeout
  3
WipeOut|Product Desc: Object Enabler for WipeOut entity | Company: Autodesk, Inc. | WEB Address: www.autodesk.com
 90
     2175
 91
        0
280
     0
281
     1
  0
CLASS
  1
WIPEOUTVARIABLES
  2
AcDbWipeoutVariables
  3
"WipeOut|Product Desc:     WipeOut Dbx Application|Company:          Autodesk, Inc.|WEB Address:      www.autodesk.com"
 90
        0
 91
        0
280
     0
281
     0
  0
CLASS
  1
MOVEACTIONENTITY
  2
AcDbBlockMoveActionEntity
  3
ObjectDBX Classes
 90
     1025
 91
        0
280
     0
281
     1
  0
CLASS
  1
BLOCKVISIBILITYPARAMETER
  2
AcDbBlockVisibilityParameter
  3
ObjectDBX Classes
 90
     1153
 91
        0
280
     0
281
     0
  0
CLASS
  1
BLOCKVISIBILITYGRIP
  2
AcDbBlockVisibilityGrip
  3
ObjectDBX Classes
 90
     1153
 91
        0
280
     0
281
     0
  0
CLASS
  1
VISIBILITYPARAMETERENTITY
  2
AcDbBlockVisibilityParameterEntity
  3
ObjectDBX Classes
 90
     1025
 91
        0
280
     0
281
     1
  0
CLASS
  1
VISIBILITYGRIPENTITY
  2
AcDbBlockVisibilityGripEntity
  3
ObjectDBX Classes
 90
     1025
 91
        0
280
     0
281
     1
  0
CLASS
  1
BLOCKLOOKUPPARAMETER
  2
AcDbBlockLookupParameter
  3
ObjectDBX Classes
 90
     1153
 91
        0
280
     0
281
     0
  0
CLASS
  1
BLOCKLOOKUPGRIP
  2
AcDbBlockLookupGrip
  3
ObjectDBX Classes
 90
     1153
 91
        0
280
     0
281
     0
  0
CLASS
  1
BLOCKLOOKUPACTION
  2
AcDbBlockLookupAction
  3
ObjectDBX Classes
 90
     1153
 91
        0
280
     0
281
     0
  0
CLASS
  1
LOOKUPPARAMETERENTITY
  2
AcDbBlockLookupParameterEntity
  3
ObjectDBX Classes
 90
     1025
 91
        0
280
     0
281
     1
  0
CLASS
  1
LOOKUPGRIPENTITY
  2
AcDbBlockLookupGripEntity
  3
ObjectDBX Classes
 90
     1025
 91
        0
280
     0
281
     1
  0
CLASS
  1
LOOKUPACTIONENTITY
  2
AcDbBlockLookupActionEntity
  3
ObjectDBX Classes
 90
     1025
 91
        0
280
     0
281
     1
  0
CLASS
  1
RAPIDRTRENDERSETTINGS
  2
AcDbRapidRTRenderSettings
  3
ObjectDBX Classes
 90
     1024
 91
        0
280
     1
281
     0
  0
CLASS
  1
MENTALRAYRENDERSETTINGS
  2
AcDbMentalRayRenderSettings
  3
SCENEOE
 90
     1024
 91
        0
280
     1
281
     0
  0
CLASS
  1
ACDBASSOCPERSSUBENTMANAGER
  2
AcDbAssocPersSubentManager
  3
ObjectDBX Classes
 90
     1024
 91
        0
280
     0
281
     0
  0
CLASS
  1
ACAD_TABLE
  2
AcDbTable
  3
ObjectDBX Classes
 90
     1025
 91
        0
280
     0
281
     1
  0
CLASS
  1
TABLECONTENT
  2
AcDbTableContent
  3
ObjectDBX Classes
 90
     1152
 91
        0
280
     0
281
     0
  0
CLASS
  1
TABLEGEOMETRY
  2
AcDbTableGeometry
  3
ObjectDBX Classes
 90
     1152
 91
        0
280
     0
281
     0
  0
ENDSEC
  0
SECTION
  2
TABLES
  0
TABLE
  2
VPORT
  5
29
330
0
100
AcDbSymbolTable
 70
     1
1001
ACAD
1000
DbSaveVer
1071
      247
  0
VPORT
  5
2A
330
29
100
AcDbSymbolTableRecord
100
AcDbViewportTableRecord
  2
*Active
 70
     0
 10
0.0
 20
0.0
 11
1.0
 21
1.0
 12
-73790.10672445152
 22
3848.134517711322
 13
0.0
 23
0.0
 14
10.0
 24
10.0
 15
10.0
 25
10.0
 16
0.0
 26
0.0
 36
1.0
 17
0.0
 27
0.0
 37
0.0
 40
919.4891704606652
 41
2.580896686159844
 42
50.0
 43
0.0
 44
0.0
 50
0.0
 51
0.0
 71
     0
 72
  1000
 73
     1
 74
     3
 75
     0
 76
     0
 77
     0
 78
     2
281
     0
 65
     1
110
0.0
120
0.0
130
0.0
111
1.0
121
0.0
131
0.0
112
0.0
122
1.0
132
0.0
 79
     0
146
0.0
348
2B
 60
     3
 61
     5
292
     1
282
     1
141
0.0
142
0.0
 63
   250
421
  3355443
1001
ACAD_NAV_VCDISPLAY
1070
     1
  0
ENDTAB
  0
TABLE
  2
LTYPE
  5
24
330
0
100
AcDbSymbolTable
 70
     2
  0
LTYPE
  5
25
330
24
100
AcDbSymbolTableRecord
100
AcDbLinetypeTableRecord
  2
ByBlock
 70
     0
  3

 72
    65
 73
     0
 40
0.0
  0
LTYPE
  5
26
330
24
100
AcDbSymbolTableRecord
100
AcDbLinetypeTableRecord
  2
ByLayer
 70
     0
  3

 72
    65
 73
     0
 40
0.0
  0
LTYPE
  5
14
330
24
100
AcDbSymbolTableRecord
100
AcDbLinetypeTableRecord
  2
Continuous
 70
     0
  3
Solid line
 72
    65
 73
     0
 40
0.0
  0
LTYPE
  5
79
330
24
100
AcDbSymbolTableRecord
100
AcDbLinetypeTableRecord
  2
DASHDOT
 70
     0
  3
__ . __ . __ . __ . __ . __ . __ . __ .__
 72
    65
 73
     4
 40
1.0
 49
0.5
 74
     0
 49
-0.25
 74
     0
 49
0.0
 74
     0
 49
-0.25
 74
     0
  0
ENDTAB
  0
TABLE
  2
LAYER
  5
1E
102
{ACAD_XDICTIONARY
360
1F
102
}
330
0
100
AcDbSymbolTable
 70
     8
  0
LAYER
  5
6
102
{ACAD_XDICTIONARY
360
7
102
}
330
1E
100
AcDbSymbolTableRecord
100
AcDbLayerTableRecord
  2
0
 70
     0
 62
     7
  6
Continuous
370
    -3
390
8
347
B
348
0
  0
LAYER
  5
59
330
1E
100
AcDbSymbolTableRecord
100
AcDbLayerTableRecord
  2
KOMPOZIT
 70
     0
 62
   117
420
  5667680
  6
Continuous
370
    -3
390
8
347
B
348
0
1001
AcAecLayerStandard
1000

1000

1001
AcCmTransparency
1071
        0
  0
LAYER
  5
331
102
{ACAD_XDICTIONARY
360
332
102
}
330
1E
100
AcDbSymbolTableRecord
100
AcDbLayerTableRecord
  2
profiller
 70
     0
 62
     7
  6
Continuous
370
    -3
390
8
347
B
348
0
  0
LAYER
  5
51A
102
{ACAD_XDICTIONARY
360
51B
102
}
330
1E
100
AcDbSymbolTableRecord
100
AcDbLayerTableRecord
  2
olculendırme
 70
     0
 62
     7
  6
Continuous
370
    15
390
8
347
B
348
0
  0
LAYER
  5
4F8
330
1E
100
AcDbSymbolTableRecord
100
AcDbLayerTableRecord
  2
PROFİL HATCH
 70
     0
 62
     7
  6
Continuous
370
    -3
390
8
347
B
348
0
  0
LAYER
  5
7D
330
1E
100
AcDbSymbolTableRecord
100
AcDbLayerTableRecord
  2
epdm hatch
 70
     0
 62
   253
  6
Continuous
370
     9
390
8
347
B
348
0
1001
AcAecLayerStandard
1000

1000

1001
AcCmTransparency
1071
        0
  0
LAYER
  5
520
330
1E
100
AcDbSymbolTableRecord
100
AcDbLayerTableRecord
  2
-0-
 70
     0
 62
     7
  6
Continuous
370
    25
390
8
347
B
348
0
1001
AcAecLayerStandard
1000

1000

1001
AcCmTransparency
1071
 33554687
  0
LAYER
  5
527
330
1E
100
AcDbSymbolTableRecord
100
AcDbLayerTableRecord
  2
epdm
 70
     0
 62
     7
  6
Continuous
370
    25
390
8
347
B
348
0
1001
AcAecLayerStandard
1000

1000

1001
AcCmTransparency
1071
        0
  0
ENDTAB
  0
TABLE
  2
STYLE
  5
21
330
0
100
AcDbSymbolTable
 70
     4
  0
STYLE
  5
22
330
21
100
AcDbSymbolTableRecord
100
AcDbTextStyleTableRecord
  2
Standard
 70
     0
 40
0.0
 41
1.0
 50
0.0
 71
     0
 42
2.5
  3
arial.ttf
  4

1001
ACAD
1000
Arial
1071
       34
  0
STYLE
  5
3A
330
21
100
AcDbSymbolTableRecord
100
AcDbTextStyleTableRecord
  2
YZ
 70
     0
 40
0.0
 41
0.7
 50
0.0
 71
     0
 42
5.0
  3
archs.shx
  4

  0
STYLE
  5
32
330
21
100
AcDbSymbolTableRecord
100
AcDbTextStyleTableRecord
  2
S5
 70
     0
 40
0.0
 41
0.6
 50
0.0
 71
     0
 42
2.5
  3
romand.shx
  4

  0
STYLE
  5
43
330
21
100
AcDbSymbolTableRecord
100
AcDbTextStyleTableRecord
  2
S2
 70
     0
 40
0.0
 41
0.5
 50
0.0
 71
     0
 42
400.0
  3
romand.shx
  4

  0
ENDTAB
  0
TABLE
  2
VIEW
  5
27
330
0
100
AcDbSymbolTable
 70
     0
  0
ENDTAB
  0
TABLE
  2
UCS
  5
28
330
0
100
AcDbSymbolTable
 70
     0
  0
ENDTAB
  0
TABLE
  2
APPID
  5
2E
330
0
100
AcDbSymbolTable
 70
    11
  0
APPID
  5
13
330
2E
100
AcDbSymbolTableRecord
100
AcDbRegAppTableRecord
  2
ACAD
 70
     0
  0
APPID
  5
19
330
2E
100
AcDbSymbolTableRecord
100
AcDbRegAppTableRecord
  2
ACAD_PSEXT
 70
     0
  0
APPID
  5
339
330
2E
100
AcDbSymbolTableRecord
100
AcDbRegAppTableRecord
  2
AcDbDynamicBlockGUID
 70
     0
  0
APPID
  5
2D
330
2E
100
AcDbSymbolTableRecord
100
AcDbRegAppTableRecord
  2
ACAD_NAV_VCDISPLAY
 70
     0
  0
APPID
  5
5A
330
2E
100
AcDbSymbolTableRecord
100
AcDbRegAppTableRecord
  2
AcAecLayerStandard
 70
     0
  0
APPID
  5
5B
330
2E
100
AcDbSymbolTableRecord
100
AcDbRegAppTableRecord
  2
AcCmTransparency
 70
     0
  0
APPID
  5
37
330
2E
100
AcDbSymbolTableRecord
100
AcDbRegAppTableRecord
  2
ACAD_DSTYLE_DIMJAG
 70
     0
  0
APPID
  5
38
330
2E
100
AcDbSymbolTableRecord
100
AcDbRegAppTableRecord
  2
ACAD_DSTYLE_DIMTALN
 70
     0
  0
APPID
  5
4A
330
2E
100
AcDbSymbolTableRecord
100
AcDbRegAppTableRecord
  2
ACAD_DSTYLE_DIMBREAK
 70
     0
  0
APPID
  5
76
330
2E
100
AcDbSymbolTableRecord
100
AcDbRegAppTableRecord
  2
GradientColor1ACI
 70
     0
  0
APPID
  5
77
330
2E
100
AcDbSymbolTableRecord
100
AcDbRegAppTableRecord
  2
GradientColor2ACI
 70
     0
  0
ENDTAB
  0
TABLE
  2
DIMSTYLE
  5
2F
330
0
100
AcDbSymbolTable
 70
     5
100
AcDbDimStyleTable
 71
     5
340
30
340
31
340
39
340
41
340
42
  0
DIMSTYLE
105
30
330
2F
100
AcDbSymbolTableRecord
100
AcDbDimStyleTableRecord
  2
ISO-25
 70
     0
 41
2.5
 42
0.625
 43
3.75
 44
1.25
 73
     0
 74
     0
 77
     1
 78
     8
140
2.5
141
2.5
143
0.03937007874016
147
0.625
171
     3
172
     1
271
     2
272
     2
274
     3
278
    44
283
     0
284
     8
340
22
  0
DIMSTYLE
105
39
330
2F
100
AcDbSymbolTableRecord
100
AcDbDimStyleTableRecord
  2
1-1
 70
     0
 40
0.75
 41
2.0
 42
2.0
 43
2.0
 44
2.0
 46
2.0
 73
     0
 74
     0
 77
     1
140
3.0
141
1.0
144
-1.0
147
1.0
178
   256
271
     0
272
     0
279
     1
340
3A
342
3B
371
     5
372
     5
1001
ACAD_DSTYLE_DIMJAG
1070
   388
1040
1.5
1001
ACAD_DSTYLE_DIMTALN
1070
   392
1070
     0
  0
DIMSTYLE
105
41
330
2F
100
AcDbSymbolTableRecord
100
AcDbDimStyleTableRecord
  2
1-10
 70
     0
 40
5.0
 41
2.0
 42
2.0
 43
5.0
 44
2.0
 46
2.0
 73
     0
 74
     0
 77
     1
140
3.0
141
1.0
144
-1.0
147
1.0
271
     0
272
     0
279
     1
340
3A
342
3B
371
     5
372
     5
  0
DIMSTYLE
105
31
330
2F
100
AcDbSymbolTableRecord
100
AcDbDimStyleTableRecord
  2
SAR_1-2
 70
     0
 40
1.5
 41
2.0
 42
2.0
 43
2.0
 44
2.0
 73
     0
 74
     0
140
5.0
141
1.0
147
1.0
172
     1
176
     5
177
     5
178
     7
271
     0
272
     0
284
     8
285
     8
286
     8
289
     1
340
32
342
33
1001
ACAD_DSTYLE_DIMJAG
1070
   388
1040
1.5
1001
ACAD_DSTYLE_DIMTALN
1070
   392
1070
     0
  0
DIMSTYLE
105
42
330
2F
100
AcDbSymbolTableRecord
100
AcDbDimStyleTableRecord
  2
SAR_1-250
 70
     0
 40
250.0
 41
0.75
 42
1.0
 43
10.0
 44
1.0
 46
1.0
 73
     0
 74
     0
 78
     8
140
3.0
141
1.0
143
0.03937007874016
147
0.1
171
     3
172
     1
176
     5
177
     5
178
     7
271
     0
272
     0
274
     3
278
    44
283
     0
284
     8
340
43
342
44
371
    -1
372
    -1
1001
ACAD_DSTYLE_DIMBREAK
1070
   391
1040
3.75
1001
ACAD_DSTYLE_DIMJAG
1070
   388
1040
1.5
1001
ACAD_DSTYLE_DIMTALN
1070
   392
1070
     0
  0
ENDTAB
  0
TABLE
  2
BLOCK_RECORD
  5
1
330
0
100
AcDbSymbolTable
 70
    12
  0
BLOCK_RECORD
  5
2
102
{ACAD_XDICTIONARY
360
3
102
}
330
1
100
AcDbSymbolTableRecord
100
AcDbBlockTableRecord
  2
*Model_Space
340
16
 70
     0
280
     1
281
     0
  0
BLOCK_RECORD
  5
1A
330
1
100
AcDbSymbolTableRecord
100
AcDbBlockTableRecord
  2
*Paper_Space
340
1D
 70
     0
280
     1
281
     0
  0
BLOCK_RECORD
  5
3B
102
{ACAD_XDICTIONARY
360
3C
102
}
330
1
100
AcDbSymbolTableRecord
100
AcDbBlockTableRecord
  2
_OBLIQUE
340
0
 70
     0
280
     1
281
     0
  0
BLOCK_RECORD
  5
44
102
{ACAD_XDICTIONARY
360
45
102
}
330
1
100
AcDbSymbolTableRecord
100
AcDbBlockTableRecord
  2
_ArchTick
340
0
310
2800000020000000200000000100200000000000001000000100000001000000000000000000000000000000000000FF000000FF000000FFFFFFFFFF000000FF000000FF000000FF000000FF000000FF000000FF000000FF000000FF000000FF000000FF000000FF000000FF000000FF000000FF000000FF000000FF000000
310
FF000000FF000000FF000000FF000000FF000000FF000000FF000000FF000000FF000000FF000000FF000000FF000000FF000000FFFFFFFFFF000000FFFFFFFFFF000000FF000000FF000000FF000000FF000000FF000000FF000000FF000000FF000000FF000000FF000000FF000000FF000000FF000000FF000000FF0000
310
00FF000000FF000000FF000000FF000000FF000000FF000000FF000000FF000000FF000000FF000000FF000000FF000000FFFFFFFFFF000000FF000000FF000000FFFFFFFFFF000000FF000000FF000000FF000000FF000000FF000000FF000000FF000000FF000000FF000000FF000000FF000000FF000000FF000000FF00
310
0000FF000000FF000000FF000000FF000000FF000000FF000000FF000000FF000000FF000000FF000000FF000000FFFFFFFFFF000000FF000000FF000000FF000000FF000000FFFFFFFFFF000000FF000000FF000000FF000000FF000000FF000000FF000000FF000000FF000000FF000000FF000000FF000000FF000000FF
310
000000FF000000FF000000FF000000FF000000FF000000FF000000FF000000FF000000FF000000FF000000FF000000FF000000FFFFFFFFFF000000FF000000FF000000FF000000FF000000FFFFFFFFFF000000FF000000FF000000FF000000FF000000FF000000FF000000FF000000FF000000FF000000FF000000FF000000
310
FF000000FF000000FF000000FF000000FF000000FF000000FF000000FF000000FF000000FF000000FF000000FF000000FF000000FF000000FFFFFFFFFF000000FF000000FF000000FF000000FF000000FFFFFFFFFF000000FF000000FF000000FF000000FF000000FF000000FF000000FF000000FF000000FF000000FF0000
310
00FF000000FF000000FF000000FF000000FF000000FF000000FF000000FF000000FF000000FF000000FF000000FF000000FF000000FF000000FF000000FFFFFFFFFF000000FF000000FF000000FF000000FF000000FFFFFFFFFF000000FF000000FF000000FF000000FF000000FF000000FF000000FF000000FF000000FF00
310
0000FF000000FF000000FF000000FF000000FF000000FF000000FF000000FF000000FF000000FF000000FF000000FF000000FF000000FF000000FF000000FF000000FFFFFFFFFF000000FF000000FF000000FF000000FF000000FFFFFFFFFF000000FF000000FF000000FF000000FF000000FF000000FF000000FF000000FF
310
000000FF000000FF000000FF000000FF000000FF000000FF000000FF000000FF000000FF000000FF000000FF000000FF000000FF000000FF000000FF000000FF000000FF000000FFFFFFFFFF000000FF000000FF000000FF000000FF000000FFFFFFFFFF000000FF000000FF000000FF000000FF000000FF000000FF000000
310
FF000000FF000000FF000000FF000000FF000000FF000000FF000000FF000000FF000000FF000000FF000000FF000000FF000000FF000000FF000000FF000000FF000000FF000000FF000000FFFFFFFFFF000000FF000000FF000000FF000000FF000000FFFFFFFFFF000000FF000000FF000000FF000000FF000000FF0000
310
00FF000000FF000000FF000000FF000000FF000000FF000000FF000000FF000000FF000000FF000000FF000000FF000000FF000000FF000000FF000000FF000000FF000000FF000000FF000000FF000000FFFFFFFFFF000000FF000000FF000000FF000000FF000000FFFFFFFFFF000000FF000000FF000000FF000000FF00
310
0000FF000000FF000000FF000000FF000000FF000000FF000000FF000000FF000000FF000000FF000000FF000000FF000000FF000000FF000000FF000000FF000000FF000000FF000000FF000000FF000000FF000000FFFFFFFFFF000000FF000000FF000000FF000000FF000000FFFFFFFFFF000000FF000000FF000000FF
310
000000FF000000FF000000FF000000FF000000FF000000FF000000FF000000FF000000FF000000FF000000FF000000FF000000FF000000FF000000FF000000FF000000FF000000FF000000FF000000FF000000FF000000FF000000FFFFFFFFFF000000FF000000FF000000FF000000FF000000FFFFFFFFFF000000FF000000
310
FF000000FF000000FF000000FF000000FF000000FF000000FF000000FF000000FF000000FF000000FF000000FF000000FF000000FF000000FF000000FF000000FF000000FF000000FF000000FF000000FF000000FF000000FF000000FF000000FFFFFFFFFF000000FF000000FF000000FF000000FF000000FFFFFFFFFF0000
310
00FF000000FF000000FF000000FF000000FF000000FF000000FF000000FF000000FF000000FF000000FF000000FF000000FF000000FF000000FF000000FF000000FF000000FF000000FF000000FF000000FF000000FF000000FF000000FF000000FF000000FFFFFFFFFF000000FF000000FF000000FF000000FF000000FFFF
310
FFFFFF000000FF000000FF000000FF000000FF000000FF000000FF000000FF000000FF000000FF000000FF000000FF000000FF000000FF000000FF000000FF000000FF000000FF000000FF000000FF000000FF000000FF000000FF000000FF000000FF000000FF000000FFFFFFFFFF000000FF000000FF000000FF000000FF
310
000000FFFFFFFFFF000000FF000000FF000000FF000000FF000000FF000000FF000000FF000000FF000000FF000000FF000000FF000000FF000000FF000000FF000000FF000000FF000000FF000000FF000000FF000000FF000000FF000000FF000000FF000000FF000000FF000000FFFFFFFFFF000000FF000000FF000000
310
FF000000FF000000FFFFFFFFFF000000FF000000FF000000FF000000FF000000FF000000FF000000FF000000FF000000FF000000FF000000FF000000FF000000FF000000FF000000FF000000FF000000FF000000FF000000FF000000FF000000FF000000FF000000FF000000FF000000FF000000FFFFFFFFFF000000FF0000
310
00FF000000FF000000FF000000FFFFFFFFFF000000FF000000FF000000FF000000FF000000FF000000FF000000FF000000FF000000FF000000FF000000FF000000FF000000FF000000FF000000FF000000FF000000FF000000FF000000FF000000FF000000FF000000FF000000FF000000FF000000FF000000FFFFFFFFFF00
310
0000FF000000FF000000FF000000FF000000FFFFFFFFFF000000FF000000FF000000FF000000FF000000FF000000FF000000FF000000FF000000FF000000FF000000FF000000FF000000FF000000FF000000FF000000FF000000FF000000FF000000FF000000FF000000FF000000FF000000FF000000FF000000FF000000FF
310
FFFFFFFF000000FF000000FF000000FF000000FF000000FFFFFFFFFF000000FF000000FF000000FF000000FF000000FF000000FF000000FF000000FF000000FF000000FF000000FF000000FF000000FF000000FF000000FF000000FF000000FF000000FF000000FF000000FF000000FF000000FF000000FF000000FF000000
310
FF000000FFFFFFFFFF000000FF000000FF000000FF000000FF000000FFFFFFFFFF000000FF000000FF000000FF000000FF000000FF000000FF000000FF000000FF000000FF000000FF000000FF000000FF000000FF000000FF000000FF000000FF000000FF000000FF000000FF000000FF000000FF000000FF000000FF0000
310
00FF000000FF000000FFFFFFFFFF000000FF000000FF000000FF000000FF000000FFFFFFFFFF000000FF000000FF000000FF000000FF000000FF000000FF000000FF000000FF000000FF000000FF000000FF000000FF000000FF000000FF000000FF000000FF000000FF000000FF000000FF000000FF000000FF000000FF00
310
0000FF000000FF000000FF000000FFFFFFFFFF000000FF000000FF000000FF000000FF000000FFFFFFFFFF000000FF000000FF000000FF000000FF000000FF000000FF000000FF000000FF000000FF000000FF000000FF000000FF000000FF000000FF000000FF000000FF000000FF000000FF000000FF000000FF000000FF
310
000000FF000000FF000000FF000000FF000000FFFFFFFFFF000000FF000000FF000000FF000000FF000000FFFFFFFFFF000000FF000000FF000000FF000000FF000000FF000000FF000000FF000000FF000000FF000000FF000000FF000000FF000000FF000000FF000000FF000000FF000000FF000000FF000000FF000000
310
FF000000FF000000FF000000FF000000FF000000FF000000FFFFFFFFFF000000FF000000FF000000FF000000FF000000FFFFFFFFFF000000FF000000FF000000FF000000FF000000FF000000FF000000FF000000FF000000FF000000FF000000FF000000FF000000FF000000FF000000FF000000FF000000FF000000FF0000
310
00FF000000FF000000FF000000FF000000FF000000FF000000FF000000FFFFFFFFFF000000FF000000FF000000FF000000FF000000FFFFFFFFFF000000FF000000FF000000FF000000FF000000FF000000FF000000FF000000FF000000FF000000FF000000FF000000FF000000FF000000FF000000FF000000FF000000FF00
310
0000FF000000FF000000FF000000FF000000FF000000FF000000FF000000FF000000FFFFFFFFFF000000FF000000FF000000FF000000FF000000FFFFFFFFFF000000FF000000FF000000FF000000FF000000FF000000FF000000FF000000FF000000FF000000FF000000FF000000FF000000FF000000FF000000FF000000FF
310
000000FF000000FF000000FF000000FF000000FF000000FF000000FF000000FF000000FF000000FFFFFFFFFF000000FF000000FF000000FF000000FF000000FFFFFFFFFF000000FF000000FF000000FF000000FF000000FF000000FF000000FF000000FF000000FF000000FF000000FF000000FF000000FF000000FF000000
310
FF000000FF000000FF000000FF000000FF000000FF000000FF000000FF000000FF000000FF000000FF000000FFFFFFFFFF000000FF000000FF000000FF000000FF000000FFFFFFFFFF000000FF000000FF000000FF000000FF000000FF000000FF000000FF000000FF000000FF000000FF000000FF000000FF000000FF0000
310
00FF000000FF000000FF000000FF000000FF000000FF000000FF000000FF000000FF000000FF000000FF000000FF000000FFFFFFFFFF000000FF000000FF000000FFFFFFFFFF000000FF000000FF000000FF000000FF000000FF000000FF000000FF000000FF000000FF000000FF000000FF000000FF000000FF000000FF00
310
0000FF000000FF000000FF000000FF000000FF000000FF000000FF000000FF000000FF000000FF000000FF000000FF000000FF000000FFFFFFFFFF000000FFFFFFFFFF000000FF000000FF000000FF000000FF000000FF000000FF000000FF000000FF000000FF000000FF000000FF000000FF000000FF000000FF000000FF
310
000000FF000000FF000000FF000000FF000000FF000000FF000000FF000000FF000000FF000000FF000000FF000000FF000000FF000000FF000000FFFFFFFFFF000000FF000000FF
 70
     0
280
     1
281
     0
  0
BLOCK_RECORD
  5
33
330
1
100
AcDbSymbolTableRecord
100
AcDbBlockTableRecord
  2
huseyin1_ArchTick
340
0
310
2800000020000000200000000100080000000000000400000000000000000000000000000000000000000000000080000080000000808000800000008000800080800000C0C0C000C0DCC000F0CAA6000020400000206000002080000020A0000020C0000020E00000400000004020000040400000406000004080000040A0
310
000040C0000040E00000600000006020000060400000606000006080000060A0000060C0000060E00000800000008020000080400000806000008080000080A0000080C0000080E00000A0000000A0200000A0400000A0600000A0800000A0A00000A0C00000A0E00000C0000000C0200000C0400000C0600000C0800000C0
310
A00000C0C00000C0E00000E0000000E0200000E0400000E0600000E0800000E0A00000E0C00000E0E00040000000400020004000400040006000400080004000A0004000C0004000E00040200000402020004020400040206000402080004020A0004020C0004020E000404000004040200040404000404060004040800040
310
40A0004040C0004040E00040600000406020004060400040606000406080004060A0004060C0004060E00040800000408020004080400040806000408080004080A0004080C0004080E00040A0000040A0200040A0400040A0600040A0800040A0A00040A0C00040A0E00040C0000040C0200040C0400040C0600040C08000
310
40C0A00040C0C00040C0E00040E0000040E0200040E0400040E0600040E0800040E0A00040E0C00040E0E00080000000800020008000400080006000800080008000A0008000C0008000E00080200000802020008020400080206000802080008020A0008020C0008020E00080400000804020008040400080406000804080
310
008040A0008040C0008040E00080600000806020008060400080606000806080008060A0008060C0008060E00080800000808020008080400080806000808080008080A0008080C0008080E00080A0000080A0200080A0400080A0600080A0800080A0A00080A0C00080A0E00080C0000080C0200080C0400080C0600080C0
310
800080C0A00080C0C00080C0E00080E0000080E0200080E0400080E0600080E0800080E0A00080E0C00080E0E000C0000000C0002000C0004000C0006000C0008000C000A000C000C000C000E000C0200000C0202000C0204000C0206000C0208000C020A000C020C000C020E000C0400000C0402000C0404000C0406000C0
310
408000C040A000C040C000C040E000C0600000C0602000C0604000C0606000C0608000C060A000C060C000C060E000C0800000C0802000C0804000C0806000C0808000C080A000C080C000C080E000C0A00000C0A02000C0A04000C0A06000C0A08000C0A0A000C0A0C000C0A0E000C0C00000C0C02000C0C04000C0C06000
310
C0C08000C0C0A000F0FBFF00A4A0A000808080000000FF0000FF000000FFFF00FF000000FF00FF00FFFF0000FFFFFF00000000FF000000000000000000000000000000000000000000000000000000000000FF00FF00000000000000000000000000000000000000000000000000000000FF000000FF000000000000000000
310
0000000000000000000000000000000000FF0000000000FF0000000000000000000000000000000000000000000000000000FF0000000000FF0000000000000000000000000000000000000000000000000000FF0000000000FF0000000000000000000000000000000000000000000000000000FF0000000000FF00000000
310
00000000000000000000000000000000000000000000FF0000000000FF0000000000000000000000000000000000000000000000000000FF0000000000FF0000000000000000000000000000000000000000000000000000FF0000000000FF0000000000000000000000000000000000000000000000000000FF0000000000
310
FF0000000000000000000000000000000000000000000000000000FF0000000000FF0000000000000000000000000000000000000000000000000000FF0000000000FF0000000000000000000000000000000000000000000000000000FF0000000000FF0000000000000000000000000000000000000000000000000000FF
310
0000000000FF0000000000000000000000000000000000000000000000000000FF0000000000FF0000000000000000000000000000000000000000000000000000FF0000000000FF0000000000000000000000000000000000000000000000000000FF0000000000FF00000000000000000000000000000000000000000000
310
00000000FF0000000000FF0000000000000000000000000000000000000000000000000000FF0000000000FF0000000000000000000000000000000000000000000000000000FF0000000000FF0000000000000000000000000000000000000000000000000000FF0000000000FF0000000000000000000000000000000000
310
000000000000000000FF0000000000FF0000000000000000000000000000000000000000000000000000FF0000000000FF0000000000000000000000000000000000000000000000000000FF0000000000FF0000000000000000000000000000000000000000000000000000FF0000000000FF000000000000000000000000
310
0000000000000000000000000000FF0000000000FF0000000000000000000000000000000000000000000000000000FF0000000000FF0000000000000000000000000000000000000000000000000000FF0000000000FF0000000000000000000000000000000000000000000000000000FF000000FF000000000000000000
310
00000000000000000000000000000000000000FF00FF000000000000000000000000000000000000000000000000000000000000FF000000
 70
     0
280
     1
281
     0
  0
BLOCK_RECORD
  5
4F3
102
{ACAD_XDICTIONARY
360
4F4
102
}
330
1
100
AcDbSymbolTableRecord
100
AcDbBlockTableRecord
  2
E50 R 12
340
0
102
{BLKREFS
331
4F2
331
505
102
}
 70
     0
280
     1
281
     0
1001
AcDbDynamicBlockGUID
1000
{9874E319-0316-2D46-BF6E-7BEE8C541556}
  0
BLOCK_RECORD
  5
516
330
1
100
AcDbSymbolTableRecord
100
AcDbBlockTableRecord
  2
E50 M 10
340
0
102
{BLKREFS
331
515
102
}
 70
     0
280
     1
281
     0
  0
BLOCK_RECORD
  5
333
102
{ACAD_XDICTIONARY
360
334
102
}
330
1
100
AcDbSymbolTableRecord
100
AcDbBlockTableRecord
  2
E50 E 01
340
0
310
2800000020000000200000000100200000000000001000000100000001000000000000000000000000000000FFFFFFFFFFFFFFFFFFFFFFFFFFFFFFFFFFFFFFFFFFFFFFFFFFFFFFFFFFFFFFFFFFFFFFFFFFFFFFFFFFFFFFFFFFFFFFFFFFFFFFFFFFFFFFFFFFFFFFFFFFFFFFFFFFFFFFFFFFFFFFFFFFFFFFFFFFFFFFFFFFFFFF
310
FFFFFFFFFFFFFFFFFFFFFFFFFFFFFFFFFFFFFFFFFFFFFFFFFFFFFFFFFFFFFFFFFFFFFFFFFFFFFFFFFFFFFFFFFFFFFFFFFFFFFFFFFFFFFFFFFFFFFFFFFFFFFFFFFFFFFFFFFFFFFFFFFFFFFFFFFFFFFFFFFFFFFFFFFFFFFFFFFFFFFFFFFFFFFFFFFFFFFFFFFFFFFFFFFFFFFFFFFFFFFFFFFFFFFFFFFFFFFFFFFFFFFFFFFFFFFF
310
FFFFFFFFFFFFFFFFFFFFFFFFFFFFFFFFFFFFFFFFFFFFFFFFFFFFFFFFFFFFFFFFFFFFFFFFFFFFFFFFFFFFFFFFFFFFFFFFFFFFFFFFFFFFFFFFFFFFFFFFFFFFFFFFFFFFFFFFFFFFFFFFFFFFFFFFFFFFFFFFFFFFFFFFFFFFFFFFFFFFFFFFFFFFFFFFFFFFFFFFFFFFFFFFFFFFFFFFFFFFFFFFFFFFFFFFFFFFFFFFFFFFFFFFFFFFFF
310
FFFFFFFFFFFFFFFFFFFFFFFFFFFFFFFFFFFFFFFFFFFFFFFFFFFFFFFFFFFFFFFFFFFFFFFFFFFFFFFFFFFFFFFFFFFFFFFFFFFFFFFFFFFFFFFFFFFFFFFFFFFFFFFFFFFFFFFFFFFFFFFFFFFFFFFFFFFFFFFFFFFFFFFFFFFFFFFFFFFFFFFFFFFFFFFFFFFFFFFFFFFFFFFFFFFFFFFFFFFFFFFFFFFFFFFFFFFFFFFFFFFFFFFFFFFFFF
310
FFFFFFFFFFFFFFFFFFFFFFFFFFFFFFFFFFFFFFFFFFFFFFFFFFFFFFFFFFFFFFFFFFFFFFFFFFFFFFFFFFFFFFFFFFFFFFFFFFFFFFFFFFFFFFFFFFFFFFFFFFFFFFFFFFFFFFFFFFFFFFFFFFFFFFFFFFFFFFFFFFFFFFFFFFFFFFFFFFFFFFFFFFFFFFFFFFFFFFFFFFFFFFFFFFFFFFFFFFFFFFFFFFFFFFFFFFFFFFFFFFFFFFFFFFFFFF
310
FFFFFFFFFFFFFFFFFFFFFFFFFFFFFFFFFFFFFFFFFFFFFFFFFFFFFFFFFFFFFFFFFFFFFFFFFFFFFFFFFFFFFFFFFFFFFFFFFFFFFFFFFFFFFFFFFFFFFFFFFFFFFFFFFFFFFFFFFFFFFFFFFFFFFFFFFFFFFFFFFFFFFFFFFFFFFFFFFFFFFFFFFFFFFFFFFFFFFFFFFFFFFFFFFFFFFFFFFFFFFFFFFFFFFFFFFFFFFFFFFFFFFFFFFFFFFF
310
FFFFFFFFFFFFFFFFFFFFFFFFFFFFFFFFFFFFFFFFFFFFFFFFFFFFFFFFFFFFFFFFFFFFFFFFFFFFFFFFFFFFFFFFFFFFFFFFFFFFFFFFFFFFFFFFFFFFFFFFFFFFFFFFFFFFFFFFFFFFFFFFFFFFFFFFFFFFFFFFFFFFFFFFFFFFFFFFFFFFFFFFFFFFFFFFFFFFFFFFFFFFFFFFFFFFFFFFFFFFFFFFFFFFFFFFFFFFFFFFFFFFFFFFFFFFFF
310
FFFFFFFFFFFFFFFFFFFFFFFFFFFFFFFFFFFFFFFFFFFFFFFFFFFFFFFFFFFFFFFFFFFFFFFFFFFFFFFFFFFFFFFFFFFFFFFFFFFFFFFFFFFFFFFFFFFFFFFFFFFFFFFFFFFFFFFFFFFFFFFFFFFFFFFFFFFFFFFFFFFFFFFFFFFFFFFFFFFFFFFFFFFFFFFFFFFFFFFFFFFFFFFFFFFFFFFFFFFFFFFFFFFFFFFFFFFFFFFFFFFFFFFFFFFFFF
310
FFFFFFFFFFFFFFFFFFFFFFFFFFFFFFFFFFFFFFFFFFFFFFFFFFFFFFFFFFFFFFFFFFFFFFFFFFFFFFFFFFFFFFFFFFFFFFFFFFFFFFFFFFFFFFFFFFFFFFFFFFFFFFFFFFFFFFFFFFFFFFFFFFFFFFFFFFFFFFFFFFFFFFFFFFFFFFFFFFFFFFFFFFFFFFFFFFFFFFFFFFFFFFFFFFFFFFFFFFFFFFFFFFFFFFFFFFFFFFFFFFFFFFFFFFFFFF
310
FFFFFFFFFFFFFFFFFFFFFFFFFFFFFFFFFFFFFFFFFFFFFFFFFFFFFFFFFFFFFFFFFFFFFFFFFFFFFFFFFFFFFFFFFFFFFFFFFFFFFFFFFFFFFFFFFFFFFFFFFFFFFFFFFFFFFFFFFFFFFFFFFFFFFFFFFFFFFFFFFFFFFFFFFFFFFFFFFFFFFFFFFFFFFFFFFFFFFFFFFFFFFFFFFFFFFFFFFFFFFFFFFFFFFFFFFFFFFFFFFFFFFFFFFFFFFF
310
FFFFFFFFFFFFFFFFFFFFFFFFFFFFFFFFFFFFFFFFFFFFFFFFFFFFFFFFFFFFFFFFFFFFFFFFFFFFFFFFFFFFFFFFFFFFFFFFFFFFFFFFFFFFFFFFFFFFFFFFFFFFFFFFFFFFFFFFFFFFFFFFFFFFFFFFFFFFFFFFFFFFFFFFFFFFFFFFFFFFFFFFFFFFFFFFFFFFFFFFFFFFFFFFFFFFFFFFFFFFFFFFFFFFFFFFFFFFFFFFFFFFFFFFFFFFFF
310
FFFFFFFFFFFFFFFFFFFFFFFFFFFFFFFFFFFFFFFFFFFFFFFFFFFFFFFFFFFFFFFFFFFFFFFFFFFFFFFFFFFFFFFFFFFFFFFFFFFFFFFFFFFFFFFFFFFFFFFFFFFFFFFFFFFFFFFFFFFFFFFFFFFFFFFFFFFFFFFFFFFFFFFFFFFFFFFFFFFFFFFFFFFFFFFFFFFFFFFFFFFFFFFFFFFFFFFFFFFFFFFFFFFFFFFFFFFFFFFFFFFFFFFFFFFFFF
310
FFFFFFFFFFFFFFFFFFFFFFFFFFFFFFFFFFFFFFFFFFFFFFFFFFFFFFFFFFFFFFFFFFFFFFFFFFFFFFFFFFFFFFFFFFFFFFFFFFFFFFFFFFFFFFFFFFFFFFFFFFFFFFFFFFFFFFFFFFFFFFFFFFFFFFFFFFFFFFFFFFFFFFFFFFFFFFFFFFFFFFFFFFFFFFFFFFFFFFFFFFFFFFFFFFFFFFFFFFFFFFFFFFFFFFFFFFFFFFFFFFFFFFFFFFFFFF
310
FFFFFFFFFFFFFFFFFFFFFFFFFFFFFFFFFFFFFFFFFFFFFFFFFFFFFFFFFFFFFFFFFFFFFFFFFFFFFFFFFFFFFFFFFFFFFFFFFFFFFFFFFFFFFFFFFFFFFFFFFFFFFFFFFFFFFFFFFFFFFFFFFFFFFFFFFFFFFFFFFFFFFFFFFFFFFFFFFFFFFFFFFFFFFFFFFFFFFFFFFFFFFFFFFFFFFFFFFFFFFFFFFFFFFFFFFFFFFFFFFFFFFFFFFFFFFF
310
FFFFFFFFFFFFFFFFFFFFFFFFFFFFFFFFFFFFFFFFFFFFFFFFFFFFFFFFFFFFFFFFFFFFFFFFFFFFFFFFFFFFFFFFFFFFFFFFFFFFFFFFFFFFFFFFFFFFFFFFFFFFFFFFFFFFFFFFFFFF000000FF000000FF000000FF000000FF000000FF000000FF000000FF000000FF000000FF000000FF000000FF000000FF000000FF000000FF00
310
0000FF000000FF000000FF000000FF000000FF000000FF000000FF000000FF000000FF000000FF000000FF000000FFFFFFFFFFFFFFFFFFFFFFFFFFFFFFFFFFFFFFFFFF000000FF000000FF000000FF000000FF000000FF000000FF000000FF000000FF000000FF000000FF000000FF000000FF000000FF000000FF000000FF
310
000000FF000000FF000000FF000000FF000000FF000000FF000000FF000000FF000000FF000000FF000000FF000000FF000000FFFFFFFFFFFFFFFFFFFFFFFFFF000000FF000000FF000000FF000000FFFFFFFFFFFFFFFFFFFFFFFFFFFFFFFFFFFFFFFFFFFFFFFFFFFFFFFFFFFFFFFFFFFFFFFFFFFFFFFFFFFFFFFFFFFFFFFF
310
FFFFFFFFFFFFFFFFFFFFFFFFFFFFFFFFFFFFFFFFFFFFFFFFFFFFFFFFFFFFFFFFFFFFFFFFFFFFFFFFFF000000FF000000FF000000FF000000FFFFFFFFFFFFFFFFFF000000FF000000FF000000FFFFFFFFFFFFFFFFFFFFFFFFFFFFFFFFFFFFFFFFFFFFFFFFFFFFFFFFFFFFFFFFFFFFFFFFFFFFFFFFFFFFFFFFFFFFFFFFFFFFFF
310
FFFFFFFFFFFFFFFFFFFFFFFFFFFFFFFFFFFFFFFFFFFFFFFFFFFFFFFFFFFFFFFFFFFFFFFFFFFFFFFFFFFFFFFFFFFF000000FF000000FF000000FFFFFFFFFFFFFFFFFFFFFFFFFFFFFFFFFFFFFFFFFFFFFFFFFFFFFFFFFFFFFFFFFFFFFFFFFFFFFFFFFFFFFFFFFFFFFFFFFFFFFFFFFFFFFFFFFFFFFFFFFFFFFFFFFFFFFFFFFFFF
310
FFFFFFFFFFFFFFFFFFFFFFFFFFFFFFFFFFFFFFFFFFFFFFFFFFFFFFFFFFFFFFFFFFFFFFFFFFFFFFFFFFFFFFFFFFFFFFFFFFFFFFFFFFFFFFFFFFFFFFFFFFFFFFFFFFFFFFFFFFFFFFFFFFFFFFFFFFFFFFFFFFFFFFFFFFFFFFFFFFFFFFFFFFFFFFFFFFFFFFFFFFFFFFFFFFFFFFFFFFFFFFFFFFFFFFFFFFFFFFFFFFFFFFFFFFFFFF
310
FFFFFFFFFFFFFFFFFFFFFFFFFFFFFFFFFFFFFFFFFFFFFFFFFFFFFFFFFFFFFFFFFFFFFFFFFFFFFFFFFFFFFFFFFFFFFFFFFFFFFFFFFFFFFFFFFFFFFFFFFFFFFFFFFFFFFFFFFFFFFFFFFFFFFFFFFFFFFFFFFFFFFFFFFFFFFFFFFFFFFFFFFFFFFFFFFFFFFFFFFFFFFFFFFFFFFFFFFFFFFFFFFFFFFFFFFFFFFFFFFFFFFFFFFFFFFF
310
FFFFFFFFFFFFFFFFFFFFFFFFFFFFFFFFFFFFFFFFFFFFFFFFFFFFFFFFFFFFFFFFFFFFFFFFFFFFFFFFFFFFFFFFFFFFFFFFFFFFFFFFFFFFFFFFFFFFFFFFFFFFFFFFFFFFFFFFFFFFFFFFFFFFFFFFFFFFFFFFFFFFFFFFFFFFFFFFFFFFFFFFFFFFFFFFFFFFFFFFFFFFFFFFFFFFFFFFFFFFFFFFFFFFFFFFFFFFFFFFFFFFFFFFFFFFFF
310
FFFFFFFFFFFFFFFFFFFFFFFFFFFFFFFFFFFFFFFFFFFFFFFFFFFFFFFFFFFFFFFFFFFFFFFFFFFFFFFFFFFFFFFFFFFFFFFFFFFFFFFFFFFFFFFFFFFFFFFFFFFFFFFFFFFFFFFFFFFFFFFFFFFFFFFFFFFFFFFFFFFFFFFFFFFFFFFFFFFFFFFFFFFFFFFFFFFFFFFFFFFFFFFFFFFFFFFFFFFFFFFFFFFFFFFFFFFFFFFFFFFFFFFFFFFFFF
310
FFFFFFFFFFFFFFFFFFFFFFFFFFFFFFFFFFFFFFFFFFFFFFFFFFFFFFFFFFFFFFFFFFFFFFFFFFFFFFFFFFFFFFFFFFFFFFFFFFFFFFFFFFFFFFFFFFFFFFFFFFFFFFFFFFFFFFFFFFFFFFFFFFFFFFFFFFFFFFFFFFFFFFFFFFFFFFFFFFFFFFFFFFFFFFFFFFFFFFFFFFFFFFFFFFFFFFFFFFFFFFFFFFFFFFFFFFFFFFFFFFFFFFFFFFFFFF
310
FFFFFFFFFFFFFFFFFFFFFFFFFFFFFFFFFFFFFFFFFFFFFFFFFFFFFFFFFFFFFFFFFFFFFFFFFFFFFFFFFFFFFFFFFFFFFFFFFFFFFFFFFFFFFFFFFFFFFFFFFFFFFFFFFFFFFFFFFFFFFFFFFFFFFFFFFFFFFFFFFFFFFFFFFFFFFFFFFFFFFFFFFFFFFFFFFFFFFFFFFFFFFFFFFFFFFFFFFFFFFFFFFFFFFFFFFFFFFFFFFFFFFFFFFFFFFF
310
FFFFFFFFFFFFFFFFFFFFFFFFFFFFFFFFFFFFFFFFFFFFFFFFFFFFFFFFFFFFFFFFFFFFFFFFFFFFFFFFFFFFFFFFFFFFFFFFFFFFFFFFFFFFFFFFFFFFFFFFFFFFFFFFFFFFFFFFFFFFFFFFFFFFFFFFFFFFFFFFFFFFFFFFFFFFFFFFFFFFFFFFFFFFFFFFFFFFFFFFFFFFFFFFFFFFFFFFFFFFFFFFFFFFFFFFFFFFFFFFFFFFFFFFFFFFFF
310
FFFFFFFFFFFFFFFFFFFFFFFFFFFFFFFFFFFFFFFFFFFFFFFFFFFFFFFFFFFFFFFFFFFFFFFFFFFFFFFFFFFFFFFFFFFFFFFFFFFFFFFFFFFFFFFFFFFFFFFFFFFFFFFFFFFFFFFFFFFFFFFFFFFFFFFFFFFFFFFFFFFFFFFFFFFFFFFFFFFFFFFFFFFFFFFFFFFFFFFFFFFFFFFFFFFFFFFFFFFFFFFFFFFFFFFFFFFFFFFFFFFFFFFFFFFFFF
310
FFFFFFFFFFFFFFFFFFFFFFFFFFFFFFFFFFFFFFFFFFFFFFFFFFFFFFFFFFFFFFFFFFFFFFFFFFFFFFFFFFFFFFFFFFFFFFFFFFFFFFFFFFFFFFFFFFFFFFFFFFFFFFFFFFFFFFFFFFFFFFFFFFFFFFFFFFFFFFFFFFFFFFFFFFFFFFFFFFFFFFFFFFFFFFFFFFFFFFFFFFFFFFFFFFFFFFFFFFFFFFFFFFFFFFFFFFFFFFFFFFFFFFFFFFFFFF
310
FFFFFFFFFFFFFFFFFFFFFFFFFFFFFFFFFFFFFFFFFFFFFFFFFFFFFFFFFFFFFFFFFFFFFFFFFFFFFFFFFFFFFFFFFFFFFFFFFFFFFFFFFFFFFFFFFFFFFFFFFFFFFFFFFFFFFFFFFFFFFFFFFFFFFFFFFFFFFFFFFFFFFFFFFFFFFFFFFFFFFFFFFFFFFFFFFFFFFFFFFFFFFFFFFFFFFFFFFFFFFFFFFFFFFFFFFFFFFFFFFFFFFFFFFFFFFF
310
FFFFFFFFFFFFFFFFFFFFFFFFFFFFFFFFFFFFFFFFFFFFFFFFFFFFFFFFFFFFFFFFFFFFFFFFFFFFFFFFFFFFFFFFFFFFFFFFFFFFFFFFFFFFFFFFFFFFFFFFFFFFFFFFFFFFFFFFFFFFFFFFFFFFFFFFFFFFFFFFFFFFFFFFFFFFFFFFFFFFFFFFFFFFFFFFFFFFFFFFFFFFFFFFFFFFFFFFFFFFFFFFFFFFFFFFFFFFFFFFFFFFFFFFFFFFFF
310
FFFFFFFFFFFFFFFFFFFFFFFFFFFFFFFFFFFFFFFFFFFFFFFFFFFFFFFFFFFFFFFFFFFFFFFFFFFFFFFFFFFFFFFFFFFFFFFFFFFFFFFFFFFFFFFFFFFFFFFFFFFFFFFFFFFFFFFFFFFFFFFFFFFFFFFFFFFFFFFFFFFFFFFFFFFFFFFFFFFFFFFFFFFFFFFFFFFFFFFFFFFFFFFFFFFFFFFFFFFFFFFFFFFFFFFFFFFFFFFFFFFFFFFFFFFFFF
310
FFFFFFFFFFFFFFFFFFFFFFFFFFFFFFFFFFFFFFFFFFFFFFFFFFFFFFFFFFFFFFFFFFFFFFFFFFFFFFFFFFFFFFFFFFFFFFFFFFFFFFFFFFFFFFFFFFFFFFFFFFFFFFFFFFFFFFFFFFFFFFFFFFFFFFFFFFFFFFFFFFFFFFFFFFFFFFFFFFFFFFFFFFFFFFFFFFFFFFFFFFFFFFFFFFFFFFFFFFFFFFFFFFFFFFFFFFFFFFFFFFFFFFFFFFFFFF
310
FFFFFFFFFFFFFFFFFFFFFFFFFFFFFFFFFFFFFFFFFFFFFFFFFFFFFFFFFFFFFFFFFFFFFFFFFFFFFFFFFFFFFFFFFFFFFFFFFFFFFFFFFFFFFFFFFFFFFFFFFFFFFFFFFFFFFFFFFFFFFFFF
102
{BLKREFS
331
330
102
}
 70
     4
280
     1
281
     0
1001
AcDbDynamicBlockGUID
1000
{E63B3217-BAA5-B945-AA34-E197E82469CF}
  0
BLOCK_RECORD
  5
4EA
102
{ACAD_XDICTIONARY
360
4EB
102
}
330
1
100
AcDbSymbolTableRecord
100
AcDbBlockTableRecord
  2
E50 A 01
340
0
310
2800000028000000280000000100200000000000001900000100000001000000000000000000000001000000FFFFFFFFFFFFFFFFFFFFFFFFFFFFFFFFFFFFFFFFFFFFFFFFFFFFFFFFFFFFFFFFFFFFFFFFFFFFFFFFFFFFFFFFFFFFFFFFFFFFFFFFFFFFFFFFFFFFFFFFFFFFFFFFFFFFFFFFFFFFFFFFFFFFFFFFFFFFFFFFFFFFFF
310
FFFFFFFFFFFFFFFFFFFFFFFFFFFFFFFFFFFFFFFFFFFFFFFFFFFFFFFFFFFFFFFFFFFFFFFFFFFFFFFFFFFFFFFFFFFFFFFFFFFFFFFFFFFFFFFFFFFFFFFFFFFFFFFFFFFFFFFFFFFFFFFFFFFFFFFFFFFFFFFFFFFFFFFFFFFFFFFFFFFFFFFFFFFFFFFFFFFFFFFFFFFFFFFFFFFFFFFFFFFFFFFFFFFFFFFFFFFFFFFFFFFFFFFFFFFFFF
310
FFFFFFFFFFFFFFFFFFFFFFFFFFFFFFFFFFFFFFFFFFFFFFFFFFFFFFFFFFFFFFFFFFFFFFFFFFFFFFFFFFFFFFFFFFFFFFFFFFFFFFFFFFFFFFFFFFFFFFFFFFFFFFFFFFFFFFFFFFFFFFFFFFFFFFFFFFFFFFFFFFFFFFFFFFFFFFFFFFFFFFFFFFFFFFFFFFFFFFFFFFFFFFFFFFFFFFFFFFFFFFFFFFFFFFFFFFFFFFFFFFFFFFFFFFFFFF
310
FFFFFFFFFFFFFFFFFFFFFFFFFFFFFFFFFFFFFFFFFFFFFFFFFFFFFFFFFFFFFFFFFFFFFFFFFFFFFFFFFFFFFFFFFFFFFFFFFFFFFF000000FF000000FFFFFFFFFFFFFFFFFF000000FF000000FFFFFFFFFFFFFFFFFFFFFFFFFFFFFFFFFFFFFFFFFFFFFFFFFFFFFFFFFFFFFFFFFFFFFFFFFFFFFFFFFFFFFFFFFFFFFFFFFFFFFFFFFF
310
FFFFFFFFFFFFFFFFFFFFFFFFFFFFFFFFFFFFFFFFFFFFFFFFFFFFFFFFFFFFFFFFFFFFFFFFFFFFFFFFFFFFFFFFFFFFFFFFFFFFFFFFFFFFFFFFFFFFFFFFFFFFFFFFFFFFFFFFFFFFFFFFFFFFFFFFFFFFFFFFFFFFFFFF000000FF000000FFFFFFFFFFFFFFFFFF000000FF000000FFFFFFFFFFFFFFFFFFFFFFFFFFFFFFFFFFFFFFFF
310
FFFFFFFFFFFFFFFFFFFFFFFFFFFFFFFFFFFFFFFFFFFFFFFFFFFFFFFFFFFFFFFFFFFFFFFFFFFFFFFFFFFFFFFFFFFFFFFFFFFFFFFFFFFFFFFFFFFFFFFFFFFFFFFFFFFFFFFFFFFFFFFFFFFFFFFFFFFFFFFFFFFFFFFFFFFFFFFFFFFFFFFFFFFFFFFFFFFFFFFFFFFFFFFFFFFFFFFFFFFFFFFFFFFFFFFFFF000000FF000000FFFFFF
310
FFFFFFFFFFFF000000FF000000FFFFFFFFFFFFFFFFFFFFFFFFFFFFFFFFFFFFFFFFFFFFFFFFFFFFFFFFFFFFFFFFFFFFFFFFFFFFFFFFFFFFFFFFFFFFFFFFFFFFFFFFFFFFFFFFFFFFFFFFFFFFFFFFFFFFFFFFFFFFFFFFFFFFFFFFFFFFFFFFFFFFFFFFFFFFFFFFFFFFFFFFFFFFFFFFFFFFFFFFFFFFFFFFFFFFFFFFFFFFFFFFFFFF
310
FFFFFFFFFFFFFFFFFFFFFFFFFFFFFFFFFFFFFFFFFFFFFF000000FF000000FFFFFFFFFFFFFFFFFF000000FF000000FFFFFFFFFFFFFFFFFFFFFFFFFFFFFFFFFFFFFFFFFFFFFFFFFFFFFFFFFFFFFFFFFFFFFFFFFFFFFFFFFFFFFFFFFFFFFFFFFFFFFFFFFFFFFFFFFFFFFFFFFFFFFFFFFFFFFFFFFFFFFFFFFFFFFFFFFFFFFFFFFF
310
FFFFFFFFFFFFFFFFFFFFFFFFFFFFFFFFFFFFFFFFFFFFFFFFFFFFFFFFFFFFFFFFFFFFFFFFFFFFFFFFFFFFFFFFFFFFFFFFFFFFFFFFFFFFFFFF000000FF000000FFFFFFFFFFFFFFFFFF000000FF000000FFFFFFFFFFFFFFFFFFFFFFFFFFFFFFFFFFFFFFFFFFFFFFFFFFFFFFFFFFFFFFFFFFFFFFFFFFFFFFFFFFFFFFFFFFFFFFFF
310
FFFFFFFFFFFFFFFFFFFFFFFFFFFFFFFFFFFFFFFFFFFFFFFFFFFFFFFFFFFFFFFFFFFFFFFFFFFFFFFFFFFFFFFFFFFFFFFFFFFFFFFFFFFFFFFFFFFFFFFFFFFFFFFFFFFFFFFFFFFFFFFFFFFFFFFFFFFFFFFFFFFFFFFFFFFFFFFFFF000000FF000000FFFFFFFFFFFFFFFFFF000000FF000000FFFFFFFFFFFFFFFFFFFFFFFFFFFFFF
310
FFFFFFFFFFFFFFFFFFFFFFFFFFFFFFFFFFFFFFFFFFFFFFFFFFFFFFFFFFFFFFFFFFFFFFFFFFFFFFFFFFFFFFFFFFFFFFFFFFFFFFFFFFFFFFFFFFFFFFFFFFFFFFFFFFFFFFFFFFFFFFFFFFFFFFFFFFFFFFFFFFFFFFFFFFFFFFFFFFFFFFFFFFFFFFFFFFFFFFFFFFFFFFFFFFFFFFFFFFFFFFFFFFFFFFFFFFFFFFFFFFFF000000FF00
310
0000FFFFFFFFFFFFFFFFFF000000FF000000FFFFFFFFFFFFFFFFFFFFFFFFFFFFFFFFFFFFFFFFFFFFFFFFFFFFFFFFFFFFFFFFFFFFFFFFFFFFFFFFFFFFFFFFFFFFFFFFFFFFFFFFFFFFFFFFFFFFFFFFFFFFFFFFFFFFFFFFFFFFFFFFFFFFFFFFFFFFFFFFFFFFFFFFFFFFFFFFFFFFFFFFFFFFFFFFFFFFFFFFFF000000FF000000FF
310
000000FFFFFFFFFFFFFFFFFFFFFFFFFFFFFFFFFFFFFFFFFFFFFFFFFF000000FF000000FF000000FF000000FF000000FF000000FFFFFFFFFFFFFFFFFFFFFFFFFFFFFFFFFFFFFFFFFFFFFFFFFF000000FF000000FF000000FFFFFFFFFFFFFFFFFFFFFFFFFFFFFFFFFFFFFFFFFFFFFFFFFFFFFFFFFFFFFFFFFFFFFFFFFFFFFFFF
310
FFFFFFFFFFFFFFFFFFFFFFFFFFFFFFFFFFFFFFFFFFFFFFFFFF000000FF000000FF000000FF000000FFFFFFFFFFFFFFFFFFFFFFFFFFFFFFFFFFFFFFFFFF000000FF000000FF000000FF000000FF000000FF000000FFFFFFFFFFFFFFFFFFFFFFFFFFFFFFFFFFFFFFFFFF000000FF000000FF000000FF000000FFFFFFFFFFFFFF
310
FFFFFFFFFFFFFFFFFFFFFFFFFFFFFFFFFFFFFFFFFFFFFFFFFFFFFFFFFFFFFFFFFFFFFFFFFFFFFFFFFFFFFFFFFFFFFFFFFFFF000000FFFFFFFFFFFFFFFFFFFFFFFFFF000000FF000000FFFFFFFFFFFFFFFFFFFFFFFFFFFFFFFFFFFFFFFFFF000000FF000000FF000000FF000000FF000000FF000000FFFFFFFFFFFFFFFFFFFF
310
FFFFFFFFFFFFFFFFFFFFFF000000FF000000FFFFFFFFFFFFFFFFFFFFFFFFFF000000FFFFFFFFFFFFFFFFFFFFFFFFFFFFFFFFFFFFFFFFFFFFFFFFFFFFFFFFFFFFFFFFFFFFFFFFFFFFFFFFFFFFFFFFFF000000FF000000FF000000FFFFFFFFFF000000FF000000FF000000FFFFFFFFFFFFFFFFFFFFFFFFFFFFFFFFFFFFFFFFFF
310
000000FF000000FFFFFFFFFFFFFFFFFF000000FF000000FFFFFFFFFFFFFFFFFFFFFFFFFFFFFFFFFFFFFFFFFF000000FF000000FF000000FFFFFFFFFF000000FF000000FF000000FFFFFFFFFFFFFFFFFFFFFFFFFFFFFFFFFFFFFFFFFFFFFFFFFFFFFFFFFFFFFFFFFFFFFFFFFFFFFFFFFF000000FF000000FF000000FF000000
310
FF000000FF000000FFFFFFFFFFFFFFFFFFFFFFFFFFFFFFFFFFFFFFFFFFFFFFFFFF000000FF000000FFFFFFFFFFFFFFFFFF000000FF000000FFFFFFFFFFFFFFFFFFFFFFFFFFFFFFFFFFFFFFFFFFFFFFFFFFFFFFFFFF000000FF000000FF000000FF000000FF000000FFFFFFFFFFFFFFFFFFFFFFFFFFFFFFFFFFFFFFFFFFFFFF
310
FFFFFFFFFFFFFFFFFFFFFFFFFFFFFFFFFFFF000000FF000000FF000000FF000000FF000000FFFFFFFFFFFFFFFFFFFFFFFFFFFFFFFFFFFFFFFFFFFFFFFFFFFFFFFFFF000000FF000000FFFFFFFFFFFFFFFFFF000000FF000000FFFFFFFFFFFFFFFFFFFFFFFFFFFFFFFFFFFFFFFFFFFFFFFFFFFFFFFFFF000000FF000000FF00
310
0000FF000000FF000000FFFFFFFFFFFFFFFFFFFFFFFFFFFFFFFFFFFFFFFFFFFFFFFFFFFFFFFFFFFFFFFFFFFFFFFFFFFFFFFFFF000000FF000000FFFFFFFFFFFFFFFFFFFFFFFFFFFFFFFFFFFFFFFFFFFFFFFFFFFFFFFFFFFFFFFFFFFFFFFFFF000000FF000000FF000000FFFFFFFFFFFFFFFFFF000000FF000000FF000000FF
310
FFFFFFFFFFFFFFFFFFFFFFFFFFFFFFFFFFFFFFFFFFFFFFFFFFFFFFFFFFFFFFFFFFFFFFFF000000FF000000FFFFFFFFFFFFFFFFFFFFFFFFFFFFFFFFFFFFFFFFFFFFFFFFFFFFFFFFFFFFFFFFFFFFFFFFFFFFFFFFFF000000FF000000FFFFFFFFFFFFFFFFFFFFFFFFFFFFFFFFFFFFFFFFFFFFFFFFFFFFFFFFFFFFFFFFFFFFFFFF
310
FF000000FF000000FFFFFFFFFFFFFFFFFFFFFFFFFFFFFFFFFF000000FF000000FFFFFFFFFFFFFFFFFFFFFFFFFFFFFFFFFFFFFFFFFFFFFFFFFFFFFFFFFFFFFFFFFFFFFFFFFF000000FF000000FFFFFFFFFFFFFFFFFFFFFFFFFFFFFFFFFFFFFFFFFFFFFFFFFFFFFFFFFFFFFFFFFFFFFFFFFFFFFFFFFF000000FF000000FFFFFF
310
FFFFFFFFFFFFFFFFFFFFFFFFFFFFFFFFFFFFFFFFFFFFFFFFFFFF000000FF000000FF000000FFFFFFFFFFFFFFFFFFFFFFFFFFFFFFFFFFFFFFFFFFFFFFFFFF000000FF000000FF000000FFFFFFFFFFFFFFFFFFFFFFFFFFFFFFFFFFFFFFFFFFFFFFFFFFFFFFFFFF000000FF000000FFFFFFFFFFFFFFFFFFFFFFFFFFFFFFFFFFFF
310
FFFFFFFFFFFFFFFFFFFFFFFFFFFFFFFFFFFFFFFFFFFFFF000000FF000000FF000000FF000000FF000000FF000000FF000000FF000000FF000000FF000000FF000000FFFFFFFFFFFFFFFFFFFFFFFFFFFFFFFFFFFFFFFFFFFFFFFFFFFFFFFFFFFFFFFFFF000000FF000000FF000000FF000000FF000000FF000000FF000000FF
310
000000FF000000FF000000FF000000FFFFFFFFFFFFFFFFFFFFFFFFFFFFFFFFFFFFFFFFFFFFFFFFFFFFFFFFFFFFFFFFFFFFFFFFFFFFFFFFFF000000FF000000FF000000FF000000FF000000FF000000FF000000FF000000FF000000FF000000FFFFFFFFFFFFFFFFFFFFFFFFFFFFFFFFFFFFFFFFFFFFFFFFFFFFFFFFFFFFFFFF
310
FFFFFFFFFFFFFFFFFF000000FF000000FF000000FF000000FF000000FF000000FF000000FF000000FF000000FF000000FFFFFFFFFFFFFFFFFFFFFFFFFFFFFFFFFFFFFFFFFFFFFFFFFFFFFFFFFFFFFFFFFFFFFFFFFFFFFFFFFF000000FF000000FFFFFFFFFFFFFFFFFFFFFFFFFFFFFFFFFFFFFFFFFFFFFFFFFFFFFFFFFFFFFF
310
FFFFFFFFFFFFFFFFFFFFFFFFFFFFFFFFFFFFFFFFFFFFFFFFFFFFFFFFFFFFFFFFFFFFFFFFFFFFFFFFFFFFFFFFFFFFFFFFFFFFFFFFFFFFFFFFFFFFFFFFFFFFFFFFFFFFFFFFFFFFFFFFFFFF000000FF000000FFFFFFFFFFFFFFFFFFFFFFFFFFFFFFFFFFFFFFFFFFFFFFFFFFFFFFFFFFFFFFFFFFFFFFFFFFFFFFFFFF000000FF00
310
0000FFFFFFFFFFFFFFFFFFFFFFFFFFFFFFFFFFFFFFFFFFFFFFFFFFFFFFFFFFFFFFFFFFFFFFFFFFFFFFFFFFFFFFFFFFFFFFFFFFFFFFFFFFFFFFFFFFFFFFFFFFFFFFFFFFFFFFFFFFFFFFFFFFFFFFFFFFFFFFFFFFFFFFFFFFFFFFFFFFFFFFFFFFFFFFFFFFFFFFFFFFFFFFFFFF000000FF000000FFFFFFFFFFFFFFFFFFFFFFFFFF
310
FFFFFFFFFFFFFFFFFFFFFFFFFFFFFFFFFFFFFFFFFFFFFFFFFFFFFFFF000000FF000000FFFFFFFFFFFFFFFFFFFFFFFFFFFFFFFFFFFFFFFFFFFFFFFFFFFFFFFFFFFFFFFFFFFFFFFFFFFFFFFFFFFFFFFFFFFFFFFFFFFFFFFFFFFFFFFFFFFFFFFFFFFFFFFFFFFFFFFFFFFFFFFFFFFFFFFFFFFFFFFFFFFFFFFFFFFFFFFFFFFFFFFF
310
FFFFFFFFFFFFFFFFFFFFFFFFFF000000FF000000FFFFFFFFFFFFFFFFFFFFFFFFFFFFFFFFFFFFFFFFFFFFFFFFFFFFFFFFFFFFFFFFFFFFFFFFFFFFFFFFFF000000FF000000FFFFFFFFFFFFFFFFFFFFFFFFFFFFFFFFFFFFFFFFFFFFFFFFFFFFFFFFFFFFFFFFFFFFFFFFFFFFFFFFFFFFFFFFFFFFFFFFFFFFFFFFFFFFFFFFFFFFFF
310
FFFFFFFFFFFFFFFFFFFFFFFFFFFFFFFFFFFFFFFFFFFFFFFFFFFFFFFFFFFFFFFFFFFFFFFFFFFFFFFFFFFFFFFFFFFF000000FF000000FFFFFFFFFFFFFFFFFFFFFFFFFFFFFFFFFFFFFFFFFFFFFFFFFFFFFFFFFFFFFFFFFFFFFFFFFFFFFFFFFF000000FF000000FFFFFFFFFFFFFFFFFFFFFFFFFFFFFFFFFFFFFFFFFFFFFFFFFFFF
310
FFFFFFFFFFFFFFFFFFFFFFFFFFFFFFFFFFFFFFFFFFFFFFFFFFFFFFFFFFFFFFFFFFFFFFFFFFFFFFFFFFFFFFFFFFFFFFFFFFFFFFFFFFFFFFFFFFFFFFFFFFFFFFFFFFFFFFFFFFFFFFFFFFFFFFFFFFFFFF000000FF000000FFFFFFFFFFFFFFFFFFFFFFFFFFFFFFFFFFFFFFFFFFFFFFFFFFFFFFFFFFFFFFFFFFFFFFFFFFFFFFFFFF
310
000000FF000000FFFFFFFFFFFFFFFFFFFFFFFFFFFFFFFFFFFFFFFFFFFFFFFFFFFFFFFFFFFFFFFFFFFFFFFFFFFFFFFFFFFFFFFFFFFFFFFFFFFFFFFFFFFFFFFFFFFFFFFFFFFFFFFFFFFFFFFFFFFFFFFFFFFFFFFFFFFFFFFFFFFFFFFFFFFFFFFFFFFFFFFFFFFFFFFFFFFFFFFFFFFFFFFFFF000000FF000000FFFFFFFFFFFFFFFF
310
FFFFFFFFFFFFFFFFFFFFFFFFFFFFFFFFFFFFFFFFFFFFFFFFFFFFFFFFFFFFFFFFFF000000FF000000FF000000FF000000FF000000FF000000FF000000FF000000FF000000FF000000FF000000FF000000FF000000FF000000FF000000FF000000FF000000FF000000FF000000FF000000FF000000FF000000FF000000FF0000
310
00FF000000FF000000FF000000FF000000FF000000FF000000FFFFFFFFFFFFFFFFFFFFFFFFFFFFFFFFFFFFFFFFFFFFFFFFFFFFFFFFFFFFFFFFFFFFFFFFFFFFFFFFFF000000FF000000FF000000FF000000FF000000FF000000FF000000FF000000FF000000FF000000FF000000FF000000FF000000FF000000FF000000FF00
310
0000FF000000FF000000FF000000FF000000FF000000FF000000FF000000FF000000FF000000FF000000FF000000FF000000FF000000FF000000FFFFFFFFFFFFFFFFFFFFFFFFFFFFFFFFFFFFFFFFFFFFFFFFFFFFFFFFFFFFFFFFFFFFFFFFFFFFFFFFFF000000FF000000FFFFFFFFFFFFFFFFFFFFFFFFFFFFFFFFFFFFFFFFFF
310
FFFFFFFFFFFFFFFFFFFFFFFFFFFFFFFF000000FF000000FFFFFFFFFFFFFFFFFFFFFFFFFFFFFFFFFF000000FF000000FFFFFFFFFFFFFFFFFFFFFFFFFFFFFFFFFFFFFFFFFFFFFFFFFFFFFFFFFFFFFFFFFFFFFFFFFF000000FF000000FFFFFFFFFFFFFFFFFFFFFFFFFFFFFFFFFFFFFFFFFFFFFFFFFFFFFFFFFFFFFFFFFFFFFFFF
310
FFFFFFFFFF000000FF000000FFFFFFFFFFFFFFFFFFFFFFFFFFFFFFFFFFFFFFFFFFFFFFFFFFFFFFFFFFFFFFFFFFFFFFFFFF000000FF000000FFFFFFFFFFFFFFFFFFFFFFFFFFFFFFFFFF000000FF000000FFFFFFFFFFFFFFFFFFFFFFFFFFFFFFFFFFFFFFFFFFFFFFFFFFFFFFFFFFFFFFFFFFFFFFFFFF000000FF000000FFFFFF
310
FFFFFFFFFFFFFFFFFFFFFFFFFFFFFFFFFFFFFFFFFFFFFFFFFFFFFFFFFFFFFFFFFFFFFFFFFFFF000000FF000000FFFFFFFFFFFFFFFFFFFFFFFFFFFFFFFFFFFFFFFFFFFFFFFFFFFFFFFFFFFFFFFFFFFFFFFFFFFFFFFFFFFFFFFFFFFFFFFFFFFFFFFFFFFFFFFFFFFFFFFFFFFFFFFFFFFFFFFFFFFFFFFFFFFFFFFFFFFFFFFFFFFF
310
FFFFFFFFFFFFFFFFFFFFFFFFFFFFFFFFFFFFFFFFFFFFFF000000FF000000FFFFFFFFFFFFFFFFFFFFFFFFFFFFFFFFFFFFFFFFFFFFFFFFFFFFFFFFFFFFFFFFFFFFFFFFFFFFFFFFFF000000FF000000FFFFFFFFFFFFFFFFFFFFFFFFFFFFFFFFFFFFFFFFFFFFFFFFFFFFFFFFFFFFFFFFFFFFFFFFFFFFFFFFFFFFFFFFFFFFFFFFFF
310
FFFFFFFFFFFFFFFFFFFFFFFFFFFFFFFFFFFFFFFFFFFFFFFFFFFFFFFFFFFFFFFFFFFFFFFFFFFFFFFFFFFFFFFFFFFFFFFFFFFFFFFFFFFFFFFF000000FF000000FFFFFFFFFFFFFFFFFFFFFFFFFFFFFFFFFFFFFFFFFFFFFFFFFFFFFFFFFFFFFFFFFFFFFFFFFFFFFFFFFF000000FF000000FFFFFFFFFFFFFFFFFFFFFFFFFFFFFFFF
310
FFFFFFFFFFFFFFFFFFFFFFFFFFFFFFFFFFFFFFFFFFFFFFFFFFFFFFFFFFFFFFFFFFFFFFFFFFFFFFFFFFFFFFFFFFFFFFFFFFFFFFFFFFFFFFFFFFFFFFFFFFFFFFFFFFFFFFFFFFFFFFFFFFFFFFFFFFFFFFFFFFFFFFFFFFFFFFFFFF000000FF000000FFFFFFFFFFFFFFFFFFFFFFFFFFFFFFFFFFFFFFFFFFFFFFFFFFFFFFFFFFFFFF
310
FFFFFFFFFFFFFFFFFFFF000000FF000000FFFFFFFFFFFFFFFFFFFFFFFFFFFFFFFFFFFFFFFFFFFFFFFFFFFFFFFFFFFFFFFFFFFFFFFFFFFFFFFFFFFFFFFFFFFFFFFFFFFFFFFFFFFFFFFFFFFFFFFFFFFFFFFFFFFFFFFFFFFFFFFFFFFFFFFFFFFFFFFFFFFFFFFFFFFFFFFFFFFFFFFFFFFFFFFFFFFFFFFFFFFFFFFFFF000000FF00
310
0000FFFFFFFFFFFFFFFFFFFFFFFFFFFFFFFFFFFFFFFFFFFFFFFFFFFFFFFFFFFFFFFFFFFFFFFFFFFFFFFFFF000000FF000000FFFFFFFFFFFFFFFFFFFFFFFFFFFFFFFFFFFFFFFFFFFFFFFFFFFFFFFFFFFFFFFFFFFFFFFFFFFFFFFFFFFFFFFFFFFFFFFFFFFFFFFFFFFFFFFFFFFFFFFFFFFFFFFFFFFFFFFFFFFFFFFFFFFFFFFFFF
310
FFFFFFFFFFFFFFFFFFFFFFFFFFFFFFFFFFFFFFFFFFFFFFFFFFFFFFFF000000FF000000FFFFFFFFFFFFFFFFFFFFFFFFFFFFFFFFFFFFFFFFFFFFFFFFFFFFFFFFFFFFFFFFFFFFFFFFFFFFFFFFFF000000FF000000FF000000FF000000FF000000FF000000FF000000FFFFFFFFFFFFFFFFFFFFFFFFFFFFFFFFFFFFFFFFFFFFFFFF
310
FFFFFFFFFFFFFFFFFFFFFFFFFFFFFFFFFFFFFFFFFFFFFFFFFFFFFFFFFFFFFFFFFFFFFFFFFFFFFFFFFF000000FF000000FF000000FF000000FF000000FF000000FF000000FFFFFFFFFFFFFFFFFFFFFFFFFFFFFFFFFFFFFFFFFFFFFFFFFFFFFFFFFFFFFFFFFFFFFFFFFFFFFFFFFF000000FF000000FF000000FF000000FF0000
310
00FF000000FF000000FFFFFFFFFFFFFFFFFFFFFFFFFFFFFFFFFFFFFFFFFFFFFFFFFFFFFFFFFFFFFFFFFFFFFFFFFFFFFFFFFFFFFFFFFFFFFFFFFFFFFFFFFFFFFFFFFFFFFFFFFFFFFFFFFF000000FF000000FF000000FF000000FF000000FF000000FF000000FFFFFFFFFFFFFFFFFFFFFFFFFFFFFFFFFFFFFFFFFFFFFFFFFFFF
310
FFFFFFFFFFFFFFFFFFFFFFFFFFFFFFFFFFFFFFFFFFFFFF000000FF000000FF000000FFFFFFFFFFFFFFFFFFFFFFFFFFFFFFFFFFFFFFFFFFFFFFFFFFFFFFFFFFFFFFFFFFFFFFFFFFFFFFFFFFFFFFFFFFFFFFFFFFFFFFFFFFFFFFFFFFFFFFFFFFFFFFFFFFFFFFFFFFFFFFFFFFFFFFFFFFFFFFFFFF000000FF000000FF000000FF
310
FFFFFFFFFFFFFFFFFFFFFFFFFFFFFFFFFFFFFFFFFFFFFFFFFFFFFFFFFFFFFFFFFFFFFFFFFFFFFFFFFFFFFFFFFFFFFFFFFFFFFFFFFFFFFFFFFFFFFFFFFFFFFFFFFFFFFFFFFFFFFFFFFFFFFFFFFFFFFFFFFFFFFFFFFFFFFFFFFFFFFFFFFFFFFFFFFFFFFFFFFFFFFFFFFFFFFFFFFFFFFFFFFFFFFFFFFFFFFFFFFFFFFFFFFFFFFF
310
FFFFFFFFFFFFFFFFFFFFFFFFFFFFFFFFFFFFFFFFFFFFFFFFFFFFFFFFFFFFFFFFFFFFFFFFFFFFFFFFFFFFFFFFFFFFFFFFFFFFFFFFFFFFFFFFFFFFFFFFFFFFFFFFFFFFFFFFFFFFFFFFFFFFFFFFFFFFFFFFFFFFFFFFFFFFFFFFFFFFFFFFFFFFFFFFFFFFFFFFFFFFFFFFFFFFFFFFFFFFFFFFFFFFFFFFFFFFFFFFFFFFFFFFFFFFFF
310
FFFFFFFFFFFFFFFFFFFFFFFFFFFFFFFFFFFFFFFFFFFFFFFFFFFFFFFFFFFFFFFFFFFFFFFFFFFFFFFFFFFFFFFFFFFFFFFFFFFFFFFFFFFFFFFFFFFFFFFFFFFFFFFFFFFFFFFFFFFFFFFFFFFFFFFFFFFFFFFFFFFFFFFFFFFFFFFFFFFF
102
{BLKREFS
331
4E9
102
}
 70
     4
280
     1
281
     0
1001
AcDbDynamicBlockGUID
1000
{A2BB7BDF-6E2B-CB49-8E73-4EAC5C3691CF}
  0
BLOCK_RECORD
  5
33B
330
1
100
AcDbSymbolTableRecord
100
AcDbBlockTableRecord
  2
48x45_ysb
340
0
310
2800000020000000200000000100200000000000001000000100000001000000000000000000000001000000000000FF000000FF000000FF000000FF000000FF000000FF000000FF000000FF000000FF000000FF000000FF000000FF000000FF000000FF000000FF000000FF000000FF000000FF000000FF000000FF000000
310
FF000000FF000000FF000000FF000000FF000000FF000000FF000000FF000000FF000000FF000000FF000000FF000000FF000000FF000000FF000000FF000000FF000000FF000000FF000000FF000000FF000000FF000000FF000000FF000000FF000000FF000000FF000000FF000000FF000000FF000000FF000000FF0000
310
00FF000000FF000000FF000000FF000000FF000000FF000000FF000000FF000000FF000000FF000000FF000000FF000000FF000000FF000000FF000000FF000000FF000000FF000000FF000000FF000000FF000000FF000000FF000000FF000000FF000000FF000000FF000000FF000000FF000000FF000000FF000000FF00
310
0000FF000000FF000000FF000000FF000000FF000000FF000000FF000000FF000000FF000000FF000000FF000000FF000000FF000000FF000000FF000000FF000000FF000000FF000000FF000000FF000000FF000000FF000000FF000000FF000000FF000000FF000000FF000000FF000000FF000000FF000000FF000000FF
310
000000FF000000FF000000FF000000FF000000FF000000FF000000FF000000FF000000FF000000FF000000FF000000FF000000FF000000FF000000FF000000FF000000FF000000FF000000FF000000FF000000FF000000FF000000FF000000FF000000FF000000FF000000FF000000FF000000FF000000FF000000FF000000
310
FF000000FF000000FF000000FF000000FF000000FF000000FF000000FF000000FF000000FF000000FF000000FF000000FF000000FF000000FF000000FF000000FF000000FF000000FF000000FF000000FF000000FF000000FF000000FF000000FF000000FF000000FF000000FF000000FF000000FF000000FF000000FF0000
310
00FF000000FF000000FF000000FF000000FF000000FF000000FF000000FF000000FF000000FF000000FF000000FF000000FF000000FF000000FF000000FF000000FF000000FF000000FF000000FF000000FF000000FF000000FF000000FF000000FF000000FF000000FF000000FF000000FF000000FF000000FF000000FF00
310
0000FF000000FF000000FF000000FF000000FF000000FF000000FF000000FF000000FF000000FF000000FF000000FF000000FF000000FF000000FF000000FF000000FF000000FF000000FF000000FF000000FF000000FF000000FF000000FF000000FF000000FF000000FF000000FF000000FF000000FF000000FF000000FF
310
000000FF000000FF000000FF000000FF000000FF000000FF000000FF000000FF000000FF000000FF000000FF000000FF000000FF000000FF000000FF000000FF000000FF000000FF000000FF000000FF000000FF000000FF000000FF000000FF000000FF000000FF000000FF000000FF000000FF000000FF000000FF000000
310
FF000000FF000000FF000000FF000000FF000000FF000000FF000000FF000000FF000000FF000000FF000000FF000000FF000000FF000000FF000000FF000000FF000000FF000000FF000000FF000000FF000000FF000000FF000000FF000000FF000000FF000000FF000000FF000000FF000000FF000000FF000000FF0000
310
00FF000000FF000000FF000000FF000000FF000000FF000000FF000000FF000000FF000000FF000000FF000000FF000000FF000000FF000000FF000000FF000000FF000000FF000000FF000000FF000000FF000000FF000000FF000000FF000000FF000000FF000000FF000000FF000000FF000000FF000000FF000000FF00
310
0000FF000000FF000000FF000000FF000000FF000000FF000000FF000000FF000000FF000000FF000000FF000000FF000000FF000000FF000000FF000000FF000000FF000000FF000000FF000000FF000000FF000000FF000000FF000000FF000000FF000000FF000000FF000000FF000000FF000000FF000000FF000000FF
310
000000FF000000FF000000FF000000FF000000FF000000FF000000FF000000FF000000FF000000FF000000FF000000FF000000FF000000FF000000FF000000FF000000FF000000FF000000FF000000FF000000FF000000FF000000FF000000FF000000FF000000FF000000FF000000FF000000FF000000FF000000FF000000
310
FF000000FF000000FF000000FF000000FF000000FF000000FF000000FF000000FF000000FF000000FF000000FF000000FF000000FF000000FF000000FF000000FF000000FF000000FF000000FF000000FF000000FF000000FF000000FF000000FF000000FF000000FF000000FF000000FF000000FF000000FF000000FF0000
310
00FF000000FF000000FF000000FF000000FF000000FF000000FF000000FF000000FF000000FFFFFFFFFFFFFFFFFFFFFFFFFF000000FF000000FF000000FF000000FF000000FFFFFFFFFFFFFFFFFFFFFFFFFFFFFFFFFFFFFFFFFFFFFFFFFFFFFFFFFFFFFFFFFFFFFFFFFFFFFFFFFFFFFFFFFFFFFFFFFFFFFFFFFFFFFFFFFFFF
310
FFFFFFFFFFFFFFFFFFFFFFFFFFFFFFFFFFFFFFFFFFFFFFFFFFFFFFFFFFFFFFFFFFFFFFFFFFFFFFFFFFFFFF000000FFFFFFFFFFFFFFFFFF000000FF000000FFFFFFFFFFFFFFFFFF000000FFFFFFFFFFFFFFFFFFFFFFFFFFFFFFFFFFFFFFFFFFFFFFFFFFFFFFFFFFFFFFFFFFFFFFFFFFFFFFFFFFFFFFFFFFFFFFFFFFFFFFFFFF
310
FFFFFFFFFFFFFFFFFFFFFFFFFFFFFFFFFFFFFFFFFFFFFFFFFFFFFFFFFFFFFFFFFFFFFFFFFFFFFFFFFFFFFFFF000000FFFFFFFFFFFFFFFFFF000000FF000000FFFFFFFFFFFFFFFFFF000000FFFFFFFFFFFFFFFFFFFFFFFFFFFFFFFFFFFFFFFFFFFFFFFFFFFFFFFFFFFFFFFFFFFFFFFFFFFFFFFFFFFFFFFFFFFFFFFFFFFFFFFF
310
FFFFFFFFFFFFFFFFFFFFFFFFFFFFFFFFFFFFFFFFFFFFFFFFFFFFFFFFFFFFFFFFFFFFFFFFFFFFFFFFFFFFFFFFFF000000FFFFFFFFFFFFFFFFFF000000FF000000FF000000FF000000FFFFFFFFFFFFFFFFFFFFFFFFFFFFFFFFFFFFFFFFFFFFFFFFFFFFFFFFFFFFFFFFFFFFFFFFFFFFFFFFFFFFFFFFFFFFFFFFFFFFFFFFFFFFFF
310
FFFFFFFFFFFFFFFFFFFFFFFFFFFFFFFFFFFFFFFFFFFFFFFFFFFFFFFFFFFFFFFFFFFFFFFFFFFFFFFFFFFFFFFFFFFF000000FFFFFFFFFFFFFFFFFF000000FF000000FF000000FF000000FF000000FF000000FF000000FF000000FF000000FF000000FF000000FF000000FF000000FF000000FF000000FF000000FF000000FF00
310
0000FF000000FF000000FF000000FF000000FF000000FF000000FF000000FF000000FF000000FF000000FFFFFFFFFFFFFFFFFFFFFFFFFF000000FF000000FF000000FF000000FF000000FF000000FF000000FF000000FF000000FF000000FF000000FF000000FF000000FF000000FF000000FF000000FF000000FF000000FF
310
000000FF000000FF000000FF000000FF000000FF000000FF000000FF000000FF000000FF000000FF000000FF000000FF000000FF000000FF000000FF000000FF000000FF000000FF000000FF000000FF000000FF000000FF000000FF000000FF000000FF000000FF000000FF000000FF000000FF000000FF000000FF000000
310
FF000000FF000000FF000000FF000000FF000000FF000000FF000000FF000000FF000000FF000000FF000000FF000000FF000000FF000000FF000000FF000000FF000000FF000000FF000000FF000000FF000000FF000000FF000000FF000000FF000000FF000000FF000000FF000000FF000000FF000000FF000000FF0000
310
00FF000000FF000000FF000000FF000000FF000000FF000000FF000000FF000000FF000000FF000000FF000000FF000000FF000000FF000000FF000000FF000000FF000000FF000000FF000000FF000000FF000000FF000000FF000000FF000000FF000000FF000000FF000000FF000000FF000000FF000000FF000000FF00
310
0000FF000000FF000000FF000000FF000000FF000000FF000000FF000000FF000000FF000000FF000000FF000000FF000000FF000000FF000000FF000000FF000000FF000000FF000000FF000000FF000000FF000000FF000000FF000000FF000000FF000000FF000000FF000000FF000000FF000000FF000000FF000000FF
310
000000FF000000FF000000FF000000FF000000FF000000FF000000FF000000FF000000FF000000FF000000FF000000FF000000FF000000FF000000FF000000FF000000FF000000FF000000FF000000FF000000FF000000FF000000FF000000FF000000FF000000FF000000FF000000FF000000FF000000FF000000FF000000
310
FF000000FF000000FF000000FF000000FF000000FF000000FF000000FF000000FF000000FF000000FF000000FF000000FF000000FF000000FF000000FF000000FF000000FF000000FF000000FF000000FF000000FF000000FF000000FF000000FF000000FF000000FF000000FF000000FF000000FF000000FF000000FF0000
310
00FF000000FF000000FF000000FF000000FF000000FF000000FF000000FF000000FF000000FF000000FF000000FF000000FF000000FF000000FF000000FF000000FF000000FF000000FF000000FF000000FF000000FF000000FF000000FF000000FF000000FF000000FF000000FF000000FF000000FF000000FF000000FF00
310
0000FF000000FF000000FF000000FF000000FF000000FF000000FF000000FF000000FF000000FF000000FF000000FF000000FF000000FF000000FF000000FF000000FF000000FF000000FF000000FF000000FF000000FF000000FF000000FF000000FF000000FF000000FF000000FF000000FF000000FF000000FF000000FF
310
000000FF000000FF000000FF000000FF000000FF000000FF000000FF000000FF000000FF000000FF000000FF000000FF000000FF000000FF000000FF000000FF000000FF000000FF000000FF000000FF000000FF000000FF000000FF000000FF000000FF000000FF000000FF000000FF000000FF000000FF000000FF000000
310
FF000000FF000000FF000000FF000000FF000000FF000000FF000000FF000000FF000000FF000000FF000000FF000000FF000000FF000000FF000000FF000000FF000000FF000000FF000000FF000000FF000000FF000000FF000000FF000000FF000000FF000000FF000000FF000000FF000000FF000000FF000000FF0000
310
00FF000000FF000000FF000000FF000000FF000000FF000000FF000000FF000000FF000000FF000000FF000000FF000000FF000000FF000000FF000000FF000000FF000000FF000000FF000000FF000000FF000000FF000000FF000000FF000000FF000000FF000000FF000000FF000000FF000000FF000000FF000000FF00
310
0000FF000000FF000000FF000000FF000000FF000000FF000000FF000000FF000000FF000000FF000000FF000000FF000000FF000000FF000000FF000000FF000000FF000000FF000000FF000000FF000000FF000000FF000000FF000000FF000000FF000000FF000000FF000000FF000000FF000000FF000000FF000000FF
310
000000FF000000FF000000FF000000FF000000FF000000FF000000FF000000FF000000FF000000FF000000FF000000FF000000FF000000FF000000FF000000FF000000FF000000FF
102
{BLKREFS
331
33A
102
}
 70
     4
280
     1
281
     0
  0
BLOCK_RECORD
  5
85
330
1
100
AcDbSymbolTableRecord
100
AcDbBlockTableRecord
  2
48x70_ysb
340
0
310
2800000020000000200000000100200000000000001000000100000001000000000000000000000001000000000000FF000000FF000000FF000000FF000000FF000000FF000000FF000000FF000000FF000000FF000000FF000000FF000000FF000000FF000000FF000000FF000000FF000000FF000000FF000000FF000000
310
FF000000FF000000FF000000FF000000FF000000FF000000FF000000FF000000FF000000FF000000FF000000FF000000FF000000FF000000FF000000FF000000FF000000FF000000FF000000FF000000FF000000FF000000FF000000FF000000FF000000FF000000FF000000FF000000FF000000FF000000FF000000FF0000
310
00FF000000FF000000FF000000FF000000FF000000FF000000FF000000FF000000FF000000FF000000FF000000FF000000FF000000FF000000FF000000FF000000FF000000FF000000FF000000FF000000FF000000FF000000FF000000FF000000FF000000FF000000FF000000FF000000FF000000FF000000FF000000FF00
310
0000FF000000FF000000FF000000FF000000FF000000FF000000FF000000FF000000FF000000FF000000FF000000FF000000FF000000FF000000FF000000FF000000FF000000FF000000FF000000FF000000FF000000FF000000FF000000FF000000FF000000FF000000FF000000FF000000FF000000FF000000FF000000FF
310
000000FF000000FF000000FF000000FF000000FF000000FF000000FF000000FF000000FF000000FF000000FF000000FF000000FF000000FF000000FF000000FF000000FF000000FF000000FF000000FF000000FF000000FF000000FF000000FF000000FF000000FF000000FF000000FF000000FF000000FF000000FF000000
310
FF000000FF000000FF000000FF000000FF000000FF000000FF000000FF000000FF000000FF000000FF000000FF000000FF000000FF000000FF000000FF000000FF000000FF000000FF000000FF000000FF000000FF000000FF000000FF000000FF000000FF000000FF000000FF000000FF000000FF000000FF000000FF0000
310
00FF000000FF000000FF000000FF000000FF000000FF000000FF000000FF000000FF000000FF000000FF000000FF000000FF000000FF000000FF000000FF000000FF000000FF000000FF000000FF000000FF000000FF000000FF000000FF000000FF000000FF000000FF000000FF000000FF000000FF000000FF000000FF00
310
0000FF000000FF000000FF000000FF000000FF000000FF000000FF000000FF000000FF000000FF000000FF000000FF000000FF000000FF000000FF000000FF000000FF000000FF000000FF000000FF000000FF000000FF000000FF000000FF000000FF000000FF000000FF000000FF000000FF000000FF000000FF000000FF
310
000000FF000000FF000000FF000000FF000000FF000000FF000000FF000000FF000000FF000000FF000000FF000000FF000000FF000000FF000000FF000000FF000000FF000000FF000000FF000000FF000000FF000000FF000000FF000000FF000000FF000000FF000000FF000000FF000000FF000000FF000000FF000000
310
FF000000FF000000FF000000FF000000FF000000FF000000FF000000FF000000FF000000FF000000FF000000FF000000FF000000FF000000FF000000FF000000FF000000FF000000FF000000FF000000FF000000FF000000FF000000FF000000FF000000FF000000FF000000FF000000FF000000FF000000FF000000FF0000
310
00FF000000FF000000FF000000FF000000FF000000FF000000FF000000FF000000FF000000FF000000FF000000FF000000FF000000FF000000FF000000FF000000FF000000FF000000FF000000FF000000FF000000FF000000FF000000FF000000FF000000FF000000FF000000FF000000FF000000FF000000FF000000FF00
310
0000FF000000FF000000FF000000FF000000FF000000FF000000FF000000FF000000FF000000FF000000FF000000FF000000FF000000FF000000FF000000FF000000FF000000FF000000FF000000FF000000FF000000FF000000FF000000FF000000FF000000FF000000FF000000FF000000FF000000FF000000FF000000FF
310
000000FF000000FF000000FF000000FF000000FF000000FF000000FF000000FF000000FF000000FF000000FF000000FF000000FF000000FF000000FF000000FF000000FF000000FF000000FF000000FF000000FF000000FF000000FF000000FF000000FF000000FF000000FF000000FF000000FF000000FF000000FF000000
310
FF000000FF000000FF000000FF000000FF000000FF000000FF000000FF000000FF000000FF000000FF000000FF000000FF000000FF000000FF000000FF000000FF000000FF000000FF000000FF000000FF000000FF000000FF000000FF000000FF000000FF000000FF000000FF000000FF000000FF000000FF000000FF0000
310
00FF000000FF000000FF000000FF000000FF000000FF000000FF000000FF000000FF000000FF000000FF000000FF000000FF000000FF000000FF000000FF000000FF000000FF000000FF000000FF000000FF000000FF000000FF000000FF000000FF000000FF000000FF000000FF000000FF000000FF000000FF000000FF00
310
0000FF000000FF000000FF000000FF000000FF000000FF000000FF000000FF000000FF000000FF000000FFFFFFFFFFFFFFFFFFFFFFFFFF000000FF000000FFFFFFFFFFFFFFFFFFFFFFFFFFFFFFFFFFFFFFFFFFFFFFFFFFFFFFFFFFFFFFFFFFFFFFFFFFFFFFFFFFFFFFFFFFFFFFFFFFFFFFFFFFFFFFFFFFFFFFFFFFFFFFFFFF
310
FFFFFFFFFFFFFFFFFFFFFFFFFFFFFFFFFFFFFFFFFFFFFFFFFFFFFFFFFFFFFFFFFFFFFFFFFFFFFFFFFFFFFFFFFFFFFFFFFFFFFFFFFFFFFFFF000000FF000000FFFFFFFFFFFFFFFFFFFFFFFFFFFFFFFFFFFFFFFFFFFFFFFFFFFFFFFFFFFFFFFFFFFFFFFFFFFFFFFFFFFFFFFFFFFFFFFFFFFFFFFFFFFFFFFFFFFFFFFFFFFFFFFF
310
FFFFFFFFFFFFFFFFFFFFFFFFFFFFFFFFFFFFFFFFFFFFFFFFFFFFFFFFFFFFFFFFFFFFFFFFFFFFFFFFFFFFFFFFFFFFFFFFFFFFFFFFFFFFFFFFFF000000FF000000FF000000FF000000FF000000FF000000FF000000FF000000FF000000FF000000FF000000FF000000FF000000FF000000FF000000FF000000FF000000FF0000
310
00FF000000FF000000FF000000FF000000FF000000FF000000FF000000FF000000FF000000FF000000FF000000FFFFFFFFFFFFFFFFFFFFFFFFFF000000FF000000FF000000FF000000FF000000FF000000FF000000FF000000FF000000FF000000FF000000FF000000FF000000FF000000FF000000FF000000FF000000FF00
310
0000FF000000FF000000FF000000FF000000FF000000FF000000FF000000FF000000FF000000FF000000FF000000FF000000FF000000FF000000FF000000FF000000FF000000FF000000FF000000FF000000FF000000FF000000FF000000FF000000FF000000FF000000FF000000FF000000FF000000FF000000FF000000FF
310
000000FF000000FF000000FF000000FF000000FF000000FF000000FF000000FF000000FF000000FF000000FF000000FF000000FF000000FF000000FF000000FF000000FF000000FF000000FF000000FF000000FF000000FF000000FF000000FF000000FF000000FF000000FF000000FF000000FF000000FF000000FF000000
310
FF000000FF000000FF000000FF000000FF000000FF000000FF000000FF000000FF000000FF000000FF000000FF000000FF000000FF000000FF000000FF000000FF000000FF000000FF000000FF000000FF000000FF000000FF000000FF000000FF000000FF000000FF000000FF000000FF000000FF000000FF000000FF0000
310
00FF000000FF000000FF000000FF000000FF000000FF000000FF000000FF000000FF000000FF000000FF000000FF000000FF000000FF000000FF000000FF000000FF000000FF000000FF000000FF000000FF000000FF000000FF000000FF000000FF000000FF000000FF000000FF000000FF000000FF000000FF000000FF00
310
0000FF000000FF000000FF000000FF000000FF000000FF000000FF000000FF000000FF000000FF000000FF000000FF000000FF000000FF000000FF000000FF000000FF000000FF000000FF000000FF000000FF000000FF000000FF000000FF000000FF000000FF000000FF000000FF000000FF000000FF000000FF000000FF
310
000000FF000000FF000000FF000000FF000000FF000000FF000000FF000000FF000000FF000000FF000000FF000000FF000000FF000000FF000000FF000000FF000000FF000000FF000000FF000000FF000000FF000000FF000000FF000000FF000000FF000000FF000000FF000000FF000000FF000000FF000000FF000000
310
FF000000FF000000FF000000FF000000FF000000FF000000FF000000FF000000FF000000FF000000FF000000FF000000FF000000FF000000FF000000FF000000FF000000FF000000FF000000FF000000FF000000FF000000FF000000FF000000FF000000FF000000FF000000FF000000FF000000FF000000FF000000FF0000
310
00FF000000FF000000FF000000FF000000FF000000FF000000FF000000FF000000FF000000FF000000FF000000FF000000FF000000FF000000FF000000FF000000FF000000FF000000FF000000FF000000FF000000FF000000FF000000FF000000FF000000FF000000FF000000FF000000FF000000FF000000FF000000FF00
310
0000FF000000FF000000FF000000FF000000FF000000FF000000FF000000FF000000FF000000FF000000FF000000FF000000FF000000FF000000FF000000FF000000FF000000FF000000FF000000FF000000FF000000FF000000FF000000FF000000FF000000FF000000FF000000FF000000FF000000FF000000FF000000FF
310
000000FF000000FF000000FF000000FF000000FF000000FF000000FF000000FF000000FF000000FF000000FF000000FF000000FF000000FF000000FF000000FF000000FF000000FF000000FF000000FF000000FF000000FF000000FF000000FF000000FF000000FF000000FF000000FF000000FF000000FF000000FF000000
310
FF000000FF000000FF000000FF000000FF000000FF000000FF000000FF000000FF000000FF000000FF000000FF000000FF000000FF000000FF000000FF000000FF000000FF000000FF000000FF000000FF000000FF000000FF000000FF000000FF000000FF000000FF000000FF000000FF000000FF000000FF000000FF0000
310
00FF000000FF000000FF000000FF000000FF000000FF000000FF000000FF000000FF000000FF000000FF000000FF000000FF000000FF000000FF000000FF000000FF000000FF000000FF000000FF000000FF000000FF000000FF000000FF000000FF000000FF000000FF000000FF000000FF000000FF000000FF000000FF00
310
0000FF000000FF000000FF000000FF000000FF000000FF000000FF000000FF000000FF000000FF000000FF000000FF000000FF000000FF000000FF000000FF000000FF000000FF000000FF000000FF000000FF000000FF000000FF000000FF000000FF000000FF000000FF000000FF000000FF000000FF000000FF000000FF
310
000000FF000000FF000000FF000000FF000000FF000000FF000000FF000000FF000000FF000000FF000000FF000000FF000000FF000000FF000000FF000000FF000000FF000000FF
102
{BLKREFS
331
84
102
}
 70
     4
280
     1
281
     0
  0
BLOCK_RECORD
  5
50B
330
1
100
AcDbSymbolTableRecord
100
AcDbBlockTableRecord
  2
01.07.27.ES
340
0
310
2800000028000000280000000100200000000000001900000100000001000000000000000000000000000000FFFFFFFFFFFFFFFFFFFFFFFFFFFFFFFFFFFFFFFFFFFFFFFFFFFFFFFFFFFFFFFFFFFFFFFFFFFFFFFFFFFFFFFFFFFFFFFFFFFFFFFFFFFFFFFFFFFFFFFFFFFFFFFFFFFFFFFFFFFFFFFFFFFFFFFFFFFFFFFFFFFFFF
310
FFFFFFFFFFFFFFFFFFFFFFFFFFFFFFFFFFFFFFFFFFFFFFFFFFFFFFFFFFFFFFFFFFFFFFFFFFFFFFFFFFFFFFFFFFFFFFFFFFFFFFFFFFFFFFFFFFFFFFFFFFFFFFFFFFFFFFFFFFFFFFFFFFFFFFFFFFFFFFFFFFFFFFFFFFFFFFFFFFFFFFFFFFFFFFFFFFFFFFFFFFFFFFFFFFFFFFFFFFFFFFFFFFFFFFFFFFFFFFFFFFFFFFFFFFFFFF
310
FFFFFFFFFFFFFFFFFFFFFFFFFFFFFFFFFFFFFFFFFFFFFFFFFFFFFFFFFFFFFFFFFFFFFFFFFFFFFFFFFFFFFFFFFFFFFFFFFFFFFFFFFFFFFFFFFFFFFFFFFFFFFFFFFFFFFFFFFFFFFFFFFFFFFFFFFFFFFFFFFFFFFFFFFFFFFFFFFFFFFFFFFFFFFFFFFFFFFFFFFFFFFFFFFFFFFFFFFFFFFFFFFFFFFFFFFFFFFFFFFFFFFFFFFFFFFF
310
FFFFFFFFFFFFFFFFFFFFFFFFFFFFFF000000FF000000FFFFFFFFFFFFFFFFFFFFFFFFFFFFFFFFFFFFFFFFFFFFFFFFFFFFFFFFFFFFFFFFFFFFFFFFFFFFFFFFFFFFFFFFFFFFFFFFFFFFFFFFFFFFFFFFFFFFFFFFFFFFFFFFFFFFFFFFFFFFFFFFFFFFFFFFFFFFFFFFFFFFFFFFFFFFFFFFFFFFFFFFFFFFFFFFFFFFFFFFFFFFFFFFFF
310
FFFFFFFFFFFFFFFFFFFFFFFFFFFFFFFFFFFFFFFFFFFFFFFFFFFFFFFFFFFFFFFFFFFFFFFFFFFFFFFFFFFFFFFFFFFFFFFF000000FF000000FFFFFFFFFFFFFFFFFFFFFFFFFFFFFFFFFFFFFFFFFFFFFFFFFFFFFFFFFFFFFFFFFFFFFFFFFFFFFFFFFFFFFFFFFFFFFFFFFFFFFFFFFFFFFFFFFFFFFFFFFFFFFFFFFFFFFFFFFFFFFFFF
310
FFFFFFFFFFFFFFFFFFFFFFFFFFFFFFFFFFFFFFFFFFFFFFFFFFFFFFFFFFFFFFFFFFFFFFFFFFFFFFFFFFFFFFFFFFFFFFFFFFFFFFFFFFFFFFFFFFFFFFFFFFFFFFFFFFFFFFFFFFFFFFFFFFFFFFFFFF000000FFFFFFFFFF000000FFFFFFFFFFFFFFFFFFFFFFFFFFFFFFFFFFFFFFFFFFFFFFFFFFFFFFFFFFFFFFFFFFFFFFFFFFFFFF
310
FFFFFFFFFFFFFFFFFFFFFFFFFFFFFFFFFFFFFFFFFFFFFFFFFFFFFFFFFFFFFFFFFFFFFFFFFFFFFFFFFFFFFFFFFFFFFFFFFFFFFFFFFFFFFFFFFFFFFFFFFFFFFFFFFFFFFFFFFFFFFFFFFFFFFFFFFFFFFFFFFFFFFFFFFFFFFFFFFFFFFFFFFFFFFFFFFFFFFFFFFFFFFFFFFFFFFFFFFFFF000000FF000000FFFFFFFFFFFFFFFFFFFF
310
FFFFFFFFFFFFFFFFFFFFFFFFFFFFFFFFFFFFFFFFFFFFFFFFFFFFFFFFFFFFFFFFFFFFFFFFFFFFFFFFFFFFFFFFFFFFFFFFFFFFFFFFFFFFFFFFFFFFFFFFFFFFFFFFFFFFFFFFFFFFFFFFFFFFFFFFFFFFFFFFFFFFFFFFFFFFFFFFFFFFFFFFFFFFFFFFFFFFFFFFFFFFFFFFFFFFFFFFFFFFFFFFFFFFFFFFFFFFFFFFFFFFFFFFFFFFFF
310
FFFFFFFFFFFFFFFFFFFFFFFF000000FFFFFFFFFF000000FFFFFFFFFFFFFFFFFFFFFFFFFFFFFFFFFFFFFFFFFFFFFFFFFFFFFFFFFFFFFFFFFFFFFFFFFFFFFFFFFFFFFFFFFFFFFFFFFFFFFFFFFFFFFFFFFFFFFFFFFFFFFFFFFFFFFFFFFFFFFFFFFFFFFFFFFFFFFFFFFFFFFFFFFFFFFFFFFFFFFFFFFFFFFFFFFFFFFFFFFFFFFFFF
310
FFFFFFFFFFFFFFFFFFFFFFFFFFFFFFFFFFFFFFFFFFFFFFFFFFFFFFFFFFFFFFFFFFFFFFFFFFFFFFFFFFFFFFFFFF000000FFFFFFFFFF000000FFFFFFFFFFFFFFFFFFFFFFFFFFFFFFFFFFFFFFFFFFFFFFFFFFFFFFFFFFFFFFFFFFFFFFFFFFFFFFFFFFFFFFFFFFFFFFFFFFFFFFFFFFFFFFFFFFFFFFFFFFFFFFFFFFFFFFFFFFFFFF
310
FFFFFFFFFFFFFFFFFFFFFFFFFFFFFFFFFFFFFFFFFFFFFFFFFFFFFFFFFFFFFFFFFFFFFFFFFFFFFFFFFFFFFFFFFFFFFFFFFFFFFFFFFFFFFFFFFFFFFFFFFFFFFFFFFFFFFFFFFFFFFFFFFFFFFFFFFFFF000000FF898989FF000000FFFFFFFFFFFFFFFFFFFFFFFFFFFFFFFFFFFFFFFFFFFFFFFFFFFFFFFFFFFFFFFFFFFFFFFFFFFF
310
FFFFFFFFFFFFFFFFFFFFFFFFFFFFFFFFFFFFFFFFFFFFFFFFFFFFFFFFFFFFFFFFFFFFFFFFFFFFFFFFFFFFFFFFFFFFFFFFFFFFFFFFFFFFFFFFFFFFFFFFFFFFFFFFFFFFFFFFFFFFFFFFFFFFFFFFFFFFFFFFFFFFFFFFFFFFFFFFFFFFFFFFFFFFFFFFFFFFFFFFFFFFFFFFFFFFFFFFFFFFFF000000FF898989FF000000FFFFFFFFFF
310
FFFFFFFFFFFFFFFFFFFFFFFFFFFFFFFFFFFFFFFFFFFFFFFFFFFFFFFFFFFFFFFFFFFFFFFFFFFFFFFFFFFFFFFFFFFFFFFFFFFFFFFFFFFFFFFFFFFFFFFFFFFFFFFFFFFFFFFFFFFFFFFFFFFFFFFFFFFFFFFFFFFFFFFFFFFFFFFFFFFFFFFFFFFFFFFFFFFFFFFFFFFFFFFFFFFFFFFFFFFFFFFFFFFFFFFFFFFFFFFFFFFFFFFFFFFFFF
310
FFFFFFFFFFFFFFFFFFFFFFFFFFFFFFFFFF000000FFFFFFFFFF000000FFFFFFFFFFFFFFFFFFFFFFFFFFFFFFFFFFFFFFFFFFFFFFFFFFFFFFFFFFFFFFFFFFFFFFFFFFFFFFFFFFFFFFFFFFFFFFFFFFFFFFFFFFFFFFFFFFFFFFFFFFFFFFFFFFFFFFFFFFFFFFFFFFFFFFFFFFFFFFFFFFFFFFFFFFFFFFFFFFFFFFFFFFFFFFFFFFFFFF
310
FFFFFFFFFFFFFFFFFFFFFFFFFFFFFFFFFFFFFFFFFFFFFFFFFFFFFFFFFFFFFFFFFFFFFFFFFFFFFFFFFFFFFFFFFFFFFFFFFFFF000000FFFFFFFFFF000000FFFFFFFFFFFFFFFFFFFFFFFFFFFFFFFFFFFFFFFFFFFFFFFFFFFFFFFFFFFFFFFFFFFFFFFFFFFFFFFFFFFFFFFFFFFFFFFFFFFFFFFFFFFFFFFFFFFFFFFFFFFFFFFFFFFF
310
FFFFFFFFFFFFFFFFFFFFFFFFFFFFFFFFFFFFFFFFFFFFFFFFFFFFFFFFFFFFFFFFFFFFFFFFFFFFFFFFFFFFFFFFFFFFFFFFFFFFFFFFFFFFFFFFFFFFFFFFFFFFFFFFFFFFFFFFFFFFFFFFFFFFFFFFFFFFFFFFFFFFFF000000FF898989FF000000FFFFFFFFFFFFFFFFFFFFFFFFFFFFFFFFFFFFFFFFFFFFFFFFFFFFFFFFFFFFFFFFFF
310
FFFFFFFFFFFFFFFFFFFFFFFFFFFFFFFFFFFFFFFFFFFFFFFFFFFFFFFFFFFFFFFFFFFFFFFFFFFFFFFFFFFFFFFFFFFFFFFFFFFFFFFFFFFFFFFFFFFFFFFFFFFFFFFFFFFFFFFFFFFFFFFFFFFFFFFFFFFFFFFFFFFFFFFFFFFFFFFFFFFFFFFFFFFFFFFFFFFFFFFFFFFFFFFFFFFFFFFFFFFFFFFFFFFFFFFF000000FF898989FF000000
310
FFFFFFFFFFFFFFFFFFFFFFFFFFFFFFFFFFFFFFFFFFFFFFFFFFFFFFFFFFFFFFFFFFFFFFFFFFFFFFFFFFFFFFFFFFFFFFFFFFFFFFFFFFFFFFFFFFFFFFFFFFFFFFFFFFFFFFFFFFFFFFFFFFFFFFFFFFFFFFFFFFFFFFFFFFFFFFFFFFFFFFFFFFFFFFFFFFFFFFFFFFFFFFFFFFFFFFFFFFFFFFFFFFFFFFFFFFFFFFFFFFFFFFFFFFFFFF
310
FFFFFFFFFFFFFFFFFFFFFFFFFFFFFFFFFFFFFFFFFFFF000000FFFFFFFFFF000000FFFFFFFFFFFFFFFFFFFFFFFFFFFFFFFFFFFFFFFFFFFFFFFFFFFFFFFFFFFFFFFFFFFFFFFFFFFFFFFFFFFFFFFFFFFFFFFFFFFFFFFFFFFFFFFFFFFFFFFFFFFFFFFFFFFFFFFFFFFFFFFFFFFFFFFFFFFFFFFFFFFFFFFFFFFFFFFFFFFFFFFFFFFF
310
FFFFFFFFFFFFFFFFFFFFFFFFFFFFFFFFFFFFFFFFFFFFFFFFFFFFFFFFFFFFFFFFFFFFFFFFFFFFFFFFFFFFFFFFFFFFFFFFFFFFFFFFFFFFFF000000FF898989FFFFFFFFFF000000FFFFFFFFFFFFFFFFFFFFFFFFFFFFFFFFFFFFFFFFFFFFFFFFFFFFFFFFFFFFFFFFFFFFFFFFFFFFFFFFFFFFFFFFFFFFFFFFFFFFFFFFFFFFFFFFFF
310
FFFFFFFFFFFFFFFFFFFFFFFFFFFFFFFFFFFFFFFFFFFFFFFFFFFFFFFFFFFFFFFFFFFFFFFFFFFFFFFFFFFFFFFFFFFFFFFFFFFFFFFFFFFFFFFFFFFFFFFFFFFFFFFFFFFFFFFFFFFFFFFFFFFFFFFFFFFFFFFFFFFFFFFFFFFFFFFF000000FF898989FFFFFFFFFF000000FFFFFFFFFFFFFFFFFFFFFFFFFFFFFFFFFFFFFFFFFFFFFFFF
310
FFFFFFFFFFFFFFFFFFFFFFFFFFFFFFFFFFFFFFFFFFFFFFFFFFFFFFFFFFFFFFFFFFFFFFFFFFFFFFFFFFFFFFFFFFFFFFFFFFFFFFFFFFFFFFFFFFFFFFFFFFFFFFFFFFFFFFFFFFFFFFFFFFFFFFFFFFFFFFFFFFFFFFFFFFFFFFFFFFFFFFFFFFFFFFFFFFFFFFFFFFFFFFFFFFFFFFFFFFFFFFFFFFFFFFFFFFFFFFFFFF000000FFFFFF
310
FFFF898989FF000000FF000000FFFFFFFFFFFFFFFFFFFFFFFFFFFFFFFFFFFFFFFFFFFFFFFFFFFFFFFFFFFFFFFFFFFFFFFFFFFFFFFFFFFFFFFFFFFFFFFFFFFFFFFFFFFFFFFFFFFFFFFFFFFFFFFFFFFFFFFFFFFFFFFFFFFFFFFFFFFFFFFFFFFFFFFFFFFFFFFFFFFFFFFFFFFFFFFFFFFFFFFFFFFFFFFFFFFFFFFFFFFFFFFFFFFF
310
FFFFFFFFFFFFFFFFFFFFFFFFFFFFFFFFFFFFFFFFFFFFFFFFFFFFFFFFFFFFFF000000FF898989FF898989FFFFFFFFFF000000FFFFFFFFFFFFFFFFFFFFFFFFFFFFFFFFFFFFFFFFFFFFFFFFFFFFFFFFFFFFFFFFFFFFFFFFFFFFFFFFFFFFFFFFFFFFFFFFFFFFFFFFFFFFFFFFFFFFFFFFFFFFFFFFFFFFFFFFFFFFFFFFFFFFFFFFFF
310
FFFFFFFFFFFFFFFFFFFFFFFFFFFFFFFFFFFFFFFFFFFFFFFFFFFFFFFFFFFFFFFFFFFFFFFFFFFFFFFFFFFFFFFFFFFFFFFFFFFFFFFFFFFFFFFFFFFFFFFFFFFFFFFF000000FFFFFFFFFFFFFFFFFF898989FFFFFFFFFF000000FFFFFFFFFFFFFFFFFFFFFFFFFFFFFFFFFFFFFFFFFFFFFFFFFFFFFFFFFFFFFFFFFFFFFFFFFFFFFFFF
310
FFFFFFFFFFFFFFFFFFFFFFFFFFFFFFFFFFFFFFFFFFFFFFFFFFFFFFFFFFFFFFFFFFFFFFFFFFFFFFFFFFFFFFFFFFFFFFFFFFFFFFFFFFFFFFFFFFFFFFFFFFFFFFFFFFFFFFFFFFFFFFFFFFFFFFFFFFFFFFFFFFFFFFFFFFFFFFFFFFFFFFFFFFFFFFFFFF000000FFFFFFFFFF898989FFFFFFFFFF898989FFFFFFFFFF000000FFFFFF
310
FFFFFFFFFFFFFFFFFFFFFFFFFFFFFFFFFFFFFFFFFFFFFFFFFFFFFFFFFFFFFFFFFFFFFFFFFFFFFFFFFFFFFFFFFFFFFFFFFFFFFFFFFFFFFFFFFFFFFFFFFFFFFFFFFFFFFFFFFFFFFFFFFFFFFFFFFFFFFFFFFFFFFFFFFFFFFFFFFFFFFFFFFFFFFFFFFFFFFFFFFFFFFFFFFFFFFFFFFFFFFFFFFFFFFFFFFFFFFFFFFFFFFFFFFFFFFF
310
FFFFFF000000FF898989FFFFFFFFFFFFFFFFFFFFFFFFFF898989FFFFFFFFFF000000FFFFFFFFFFFFFFFFFFFFFFFFFFFFFFFFFFFFFFFFFFFFFFFFFFFFFFFFFFFFFFFFFFFFFFFFFFFFFFFFFFFFFFFFFFFFFFFFFFFFFFFFFFFFFFFFFFFFFFFFFFFFFFFFFFFFFFFFFFFFFFFFFFFFFFFFFFFFFFFFFFFFFFFFFFFFFFFFFFFFFFFFFF
310
FFFFFFFFFFFFFFFFFFFFFFFFFFFFFFFFFFFFFFFFFFFFFFFFFFFFFFFFFFFFFFFFFFFFFFFF000000FF898989FF898989FFFFFFFFFF898989FFFFFFFFFF898989FF000000FFFFFFFFFFFFFFFFFFFFFFFFFFFFFFFFFFFFFFFFFFFFFFFFFFFFFFFFFFFFFFFFFFFFFFFFFFFFFFFFFFFFFFFFFFFFFFFFFFFFFFFFFFFFFFFFFFFFFFFF
310
FFFFFFFFFFFFFFFFFFFFFFFFFFFFFFFFFFFFFFFFFFFFFFFFFFFFFFFFFFFFFFFFFFFFFFFFFFFFFFFFFFFFFFFFFFFFFFFFFFFFFFFFFFFFFFFFFFFFFFFFFFFFFFFFFF000000FF898989FFFFFFFFFFFFFFFFFF898989FFFFFFFFFFFFFFFFFFFFFFFFFF000000FFFFFFFFFFFFFFFFFFFFFFFFFFFFFFFFFFFFFFFFFFFFFFFFFFFFFF
310
FFFFFFFFFFFFFFFFFFFFFFFFFFFFFFFFFFFFFFFFFFFFFFFFFFFFFFFFFFFFFFFFFFFFFFFFFFFFFFFFFFFFFFFFFFFFFFFFFFFFFFFFFFFFFFFFFFFFFFFFFFFFFFFFFFFFFFFFFFFFFFFFFFFFFFFFFFFFFFFFFFFFFFFFFFFFFFFFFFFF000000FF000000FF898989FF898989FFFFFFFFFF898989FFFFFFFFFF898989FFFFFFFFFF89
310
8989FF000000FFFFFFFFFFFFFFFFFFFFFFFFFFFFFFFFFFFFFFFFFFFFFFFFFFFFFFFFFFFFFFFFFFFFFFFFFFFFFFFFFFFFFFFFFFFFFFFFFFFFFFFFFFFFFFFFFFFFFFFFFFFFFFFFFFFFFFFFFFFFFFFFFFFFFFFFFFFFFFFFFFFFFFFFFFFFFFFFFFFFFFFFFFFFFFFFFFFFFFFFFFFFFFFFFFFFFFFFFFFFFFFFFFFFFFFFFF000000FF
310
000000FFFFFFFFFFFFFFFFFF898989FFFFFFFFFFFFFFFFFFFFFFFFFF898989FFFFFFFFFF000000FF000000FF000000FF000000FF000000FFFFFFFFFFFFFFFFFFFFFFFFFFFFFFFFFFFFFFFFFFFFFFFFFFFFFFFFFFFFFFFFFFFFFFFFFFFFFFFFFFFFFFFFFFFFFFFFFFFFFFFFFFFFFFFFFFFFFFFFFFFFFFFFFFFFFFFFFFFFFFFF
310
FFFFFFFFFFFFFFFFFFFFFFFFFFFFFFFFFFFFFFFFFFFFFFFFFFFFFFFFFFFFFFFFFF898989FF000000FF898989FFFFFFFFFF898989FFFFFFFFFF898989FFFFFFFFFF898989FF898989FFFFFFFFFFFFFFFFFF898989FF898989FF000000FFFFFFFFFFFFFFFFFFFFFFFFFFFFFFFFFFFFFFFFFFFFFFFFFFFFFFFFFFFFFFFFFFFFFF
310
FFFFFFFFFFFFFFFFFFFFFFFFFFFFFFFFFFFFFFFFFFFFFFFFFFFFFFFFFFFFFFFFFFFFFFFFFFFFFFFFFFFFFFFFFFFFFFFFFFFFFFFFFFFFFFFFFFFFFFFFFFFFFFFFFFFFFFFFFFFF000000FFFFFFFFFFFFFFFFFFFFFFFFFF898989FFFFFFFFFFFFFFFFFF898989FF898989FFFFFFFFFFFFFFFFFF898989FF898989FFFFFFFFFF00
310
0000FFFFFFFFFFFFFFFFFFFFFFFFFFFFFFFFFFFFFFFFFFFFFFFFFFFFFFFFFFFFFFFFFFFFFFFFFFFFFFFFFFFFFFFFFFFFFFFFFFFFFFFFFFFFFFFFFFFFFFFFFFFFFFFFFFFFFFFFFFFFFFFFFFFFFFFFFFFFFFFFFFFFFFFFFFFFFFFFFFFFFFFFFFFFFFFFFFFFFFFFFF000000FF898989FFFFFFFFFF898989FFFFFFFFFF898989FF
310
898989FFFFFFFFFFFFFFFFFF898989FF898989FFFFFFFFFFFFFFFFFF898989FFFFFFFFFF000000FFFFFFFFFFFFFFFFFFFFFFFFFFFFFFFFFFFFFFFFFFFFFFFFFFFFFFFFFFFFFFFFFFFFFFFFFFFFFFFFFFFFFFFFFFFFFFFFFFFFFFFFFFFFFFFFFFFFFFFFFFFFFFFFFFFFFFFFFFFFFFFFFFFFFFFFFFFFFFFFFFFFFFFFFF000000
310
FF898989FF000000FF898989FF898989FF000000FF000000FFFFFFFFFF898989FF898989FFFFFFFFFFFFFFFFFF898989FF898989FFFFFFFFFF898989FFFFFFFFFF898989FFFFFFFFFF000000FFFFFFFFFFFFFFFFFFFFFFFFFFFFFFFFFFFFFFFFFFFFFFFFFFFFFFFFFFFFFFFFFFFFFFFFFFFFFFFFFFFFFFFFFFFFFFFFFFFFFF
310
FFFFFFFFFFFFFFFFFFFFFFFFFFFFFFFFFFFFFFFFFFFFFFFFFFFF000000FF000000FF000000FFFFFFFFFF898989FF000000FFFFFFFFFF898989FF000000FFFFFFFFFFFFFFFFFF898989FF898989FFFFFFFFFFFFFFFFFF898989FFFFFFFFFFFFFFFFFFFFFFFFFF898989FF000000FF000000FF000000FFFFFFFFFFFFFFFFFFFF
310
FFFFFFFFFFFFFFFFFFFFFFFFFFFFFFFFFFFFFFFFFFFFFFFFFFFFFFFFFFFFFF000000FF000000FF000000FFFFFFFFFFFFFFFFFFFFFFFFFFFFFFFFFF000000FFFFFFFFFF898989FF898989FF000000FFFFFFFFFFFFFFFFFFFFFFFFFF000000FFFFFFFFFFFFFFFFFF898989FF898989FFFFFFFFFFFFFFFFFF898989FF898989FF
310
FFFFFFFF898989FFFFFFFFFF898989FF898989FFFFFFFFFF000000FF000000FF000000FF000000FF000000FF000000FF000000FF000000FF000000FF000000FF898989FF000000FF000000FFFFFFFFFFFFFFFFFFFFFFFFFFFFFFFFFF000000FFFFFFFFFF898989FF000000FFFFFFFFFFFFFFFFFFFFFFFFFF000000FFFFFFFF
310
FF898989FF898989FFFFFFFFFFFFFFFFFF898989FF898989FF000000FF000000FF000000FF000000FF000000FFFFFFFFFF898989FFFFFFFFFFFFFFFFFF898989FF898989FFFFFFFFFF898989FF898989FFFFFFFFFFFFFFFFFF898989FF000000FF000000FFFFFFFFFFFFFFFFFFFFFFFFFFFFFFFFFFFFFFFFFFFFFFFFFF0000
310
00FF898989FFFFFFFFFF000000FFFFFFFFFFFFFFFFFF000000FFFFFFFFFF898989FF000000FF000000FF000000FFFFFFFFFF898989FF000000FFFFFFFFFFFFFFFFFFFFFFFFFFFFFFFFFFFFFFFFFF000000FF000000FF000000FF000000FF000000FF000000FF000000FF000000FF000000FF000000FF000000FF000000FFFF
310
FFFFFFFFFFFFFFFFFFFFFFFFFFFFFFFFFFFFFFFFFFFFFFFFFFFFFFFFFFFFFF898989FF000000FFFFFFFFFFFFFFFFFF000000FF000000FFFFFFFFFFFFFFFFFF000000FFFFFFFFFFFFFFFFFF898989FF000000FF000000FFFFFFFFFFFFFFFFFFFFFFFFFFFFFFFFFFFFFFFFFFFFFFFFFFFFFFFFFFFFFFFFFFFFFFFFFFFFFFFFFF
310
FFFFFFFFFFFFFFFFFFFFFFFFFFFFFFFFFFFFFFFFFFFFFFFFFFFFFFFFFFFFFFFFFFFFFFFFFFFFFFFFFFFFFFFFFFFFFFFFFFFFFFFFFFFFFFFFFFFFFFFFFFFFFFFFFFFFFFFFFFFFFFFF000000FF898989FFFFFFFFFFFFFFFFFF898989FF000000FFFFFFFFFFFFFFFFFFFFFFFFFFFFFFFFFF000000FF000000FFFFFFFFFFFFFFFF
310
FFFFFFFFFFFFFFFFFFFFFFFFFFFFFFFFFFFFFFFFFFFFFFFFFFFFFFFFFFFFFFFFFFFFFFFFFFFFFFFFFFFFFFFFFFFFFFFFFFFFFFFFFFFFFFFFFFFFFFFFFFFFFFFFFFFFFFFFFFFFFFFFFFFFFFFFFFFFFFFFFFFFFFFFFFFFFFFFFFFFFFFFFFFFFFFFFFFFFFFFFFFFFFFFFF898989FF000000FFFFFFFFFFFFFFFFFF898989FF0000
310
00FF000000FFFFFFFFFFFFFFFFFFFFFFFFFFFFFFFFFFFFFFFFFFFFFFFFFFFFFFFFFFFFFFFFFFFFFFFFFFFFFFFFFFFFFFFFFFFFFFFFFFFFFFFFFFFFFFFFFFFFFFFFFFFFFFFFFFFFFFFFFFFFFFFFFFFFFFFFFFFFFFFFFFFFFFFFFFFFFFFFFFFFFFFFFFFFFFFFFFFFFFFFFFFFFFFFFFFFFFFFFFFFFFFFFFFFFFFFFFFFFFFFFFFF
310
FFFFFFFFFFFFFFFFFFFFFFFFFFFFFFFFFFFFFF000000FF000000FF000000FF000000FFFFFFFFFFFFFFFFFFFFFFFFFFFFFFFFFFFFFFFFFFFFFFFFFFFFFFFFFFFFFFFFFFFFFFFFFFFFFFFFFFFFFFFFFFFFFFFFFFFFFFFFFFFFFFFFFFFFFFFFFFFFFFFFFFFFFFFFFFFFFFFFFFFFFFFFFFFFFFFFFFFFFFFFFFFFFFFFFFFFFFFFFF
310
FFFFFFFFFFFFFFFFFFFFFFFFFFFFFFFFFFFFFFFFFFFFFFFFFFFFFFFFFFFFFFFFFFFFFFFFFFFFFFFFFFFFFFFFFFFFFFFFFFFFFFFFFFFFFFFFFFFFFFFFFFFFFFFFFFFFFFFFFFFFFFFFFFFFFFFFFFFFFFFFFFFFFFFFFFFFFFFFFFFFFFFFFFFFFFFFFFFFFFFFFFFFFFFFFFFFFFFFFFFFFFFFFFFFFFFFFFFFFFFFFFFFFFFFFFFFFF
310
FFFFFFFFFFFFFFFFFFFFFFFFFFFFFFFFFFFFFFFFFFFFFFFFFFFFFFFFFFFFFFFFFFFFFFFFFFFFFFFFFFFFFFFFFFFFFFFFFFFFFFFFFFFFFFFFFFFFFFFFFFFFFFFFFFFFFFFFFFFFFFFFFFFFFFFFFFFFFFFFFFFFFFFFFFFFFFFFFFFFFFFFFFFFFFFFFFFFFFFFFFFFFFFFFFFFFFFFFFFFFFFFFFFFFFFFFFFFFFFFFFFFFFFFFFFFFF
310
FFFFFFFFFFFFFFFFFFFFFFFFFFFFFFFFFFFFFFFFFFFFFFFFFFFFFFFFFFFFFFFFFFFFFFFFFFFFFFFFFFFFFFFFFFFFFFFFFFFFFFFFFFFFFFFFFFFFFFFFFFFFFFFFFFFFFFFFFFFFFFFFFFFFFFFFFFFFFFFFFFFFFFFFFFFFFFFFFFFF
102
{BLKREFS
331
50A
102
}
 70
     4
280
     1
281
     0
  0
BLOCK_RECORD
  5
528
102
{ACAD_XDICTIONARY
360
529
102
}
330
1
100
AcDbSymbolTableRecord
100
AcDbBlockTableRecord
  2
01.03.23
340
0
310
2800000020000000200000000100200000000000001000000100000001000000000000000000000000000000FFFFFFFFFFFFFFFFFFFFFFFFFFFFFFFFFFFFFFFFFFFFFFFFFFFFFFFFFFFFFFFFFFFFFFFFFFFFFFFFFFFFFFFFFFFFFFFFFFFFFFFFFFFFFFFFFFFFFFFFFFFFFFFFFFFFFFFFFFFFFFFFFFFFFFFFFFFFFFFFFFFFFF
310
FFFFFFFFFFFFFFFFFFFFFFFFFFFFFFFFFFFFFFFFFFFFFFFFFFFFFFFFFFFFFFFFFFFFFFFFFFFFFFFFFFFFFFFFFFFFFFFFFFFFFFFFFFFFFFFFFFFFFFFFFFFFFFFFFF000000FF000000FFFFFFFFFFFFFFFFFFFFFFFFFFFFFFFFFFFFFFFFFFFFFFFFFFFFFFFFFFFFFFFFFFFFFFFFFFFFFFFFFFFFFFFFFFFFFFFFFFFFFFFFFFFFFF
310
FFFFFFFFFFFFFFFFFFFFFFFFFFFFFFFFFFFF000000FF000000FFFFFFFFFFFFFFFFFFFFFFFFFFFFFFFFFFFFFFFFFFFFFFFFFFFFFFFFFFFFFFFFFFFFFFFFFF000000FF000000FF000000FF000000FFFFFFFFFFFFFFFFFFFFFFFFFFFFFFFFFFFFFFFFFFFFFFFFFFFFFFFFFFFFFFFFFFFFFFFFFFFFFFFFFFFFFFFFFFFFFFFFFFFF
310
FFFFFFFFFFFFFFFFFFFFFFFFFFFFFF000000FF000000FF000000FF000000FFFFFFFFFFFFFFFFFFFFFFFFFFFFFFFFFFFFFFFFFFFFFFFFFFFFFFFFFFFFFFFFFF000000FF000000FF000000FF000000FFFFFFFFFFFFFFFFFFFFFFFFFFFFFFFFFFFFFFFFFFFFFFFFFFFFFFFFFFFFFFFFFFFFFFFFFFFFFFFFFFFFFFFFFFFFFFFFFF
310
FFFFFFFFFFFFFFFFFFFFFFFFFFFFFFFF000000FF000000FF000000FF000000FFFFFFFFFFFFFFFFFFFFFFFFFFFFFFFFFFFFFFFFFFFFFFFFFFFFFFFFFFFFFFFFFFFFFFFFFF000000FF000000FF000000FF000000FFFFFFFFFFFFFFFFFFFFFFFFFFFFFFFFFFFFFFFFFFFFFFFFFFFFFFFFFFFFFFFFFFFFFFFFFFFFFFFFFFFFFFFF
310
FFFFFFFFFFFFFFFFFFFFFFFFFF000000FF000000FF000000FF000000FFFFFFFFFFFFFFFFFFFFFFFFFFFFFFFFFFFFFFFFFFFFFFFFFFFFFFFFFFFFFFFFFFFFFFFFFFFFFFFFFFFFFFFFFF000000FF000000FF000000FF000000FF000000FFFFFFFFFFFFFFFFFFFFFFFFFFFFFFFFFFFFFFFFFFFFFFFFFFFFFFFFFFFFFFFFFFFFFF
310
FFFFFFFFFFFF000000FF000000FF000000FF000000FF000000FFFFFFFFFFFFFFFFFFFFFFFFFFFFFFFFFFFFFFFFFFFFFFFFFFFFFFFFFFFFFFFFFFFFFFFFFFFFFFFFFFFFFFFFFFFFFFFFFFFFFFFFFF000000FF000000FF000000FF000000FF000000FF000000FFFFFFFFFFFFFFFFFFFFFFFFFFFFFFFFFFFFFFFFFFFFFFFFFF00
310
0000FF000000FF000000FF000000FF000000FF000000FFFFFFFFFFFFFFFFFFFFFFFFFFFFFFFFFFFFFFFFFFFFFFFFFFFFFFFFFFFFFFFFFFFFFFFFFFFFFFFFFFFFFFFFFFFFFFFFFFFFFFFFFFFFFFFFFFFFFFFFFF000000FF000000FF000000FF000000FF000000FF000000FF000000FF000000FF000000FF000000FF000000FF
310
000000FF000000FF000000FF000000FF000000FFFFFFFFFFFFFFFFFFFFFFFFFFFFFFFFFFFFFFFFFFFFFFFFFFFFFFFFFFFFFFFFFFFFFFFFFFFFFFFFFFFFFFFFFFFFFFFFFF000000FF000000FF000000FF000000FF000000FF000000FF000000FF000000FF000000FF000000FF000000FF000000FF000000FF000000FF000000
310
FF000000FF000000FF000000FF000000FF000000FF000000FF000000FF000000FF000000FFFFFFFFFFFFFFFFFFFFFFFFFFFFFFFFFFFFFFFFFFFFFFFFFFFFFFFFFFFFFFFFFF000000FF000000FF000000FF000000FF000000FF000000FF000000FF000000FF000000FF000000FF000000FF000000FF000000FF000000FF0000
310
00FF000000FF000000FF000000FF000000FF000000FF000000FF000000FF000000FF000000FFFFFFFFFFFFFFFFFFFFFFFFFFFFFFFFFFFFFFFFFFFFFFFFFFFFFFFFFFFFFFFFFF000000FF000000FF000000FF000000FF000000FF000000FF000000FF000000FF000000FF000000FF000000FF000000FF000000FF000000FF00
310
0000FF000000FF000000FF000000FF000000FF000000FF000000FF000000FF000000FF000000FFFFFFFFFFFFFFFFFFFFFFFFFFFFFFFFFFFFFFFFFFFFFFFFFFFFFFFFFFFFFFFFFF000000FF000000FF000000FF000000FF000000FF000000FF000000FF000000FF000000FF000000FF000000FF000000FF000000FF000000FF
310
000000FF000000FF000000FF000000FF000000FF000000FF000000FF000000FF000000FF000000FFFFFFFFFFFFFFFFFFFFFFFFFFFFFFFFFFFFFFFFFFFFFFFFFFFFFFFFFFFFFFFFFF000000FF000000FF000000FF000000FF000000FF000000FF000000FF000000FFFFFFFFFFFFFFFFFFFFFFFFFFFFFFFFFFFFFFFFFFFFFFFF
310
FFFFFFFFFFFFFFFFFF000000FF000000FF000000FF000000FF000000FF000000FF000000FF000000FFFFFFFFFFFFFFFFFFFFFFFFFFFFFFFFFFFFFFFFFFFFFFFFFFFFFFFFFFFFFFFFFF000000FF000000FF000000FF000000FF000000FF000000FFFFFFFFFFFFFFFFFFFFFFFFFFFFFFFFFFFFFFFFFFFFFFFFFFFFFFFFFFFFFF
310
FFFFFFFFFFFFFFFFFFFFFFFFFFFFFFFFFFFF000000FF000000FF000000FF000000FF000000FF000000FFFFFFFFFFFFFFFFFFFFFFFFFFFFFFFFFFFFFFFFFFFFFFFFFFFFFFFFFFFFFFFFFF000000FF000000FF000000FF000000FF000000FF000000FFFFFFFFFFFFFFFFFFFFFFFFFFFFFFFFFFFFFFFFFFFFFFFFFFFFFFFFFFFF
310
FFFFFFFFFFFFFFFFFFFFFFFFFFFFFFFFFFFFFF000000FF000000FF000000FF000000FF000000FF000000FFFFFFFFFFFFFFFFFFFFFFFFFFFFFFFFFFFFFFFFFFFFFFFFFFFFFFFFFFFFFFFFFF000000FF000000FF000000FF000000FF000000FF000000FFFFFFFFFFFFFFFFFFFFFFFFFFFFFFFFFFFFFFFFFFFFFFFFFFFFFFFFFF
310
FFFFFFFFFFFFFFFFFFFFFFFFFFFFFFFFFFFFFFFF000000FF000000FF000000FF000000FF000000FF000000FFFFFFFFFFFFFFFFFFFFFFFFFFFFFFFFFFFFFFFFFFFFFFFFFFFFFFFFFFFFFFFFFF000000FF000000FF000000FF000000FF000000FF000000FFFFFFFFFFFFFFFFFFFFFFFFFFFFFFFFFFFFFFFFFFFFFFFFFFFFFFFF
310
FFFFFFFFFFFFFFFFFFFFFFFFFFFFFFFFFFFFFFFFFF000000FF000000FF000000FF000000FF000000FF000000FFFFFFFFFFFFFFFFFFFFFFFFFFFFFFFFFFFFFFFFFFFFFFFFFFFFFFFFFFFFFFFFFF000000FF000000FF000000FF000000FF000000FF000000FF000000FF000000FF000000FF000000FF000000FF000000FF0000
310
00FF000000FF000000FF000000FF000000FF000000FF000000FF000000FF000000FF000000FF000000FF000000FFFFFFFFFFFFFFFFFFFFFFFFFFFFFFFFFFFFFFFFFFFFFFFFFFFFFFFFFFFFFFFFFF000000FF000000FF000000FF000000FF000000FF000000FF000000FF000000FF000000FF000000FF000000FF000000FF00
310
0000FF000000FF000000FF000000FF000000FF000000FF000000FF000000FF000000FF000000FF000000FF000000FFFFFFFFFFFFFFFFFFFFFFFFFFFFFFFFFFFFFFFFFFFFFFFFFFFFFFFFFFFFFFFFFF000000FF000000FF000000FF000000FF000000FF000000FF000000FF000000FF000000FF000000FF000000FF000000FF
310
000000FF000000FF000000FF000000FF000000FF000000FF000000FF000000FF000000FF000000FF000000FF000000FFFFFFFFFFFFFFFFFFFFFFFFFFFFFFFFFFFFFFFFFFFFFFFFFFFFFFFFFFFFFFFFFF000000FF000000FF000000FF000000FF000000FF000000FF000000FF000000FF000000FF000000FF000000FF000000
310
FF000000FF000000FF000000FF000000FF000000FF000000FF000000FF000000FF000000FF000000FF000000FF000000FFFFFFFFFFFFFFFFFFFFFFFFFFFFFFFFFFFFFFFFFFFFFFFFFFFFFFFFFFFFFFFFFF000000FF000000FF000000FF000000FF000000FF000000FF000000FF000000FF000000FF000000FF000000FF0000
310
00FF000000FF000000FF000000FF000000FF000000FF000000FF000000FF000000FF000000FF000000FF000000FF000000FFFFFFFFFFFFFFFFFFFFFFFFFFFFFFFFFFFFFFFFFFFFFFFFFFFFFFFFFFFFFFFFFF000000FF000000FF000000FF000000FF000000FF000000FF000000FF000000FF000000FF000000FFFFFFFFFFFF
310
FFFFFFFFFFFFFFFFFFFFFF000000FF000000FF000000FF000000FF000000FF000000FF000000FF000000FF000000FF000000FFFFFFFFFFFFFFFFFFFFFFFFFFFFFFFFFFFFFFFFFFFFFFFFFFFFFFFFFFFFFFFFFFFFFFFFFFFFFFFFFFFFFFFFFFFFFFFFFFFFFFFFFFFFFFFFFFFFFFFFFF000000FF000000FF000000FFFFFFFFFF
310
FFFFFFFFFFFFFFFFFFFFFFFF000000FF000000FF000000FFFFFFFFFFFFFFFFFFFFFFFFFFFFFFFFFFFFFFFFFFFFFFFFFFFFFFFFFFFFFFFFFFFFFFFFFFFFFFFFFFFFFFFFFFFFFFFFFFFFFFFFFFFFFFFFFFFFFFFFFFFFFFFFFFFFFFFFFFFFFFFFFFFFFFFFFFFFFFFFFFFFFFFFFFFFFFFFFF000000FF000000FF000000FFFFFFFF
310
FFFFFFFFFFFFFFFFFFFFFFFFFF000000FF000000FF000000FFFFFFFFFFFFFFFFFFFFFFFFFFFFFFFFFFFFFFFFFFFFFFFFFFFFFFFFFFFFFFFFFFFFFFFFFFFFFFFFFFFFFFFFFFFFFFFFFFFFFFFFFFFFFFFFFFFFFFFFFFFFFFFFFFFFFFFFFFFFFFFFFFFFFFFFFFFFFFFFFF000000FF000000FF000000FF000000FF000000FFFFFF
310
FFFFFFFFFFFFFFFFFFFFFFFFFFFF000000FF000000FF000000FF000000FF000000FFFFFFFFFFFFFFFFFFFFFFFFFFFFFFFFFFFFFFFFFFFFFFFFFFFFFFFFFFFFFFFFFFFFFFFFFFFFFFFFFFFFFFFFFFFFFFFFFFFFFFFFFFFFFFFFFFFFFFFFFFFFFFFFFFFFFFFFFFFFFFFFFF000000FF000000FF000000FF000000FF000000FFFF
310
FFFFFFFFFFFFFFFFFFFFFFFFFFFFFF000000FF000000FF000000FF000000FF000000FFFFFFFFFFFFFFFFFFFFFFFFFFFFFFFFFFFFFFFFFFFFFFFFFFFFFFFFFFFFFFFFFFFFFFFFFFFFFFFFFFFFFFFFFFFFFFFFFFFFFFFFFFFFFFFFFFFFFFFFFFFFFFFFFFFFFFFFFFFFFFFFFFFFFFFFFF000000FF000000FF000000FF000000FF
310
000000FF000000FF000000FF000000FF000000FF000000FF000000FF000000FFFFFFFFFFFFFFFFFFFFFFFFFFFFFFFFFFFFFFFFFFFFFFFFFFFFFFFFFFFFFFFFFFFFFFFFFFFFFFFFFFFFFFFFFFFFFFFFFFFFFFFFFFFFFFFFFFFFFFFFFFFFFFFFFFFFFFFFFFFFFFFFFFFFFFFFFFFFFFFFFFFFFFFFFFFFFFFFFF000000FF000000
310
FF000000FF000000FF000000FF000000FF000000FF000000FF000000FFFFFFFFFFFFFFFFFFFFFFFFFFFFFFFFFFFFFFFFFFFFFFFFFFFFFFFFFFFFFFFFFFFFFFFFFFFFFFFFFFFFFFFFFFFFFFFFFFFFFFFFFFFFFFFFFFFFFFFFFFFFFFFFFFFFFFFFFFFFFFFFFFFFFFFFFFFFFFFFFFFFFFFFFFFFFFFFFFFFFFFFFF000000FF0000
310
00FF000000FF000000FF000000FF000000FF000000FF000000FFFFFFFFFFFFFFFFFFFFFFFFFFFFFFFFFFFFFFFFFFFFFFFFFFFFFFFFFFFFFFFFFFFFFFFFFFFFFFFFFFFFFFFFFFFFFFFFFFFFFFFFFFFFFFFFFFFFFFFFFFFFFFFFFFFFFFFFFFFFFFFFFFFFFFFFFFFFFFFFFFFFFFFFFFFFFFFFFFFFFFFFFFFFFFFFFFFFFFFFFF00
310
0000FF000000FF000000FF000000FF000000FF000000FFFFFFFFFFFFFFFFFFFFFFFFFFFFFFFFFFFFFFFFFFFFFFFFFFFFFFFFFFFFFFFFFFFFFFFFFFFFFFFFFFFFFFFFFFFFFFFFFFFFFFFFFFFFFFFFFFFFFFFFFFFFFFFFFFFFFFFFFFFFFFFFFFFFFFFFFFFFFFFFFFFFFFFFFFFFFFFFFFFFFFFFFFFFFFFFFFFFFFFFFFFFFFFFFF
310
FFFFFFFFFFFFFFFFFFFFFFFFFFFFFFFFFFFFFFFFFFFFFFFFFFFFFFFFFFFFFFFFFFFFFFFFFFFFFFFFFFFFFFFFFFFFFFFFFFFFFFFFFFFFFFFFFFFFFFFFFFFFFFFFFFFFFFFFFFFFFFFF
102
{BLKREFS
331
526
331
531
102
}
 70
     4
280
     1
281
     0
1001
AcDbDynamicBlockGUID
1000
{BE8E6CE9-79CB-E74B-AFFE-33D93F3914CB}
  0
BLOCK_RECORD
  5
73
330
1
100
AcDbSymbolTableRecord
100
AcDbBlockTableRecord
  2
kose donus
340
0
310
28000000200000002000000001002000000000000010000001000000010000000000000000000000FFFFFFFFFFFFFFFFFFFFFFFFFFFFFFFFFFFFFFFFFFFFFFFFFFFFFFFFFFFFFFFFFFFFFFFFFFFFFFFFFFFFFFFFFFFFFFFFFFFFFFFFFFFFFFFFFFFFFFFFFFFFFFFFFFFFFFFFFFFFFFFFFFFFFFFFFFFFFFFFFFFFFFFFFFFFFF
310
FFFFFFFFFFFFFFFFFFFFFFFFFFFFFFFFFFFFFFFFFFFFFFFFFFFFFFFFFFFFFFFFFFFFFFFFFFFFFFFFFFFFFFFFFFFFFFFFFFFFFFFFFFFFFFFFFFFFFFFFFFFFFFFFFFFFFFFFFFFFFFFFFFFFFFFFFFFFFFFFFFFFFFFFFFFFFFFFFFFFFFFFFFFFFFFFFFFFFFFFFFFFFFFFFFFFFFFFFFFFFFFFFFFFFFFFFFFFFFFFFFFFFFFFFFFFFF
310
FFFFFFFFFFFFFFFFFFFFFFFFFFFFFFFFFFFFFFFFFFFFFFFFFFFFFFFFFFFFFFFFFFFF808080FFFFFFFFFFFFFFFFFFFFFFFFFFFFFFFFFFFFFFFFFFFFFFFFFFFFFFFFFF000000FF000000FF000000FF000000FF000000FF000000FF000000FF000000FF000000FF000000FF000000FF000000FF000000FF000000FF000000FF00
310
0000FF000000FF000000FF000000FF000000FF000000FF000000FFFFFFFFFF808080FFFFFFFFFFFFFFFFFFFFFFFFFFFFFFFFFFFFFFFFFFFFFFFFFFFFFFFFFFFFFFFFFF000000FF000000FF000000FF000000FF000000FF000000FF000000FF000000FF000000FF000000FF000000FF000000FF000000FF000000FF000000FF
310
000000FF000000FF000000FF000000FF000000FF898989FF000000FF808080FFFFFFFFFFFFFFFFFFFFFFFFFFFFFFFFFFFFFFFFFFFFFFFFFFFFFFFFFFFFFFFFFFFFFFFFFFFFFFFFFFFFFFFFFFFFFFFFFFFFFFFFFFFFFFFFFFFFFFFFFFFFFFFFFFFFFFFFFFFFFFFFFFFFFFFFFFFFFFFFFFFFFFFFFF000000FF000000FF000000
310
FF000000FF000000FFFFFFFFFFFFFFFFFFFFFFFFFF898989FF808080FF000000FF000000FFFFFFFFFFFFFFFFFFFFFFFFFFFFFFFFFFFFFFFFFFFFFFFFFFFFFFFFFFFFFFFFFF000000FF000000FF000000FF000000FF000000FF000000FF000000FF000000FF000000FF000000FF000000FF000000FF000000FF000000FF0000
310
00FF000000FF000000FF000000FFFFFFFFFF898989FF898989FF898989FF898989FF000000FFFFFFFFFFFFFFFFFFFFFFFFFFFFFFFFFFFFFFFFFFFFFFFFFFFFFFFFFFFFFFFFFF000000FF000000FF000000FF000000FF000000FF000000FF000000FF000000FF000000FF000000FF000000FF000000FF000000FF000000FF00
310
0000FF000000FFFFFFFFFF000000FF000000FF000000FF898989FFFFFFFFFF000000FF000000FFFFFFFFFFFFFFFFFFFFFFFFFFFFFFFFFFFFFFFFFFFFFFFFFFFFFFFFFFFFFFFFFF000000FF000000FF000000FF000000FF000000FF000000FF000000FF000000FF000000FF000000FF000000FF000000FF000000FF000000FF
310
000000FF000000FFFFFFFFFF000000FF000000FF000000FFFFFFFFFFFFFFFFFF000000FF000000FFFFFFFFFFFFFFFFFFFFFFFFFFFFFFFFFFFFFFFFFFFFFFFFFFFFFFFFFFFFFFFFFFFFFFFFFFFFFFFFFFFFFFFFFFFFFFFFFFFFFFFFFFFFFFFFFFFFFFFFFFFFFFFFFFFFFFFFFFFFFFFFFFFFFFFFFFFFFFFFFF000000FF000000
310
FF000000FFFFFFFFFF000000FF000000FF000000FF000000FF000000FFFFFFFFFF000000FF000000FFFFFFFFFFFFFFFFFFFFFFFFFFFFFFFFFFFFFFFFFFFFFFFFFFFFFFFFFFFFFFFFFFFFFFFFFFFFFFFFFFFFFFFFFFFFFFFFFFFFFFFFFFFFFFFFFFFFFFFFFFFFFFFFFFFFFFFFFFFFFFFFFFFFFFFFFF000000FF000000FF0000
310
00FFFFFFFFFF000000FF000000FF000000FFFFFFFFFFFFFFFFFF000000FF000000FF000000FF000000FFFFFFFFFFFFFFFFFFFFFFFFFFFFFFFFFFFFFFFFFFFFFFFFFFFFFFFFFFFFFFFFFFFFFFFFFFFFFFFFFFFFFFFFFFFFFFFFFFFFFFFFFFFFFFFFFFFFFFFFFFFFFFFFFFFFFFFFFFFFFFFFFF000000FFFFFFFFFF000000FF00
310
0000FF000000FF000000FF000000FFFFFFFFFF000000FF000000FF000000FF000000FF000000FF000000FFFFFFFFFFFFFFFFFFFFFFFFFFFFFFFFFFFFFFFFFFFFFFFFFFFFFFFFFFFFFFFFFFFFFFFFFFFFFFFFFFFFFFFFFFFFFFFFFFFFFFFFFFFFFFFFFFFFFFFFFFFFFFFFFFFFFFFFFF000000FF000000FF000000FFFFFFFFFF
310
000000FF000000FF000000FFFFFFFFFF000000FF000000FF000000FF000000FF000000FF000000FF000000FFFFFFFFFFFFFFFFFFFFFFFFFFFFFFFFFFFFFFFFFFFFFFFFFFFFFFFFFFFFFFFFFFFFFFFFFFFFFFFFFFFFFFFFFFFFFFFFFFFFFFFFFFFFFFFFFFFFFFFFFFFFFFFFFF000000FF000000FFFFFFFFFF000000FF000000
310
FF000000FF000000FF000000FF000000FF000000FF000000FF000000FF000000FF000000FF000000FF000000FFFFFFFFFFFFFFFFFFFFFFFFFFFFFFFFFFFFFFFFFFFFFFFFFFFFFFFFFFFFFFFFFFFFFFFFFFFFFFFFFFFFFFFFFFFFFFFFFFFFFFFFFFFFFFFFFFFFFFFFFF000000FF000000FF000000FFFFFFFFFF000000FF0000
310
00FF000000FFFFFFFFFF000000FF000000FF000000FF000000FF000000FF000000FF000000FF000000FF000000FFFFFFFFFFFFFFFFFFFFFFFFFFFFFFFFFFFFFFFFFFFFFFFFFFFFFFFFFFFFFFFFFFFFFFFFFFFFFFFFFFFFFFFFFFFFFFFFFFFFFFFFFFFFFFFFFF000000FF000000FF000000FF000000FF000000FF000000FF00
310
0000FF000000FF000000FFFFFFFFFF000000FFFFFFFFFF000000FF000000FF000000FFFFFFFFFF000000FF000000FFFFFFFFFFFFFFFFFFFFFFFFFFFFFFFFFFFFFFFFFFFFFFFFFFFFFFFFFFFFFFFFFFFFFFFFFFFFFFFFFFFFFFFFFFFFFFFFFFFFFFFFFF000000FF000000FFFFFFFFFFFFFFFFFF000000FF000000FF000000FF
310
FFFFFFFFFFFFFFFF000000FF000000FFFFFFFFFFFFFFFFFF000000FF000000FF000000FFFFFFFFFF000000FF000000FFFFFFFFFFFFFFFFFFFFFFFFFFFFFFFFFFFFFFFFFFFFFFFFFFFFFFFFFFFFFFFFFFFFFFFFFFFFFFFFFFFFFFFFFFFFFFFFFF000000FF000000FFFFFFFFFFFFFFFFFFFFFFFFFF808080FF000000FF000000
310
FF000000FF000000FF000000FFFFFFFFFFFFFFFFFFFFFFFFFF000000FF000000FF000000FFFFFFFFFF000000FF000000FFFFFFFFFFFFFFFFFFFFFFFFFFFFFFFFFFFFFFFFFFFFFFFFFFFFFFFFFFFFFFFFFFFFFFFFFFFFFFFFFFFFFFFFFF000000FFFFFFFFFFFFFFFFFFFFFFFFFFFFFFFFFF808080FFFFFFFFFFFFFFFFFF0000
310
00FF000000FF000000FFFFFFFFFFFFFFFFFFFFFFFFFFFFFFFFFF000000FF000000FF000000FFFFFFFFFF000000FF000000FFFFFFFFFFFFFFFFFFFFFFFFFFFFFFFFFFFFFFFFFFFFFFFFFFFFFFFFFFFFFFFFFFFFFFFFFFFFFFFFFF000000FFFFFFFFFFFFFFFFFFFFFFFFFFFFFFFFFF808080FFFFFFFFFFFFFFFFFFFFFFFFFF00
310
0000FF000000FFFFFFFFFFFFFFFFFFFFFFFFFFFFFFFFFFFFFFFFFF000000FF000000FF000000FFFFFFFFFF000000FF000000FFFFFFFFFFFFFFFFFFFFFFFFFFFFFFFFFFFFFFFFFFFFFFFFFFFFFFFFFFFFFFFFFFFFFFFFFF000000FF000000FFFFFFFFFFFFFFFFFFFFFFFFFF808080FFFFFFFFFFFFFFFFFFFFFFFFFF000000FF
310
000000FFFFFFFFFFFFFFFFFFFFFFFFFFFFFFFFFFFFFFFFFFFFFFFFFF000000FF000000FF000000FFFFFFFFFF000000FF000000FFFFFFFFFFFFFFFFFFFFFFFFFFFFFFFFFFFFFFFFFFFFFFFFFFFFFFFFFFFFFFFFFF000000FF000000FFFFFFFFFFFFFFFFFFFFFFFFFF808080FFFFFFFFFFFFFFFFFFFFFFFFFF000000FF000000
310
FFFFFFFFFFFFFFFFFFFFFFFFFFFFFFFFFFFFFFFFFFFFFFFFFFFFFFFFFF000000FF000000FF000000FFFFFFFFFF000000FF000000FFFFFFFFFFFFFFFFFFFFFFFFFFFFFFFFFFFFFFFFFFFFFFFFFFFFFFFFFF000000FF000000FFFFFFFFFFFFFFFFFFFFFFFFFF808080FFFFFFFFFFFFFFFFFFFFFFFFFFFFFFFFFF000000FFFFFF
310
FFFFFFFFFFFFFFFFFFFFFFFFFFFFFFFFFFFFFFFFFFFFFFFFFFFFFFFFFFFF000000FF000000FF000000FFFFFFFFFF000000FF000000FFFFFFFFFFFFFFFFFFFFFFFFFFFFFFFFFFFFFFFFFFFFFFFFFF000000FF000000FFFFFFFFFFFFFFFFFFFFFFFFFF808080FFFFFFFFFFFFFFFFFFFFFFFFFFFFFFFFFF000000FFFFFFFFFFFF
310
FFFFFFFFFFFFFFFFFFFFFFFFFFFFFFFFFFFFFFFFFFFFFFFFFFFFFFFFFFFFFF000000FF000000FF000000FFFFFFFFFF000000FF000000FFFFFFFFFFFFFFFFFFFFFFFFFFFFFFFFFFFFFFFFFF000000FFFFFFFFFFFFFFFFFFFFFFFFFFFFFFFFFF808080FFFFFFFFFFFFFFFFFFFFFFFFFF000000FF000000FFFFFFFFFFFFFFFFFF
310
FFFFFFFFFFFFFFFFFFFFFFFFFFFFFFFFFFFFFFFFFFFFFFFFFFFFFFFFFFFFFFFF000000FF000000FF000000FFFFFFFFFF000000FF000000FFFFFFFFFFFFFFFFFFFFFFFFFFFFFFFFFF000000FF000000FF000000FFFFFFFFFFFFFFFFFF808080FFFFFFFFFFFFFFFFFFFFFFFFFF000000FF000000FFFFFFFFFFFFFFFFFFFFFFFF
310
FFFFFFFFFFFFFFFFFFFFFFFFFFFFFFFFFFFFFFFFFFFFFFFFFFFFFFFFFFFFFFFFFF000000FF000000FF000000FFFFFFFFFF000000FF000000FFFFFFFFFFFFFFFFFFFFFFFFFFFFFFFFFFFFFFFFFF000000FF000000FF000000FF808080FFFFFFFFFFFFFFFFFFFFFFFFFF000000FF000000FFFFFFFFFFFFFFFFFFFFFFFFFFFFFF
310
FFFFFFFFFFFFFFFFFFFFFFFFFFFFFFFFFFFFFFFFFFFFFFFFFFFFFFFFFFFFFFFFFFFF000000FF000000FF000000FFFFFFFFFF000000FF000000FFFFFFFFFFFFFFFFFFFFFFFFFFFFFFFFFFFFFFFFFFFFFFFFFF000000FF000000FF000000FFFFFFFFFFFFFFFFFFFFFFFFFF000000FFFFFFFFFFFFFFFFFFFFFFFFFFFFFFFFFFFF
310
FFFFFFFFFFFFFFFFFFFFFFFFFFFFFFFFFFFFFFFFFFFFFFFFFFFFFFFFFFFFFFFFFFFFFFFFFFFFFFFFFFFFFFFFFFFFFFFFFFFFFFFFFFFFFFFFFFFFFFFFFFFFFFFFFFFFFFFFFFFFFFFFFFFFFFFFFFFFFFFFFFFFFF808080FF000000FF000000FF000000FFFFFFFFFF000000FFFFFFFFFFFFFFFFFFFFFFFFFFFFFFFFFFFFFFFFFF
310
FFFFFFFFFFFFFFFFFFFFFFFFFFFFFFFFFFFFFFFFFFFFFFFFFFFFFFFFFFFFFFFFFFFFFFFFFFFFFFFFFFFFFFFFFFFFFFFFFFFFFFFFFFFFFFFFFFFFFFFFFFFFFFFFFFFFFFFFFFFFFFFFFFFFFFFFFFFFFFFF808080FFFFFFFFFFFFFFFFFF000000FF000000FF000000FFFFFFFFFFFFFFFFFFFFFFFFFFFFFFFFFFFFFFFFFFFFFFFF
310
FFFFFFFFFFFFFFFFFFFFFFFFFFFFFFFFFFFFFFFFFFFFFFFFFFFFFFFFFFFFFFFFFFFFFFFFFFFFFFFFFFFFFFFFFFFFFFFFFFFFFFFFFFFFFFFFFFFFFFFFFFFFFFFFFFFFFFFFFFFFFFFFFFFFFFFFFF808080FFFFFFFFFFFFFFFFFFFFFFFFFFFFFFFFFF000000FFFFFFFFFFFFFFFFFFFFFFFFFFFFFFFFFFFFFFFFFFFFFFFFFFFFFF
310
FFFFFFFFFFFFFFFFFFFFFFFFFFFFFFFFFFFFFFFFFFFFFFFFFFFFFFFFFFFFFFFFFFFFFFFFFFFFFFFFFFFFFFFFFFFFFFFFFFFFFFFFFFFFFFFFFFFFFFFFFFFFFFFFFFFFFFFFFFFFFFFFFFFF808080FFFFFFFFFFFFFFFFFFFFFFFFFFFFFFFFFFFFFFFFFFFFFFFFFFFFFFFFFFFFFFFFFFFFFFFFFFFFFFFFFFFFFFFFFFFFFFFFFFFF
310
FFFFFFFFFFFFFFFFFFFFFFFFFFFFFFFFFFFFFFFFFFFFFFFFFFFFFFFFFFFFFFFFFFFFFFFFFFFFFFFFFFFFFFFFFFFFFFFFFFFFFFFFFFFFFFFFFFFFFFFFFFFFFFFFFFFFFFFFFFFFFFFFFFFFFFFFFFFFFFFFFFFFFFFFFFFFFFFFFFFFFFFFFFFFFFFFFFFFFFFFFFFFFFFFFFFFFFFFFFFFFFFFFFFFFFFFFFFFFFFFFFFFFFFFFFFFFF
310
FFFFFFFFFFFFFFFFFFFFFFFFFFFFFFFFFFFFFFFFFFFFFFFFFFFFFFFFFFFFFFFFFFFFFFFFFFFFFFFFFFFFFFFFFFFFFFFFFFFFFFFFFFFFFFFFFFFFFFFFFFFFFFFFFFFFFFFFFFFFFFFF
102
{BLKREFS
331
72
102
}
 70
     4
280
     1
281
     0
  0
ENDTAB
  0
ENDSEC
  0
SECTION
  2
BLOCKS
  0
BLOCK
  5
5
330
2
100
AcDbEntity
  8
0
100
AcDbBlockBegin
  2
*Model_Space
 70
     0
 10
0.0
 20
0.0
 30
0.0
  3
*Model_Space
  1

  0
ENDBLK
  5
15
330
2
100
AcDbEntity
  8
0
100
AcDbBlockEnd
  0
BLOCK
  5
1B
330
1A
100
AcDbEntity
 67
     1
  8
0
100
AcDbBlockBegin
  2
*Paper_Space
 70
     0
 10
0.0
 20
0.0
 30
0.0
  3
*Paper_Space
  1

  0
ENDBLK
  5
1C
330
1A
100
AcDbEntity
 67
     1
  8
0
100
AcDbBlockEnd
  0
BLOCK
  5
3E
330
3B
100
AcDbEntity
  8
0
100
AcDbBlockBegin
  2
_OBLIQUE
 70
     0
 10
0.0
 20
0.0
 30
0.0
  3
_OBLIQUE
  1

  0
LINE
  5
3F
330
3B
100
AcDbEntity
  8
0
  6
ByBlock
 62
     0
380
     1
100
AcDbLine
 10
-0.5
 20
-0.5
 30
0.0
 11
0.5
 21
0.5
 31
0.0
  0
ENDBLK
  5
40
330
3B
100
AcDbEntity
  8
0
100
AcDbBlockEnd
  0
BLOCK
  5
47
330
44
100
AcDbEntity
  8
0
100
AcDbBlockBegin
  2
_ArchTick
 70
     0
 10
0.0
 20
0.0
 30
0.0
  3
_ArchTick
  1

  0
LWPOLYLINE
  5
48
330
44
100
AcDbEntity
  8
0
 62
     0
100
AcDbPolyline
 90
        2
 70
     0
 43
0.15
 10
-0.5
 20
-0.5
 10
0.5
 20
0.5
  0
ENDBLK
  5
49
330
44
100
AcDbEntity
  8
0
100
AcDbBlockEnd
  0
BLOCK
  5
34
330
33
100
AcDbEntity
  8
0
100
AcDbBlockBegin
  2
huseyin1_ArchTick
 70
     0
 10
0.0
 20
0.0
 30
0.0
  3
huseyin1_ArchTick
  1

  0
LWPOLYLINE
  5
35
330
33
100
AcDbEntity
  8
0
  6
ByBlock
 62
     0
100
AcDbPolyline
 90
        2
 70
     0
 43
0.15
 10
-0.5
 20
-0.5
 10
0.5
 20
0.5
  0
ENDBLK
  5
36
330
33
100
AcDbEntity
  8
0
100
AcDbBlockEnd
  0
BLOCK
  5
4F6
330
4F3
100
AcDbEntity
  8
0
100
AcDbBlockBegin
  2
E50 R 12
 70
     0
 10
0.0
 20
0.0
 30
0.0
  3
E50 R 12
  1

  0
HATCH
  5
4F7
330
4F3
100
AcDbEntity
  8
PROFİL HATCH
100
AcDbHatch
 10
0.0
 20
0.0
 30
0.0
210
0.0
220
0.0
230
1.0
  2
SOLID
 70
     1
 71
     1
 91
        2
 92
        1
 93
       74
 72
     2
 10
1742.678375585034
 20
267.2607587926226
 40
0.250000000000002
 50
315.0000000001566
 51
360.000000000013
 73
     1
 72
     1
 10
1742.928375585034
 20
267.2607587926226
 11
1742.928375585034
 21
267.4071587926205
 72
     2
 10
1742.678375585034
 20
267.4071587926205
 40
0.25
 50
0.0
 51
90.0
 73
     1
 72
     1
 10
1742.678375585034
 20
267.6571587926205
 11
1733.25827558503
 21
267.6571587926205
 72
     2
 10
1733.243383557297
 20
267.8708896070628
 40
0.2142489989057926
 50
86.01426890741384
 51
139.0457566552485
 73
     0
 72
     1
 10
1733.081575585034
 20
267.7304587926242
 11
1731.601598889742
 21
269.21028209733
 72
     2
 10
1731.777644413712
 20
269.386755931546
 40
0.2492690126603852
 50
134.9303857879635
 51
180.0696142122253
 73
     0
 72
     1
 10
1731.52837558504
 20
269.3870587926262
 11
1731.52837558504
 21
272.4799587926295
 72
     2
 10
1731.255437151534
 20
272.4705082647329
 40
0.2731019973591946
 50
1.983081384777529
 51
42.99868434957438
 73
     1
 72
     1
 10
1731.45517558504
 20
272.6567587926306
 11
1730.527952280331
 21
273.5839354879167
 72
     2
 10
1730.3511529432
 20
273.4172157912723
 40
0.2430091826647388
 50
43.31929196104083
 51
136.6731551586375
 73
     1
 72
     1
 10
1730.174375585033
 20
273.5839587926216
 11
1729.747675585036
 21
273.1571587926205
 72
     1
 10
1729.747675585036
 20
273.1571587926205
 11
1729.320852280331
 21
273.5839354879167
 72
     2
 10
1729.144053036882
 20
273.4186371197042
 40
0.2420362018753071
 50
43.07451585491533
 51
136.9179312647522
 73
     1
 72
     1
 10
1728.967275585033
 20
273.5839587926216
 11
1728.540575585037
 21
273.1571587926205
 72
     1
 10
1728.540575585037
 20
273.1571587926205
 11
1728.113752280332
 21
273.5839354879167
 72
     2
 10
1727.936953113652
 20
273.4198018725439
 40
0.2412421792181927
 50
42.87245723750325
 51
137.1199898821826
 73
     1
 72
     1
 10
1727.760175585034
 20
273.5839587926216
 11
1727.333475585037
 21
273.1571587926205
 72
     1
 10
1727.333475585037
 20
273.1571587926205
 11
1726.906652280332
 21
273.5839354879167
 72
     2
 10
1726.729852941468
 20
273.4171895034589
 40
0.2430272197833105
 50
43.32380067964987
 51
136.6686464400533
 73
     1
 72
     1
 10
1726.553075585034
 20
273.5839587926216
 11
1726.126375585038
 21
273.1571587926205
 72
     1
 10
1726.126375585038
 20
273.1571587926205
 11
1725.699552280332
 21
273.5839354879167
 72
     2
 10
1725.522753175014
 20
273.4207328376604
 40
0.2406097019907994
 50
42.70999819736299
 51
137.2824489223136
 73
     1
 72
     1
 10
1725.345975585034
 20
273.5839587926216
 11
1724.919175585033
 21
273.1571587926205
 72
     1
 10
1724.919175585033
 20
273.1571587926205
 11
1724.492475585037
 21
273.5839587926216
 72
     2
 10
1724.323518499494
 20
273.4259892198867
 40
0.2313025781635707
 50
43.07509963407222
 51
91.94313463160041
 73
     1
 72
     1
 10
1724.315675585036
 20
273.6571587926205
 11
1722.878375585031
 21
273.6571587926205
 72
     2
 10
1722.878375585031
 20
273.4071587926205
 40
0.25
 50
90.0
 51
180.0
 73
     1
 72
     1
 10
1722.628375585031
 20
273.4071587926205
 11
1722.628375585031
 21
265.1163587926326
 72
     2
 10
1722.863786558067
 20
265.104227550133
 40
0.2357233405301765
 50
177.0500325549751
 51
262.8080836680195
 73
     1
 72
     1
 10
1722.834275585032
 20
264.8703587926188
 11
1723.622465106484
 21
264.7291403118288
 72
     2
 10
1723.578375585028
 20
264.4830587926166
 40
0.2500000000000397
 50
280.1576999997687
 51
359.999999999974
 73
     0
 72
     1
 10
1723.828375585028
 20
264.4830587926167
 11
1723.828375585028
 21
263.8313587926291
 72
     2
 10
1723.578375585028
 20
263.8313587926292
 40
0.25
 50
0.0000000000260551
 51
79.84230000023129
 73
     0
 72
     1
 10
1723.622465106484
 20
263.585277273417
 11
1722.834275585032
 21
263.444058792627
 72
     2
 10
1722.86338472204
 20
263.2105263686015
 40
0.2353396161477807
 50
97.10510629604693
 51
183.0367774776542
 73
     1
 72
     1
 10
1722.628375585031
 20
263.1980587926278
 11
1722.628375585031
 21
254.9071587926205
 72
     2
 10
1722.878375585031
 20
254.9071587926205
 40
0.25
 50
180.0
 51
270.0
 73
     1
 72
     1
 10
1722.878375585031
 20
254.6571587926205
 11
1724.315675585036
 21
254.6571587926205
 72
     2
 10
1724.315675585036
 20
254.9071587926205
 40
0.25
 50
270.0
 51
315.0000000001473
 73
     1
 72
     1
 10
1724.492452280333
 20
254.7303820973243
 11
1724.919175585033
 21
255.1571587926205
 72
     1
 10
1724.919175585033
 20
255.1571587926205
 11
1725.346008542491
 21
254.730372445099
 72
     2
 10
1725.522775585035
 20
254.8987413934403
 40
0.2441202369644063
 50
223.6061134296657
 51
316.3938865703343
 73
     1
 72
     1
 10
1725.69954262758
 20
254.730372445099
 11
1726.126375585038
 21
255.1571587926205
 72
     1
 10
1726.126375585038
 20
255.1571587926205
 11
1726.553098889738
 21
254.7303820973243
 72
     2
 10
1726.729848325823
 20
254.9098085176515
 40
0.2518614767444135
 50
225.4306215824179
 51
314.5942347896554
 73
     1
 72
     1
 10
1726.906675585035
 20
254.7304587926246
 11
1727.333475585037
 21
255.1571587926205
 72
     1
 10
1727.333475585037
 20
255.1571587926205
 11
1727.760198889737
 21
254.7303820973243
 72
     2
 10
1727.936948459034
 20
254.909194395332
 40
0.2514244382818108
 50
225.3323875096359
 51
314.692468862295
 73
     1
 72
     1
 10
1728.113775585036
 20
254.7304587926242
 11
1728.540575585037
 21
255.1571587926205
 72
     1
 10
1728.540575585037
 20
255.1571587926205
 11
1728.967298889737
 21
254.7303820973243
 72
     2
 10
1729.144048343294
 20
254.9097279735141
 40
0.2518041156113755
 50
225.4177572971955
 51
314.6070990747682
 73
     1
 72
     1
 10
1729.320875585035
 20
254.7304587926242
 11
1729.747675585036
 21
255.1571587926205
 72
     1
 10
1729.747675585036
 20
255.1571587926205
 11
1730.174398889737
 21
254.7303820973243
 72
     2
 10
1730.351148363075
 20
254.9096367774917
 40
0.2517391838536089
 50
225.4031846467526
 51
314.6216717251607
 73
     1
 72
     1
 10
1730.527975585035
 20
254.7304587926242
 11
1731.455152280337
 21
255.6576820973346
 72
     2
 10
1731.27837558504
 20
255.8344587926308
 40
0.2500000000000221
 50
315.000000000152
 51
360.0000000000065
 73
     1
 72
     1
 10
1731.52837558504
 20
255.8344587926308
 11
1731.52837558504
 21
258.9272587926294
 72
     2
 10
1731.801445081947
 20
258.9176409808594
 40
0.2732388194317173
 50
182.0171873095069
 51
223.0198970539495
 73
     0
 72
     1
 10
1731.601675585029
 20
259.1040587926304
 11
1733.081498889734
 21
260.5839354879167
 72
     2
 10
1733.25827558503
 20
260.4071587926205
 40
0.2500000000000422
 50
224.9999999998526
 51
270.0
 73
     0
 72
     1
 10
1733.25827558503
 20
260.6571587926205
 11
1742.678375585603
 21
260.6571584584185
 72
     2
 10
1742.679165000232
 20
260.906369044277
 40
0.2492118361543147
 50
269.8185070062517
 51
360.1815697175296
 73
     1
 72
     1
 10
1742.928375585034
 20
260.9071587926205
 11
1742.928375585034
 21
261.0536587926231
 72
     2
 10
1742.678375585034
 20
261.0536587926231
 40
0.25
 50
359.999999999987
 51
404.9999999998433
 73
     1
 72
     1
 10
1742.855152280331
 20
261.2304354879193
 11
1742.501675585037
 21
261.5839587926216
 72
     2
 10
1742.36438409258
 20
261.5024711441718
 40
0.1596533455677157
 50
30.69071962870284
 51
104.3275146369044
 73
     1
 72
     1
 10
1742.324875585036
 20
261.6571587926205
 11
1731.778375585039
 21
261.6571587926205
 72
     2
 10
1731.778375585039
 20
261.9071587926205
 40
0.25
 50
90.0
 51
180.0
 73
     0
 72
     1
 10
1731.52837558504
 20
261.9071587926205
 11
1731.52837558504
 21
266.4071587926205
 72
     2
 10
1731.778375585039
 20
266.4071587926205
 40
0.25
 50
180.0
 51
270.0
 73
     0
 72
     1
 10
1731.778375585039
 20
266.6571587926205
 11
1742.324875585036
 21
266.6571587926205
 72
     2
 10
1742.323874705883
 20
266.9094442009939
 40
0.2522873937341576
 50
270.227305458418
 51
314.8097789130596
 73
     1
 72
     1
 10
1742.501675585037
 20
266.7304587926242
 11
1742.855152280331
 21
267.0839820973265
 97
        1
330
4FA
 92
       16
 93
        8
 72
     2
 10
1724.478375585037
 20
271.9071587926205
 40
0.25
 50
180.0
 51
270.0
 73
     0
 72
     1
 10
1724.478375585037
 20
272.1571587926205
 11
1729.678375585034
 21
272.1571587926205
 72
     2
 10
1729.678375585034
 20
271.9071587926205
 40
0.25
 50
270.0
 51
360.0
 73
     0
 72
     1
 10
1729.928375585034
 20
271.9071587926205
 11
1729.928375585034
 21
256.4071587926205
 72
     2
 10
1729.678375585034
 20
256.4071587926205
 40
0.25
 50
360.0
 51
450.0
 73
     0
 72
     1
 10
1729.678375585034
 20
256.1571587926205
 11
1724.478375585037
 21
256.1571587926205
 72
     2
 10
1724.478375585037
 20
256.4071587926205
 40
0.25
 50
90.0
 51
180.0
 73
     0
 72
     1
 10
1724.228375585036
 20
256.4071587926205
 11
1724.228375585036
 21
271.9071587926205
 97
        1
330
4F9
 75
     1
 76
     1
 98
        1
 10
2972.88551307684
 20
689.8879792299773
450
        0
451
        0
460
0.0
461
0.0
452
        0
462
0.0
453
        0
470

1001
GradientColor1ACI
1070
     5
1001
GradientColor2ACI
1070
     2
1001
ACAD
1010
0.0
1020
0.0
1030
0.0
  0
LWPOLYLINE
  5
4F9
102
{ACAD_REACTORS
330
4F7
102
}
330
4F3
100
AcDbEntity
  8
0
100
AcDbPolyline
 90
        8
 70
     1
 43
0.0
 10
1724.228375585036
 20
271.9071587926205
 42
-0.4142135623730951
 10
1724.478375585037
 20
272.1571587926205
 10
1729.678375585034
 20
272.1571587926205
 42
-0.4142135623730951
 10
1729.928375585034
 20
271.9071587926205
 10
1729.928375585034
 20
256.4071587926205
 42
-0.4142135623730951
 10
1729.678375585034
 20
256.1571587926205
 10
1724.478375585037
 20
256.1571587926205
 42
-0.4142135623730951
 10
1724.228375585036
 20
256.4071587926205
  0
LWPOLYLINE
  5
4FA
102
{ACAD_REACTORS
330
4F7
102
}
330
4F3
100
AcDbEntity
  8
0
100
AcDbPolyline
 90
       74
 70
     1
 43
0.0
 10
1742.855152280331
 20
267.0839820973265
 42
0.198912367378959
 10
1742.928375585034
 20
267.2607587926226
 10
1742.928375585034
 20
267.4071587926205
 42
0.4142135623730951
 10
1742.678375585034
 20
267.6571587926205
 10
1733.25827558503
 20
267.6571587926205
 42
-0.2356137571228661
 10
1733.081575585034
 20
267.7304587926242
 10
1731.601598889742
 20
269.21028209733
 42
-0.199543978753291
 10
1731.52837558504
 20
269.3870587926262
 10
1731.52837558504
 20
272.4799587926295
 42
0.1808997652960896
 10
1731.45517558504
 20
272.6567587926306
 10
1730.527952280331
 20
273.5839354879167
 42
0.4314641442962607
 10
1730.174375585033
 20
273.5839587926216
 10
1729.747675585036
 20
273.1571587926205
 10
1729.320852280331
 20
273.5839354879167
 42
0.4340002144077237
 10
1728.967275585033
 20
273.5839587926216
 10
1728.540575585037
 20
273.1571587926205
 10
1728.113752280332
 20
273.5839354879167
 42
0.4360972427995542
 10
1727.760175585034
 20
273.5839587926216
 10
1727.333475585037
 20
273.1571587926205
 10
1726.906652280332
 20
273.5839354879167
 42
0.4314174743948147
 10
1726.553075585034
 20
273.5839587926216
 10
1726.126375585038
 20
273.1571587926205
 10
1725.699552280332
 20
273.5839354879167
 42
0.4377856339995973
 10
1725.345975585034
 20
273.5839587926216
 10
1724.919175585033
 20
273.1571587926205
 10
1724.492475585037
 20
273.5839587926216
 42
0.2165184084597082
 10
1724.315675585036
 20
273.6571587926205
 10
1722.878375585031
 20
273.6571587926205
 42
0.4142135623730951
 10
1722.628375585031
 20
273.4071587926205
 10
1722.628375585031
 20
265.1163587926326
 42
0.3926914725504326
 10
1722.834275585032
 20
264.8703587926188
 10
1723.622465106484
 20
264.7291403118288
 42
-0.3631911781333301
 10
1723.828375585028
 20
264.4830587926167
 10
1723.828375585028
 20
263.8313587926291
 42
-0.3631911781333301
 10
1723.622465106484
 20
263.585277273417
 10
1722.834275585032
 20
263.444058792627
 42
0.3935661141912528
 10
1722.628375585031
 20
263.1980587926278
 10
1722.628375585031
 20
254.9071587926205
 42
0.4142135623730951
 10
1722.878375585031
 20
254.6571587926205
 10
1724.315675585036
 20
254.6571587926205
 42
0.198912367380357
 10
1724.492452280333
 20
254.7303820973243
 10
1724.919175585033
 20
255.1571587926205
 10
1725.346008542491
 20
254.730372445099
 42
0.4285373988986301
 10
1725.69954262758
 20
254.730372445099
 10
1726.126375585038
 20
255.1571587926205
 10
1726.553098889738
 20
254.7303820973243
 42
0.4099444284986186
 10
1726.906675585035
 20
254.7304587926246
 10
1727.333475585037
 20
255.1571587926205
 10
1727.760198889737
 20
254.7303820973243
 42
0.4109461000978513
 10
1728.113775585036
 20
254.7304587926242
 10
1728.540575585037
 20
255.1571587926205
 10
1728.967298889737
 20
254.7303820973243
 42
0.410075562738184
 10
1729.320875585035
 20
254.7304587926242
 10
1729.747675585036
 20
255.1571587926205
 10
1730.174398889737
 20
254.7303820973243
 42
0.4102241260705357
 10
1730.527975585035
 20
254.7304587926242
 10
1731.455152280337
 20
255.6576820973346
 42
0.198912367378959
 10
1731.52837558504
 20
255.8344587926308
 10
1731.52837558504
 20
258.9272587926294
 42
-0.180841667596414
 10
1731.601675585029
 20
259.1040587926304
 10
1733.081498889734
 20
260.5839354879167
 42
-0.1989123673803572
 10
1733.25827558503
 20
260.6571587926205
 10
1742.678375585603
 20
260.6571584584185
 42
0.4160707413704657
 10
1742.928375585034
 20
260.9071587926205
 10
1742.928375585034
 20
261.0536587926231
 42
0.1989123673789588
 10
1742.855152280331
 20
261.2304354879193
 10
1742.501675585037
 20
261.5839587926216
 42
0.3328340486306098
 10
1742.324875585036
 20
261.6571587926205
 10
1731.778375585039
 20
261.6571587926205
 42
-0.4142135623730951
 10
1731.52837558504
 20
261.9071587926205
 10
1731.52837558504
 20
266.4071587926205
 42
-0.4142135623730951
 10
1731.778375585039
 20
266.6571587926205
 10
1742.324875585036
 20
266.6571587926205
 42
0.1970191664056957
 10
1742.501675585037
 20
266.7304587926242
  0
LWPOLYLINE
  5
4FB
330
4F3
100
AcDbEntity
  8
0
 62
   251
420
  6513766
100
AcDbPolyline
 90
        4
 70
     1
 43
0.0
 10
1722.878375585031
 20
274.1571586260998
 10
1730.527952280332
 20
274.1571586260998
 10
1730.527952280332
 20
273.6602167227143
 10
1722.878375585031
 20
273.6602167227143
  0
HATCH
  5
4FC
330
4F3
100
AcDbEntity
  8
0
 62
   251
420
  6513766
100
AcDbHatch
 10
0.0
 20
0.0
 30
0.0
210
0.0
220
0.0
230
1.0
  2
SOLID
 70
     1
 71
     0
 91
        1
 92
        1
 93
       10
 72
     1
 10
1730.527952280332
 20
274.1571586260998
 11
1722.878375585031
 21
274.1571586260998
 72
     1
 10
1722.878375585031
 20
274.1571586260998
 11
1722.878375585031
 21
273.6602167227143
 72
     1
 10
1722.878375585031
 20
273.6602167227143
 11
1725.499504573087
 21
273.6602167227143
 72
     2
 10
1725.522753175014
 20
273.4207328376601
 40
0.2406097019909945
 50
264.4552185064043
 51
275.5447814935957
 73
     0
 72
     1
 10
1725.546001776941
 20
273.6602167227143
 11
1727.916990928114
 21
273.6602167227143
 72
     2
 10
1727.936953113652
 20
273.4198018725433
 40
0.2412421792187349
 50
265.2534906646148
 51
274.7465093354928
 73
     0
 72
     1
 10
1727.956915299191
 20
273.6602167227143
 11
1729.129193076327
 21
273.6602167227143
 72
     2
 10
1729.144053036881
 20
273.4186371197052
 40
0.2420362018742161
 50
266.4800768841351
 51
273.5199231159723
 73
     0
 72
     1
 10
1729.158912997436
 20
273.6602167227143
 11
1730.527952280332
 21
273.6602167227143
 72
     1
 10
1730.527952280332
 20
273.6602167227143
 11
1730.527952280332
 21
274.1571586260998
 97
        0
 75
     1
 76
     1
 98
        1
 10
1727.135515277934
 20
273.8379557655062
450
        0
451
        0
460
0.0
461
0.0
452
        0
462
0.0
453
        0
470

1001
GradientColor1ACI
1070
     5
1001
GradientColor2ACI
1070
     2
1001
ACAD
1010
0.0
1020
0.0
1030
0.0
  0
HATCH
  5
4FD
330
4F3
100
AcDbEntity
  8
0
 62
   251
420
  6513766
100
AcDbHatch
 10
0.0
 20
0.0
 30
0.0
210
0.0
220
0.0
230
1.0
  2
SOLID
 70
     1
 71
     0
 91
        1
 92
        1
 93
       10
 72
     1
 10
1730.527952280332
 20
254.157158959144
 11
1722.878375585031
 21
254.157158959144
 72
     1
 10
1722.878375585031
 20
254.157158959144
 11
1722.878375585031
 21
254.6541008625295
 72
     1
 10
1722.878375585031
 20
254.6541008625295
 11
1725.499504573087
 21
254.6541008625295
 72
     2
 10
1725.522753175014
 20
254.8935847475836
 40
0.2406097019909945
 50
264.4552185064043
 51
275.5447814935957
 73
     1
 72
     1
 10
1725.546001776941
 20
254.6541008625295
 11
1727.916990928114
 21
254.6541008625295
 72
     2
 10
1727.936953113652
 20
254.8945157127004
 40
0.2412421792187349
 50
265.2534906646148
 51
274.7465093354928
 73
     1
 72
     1
 10
1727.956915299191
 20
254.6541008625295
 11
1729.129193076327
 21
254.6541008625295
 72
     2
 10
1729.144053036881
 20
254.8956804655386
 40
0.2420362018742161
 50
266.4800768841351
 51
273.5199231159723
 73
     1
 72
     1
 10
1729.158912997436
 20
254.6541008625295
 11
1730.527952280332
 21
254.6541008625295
 72
     1
 10
1730.527952280332
 20
254.6541008625295
 11
1730.527952280332
 21
254.157158959144
 97
        0
 75
     1
 76
     1
 98
        1
 10
1727.135515277934
 20
254.4763618197376
450
        0
451
        0
460
0.0
461
0.0
452
        0
462
0.0
453
        0
470

1001
GradientColor1ACI
1070
     5
1001
GradientColor2ACI
1070
     2
1001
ACAD
1010
0.0
1020
0.0
1030
0.0
  0
LWPOLYLINE
  5
4FE
330
4F3
100
AcDbEntity
  8
0
 62
   251
420
  6513766
100
AcDbPolyline
 90
        4
 70
     1
 43
0.0
 10
1722.878375585031
 20
254.157158959144
 10
1730.527952280332
 20
254.157158959144
 10
1730.527952280332
 20
254.6541008625295
 10
1722.878375585031
 20
254.6541008625295
  0
ENDBLK
  5
4FF
330
4F3
100
AcDbEntity
  8
0
100
AcDbBlockEnd
  0
BLOCK
  5
517
330
516
100
AcDbEntity
  8
0
100
AcDbBlockBegin
  2
E50 M 10
 70
     0
 10
0.0
 20
0.0
 30
0.0
  3
E50 M 10
  1

  0
HATCH
  5
518
330
516
100
AcDbEntity
  8
PROFİL HATCH
100
AcDbHatch
 10
0.0
 20
0.0
 30
0.0
210
0.0
220
0.0
230
1.0
  2
SOLID
 70
     1
 71
     1
 91
        3
 92
        1
 93
      109
 72
     1
 10
328.8121659057805
 20
299.9325099013084
 11
328.5121659497804
 21
299.6325122735085
 72
     1
 10
328.5121659497804
 20
299.6325122735085
 11
328.5121659497804
 21
294.3913491986085
 72
     2
 10
329.0121625305364
 20
294.3913447660748
 40
0.4999965807756804
 50
179.9994920655826
 51
270.000347850093
 73
     1
 72
     1
 10
329.0121655660803
 20
293.8913481853084
 11
329.3050590651804
 21
293.8913481853084
 72
     2
 10
329.3050629263118
 20
294.3913518756306
 40
0.500003690337125
 50
269.9995575501983
 51
314.9989419823417
 73
     1
 72
     1
 10
329.6586123975804
 20
294.0377893469084
 11
330.3657190623805
 21
294.7449015996084
 72
     2
 10
330.0121747976815
 20
295.0984514083836
 40
0.4999910143058714
 50
314.9995507639137
 51
360.0002970638844
 73
     1
 72
     1
 10
330.5121658119806
 20
295.0984540007086
 11
330.5121658119805
 21
295.8913447878084
 72
     1
 10
330.5121658119805
 20
295.8913447878084
 11
330.2121658558805
 21
295.8913447878084
 72
     2
 10
330.2121681890254
 20
296.1913473098552
 40
0.3000025220559113
 50
90.00044559411575
 51
180.0004882042961
 73
     0
 72
     1
 10
329.9121656669803
 20
296.1913498661083
 11
329.9121656669803
 21
297.9704144022086
 72
     2
 10
330.2121722031474
 20
297.9704127745213
 40
0.3000065361714336
 50
180.0003108586049
 51
236.7659806248915
 73
     0
 72
     1
 10
330.0477506341805
 20
298.2213499567084
 11
331.0121656610804
 21
298.8532485983086
 72
     1
 10
331.0121656610804
 20
298.8532485983086
 11
331.0121656610804
 21
299.2425116322085
 72
     1
 10
331.0121656610804
 20
299.2425116322085
 11
330.5121658119805
 21
299.5325105808084
 72
     1
 10
330.5121658119805
 20
299.5325105808084
 11
331.0121656610804
 21
299.8225095293084
 72
     1
 10
331.0121656610804
 20
299.8225095293084
 11
331.0121656610804
 21
301.0425122998084
 72
     1
 10
331.0121656610804
 20
301.0425122998084
 11
330.5121658119805
 21
301.3325112483084
 72
     1
 10
330.5121658119805
 20
301.3325112483084
 11
331.0121656610804
 21
301.6225101969086
 72
     1
 10
331.0121656610804
 20
301.6225101969086
 11
331.0121656610804
 21
302.8425129673084
 72
     1
 10
331.0121656610804
 20
302.8425129673084
 11
330.5121658119805
 21
303.1325119159086
 72
     1
 10
330.5121658119805
 20
303.1325119159086
 11
331.0121656610804
 21
303.4225108645086
 72
     1
 10
331.0121656610804
 20
303.4225108645086
 11
331.0121656610804
 21
304.6425136349086
 72
     1
 10
331.0121656610804
 20
304.6425136349086
 11
330.5121658119805
 21
304.9325125835086
 72
     1
 10
330.5121658119805
 20
304.9325125835086
 11
331.0121656610804
 21
305.2225115321086
 72
     1
 10
331.0121656610804
 20
305.2225115321086
 11
331.0121656610804
 21
306.0280385039086
 72
     1
 10
331.0121656610804
 20
306.0280385039086
 11
333.0983726551805
 21
307.2325142643084
 72
     1
 10
333.0983726551805
 20
307.2325142643084
 11
335.5121657001803
 21
305.8325129173085
 72
     1
 10
335.5121657001803
 20
305.8325129173085
 11
335.0121658510805
 21
305.5425139687085
 72
     1
 10
335.0121658510805
 20
305.5425139687085
 11
335.0121658510805
 21
304.3225111983085
 72
     1
 10
335.0121658510805
 20
304.3225111983085
 11
335.5121657001803
 21
304.0325122497085
 72
     1
 10
335.5121657001803
 20
304.0325122497085
 11
335.0121658510805
 21
303.7425133011085
 72
     1
 10
335.0121658510805
 20
303.7425133011085
 11
335.0121658510805
 21
302.5225105307085
 72
     1
 10
335.0121658510805
 20
302.5225105307085
 11
335.5121657001803
 21
302.2325115821085
 72
     1
 10
335.5121657001803
 20
302.2325115821085
 11
335.0121658510805
 21
301.9425126335085
 72
     1
 10
335.0121658510805
 20
301.9425126335085
 11
335.0121658510805
 21
300.7125111840086
 72
     1
 10
335.0121658510805
 20
300.7125111840086
 11
335.5121657001803
 21
300.4325109145085
 72
     1
 10
335.5121657001803
 20
300.4325109145085
 11
335.0121658510805
 21
300.1425119660086
 72
     1
 10
335.0121658510805
 20
300.1425119660086
 11
335.0121658510805
 21
298.8532485983086
 72
     1
 10
335.0121658510805
 20
298.8532485983086
 11
335.9765808778805
 21
298.2213499567084
 72
     2
 10
335.8121592954075
 20
297.9704127672238
 40
0.3000065496774216
 50
303.234020768808
 51
359.9996877477303
 73
     0
 72
     1
 10
336.1121658450804
 20
297.9704144022086
 11
336.1121658450807
 21
296.1913498661083
 72
     2
 10
335.8121632838516
 20
296.1913473490387
 40
0.3000025612396235
 50
359.9995192791855
 51
449.9995469224268
 73
     0
 72
     1
 10
335.8121656561805
 20
295.8913447878084
 11
335.5121657001803
 21
295.8913447878084
 72
     1
 10
335.5121657001803
 20
295.8913447878084
 11
335.5121657001803
 21
295.0984540007086
 72
     2
 10
336.0121577505416
 20
295.0984518375362
 40
0.4999920503659224
 50
179.999752114763
 51
225.0004000574071
 73
     1
 72
     1
 10
335.6586124497805
 20
294.7449015996084
 11
336.3657191144804
 21
294.0377893469084
 72
     2
 10
336.7192688074228
 20
294.3913524108183
 40
0.5000042255232647
 50
225.001083419863
 51
270.0004170475881
 73
     1
 72
     1
 10
336.7192724468804
 20
293.8913481853084
 11
337.0121659460805
 21
293.8913481853084
 72
     2
 10
337.0121688312052
 20
294.3913449164936
 40
0.4999967311935869
 50
269.9996693868978
 51
360.0004906974239
 73
     1
 72
     1
 10
337.5121655623805
 20
294.3913491986085
 11
337.5121655623805
 21
299.6325122735085
 72
     1
 10
337.5121655623805
 20
299.6325122735085
 11
337.2121656062804
 21
299.9325099013084
 72
     1
 10
337.2121656062804
 20
299.9325099013084
 11
337.5121655623805
 21
300.2325075290086
 72
     1
 10
337.5121655623805
 20
300.2325075290086
 11
337.5121655623806
 21
312.2325094960085
 72
     2
 10
347.0121705831955
 20
312.2325088262945
 40
9.500005020814935
 50
180.0000040391326
 51
269.9999734930864
 73
     0
 72
     1
 10
347.0121661881805
 20
321.7325138471084
 11
355.2121652970805
 21
321.7325138471086
 72
     2
 10
355.2121613503758
 20
320.7325097365098
 40
1.000004110606652
 50
270.0002261285884
 51
359.9998805961636
 73
     0
 72
     1
 10
356.2121654609803
 20
320.7325118205084
 11
356.2121654609804
 21
316.8325128577087
 72
     2
 10
355.2121656733052
 20
316.8325106187861
 40
0.9999997876776712
 50
359.9998717191667
 51
450.0000215560955
 73
     0
 72
     1
 10
355.2121652970805
 20
315.8325108311086
 11
349.6121654967804
 21
315.8325108311084
 72
     2
 10
349.6121657004406
 20
314.2325105514454
 40
1.600000279663004
 50
90.00000729304012
 51
179.9998926541201
 73
     1
 72
     1
 10
348.0121654207804
 20
314.2325135491084
 11
348.0121654207804
 21
311.0325115344084
 72
     2
 10
349.0121683994303
 20
311.032512486557
 40
1.00000297865034
 50
180.0000545539327
 51
269.9998920865914
 73
     1
 72
     1
 10
349.0121665159804
 20
310.0325095079085
 11
350.0121666798805
 21
310.0325095079085
 72
     2
 10
350.0121630335727
 20
311.0325124033313
 40
1.000002895429527
 50
270.0002089174422
 51
351.786731891882
 73
     1
 72
     2
 10
350.7049910616103
 20
310.9325122254034
 40
0.2999952440346676
 50
351.7864213492714
 51
450.000803152464
 73
     1
 72
     1
 10
350.7049868563805
 20
311.2325074694084
 11
349.5121656666805
 21
311.2325074694084
 72
     1
 10
349.5121656666805
 20
311.2325074694084
 11
349.5121656666805
 21
314.2325135491084
 72
     1
 10
349.5121656666805
 20
314.2325135491084
 11
352.7121658186803
 21
314.2325135491084
 72
     1
 10
352.7121658186803
 20
314.2325135491084
 11
353.0121653089805
 21
314.5325111768085
 72
     1
 10
353.0121653089805
 20
314.5325111768085
 11
353.3121666620805
 21
314.2325135491084
 72
     1
 10
353.3121666620805
 20
314.2325135491084
 11
356.5121649513804
 21
314.2325135491084
 72
     1
 10
356.5121649513804
 20
314.2325135491084
 11
356.5121649513804
 21
311.2325074694084
 72
     1
 10
356.5121649513804
 20
311.2325074694084
 11
355.3193456242805
 21
311.2325074694084
 72
     2
 10
355.319340353667
 20
310.9325123094067
 40
0.2999951600480422
 50
89.99899337073264
 51
188.2135972056635
 73
     1
 72
     2
 10
356.0121685075807
 20
311.0325124366984
 40
1.000002928793612
 50
188.213269772666
 51
269.9998449122193
 73
     1
 72
     1
 10
356.0121658007804
 20
310.0325095079085
 11
357.7121666381805
 21
310.0325095079085
 72
     2
 10
357.7121631275046
 20
310.3325125089708
 40
0.3000030010828917
 50
270.0006704829834
 51
360.0003967192082
 73
     1
 72
     1
 10
358.0121661285804
 20
310.3325145862085
 11
358.0121661285805
 21
429.7325109837085
 72
     2
 10
357.7121655424869
 20
429.7325104119162
 40
0.3000005860941193
 50
0.0001092040444523
 51
89.99979073834206
 73
     1
 72
     1
 10
357.7121666381805
 20
430.0325109980083
 11
308.3121648738804
 21
430.0325109980083
 72
     2
 10
308.3121659901995
 20
429.7325103912906
 40
0.3000006067198079
 50
90.00021320081989
 51
179.999886856765
 73
     1
 72
     1
 10
308.0121653834804
 20
429.7325109837085
 11
308.0121653834805
 21
310.3325145862085
 72
     2
 10
308.3121682418202
 20
310.3325123662377
 40
0.3000028583479375
 50
179.9995760208406
 51
269.9993567770138
 73
     1
 72
     1
 10
308.3121648738804
 20
310.0325095079087
 11
310.0121657113805
 21
310.0325095079085
 72
     2
 10
310.0121630101654
 20
311.0325124302645
 40
1.00000292235968
 50
270.0001547677739
 51
351.7867305496587
 73
     1
 72
     2
 10
310.7049909110894
 20
310.9325120951347
 40
0.2999953743162906
 50
351.7864500592858
 51
450.0009593770407
 73
     1
 72
     1
 10
310.7049858878804
 20
311.2325074694088
 11
309.5121665606805
 21
311.2325074694084
 72
     1
 10
309.5121665606805
 20
311.2325074694084
 11
309.5121665606805
 21
314.2325135491084
 72
     1
 10
309.5121665606805
 20
314.2325135491084
 11
312.7121648500804
 21
314.2325135491084
 72
     1
 10
312.7121648500804
 20
314.2325135491084
 11
313.0121662030805
 21
314.5325111768085
 72
     1
 10
313.0121662030805
 20
314.5325111768085
 11
313.3121656934804
 21
314.2325135491084
 72
     1
 10
313.3121656934804
 20
314.2325135491084
 11
316.5121658454804
 21
314.2325135491084
 72
     1
 10
316.5121658454804
 20
314.2325135491084
 11
316.5121658454804
 21
311.2325074694084
 72
     1
 10
316.5121658454804
 20
311.2325074694084
 11
315.3193446556804
 21
311.2325074694084
 72
     2
 10
315.319340289405
 20
310.9325123650588
 40
0.2999951043814794
 50
89.9991660892071
 51
188.2136094601191
 73
     1
 72
     2
 10
316.0121684922235
 20
311.0325124189449
 40
1.000002911043202
 50
188.213268885947
 51
269.9997902955917
 73
     1
 72
     1
 10
316.0121648321805
 20
310.0325095079085
 11
317.0121649960803
 21
310.0325095079085
 72
     2
 10
317.0121631435034
 20
311.0325124556843
 40
1.000002947777498
 50
270.0001061445296
 51
359.9999472149381
 73
     1
 72
     1
 10
318.0121660912805
 20
311.0325115344084
 11
318.0121660912805
 21
314.2325135491084
 72
     2
 10
316.4121658250488
 20
314.232510564874
 40
1.600000266234415
 50
0.0001068650032846
 51
89.99999318425258
 73
     1
 72
     1
 10
316.4121660153804
 20
315.8325108311084
 11
310.8121662149805
 21
315.8325108311084
 72
     2
 10
310.8121658457613
 20
316.8325106257916
 40
0.9999997946832875
 50
89.99997884529006
 51
180.0001278794502
 73
     0
 72
     1
 10
309.8121660510805
 20
316.8325128577087
 11
309.8121660510805
 21
320.7325118205084
 72
     2
 10
310.8121702162307
 20
320.732509681964
 40
1.000004165152474
 50
180.0001225290614
 51
269.9997707462086
 73
     0
 72
     1
 10
310.8121662149805
 20
321.7325138471084
 11
319.0121653238805
 21
321.7325138471084
 72
     2
 10
319.0121608647686
 20
312.2325087620976
 40
9.500005085011842
 50
270.00002689349
 51
359.9999955736872
 73
     0
 72
     1
 10
328.5121659497804
 20
312.2325094960085
 11
328.5121659497804
 21
300.2325075290086
 72
     1
 10
328.5121659497804
 20
300.2325075290086
 11
328.8121659057805
 21
299.9325099013084
 97
        1
330
519
 92
       16
 93
       29
 72
     1
 10
309.8121660510805
 20
423.0325107819083
 11
310.0121657113805
 21
423.0325107819083
 72
     2
 10
310.0121653290238
 20
424.0325113281651
 40
1.0000005462568
 50
270.000021907419
 51
359.9999780925874
 73
     1
 72
     1
 10
311.0121658752804
 20
424.0325109458083
 11
311.0121658752804
 21
428.0325109030084
 72
     1
 10
311.0121658752804
 20
428.0325109030084
 11
355.0121656368805
 21
428.0325109030084
 72
     1
 10
355.0121656368805
 20
428.0325109030084
 11
355.0121656368806
 21
424.0325109458083
 72
     2
 10
356.0121661829833
 20
424.0325113280112
 40
1.000000546102812
 50
180.0000218986027
 51
269.9999781013973
 73
     1
 72
     1
 10
356.0121658007804
 20
423.0325107819086
 11
356.2121654609804
 21
423.0325107819083
 72
     1
 10
356.2121654609804
 20
423.0325107819083
 11
356.2121654609804
 21
378.3825100384084
 72
     1
 10
356.2121654609804
 20
378.3825100384084
 11
356.0121658007804
 21
378.3825100384087
 72
     2
 10
356.0121349761942
 20
377.3825406991506
 40
0.9999693397331219
 50
89.99823382715446
 51
180.0016594536584
 73
     1
 72
     1
 10
355.0121656368805
 20
377.3825117371085
 11
355.0121656368806
 21
374.3825093827084
 72
     2
 10
356.0121656964259
 20
374.3825111409555
 40
1.000000059546902
 50
180.0001007401286
 51
270.0000059790696
 73
     1
 72
     1
 10
356.0121658007804
 20
373.3825110814084
 11
356.2121654609804
 21
373.3825110814084
 72
     1
 10
356.2121654609804
 20
373.3825110814084
 11
356.2121654609804
 21
328.7325131318086
 72
     1
 10
356.2121654609804
 20
328.7325131318086
 11
356.0121658007804
 21
328.7325131318086
 72
     2
 10
356.0121691009342
 20
327.7325096677593
 40
1.000003464054701
 50
90.00018908422743
 51
179.9999176347897
 73
     1
 72
     1
 10
355.0121656368805
 20
327.7325111053084
 11
355.0121656368805
 21
323.7325104496084
 72
     1
 10
355.0121656368805
 20
323.7325104496084
 11
311.0121658752804
 21
323.7325104496084
 72
     1
 10
311.0121658752804
 20
323.7325104496084
 11
311.0121658752804
 21
327.7325111053084
 72
     2
 10
310.012162413246
 20
327.7325096697786
 40
1.000003462035415
 50
0.0000822495131322
 51
89.99981103146946
 73
     1
 72
     1
 10
310.0121657113805
 20
328.7325131318086
 11
309.8121660510805
 21
328.7325131318086
 72
     1
 10
309.8121660510805
 20
328.7325131318086
 11
309.8121660510805
 21
373.3825110814084
 72
     1
 10
309.8121660510805
 20
373.3825110814084
 11
310.0121657113805
 21
373.3825110814084
 72
     2
 10
310.0121658192362
 20
374.3825111374543
 40
1.00000005604574
 50
269.9999938203224
 51
359.9998994604758
 73
     1
 72
     1
 10
311.0121658752804
 20
374.3825093827084
 11
311.0121658752804
 21
377.3825117371085
 72
     2
 10
310.0121672542229
 20
377.3825114173521
 40
0.9999986210576082
 50
0.0000183207204594
 51
90.00008839847811
 73
     1
 72
     1
 10
310.0121657113805
 20
378.3825100384084
 11
309.8121660510805
 21
378.3825100384084
 72
     1
 10
309.8121660510805
 20
378.3825100384084
 11
309.8121660510805
 21
407.0269046243082
 72
     1
 10
309.8121660510805
 20
407.0269046243082
 11
309.8121660510805
 21
423.0325107819083
 97
        1
330
51D
 92
       16
 93
       10
 72
     1
 10
330.1121657929805
 20
309.3325125596085
 11
330.1121657929805
 21
312.2325094960085
 72
     2
 10
319.0121656258229
 20
312.2325108862323
 40
11.10000016715767
 50
359.9999928239679
 51
413.7509838746626
 73
     1
 72
     2
 10
325.7529408429704
 20
321.4260962936728
 40
0.3000026035496177
 50
126.2493612602761
 51
269.9994484393298
 73
     0
 72
     1
 10
325.7529379549804
 20
321.7260988972086
 11
340.2713935571804
 21
321.7260988972086
 72
     2
 10
340.2713908144907
 20
321.4260963412327
 40
0.3000025559884168
 50
270.0005238107126
 51
413.7506664892671
 73
     0
 72
     2
 10
347.0121658823903
 20
312.2325108882325
 40
11.10000016321019
 50
126.2490161149985
 51
180.000007186357
 73
     1
 72
     1
 10
335.9121657191802
 20
312.2325094960085
 11
335.9121657191804
 21
309.3325125596085
 72
     2
 10
335.6121601701236
 20
309.3325130303135
 40
0.3000055490572036
 50
0.0000898963709126
 51
89.99893184368728
 73
     0
 72
     1
 10
335.6121657630804
 20
309.0325074813085
 11
330.4121657489805
 21
309.0325074813085
 72
     2
 10
330.4121709657676
 20
309.3325126540503
 40
0.3000051727872195
 50
90.00099631578512
 51
179.9999819632527
 73
     0
 97
        1
330
51C
 75
     1
 76
     1
 98
        1
 10
0.0
 20
0.0
450
        0
451
        0
460
0.0
461
0.0
452
        0
462
0.0
453
        0
470

1001
GradientColor1ACI
1070
     5
1001
GradientColor2ACI
1070
     2
1001
ACAD
1010
0.0
1020
0.0
1030
0.0
  0
LWPOLYLINE
  5
519
102
{ACAD_REACTORS
330
518
102
}
330
516
100
AcDbEntity
  8
olculendırme
370
    -2
100
AcDbPolyline
 90
      109
 70
     1
 43
0.0
 10
328.8121659057805
 20
299.9325099013084
 10
328.5121659497804
 20
299.6325122735085
 10
328.5121659497804
 20
294.3913491986085
 42
0.4142179371083667
 10
329.0121655660803
 20
293.8913481853084
 10
329.3050590651804
 20
293.8913481853084
 42
0.1989095751881614
 10
329.6586123975804
 20
294.0377893469084
 10
330.3657190623805
 20
294.7449015996084
 42
0.1989157525708511
 10
330.5121658119806
 20
295.0984540007086
 10
330.5121658119805
 20
295.8913447878084
 10
330.2121658558805
 20
295.8913447878084
 42
-0.4142137801942676
 10
329.9121656669803
 20
296.1913498661083
 10
329.9121656669803
 20
297.9704144022086
 42
-0.2528795219909483
 10
330.0477506341805
 20
298.2213499567084
 10
331.0121656610804
 20
298.8532485983086
 10
331.0121656610804
 20
299.2425116322085
 10
330.5121658119805
 20
299.5325105808084
 10
331.0121656610804
 20
299.8225095293084
 10
331.0121656610804
 20
301.0425122998084
 10
330.5121658119805
 20
301.3325112483084
 10
331.0121656610804
 20
301.6225101969086
 10
331.0121656610804
 20
302.8425129673084
 10
330.5121658119805
 20
303.1325119159086
 10
331.0121656610804
 20
303.4225108645086
 10
331.0121656610804
 20
304.6425136349086
 10
330.5121658119805
 20
304.9325125835086
 10
331.0121656610804
 20
305.2225115321086
 10
331.0121656610804
 20
306.0280385039086
 10
333.0983726551805
 20
307.2325142643084
 10
335.5121657001803
 20
305.8325129173085
 10
335.0121658510805
 20
305.5425139687085
 10
335.0121658510805
 20
304.3225111983085
 10
335.5121657001803
 20
304.0325122497085
 10
335.0121658510805
 20
303.7425133011085
 10
335.0121658510805
 20
302.5225105307085
 10
335.5121657001803
 20
302.2325115821085
 10
335.0121658510805
 20
301.9425126335085
 10
335.0121658510805
 20
300.7125111840086
 10
335.5121657001803
 20
300.4325109145085
 10
335.0121658510805
 20
300.1425119660086
 10
335.0121658510805
 20
298.8532485983086
 10
335.9765808778805
 20
298.2213499567084
 42
-0.2528795090510297
 10
336.1121658450804
 20
297.9704144022086
 10
336.1121658450807
 20
296.1913498661083
 42
-0.4142137036839979
 10
335.8121656561805
 20
295.8913447878084
 10
335.5121657001803
 20
295.8913447878084
 10
335.5121657001803
 20
295.0984540007086
 42
0.1989153064251398
 10
335.6586124497805
 20
294.7449015996084
 10
336.3657191144804
 20
294.0377893469084
 42
0.1989093447414632
 10
336.7192724468804
 20
293.8913481853084
 10
337.0121659460805
 20
293.8913481853084
 42
0.414217760878513
 10
337.5121655623805
 20
294.3913491986085
 10
337.5121655623805
 20
299.6325122735085
 10
337.2121656062804
 20
299.9325099013084
 10
337.5121655623805
 20
300.2325075290086
 10
337.5121655623806
 20
312.2325094960085
 42
-0.4142134062232109
 10
347.0121661881805
 20
321.7325138471084
 10
355.2121652970805
 20
321.7325138471086
 42
-0.4142117960293648
 10
356.2121654609803
 20
320.7325118205084
 10
356.2121654609804
 20
316.8325128577087
 42
-0.4142143283323451
 10
355.2121652970805
 20
315.8325108311086
 10
349.6121654967804
 20
315.8325108311084
 42
0.4142129763446725
 10
348.0121654207804
 20
314.2325135491084
 10
348.0121654207804
 20
311.0325115344084
 42
0.4142127318482469
 10
349.0121665159804
 20
310.0325095079085
 10
350.0121666798805
 20
310.0325095079085
 42
0.3728233696925132
 10
351.0019090747817
 20
310.8896538551848
 42
0.4568564281533189
 10
350.7049868563805
 20
311.2325074694084
 10
349.5121656666805
 20
311.2325074694084
 10
349.5121656666805
 20
314.2325135491084
 10
352.7121658186803
 20
314.2325135491084
 10
353.0121653089805
 20
314.5325111768085
 10
353.3121666620805
 20
314.2325135491084
 10
356.5121649513804
 20
314.2325135491084
 10
356.5121649513804
 20
311.2325074694084
 10
355.3193456242805
 20
311.2325074694084
 42
0.4568575991550685
 10
355.0224224375002
 20
310.8896538550315
 42
0.3728236289433837
 10
356.0121658007804
 20
310.0325095079085
 10
357.7121666381805
 20
310.0325095079085
 42
0.4142121629067756
 10
358.0121661285804
 20
310.3325145862085
 10
358.0121661285805
 20
429.7325109837085
 42
0.4142119343929583
 10
357.7121666381805
 20
430.0325109980083
 10
308.3121648738804
 20
430.0325109980083
 42
0.414211894119253
 10
308.0121653834804
 20
429.7325109837085
 10
308.0121653834805
 20
310.3325145862085
 42
0.4142124416098337
 10
308.3121648738804
 20
310.0325095079087
 10
310.0121657113805
 20
310.0325095079085
 42
0.3728236321356542
 10
311.0019090746817
 20
310.8896538550847
 42
0.4568571006686481
 10
310.7049858878804
 20
311.2325074694088
 10
309.5121665606805
 20
311.2325074694084
 10
309.5121665606805
 20
314.2325135491084
 10
312.7121648500804
 20
314.2325135491084
 10
313.0121662030805
 20
314.5325111768085
 10
313.3121656934804
 20
314.2325135491084
 10
316.5121658454804
 20
314.2325135491084
 10
316.5121658454804
 20
311.2325074694084
 10
315.3193446556804
 20
311.2325074694084
 42
0.4568567528631324
 10
315.0224224375004
 20
310.8896538551313
 42
0.3728233619157605
 10
316.0121648321805
 20
310.0325095079085
 10
317.0121649960803
 20
310.0325095079085
 42
0.4142127499330403
 10
318.0121660912805
 20
311.0325115344084
 10
318.0121660912805
 20
314.2325135491084
 42
0.4142129812427845
 10
316.4121660153804
 20
315.8325108311084
 10
310.8121662149805
 20
315.8325108311084
 42
-0.4142143242286286
 10
309.8121660510805
 20
316.8325128577087
 10
309.8121660510805
 20
320.7325118205084
 42
-0.4142117640775235
 10
310.8121662149805
 20
321.7325138471084
 10
319.0121653238805
 20
321.7325138471084
 42
-0.4142134022678066
 10
328.5121659497804
 20
312.2325094960085
 10
328.5121659497804
 20
300.2325075290086
  0
LWPOLYLINE
  5
51C
102
{ACAD_REACTORS
330
518
102
}
330
516
100
AcDbEntity
  8
olculendırme
370
    -2
100
AcDbPolyline
 90
       10
 70
     1
 43
0.0
 10
330.1121657929805
 20
309.3325125596085
 10
330.1121657929805
 20
312.2325094960085
 42
0.2389299279330017
 10
325.575549106092
 20
321.1841588351762
 42
-0.7248777863044569
 10
325.7529379549804
 20
321.7260988972086
 10
340.2713935571804
 20
321.7260988972086
 42
-0.7248781557104055
 10
340.4487824060707
 20
321.1841588351773
 42
0.23892992802831
 10
335.9121657191802
 20
312.2325094960085
 10
335.9121657191804
 20
309.3325125596085
 42
-0.4142076424768821
 10
335.6121657630804
 20
309.0325074813085
 10
330.4121657489805
 20
309.0325074813085
 42
-0.4142083770621336
  0
LWPOLYLINE
  5
51D
102
{ACAD_REACTORS
330
518
102
}
330
516
100
AcDbEntity
  8
olculendırme
370
    -2
100
AcDbPolyline
 90
       29
 70
     1
 43
0.0
 10
309.8121660510805
 20
423.0325107819083
 10
310.0121657113805
 20
423.0325107819083
 42
0.4142133383938393
 10
311.0121658752804
 20
424.0325109458083
 10
311.0121658752804
 20
428.0325109030084
 10
355.0121656368805
 20
428.0325109030084
 10
355.0121656368806
 20
424.0325109458083
 42
0.414213338483944
 10
356.0121658007804
 20
423.0325107819086
 10
356.2121654609804
 20
423.0325107819083
 10
356.2121654609804
 20
378.3825100384084
 10
356.0121658007804
 20
378.3825100384087
 42
0.4142310741164353
 10
355.0121656368805
 20
377.3825117371085
 10
355.0121656368806
 20
374.3825093827084
 42
0.4142130779592851
 10
356.0121658007804
 20
373.3825110814084
 10
356.2121654609804
 20
373.3825110814084
 10
356.2121654609804
 20
328.7325131318086
 10
356.0121658007804
 20
328.7325131318086
 42
0.4142121747375447
 10
355.0121656368805
 20
327.7325111053084
 10
355.0121656368805
 20
323.7325104496084
 10
311.0121658752804
 20
323.7325104496084
 10
311.0121658752804
 20
327.7325111053084
 42
0.4142121759204184
 10
310.0121657113805
 20
328.7325131318086
 10
309.8121660510805
 20
328.7325131318086
 10
309.8121660510805
 20
373.3825110814084
 10
310.0121657113805
 20
373.3825110814084
 42
0.4142130800102628
 10
311.0121658752804
 20
374.3825093827084
 10
311.0121658752804
 20
377.3825117371085
 42
0.4142139206072056
 10
310.0121657113805
 20
378.3825100384084
 10
309.8121660510805
 20
378.3825100384084
 10
309.8121660510805
 20
407.0269046243082
  0
ENDBLK
  5
51E
330
516
100
AcDbEntity
  8
0
100
AcDbBlockEnd
  0
BLOCK
  5
335
330
333
100
AcDbEntity
  8
0
370
    -2
100
AcDbBlockBegin
  2
E50 E 01
 70
     0
 10
0.0
 20
0.0
 30
0.0
  3
E50 E 01
  1

  0
HATCH
  5
336
330
333
100
AcDbEntity
  8
profiller
370
    -3
100
AcDbHatch
 10
0.0
 20
0.0
 30
0.0
210
0.0
220
0.0
230
1.0
  2
SOLID
 70
     1
 71
     1
 91
        1
 92
        1
 93
       16
 72
     1
 10
1537.102024988461
 20
407.0857302705706
 11
1485.259906703961
 21
407.0857302705706
 72
     2
 10
1485.25990670396
 20
407.3857302705711
 40
0.3000000000004093
 50
89.99999999973944
 51
134.9999999996392
 73
     0
 72
     1
 10
1485.047774669603
 20
407.1735982362135
 11
1480.098027201261
 21
412.1233457045707
 72
     2
 10
1479.390920420075
 20
411.4162389233706
 40
1.000000000008971
 50
45.00000000057805
 51
135.0000000005665
 73
     1
 72
     1
 10
1478.683813638875
 20
412.1233457045566
 11
1477.269600076561
 21
410.7091321421706
 72
     2
 10
1477.97670685776
 20
410.0020253609842
 40
1.000000000009332
 50
135.0000000005435
 51
225.0000000005595
 73
     1
 72
     1
 10
1477.269600076574
 20
409.2949185797841
 11
1482.219347544861
 21
404.3451711114705
 72
     2
 10
1485.259906703965
 20
407.3857302705693
 40
4.299999999999142
 50
224.999999999948
 51
269.9999999999424
 73
     1
 72
     1
 10
1485.259906703961
 20
403.0857302705703
 11
1537.102024988461
 21
403.0857302705705
 72
     2
 10
1537.10202498846
 20
407.3857302705702
 40
4.299999999999555
 50
270.000000000009
 51
315.0000000000048
 73
     1
 72
     1
 10
1540.142584147562
 20
404.3451711114686
 11
1545.092331615861
 21
409.2949185797706
 72
     2
 10
1544.385224834711
 20
410.0020253610074
 40
1.000000000009654
 50
314.9999999964903
 51
404.9999999964903
 73
     1
 72
     1
 10
1545.092331615947
 20
410.7091321421574
 11
1543.678118053561
 21
412.1233457045707
 72
     2
 10
1542.971011272374
 20
411.4162389233705
 40
1.000000000009534
 50
45.00000000055501
 51
135.0000000005458
 73
     1
 72
     1
 10
1542.263904491175
 20
412.1233457045568
 11
1537.314157022861
 21
407.1735982362707
 72
     2
 10
1537.102024988416
 20
407.3857302706513
 40
0.3000000000805841
 50
44.99999999129478
 51
89.99999999140181
 73
     0
 97
        1
330
337
 75
     1
 76
     1
 98
        1
 10
-3.766916234742892
 20
29.21536037518036
450
        0
451
        0
460
0.0
461
0.0
452
        0
462
0.0
453
        0
470

1001
GradientColor1ACI
1070
     5
1001
GradientColor2ACI
1070
     2
1001
ACAD
1010
0.0
1020
0.0
1030
0.0
  0
LWPOLYLINE
  5
337
102
{ACAD_REACTORS
330
336
102
}
330
333
100
AcDbEntity
  8
profiller
  6
Continuous
370
    -3
100
AcDbPolyline
 90
       16
 70
     1
 43
0.0
 10
1537.102024988461
 20
407.0857302705706
 10
1485.259906703961
 20
407.0857302705706
 42
-0.1989123673791984
 10
1485.047774669603
 20
407.1735982362135
 10
1480.098027201261
 20
412.1233457045707
 42
0.4142135623730481
 10
1478.683813638875
 20
412.1233457045566
 10
1477.269600076561
 20
410.7091321421706
 42
0.4142135623731421
 10
1477.269600076574
 20
409.2949185797841
 10
1482.219347544861
 20
404.3451711114705
 42
0.1989123673796371
 10
1485.259906703961
 20
403.0857302705703
 10
1537.102024988461
 20
403.0857302705705
 42
0.198912367379637
 10
1540.142584147562
 20
404.3451711114686
 10
1545.092331615861
 20
409.2949185797706
 42
0.4142135623731424
 10
1545.092331615947
 20
410.7091321421574
 10
1543.678118053561
 20
412.1233457045707
 42
0.4142135623730481
 10
1542.263904491175
 20
412.1233457045568
 10
1537.314157022861
 20
407.1735982362707
 42
-0.1989123673801176
  0
ENDBLK
  5
338
330
333
100
AcDbEntity
  8
0
370
    -2
100
AcDbBlockEnd
  0
BLOCK
  5
4EC
330
4EA
100
AcDbEntity
  8
0
370
    -2
100
AcDbBlockBegin
  2
E50 A 01
 70
     0
 10
0.0
 20
0.0
 30
0.0
  3
E50 A 01
  1

  0
HATCH
  5
4ED
330
4EA
100
AcDbEntity
  8
profiller
370
    -3
100
AcDbHatch
 10
0.0
 20
0.0
 30
0.0
210
0.0
220
0.0
230
1.0
  2
SOLID
 70
     1
 71
     1
 91
        2
 92
        1
 93
      221
 72
     1
 10
1412.890232272203
 20
356.940643973016
 11
1414.009451621003
 21
356.2073205778162
 72
     2
 10
1413.89625077075
 20
356.0380909764404
 40
0.2036003204309908
 50
303.7793057899879
 51
359.4535677996264
 73
     0
 72
     1
 10
1414.099841832002
 20
356.040032691616
 11
1414.099841832002
 21
354.2069961497159
 72
     2
 10
1413.800051352508
 20
354.2067889997937
 40
0.2997905510627357
 50
359.9604096354287
 51
450.0400350389171
 73
     0
 72
     1
 10
1413.799841875903
 20
353.9069985219162
 11
1413.699841813003
 21
353.9069985219162
 72
     2
 10
1413.699309969929
 20
353.7075304725084
 40
0.1994687584349739
 50
89.84723221904898
 51
180.1527010598286
 73
     1
 72
     1
 10
1413.499841919902
 20
353.7069988617159
 11
1413.499841919903
 21
353.1140928337159
 72
     2
 10
1413.988990994354
 20
353.1096093851739
 40
0.4891696212439956
 50
179.4748523524976
 51
225.5250509707309
 73
     1
 72
     1
 10
1413.646280054703
 20
352.760559059016
 11
1414.353403483303
 21
352.0534356305161
 72
     2
 10
1414.705614285169
 20
352.4037790230722
 40
0.4967825899312424
 50
224.8477065243387
 51
270.1525566851566
 73
     1
 72
     1
 10
1414.706937025103
 20
351.9069981941165
 11
1414.999841932903
 21
351.9069981941161
 72
     2
 10
1414.999990966957
 20
352.4068492412363
 40
0.4998510693379277
 50
269.9829168667004
 51
360.0167629636954
 73
     1
 72
     1
 10
1415.499842014902
 20
352.4069954821162
 11
1415.499841918102
 21
357.5238329943159
 72
     2
 10
1415.199841918102
 20
357.5238329943158
 40
0.2999999999997271
 50
0.0000000000108563
 51
44.9999999999309
 73
     1
 72
     1
 10
1415.411973952459
 20
357.7359650286713
 11
1415.199841593203
 21
357.9480965802158
 72
     1
 10
1415.199841593203
 20
357.9480965802158
 11
1415.411973127003
 21
358.160229510916
 72
     2
 10
1415.200654472891
 20
358.3720246208137
 40
0.2991868014340129
 50
314.9354809594512
 51
360.0646944182242
 73
     1
 72
     1
 10
1415.499841083603
 20
358.3723624417162
 11
1415.499841083603
 21
370.2480980375162
 72
     2
 10
1424.997214793713
 20
370.2507296099053
 40
9.497374074694237
 50
179.9841242440152
 51
270.0158757553847
 73
     0
 72
     1
 10
1424.999846366003
 20
379.7481033200161
 11
1433.199836370002
 21
379.7481029339652
 72
     2
 10
1433.199836370002
 20
378.7480987688159
 40
1.000004165149277
 50
270.0
 51
360.0
 73
     0
 72
     1
 10
1434.199840535152
 20
378.7480987688159
 11
1434.199840535186
 21
374.8480997126162
 72
     2
 10
1433.199840740503
 20
374.8480997126164
 40
0.9999997946833898
 50
0.0000000000032569
 51
89.99999391370888
 73
     0
 72
     1
 10
1433.199840846729
 20
373.8480999179329
 11
1431.124104917603
 21
373.8480996975172
 72
     2
 10
1431.124104538491
 20
371.7480994787824
 40
2.100000218734896
 50
89.99998965641637
 51
134.9999896564151
 73
     1
 72
     1
 10
1429.639180411403
 20
373.2330241420158
 11
1426.614917103903
 21
370.208760834616
 72
     2
 10
1428.07955401797
 20
368.732239312416
 40
2.079730053532883
 50
134.7684809588274
 51
180.2315112775497
 73
     1
 72
     1
 10
1425.999840942003
 20
368.7238359072162
 11
1425.999840942003
 21
366.6716125974158
 72
     2
 10
1426.992109857138
 20
366.6684097491773
 40
0.9922740842033698
 50
179.8150611730537
 51
225.1848554444762
 73
     1
 72
     1
 10
1426.292733509803
 20
365.9645059326162
 11
1428.345929120503
 21
363.9113103219161
 72
     2
 10
1429.053037647903
 20
364.617750455582
 40
0.9995299555168791
 50
224.9729078041596
 51
315.0270921958427
 73
     1
 72
     1
 10
1429.760146175303
 20
363.9113103219161
 11
1430.467249114803
 21
364.6184132614162
 72
     2
 10
1429.760333813178
 20
365.3255087017476
 40
0.9998565924217363
 50
314.9927007714867
 51
396.7940976431957
 73
     1
 72
     2
 10
1430.320755404803
 20
365.7447147929161
 40
0.2999951043622017
 50
36.78687707041799
 51
135.0000000000076
 73
     1
 72
     1
 10
1430.108626832186
 20
365.9568433655333
 11
1429.265172441303
 21
365.1133888581161
 72
     1
 10
1429.265172441303
 20
365.1133888581161
 11
1427.887709100503
 21
366.4908521989159
 72
     2
 10
1428.103065812303
 20
366.704320597101
 40
0.3032280830352627
 50
135.252297961914
 51
179.7473069864576
 73
     0
 72
     1
 10
1427.799840678303
 20
366.702983267016
 11
1427.799840678303
 21
368.7238359072162
 72
     2
 10
1428.097582033195
 20
368.7247719094489
 40
0.2977428261317968
 50
179.8198812492677
 51
225.1801580514158
 73
     0
 72
     1
 10
1427.887709100503
 20
368.9359688380159
 11
1430.911972408003
 21
371.9602321454158
 72
     2
 10
1431.123934026952
 20
371.7485130889658
 40
0.2995875277305902
 50
224.9671974513754
 51
270.0327631824735
 73
     0
 72
     1
 10
1431.124105338703
 20
372.0481005677161
 11
1433.899839629203
 21
372.0481005677161
 72
     2
 10
1433.902742251985
 20
371.7510018374984
 40
0.2971129090362799
 50
269.4402441784128
 51
360.5597558216089
 73
     0
 72
     1
 10
1434.199840982203
 20
371.7480992147161
 11
1434.199840982203
 21
370.1723219075161
 72
     2
 10
1433.915523319187
 20
370.1658256247549
 40
0.2843918690693423
 50
358.6910949221192
 51
406.3089443978848
 73
     0
 72
     1
 10
1434.111972560003
 20
369.960188976816
 11
1433.371464942403
 21
369.2196813592158
 72
     2
 10
1433.583228494929
 20
369.0075263273725
 40
0.2997558334962034
 50
134.9470886460497
 51
233.2659697644838
 73
     1
 72
     2
 10
1434.002837817813
 20
369.5674372199273
 40
0.9994497690839871
 50
233.1857039988575
 51
315.0275037052152
 73
     1
 72
     1
 10
1434.709894691403
 20
368.8610588380161
 11
1435.911973227503
 21
370.0631355115161
 72
     2
 10
1435.693791285889
 20
370.2777741257587
 40
0.3060606057142015
 50
315.4690469659102
 51
359.5312694136667
 73
     1
 72
     1
 10
1435.999841649803
 20
370.2752703049159
 11
1435.999841649803
 21
410.9480996796158
 72
     2
 10
1435.700679573284
 20
410.948938956097
 40
0.2991632537798875
 50
359.8392614645218
 51
450.1607385354782
 73
     1
 72
     1
 10
1435.699840296803
 20
411.248101032616
 11
1433.107019622602
 21
411.248101032616
 72
     2
 10
1433.104807722187
 20
411.5458886226003
 40
0.2977958046248645
 50
89.57442743702245
 51
180.425572563065
 73
     0
 72
     1
 10
1432.807020132203
 20
411.5481005230162
 11
1432.807020132203
 21
412.9481003651156
 72
     2
 10
1432.507798830149
 20
412.9488781966895
 40
0.2992223130465104
 50
359.8510588462308
 51
450.1490094696201
 73
     1
 72
     1
 10
1432.507020641803
 20
413.2480994978158
 11
1431.907019798403
 21
413.2480994978158
 72
     2
 10
1431.90639596272
 20
412.9487238431978
 40
0.2993763045883213
 50
89.88060786032757
 51
180.1193921587105
 73
     1
 72
     1
 10
1431.607020308102
 20
412.9481000074161
 11
1431.607020308103
 21
411.5481005230162
 72
     2
 10
1431.310466542152
 20
411.5446547985667
 40
0.296573783596305
 50
359.3342974963094
 51
450.6657025036906
 73
     0
 72
     1
 10
1431.307020817703
 20
411.248101032616
 11
1430.695723031402
 21
411.248101032616
 72
     2
 10
1430.693981539419
 20
411.5463590309321
 40
0.2982630824522092
 50
89.66546075070523
 51
180.3345392685024
 73
     0
 72
     1
 10
1430.395723541103
 20
411.5481005230162
 11
1430.395723541103
 21
412.9481000074161
 72
     2
 10
1430.096557376324
 20
412.9489333330367
 40
0.2991673253889033
 50
359.8404033505405
 51
450.1595966495465
 73
     1
 72
     1
 10
1430.095724050703
 20
413.2480994978158
 11
1429.495723207303
 21
413.2480994978158
 72
     2
 10
1429.494906630631
 20
412.9489165850617
 40
0.2991840271163269
 50
89.84361980984722
 51
180.1563118743972
 73
     1
 72
     1
 10
1429.195723716903
 20
412.9481003651156
 11
1429.195723716903
 21
411.5481005230162
 72
     2
 10
1428.896579304608
 20
411.5472454449109
 40
0.2991456343753807
 50
359.8362254779058
 51
450.1637745220941
 73
     0
 72
     1
 10
1428.895724226503
 20
411.248101032616
 11
1426.299840432403
 21
411.248101032616
 72
     2
 10
1426.298877293774
 20
410.9490646748606
 40
0.2990379087933728
 50
89.81546194545655
 51
180.184893784738
 73
     1
 72
     1
 10
1425.999840942004
 20
410.9480996796158
 11
1425.999840942003
 21
409.748099855416
 72
     2
 10
1426.29869087801
 20
409.7469503011243
 40
0.2988521469336176
 50
179.7796075004551
 51
270.2203925189108
 73
     1
 72
     1
 10
1426.299840432403
 20
409.448100365117
 11
1433.899841491903
 21
409.4481003651158
 72
     2
 10
1433.908964759237
 20
409.1572241421468
 40
0.2910192624132364
 50
268.2035196984854
 51
361.7964803205162
 73
     0
 72
     1
 10
1434.199840982203
 20
409.1481008747159
 11
1434.199841202803
 21
395.4069390425161
 72
     2
 10
1433.899841331853
 20
395.406938882466
 40
0.2999998709502023
 50
359.99996943266
 51
449.99996943266
 73
     0
 72
     1
 10
1433.899841491903
 20
395.1069390115158
 11
1417.799840636503
 21
395.1069390425164
 72
     2
 10
1417.799840520852
 20
395.406939083266
 40
0.3000000407496595
 50
89.9999779124834
 51
179.9999779124834
 73
     0
 72
     1
 10
1417.499840480103
 20
395.4069389676161
 11
1417.499840636502
 21
398.8069390425161
 72
     2
 10
1417.199840617153
 20
398.8069389493661
 40
0.3000000193496962
 50
0.0000177903369796
 51
90.000017790337
 73
     1
 72
     1
 10
1417.199840524003
 20
399.1069389687159
 11
1416.499840636503
 21
399.1069390425164
 72
     2
 10
1416.499840746053
 20
398.3069390402661
 40
0.8000000022502792
 50
90.00000784594087
 51
180.0000078459408
 73
     1
 72
     1
 10
1415.699840743803
 20
398.3069389307161
 11
1415.699840636504
 21
395.4069390425161
 72
     2
 10
1415.399840696653
 20
395.4069389513663
 40
0.2999999398505363
 50
359.9999825916696
 51
449.9999825916695
 73
     0
 72
     1
 10
1415.399840787803
 20
395.1069390115158
 11
1406.599841766803
 21
395.1069390115158
 72
     2
 10
1406.599841857954
 20
395.4069389513648
 40
0.2999999398489446
 50
90.00001740863433
 51
180.0000174086343
 73
     0
 72
     1
 10
1406.299841918105
 20
395.4069390425161
 11
1406.299841810703
 21
398.3069389307161
 72
     2
 10
1405.499841808503
 20
398.3069390403161
 40
0.800000002200257
 50
359.9999921504765
 51
449.9999921504765
 73
     1
 72
     1
 10
1405.499841918103
 20
399.1069390425164
 11
1404.799842030503
 21
399.1069389687159
 72
     2
 10
1404.799841937403
 20
398.8069389494165
 40
0.3000000192994465
 50
89.99998221925999
 51
179.99998221926
 73
     1
 72
     1
 10
1404.499841918104
 20
398.8069390425161
 11
1404.499842074503
 21
395.4069389676161
 72
     2
 10
1404.199842033753
 20
395.4069390832663
 40
0.3000000407498869
 50
0.000022087559994
 51
90.00002208755999
 73
     0
 72
     1
 10
1404.199841918102
 20
395.1069390425164
 11
1388.099841062703
 21
395.1069390115158
 72
     2
 10
1388.099841222753
 20
395.4069388824662
 40
0.2999998709504297
 50
90.00003056729658
 51
180.0000305672964
 73
     0
 72
     1
 10
1387.799841351802
 20
395.4069390425161
 11
1387.799841572302
 21
409.1481008747159
 72
     2
 10
1388.099354033641
 20
409.1485879037774
 40
0.2995128573103704
 50
179.906832974466
 51
270.0931670256209
 73
     0
 72
     1
 10
1388.099841062703
 20
409.4481003651158
 11
1395.699842122203
 21
409.4481003651158
 72
     2
 10
1395.699842090903
 20
409.7481003338153
 40
0.2999999686996392
 50
270.0000059778666
 51
360.0000059779643
 73
     1
 72
     1
 10
1395.999842059602
 20
409.7481003651158
 11
1395.999842059603
 21
410.9480996796158
 72
     2
 10
1395.700849567914
 20
410.9491078711248
 40
0.2989941914755105
 50
359.8068015047896
 51
450.1930675744588
 73
     1
 72
     1
 10
1395.699842059603
 20
411.2481003651163
 11
1393.103958722603
 21
411.2481003651168
 72
     2
 10
1393.103958722603
 20
411.5481003651161
 40
0.2999999999992155
 50
90.0
 51
179.9999999999891
 73
     0
 72
     1
 10
1392.803958722603
 20
411.5481003651161
 11
1392.803958722602
 21
412.9481003651156
 72
     2
 10
1392.503958722603
 20
412.9481003651156
 40
0.2999999999997271
 50
0.0
 51
90.0
 73
     1
 72
     1
 10
1392.503958722603
 20
413.2481003651155
 11
1391.903958722603
 21
413.2481003651158
 72
     2
 10
1391.903958722603
 20
412.9481003651156
 40
0.3000000000001819
 50
90.0
 51
180.0
 73
     1
 72
     1
 10
1391.603958722603
 20
412.9481003651156
 11
1391.603958722603
 21
411.5481003651161
 72
     2
 10
1391.303958722603
 20
411.5481003651161
 40
0.2999999999999545
 50
360.0
 51
450.0
 73
     0
 72
     1
 10
1391.303958722603
 20
411.248100365116
 11
1390.692662253703
 21
411.248100365116
 72
     2
 10
1390.692662253703
 20
411.5481003651161
 40
0.3000000000001819
 50
90.0
 51
180.0
 73
     0
 72
     1
 10
1390.392662253703
 20
411.5481003651161
 11
1390.392662253703
 21
412.9481003651163
 72
     2
 10
1390.092662253703
 20
412.9481003651157
 40
0.2999999999997271
 50
0.0000000000977066
 51
90.00000000008686
 73
     1
 72
     1
 10
1390.092662253702
 20
413.2481003651155
 11
1389.492662253703
 21
413.2481003651151
 72
     2
 10
1389.492662253703
 20
412.9481003651156
 40
0.2999999999993292
 50
90.0
 51
180.0
 73
     1
 72
     1
 10
1389.192662253703
 20
412.9481003651156
 11
1389.192662253703
 21
411.5481003651161
 72
     2
 10
1388.892662253702
 20
411.5481003651161
 40
0.3000000000001819
 50
360.0
 51
450.0
 73
     0
 72
     1
 10
1388.892662253702
 20
411.248100365116
 11
1386.299841351803
 21
411.248100365116
 72
     2
 10
1386.299841351803
 20
410.9481003651158
 40
0.3000000000004093
 50
90.0
 51
180.0
 73
     1
 72
     1
 10
1385.999841351802
 20
410.9481003651158
 11
1385.999841389619
 21
370.2751193496147
 72
     2
 10
1386.300802793849
 20
370.2756673842931
 40
0.3009619032001688
 50
180.1043324457822
 51
224.924447753637
 73
     1
 72
     1
 10
1386.087710154602
 20
370.0631359883149
 11
1387.289787983295
 21
368.8610581597072
 72
     2
 10
1387.996896830903
 20
369.5681670073158
 40
1.000002922361964
 50
225.0000000000069
 51
306.7868507566955
 73
     1
 72
     2
 10
1388.416089222713
 20
369.0075527852702
 40
0.2999953743230547
 50
306.7868507642796
 51
405.0000000076152
 73
     1
 72
     1
 10
1388.628217986193
 20
369.2196815488067
 11
1387.887709985047
 21
369.9601895499605
 72
     2
 10
1388.099842019403
 20
370.1723215843163
 40
0.2999999999997532
 50
135.0000000000076
 51
180.0000000001085
 73
     0
 72
     1
 10
1387.799842019403
 20
370.1723215843168
 11
1387.799842019402
 21
371.7480996975165
 72
     2
 10
1388.099842019403
 20
371.748099697516
 40
0.3000000000006366
 50
180.0000000000976
 51
270.0000000000868
 73
     0
 72
     1
 10
1388.099842019403
 20
372.0480996975167
 11
1390.875577215803
 21
372.0481005677162
 72
     2
 10
1390.878450485306
 20
371.7550361854411
 40
0.2930784670286774
 50
269.4382772133252
 51
315.5617621337271
 73
     0
 72
     1
 10
1391.087710146603
 20
371.9602321454158
 11
1394.111973454003
 21
368.9359688380159
 72
     2
 10
1393.900415320697
 20
368.7240738756807
 40
0.2994266501682143
 50
314.9544249931744
 51
360.0455356599023
 73
     0
 72
     1
 10
1394.199841876303
 20
368.7238359072162
 11
1394.199841876303
 21
366.702983267016
 72
     2
 10
1393.901184835587
 20
366.7024284125576
 40
0.2986575561286808
 50
359.8935542183903
 51
405.1068408793803
 73
     0
 72
     1
 10
1394.111973454003
 20
366.4908521989159
 11
1392.734510113303
 21
365.1133888581161
 72
     1
 10
1392.734510113303
 20
365.1133888581161
 11
1391.891055960903
 21
365.9568430104159
 72
     2
 10
1391.678920506468
 20
365.7448040910559
 40
0.2999365838834425
 50
44.98696042803445
 51
143.2259560216317
 73
     1
 72
     2
 10
1392.239541386427
 20
365.3255224358036
 40
1.000002911047835
 50
143.2131229282453
 51
224.9999999985399
 73
     1
 72
     1
 10
1391.5324325468
 20
364.6184135962134
 11
1392.239535545923
 21
363.9113105971361
 72
     2
 10
1392.946644411503
 20
364.6184194627163
 40
1.000002947777625
 50
225.0000000000046
 51
314.9999999999954
 73
     1
 72
     1
 10
1393.653753277083
 20
363.9113105971361
 11
1395.70694884079
 21
365.9645061608289
 72
     2
 10
1394.999842059603
 20
366.6716129420162
 40
1.00000000000073
 50
314.9999999999862
 51
360.0000186387987
 73
     1
 72
     1
 10
1395.999842059604
 20
366.6716132673246
 11
1395.999841392003
 21
368.723835942516
 72
     2
 10
1393.899841392003
 20
368.7238359425161
 40
2.100000000000135
 50
359.9999999999953
 51
404.9999999999988
 73
     1
 72
     1
 10
1395.384765632495
 20
370.208760183008
 11
1392.360502143202
 21
373.2330241420158
 72
     2
 10
1390.875578016117
 20
371.7480994787822
 40
2.100000218733599
 50
45.00001034362649
 51
90.00001034362705
 73
     1
 72
     1
 10
1390.875577637003
 20
373.8480996975159
 11
1388.799841492482
 21
373.8481003650347
 72
     2
 10
1388.799841814103
 20
374.8481001597158
 40
0.9999997946812248
 50
90.00001842750211
 51
180.0000000000098
 73
     0
 72
     1
 10
1387.799842019421
 20
374.848100159716
 11
1387.799841572302
 21
378.7480994308162
 72
     2
 10
1388.785305927055
 20
378.7626389652638
 40
0.9855716070126259
 50
179.154719785323
 51
270.8452802147001
 73
     0
 72
     1
 10
1388.799845461503
 20
379.7481033200161
 11
1396.999836410603
 21
379.7481033810705
 72
     2
 10
1396.999836501876
 20
370.2480979462432
 40
9.500005434827246
 50
269.9999994495204
 51
359.9999994495203
 73
     0
 72
     1
 10
1406.499841936703
 20
370.2480980375162
 11
1406.499841936703
 21
358.3723624417162
 72
     2
 10
1406.795836717952
 20
358.3707025274843
 40
0.2959994355431769
 50
179.6786933794372
 51
225.3211312428859
 73
     1
 72
     1
 10
1406.587709893303
 20
358.160229510916
 11
1406.799841892703
 21
357.9480965802158
 72
     1
 10
1406.799841892703
 20
357.9480965802158
 11
1406.587709883747
 21
357.7359650285723
 72
     2
 10
1406.799841918103
 20
357.5238329942166
 40
0.299999999999914
 50
135.0000000000384
 51
180.0000000000434
 73
     1
 72
     1
 10
1406.499841918103
 20
357.5238329942163
 11
1406.499841918103
 21
352.4069970630162
 72
     2
 10
1406.999841918103
 20
352.4069970630162
 40
0.5
 50
180.0
 51
270.0
 73
     1
 72
     1
 10
1406.999841918103
 20
351.9069970630162
 11
1407.292747032303
 21
351.906997063167
 72
     2
 10
1407.292747032303
 20
352.4069683548158
 40
0.4999712916488761
 50
270.0
 51
314.9959488242076
 73
     1
 72
     1
 10
1407.646255125106
 20
352.0534102679395
 11
1408.353257330504
 21
352.7603124114061
 72
     2
 10
1407.999456250203
 20
353.1141635272162
 40
0.5003856678429237
 50
314.9959488241835
 51
359.999999999987
 73
     1
 72
     1
 10
1408.499841918046
 20
353.1141635272161
 11
1408.499841918103
 21
353.706997063016
 72
     2
 10
1408.299841918103
 20
353.706997063016
 40
0.2000000000002728
 50
0.0
 51
90.0
 73
     1
 72
     1
 10
1408.299841918103
 20
353.9069970630162
 11
1408.199841918103
 21
353.9069970630162
 72
     2
 10
1408.199841918103
 20
354.2069970630159
 40
0.2999999999996703
 50
89.9999999999132
 51
180.0000000000108
 73
     0
 72
     1
 10
1407.899841918103
 20
354.2069970630159
 11
1407.899842119603
 21
355.9855689474161
 72
     2
 10
1408.19686022361
 20
355.9877295488366
 40
0.297025962343892
 50
179.583220155703
 51
237.1890041347338
 73
     0
 72
     1
 10
1408.035910908903
 20
356.2373687693161
 11
1409.107175876203
 21
356.9391277799159
 72
     2
 10
1409.001112492504
 20
357.1049807709681
 40
0.196867102387824
 50
302.5990121147034
 51
372.8321597334832
 73
     1
 72
     2
 10
1408.899841918103
 20
357.085288758516
 40
0.3000000000232172
 50
12.203503831402
 51
59.88626684871067
 73
     1
 72
     1
 10
1409.050357345047
 20
357.3447981153138
 11
1408.998128535048
 21
357.3750908251642
 72
     2
 10
1409.098472153003
 20
357.548097063016
 40
0.1999999999999807
 50
120.1137331513044
 51
239.8862668490108
 73
     0
 72
     1
 10
1408.998128535048
 20
357.7211033008684
 11
1409.050462647229
 21
357.7514571144686
 72
     2
 10
1408.906464451449
 20
358.0070923571343
 40
0.2934022114448937
 50
299.3923677986197
 51
360.7445514391989
 73
     1
 72
     1
 10
1409.199841890303
 20
358.0109049746161
 11
1409.199841890303
 21
358.8852902123162
 72
     2
 10
1408.899805930622
 20
358.8852676367179
 40
0.3000359605299268
 50
0.0043111049208931
 51
59.88229318112718
 73
     1
 72
     1
 10
1409.050357399303
 20
359.1447976598161
 11
1408.998128480103
 21
359.1750917205159
 72
     2
 10
1409.097993805828
 20
359.3480979272658
 40
0.1997604336607421
 50
119.9950682773029
 51
240.0049317227053
 73
     0
 72
     1
 10
1408.998128480103
 20
359.5211041340158
 11
1409.050357399303
 21
359.5513944694162
 72
     2
 10
1408.900847516183
 20
359.8103245146292
 40
0.2989949388608263
 50
300.0027468505808
 51
360.1113603433026
 73
     1
 72
     1
 10
1409.199841890303
 20
359.8109056422158
 11
1409.199841890303
 21
360.6852871546162
 72
     2
 10
1408.901346864836
 20
360.686155918579
 40
0.2984962897248449
 50
359.8332422195775
 51
420.0526506056371
 73
     1
 72
     1
 10
1409.050357399303
 20
360.9447983273162
 11
1408.998128480103
 21
360.9750923880163
 72
     2
 10
1409.093920337413
 20
361.1480985948162
 40
0.1977554740537607
 50
118.9728733404075
 51
241.0271266596005
 73
     0
 72
     1
 10
1408.998128480103
 20
361.321104801616
 11
1409.050357399303
 21
361.351395137016
 72
     2
 10
1408.902531907551
 20
361.609354933497
 40
0.2973140302982369
 50
299.8151380576572
 51
360.2989691171391
 73
     1
 72
     1
 10
1409.199841890303
 20
361.610906309716
 11
1409.199841890303
 21
362.4852896848161
 72
     2
 10
1408.900050836284
 20
362.4854100443613
 40
0.2997910781802119
 50
359.9769970000668
 51
419.9092515536522
 73
     1
 72
     1
 10
1409.050357399303
 20
362.744798994916
 11
1408.998128480103
 21
362.7750911930158
 72
     2
 10
1409.097525737002
 20
362.9480973997659
 40
0.1995268459462346
 50
119.8786600907965
 51
240.1213399092035
 73
     0
 72
     1
 10
1408.998128480103
 20
363.1211036065161
 11
1409.050357399303
 21
363.1513958045161
 72
     2
 10
1408.900708486452
 20
363.4104059305091
 40
0.2991338203618818
 50
300.0181381994549
 51
360.0956132660094
 73
     1
 72
     1
 10
1409.199841890303
 20
363.4109051147161
 11
1409.199841890303
 21
364.0436866501159
 72
     2
 10
1409.3966405617
 20
364.0455348279385
 40
0.1968073495196126
 50
179.4619390701644
 51
240.5395151605417
 73
     0
 72
     1
 10
1409.299846144203
 20
364.2168940225161
 11
1410.935700240303
 21
365.1613016793163
 72
     2
 10
1411.085695649136
 20
364.9032526551193
 40
0.2984759982980406
 50
239.8319719122386
 51
300.2830923591402
 73
     0
 72
     1
 10
1411.236208982202
 20
365.1609999308162
 11
1412.952410859803
 21
364.165606088316
 72
     2
 10
1412.801895787843
 20
363.9060965687647
 40
0.299999962707983
 50
300.1136589093909
 51
419.8862636534309
 73
     0
 72
     1
 10
1412.952411210538
 20
363.6465872526396
 11
1412.949326435803
 21
363.644797466116
 72
     2
 10
1413.096669808689
 20
363.3871153945865
 40
0.2968334878701731
 50
119.761049632106
 51
180.352701866434
 73
     1
 72
     1
 10
1412.799841944903
 20
363.385288155916
 11
1412.799841944903
 21
362.510904780916
 72
     2
 10
1413.094695367647
 20
362.5079402100701
 40
0.2948683258411756
 50
179.423945387379
 51
240.4623031331691
 73
     1
 72
     1
 10
1412.949326435803
 20
362.2513954708161
 11
1413.001555238603
 21
362.2211032727159
 72
     2
 10
1412.901211660039
 20
362.0480970308281
 40
0.1999999837278278
 50
300.1137228094423
 51
419.8862565071663
 73
     0
 72
     1
 10
1413.001555301057
 20
361.8750908251636
 11
1412.949326435803
 21
361.8447986611159
 72
     2
 10
1413.099336401431
 20
361.5855805568244
 40
0.2994945999181349
 50
120.0580408027334
 51
180.0560664051272
 73
     1
 72
     1
 10
1412.799841944903
 20
361.5852874884163
 11
1412.799841944903
 21
360.710905976016
 72
     2
 10
1413.095946683109
 20
360.7086603506595
 40
0.2961132533704868
 50
179.56548351971
 51
240.3204092532289
 73
     1
 72
     1
 10
1412.949326435803
 20
360.4513948032158
 11
1413.001555301059
 21
360.4211033008672
 72
     2
 10
1412.901211683103
 20
360.2480970630158
 40
0.1999999999998647
 50
300.1137331514743
 51
419.8862668490508
 73
     0
 72
     1
 10
1413.001555301057
 20
360.0750908251637
 11
1412.949326491172
 21
360.0447981153944
 72
     2
 10
1413.099774975396
 20
359.7853273507016
 40
0.2999330327518718
 50
120.1063699198462
 51
180.0070307275378
 73
     1
 72
     1
 10
1412.799841944903
 20
359.7852905461159
 11
1412.799841944903
 21
358.903935290216
 72
     2
 10
1413.099350701594
 20
358.90364529981
 40
0.2995088970791617
 50
179.9445250905077
 51
240.8062268664699
 73
     1
 72
     1
 10
1412.953260808003
 20
358.6421814927162
 11
1412.993676249703
 21
358.6195503541162
 72
     2
 10
1412.896675531249
 20
358.4450551395266
 40
0.1996439813646059
 50
299.0693887601791
 51
420.0656599820669
 73
     0
 72
     1
 10
1412.996299319703
 20
358.2720440992162
 11
1412.949326435803
 21
358.2447973260158
 72
     2
 10
1413.097763333784
 20
357.9864853625821
 40
0.297923787461584
 50
119.8834833394507
 51
180.229912407659
 73
     1
 72
     1
 10
1412.799841944903
 20
357.9852898785162
 11
1412.799841944903
 21
357.1079355844158
 72
     2
 10
1412.994909933354
 20
357.1052684576457
 40
0.1950862211528665
 50
179.2166547318704
 51
237.549466154124
 73
     1
 97
        1
330
4EF
 92
       16
 93
       16
 72
     1
 10
1408.299841918056
 20
370.2480978736162
 11
1408.299841905703
 21
367.348097375916
 72
     2
 10
1408.599156683819
 20
367.3474126625694
 40
0.2993155612915532
 50
179.8689302387563
 51
270.1311587034645
 73
     1
 72
     1
 10
1408.599841861803
 20
367.0480978855162
 11
1413.399840692803
 21
367.0480978855162
 72
     2
 10
1413.399994383588
 20
367.3479441504925
 40
0.2998463043645592
 50
269.970632175204
 51
360.0292789016852
 73
     1
 72
     1
 10
1413.699840648803
 20
367.348097375916
 11
1413.699840636448
 21
370.2480978736162
 72
     2
 10
1424.999846143903
 20
370.2480978736162
 40
11.30000550745444
 50
180.0
 51
270.0
 73
     0
 72
     1
 10
1424.999846143903
 20
381.5481033810706
 11
1433.899841202802
 21
381.5481033811161
 72
     2
 10
1433.899841044103
 20
381.8481033192163
 40
0.2999999381002418
 50
270.000030309431
 51
360.000030309431
 73
     1
 72
     1
 10
1434.199840982203
 20
381.8481034779161
 11
1434.199841202803
 21
393.006939042516
 72
     2
 10
1433.899841347353
 20
393.0069391870661
 40
0.2999998554501311
 50
359.9999723929538
 51
449.9999723929538
 73
     1
 72
     1
 10
1433.899841491903
 20
393.3069390425162
 11
1388.099841062703
 21
393.3069390425162
 72
     2
 10
1388.099841207253
 20
393.0069391870661
 40
0.2999998554501311
 50
90.00002760704608
 51
180.0000276070461
 73
     1
 72
     1
 10
1387.799841351803
 20
393.006939042516
 11
1387.799841572302
 21
381.8481034779161
 72
     2
 10
1388.099283758682
 20
381.8475488891502
 40
0.2994426999487711
 50
179.893884159374
 51
269.763876500606
 73
     1
 72
     1
 10
1388.098049719131
 20
381.5481087320251
 11
1396.999836410603
 21
381.5481033810694
 72
     2
 10
1396.999836410603
 20
370.2480978736161
 40
11.30000550745325
 50
269.9999999999988
 51
359.9999999999997
 73
     0
 97
        1
330
4EE
 75
     1
 76
     1
 98
        1
 10
0.0
 20
0.0
450
        0
451
        0
460
0.0
461
0.0
452
        0
462
0.0
453
        0
470

1001
GradientColor1ACI
1070
     5
1001
GradientColor2ACI
1070
     2
1001
ACAD
1010
0.0
1020
0.0
1030
0.0
  0
LWPOLYLINE
  5
4EE
102
{ACAD_REACTORS
330
4ED
102
}
330
4EA
100
AcDbEntity
  8
profiller
  6
Continuous
370
    -3
100
AcDbPolyline
 90
       16
 70
     1
 43
0.0
 10
1408.299841918056
 20
370.2480978736162
 10
1408.299841905703
 20
367.348097375916
 42
0.4155546976422798
 10
1408.599841861803
 20
367.0480978855162
 10
1413.399840692803
 20
367.0480978855162
 42
0.4145133933537767
 10
1413.699840648803
 20
367.348097375916
 10
1413.699840636448
 20
370.2480978736162
 42
-0.4142135623730951
 10
1424.999846143903
 20
381.5481033810706
 10
1433.899841202802
 20
381.5481033811161
 42
0.4142135623730951
 10
1434.199840982203
 20
381.8481034779161
 10
1434.199841202803
 20
393.006939042516
 42
0.4142135623730951
 10
1433.899841491903
 20
393.3069390425162
 10
1388.099841062703
 20
393.3069390425162
 42
0.4142135623730951
 10
1387.799841351803
 20
393.006939042516
 10
1387.799841572302
 20
381.8481034779161
 42
0.4135491256393923
 10
1388.098049719131
 20
381.5481087320251
 10
1396.999836410603
 20
381.5481033810694
 42
-0.4142135623730951
  0
LWPOLYLINE
  5
4EF
102
{ACAD_REACTORS
330
4ED
102
}
330
4EA
100
AcDbEntity
  8
profiller
  6
Continuous
370
    -3
100
AcDbPolyline
 90
      221
 70
     1
 43
0.0
 10
1412.890232272203
 20
356.940643973016
 10
1414.009451621003
 20
356.2073205778162
 42
-0.2478188821625679
 10
1414.099841832002
 20
356.040032691616
 10
1414.099841832002
 20
354.2069961497159
 42
-0.4146206621385053
 10
1413.799841875903
 20
353.9069985219162
 10
1413.699841813003
 20
353.9069985219162
 42
0.4157759676379323
 10
1413.499841919902
 20
353.7069988617159
 10
1413.499841919903
 20
353.1140928337159
 42
0.2036804087734809
 10
1413.646280054703
 20
352.760559059016
 10
1414.353403483303
 20
352.0534356305161
 42
0.2002955231896415
 10
1414.706937025103
 20
351.9069981941165
 10
1414.999841932903
 20
351.9069981941161
 42
0.4143865925491585
 10
1415.499842014902
 20
352.4069954821162
 10
1415.499841918102
 20
357.5238329943159
 42
0.1989123673792611
 10
1415.411973952459
 20
357.7359650286713
 10
1415.199841593203
 20
357.9480965802158
 10
1415.411973127003
 20
358.160229510916
 42
0.1994985406395061
 10
1415.499841083603
 20
358.3723624417162
 10
1415.499841083603
 20
370.2480980375162
 42
-0.4143758838602077
 10
1424.999846366003
 20
379.7481033200161
 10
1433.199836370002
 20
379.7481029339652
 42
-0.4142135623730951
 10
1434.199840535152
 20
378.7480987688159
 10
1434.199840535186
 20
374.8480997126162
 42
-0.4142135312602795
 10
1433.199840846729
 20
373.8480999179329
 10
1431.124104917603
 20
373.8480996975172
 42
0.198912367379658
 10
1429.639180411403
 20
373.2330241420158
 10
1426.614917103903
 20
370.208760834616
 42
0.201013502993382
 10
1425.999840942003
 20
368.7238359072162
 10
1425.999840942003
 20
366.6716125974158
 42
0.2005902804749366
 10
1426.292733509803
 20
365.9645059326162
 10
1428.345929120503
 20
363.9113103219161
 42
0.4144905774629598
 10
1429.760146175303
 20
363.9113103219161
 10
1430.467249114803
 20
364.6184132614162
 42
0.3728972919708128
 10
1430.561012048833
 20
365.9243639166005
 42
0.4568497888374817
 10
1430.108626832186
 20
365.9568433655333
 10
1429.265172441303
 20
365.1133888581161
 10
1427.887709100503
 20
366.4908521989159
 42
-0.196622746845242
 10
1427.799840678303
 20
366.702983267016
 10
1427.799840678303
 20
368.7238359072162
 42
-0.2005470821094607
 10
1427.887709100503
 20
368.9359688380159
 10
1430.911972408003
 20
371.9602321454158
 42
-0.1992097880390971
 10
1431.124105338703
 20
372.0481005677161
 10
1433.899839629203
 20
372.0481005677161
 42
-0.4199480996332221
 10
1434.199840982203
 20
371.7480992147161
 10
1434.199840982203
 20
370.1723219075161
 42
-0.2108143955969128
 10
1434.111972560003
 20
369.960188976816
 10
1433.371464942403
 20
369.2196813592158
 42
0.4574076751609146
 10
1433.403944156854
 20
368.7672958425545
 42
0.3730981094298318
 10
1434.709894691403
 20
368.8610588380161
 10
1435.911973227503
 20
370.0631355115161
 42
0.1946620788092045
 10
1435.999841649803
 20
370.2752703049159
 10
1435.999841649803
 20
410.9480996796158
 42
0.4158578938847997
 10
1435.699840296803
 20
411.248101032616
 10
1433.107019622602
 20
411.248101032616
 42
-0.4185712981781633
 10
1432.807020132203
 20
411.5481005230162
 10
1432.807020132203
 20
412.9481003651156
 42
0.4157374928634052
 10
1432.507020641803
 20
413.2480994978158
 10
1431.907019798403
 20
413.2480994978158
 42
0.4154347434745015
 10
1431.607020308102
 20
412.9481000074161
 10
1431.607020308103
 20
411.5481005230162
 42
-0.4210361335487735
 10
1431.307020817703
 20
411.248101032616
 10
1430.695723031402
 20
411.248101032616
 42
-0.417638009755391
 10
1430.395723541103
 20
411.5481005230162
 10
1430.395723541103
 20
412.9481000074161
 42
0.415846205801743
 10
1430.095724050703
 20
413.2480994978158
 10
1429.495723207303
 20
413.2480994978158
 42
0.4158129337594903
 10
1429.195723716903
 20
412.9481003651156
 10
1429.195723716903
 20
411.5481005230162
 42
-0.4158889700189551
 10
1428.895724226503
 20
411.248101032616
 10
1426.299840432403
 20
411.248101032616
 42
0.4161033432706243
 10
1425.999840942004
 20
410.9480996796158
 10
1425.999840942003
 20
409.748099855416
 42
0.41646863308664
 10
1426.299840432403
 20
409.448100365117
 10
1433.899841491903
 20
409.4481003651158
 42
-0.4327021758613292
 10
1434.199840982203
 20
409.1481008747159
 10
1434.199841202803
 20
395.4069390425161
 42
-0.4142135623730951
 10
1433.899841491903
 20
395.1069390115158
 10
1417.799840636503
 20
395.1069390425164
 42
-0.4142135623730951
 10
1417.499840480103
 20
395.4069389676161
 10
1417.499840636502
 20
398.8069390425161
 42
0.4142135623730951
 10
1417.199840524003
 20
399.1069389687159
 10
1416.499840636503
 20
399.1069390425164
 42
0.4142135623730951
 10
1415.699840743803
 20
398.3069389307161
 10
1415.699840636504
 20
395.4069390425161
 42
-0.4142135623730951
 10
1415.399840787803
 20
395.1069390115158
 10
1406.599841766803
 20
395.1069390115158
 42
-0.4142135623730951
 10
1406.299841918105
 20
395.4069390425161
 10
1406.299841810703
 20
398.3069389307161
 42
0.4142135623730951
 10
1405.499841918103
 20
399.1069390425164
 10
1404.799842030503
 20
399.1069389687159
 42
0.4142135623730951
 10
1404.499841918104
 20
398.8069390425161
 10
1404.499842074503
 20
395.4069389676161
 42
-0.4142135623730951
 10
1404.199841918102
 20
395.1069390425164
 10
1388.099841062703
 20
395.1069390115158
 42
-0.4142135623730951
 10
1387.799841351802
 20
395.4069390425161
 10
1387.799841572302
 20
409.1481008747159
 42
-0.4151664140190871
 10
1388.099841062703
 20
409.4481003651158
 10
1395.699842122203
 20
409.4481003651158
 42
0.4142135623736278
 10
1395.999842059602
 20
409.7481003651158
 10
1395.999842059603
 20
410.9480996796158
 42
0.4161895169222193
 10
1395.699842059603
 20
411.2481003651163
 10
1393.103958722603
 20
411.2481003651168
 42
-0.4142135623730951
 10
1392.803958722603
 20
411.5481003651161
 10
1392.803958722602
 20
412.9481003651156
 42
0.4142135623730951
 10
1392.503958722603
 20
413.2481003651155
 10
1391.903958722603
 20
413.2481003651158
 42
0.4142135623730951
 10
1391.603958722603
 20
412.9481003651156
 10
1391.603958722603
 20
411.5481003651161
 42
-0.4142135623730951
 10
1391.303958722603
 20
411.248100365116
 10
1390.692662253703
 20
411.248100365116
 42
-0.4142135623730951
 10
1390.392662253703
 20
411.5481003651161
 10
1390.392662253703
 20
412.9481003651163
 42
0.4142135623730951
 10
1390.092662253702
 20
413.2481003651155
 10
1389.492662253703
 20
413.2481003651151
 42
0.4142135623730951
 10
1389.192662253703
 20
412.9481003651156
 10
1389.192662253703
 20
411.5481003651161
 42
-0.4142135623730951
 10
1388.892662253702
 20
411.248100365116
 10
1386.299841351803
 20
411.248100365116
 42
0.4142135623730951
 10
1385.999841351802
 20
410.9481003651158
 10
1385.999841389619
 20
370.2751193496147
 42
0.1980965442857818
 10
1386.087710154602
 20
370.0631359883149
 10
1387.289787983295
 20
368.8610581597072
 42
0.3728249987098871
 10
1388.595738397752
 20
368.7672958425545
 42
0.4568499276160483
 10
1388.628217986193
 20
369.2196815488067
 10
1387.887709985047
 20
369.9601895499605
 42
-0.1989123673801515
 10
1387.799842019403
 20
370.1723215843168
 10
1387.799842019402
 20
371.7480996975165
 42
-0.4142135623730951
 10
1388.099842019403
 20
372.0480996975167
 10
1390.875577215803
 20
372.0481005677162
 42
-0.2040134682552925
 10
1391.087710146603
 20
371.9602321454158
 10
1394.111973454003
 20
368.9359688380159
 42
-0.1993256746920975
 10
1394.199841876303
 20
368.7238359072162
 10
1394.199841876303
 20
366.702983267016
 42
-0.1998800071739198
 10
1394.111973454003
 20
366.4908521989159
 10
1392.734510113303
 20
365.1133888581161
 10
1391.891055960903
 20
365.9568430104159
 42
0.4569862483018092
 10
1391.438670505765
 20
365.924364363705
 42
0.3728251294837526
 10
1391.5324325468
 20
364.6184135962134
 10
1392.239535545923
 20
363.9113105971361
 42
0.4142135623730481
 10
1393.653753277083
 20
363.9113105971361
 10
1395.70694884079
 20
365.9645061608289
 42
0.1989124519246101
 10
1395.999842059604
 20
366.6716132673246
 10
1395.999841392003
 20
368.723835942516
 42
0.1989123673796789
 10
1395.384765632495
 20
370.208760183008
 10
1392.360502143202
 20
373.2330241420158
 42
0.198912367379658
 10
1390.875577637003
 20
373.8480996975159
 10
1388.799841492482
 20
373.8481003650347
 42
-0.4142134681726292
 10
1387.799842019421
 20
374.848100159716
 10
1387.799841572302
 20
378.7480994308162
 42
-0.4228822683487386
 10
1388.799845461503
 20
379.7481033200161
 10
1396.999836410603
 20
379.7481033810705
 42
-0.4142135623730951
 10
1406.499841936703
 20
370.2480980375162
 10
1406.499841936703
 20
358.3723624417162
 42
0.2018280751082393
 10
1406.587709893303
 20
358.160229510916
 10
1406.799841892703
 20
357.9480965802158
 10
1406.587709883747
 20
357.7359650285723
 42
0.1989123673796788
 10
1406.499841918103
 20
357.5238329942163
 10
1406.499841918103
 20
352.4069970630162
 42
0.4142135623730951
 10
1406.999841918103
 20
351.9069970630162
 10
1407.292747032303
 20
351.906997063167
 42
0.1988939914609833
 10
1407.646255125106
 20
352.0534102679395
 10
1408.353257330504
 20
352.7603124114061
 42
0.198930743427556
 10
1408.499841918046
 20
353.1141635272161
 10
1408.499841918103
 20
353.706997063016
 42
0.4142135623730951
 10
1408.299841918103
 20
353.9069970630162
 10
1408.199841918103
 20
353.9069970630162
 42
-0.4142135623736278
 10
1407.899841918103
 20
354.2069970630159
 10
1407.899842119603
 20
355.9855689474161
 42
-0.2567832616555656
 10
1408.035910908903
 20
356.2373687693161
 10
1409.107175876203
 20
356.9391277799159
 42
0.3164175795352447
 10
1409.193062808894
 20
357.1487041290288
 42
0.2111102399249213
 10
1409.050357345047
 20
357.3447981153138
 10
1408.998128535048
 20
357.3750908251642
 42
-0.5760276813275162
 10
1408.998128535048
 20
357.7211033008684
 10
1409.050462647229
 20
357.7514571144686
 42
0.2742828950122913
 10
1409.199841890303
 20
358.0109049746161
 10
1409.199841890303
 20
358.8852902123162
 42
0.2673786452799042
 10
1409.050357399303
 20
359.1447976598161
 10
1408.998128480103
 20
359.1750917205159
 42
-0.577407653814727
 10
1408.998128480103
 20
359.5211041340158
 10
1409.050357399303
 20
359.5513944694162
 42
0.26845719836451
 10
1409.199841890303
 20
359.8109056422158
 10
1409.199841890303
 20
360.6852871546162
 42
0.2689755403252958
 10
1409.050357399303
 20
360.9447983273162
 10
1408.998128480103
 20
360.9750923880163
 42
-0.5893639230031146
 10
1408.998128480103
 20
361.321104801616
 10
1409.050357399303
 20
361.351395137016
 42
0.2702131586748329
 10
1409.199841890303
 20
361.610906309716
 10
1409.199841890303
 20
362.4852896848161
 42
0.2676323994542695
 10
1409.050357399303
 20
362.744798994916
 10
1408.998128480103
 20
362.7750911930158
 42
-0.5787629873368702
 10
1408.998128480103
 20
363.1211036065161
 10
1409.050357399303
 20
363.1513958045161
 42
0.2683115448248859
 10
1409.199841890303
 20
363.4109051147161
 10
1409.199841890303
 20
364.0436866501159
 42
-0.2729949741678414
 10
1409.299846144203
 20
364.2168940225161
 10
1410.935700240303
 20
365.1613016793163
 42
-0.2700600163760301
 10
1411.236208982202
 20
365.1609999308162
 10
1412.952410859803
 20
364.165606088316
 42
-0.5760280941854072
 10
1412.952411210538
 20
363.6465872526396
 10
1412.949326435803
 20
363.644797466116
 42
0.2707180321273825
 10
1412.799841944903
 20
363.385288155916
 10
1412.799841944903
 20
362.510904780916
 42
0.2728111073403656
 10
1412.949326435803
 20
362.2513954708161
 10
1413.001555238603
 20
362.2211032727159
 42
-0.5760276813275162
 10
1413.001555301057
 20
361.8750908251636
 10
1412.949326435803
 20
361.8447986611159
 42
0.2679399589931821
 10
1412.799841944903
 20
361.5852874884163
 10
1412.799841944903
 20
360.710905976016
 42
0.2714828064428095
 10
1412.949326435803
 20
360.4513948032158
 10
1413.001555301059
 20
360.4211033008672
 42
-0.5760276813262864
 10
1413.001555301057
 20
360.0750908251637
 10
1412.949326491172
 20
360.0447981153944
 42
0.2674846771187569
 10
1412.799841944903
 20
359.7852905461159
 10
1412.799841944903
 20
358.903935290216
 42
0.271983106202347
 10
1412.953260808003
 20
358.6421814927162
 10
1412.993676249703
 20
358.6195503541162
 42
-0.5831609603249595
 10
1412.996299319703
 20
358.2720440992162
 10
1412.949326435803
 20
358.2447973260158
 42
0.2695699587884566
 10
1412.799841944903
 20
357.9852898785162
 10
1412.799841944903
 20
357.1079355844158
 42
0.2601674564340121
  0
ENDBLK
  5
4F0
330
4EA
100
AcDbEntity
  8
0
370
    -2
100
AcDbBlockEnd
  0
BLOCK
  5
33C
330
33B
100
AcDbEntity
  8
0
100
AcDbBlockBegin
  2
48x45_ysb
 70
     0
 10
0.0
 20
0.0
 30
0.0
  3
48x45_ysb
  1

  0
ARC
  5
33D
330
33B
100
AcDbEntity
  8
0
  6
Continuous
 62
     7
370
    15
100
AcDbCircle
 10
3683.168335260574
 20
2367.926688027365
 30
0.0
 40
3.397588699100331
100
AcDbArc
 50
10.80505623570223
 51
62.90313565090514
  0
ARC
  5
33E
330
33B
100
AcDbEntity
  8
0
  6
Continuous
 62
     7
370
    15
100
AcDbCircle
 10
3683.168335260574
 20
2364.476011357018
 30
0.0
 40
3.397588699100333
100
AcDbArc
 50
297.0968643490948
 51
349.1867487104368
  0
LINE
  5
33F
330
33B
100
AcDbEntity
  8
0
  6
Continuous
 62
     7
370
    15
100
AcDbLine
 10
3684.715923959674
 20
2370.951349692192
 30
0.0
 11
3682.865923959673
 21
2370.951349692192
 31
0.0
  0
LINE
  5
340
330
33B
100
AcDbEntity
  8
0
  6
Continuous
 62
     7
370
    15
100
AcDbLine
 10
3682.865923959673
 20
2361.451349692192
 30
0.0
 11
3684.715923959674
 21
2361.451349692192
 31
0.0
  0
LINE
  5
341
330
33B
100
AcDbEntity
  8
0
  6
Continuous
 62
     7
370
    15
100
AcDbLine
 10
3682.865923959673
 20
2368.601349692192
 30
0.0
 11
3682.565923959673
 21
2368.081734449921
 31
0.0
  0
LINE
  5
342
330
33B
100
AcDbEntity
  8
0
  6
Continuous
 62
     7
370
    15
100
AcDbLine
 10
3682.565923959673
 20
2364.320964934463
 30
0.0
 11
3682.865923959673
 21
2363.801349692192
 31
0.0
  0
LINE
  5
343
330
33B
100
AcDbEntity
  8
0
  6
Continuous
 62
     7
370
    15
100
AcDbLine
 10
3681.465923959673
 20
2363.801349692192
 30
0.0
 11
3681.765923959673
 21
2364.320964934463
 31
0.0
  0
LINE
  5
344
330
33B
100
AcDbEntity
  8
0
  6
Continuous
 62
     7
370
    15
100
AcDbLine
 10
3681.765923959673
 20
2368.081734449921
 30
0.0
 11
3681.465923959673
 21
2368.601349692192
 31
0.0
  0
LINE
  5
345
330
33B
100
AcDbEntity
  8
0
  6
Continuous
 62
     7
370
    15
100
AcDbLine
 10
3681.265923959673
 20
2363.801349692192
 30
0.0
 11
3681.465923959673
 21
2363.801349692192
 31
0.0
  0
LINE
  5
346
330
33B
100
AcDbEntity
  8
0
  6
Continuous
 62
     7
370
    15
100
AcDbLine
 10
3681.465923959673
 20
2368.601349692192
 30
0.0
 11
3681.265923959673
 21
2368.601349692192
 31
0.0
  0
LINE
  5
347
330
33B
100
AcDbEntity
  8
0
  6
Continuous
 62
     7
370
    15
100
AcDbLine
 10
3681.265923959673
 20
2368.601349692192
 30
0.0
 11
3680.965923959674
 21
2368.081734449921
 31
0.0
  0
LINE
  5
348
330
33B
100
AcDbEntity
  8
0
  6
Continuous
 62
     7
370
    15
100
AcDbLine
 10
3680.965923959674
 20
2364.320964934463
 30
0.0
 11
3681.265923959673
 21
2363.801349692192
 31
0.0
  0
LINE
  5
349
330
33B
100
AcDbEntity
  8
0
  6
Continuous
 62
     7
370
    15
100
AcDbLine
 10
3679.865923959673
 20
2363.801349692192
 30
0.0
 11
3680.165923959673
 21
2364.320964934463
 31
0.0
  0
LINE
  5
34A
330
33B
100
AcDbEntity
  8
0
  6
Continuous
 62
     7
370
    15
100
AcDbLine
 10
3680.165923959673
 20
2368.081734449921
 30
0.0
 11
3679.865923959673
 21
2368.601349692192
 31
0.0
  0
LINE
  5
34B
330
33B
100
AcDbEntity
  8
0
  6
Continuous
 62
     7
370
    15
100
AcDbLine
 10
3679.665923959673
 20
2363.801349692192
 30
0.0
 11
3679.865923959673
 21
2363.801349692192
 31
0.0
  0
LINE
  5
34C
330
33B
100
AcDbEntity
  8
0
  6
Continuous
 62
     7
370
    15
100
AcDbLine
 10
3679.865923959673
 20
2368.601349692192
 30
0.0
 11
3679.665923959673
 21
2368.601349692192
 31
0.0
  0
LINE
  5
34D
330
33B
100
AcDbEntity
  8
0
  6
Continuous
 62
     7
370
    15
100
AcDbLine
 10
3679.665923959673
 20
2368.601349692192
 30
0.0
 11
3679.365923959674
 21
2368.081734449921
 31
0.0
  0
LINE
  5
34E
330
33B
100
AcDbEntity
  8
0
  6
Continuous
 62
     7
370
    15
100
AcDbLine
 10
3679.365923959674
 20
2364.320964934463
 30
0.0
 11
3679.665923959673
 21
2363.801349692192
 31
0.0
  0
LINE
  5
34F
330
33B
100
AcDbEntity
  8
0
  6
Continuous
 62
     7
370
    15
100
AcDbLine
 10
3678.265923959673
 20
2363.801349692192
 30
0.0
 11
3678.565923959673
 21
2364.320964934463
 31
0.0
  0
LINE
  5
350
330
33B
100
AcDbEntity
  8
0
  6
Continuous
 62
     7
370
    15
100
AcDbLine
 10
3678.565923959673
 20
2368.081734449921
 30
0.0
 11
3678.265923959673
 21
2368.601349692192
 31
0.0
  0
LINE
  5
351
330
33B
100
AcDbEntity
  8
0
  6
Continuous
 62
     7
370
    15
100
AcDbLine
 10
3678.065923959673
 20
2363.801349692192
 30
0.0
 11
3678.265923959673
 21
2363.801349692192
 31
0.0
  0
LINE
  5
352
330
33B
100
AcDbEntity
  8
0
  6
Continuous
 62
     7
370
    15
100
AcDbLine
 10
3678.265923959673
 20
2368.601349692192
 30
0.0
 11
3678.065923959673
 21
2368.601349692192
 31
0.0
  0
LINE
  5
353
330
33B
100
AcDbEntity
  8
0
  6
Continuous
 62
     7
370
    15
100
AcDbLine
 10
3678.065923959673
 20
2368.601349692192
 30
0.0
 11
3677.765923959673
 21
2368.081734449921
 31
0.0
  0
LINE
  5
354
330
33B
100
AcDbEntity
  8
0
  6
Continuous
 62
     7
370
    15
100
AcDbLine
 10
3677.765923959673
 20
2364.320964934463
 30
0.0
 11
3678.065923959673
 21
2363.801349692192
 31
0.0
  0
LINE
  5
355
330
33B
100
AcDbEntity
  8
0
  6
Continuous
 62
     7
370
    15
100
AcDbLine
 10
3676.665923959673
 20
2363.801349692192
 30
0.0
 11
3676.965923959674
 21
2364.320964934463
 31
0.0
  0
LINE
  5
356
330
33B
100
AcDbEntity
  8
0
  6
Continuous
 62
     7
370
    15
100
AcDbLine
 10
3676.965923959674
 20
2368.081734449921
 30
0.0
 11
3676.665923959673
 21
2368.601349692192
 31
0.0
  0
LINE
  5
357
330
33B
100
AcDbEntity
  8
0
  6
Continuous
 62
     7
370
    15
100
AcDbLine
 10
3676.465923959673
 20
2363.801349692192
 30
0.0
 11
3676.665923959673
 21
2363.801349692192
 31
0.0
  0
LINE
  5
358
330
33B
100
AcDbEntity
  8
0
  6
Continuous
 62
     7
370
    15
100
AcDbLine
 10
3676.665923959673
 20
2368.601349692192
 30
0.0
 11
3676.465923959673
 21
2368.601349692192
 31
0.0
  0
LINE
  5
359
330
33B
100
AcDbEntity
  8
0
  6
Continuous
 62
     7
370
    15
100
AcDbLine
 10
3676.465923959673
 20
2368.601349692192
 30
0.0
 11
3676.165923959673
 21
2368.081734449921
 31
0.0
  0
LINE
  5
35A
330
33B
100
AcDbEntity
  8
0
  6
Continuous
 62
     7
370
    15
100
AcDbLine
 10
3676.165923959673
 20
2364.320964934463
 30
0.0
 11
3676.465923959673
 21
2363.801349692192
 31
0.0
  0
LINE
  5
35B
330
33B
100
AcDbEntity
  8
0
  6
Continuous
 62
     7
370
    15
100
AcDbLine
 10
3675.065923959673
 20
2363.801349692192
 30
0.0
 11
3675.365923959674
 21
2364.320964934463
 31
0.0
  0
LINE
  5
35C
330
33B
100
AcDbEntity
  8
0
  6
Continuous
 62
     7
370
    15
100
AcDbLine
 10
3675.365923959674
 20
2368.081734449921
 30
0.0
 11
3675.065923959673
 21
2368.601349692192
 31
0.0
  0
LINE
  5
35D
330
33B
100
AcDbEntity
  8
0
  6
Continuous
 62
     7
370
    15
100
AcDbLine
 10
3674.865923959674
 20
2363.801349692192
 30
0.0
 11
3675.065923959673
 21
2363.801349692192
 31
0.0
  0
LINE
  5
35E
330
33B
100
AcDbEntity
  8
0
  6
Continuous
 62
     7
370
    15
100
AcDbLine
 10
3675.065923959673
 20
2368.601349692192
 30
0.0
 11
3674.865923959674
 21
2368.601349692192
 31
0.0
  0
LINE
  5
35F
330
33B
100
AcDbEntity
  8
0
  6
Continuous
 62
     7
370
    15
100
AcDbLine
 10
3674.865923959674
 20
2368.601349692192
 30
0.0
 11
3674.565923959673
 21
2368.081734449921
 31
0.0
  0
LINE
  5
360
330
33B
100
AcDbEntity
  8
0
  6
Continuous
 62
     7
370
    15
100
AcDbLine
 10
3674.565923959673
 20
2364.320964934463
 30
0.0
 11
3674.865923959674
 21
2363.801349692192
 31
0.0
  0
LINE
  5
361
330
33B
100
AcDbEntity
  8
0
  6
Continuous
 62
     7
370
    15
100
AcDbLine
 10
3673.465923959673
 20
2363.801349692192
 30
0.0
 11
3673.765923959673
 21
2364.320964934463
 31
0.0
  0
LINE
  5
362
330
33B
100
AcDbEntity
  8
0
  6
Continuous
 62
     7
370
    15
100
AcDbLine
 10
3673.765923959673
 20
2368.081734449921
 30
0.0
 11
3673.465923959673
 21
2368.601349692192
 31
0.0
  0
LINE
  5
363
330
33B
100
AcDbEntity
  8
0
  6
Continuous
 62
     7
370
    15
100
AcDbLine
 10
3673.265923959673
 20
2363.801349692192
 30
0.0
 11
3673.465923959673
 21
2363.801349692192
 31
0.0
  0
LINE
  5
364
330
33B
100
AcDbEntity
  8
0
  6
Continuous
 62
     7
370
    15
100
AcDbLine
 10
3673.465923959673
 20
2368.601349692192
 30
0.0
 11
3673.265923959673
 21
2368.601349692192
 31
0.0
  0
LINE
  5
365
330
33B
100
AcDbEntity
  8
0
  6
Continuous
 62
     7
370
    15
100
AcDbLine
 10
3673.265923959673
 20
2368.601349692192
 30
0.0
 11
3672.965923959675
 21
2368.081734449921
 31
0.0
  0
LINE
  5
366
330
33B
100
AcDbEntity
  8
0
  6
Continuous
 62
     7
370
    15
100
AcDbLine
 10
3672.965923959675
 20
2364.320964934463
 30
0.0
 11
3673.265923959673
 21
2363.801349692192
 31
0.0
  0
LINE
  5
367
330
33B
100
AcDbEntity
  8
0
  6
Continuous
 62
     7
370
    15
100
AcDbLine
 10
3671.865923959674
 20
2363.801349692192
 30
0.0
 11
3672.165923959673
 21
2364.320964934463
 31
0.0
  0
LINE
  5
368
330
33B
100
AcDbEntity
  8
0
  6
Continuous
 62
     7
370
    15
100
AcDbLine
 10
3672.165923959673
 20
2368.081734449921
 30
0.0
 11
3671.865923959674
 21
2368.601349692192
 31
0.0
  0
LINE
  5
369
330
33B
100
AcDbEntity
  8
0
  6
Continuous
 62
     7
370
    15
100
AcDbLine
 10
3671.665923959673
 20
2363.801349692192
 30
0.0
 11
3671.865923959674
 21
2363.801349692192
 31
0.0
  0
LINE
  5
36A
330
33B
100
AcDbEntity
  8
0
  6
Continuous
 62
     7
370
    15
100
AcDbLine
 10
3671.865923959674
 20
2368.601349692192
 30
0.0
 11
3671.665923959673
 21
2368.601349692192
 31
0.0
  0
LINE
  5
36B
330
33B
100
AcDbEntity
  8
0
  6
Continuous
 62
     7
370
    15
100
AcDbLine
 10
3671.665923959673
 20
2368.601349692192
 30
0.0
 11
3671.365923959673
 21
2368.081734449921
 31
0.0
  0
LINE
  5
36C
330
33B
100
AcDbEntity
  8
0
  6
Continuous
 62
     7
370
    15
100
AcDbLine
 10
3671.365923959673
 20
2364.320964934463
 30
0.0
 11
3671.665923959673
 21
2363.801349692192
 31
0.0
  0
LINE
  5
36D
330
33B
100
AcDbEntity
  8
0
  6
Continuous
 62
     7
370
    15
100
AcDbLine
 10
3670.265923959673
 20
2363.801349692192
 30
0.0
 11
3670.565923959673
 21
2364.320964934463
 31
0.0
  0
LINE
  5
36E
330
33B
100
AcDbEntity
  8
0
  6
Continuous
 62
     7
370
    15
100
AcDbLine
 10
3670.565923959673
 20
2368.081734449921
 30
0.0
 11
3670.265923959673
 21
2368.601349692192
 31
0.0
  0
LINE
  5
36F
330
33B
100
AcDbEntity
  8
0
  6
Continuous
 62
     7
370
    15
100
AcDbLine
 10
3670.065923959673
 20
2363.801349692192
 30
0.0
 11
3670.265923959673
 21
2363.801349692192
 31
0.0
  0
LINE
  5
370
330
33B
100
AcDbEntity
  8
0
  6
Continuous
 62
     7
370
    15
100
AcDbLine
 10
3670.265923959673
 20
2368.601349692192
 30
0.0
 11
3670.065923959673
 21
2368.601349692192
 31
0.0
  0
LINE
  5
371
330
33B
100
AcDbEntity
  8
0
  6
Continuous
 62
     7
370
    15
100
AcDbLine
 10
3670.065923959673
 20
2368.601349692192
 30
0.0
 11
3669.765923959673
 21
2368.081734449921
 31
0.0
  0
LINE
  5
372
330
33B
100
AcDbEntity
  8
0
  6
Continuous
 62
     7
370
    15
100
AcDbLine
 10
3669.765923959673
 20
2364.320964934463
 30
0.0
 11
3670.065923959673
 21
2363.801349692192
 31
0.0
  0
LINE
  5
373
330
33B
100
AcDbEntity
  8
0
  6
Continuous
 62
     7
370
    15
100
AcDbLine
 10
3668.665923959673
 20
2363.801349692192
 30
0.0
 11
3668.965923959673
 21
2364.320964934463
 31
0.0
  0
LINE
  5
374
330
33B
100
AcDbEntity
  8
0
  6
Continuous
 62
     7
370
    15
100
AcDbLine
 10
3668.965923959673
 20
2368.081734449921
 30
0.0
 11
3668.665923959673
 21
2368.601349692192
 31
0.0
  0
LINE
  5
375
330
33B
100
AcDbEntity
  8
0
  6
Continuous
 62
     7
370
    15
100
AcDbLine
 10
3668.465923959673
 20
2363.801349692192
 30
0.0
 11
3668.665923959673
 21
2363.801349692192
 31
0.0
  0
LINE
  5
376
330
33B
100
AcDbEntity
  8
0
  6
Continuous
 62
     7
370
    15
100
AcDbLine
 10
3668.665923959673
 20
2368.601349692192
 30
0.0
 11
3668.465923959673
 21
2368.601349692192
 31
0.0
  0
LINE
  5
377
330
33B
100
AcDbEntity
  8
0
  6
Continuous
 62
     7
370
    15
100
AcDbLine
 10
3668.465923959673
 20
2368.601349692192
 30
0.0
 11
3668.165923959673
 21
2368.081734449921
 31
0.0
  0
LINE
  5
378
330
33B
100
AcDbEntity
  8
0
  6
Continuous
 62
     7
370
    15
100
AcDbLine
 10
3668.165923959673
 20
2364.320964934463
 30
0.0
 11
3668.465923959673
 21
2363.801349692192
 31
0.0
  0
LINE
  5
379
330
33B
100
AcDbEntity
  8
0
  6
Continuous
 62
     7
370
    15
100
AcDbLine
 10
3667.065923959673
 20
2363.801349692192
 30
0.0
 11
3667.365923959673
 21
2364.320964934463
 31
0.0
  0
LINE
  5
37A
330
33B
100
AcDbEntity
  8
0
  6
Continuous
 62
     7
370
    15
100
AcDbLine
 10
3667.365923959673
 20
2368.081734449921
 30
0.0
 11
3667.065923959673
 21
2368.601349692192
 31
0.0
  0
LINE
  5
37B
330
33B
100
AcDbEntity
  8
0
  6
Continuous
 62
     7
370
    15
100
AcDbLine
 10
3666.865923959675
 20
2363.801349692192
 30
0.0
 11
3667.065923959673
 21
2363.801349692192
 31
0.0
  0
LINE
  5
37C
330
33B
100
AcDbEntity
  8
0
  6
Continuous
 62
     7
370
    15
100
AcDbLine
 10
3667.065923959673
 20
2368.601349692192
 30
0.0
 11
3666.865923959675
 21
2368.601349692192
 31
0.0
  0
LINE
  5
37D
330
33B
100
AcDbEntity
  8
0
  6
Continuous
 62
     7
370
    15
100
AcDbLine
 10
3666.865923959675
 20
2368.601349692192
 30
0.0
 11
3666.565923959673
 21
2368.081734449921
 31
0.0
  0
LINE
  5
37E
330
33B
100
AcDbEntity
  8
0
  6
Continuous
 62
     7
370
    15
100
AcDbLine
 10
3666.565923959673
 20
2364.320964934463
 30
0.0
 11
3666.865923959675
 21
2363.801349692192
 31
0.0
  0
LINE
  5
37F
330
33B
100
AcDbEntity
  8
0
  6
Continuous
 62
     7
370
    15
100
AcDbLine
 10
3665.465923959672
 20
2363.801349692192
 30
0.0
 11
3665.765923959674
 21
2364.320964934463
 31
0.0
  0
LINE
  5
380
330
33B
100
AcDbEntity
  8
0
  6
Continuous
 62
     7
370
    15
100
AcDbLine
 10
3665.765923959674
 20
2368.081734449921
 30
0.0
 11
3665.465923959672
 21
2368.601349692192
 31
0.0
  0
LINE
  5
381
330
33B
100
AcDbEntity
  8
0
  6
Continuous
 62
     7
370
    15
100
AcDbLine
 10
3665.265923959673
 20
2363.801349692192
 30
0.0
 11
3665.465923959672
 21
2363.801349692192
 31
0.0
  0
LINE
  5
382
330
33B
100
AcDbEntity
  8
0
  6
Continuous
 62
     7
370
    15
100
AcDbLine
 10
3665.465923959672
 20
2368.601349692192
 30
0.0
 11
3665.265923959673
 21
2368.601349692192
 31
0.0
  0
LINE
  5
383
330
33B
100
AcDbEntity
  8
0
  6
Continuous
 62
     7
370
    15
100
AcDbLine
 10
3665.265923959673
 20
2368.601349692192
 30
0.0
 11
3664.965923959673
 21
2368.081734449921
 31
0.0
  0
LINE
  5
384
330
33B
100
AcDbEntity
  8
0
  6
Continuous
 62
     7
370
    15
100
AcDbLine
 10
3664.965923959673
 20
2364.320964934463
 30
0.0
 11
3665.265923959673
 21
2363.801349692192
 31
0.0
  0
LINE
  5
385
330
33B
100
AcDbEntity
  8
0
  6
Continuous
 62
     7
370
    15
100
AcDbLine
 10
3663.865923959674
 20
2363.801349692192
 30
0.0
 11
3664.165923959673
 21
2364.320964934463
 31
0.0
  0
LINE
  5
386
330
33B
100
AcDbEntity
  8
0
  6
Continuous
 62
     7
370
    15
100
AcDbLine
 10
3664.165923959673
 20
2368.081734449921
 30
0.0
 11
3663.865923959674
 21
2368.601349692192
 31
0.0
  0
LINE
  5
387
330
33B
100
AcDbEntity
  8
0
  6
Continuous
 62
     7
370
    15
100
AcDbLine
 10
3663.665923959673
 20
2363.801349692192
 30
0.0
 11
3663.865923959674
 21
2363.801349692192
 31
0.0
  0
LINE
  5
388
330
33B
100
AcDbEntity
  8
0
  6
Continuous
 62
     7
370
    15
100
AcDbLine
 10
3663.865923959674
 20
2368.601349692192
 30
0.0
 11
3663.665923959673
 21
2368.601349692192
 31
0.0
  0
LINE
  5
389
330
33B
100
AcDbEntity
  8
0
  6
Continuous
 62
     7
370
    15
100
AcDbLine
 10
3663.665923959673
 20
2368.601349692192
 30
0.0
 11
3663.365923959673
 21
2368.081734449921
 31
0.0
  0
LINE
  5
38A
330
33B
100
AcDbEntity
  8
0
  6
Continuous
 62
     7
370
    15
100
AcDbLine
 10
3663.365923959673
 20
2364.320964934463
 30
0.0
 11
3663.665923959673
 21
2363.801349692192
 31
0.0
  0
LINE
  5
38B
330
33B
100
AcDbEntity
  8
0
  6
Continuous
 62
     7
370
    15
100
AcDbLine
 10
3662.265923959673
 20
2363.801349692192
 30
0.0
 11
3662.565923959673
 21
2364.320964934463
 31
0.0
  0
LINE
  5
38C
330
33B
100
AcDbEntity
  8
0
  6
Continuous
 62
     7
370
    15
100
AcDbLine
 10
3662.565923959673
 20
2368.081734449921
 30
0.0
 11
3662.265923959673
 21
2368.601349692192
 31
0.0
  0
LINE
  5
38D
330
33B
100
AcDbEntity
  8
0
  6
Continuous
 62
     7
370
    15
100
AcDbLine
 10
3662.065923959673
 20
2363.801349692192
 30
0.0
 11
3662.265923959673
 21
2363.801349692192
 31
0.0
  0
LINE
  5
38E
330
33B
100
AcDbEntity
  8
0
  6
Continuous
 62
     7
370
    15
100
AcDbLine
 10
3662.265923959673
 20
2368.601349692192
 30
0.0
 11
3662.065923959673
 21
2368.601349692192
 31
0.0
  0
LINE
  5
38F
330
33B
100
AcDbEntity
  8
0
  6
Continuous
 62
     7
370
    15
100
AcDbLine
 10
3662.065923959673
 20
2368.601349692192
 30
0.0
 11
3661.765923959673
 21
2368.081734449921
 31
0.0
  0
LINE
  5
390
330
33B
100
AcDbEntity
  8
0
  6
Continuous
 62
     7
370
    15
100
AcDbLine
 10
3661.765923959673
 20
2364.320964934463
 30
0.0
 11
3662.065923959673
 21
2363.801349692192
 31
0.0
  0
LINE
  5
391
330
33B
100
AcDbEntity
  8
0
  6
Continuous
 62
     7
370
    15
100
AcDbLine
 10
3660.665923959673
 20
2363.801349692192
 30
0.0
 11
3660.965923959673
 21
2364.320964934463
 31
0.0
  0
LINE
  5
392
330
33B
100
AcDbEntity
  8
0
  6
Continuous
 62
     7
370
    15
100
AcDbLine
 10
3660.965923959673
 20
2368.081734449921
 30
0.0
 11
3660.665923959673
 21
2368.601349692192
 31
0.0
  0
LINE
  5
393
330
33B
100
AcDbEntity
  8
0
  6
Continuous
 62
     7
370
    15
100
AcDbLine
 10
3660.465923959673
 20
2363.801349692192
 30
0.0
 11
3660.665923959673
 21
2363.801349692192
 31
0.0
  0
LINE
  5
394
330
33B
100
AcDbEntity
  8
0
  6
Continuous
 62
     7
370
    15
100
AcDbLine
 10
3660.665923959673
 20
2368.601349692192
 30
0.0
 11
3660.465923959673
 21
2368.601349692192
 31
0.0
  0
LINE
  5
395
330
33B
100
AcDbEntity
  8
0
  6
Continuous
 62
     7
370
    15
100
AcDbLine
 10
3660.465923959673
 20
2368.601349692192
 30
0.0
 11
3660.165923959673
 21
2368.081734449921
 31
0.0
  0
LINE
  5
396
330
33B
100
AcDbEntity
  8
0
  6
Continuous
 62
     7
370
    15
100
AcDbLine
 10
3660.165923959673
 20
2364.320964934463
 30
0.0
 11
3660.465923959673
 21
2363.801349692192
 31
0.0
  0
LINE
  5
397
330
33B
100
AcDbEntity
  8
0
  6
Continuous
 62
     7
370
    15
100
AcDbLine
 10
3659.065923959673
 20
2363.801349692192
 30
0.0
 11
3659.365923959672
 21
2364.320964934463
 31
0.0
  0
LINE
  5
398
330
33B
100
AcDbEntity
  8
0
  6
Continuous
 62
     7
370
    15
100
AcDbLine
 10
3659.365923959672
 20
2368.081734449921
 30
0.0
 11
3659.065923959673
 21
2368.601349692192
 31
0.0
  0
LINE
  5
399
330
33B
100
AcDbEntity
  8
0
  6
Continuous
 62
     7
370
    15
100
AcDbLine
 10
3658.865923959673
 20
2363.801349692192
 30
0.0
 11
3659.065923959673
 21
2363.801349692192
 31
0.0
  0
LINE
  5
39A
330
33B
100
AcDbEntity
  8
0
  6
Continuous
 62
     7
370
    15
100
AcDbLine
 10
3659.065923959673
 20
2368.601349692192
 30
0.0
 11
3658.865923959673
 21
2368.601349692192
 31
0.0
  0
LINE
  5
39B
330
33B
100
AcDbEntity
  8
0
  6
Continuous
 62
     7
370
    15
100
AcDbLine
 10
3658.865923959673
 20
2368.601349692192
 30
0.0
 11
3658.565923959673
 21
2368.081734449921
 31
0.0
  0
LINE
  5
39C
330
33B
100
AcDbEntity
  8
0
  6
Continuous
 62
     7
370
    15
100
AcDbLine
 10
3658.565923959673
 20
2364.320964934463
 30
0.0
 11
3658.865923959673
 21
2363.801349692192
 31
0.0
  0
LINE
  5
39D
330
33B
100
AcDbEntity
  8
0
  6
Continuous
 62
     7
370
    15
100
AcDbLine
 10
3657.465923959673
 20
2363.801349692192
 30
0.0
 11
3657.765923959673
 21
2364.320964934463
 31
0.0
  0
LINE
  5
39E
330
33B
100
AcDbEntity
  8
0
  6
Continuous
 62
     7
370
    15
100
AcDbLine
 10
3657.765923959673
 20
2368.081734449921
 30
0.0
 11
3657.465923959673
 21
2368.601349692192
 31
0.0
  0
LINE
  5
39F
330
33B
100
AcDbEntity
  8
0
  6
Continuous
 62
     7
370
    15
100
AcDbLine
 10
3657.265923959673
 20
2363.801349692192
 30
0.0
 11
3657.465923959673
 21
2363.801349692192
 31
0.0
  0
LINE
  5
3A0
330
33B
100
AcDbEntity
  8
0
  6
Continuous
 62
     7
370
    15
100
AcDbLine
 10
3657.465923959673
 20
2368.601349692192
 30
0.0
 11
3657.265923959673
 21
2368.601349692192
 31
0.0
  0
LINE
  5
3A1
330
33B
100
AcDbEntity
  8
0
  6
Continuous
 62
     7
370
    15
100
AcDbLine
 10
3657.265923959673
 20
2368.601349692192
 30
0.0
 11
3656.965923959673
 21
2368.081734449921
 31
0.0
  0
LINE
  5
3A2
330
33B
100
AcDbEntity
  8
0
  6
Continuous
 62
     7
370
    15
100
AcDbLine
 10
3656.965923959673
 20
2364.320964934463
 30
0.0
 11
3657.265923959673
 21
2363.801349692192
 31
0.0
  0
LINE
  5
3A3
330
33B
100
AcDbEntity
  8
0
  6
Continuous
 62
     7
370
    15
100
AcDbLine
 10
3655.865923959674
 20
2363.801349692192
 30
0.0
 11
3656.165923959673
 21
2364.320964934463
 31
0.0
  0
LINE
  5
3A4
330
33B
100
AcDbEntity
  8
0
  6
Continuous
 62
     7
370
    15
100
AcDbLine
 10
3656.165923959673
 20
2368.081734449921
 30
0.0
 11
3655.865923959674
 21
2368.601349692192
 31
0.0
  0
LINE
  5
3A5
330
33B
100
AcDbEntity
  8
0
  6
Continuous
 62
     7
370
    15
100
AcDbLine
 10
3655.665923959674
 20
2363.801349692192
 30
0.0
 11
3655.865923959674
 21
2363.801349692192
 31
0.0
  0
LINE
  5
3A6
330
33B
100
AcDbEntity
  8
0
  6
Continuous
 62
     7
370
    15
100
AcDbLine
 10
3655.865923959674
 20
2368.601349692192
 30
0.0
 11
3655.665923959674
 21
2368.601349692192
 31
0.0
  0
LINE
  5
3A7
330
33B
100
AcDbEntity
  8
0
  6
Continuous
 62
     7
370
    15
100
AcDbLine
 10
3655.665923959674
 20
2368.601349692192
 30
0.0
 11
3655.365923959673
 21
2368.081734449921
 31
0.0
  0
LINE
  5
3A8
330
33B
100
AcDbEntity
  8
0
  6
Continuous
 62
     7
370
    15
100
AcDbLine
 10
3655.365923959673
 20
2364.320964934463
 30
0.0
 11
3655.665923959674
 21
2363.801349692192
 31
0.0
  0
LINE
  5
3A9
330
33B
100
AcDbEntity
  8
0
  6
Continuous
 62
     7
370
    15
100
AcDbLine
 10
3654.265923959673
 20
2363.801349692192
 30
0.0
 11
3654.565923959673
 21
2364.320964934463
 31
0.0
  0
LINE
  5
3AA
330
33B
100
AcDbEntity
  8
0
  6
Continuous
 62
     7
370
    15
100
AcDbLine
 10
3654.565923959673
 20
2368.081734449921
 30
0.0
 11
3654.265923959673
 21
2368.601349692192
 31
0.0
  0
LINE
  5
3AB
330
33B
100
AcDbEntity
  8
0
  6
Continuous
 62
     7
370
    15
100
AcDbLine
 10
3654.065923959673
 20
2363.801349692192
 30
0.0
 11
3654.265923959673
 21
2363.801349692192
 31
0.0
  0
LINE
  5
3AC
330
33B
100
AcDbEntity
  8
0
  6
Continuous
 62
     7
370
    15
100
AcDbLine
 10
3654.265923959673
 20
2368.601349692192
 30
0.0
 11
3654.065923959673
 21
2368.601349692192
 31
0.0
  0
LINE
  5
3AD
330
33B
100
AcDbEntity
  8
0
  6
Continuous
 62
     7
370
    15
100
AcDbLine
 10
3654.065923959673
 20
2368.601349692192
 30
0.0
 11
3653.765923959673
 21
2368.081734449921
 31
0.0
  0
LINE
  5
3AE
330
33B
100
AcDbEntity
  8
0
  6
Continuous
 62
     7
370
    15
100
AcDbLine
 10
3653.765923959673
 20
2364.320964934463
 30
0.0
 11
3654.065923959673
 21
2363.801349692192
 31
0.0
  0
LINE
  5
3AF
330
33B
100
AcDbEntity
  8
0
  6
Continuous
 62
     7
370
    15
100
AcDbLine
 10
3652.665923959673
 20
2363.801349692192
 30
0.0
 11
3652.965923959673
 21
2364.320964934463
 31
0.0
  0
LINE
  5
3B0
330
33B
100
AcDbEntity
  8
0
  6
Continuous
 62
     7
370
    15
100
AcDbLine
 10
3652.965923959673
 20
2368.081734449921
 30
0.0
 11
3652.665923959673
 21
2368.601349692192
 31
0.0
  0
LINE
  5
3B1
330
33B
100
AcDbEntity
  8
0
  6
Continuous
 62
     7
370
    15
100
AcDbLine
 10
3652.465923959673
 20
2363.801349692192
 30
0.0
 11
3652.665923959673
 21
2363.801349692192
 31
0.0
  0
LINE
  5
3B2
330
33B
100
AcDbEntity
  8
0
  6
Continuous
 62
     7
370
    15
100
AcDbLine
 10
3652.665923959673
 20
2368.601349692192
 30
0.0
 11
3652.465923959673
 21
2368.601349692192
 31
0.0
  0
LINE
  5
3B3
330
33B
100
AcDbEntity
  8
0
  6
Continuous
 62
     7
370
    15
100
AcDbLine
 10
3652.465923959673
 20
2368.601349692192
 30
0.0
 11
3652.165923959673
 21
2368.081734449921
 31
0.0
  0
LINE
  5
3B4
330
33B
100
AcDbEntity
  8
0
  6
Continuous
 62
     7
370
    15
100
AcDbLine
 10
3652.165923959673
 20
2364.320964934463
 30
0.0
 11
3652.465923959673
 21
2363.801349692192
 31
0.0
  0
LINE
  5
3B5
330
33B
100
AcDbEntity
  8
0
  6
Continuous
 62
     7
370
    15
100
AcDbLine
 10
3651.065923959674
 20
2363.801349692192
 30
0.0
 11
3651.365923959673
 21
2364.320964934463
 31
0.0
  0
LINE
  5
3B6
330
33B
100
AcDbEntity
  8
0
  6
Continuous
 62
     7
370
    15
100
AcDbLine
 10
3651.365923959673
 20
2368.081734449921
 30
0.0
 11
3651.065923959674
 21
2368.601349692192
 31
0.0
  0
LINE
  5
3B7
330
33B
100
AcDbEntity
  8
0
  6
Continuous
 62
     7
370
    15
100
AcDbLine
 10
3650.865923959673
 20
2363.801349692192
 30
0.0
 11
3651.065923959674
 21
2363.801349692192
 31
0.0
  0
LINE
  5
3B8
330
33B
100
AcDbEntity
  8
0
  6
Continuous
 62
     7
370
    15
100
AcDbLine
 10
3651.065923959674
 20
2368.601349692192
 30
0.0
 11
3650.865923959673
 21
2368.601349692192
 31
0.0
  0
LINE
  5
3B9
330
33B
100
AcDbEntity
  8
0
  6
Continuous
 62
     7
370
    15
100
AcDbLine
 10
3650.865923959673
 20
2368.601349692192
 30
0.0
 11
3650.565923959673
 21
2368.081734449921
 31
0.0
  0
LINE
  5
3BA
330
33B
100
AcDbEntity
  8
0
  6
Continuous
 62
     7
370
    15
100
AcDbLine
 10
3650.565923959673
 20
2364.320964934463
 30
0.0
 11
3650.865923959673
 21
2363.801349692192
 31
0.0
  0
LINE
  5
3BB
330
33B
100
AcDbEntity
  8
0
  6
Continuous
 62
     7
370
    15
100
AcDbLine
 10
3649.465923959673
 20
2363.801349692192
 30
0.0
 11
3649.765923959673
 21
2364.320964934463
 31
0.0
  0
LINE
  5
3BC
330
33B
100
AcDbEntity
  8
0
  6
Continuous
 62
     7
370
    15
100
AcDbLine
 10
3649.765923959673
 20
2368.081734449921
 30
0.0
 11
3649.465923959673
 21
2368.601349692192
 31
0.0
  0
LINE
  5
3BD
330
33B
100
AcDbEntity
  8
0
  6
Continuous
 62
     7
370
    15
100
AcDbLine
 10
3649.265923959673
 20
2363.801349692192
 30
0.0
 11
3649.465923959673
 21
2363.801349692192
 31
0.0
  0
LINE
  5
3BE
330
33B
100
AcDbEntity
  8
0
  6
Continuous
 62
     7
370
    15
100
AcDbLine
 10
3649.465923959673
 20
2368.601349692192
 30
0.0
 11
3649.265923959673
 21
2368.601349692192
 31
0.0
  0
LINE
  5
3BF
330
33B
100
AcDbEntity
  8
0
  6
Continuous
 62
     7
370
    15
100
AcDbLine
 10
3649.265923959673
 20
2368.601349692192
 30
0.0
 11
3648.965923959674
 21
2368.081734449921
 31
0.0
  0
LINE
  5
3C0
330
33B
100
AcDbEntity
  8
0
  6
Continuous
 62
     7
370
    15
100
AcDbLine
 10
3648.965923959674
 20
2364.320964934463
 30
0.0
 11
3649.265923959673
 21
2363.801349692192
 31
0.0
  0
LINE
  5
3C1
330
33B
100
AcDbEntity
  8
0
  6
Continuous
 62
     7
370
    15
100
AcDbLine
 10
3647.865923959673
 20
2363.801349692192
 30
0.0
 11
3648.165923959673
 21
2364.320964934463
 31
0.0
  0
LINE
  5
3C2
330
33B
100
AcDbEntity
  8
0
  6
Continuous
 62
     7
370
    15
100
AcDbLine
 10
3648.165923959673
 20
2368.081734449921
 30
0.0
 11
3647.865923959673
 21
2368.601349692192
 31
0.0
  0
LINE
  5
3C3
330
33B
100
AcDbEntity
  8
0
  6
Continuous
 62
     7
370
    15
100
AcDbLine
 10
3647.665923959673
 20
2363.801349692192
 30
0.0
 11
3647.865923959673
 21
2363.801349692192
 31
0.0
  0
LINE
  5
3C4
330
33B
100
AcDbEntity
  8
0
  6
Continuous
 62
     7
370
    15
100
AcDbLine
 10
3647.865923959673
 20
2368.601349692192
 30
0.0
 11
3647.665923959673
 21
2368.601349692192
 31
0.0
  0
LINE
  5
3C5
330
33B
100
AcDbEntity
  8
0
  6
Continuous
 62
     7
370
    15
100
AcDbLine
 10
3647.665923959673
 20
2368.601349692192
 30
0.0
 11
3647.365923959674
 21
2368.081734449921
 31
0.0
  0
LINE
  5
3C6
330
33B
100
AcDbEntity
  8
0
  6
Continuous
 62
     7
370
    15
100
AcDbLine
 10
3647.365923959674
 20
2364.320964934463
 30
0.0
 11
3647.665923959673
 21
2363.801349692192
 31
0.0
  0
LINE
  5
3C7
330
33B
100
AcDbEntity
  8
0
  6
Continuous
 62
     7
370
    15
100
AcDbLine
 10
3646.265923959673
 20
2363.801349692192
 30
0.0
 11
3646.565923959673
 21
2364.320964934463
 31
0.0
  0
LINE
  5
3C8
330
33B
100
AcDbEntity
  8
0
  6
Continuous
 62
     7
370
    15
100
AcDbLine
 10
3646.565923959673
 20
2368.081734449921
 30
0.0
 11
3646.265923959673
 21
2368.601349692192
 31
0.0
  0
LINE
  5
3C9
330
33B
100
AcDbEntity
  8
0
  6
Continuous
 62
     7
370
    15
100
AcDbLine
 10
3646.065923959673
 20
2363.801349692192
 30
0.0
 11
3646.265923959673
 21
2363.801349692192
 31
0.0
  0
LINE
  5
3CA
330
33B
100
AcDbEntity
  8
0
  6
Continuous
 62
     7
370
    15
100
AcDbLine
 10
3646.265923959673
 20
2368.601349692192
 30
0.0
 11
3646.065923959673
 21
2368.601349692192
 31
0.0
  0
LINE
  5
3CB
330
33B
100
AcDbEntity
  8
0
  6
Continuous
 62
     7
370
    15
100
AcDbLine
 10
3646.065923959673
 20
2368.601349692192
 30
0.0
 11
3645.765923959673
 21
2368.081734449921
 31
0.0
  0
LINE
  5
3CC
330
33B
100
AcDbEntity
  8
0
  6
Continuous
 62
     7
370
    15
100
AcDbLine
 10
3645.765923959673
 20
2364.320964934463
 30
0.0
 11
3646.065923959673
 21
2363.801349692192
 31
0.0
  0
LINE
  5
3CD
330
33B
100
AcDbEntity
  8
0
  6
Continuous
 62
     7
370
    15
100
AcDbLine
 10
3644.665923959673
 20
2363.801349692192
 30
0.0
 11
3644.965923959674
 21
2364.320964934463
 31
0.0
  0
LINE
  5
3CE
330
33B
100
AcDbEntity
  8
0
  6
Continuous
 62
     7
370
    15
100
AcDbLine
 10
3644.965923959674
 20
2368.081734449921
 30
0.0
 11
3644.665923959673
 21
2368.601349692192
 31
0.0
  0
LINE
  5
3CF
330
33B
100
AcDbEntity
  8
0
  6
Continuous
 62
     7
370
    15
100
AcDbLine
 10
3644.465923959673
 20
2363.801349692192
 30
0.0
 11
3644.665923959673
 21
2363.801349692192
 31
0.0
  0
LINE
  5
3D0
330
33B
100
AcDbEntity
  8
0
  6
Continuous
 62
     7
370
    15
100
AcDbLine
 10
3644.665923959673
 20
2368.601349692192
 30
0.0
 11
3644.465923959673
 21
2368.601349692192
 31
0.0
  0
LINE
  5
3D1
330
33B
100
AcDbEntity
  8
0
  6
Continuous
 62
     7
370
    15
100
AcDbLine
 10
3644.465923959673
 20
2368.601349692192
 30
0.0
 11
3644.165923959673
 21
2368.081734449921
 31
0.0
  0
LINE
  5
3D2
330
33B
100
AcDbEntity
  8
0
  6
Continuous
 62
     7
370
    15
100
AcDbLine
 10
3644.165923959673
 20
2364.320964934463
 30
0.0
 11
3644.465923959673
 21
2363.801349692192
 31
0.0
  0
LINE
  5
3D3
330
33B
100
AcDbEntity
  8
0
  6
Continuous
 62
     7
370
    15
100
AcDbLine
 10
3643.065923959673
 20
2363.801349692192
 30
0.0
 11
3643.365923959674
 21
2364.320964934463
 31
0.0
  0
LINE
  5
3D4
330
33B
100
AcDbEntity
  8
0
  6
Continuous
 62
     7
370
    15
100
AcDbLine
 10
3643.365923959674
 20
2368.081734449921
 30
0.0
 11
3643.065923959673
 21
2368.601349692192
 31
0.0
  0
LINE
  5
3D5
330
33B
100
AcDbEntity
  8
0
  6
Continuous
 62
     7
370
    15
100
AcDbLine
 10
3642.865923959674
 20
2363.801349692192
 30
0.0
 11
3643.065923959673
 21
2363.801349692192
 31
0.0
  0
LINE
  5
3D6
330
33B
100
AcDbEntity
  8
0
  6
Continuous
 62
     7
370
    15
100
AcDbLine
 10
3643.065923959673
 20
2368.601349692192
 30
0.0
 11
3642.865923959674
 21
2368.601349692192
 31
0.0
  0
LINE
  5
3D7
330
33B
100
AcDbEntity
  8
0
  6
Continuous
 62
     7
370
    15
100
AcDbLine
 10
3642.865923959674
 20
2368.601349692192
 30
0.0
 11
3642.565923959673
 21
2368.081734449921
 31
0.0
  0
LINE
  5
3D8
330
33B
100
AcDbEntity
  8
0
  6
Continuous
 62
     7
370
    15
100
AcDbLine
 10
3642.565923959673
 20
2364.320964934463
 30
0.0
 11
3642.865923959674
 21
2363.801349692192
 31
0.0
  0
LINE
  5
3D9
330
33B
100
AcDbEntity
  8
0
  6
Continuous
 62
     7
370
    15
100
AcDbLine
 10
3641.635990967628
 20
2364.095914390661
 30
0.0
 11
3641.765923959673
 21
2364.320964934463
 31
0.0
  0
LINE
  5
3DA
330
33B
100
AcDbEntity
  8
0
  6
Continuous
 62
     7
370
    15
100
AcDbLine
 10
3641.765923959673
 20
2368.081734449921
 30
0.0
 11
3641.635990967628
 21
2368.306784993722
 31
0.0
  0
LINE
  5
3DB
330
33B
100
AcDbEntity
  8
0
  6
Continuous
 62
     7
370
    15
100
AcDbLine
 10
3641.635990967628
 20
2368.306784993722
 30
0.0
 11
3637.865923959675
 21
2366.211182968417
 31
0.0
  0
LINE
  5
3DC
330
33B
100
AcDbEntity
  8
0
  6
Continuous
 62
     7
370
    15
100
AcDbLine
 10
3637.865923959675
 20
2366.191516415968
 30
0.0
 11
3641.635990967628
 21
2364.095914390661
 31
0.0
  0
LINE
  5
3DD
330
33B
100
AcDbEntity
  8
0
  6
Continuous
 62
     7
370
    15
100
AcDbLine
 10
3681.765923959673
 20
2364.320964934463
 30
0.0
 11
3682.565923959673
 21
2364.320964934463
 31
0.0
  0
LINE
  5
3DE
330
33B
100
AcDbEntity
  8
0
  6
Continuous
 62
     7
370
    15
100
AcDbLine
 10
3682.565923959673
 20
2368.081734449921
 30
0.0
 11
3681.765923959673
 21
2368.081734449921
 31
0.0
  0
LINE
  5
3DF
330
33B
100
AcDbEntity
  8
0
  6
Continuous
 62
     7
370
    15
100
AcDbLine
 10
3680.165923959673
 20
2364.320964934463
 30
0.0
 11
3680.965923959674
 21
2364.320964934463
 31
0.0
  0
LINE
  5
3E0
330
33B
100
AcDbEntity
  8
0
  6
Continuous
 62
     7
370
    15
100
AcDbLine
 10
3680.965923959674
 20
2368.081734449921
 30
0.0
 11
3680.165923959673
 21
2368.081734449921
 31
0.0
  0
LINE
  5
3E1
330
33B
100
AcDbEntity
  8
0
  6
Continuous
 62
     7
370
    15
100
AcDbLine
 10
3678.565923959673
 20
2364.320964934463
 30
0.0
 11
3679.365923959674
 21
2364.320964934463
 31
0.0
  0
LINE
  5
3E2
330
33B
100
AcDbEntity
  8
0
  6
Continuous
 62
     7
370
    15
100
AcDbLine
 10
3679.365923959674
 20
2368.081734449921
 30
0.0
 11
3678.565923959673
 21
2368.081734449921
 31
0.0
  0
LINE
  5
3E3
330
33B
100
AcDbEntity
  8
0
  6
Continuous
 62
     7
370
    15
100
AcDbLine
 10
3676.965923959674
 20
2364.320964934463
 30
0.0
 11
3677.765923959673
 21
2364.320964934463
 31
0.0
  0
LINE
  5
3E4
330
33B
100
AcDbEntity
  8
0
  6
Continuous
 62
     7
370
    15
100
AcDbLine
 10
3677.765923959673
 20
2368.081734449921
 30
0.0
 11
3676.965923959674
 21
2368.081734449921
 31
0.0
  0
LINE
  5
3E5
330
33B
100
AcDbEntity
  8
0
  6
Continuous
 62
     7
370
    15
100
AcDbLine
 10
3675.365923959674
 20
2364.320964934463
 30
0.0
 11
3676.165923959673
 21
2364.320964934463
 31
0.0
  0
LINE
  5
3E6
330
33B
100
AcDbEntity
  8
0
  6
Continuous
 62
     7
370
    15
100
AcDbLine
 10
3676.165923959673
 20
2368.081734449921
 30
0.0
 11
3675.365923959674
 21
2368.081734449921
 31
0.0
  0
LINE
  5
3E7
330
33B
100
AcDbEntity
  8
0
  6
Continuous
 62
     7
370
    15
100
AcDbLine
 10
3673.765923959673
 20
2364.320964934463
 30
0.0
 11
3674.565923959673
 21
2364.320964934463
 31
0.0
  0
LINE
  5
3E8
330
33B
100
AcDbEntity
  8
0
  6
Continuous
 62
     7
370
    15
100
AcDbLine
 10
3674.565923959673
 20
2368.081734449921
 30
0.0
 11
3673.765923959673
 21
2368.081734449921
 31
0.0
  0
LINE
  5
3E9
330
33B
100
AcDbEntity
  8
0
  6
Continuous
 62
     7
370
    15
100
AcDbLine
 10
3672.165923959673
 20
2364.320964934463
 30
0.0
 11
3672.965923959675
 21
2364.320964934463
 31
0.0
  0
LINE
  5
3EA
330
33B
100
AcDbEntity
  8
0
  6
Continuous
 62
     7
370
    15
100
AcDbLine
 10
3672.965923959675
 20
2368.081734449921
 30
0.0
 11
3672.165923959673
 21
2368.081734449921
 31
0.0
  0
LINE
  5
3EB
330
33B
100
AcDbEntity
  8
0
  6
Continuous
 62
     7
370
    15
100
AcDbLine
 10
3670.565923959673
 20
2364.320964934463
 30
0.0
 11
3671.365923959673
 21
2364.320964934463
 31
0.0
  0
LINE
  5
3EC
330
33B
100
AcDbEntity
  8
0
  6
Continuous
 62
     7
370
    15
100
AcDbLine
 10
3671.365923959673
 20
2368.081734449921
 30
0.0
 11
3670.565923959673
 21
2368.081734449921
 31
0.0
  0
LINE
  5
3ED
330
33B
100
AcDbEntity
  8
0
  6
Continuous
 62
     7
370
    15
100
AcDbLine
 10
3668.965923959673
 20
2364.320964934463
 30
0.0
 11
3669.765923959673
 21
2364.320964934463
 31
0.0
  0
LINE
  5
3EE
330
33B
100
AcDbEntity
  8
0
  6
Continuous
 62
     7
370
    15
100
AcDbLine
 10
3669.765923959673
 20
2368.081734449921
 30
0.0
 11
3668.965923959673
 21
2368.081734449921
 31
0.0
  0
LINE
  5
3EF
330
33B
100
AcDbEntity
  8
0
  6
Continuous
 62
     7
370
    15
100
AcDbLine
 10
3667.365923959673
 20
2364.320964934463
 30
0.0
 11
3668.165923959673
 21
2364.320964934463
 31
0.0
  0
LINE
  5
3F0
330
33B
100
AcDbEntity
  8
0
  6
Continuous
 62
     7
370
    15
100
AcDbLine
 10
3668.165923959673
 20
2368.081734449921
 30
0.0
 11
3667.365923959673
 21
2368.081734449921
 31
0.0
  0
LINE
  5
3F1
330
33B
100
AcDbEntity
  8
0
  6
Continuous
 62
     7
370
    15
100
AcDbLine
 10
3665.765923959674
 20
2364.320964934463
 30
0.0
 11
3666.565923959673
 21
2364.320964934463
 31
0.0
  0
LINE
  5
3F2
330
33B
100
AcDbEntity
  8
0
  6
Continuous
 62
     7
370
    15
100
AcDbLine
 10
3666.565923959673
 20
2368.081734449921
 30
0.0
 11
3665.765923959674
 21
2368.081734449921
 31
0.0
  0
LINE
  5
3F3
330
33B
100
AcDbEntity
  8
0
  6
Continuous
 62
     7
370
    15
100
AcDbLine
 10
3664.165923959673
 20
2364.320964934463
 30
0.0
 11
3664.965923959673
 21
2364.320964934463
 31
0.0
  0
LINE
  5
3F4
330
33B
100
AcDbEntity
  8
0
  6
Continuous
 62
     7
370
    15
100
AcDbLine
 10
3664.965923959673
 20
2368.081734449921
 30
0.0
 11
3664.165923959673
 21
2368.081734449921
 31
0.0
  0
LINE
  5
3F5
330
33B
100
AcDbEntity
  8
0
  6
Continuous
 62
     7
370
    15
100
AcDbLine
 10
3662.565923959673
 20
2364.320964934463
 30
0.0
 11
3663.365923959673
 21
2364.320964934463
 31
0.0
  0
LINE
  5
3F6
330
33B
100
AcDbEntity
  8
0
  6
Continuous
 62
     7
370
    15
100
AcDbLine
 10
3663.365923959673
 20
2368.081734449921
 30
0.0
 11
3662.565923959673
 21
2368.081734449921
 31
0.0
  0
LINE
  5
3F7
330
33B
100
AcDbEntity
  8
0
  6
Continuous
 62
     7
370
    15
100
AcDbLine
 10
3660.965923959673
 20
2364.320964934463
 30
0.0
 11
3661.765923959673
 21
2364.320964934463
 31
0.0
  0
LINE
  5
3F8
330
33B
100
AcDbEntity
  8
0
  6
Continuous
 62
     7
370
    15
100
AcDbLine
 10
3661.765923959673
 20
2368.081734449921
 30
0.0
 11
3660.965923959673
 21
2368.081734449921
 31
0.0
  0
LINE
  5
3F9
330
33B
100
AcDbEntity
  8
0
  6
Continuous
 62
     7
370
    15
100
AcDbLine
 10
3659.365923959672
 20
2364.320964934463
 30
0.0
 11
3660.165923959673
 21
2364.320964934463
 31
0.0
  0
LINE
  5
3FA
330
33B
100
AcDbEntity
  8
0
  6
Continuous
 62
     7
370
    15
100
AcDbLine
 10
3660.165923959673
 20
2368.081734449921
 30
0.0
 11
3659.365923959672
 21
2368.081734449921
 31
0.0
  0
LINE
  5
3FB
330
33B
100
AcDbEntity
  8
0
  6
Continuous
 62
     7
370
    15
100
AcDbLine
 10
3657.765923959673
 20
2364.320964934463
 30
0.0
 11
3658.565923959673
 21
2364.320964934463
 31
0.0
  0
LINE
  5
3FC
330
33B
100
AcDbEntity
  8
0
  6
Continuous
 62
     7
370
    15
100
AcDbLine
 10
3658.565923959673
 20
2368.081734449921
 30
0.0
 11
3657.765923959673
 21
2368.081734449921
 31
0.0
  0
LINE
  5
3FD
330
33B
100
AcDbEntity
  8
0
  6
Continuous
 62
     7
370
    15
100
AcDbLine
 10
3656.165923959673
 20
2364.320964934463
 30
0.0
 11
3656.965923959673
 21
2364.320964934463
 31
0.0
  0
LINE
  5
3FE
330
33B
100
AcDbEntity
  8
0
  6
Continuous
 62
     7
370
    15
100
AcDbLine
 10
3656.965923959673
 20
2368.081734449921
 30
0.0
 11
3656.165923959673
 21
2368.081734449921
 31
0.0
  0
LINE
  5
3FF
330
33B
100
AcDbEntity
  8
0
  6
Continuous
 62
     7
370
    15
100
AcDbLine
 10
3654.565923959673
 20
2364.320964934463
 30
0.0
 11
3655.365923959673
 21
2364.320964934463
 31
0.0
  0
LINE
  5
400
330
33B
100
AcDbEntity
  8
0
  6
Continuous
 62
     7
370
    15
100
AcDbLine
 10
3655.365923959673
 20
2368.081734449921
 30
0.0
 11
3654.565923959673
 21
2368.081734449921
 31
0.0
  0
LINE
  5
401
330
33B
100
AcDbEntity
  8
0
  6
Continuous
 62
     7
370
    15
100
AcDbLine
 10
3652.965923959673
 20
2364.320964934463
 30
0.0
 11
3653.765923959673
 21
2364.320964934463
 31
0.0
  0
LINE
  5
402
330
33B
100
AcDbEntity
  8
0
  6
Continuous
 62
     7
370
    15
100
AcDbLine
 10
3653.765923959673
 20
2368.081734449921
 30
0.0
 11
3652.965923959673
 21
2368.081734449921
 31
0.0
  0
LINE
  5
403
330
33B
100
AcDbEntity
  8
0
  6
Continuous
 62
     7
370
    15
100
AcDbLine
 10
3651.365923959673
 20
2364.320964934463
 30
0.0
 11
3652.165923959673
 21
2364.320964934463
 31
0.0
  0
LINE
  5
404
330
33B
100
AcDbEntity
  8
0
  6
Continuous
 62
     7
370
    15
100
AcDbLine
 10
3652.165923959673
 20
2368.081734449921
 30
0.0
 11
3651.365923959673
 21
2368.081734449921
 31
0.0
  0
LINE
  5
405
330
33B
100
AcDbEntity
  8
0
  6
Continuous
 62
     7
370
    15
100
AcDbLine
 10
3649.765923959673
 20
2364.320964934463
 30
0.0
 11
3650.565923959673
 21
2364.320964934463
 31
0.0
  0
LINE
  5
406
330
33B
100
AcDbEntity
  8
0
  6
Continuous
 62
     7
370
    15
100
AcDbLine
 10
3650.565923959673
 20
2368.081734449921
 30
0.0
 11
3649.765923959673
 21
2368.081734449921
 31
0.0
  0
LINE
  5
407
330
33B
100
AcDbEntity
  8
0
  6
Continuous
 62
     7
370
    15
100
AcDbLine
 10
3648.165923959673
 20
2364.320964934463
 30
0.0
 11
3648.965923959674
 21
2364.320964934463
 31
0.0
  0
LINE
  5
408
330
33B
100
AcDbEntity
  8
0
  6
Continuous
 62
     7
370
    15
100
AcDbLine
 10
3648.965923959674
 20
2368.081734449921
 30
0.0
 11
3648.165923959673
 21
2368.081734449921
 31
0.0
  0
LINE
  5
409
330
33B
100
AcDbEntity
  8
0
  6
Continuous
 62
     7
370
    15
100
AcDbLine
 10
3646.565923959673
 20
2364.320964934463
 30
0.0
 11
3647.365923959674
 21
2364.320964934463
 31
0.0
  0
LINE
  5
40A
330
33B
100
AcDbEntity
  8
0
  6
Continuous
 62
     7
370
    15
100
AcDbLine
 10
3647.365923959674
 20
2368.081734449921
 30
0.0
 11
3646.565923959673
 21
2368.081734449921
 31
0.0
  0
LINE
  5
40B
330
33B
100
AcDbEntity
  8
0
  6
Continuous
 62
     7
370
    15
100
AcDbLine
 10
3644.965923959674
 20
2364.320964934463
 30
0.0
 11
3645.765923959673
 21
2364.320964934463
 31
0.0
  0
LINE
  5
40C
330
33B
100
AcDbEntity
  8
0
  6
Continuous
 62
     7
370
    15
100
AcDbLine
 10
3645.765923959673
 20
2368.081734449921
 30
0.0
 11
3644.965923959674
 21
2368.081734449921
 31
0.0
  0
LINE
  5
40D
330
33B
100
AcDbEntity
  8
0
  6
Continuous
 62
     7
370
    15
100
AcDbLine
 10
3643.365923959674
 20
2364.320964934463
 30
0.0
 11
3644.165923959673
 21
2364.320964934463
 31
0.0
  0
LINE
  5
40E
330
33B
100
AcDbEntity
  8
0
  6
Continuous
 62
     7
370
    15
100
AcDbLine
 10
3644.165923959673
 20
2368.081734449921
 30
0.0
 11
3643.365923959674
 21
2368.081734449921
 31
0.0
  0
LINE
  5
40F
330
33B
100
AcDbEntity
  8
0
  6
Continuous
 62
     7
370
    15
100
AcDbLine
 10
3641.765923959673
 20
2364.320964934463
 30
0.0
 11
3642.565923959673
 21
2364.320964934463
 31
0.0
  0
LINE
  5
410
330
33B
100
AcDbEntity
  8
0
  6
Continuous
 62
     7
370
    15
100
AcDbLine
 10
3642.565923959673
 20
2368.081734449921
 30
0.0
 11
3641.765923959673
 21
2368.081734449921
 31
0.0
  0
SPLINE
  5
411
330
33B
100
AcDbEntity
  8
0
  6
Continuous
 62
     7
370
    15
100
AcDbSpline
210
0.0
220
0.0
230
1.0
 70
     8
 71
     3
 72
    10
 73
     6
 74
     0
 42
0.00000001
 43
0.0000000001
 40
0.0
 40
0.0
 40
0.0
 40
0.0
 40
0.5
 40
0.5
 40
1.0
 40
1.0
 40
1.0
 40
1.0
 10
3686.499247011562
 20
2368.562853738251
 30
0.0
 10
3686.521437292926
 20
2368.450930217539
 30
0.0
 10
3686.538135198468
 20
2368.337763914484
 30
0.0
 10
3686.560434716164
 20
2368.108920504681
 30
0.0
 10
3686.565923959673
 20
2367.993350475341
 30
0.0
 10
3686.565923959673
 20
2367.879679925137
 30
0.0
  0
LINE
  5
412
330
33B
100
AcDbEntity
  8
0
  6
Continuous
 62
     7
370
    15
100
AcDbLine
 10
3686.565923959673
 20
2367.879679925137
 30
0.0
 11
3686.565923959673
 21
2366.601349692192
 31
0.0
  0
SPLINE
  5
413
330
33B
100
AcDbEntity
  8
0
  6
Continuous
 62
     7
370
    15
100
AcDbSpline
210
0.0
220
0.0
230
1.0
 70
    24
 71
     3
 72
    12
 73
     8
 74
     0
 42
0.00000001
 43
0.0000000001
 40
0.0
 40
0.0
 40
0.0
 40
0.0
 40
0.25
 40
0.25
 40
0.5
 40
0.5
 40
1.0
 40
1.0
 40
1.0
 40
1.0
 10
3686.565923959673
 20
2366.601349692192
 30
0.0
 10
3686.565923959673
 20
2366.601349692192
 30
0.0
 10
3686.564402437278
 20
2366.601349692192
 30
0.0
 10
3686.558733929683
 20
2366.601349692192
 30
0.0
 10
3686.554523330904
 20
2366.601349692192
 30
0.0
 10
3686.537807484012
 20
2366.601349692192
 30
0.0
 10
3686.521225779529
 20
2366.601349692192
 30
0.0
 10
3686.499247011562
 20
2366.601349692192
 30
0.0
  0
SPLINE
  5
414
330
33B
100
AcDbEntity
  8
0
  6
Continuous
 62
     7
370
    15
100
AcDbSpline
210
0.0
220
0.0
230
1.0
 70
     8
 71
     3
 72
     8
 73
     4
 74
     0
 42
0.00000001
 43
0.0000000001
 40
0.0
 40
0.0
 40
0.0
 40
0.0
 40
1.0
 40
1.0
 40
1.0
 40
1.0
 10
3686.499247011562
 20
2366.601349692192
 30
0.0
 10
3686.507282535681
 20
2366.334683025525
 30
0.0
 10
3686.507282535681
 20
2366.068016358859
 30
0.0
 10
3686.499247011562
 20
2365.801349692192
 30
0.0
  0
SPLINE
  5
415
330
33B
100
AcDbEntity
  8
0
  6
Continuous
 62
     7
370
    15
100
AcDbSpline
210
0.0
220
0.0
230
1.0
 70
    24
 71
     3
 72
    10
 73
     6
 74
     0
 42
0.00000001
 43
0.0000000001
 40
0.0
 40
0.0
 40
0.0
 40
0.0
 40
0.5000000000000006
 40
0.5000000000000006
 40
1.0
 40
1.0
 40
1.0
 40
1.0
 10
3686.499247011562
 20
2365.801349692192
 30
0.0
 10
3686.521437292926
 20
2365.801349692192
 30
0.0
 10
3686.538135198468
 20
2365.801349692192
 30
0.0
 10
3686.560434716164
 20
2365.801349692192
 30
0.0
 10
3686.565923959673
 20
2365.801349692192
 30
0.0
 10
3686.565923959673
 20
2365.801349692192
 30
0.0
  0
LINE
  5
416
330
33B
100
AcDbEntity
  8
0
  6
Continuous
 62
     7
370
    15
100
AcDbLine
 10
3686.565923959673
 20
2365.801349692192
 30
0.0
 11
3686.565923959673
 21
2364.523019459246
 31
0.0
  0
SPLINE
  5
417
330
33B
100
AcDbEntity
  8
0
  6
Continuous
 62
     7
370
    15
100
AcDbSpline
210
0.0
220
0.0
230
1.0
 70
     8
 71
     3
 72
    12
 73
     8
 74
     0
 42
0.00000001
 43
0.0000000001
 40
0.0
 40
0.0
 40
0.0
 40
0.0
 40
0.2500000000000005
 40
0.2500000000000005
 40
0.500000000000001
 40
0.500000000000001
 40
1.0
 40
1.0
 40
1.0
 40
1.0
 10
3686.565923959673
 20
2364.523019459246
 30
0.0
 10
3686.565923959673
 20
2364.464227602764
 30
0.0
 10
3686.564402437278
 20
2364.403873482675
 30
0.0
 10
3686.558733929683
 20
2364.289464284876
 30
0.0
 10
3686.554523330904
 20
2364.232559465335
 30
0.0
 10
3686.537807484012
 20
2364.062734546818
 30
0.0
 10
3686.521225779529
 20
2363.950702333867
 30
0.0
 10
3686.499247011562
 20
2363.839845646133
 30
0.0
  0
LINE
  5
418
330
33B
100
AcDbEntity
  8
0
  6
Continuous
 62
     7
370
    15
100
AcDbLine
 10
3684.715923959674
 20
2370.951349692192
 30
0.0
 11
3684.715923959674
 21
2361.451349692192
 31
0.0
  0
LINE
  5
419
330
33B
100
AcDbEntity
  8
0
  6
Continuous
 62
     7
370
    15
100
AcDbLine
 10
3682.865923959673
 20
2370.951349692192
 30
0.0
 11
3682.865923959673
 21
2361.451349692192
 31
0.0
  0
LINE
  5
41A
330
33B
100
AcDbEntity
  8
0
  6
Continuous
 62
     7
370
    15
100
AcDbLine
 10
3682.565923959673
 20
2366.201349692192
 30
0.0
 11
3682.565923959673
 21
2368.081734449921
 31
0.0
  0
LINE
  5
41B
330
33B
100
AcDbEntity
  8
0
  6
Continuous
 62
     7
370
    15
100
AcDbLine
 10
3682.565923959673
 20
2364.320964934463
 30
0.0
 11
3682.565923959673
 21
2366.201349692192
 31
0.0
  0
LINE
  5
41C
330
33B
100
AcDbEntity
  8
0
  6
Continuous
 62
     7
370
    15
100
AcDbLine
 10
3681.765923959673
 20
2366.201349692192
 30
0.0
 11
3681.765923959673
 21
2368.081734449921
 31
0.0
  0
LINE
  5
41D
330
33B
100
AcDbEntity
  8
0
  6
Continuous
 62
     7
370
    15
100
AcDbLine
 10
3681.765923959673
 20
2364.320964934463
 30
0.0
 11
3681.765923959673
 21
2366.201349692192
 31
0.0
  0
LINE
  5
41E
330
33B
100
AcDbEntity
  8
0
  6
Continuous
 62
     7
370
    15
100
AcDbLine
 10
3681.465923959673
 20
2366.201349692192
 30
0.0
 11
3681.465923959673
 21
2368.601349692192
 31
0.0
  0
LINE
  5
41F
330
33B
100
AcDbEntity
  8
0
  6
Continuous
 62
     7
370
    15
100
AcDbLine
 10
3681.465923959673
 20
2363.801349692192
 30
0.0
 11
3681.465923959673
 21
2366.201349692192
 31
0.0
  0
LINE
  5
420
330
33B
100
AcDbEntity
  8
0
  6
Continuous
 62
     7
370
    15
100
AcDbLine
 10
3681.265923959673
 20
2366.201349692192
 30
0.0
 11
3681.265923959673
 21
2368.601349692192
 31
0.0
  0
LINE
  5
421
330
33B
100
AcDbEntity
  8
0
  6
Continuous
 62
     7
370
    15
100
AcDbLine
 10
3681.265923959673
 20
2363.801349692192
 30
0.0
 11
3681.265923959673
 21
2366.201349692192
 31
0.0
  0
LINE
  5
422
330
33B
100
AcDbEntity
  8
0
  6
Continuous
 62
     7
370
    15
100
AcDbLine
 10
3680.965923959674
 20
2366.201349692192
 30
0.0
 11
3680.965923959674
 21
2368.081734449921
 31
0.0
  0
LINE
  5
423
330
33B
100
AcDbEntity
  8
0
  6
Continuous
 62
     7
370
    15
100
AcDbLine
 10
3680.965923959674
 20
2364.320964934463
 30
0.0
 11
3680.965923959674
 21
2366.201349692192
 31
0.0
  0
LINE
  5
424
330
33B
100
AcDbEntity
  8
0
  6
Continuous
 62
     7
370
    15
100
AcDbLine
 10
3680.165923959673
 20
2366.201349692192
 30
0.0
 11
3680.165923959673
 21
2368.081734449921
 31
0.0
  0
LINE
  5
425
330
33B
100
AcDbEntity
  8
0
  6
Continuous
 62
     7
370
    15
100
AcDbLine
 10
3680.165923959673
 20
2364.320964934463
 30
0.0
 11
3680.165923959673
 21
2366.201349692192
 31
0.0
  0
LINE
  5
426
330
33B
100
AcDbEntity
  8
0
  6
Continuous
 62
     7
370
    15
100
AcDbLine
 10
3679.865923959673
 20
2366.201349692192
 30
0.0
 11
3679.865923959673
 21
2368.601349692192
 31
0.0
  0
LINE
  5
427
330
33B
100
AcDbEntity
  8
0
  6
Continuous
 62
     7
370
    15
100
AcDbLine
 10
3679.865923959673
 20
2363.801349692192
 30
0.0
 11
3679.865923959673
 21
2366.201349692192
 31
0.0
  0
LINE
  5
428
330
33B
100
AcDbEntity
  8
0
  6
Continuous
 62
     7
370
    15
100
AcDbLine
 10
3679.665923959673
 20
2366.201349692192
 30
0.0
 11
3679.665923959673
 21
2368.601349692192
 31
0.0
  0
LINE
  5
429
330
33B
100
AcDbEntity
  8
0
  6
Continuous
 62
     7
370
    15
100
AcDbLine
 10
3679.665923959673
 20
2363.801349692192
 30
0.0
 11
3679.665923959673
 21
2366.201349692192
 31
0.0
  0
LINE
  5
42A
330
33B
100
AcDbEntity
  8
0
  6
Continuous
 62
     7
370
    15
100
AcDbLine
 10
3679.365923959674
 20
2366.201349692192
 30
0.0
 11
3679.365923959674
 21
2368.081734449921
 31
0.0
  0
LINE
  5
42B
330
33B
100
AcDbEntity
  8
0
  6
Continuous
 62
     7
370
    15
100
AcDbLine
 10
3679.365923959674
 20
2364.320964934463
 30
0.0
 11
3679.365923959674
 21
2366.201349692192
 31
0.0
  0
LINE
  5
42C
330
33B
100
AcDbEntity
  8
0
  6
Continuous
 62
     7
370
    15
100
AcDbLine
 10
3678.565923959673
 20
2366.201349692192
 30
0.0
 11
3678.565923959673
 21
2368.081734449921
 31
0.0
  0
LINE
  5
42D
330
33B
100
AcDbEntity
  8
0
  6
Continuous
 62
     7
370
    15
100
AcDbLine
 10
3678.565923959673
 20
2364.320964934463
 30
0.0
 11
3678.565923959673
 21
2366.201349692192
 31
0.0
  0
LINE
  5
42E
330
33B
100
AcDbEntity
  8
0
  6
Continuous
 62
     7
370
    15
100
AcDbLine
 10
3678.265923959673
 20
2366.201349692192
 30
0.0
 11
3678.265923959673
 21
2368.601349692192
 31
0.0
  0
LINE
  5
42F
330
33B
100
AcDbEntity
  8
0
  6
Continuous
 62
     7
370
    15
100
AcDbLine
 10
3678.265923959673
 20
2363.801349692192
 30
0.0
 11
3678.265923959673
 21
2366.201349692192
 31
0.0
  0
LINE
  5
430
330
33B
100
AcDbEntity
  8
0
  6
Continuous
 62
     7
370
    15
100
AcDbLine
 10
3678.065923959673
 20
2366.201349692192
 30
0.0
 11
3678.065923959673
 21
2368.601349692192
 31
0.0
  0
LINE
  5
431
330
33B
100
AcDbEntity
  8
0
  6
Continuous
 62
     7
370
    15
100
AcDbLine
 10
3678.065923959673
 20
2363.801349692192
 30
0.0
 11
3678.065923959673
 21
2366.201349692192
 31
0.0
  0
LINE
  5
432
330
33B
100
AcDbEntity
  8
0
  6
Continuous
 62
     7
370
    15
100
AcDbLine
 10
3677.765923959673
 20
2366.201349692192
 30
0.0
 11
3677.765923959673
 21
2368.081734449921
 31
0.0
  0
LINE
  5
433
330
33B
100
AcDbEntity
  8
0
  6
Continuous
 62
     7
370
    15
100
AcDbLine
 10
3677.765923959673
 20
2364.320964934463
 30
0.0
 11
3677.765923959673
 21
2366.201349692192
 31
0.0
  0
LINE
  5
434
330
33B
100
AcDbEntity
  8
0
  6
Continuous
 62
     7
370
    15
100
AcDbLine
 10
3676.965923959674
 20
2366.201349692192
 30
0.0
 11
3676.965923959674
 21
2368.081734449921
 31
0.0
  0
LINE
  5
435
330
33B
100
AcDbEntity
  8
0
  6
Continuous
 62
     7
370
    15
100
AcDbLine
 10
3676.965923959674
 20
2364.320964934463
 30
0.0
 11
3676.965923959674
 21
2366.201349692192
 31
0.0
  0
LINE
  5
436
330
33B
100
AcDbEntity
  8
0
  6
Continuous
 62
     7
370
    15
100
AcDbLine
 10
3676.665923959673
 20
2366.201349692192
 30
0.0
 11
3676.665923959673
 21
2368.601349692192
 31
0.0
  0
LINE
  5
437
330
33B
100
AcDbEntity
  8
0
  6
Continuous
 62
     7
370
    15
100
AcDbLine
 10
3676.665923959673
 20
2363.801349692192
 30
0.0
 11
3676.665923959673
 21
2366.201349692192
 31
0.0
  0
LINE
  5
438
330
33B
100
AcDbEntity
  8
0
  6
Continuous
 62
     7
370
    15
100
AcDbLine
 10
3676.465923959673
 20
2366.201349692192
 30
0.0
 11
3676.465923959673
 21
2368.601349692192
 31
0.0
  0
LINE
  5
439
330
33B
100
AcDbEntity
  8
0
  6
Continuous
 62
     7
370
    15
100
AcDbLine
 10
3676.465923959673
 20
2363.801349692192
 30
0.0
 11
3676.465923959673
 21
2366.201349692192
 31
0.0
  0
LINE
  5
43A
330
33B
100
AcDbEntity
  8
0
  6
Continuous
 62
     7
370
    15
100
AcDbLine
 10
3676.165923959673
 20
2366.201349692192
 30
0.0
 11
3676.165923959673
 21
2368.081734449921
 31
0.0
  0
LINE
  5
43B
330
33B
100
AcDbEntity
  8
0
  6
Continuous
 62
     7
370
    15
100
AcDbLine
 10
3676.165923959673
 20
2364.320964934463
 30
0.0
 11
3676.165923959673
 21
2366.201349692192
 31
0.0
  0
LINE
  5
43C
330
33B
100
AcDbEntity
  8
0
  6
Continuous
 62
     7
370
    15
100
AcDbLine
 10
3675.365923959674
 20
2366.201349692192
 30
0.0
 11
3675.365923959674
 21
2368.081734449921
 31
0.0
  0
LINE
  5
43D
330
33B
100
AcDbEntity
  8
0
  6
Continuous
 62
     7
370
    15
100
AcDbLine
 10
3675.365923959674
 20
2364.320964934463
 30
0.0
 11
3675.365923959674
 21
2366.201349692192
 31
0.0
  0
LINE
  5
43E
330
33B
100
AcDbEntity
  8
0
  6
Continuous
 62
     7
370
    15
100
AcDbLine
 10
3675.065923959673
 20
2366.201349692192
 30
0.0
 11
3675.065923959673
 21
2368.601349692192
 31
0.0
  0
LINE
  5
43F
330
33B
100
AcDbEntity
  8
0
  6
Continuous
 62
     7
370
    15
100
AcDbLine
 10
3675.065923959673
 20
2363.801349692192
 30
0.0
 11
3675.065923959673
 21
2366.201349692192
 31
0.0
  0
LINE
  5
440
330
33B
100
AcDbEntity
  8
0
  6
Continuous
 62
     7
370
    15
100
AcDbLine
 10
3674.865923959674
 20
2366.201349692192
 30
0.0
 11
3674.865923959674
 21
2368.601349692192
 31
0.0
  0
LINE
  5
441
330
33B
100
AcDbEntity
  8
0
  6
Continuous
 62
     7
370
    15
100
AcDbLine
 10
3674.865923959674
 20
2363.801349692192
 30
0.0
 11
3674.865923959674
 21
2366.201349692192
 31
0.0
  0
LINE
  5
442
330
33B
100
AcDbEntity
  8
0
  6
Continuous
 62
     7
370
    15
100
AcDbLine
 10
3674.565923959673
 20
2366.201349692192
 30
0.0
 11
3674.565923959673
 21
2368.081734449921
 31
0.0
  0
LINE
  5
443
330
33B
100
AcDbEntity
  8
0
  6
Continuous
 62
     7
370
    15
100
AcDbLine
 10
3674.565923959673
 20
2364.320964934463
 30
0.0
 11
3674.565923959673
 21
2366.201349692192
 31
0.0
  0
LINE
  5
444
330
33B
100
AcDbEntity
  8
0
  6
Continuous
 62
     7
370
    15
100
AcDbLine
 10
3673.765923959673
 20
2366.201349692192
 30
0.0
 11
3673.765923959673
 21
2368.081734449921
 31
0.0
  0
LINE
  5
445
330
33B
100
AcDbEntity
  8
0
  6
Continuous
 62
     7
370
    15
100
AcDbLine
 10
3673.765923959673
 20
2364.320964934463
 30
0.0
 11
3673.765923959673
 21
2366.201349692192
 31
0.0
  0
LINE
  5
446
330
33B
100
AcDbEntity
  8
0
  6
Continuous
 62
     7
370
    15
100
AcDbLine
 10
3673.465923959673
 20
2366.201349692192
 30
0.0
 11
3673.465923959673
 21
2368.601349692192
 31
0.0
  0
LINE
  5
447
330
33B
100
AcDbEntity
  8
0
  6
Continuous
 62
     7
370
    15
100
AcDbLine
 10
3673.465923959673
 20
2363.801349692192
 30
0.0
 11
3673.465923959673
 21
2366.201349692192
 31
0.0
  0
LINE
  5
448
330
33B
100
AcDbEntity
  8
0
  6
Continuous
 62
     7
370
    15
100
AcDbLine
 10
3673.265923959673
 20
2366.201349692192
 30
0.0
 11
3673.265923959673
 21
2368.601349692192
 31
0.0
  0
LINE
  5
449
330
33B
100
AcDbEntity
  8
0
  6
Continuous
 62
     7
370
    15
100
AcDbLine
 10
3673.265923959673
 20
2363.801349692192
 30
0.0
 11
3673.265923959673
 21
2366.201349692192
 31
0.0
  0
LINE
  5
44A
330
33B
100
AcDbEntity
  8
0
  6
Continuous
 62
     7
370
    15
100
AcDbLine
 10
3672.965923959675
 20
2366.201349692192
 30
0.0
 11
3672.965923959675
 21
2368.081734449921
 31
0.0
  0
LINE
  5
44B
330
33B
100
AcDbEntity
  8
0
  6
Continuous
 62
     7
370
    15
100
AcDbLine
 10
3672.965923959675
 20
2364.320964934463
 30
0.0
 11
3672.965923959675
 21
2366.201349692192
 31
0.0
  0
LINE
  5
44C
330
33B
100
AcDbEntity
  8
0
  6
Continuous
 62
     7
370
    15
100
AcDbLine
 10
3672.165923959673
 20
2366.201349692192
 30
0.0
 11
3672.165923959673
 21
2368.081734449921
 31
0.0
  0
LINE
  5
44D
330
33B
100
AcDbEntity
  8
0
  6
Continuous
 62
     7
370
    15
100
AcDbLine
 10
3672.165923959673
 20
2364.320964934463
 30
0.0
 11
3672.165923959673
 21
2366.201349692192
 31
0.0
  0
LINE
  5
44E
330
33B
100
AcDbEntity
  8
0
  6
Continuous
 62
     7
370
    15
100
AcDbLine
 10
3671.865923959674
 20
2366.201349692192
 30
0.0
 11
3671.865923959674
 21
2368.601349692192
 31
0.0
  0
LINE
  5
44F
330
33B
100
AcDbEntity
  8
0
  6
Continuous
 62
     7
370
    15
100
AcDbLine
 10
3671.865923959674
 20
2363.801349692192
 30
0.0
 11
3671.865923959674
 21
2366.201349692192
 31
0.0
  0
LINE
  5
450
330
33B
100
AcDbEntity
  8
0
  6
Continuous
 62
     7
370
    15
100
AcDbLine
 10
3671.665923959673
 20
2366.201349692192
 30
0.0
 11
3671.665923959673
 21
2368.601349692192
 31
0.0
  0
LINE
  5
451
330
33B
100
AcDbEntity
  8
0
  6
Continuous
 62
     7
370
    15
100
AcDbLine
 10
3671.665923959673
 20
2363.801349692192
 30
0.0
 11
3671.665923959673
 21
2366.201349692192
 31
0.0
  0
LINE
  5
452
330
33B
100
AcDbEntity
  8
0
  6
Continuous
 62
     7
370
    15
100
AcDbLine
 10
3671.365923959673
 20
2366.201349692192
 30
0.0
 11
3671.365923959673
 21
2368.081734449921
 31
0.0
  0
LINE
  5
453
330
33B
100
AcDbEntity
  8
0
  6
Continuous
 62
     7
370
    15
100
AcDbLine
 10
3671.365923959673
 20
2364.320964934463
 30
0.0
 11
3671.365923959673
 21
2366.201349692192
 31
0.0
  0
LINE
  5
454
330
33B
100
AcDbEntity
  8
0
  6
Continuous
 62
     7
370
    15
100
AcDbLine
 10
3670.565923959673
 20
2366.201349692192
 30
0.0
 11
3670.565923959673
 21
2368.081734449921
 31
0.0
  0
LINE
  5
455
330
33B
100
AcDbEntity
  8
0
  6
Continuous
 62
     7
370
    15
100
AcDbLine
 10
3670.565923959673
 20
2364.320964934463
 30
0.0
 11
3670.565923959673
 21
2366.201349692192
 31
0.0
  0
LINE
  5
456
330
33B
100
AcDbEntity
  8
0
  6
Continuous
 62
     7
370
    15
100
AcDbLine
 10
3670.265923959673
 20
2366.201349692192
 30
0.0
 11
3670.265923959673
 21
2368.601349692192
 31
0.0
  0
LINE
  5
457
330
33B
100
AcDbEntity
  8
0
  6
Continuous
 62
     7
370
    15
100
AcDbLine
 10
3670.265923959673
 20
2363.801349692192
 30
0.0
 11
3670.265923959673
 21
2366.201349692192
 31
0.0
  0
LINE
  5
458
330
33B
100
AcDbEntity
  8
0
  6
Continuous
 62
     7
370
    15
100
AcDbLine
 10
3670.065923959673
 20
2366.201349692192
 30
0.0
 11
3670.065923959673
 21
2368.601349692192
 31
0.0
  0
LINE
  5
459
330
33B
100
AcDbEntity
  8
0
  6
Continuous
 62
     7
370
    15
100
AcDbLine
 10
3670.065923959673
 20
2363.801349692192
 30
0.0
 11
3670.065923959673
 21
2366.201349692192
 31
0.0
  0
LINE
  5
45A
330
33B
100
AcDbEntity
  8
0
  6
Continuous
 62
     7
370
    15
100
AcDbLine
 10
3669.765923959673
 20
2366.201349692192
 30
0.0
 11
3669.765923959673
 21
2368.081734449921
 31
0.0
  0
LINE
  5
45B
330
33B
100
AcDbEntity
  8
0
  6
Continuous
 62
     7
370
    15
100
AcDbLine
 10
3669.765923959673
 20
2364.320964934463
 30
0.0
 11
3669.765923959673
 21
2366.201349692192
 31
0.0
  0
LINE
  5
45C
330
33B
100
AcDbEntity
  8
0
  6
Continuous
 62
     7
370
    15
100
AcDbLine
 10
3668.965923959673
 20
2366.201349692192
 30
0.0
 11
3668.965923959673
 21
2368.081734449921
 31
0.0
  0
LINE
  5
45D
330
33B
100
AcDbEntity
  8
0
  6
Continuous
 62
     7
370
    15
100
AcDbLine
 10
3668.965923959673
 20
2364.320964934463
 30
0.0
 11
3668.965923959673
 21
2366.201349692192
 31
0.0
  0
LINE
  5
45E
330
33B
100
AcDbEntity
  8
0
  6
Continuous
 62
     7
370
    15
100
AcDbLine
 10
3668.665923959673
 20
2366.201349692192
 30
0.0
 11
3668.665923959673
 21
2368.601349692192
 31
0.0
  0
LINE
  5
45F
330
33B
100
AcDbEntity
  8
0
  6
Continuous
 62
     7
370
    15
100
AcDbLine
 10
3668.665923959673
 20
2363.801349692192
 30
0.0
 11
3668.665923959673
 21
2366.201349692192
 31
0.0
  0
LINE
  5
460
330
33B
100
AcDbEntity
  8
0
  6
Continuous
 62
     7
370
    15
100
AcDbLine
 10
3668.465923959673
 20
2366.201349692192
 30
0.0
 11
3668.465923959673
 21
2368.601349692192
 31
0.0
  0
LINE
  5
461
330
33B
100
AcDbEntity
  8
0
  6
Continuous
 62
     7
370
    15
100
AcDbLine
 10
3668.465923959673
 20
2363.801349692192
 30
0.0
 11
3668.465923959673
 21
2366.201349692192
 31
0.0
  0
LINE
  5
462
330
33B
100
AcDbEntity
  8
0
  6
Continuous
 62
     7
370
    15
100
AcDbLine
 10
3668.165923959673
 20
2366.201349692192
 30
0.0
 11
3668.165923959673
 21
2368.081734449921
 31
0.0
  0
LINE
  5
463
330
33B
100
AcDbEntity
  8
0
  6
Continuous
 62
     7
370
    15
100
AcDbLine
 10
3668.165923959673
 20
2364.320964934463
 30
0.0
 11
3668.165923959673
 21
2366.201349692192
 31
0.0
  0
LINE
  5
464
330
33B
100
AcDbEntity
  8
0
  6
Continuous
 62
     7
370
    15
100
AcDbLine
 10
3667.365923959673
 20
2366.201349692192
 30
0.0
 11
3667.365923959673
 21
2368.081734449921
 31
0.0
  0
LINE
  5
465
330
33B
100
AcDbEntity
  8
0
  6
Continuous
 62
     7
370
    15
100
AcDbLine
 10
3667.365923959673
 20
2364.320964934463
 30
0.0
 11
3667.365923959673
 21
2366.201349692192
 31
0.0
  0
LINE
  5
466
330
33B
100
AcDbEntity
  8
0
  6
Continuous
 62
     7
370
    15
100
AcDbLine
 10
3667.065923959673
 20
2366.201349692192
 30
0.0
 11
3667.065923959673
 21
2368.601349692192
 31
0.0
  0
LINE
  5
467
330
33B
100
AcDbEntity
  8
0
  6
Continuous
 62
     7
370
    15
100
AcDbLine
 10
3667.065923959673
 20
2363.801349692192
 30
0.0
 11
3667.065923959673
 21
2366.201349692192
 31
0.0
  0
LINE
  5
468
330
33B
100
AcDbEntity
  8
0
  6
Continuous
 62
     7
370
    15
100
AcDbLine
 10
3666.865923959675
 20
2366.201349692192
 30
0.0
 11
3666.865923959675
 21
2368.601349692192
 31
0.0
  0
LINE
  5
469
330
33B
100
AcDbEntity
  8
0
  6
Continuous
 62
     7
370
    15
100
AcDbLine
 10
3666.865923959675
 20
2363.801349692192
 30
0.0
 11
3666.865923959675
 21
2366.201349692192
 31
0.0
  0
LINE
  5
46A
330
33B
100
AcDbEntity
  8
0
  6
Continuous
 62
     7
370
    15
100
AcDbLine
 10
3666.565923959673
 20
2366.201349692192
 30
0.0
 11
3666.565923959673
 21
2368.081734449921
 31
0.0
  0
LINE
  5
46B
330
33B
100
AcDbEntity
  8
0
  6
Continuous
 62
     7
370
    15
100
AcDbLine
 10
3666.565923959673
 20
2364.320964934463
 30
0.0
 11
3666.565923959673
 21
2366.201349692192
 31
0.0
  0
LINE
  5
46C
330
33B
100
AcDbEntity
  8
0
  6
Continuous
 62
     7
370
    15
100
AcDbLine
 10
3665.765923959674
 20
2366.201349692192
 30
0.0
 11
3665.765923959674
 21
2368.081734449921
 31
0.0
  0
LINE
  5
46D
330
33B
100
AcDbEntity
  8
0
  6
Continuous
 62
     7
370
    15
100
AcDbLine
 10
3665.765923959674
 20
2364.320964934463
 30
0.0
 11
3665.765923959674
 21
2366.201349692192
 31
0.0
  0
LINE
  5
46E
330
33B
100
AcDbEntity
  8
0
  6
Continuous
 62
     7
370
    15
100
AcDbLine
 10
3665.465923959672
 20
2366.201349692192
 30
0.0
 11
3665.465923959672
 21
2368.601349692192
 31
0.0
  0
LINE
  5
46F
330
33B
100
AcDbEntity
  8
0
  6
Continuous
 62
     7
370
    15
100
AcDbLine
 10
3665.465923959672
 20
2363.801349692192
 30
0.0
 11
3665.465923959672
 21
2366.201349692192
 31
0.0
  0
LINE
  5
470
330
33B
100
AcDbEntity
  8
0
  6
Continuous
 62
     7
370
    15
100
AcDbLine
 10
3665.265923959673
 20
2366.201349692192
 30
0.0
 11
3665.265923959673
 21
2368.601349692192
 31
0.0
  0
LINE
  5
471
330
33B
100
AcDbEntity
  8
0
  6
Continuous
 62
     7
370
    15
100
AcDbLine
 10
3665.265923959673
 20
2363.801349692192
 30
0.0
 11
3665.265923959673
 21
2366.201349692192
 31
0.0
  0
LINE
  5
472
330
33B
100
AcDbEntity
  8
0
  6
Continuous
 62
     7
370
    15
100
AcDbLine
 10
3664.965923959673
 20
2366.201349692192
 30
0.0
 11
3664.965923959673
 21
2368.081734449921
 31
0.0
  0
LINE
  5
473
330
33B
100
AcDbEntity
  8
0
  6
Continuous
 62
     7
370
    15
100
AcDbLine
 10
3664.965923959673
 20
2364.320964934463
 30
0.0
 11
3664.965923959673
 21
2366.201349692192
 31
0.0
  0
LINE
  5
474
330
33B
100
AcDbEntity
  8
0
  6
Continuous
 62
     7
370
    15
100
AcDbLine
 10
3664.165923959673
 20
2366.201349692192
 30
0.0
 11
3664.165923959673
 21
2368.081734449921
 31
0.0
  0
LINE
  5
475
330
33B
100
AcDbEntity
  8
0
  6
Continuous
 62
     7
370
    15
100
AcDbLine
 10
3664.165923959673
 20
2364.320964934463
 30
0.0
 11
3664.165923959673
 21
2366.201349692192
 31
0.0
  0
LINE
  5
476
330
33B
100
AcDbEntity
  8
0
  6
Continuous
 62
     7
370
    15
100
AcDbLine
 10
3663.865923959674
 20
2366.201349692192
 30
0.0
 11
3663.865923959674
 21
2368.601349692192
 31
0.0
  0
LINE
  5
477
330
33B
100
AcDbEntity
  8
0
  6
Continuous
 62
     7
370
    15
100
AcDbLine
 10
3663.865923959674
 20
2363.801349692192
 30
0.0
 11
3663.865923959674
 21
2366.201349692192
 31
0.0
  0
LINE
  5
478
330
33B
100
AcDbEntity
  8
0
  6
Continuous
 62
     7
370
    15
100
AcDbLine
 10
3663.665923959673
 20
2366.201349692192
 30
0.0
 11
3663.665923959673
 21
2368.601349692192
 31
0.0
  0
LINE
  5
479
330
33B
100
AcDbEntity
  8
0
  6
Continuous
 62
     7
370
    15
100
AcDbLine
 10
3663.665923959673
 20
2363.801349692192
 30
0.0
 11
3663.665923959673
 21
2366.201349692192
 31
0.0
  0
LINE
  5
47A
330
33B
100
AcDbEntity
  8
0
  6
Continuous
 62
     7
370
    15
100
AcDbLine
 10
3663.365923959673
 20
2366.201349692192
 30
0.0
 11
3663.365923959673
 21
2368.081734449921
 31
0.0
  0
LINE
  5
47B
330
33B
100
AcDbEntity
  8
0
  6
Continuous
 62
     7
370
    15
100
AcDbLine
 10
3663.365923959673
 20
2364.320964934463
 30
0.0
 11
3663.365923959673
 21
2366.201349692192
 31
0.0
  0
LINE
  5
47C
330
33B
100
AcDbEntity
  8
0
  6
Continuous
 62
     7
370
    15
100
AcDbLine
 10
3662.565923959673
 20
2366.201349692192
 30
0.0
 11
3662.565923959673
 21
2368.081734449921
 31
0.0
  0
LINE
  5
47D
330
33B
100
AcDbEntity
  8
0
  6
Continuous
 62
     7
370
    15
100
AcDbLine
 10
3662.565923959673
 20
2364.320964934463
 30
0.0
 11
3662.565923959673
 21
2366.201349692192
 31
0.0
  0
LINE
  5
47E
330
33B
100
AcDbEntity
  8
0
  6
Continuous
 62
     7
370
    15
100
AcDbLine
 10
3662.265923959673
 20
2366.201349692192
 30
0.0
 11
3662.265923959673
 21
2368.601349692192
 31
0.0
  0
LINE
  5
47F
330
33B
100
AcDbEntity
  8
0
  6
Continuous
 62
     7
370
    15
100
AcDbLine
 10
3662.265923959673
 20
2363.801349692192
 30
0.0
 11
3662.265923959673
 21
2366.201349692192
 31
0.0
  0
LINE
  5
480
330
33B
100
AcDbEntity
  8
0
  6
Continuous
 62
     7
370
    15
100
AcDbLine
 10
3662.065923959673
 20
2366.201349692192
 30
0.0
 11
3662.065923959673
 21
2368.601349692192
 31
0.0
  0
LINE
  5
481
330
33B
100
AcDbEntity
  8
0
  6
Continuous
 62
     7
370
    15
100
AcDbLine
 10
3662.065923959673
 20
2363.801349692192
 30
0.0
 11
3662.065923959673
 21
2366.201349692192
 31
0.0
  0
LINE
  5
482
330
33B
100
AcDbEntity
  8
0
  6
Continuous
 62
     7
370
    15
100
AcDbLine
 10
3661.765923959673
 20
2366.201349692192
 30
0.0
 11
3661.765923959673
 21
2368.081734449921
 31
0.0
  0
LINE
  5
483
330
33B
100
AcDbEntity
  8
0
  6
Continuous
 62
     7
370
    15
100
AcDbLine
 10
3661.765923959673
 20
2364.320964934463
 30
0.0
 11
3661.765923959673
 21
2366.201349692192
 31
0.0
  0
LINE
  5
484
330
33B
100
AcDbEntity
  8
0
  6
Continuous
 62
     7
370
    15
100
AcDbLine
 10
3660.965923959673
 20
2366.201349692192
 30
0.0
 11
3660.965923959673
 21
2368.081734449921
 31
0.0
  0
LINE
  5
485
330
33B
100
AcDbEntity
  8
0
  6
Continuous
 62
     7
370
    15
100
AcDbLine
 10
3660.965923959673
 20
2364.320964934463
 30
0.0
 11
3660.965923959673
 21
2366.201349692192
 31
0.0
  0
LINE
  5
486
330
33B
100
AcDbEntity
  8
0
  6
Continuous
 62
     7
370
    15
100
AcDbLine
 10
3660.665923959673
 20
2366.201349692192
 30
0.0
 11
3660.665923959673
 21
2368.601349692192
 31
0.0
  0
LINE
  5
487
330
33B
100
AcDbEntity
  8
0
  6
Continuous
 62
     7
370
    15
100
AcDbLine
 10
3660.665923959673
 20
2363.801349692192
 30
0.0
 11
3660.665923959673
 21
2366.201349692192
 31
0.0
  0
LINE
  5
488
330
33B
100
AcDbEntity
  8
0
  6
Continuous
 62
     7
370
    15
100
AcDbLine
 10
3660.465923959673
 20
2366.201349692192
 30
0.0
 11
3660.465923959673
 21
2368.601349692192
 31
0.0
  0
LINE
  5
489
330
33B
100
AcDbEntity
  8
0
  6
Continuous
 62
     7
370
    15
100
AcDbLine
 10
3660.465923959673
 20
2363.801349692192
 30
0.0
 11
3660.465923959673
 21
2366.201349692192
 31
0.0
  0
LINE
  5
48A
330
33B
100
AcDbEntity
  8
0
  6
Continuous
 62
     7
370
    15
100
AcDbLine
 10
3660.165923959673
 20
2366.201349692192
 30
0.0
 11
3660.165923959673
 21
2368.081734449921
 31
0.0
  0
LINE
  5
48B
330
33B
100
AcDbEntity
  8
0
  6
Continuous
 62
     7
370
    15
100
AcDbLine
 10
3660.165923959673
 20
2364.320964934463
 30
0.0
 11
3660.165923959673
 21
2366.201349692192
 31
0.0
  0
LINE
  5
48C
330
33B
100
AcDbEntity
  8
0
  6
Continuous
 62
     7
370
    15
100
AcDbLine
 10
3659.365923959672
 20
2366.201349692192
 30
0.0
 11
3659.365923959672
 21
2368.081734449921
 31
0.0
  0
LINE
  5
48D
330
33B
100
AcDbEntity
  8
0
  6
Continuous
 62
     7
370
    15
100
AcDbLine
 10
3659.365923959672
 20
2364.320964934463
 30
0.0
 11
3659.365923959672
 21
2366.201349692192
 31
0.0
  0
LINE
  5
48E
330
33B
100
AcDbEntity
  8
0
  6
Continuous
 62
     7
370
    15
100
AcDbLine
 10
3659.065923959673
 20
2366.201349692192
 30
0.0
 11
3659.065923959673
 21
2368.601349692192
 31
0.0
  0
LINE
  5
48F
330
33B
100
AcDbEntity
  8
0
  6
Continuous
 62
     7
370
    15
100
AcDbLine
 10
3659.065923959673
 20
2363.801349692192
 30
0.0
 11
3659.065923959673
 21
2366.201349692192
 31
0.0
  0
LINE
  5
490
330
33B
100
AcDbEntity
  8
0
  6
Continuous
 62
     7
370
    15
100
AcDbLine
 10
3658.865923959673
 20
2366.201349692192
 30
0.0
 11
3658.865923959673
 21
2368.601349692192
 31
0.0
  0
LINE
  5
491
330
33B
100
AcDbEntity
  8
0
  6
Continuous
 62
     7
370
    15
100
AcDbLine
 10
3658.865923959673
 20
2363.801349692192
 30
0.0
 11
3658.865923959673
 21
2366.201349692192
 31
0.0
  0
LINE
  5
492
330
33B
100
AcDbEntity
  8
0
  6
Continuous
 62
     7
370
    15
100
AcDbLine
 10
3658.565923959673
 20
2366.201349692192
 30
0.0
 11
3658.565923959673
 21
2368.081734449921
 31
0.0
  0
LINE
  5
493
330
33B
100
AcDbEntity
  8
0
  6
Continuous
 62
     7
370
    15
100
AcDbLine
 10
3658.565923959673
 20
2364.320964934463
 30
0.0
 11
3658.565923959673
 21
2366.201349692192
 31
0.0
  0
LINE
  5
494
330
33B
100
AcDbEntity
  8
0
  6
Continuous
 62
     7
370
    15
100
AcDbLine
 10
3657.765923959673
 20
2366.201349692192
 30
0.0
 11
3657.765923959673
 21
2368.081734449921
 31
0.0
  0
LINE
  5
495
330
33B
100
AcDbEntity
  8
0
  6
Continuous
 62
     7
370
    15
100
AcDbLine
 10
3657.765923959673
 20
2364.320964934463
 30
0.0
 11
3657.765923959673
 21
2366.201349692192
 31
0.0
  0
LINE
  5
496
330
33B
100
AcDbEntity
  8
0
  6
Continuous
 62
     7
370
    15
100
AcDbLine
 10
3657.465923959673
 20
2366.201349692192
 30
0.0
 11
3657.465923959673
 21
2368.601349692192
 31
0.0
  0
LINE
  5
497
330
33B
100
AcDbEntity
  8
0
  6
Continuous
 62
     7
370
    15
100
AcDbLine
 10
3657.465923959673
 20
2363.801349692192
 30
0.0
 11
3657.465923959673
 21
2366.201349692192
 31
0.0
  0
LINE
  5
498
330
33B
100
AcDbEntity
  8
0
  6
Continuous
 62
     7
370
    15
100
AcDbLine
 10
3657.265923959673
 20
2366.201349692192
 30
0.0
 11
3657.265923959673
 21
2368.601349692192
 31
0.0
  0
LINE
  5
499
330
33B
100
AcDbEntity
  8
0
  6
Continuous
 62
     7
370
    15
100
AcDbLine
 10
3657.265923959673
 20
2363.801349692192
 30
0.0
 11
3657.265923959673
 21
2366.201349692192
 31
0.0
  0
LINE
  5
49A
330
33B
100
AcDbEntity
  8
0
  6
Continuous
 62
     7
370
    15
100
AcDbLine
 10
3656.965923959673
 20
2366.201349692192
 30
0.0
 11
3656.965923959673
 21
2368.081734449921
 31
0.0
  0
LINE
  5
49B
330
33B
100
AcDbEntity
  8
0
  6
Continuous
 62
     7
370
    15
100
AcDbLine
 10
3656.965923959673
 20
2364.320964934463
 30
0.0
 11
3656.965923959673
 21
2366.201349692192
 31
0.0
  0
LINE
  5
49C
330
33B
100
AcDbEntity
  8
0
  6
Continuous
 62
     7
370
    15
100
AcDbLine
 10
3656.165923959673
 20
2366.201349692192
 30
0.0
 11
3656.165923959673
 21
2368.081734449921
 31
0.0
  0
LINE
  5
49D
330
33B
100
AcDbEntity
  8
0
  6
Continuous
 62
     7
370
    15
100
AcDbLine
 10
3656.165923959673
 20
2364.320964934463
 30
0.0
 11
3656.165923959673
 21
2366.201349692192
 31
0.0
  0
LINE
  5
49E
330
33B
100
AcDbEntity
  8
0
  6
Continuous
 62
     7
370
    15
100
AcDbLine
 10
3655.865923959674
 20
2366.201349692192
 30
0.0
 11
3655.865923959674
 21
2368.601349692192
 31
0.0
  0
LINE
  5
49F
330
33B
100
AcDbEntity
  8
0
  6
Continuous
 62
     7
370
    15
100
AcDbLine
 10
3655.865923959674
 20
2363.801349692192
 30
0.0
 11
3655.865923959674
 21
2366.201349692192
 31
0.0
  0
LINE
  5
4A0
330
33B
100
AcDbEntity
  8
0
  6
Continuous
 62
     7
370
    15
100
AcDbLine
 10
3655.665923959674
 20
2366.201349692192
 30
0.0
 11
3655.665923959674
 21
2368.601349692192
 31
0.0
  0
LINE
  5
4A1
330
33B
100
AcDbEntity
  8
0
  6
Continuous
 62
     7
370
    15
100
AcDbLine
 10
3655.665923959674
 20
2363.801349692192
 30
0.0
 11
3655.665923959674
 21
2366.201349692192
 31
0.0
  0
LINE
  5
4A2
330
33B
100
AcDbEntity
  8
0
  6
Continuous
 62
     7
370
    15
100
AcDbLine
 10
3655.365923959673
 20
2366.201349692192
 30
0.0
 11
3655.365923959673
 21
2368.081734449921
 31
0.0
  0
LINE
  5
4A3
330
33B
100
AcDbEntity
  8
0
  6
Continuous
 62
     7
370
    15
100
AcDbLine
 10
3655.365923959673
 20
2364.320964934463
 30
0.0
 11
3655.365923959673
 21
2366.201349692192
 31
0.0
  0
LINE
  5
4A4
330
33B
100
AcDbEntity
  8
0
  6
Continuous
 62
     7
370
    15
100
AcDbLine
 10
3654.565923959673
 20
2366.201349692192
 30
0.0
 11
3654.565923959673
 21
2368.081734449921
 31
0.0
  0
LINE
  5
4A5
330
33B
100
AcDbEntity
  8
0
  6
Continuous
 62
     7
370
    15
100
AcDbLine
 10
3654.565923959673
 20
2364.320964934463
 30
0.0
 11
3654.565923959673
 21
2366.201349692192
 31
0.0
  0
LINE
  5
4A6
330
33B
100
AcDbEntity
  8
0
  6
Continuous
 62
     7
370
    15
100
AcDbLine
 10
3654.265923959673
 20
2366.201349692192
 30
0.0
 11
3654.265923959673
 21
2368.601349692192
 31
0.0
  0
LINE
  5
4A7
330
33B
100
AcDbEntity
  8
0
  6
Continuous
 62
     7
370
    15
100
AcDbLine
 10
3654.265923959673
 20
2363.801349692192
 30
0.0
 11
3654.265923959673
 21
2366.201349692192
 31
0.0
  0
LINE
  5
4A8
330
33B
100
AcDbEntity
  8
0
  6
Continuous
 62
     7
370
    15
100
AcDbLine
 10
3654.065923959673
 20
2366.201349692192
 30
0.0
 11
3654.065923959673
 21
2368.601349692192
 31
0.0
  0
LINE
  5
4A9
330
33B
100
AcDbEntity
  8
0
  6
Continuous
 62
     7
370
    15
100
AcDbLine
 10
3654.065923959673
 20
2363.801349692192
 30
0.0
 11
3654.065923959673
 21
2366.201349692192
 31
0.0
  0
LINE
  5
4AA
330
33B
100
AcDbEntity
  8
0
  6
Continuous
 62
     7
370
    15
100
AcDbLine
 10
3653.765923959673
 20
2366.201349692192
 30
0.0
 11
3653.765923959673
 21
2368.081734449921
 31
0.0
  0
LINE
  5
4AB
330
33B
100
AcDbEntity
  8
0
  6
Continuous
 62
     7
370
    15
100
AcDbLine
 10
3653.765923959673
 20
2364.320964934463
 30
0.0
 11
3653.765923959673
 21
2366.201349692192
 31
0.0
  0
LINE
  5
4AC
330
33B
100
AcDbEntity
  8
0
  6
Continuous
 62
     7
370
    15
100
AcDbLine
 10
3652.965923959673
 20
2366.201349692192
 30
0.0
 11
3652.965923959673
 21
2368.081734449921
 31
0.0
  0
LINE
  5
4AD
330
33B
100
AcDbEntity
  8
0
  6
Continuous
 62
     7
370
    15
100
AcDbLine
 10
3652.965923959673
 20
2364.320964934463
 30
0.0
 11
3652.965923959673
 21
2366.201349692192
 31
0.0
  0
LINE
  5
4AE
330
33B
100
AcDbEntity
  8
0
  6
Continuous
 62
     7
370
    15
100
AcDbLine
 10
3652.665923959673
 20
2366.201349692192
 30
0.0
 11
3652.665923959673
 21
2368.601349692192
 31
0.0
  0
LINE
  5
4AF
330
33B
100
AcDbEntity
  8
0
  6
Continuous
 62
     7
370
    15
100
AcDbLine
 10
3652.665923959673
 20
2363.801349692192
 30
0.0
 11
3652.665923959673
 21
2366.201349692192
 31
0.0
  0
LINE
  5
4B0
330
33B
100
AcDbEntity
  8
0
  6
Continuous
 62
     7
370
    15
100
AcDbLine
 10
3652.465923959673
 20
2366.201349692192
 30
0.0
 11
3652.465923959673
 21
2368.601349692192
 31
0.0
  0
LINE
  5
4B1
330
33B
100
AcDbEntity
  8
0
  6
Continuous
 62
     7
370
    15
100
AcDbLine
 10
3652.465923959673
 20
2363.801349692192
 30
0.0
 11
3652.465923959673
 21
2366.201349692192
 31
0.0
  0
LINE
  5
4B2
330
33B
100
AcDbEntity
  8
0
  6
Continuous
 62
     7
370
    15
100
AcDbLine
 10
3652.165923959673
 20
2366.201349692192
 30
0.0
 11
3652.165923959673
 21
2368.081734449921
 31
0.0
  0
LINE
  5
4B3
330
33B
100
AcDbEntity
  8
0
  6
Continuous
 62
     7
370
    15
100
AcDbLine
 10
3652.165923959673
 20
2364.320964934463
 30
0.0
 11
3652.165923959673
 21
2366.201349692192
 31
0.0
  0
LINE
  5
4B4
330
33B
100
AcDbEntity
  8
0
  6
Continuous
 62
     7
370
    15
100
AcDbLine
 10
3651.365923959673
 20
2366.201349692192
 30
0.0
 11
3651.365923959673
 21
2368.081734449921
 31
0.0
  0
LINE
  5
4B5
330
33B
100
AcDbEntity
  8
0
  6
Continuous
 62
     7
370
    15
100
AcDbLine
 10
3651.365923959673
 20
2364.320964934463
 30
0.0
 11
3651.365923959673
 21
2366.201349692192
 31
0.0
  0
LINE
  5
4B6
330
33B
100
AcDbEntity
  8
0
  6
Continuous
 62
     7
370
    15
100
AcDbLine
 10
3651.065923959674
 20
2366.201349692192
 30
0.0
 11
3651.065923959674
 21
2368.601349692192
 31
0.0
  0
LINE
  5
4B7
330
33B
100
AcDbEntity
  8
0
  6
Continuous
 62
     7
370
    15
100
AcDbLine
 10
3651.065923959674
 20
2363.801349692192
 30
0.0
 11
3651.065923959674
 21
2366.201349692192
 31
0.0
  0
LINE
  5
4B8
330
33B
100
AcDbEntity
  8
0
  6
Continuous
 62
     7
370
    15
100
AcDbLine
 10
3650.865923959673
 20
2366.201349692192
 30
0.0
 11
3650.865923959673
 21
2368.601349692192
 31
0.0
  0
LINE
  5
4B9
330
33B
100
AcDbEntity
  8
0
  6
Continuous
 62
     7
370
    15
100
AcDbLine
 10
3650.865923959673
 20
2363.801349692192
 30
0.0
 11
3650.865923959673
 21
2366.201349692192
 31
0.0
  0
LINE
  5
4BA
330
33B
100
AcDbEntity
  8
0
  6
Continuous
 62
     7
370
    15
100
AcDbLine
 10
3650.565923959673
 20
2366.201349692192
 30
0.0
 11
3650.565923959673
 21
2368.081734449921
 31
0.0
  0
LINE
  5
4BB
330
33B
100
AcDbEntity
  8
0
  6
Continuous
 62
     7
370
    15
100
AcDbLine
 10
3650.565923959673
 20
2364.320964934463
 30
0.0
 11
3650.565923959673
 21
2366.201349692192
 31
0.0
  0
LINE
  5
4BC
330
33B
100
AcDbEntity
  8
0
  6
Continuous
 62
     7
370
    15
100
AcDbLine
 10
3649.765923959673
 20
2366.201349692192
 30
0.0
 11
3649.765923959673
 21
2368.081734449921
 31
0.0
  0
LINE
  5
4BD
330
33B
100
AcDbEntity
  8
0
  6
Continuous
 62
     7
370
    15
100
AcDbLine
 10
3649.765923959673
 20
2364.320964934463
 30
0.0
 11
3649.765923959673
 21
2366.201349692192
 31
0.0
  0
LINE
  5
4BE
330
33B
100
AcDbEntity
  8
0
  6
Continuous
 62
     7
370
    15
100
AcDbLine
 10
3649.465923959673
 20
2366.201349692192
 30
0.0
 11
3649.465923959673
 21
2368.601349692192
 31
0.0
  0
LINE
  5
4BF
330
33B
100
AcDbEntity
  8
0
  6
Continuous
 62
     7
370
    15
100
AcDbLine
 10
3649.465923959673
 20
2363.801349692192
 30
0.0
 11
3649.465923959673
 21
2366.201349692192
 31
0.0
  0
LINE
  5
4C0
330
33B
100
AcDbEntity
  8
0
  6
Continuous
 62
     7
370
    15
100
AcDbLine
 10
3649.265923959673
 20
2366.201349692192
 30
0.0
 11
3649.265923959673
 21
2368.601349692192
 31
0.0
  0
LINE
  5
4C1
330
33B
100
AcDbEntity
  8
0
  6
Continuous
 62
     7
370
    15
100
AcDbLine
 10
3649.265923959673
 20
2363.801349692192
 30
0.0
 11
3649.265923959673
 21
2366.201349692192
 31
0.0
  0
LINE
  5
4C2
330
33B
100
AcDbEntity
  8
0
  6
Continuous
 62
     7
370
    15
100
AcDbLine
 10
3648.965923959674
 20
2366.201349692192
 30
0.0
 11
3648.965923959674
 21
2368.081734449921
 31
0.0
  0
LINE
  5
4C3
330
33B
100
AcDbEntity
  8
0
  6
Continuous
 62
     7
370
    15
100
AcDbLine
 10
3648.965923959674
 20
2364.320964934463
 30
0.0
 11
3648.965923959674
 21
2366.201349692192
 31
0.0
  0
LINE
  5
4C4
330
33B
100
AcDbEntity
  8
0
  6
Continuous
 62
     7
370
    15
100
AcDbLine
 10
3648.165923959673
 20
2366.201349692192
 30
0.0
 11
3648.165923959673
 21
2368.081734449921
 31
0.0
  0
LINE
  5
4C5
330
33B
100
AcDbEntity
  8
0
  6
Continuous
 62
     7
370
    15
100
AcDbLine
 10
3648.165923959673
 20
2364.320964934463
 30
0.0
 11
3648.165923959673
 21
2366.201349692192
 31
0.0
  0
LINE
  5
4C6
330
33B
100
AcDbEntity
  8
0
  6
Continuous
 62
     7
370
    15
100
AcDbLine
 10
3647.865923959673
 20
2366.201349692192
 30
0.0
 11
3647.865923959673
 21
2368.601349692192
 31
0.0
  0
LINE
  5
4C7
330
33B
100
AcDbEntity
  8
0
  6
Continuous
 62
     7
370
    15
100
AcDbLine
 10
3647.865923959673
 20
2363.801349692192
 30
0.0
 11
3647.865923959673
 21
2366.201349692192
 31
0.0
  0
LINE
  5
4C8
330
33B
100
AcDbEntity
  8
0
  6
Continuous
 62
     7
370
    15
100
AcDbLine
 10
3647.665923959673
 20
2366.201349692192
 30
0.0
 11
3647.665923959673
 21
2368.601349692192
 31
0.0
  0
LINE
  5
4C9
330
33B
100
AcDbEntity
  8
0
  6
Continuous
 62
     7
370
    15
100
AcDbLine
 10
3647.665923959673
 20
2363.801349692192
 30
0.0
 11
3647.665923959673
 21
2366.201349692192
 31
0.0
  0
LINE
  5
4CA
330
33B
100
AcDbEntity
  8
0
  6
Continuous
 62
     7
370
    15
100
AcDbLine
 10
3647.365923959674
 20
2366.201349692192
 30
0.0
 11
3647.365923959674
 21
2368.081734449921
 31
0.0
  0
LINE
  5
4CB
330
33B
100
AcDbEntity
  8
0
  6
Continuous
 62
     7
370
    15
100
AcDbLine
 10
3647.365923959674
 20
2364.320964934463
 30
0.0
 11
3647.365923959674
 21
2366.201349692192
 31
0.0
  0
LINE
  5
4CC
330
33B
100
AcDbEntity
  8
0
  6
Continuous
 62
     7
370
    15
100
AcDbLine
 10
3646.565923959673
 20
2366.201349692192
 30
0.0
 11
3646.565923959673
 21
2368.081734449921
 31
0.0
  0
LINE
  5
4CD
330
33B
100
AcDbEntity
  8
0
  6
Continuous
 62
     7
370
    15
100
AcDbLine
 10
3646.565923959673
 20
2364.320964934463
 30
0.0
 11
3646.565923959673
 21
2366.201349692192
 31
0.0
  0
LINE
  5
4CE
330
33B
100
AcDbEntity
  8
0
  6
Continuous
 62
     7
370
    15
100
AcDbLine
 10
3646.265923959673
 20
2366.201349692192
 30
0.0
 11
3646.265923959673
 21
2368.601349692192
 31
0.0
  0
LINE
  5
4CF
330
33B
100
AcDbEntity
  8
0
  6
Continuous
 62
     7
370
    15
100
AcDbLine
 10
3646.265923959673
 20
2363.801349692192
 30
0.0
 11
3646.265923959673
 21
2366.201349692192
 31
0.0
  0
LINE
  5
4D0
330
33B
100
AcDbEntity
  8
0
  6
Continuous
 62
     7
370
    15
100
AcDbLine
 10
3646.065923959673
 20
2366.201349692192
 30
0.0
 11
3646.065923959673
 21
2368.601349692192
 31
0.0
  0
LINE
  5
4D1
330
33B
100
AcDbEntity
  8
0
  6
Continuous
 62
     7
370
    15
100
AcDbLine
 10
3646.065923959673
 20
2363.801349692192
 30
0.0
 11
3646.065923959673
 21
2366.201349692192
 31
0.0
  0
LINE
  5
4D2
330
33B
100
AcDbEntity
  8
0
  6
Continuous
 62
     7
370
    15
100
AcDbLine
 10
3645.765923959673
 20
2366.201349692192
 30
0.0
 11
3645.765923959673
 21
2368.081734449921
 31
0.0
  0
LINE
  5
4D3
330
33B
100
AcDbEntity
  8
0
  6
Continuous
 62
     7
370
    15
100
AcDbLine
 10
3645.765923959673
 20
2364.320964934463
 30
0.0
 11
3645.765923959673
 21
2366.201349692192
 31
0.0
  0
LINE
  5
4D4
330
33B
100
AcDbEntity
  8
0
  6
Continuous
 62
     7
370
    15
100
AcDbLine
 10
3644.965923959674
 20
2366.201349692192
 30
0.0
 11
3644.965923959674
 21
2368.081734449921
 31
0.0
  0
LINE
  5
4D5
330
33B
100
AcDbEntity
  8
0
  6
Continuous
 62
     7
370
    15
100
AcDbLine
 10
3644.965923959674
 20
2364.320964934463
 30
0.0
 11
3644.965923959674
 21
2366.201349692192
 31
0.0
  0
LINE
  5
4D6
330
33B
100
AcDbEntity
  8
0
  6
Continuous
 62
     7
370
    15
100
AcDbLine
 10
3644.665923959673
 20
2366.201349692192
 30
0.0
 11
3644.665923959673
 21
2368.601349692192
 31
0.0
  0
LINE
  5
4D7
330
33B
100
AcDbEntity
  8
0
  6
Continuous
 62
     7
370
    15
100
AcDbLine
 10
3644.665923959673
 20
2363.801349692192
 30
0.0
 11
3644.665923959673
 21
2366.201349692192
 31
0.0
  0
LINE
  5
4D8
330
33B
100
AcDbEntity
  8
0
  6
Continuous
 62
     7
370
    15
100
AcDbLine
 10
3644.465923959673
 20
2366.201349692192
 30
0.0
 11
3644.465923959673
 21
2368.601349692192
 31
0.0
  0
LINE
  5
4D9
330
33B
100
AcDbEntity
  8
0
  6
Continuous
 62
     7
370
    15
100
AcDbLine
 10
3644.465923959673
 20
2363.801349692192
 30
0.0
 11
3644.465923959673
 21
2366.201349692192
 31
0.0
  0
LINE
  5
4DA
330
33B
100
AcDbEntity
  8
0
  6
Continuous
 62
     7
370
    15
100
AcDbLine
 10
3644.165923959673
 20
2366.201349692192
 30
0.0
 11
3644.165923959673
 21
2368.081734449921
 31
0.0
  0
LINE
  5
4DB
330
33B
100
AcDbEntity
  8
0
  6
Continuous
 62
     7
370
    15
100
AcDbLine
 10
3644.165923959673
 20
2364.320964934463
 30
0.0
 11
3644.165923959673
 21
2366.201349692192
 31
0.0
  0
LINE
  5
4DC
330
33B
100
AcDbEntity
  8
0
  6
Continuous
 62
     7
370
    15
100
AcDbLine
 10
3643.365923959674
 20
2366.201349692192
 30
0.0
 11
3643.365923959674
 21
2368.081734449921
 31
0.0
  0
LINE
  5
4DD
330
33B
100
AcDbEntity
  8
0
  6
Continuous
 62
     7
370
    15
100
AcDbLine
 10
3643.365923959674
 20
2364.320964934463
 30
0.0
 11
3643.365923959674
 21
2366.201349692192
 31
0.0
  0
LINE
  5
4DE
330
33B
100
AcDbEntity
  8
0
  6
Continuous
 62
     7
370
    15
100
AcDbLine
 10
3643.065923959673
 20
2366.201349692192
 30
0.0
 11
3643.065923959673
 21
2368.601349692192
 31
0.0
  0
LINE
  5
4DF
330
33B
100
AcDbEntity
  8
0
  6
Continuous
 62
     7
370
    15
100
AcDbLine
 10
3643.065923959673
 20
2363.801349692192
 30
0.0
 11
3643.065923959673
 21
2366.201349692192
 31
0.0
  0
LINE
  5
4E0
330
33B
100
AcDbEntity
  8
0
  6
Continuous
 62
     7
370
    15
100
AcDbLine
 10
3642.865923959674
 20
2366.201349692192
 30
0.0
 11
3642.865923959674
 21
2368.601349692192
 31
0.0
  0
LINE
  5
4E1
330
33B
100
AcDbEntity
  8
0
  6
Continuous
 62
     7
370
    15
100
AcDbLine
 10
3642.865923959674
 20
2363.801349692192
 30
0.0
 11
3642.865923959674
 21
2366.201349692192
 31
0.0
  0
LINE
  5
4E2
330
33B
100
AcDbEntity
  8
0
  6
Continuous
 62
     7
370
    15
100
AcDbLine
 10
3642.565923959673
 20
2366.201349692192
 30
0.0
 11
3642.565923959673
 21
2368.081734449921
 31
0.0
  0
LINE
  5
4E3
330
33B
100
AcDbEntity
  8
0
  6
Continuous
 62
     7
370
    15
100
AcDbLine
 10
3642.565923959673
 20
2364.320964934463
 30
0.0
 11
3642.565923959673
 21
2366.201349692192
 31
0.0
  0
LINE
  5
4E4
330
33B
100
AcDbEntity
  8
0
  6
Continuous
 62
     7
370
    15
100
AcDbLine
 10
3641.765923959673
 20
2366.201349692192
 30
0.0
 11
3641.765923959673
 21
2368.081734449921
 31
0.0
  0
LINE
  5
4E5
330
33B
100
AcDbEntity
  8
0
  6
Continuous
 62
     7
370
    15
100
AcDbLine
 10
3641.765923959673
 20
2364.320964934463
 30
0.0
 11
3641.765923959673
 21
2366.201349692192
 31
0.0
  0
LINE
  5
4E6
330
33B
100
AcDbEntity
  8
0
  6
Continuous
 62
     7
370
    15
100
AcDbLine
 10
3641.635990967628
 20
2368.306784993722
 30
0.0
 11
3641.635990967628
 21
2364.095914390661
 31
0.0
  0
LINE
  5
4E7
330
33B
100
AcDbEntity
  8
0
  6
Continuous
 62
     7
370
    15
100
AcDbLine
 10
3637.865923959675
 20
2366.191516415968
 30
0.0
 11
3637.865923959675
 21
2366.211182968417
 31
0.0
  0
ENDBLK
  5
4E8
330
33B
100
AcDbEntity
  8
0
100
AcDbBlockEnd
  0
BLOCK
  5
86
330
85
100
AcDbEntity
  8
0
100
AcDbBlockBegin
  2
48x70_ysb
 70
     0
 10
0.0
 20
0.0
 30
0.0
  3
48x70_ysb
  1

  0
ARC
  5
87
330
85
100
AcDbEntity
  8
0
  6
Continuous
 62
     7
370
    15
100
AcDbCircle
 10
3717.792994329633
 20
2412.026983458205
 30
0.0
 40
3.39758869910031
100
AcDbArc
 50
10.81216806809916
 51
62.90313565090514
  0
ARC
  5
88
330
85
100
AcDbEntity
  8
0
  6
Continuous
 62
     7
370
    15
100
AcDbCircle
 10
3717.792994329633
 20
2408.576306787858
 30
0.0
 40
3.397588699100318
100
AcDbArc
 50
297.0968643490948
 51
349.1961777578293
  0
LINE
  5
89
330
85
100
AcDbEntity
  8
0
  6
Continuous
 62
     7
370
    15
100
AcDbLine
 10
3719.340583028735
 20
2415.051645123032
 30
0.0
 11
3717.490583028733
 21
2415.051645123032
 31
0.0
  0
LINE
  5
8A
330
85
100
AcDbEntity
  8
0
  6
Continuous
 62
     7
370
    15
100
AcDbLine
 10
3717.490583028733
 20
2405.551645123031
 30
0.0
 11
3719.340583028735
 21
2405.551645123031
 31
0.0
  0
LINE
  5
8B
330
85
100
AcDbEntity
  8
0
  6
Continuous
 62
     7
370
    15
100
AcDbLine
 10
3717.490583028733
 20
2412.701645123031
 30
0.0
 11
3717.190583028735
 21
2412.182029880761
 31
0.0
  0
LINE
  5
8C
330
85
100
AcDbEntity
  8
0
  6
Continuous
 62
     7
370
    15
100
AcDbLine
 10
3717.190583028735
 20
2408.421260365302
 30
0.0
 11
3717.490583028733
 21
2407.901645123031
 31
0.0
  0
LINE
  5
8D
330
85
100
AcDbEntity
  8
0
  6
Continuous
 62
     7
370
    15
100
AcDbLine
 10
3716.090583028733
 20
2407.901645123031
 30
0.0
 11
3716.390583028733
 21
2408.421260365302
 31
0.0
  0
LINE
  5
8E
330
85
100
AcDbEntity
  8
0
  6
Continuous
 62
     7
370
    15
100
AcDbLine
 10
3716.390583028733
 20
2412.182029880761
 30
0.0
 11
3716.090583028733
 21
2412.701645123031
 31
0.0
  0
LINE
  5
8F
330
85
100
AcDbEntity
  8
0
  6
Continuous
 62
     7
370
    15
100
AcDbLine
 10
3715.890583028733
 20
2407.901645123031
 30
0.0
 11
3716.090583028733
 21
2407.901645123031
 31
0.0
  0
LINE
  5
90
330
85
100
AcDbEntity
  8
0
  6
Continuous
 62
     7
370
    15
100
AcDbLine
 10
3716.090583028733
 20
2412.701645123031
 30
0.0
 11
3715.890583028733
 21
2412.701645123031
 31
0.0
  0
LINE
  5
91
330
85
100
AcDbEntity
  8
0
  6
Continuous
 62
     7
370
    15
100
AcDbLine
 10
3715.890583028733
 20
2412.701645123031
 30
0.0
 11
3715.590583028733
 21
2412.182029880761
 31
0.0
  0
LINE
  5
92
330
85
100
AcDbEntity
  8
0
  6
Continuous
 62
     7
370
    15
100
AcDbLine
 10
3715.590583028733
 20
2408.421260365302
 30
0.0
 11
3715.890583028733
 21
2407.901645123031
 31
0.0
  0
LINE
  5
93
330
85
100
AcDbEntity
  8
0
  6
Continuous
 62
     7
370
    15
100
AcDbLine
 10
3714.490583028733
 20
2407.901645123031
 30
0.0
 11
3714.790583028733
 21
2408.421260365302
 31
0.0
  0
LINE
  5
94
330
85
100
AcDbEntity
  8
0
  6
Continuous
 62
     7
370
    15
100
AcDbLine
 10
3714.790583028733
 20
2412.182029880761
 30
0.0
 11
3714.490583028733
 21
2412.701645123031
 31
0.0
  0
LINE
  5
95
330
85
100
AcDbEntity
  8
0
  6
Continuous
 62
     7
370
    15
100
AcDbLine
 10
3714.290583028733
 20
2407.901645123031
 30
0.0
 11
3714.490583028733
 21
2407.901645123031
 31
0.0
  0
LINE
  5
96
330
85
100
AcDbEntity
  8
0
  6
Continuous
 62
     7
370
    15
100
AcDbLine
 10
3714.490583028733
 20
2412.701645123031
 30
0.0
 11
3714.290583028733
 21
2412.701645123031
 31
0.0
  0
LINE
  5
97
330
85
100
AcDbEntity
  8
0
  6
Continuous
 62
     7
370
    15
100
AcDbLine
 10
3714.290583028733
 20
2412.701645123031
 30
0.0
 11
3713.990583028734
 21
2412.182029880761
 31
0.0
  0
LINE
  5
98
330
85
100
AcDbEntity
  8
0
  6
Continuous
 62
     7
370
    15
100
AcDbLine
 10
3713.990583028734
 20
2408.421260365302
 30
0.0
 11
3714.290583028733
 21
2407.901645123031
 31
0.0
  0
LINE
  5
99
330
85
100
AcDbEntity
  8
0
  6
Continuous
 62
     7
370
    15
100
AcDbLine
 10
3712.890583028733
 20
2407.901645123031
 30
0.0
 11
3713.190583028733
 21
2408.421260365302
 31
0.0
  0
LINE
  5
9A
330
85
100
AcDbEntity
  8
0
  6
Continuous
 62
     7
370
    15
100
AcDbLine
 10
3713.190583028733
 20
2412.182029880761
 30
0.0
 11
3712.890583028733
 21
2412.701645123031
 31
0.0
  0
LINE
  5
9B
330
85
100
AcDbEntity
  8
0
  6
Continuous
 62
     7
370
    15
100
AcDbLine
 10
3712.690583028734
 20
2407.901645123031
 30
0.0
 11
3712.890583028733
 21
2407.901645123031
 31
0.0
  0
LINE
  5
9C
330
85
100
AcDbEntity
  8
0
  6
Continuous
 62
     7
370
    15
100
AcDbLine
 10
3712.890583028733
 20
2412.701645123031
 30
0.0
 11
3712.690583028734
 21
2412.701645123031
 31
0.0
  0
LINE
  5
9D
330
85
100
AcDbEntity
  8
0
  6
Continuous
 62
     7
370
    15
100
AcDbLine
 10
3712.690583028734
 20
2412.701645123031
 30
0.0
 11
3712.390583028734
 21
2412.182029880761
 31
0.0
  0
LINE
  5
9E
330
85
100
AcDbEntity
  8
0
  6
Continuous
 62
     7
370
    15
100
AcDbLine
 10
3712.390583028734
 20
2408.421260365302
 30
0.0
 11
3712.690583028734
 21
2407.901645123031
 31
0.0
  0
LINE
  5
9F
330
85
100
AcDbEntity
  8
0
  6
Continuous
 62
     7
370
    15
100
AcDbLine
 10
3711.290583028733
 20
2407.901645123031
 30
0.0
 11
3711.590583028733
 21
2408.421260365302
 31
0.0
  0
LINE
  5
A0
330
85
100
AcDbEntity
  8
0
  6
Continuous
 62
     7
370
    15
100
AcDbLine
 10
3711.590583028733
 20
2412.182029880761
 30
0.0
 11
3711.290583028733
 21
2412.701645123031
 31
0.0
  0
LINE
  5
A1
330
85
100
AcDbEntity
  8
0
  6
Continuous
 62
     7
370
    15
100
AcDbLine
 10
3711.090583028735
 20
2407.901645123031
 30
0.0
 11
3711.290583028733
 21
2407.901645123031
 31
0.0
  0
LINE
  5
A2
330
85
100
AcDbEntity
  8
0
  6
Continuous
 62
     7
370
    15
100
AcDbLine
 10
3711.290583028733
 20
2412.701645123031
 30
0.0
 11
3711.090583028735
 21
2412.701645123031
 31
0.0
  0
LINE
  5
A3
330
85
100
AcDbEntity
  8
0
  6
Continuous
 62
     7
370
    15
100
AcDbLine
 10
3711.090583028735
 20
2412.701645123031
 30
0.0
 11
3710.790583028733
 21
2412.182029880761
 31
0.0
  0
LINE
  5
A4
330
85
100
AcDbEntity
  8
0
  6
Continuous
 62
     7
370
    15
100
AcDbLine
 10
3710.790583028733
 20
2408.421260365302
 30
0.0
 11
3711.090583028735
 21
2407.901645123031
 31
0.0
  0
LINE
  5
A5
330
85
100
AcDbEntity
  8
0
  6
Continuous
 62
     7
370
    15
100
AcDbLine
 10
3709.690583028733
 20
2407.901645123031
 30
0.0
 11
3709.990583028734
 21
2408.421260365302
 31
0.0
  0
LINE
  5
A6
330
85
100
AcDbEntity
  8
0
  6
Continuous
 62
     7
370
    15
100
AcDbLine
 10
3709.990583028734
 20
2412.182029880761
 30
0.0
 11
3709.690583028733
 21
2412.701645123031
 31
0.0
  0
LINE
  5
A7
330
85
100
AcDbEntity
  8
0
  6
Continuous
 62
     7
370
    15
100
AcDbLine
 10
3709.490583028733
 20
2407.901645123031
 30
0.0
 11
3709.690583028733
 21
2407.901645123031
 31
0.0
  0
LINE
  5
A8
330
85
100
AcDbEntity
  8
0
  6
Continuous
 62
     7
370
    15
100
AcDbLine
 10
3709.690583028733
 20
2412.701645123031
 30
0.0
 11
3709.490583028733
 21
2412.701645123031
 31
0.0
  0
LINE
  5
A9
330
85
100
AcDbEntity
  8
0
  6
Continuous
 62
     7
370
    15
100
AcDbLine
 10
3709.490583028733
 20
2412.701645123031
 30
0.0
 11
3709.190583028733
 21
2412.182029880761
 31
0.0
  0
LINE
  5
AA
330
85
100
AcDbEntity
  8
0
  6
Continuous
 62
     7
370
    15
100
AcDbLine
 10
3709.190583028733
 20
2408.421260365302
 30
0.0
 11
3709.490583028733
 21
2407.901645123031
 31
0.0
  0
LINE
  5
AB
330
85
100
AcDbEntity
  8
0
  6
Continuous
 62
     7
370
    15
100
AcDbLine
 10
3708.090583028733
 20
2407.901645123031
 30
0.0
 11
3708.390583028733
 21
2408.421260365302
 31
0.0
  0
LINE
  5
AC
330
85
100
AcDbEntity
  8
0
  6
Continuous
 62
     7
370
    15
100
AcDbLine
 10
3708.390583028733
 20
2412.182029880761
 30
0.0
 11
3708.090583028733
 21
2412.701645123031
 31
0.0
  0
LINE
  5
AD
330
85
100
AcDbEntity
  8
0
  6
Continuous
 62
     7
370
    15
100
AcDbLine
 10
3707.890583028734
 20
2407.901645123031
 30
0.0
 11
3708.090583028733
 21
2407.901645123031
 31
0.0
  0
LINE
  5
AE
330
85
100
AcDbEntity
  8
0
  6
Continuous
 62
     7
370
    15
100
AcDbLine
 10
3708.090583028733
 20
2412.701645123031
 30
0.0
 11
3707.890583028734
 21
2412.701645123031
 31
0.0
  0
LINE
  5
AF
330
85
100
AcDbEntity
  8
0
  6
Continuous
 62
     7
370
    15
100
AcDbLine
 10
3707.890583028734
 20
2412.701645123031
 30
0.0
 11
3707.590583028733
 21
2412.182029880761
 31
0.0
  0
LINE
  5
B0
330
85
100
AcDbEntity
  8
0
  6
Continuous
 62
     7
370
    15
100
AcDbLine
 10
3707.590583028733
 20
2408.421260365302
 30
0.0
 11
3707.890583028734
 21
2407.901645123031
 31
0.0
  0
LINE
  5
B1
330
85
100
AcDbEntity
  8
0
  6
Continuous
 62
     7
370
    15
100
AcDbLine
 10
3706.490583028733
 20
2407.901645123031
 30
0.0
 11
3706.790583028733
 21
2408.421260365302
 31
0.0
  0
LINE
  5
B2
330
85
100
AcDbEntity
  8
0
  6
Continuous
 62
     7
370
    15
100
AcDbLine
 10
3706.790583028733
 20
2412.182029880761
 30
0.0
 11
3706.490583028733
 21
2412.701645123031
 31
0.0
  0
LINE
  5
B3
330
85
100
AcDbEntity
  8
0
  6
Continuous
 62
     7
370
    15
100
AcDbLine
 10
3706.290583028734
 20
2407.901645123031
 30
0.0
 11
3706.490583028733
 21
2407.901645123031
 31
0.0
  0
LINE
  5
B4
330
85
100
AcDbEntity
  8
0
  6
Continuous
 62
     7
370
    15
100
AcDbLine
 10
3706.490583028733
 20
2412.701645123031
 30
0.0
 11
3706.290583028734
 21
2412.701645123031
 31
0.0
  0
LINE
  5
B5
330
85
100
AcDbEntity
  8
0
  6
Continuous
 62
     7
370
    15
100
AcDbLine
 10
3706.290583028734
 20
2412.701645123031
 30
0.0
 11
3705.990583028733
 21
2412.182029880761
 31
0.0
  0
LINE
  5
B6
330
85
100
AcDbEntity
  8
0
  6
Continuous
 62
     7
370
    15
100
AcDbLine
 10
3705.990583028733
 20
2408.421260365302
 30
0.0
 11
3706.290583028734
 21
2407.901645123031
 31
0.0
  0
LINE
  5
B7
330
85
100
AcDbEntity
  8
0
  6
Continuous
 62
     7
370
    15
100
AcDbLine
 10
3704.890583028733
 20
2407.901645123031
 30
0.0
 11
3705.190583028733
 21
2408.421260365302
 31
0.0
  0
LINE
  5
B8
330
85
100
AcDbEntity
  8
0
  6
Continuous
 62
     7
370
    15
100
AcDbLine
 10
3705.190583028733
 20
2412.182029880761
 30
0.0
 11
3704.890583028733
 21
2412.701645123031
 31
0.0
  0
LINE
  5
B9
330
85
100
AcDbEntity
  8
0
  6
Continuous
 62
     7
370
    15
100
AcDbLine
 10
3704.690583028734
 20
2407.901645123031
 30
0.0
 11
3704.890583028733
 21
2407.901645123031
 31
0.0
  0
LINE
  5
BA
330
85
100
AcDbEntity
  8
0
  6
Continuous
 62
     7
370
    15
100
AcDbLine
 10
3704.890583028733
 20
2412.701645123031
 30
0.0
 11
3704.690583028734
 21
2412.701645123031
 31
0.0
  0
LINE
  5
BB
330
85
100
AcDbEntity
  8
0
  6
Continuous
 62
     7
370
    15
100
AcDbLine
 10
3704.690583028734
 20
2412.701645123031
 30
0.0
 11
3704.390583028733
 21
2412.182029880761
 31
0.0
  0
LINE
  5
BC
330
85
100
AcDbEntity
  8
0
  6
Continuous
 62
     7
370
    15
100
AcDbLine
 10
3704.390583028733
 20
2408.421260365302
 30
0.0
 11
3704.690583028734
 21
2407.901645123031
 31
0.0
  0
LINE
  5
BD
330
85
100
AcDbEntity
  8
0
  6
Continuous
 62
     7
370
    15
100
AcDbLine
 10
3703.290583028734
 20
2407.901645123031
 30
0.0
 11
3703.590583028733
 21
2408.421260365302
 31
0.0
  0
LINE
  5
BE
330
85
100
AcDbEntity
  8
0
  6
Continuous
 62
     7
370
    15
100
AcDbLine
 10
3703.590583028733
 20
2412.182029880761
 30
0.0
 11
3703.290583028734
 21
2412.701645123031
 31
0.0
  0
LINE
  5
BF
330
85
100
AcDbEntity
  8
0
  6
Continuous
 62
     7
370
    15
100
AcDbLine
 10
3703.090583028733
 20
2407.901645123031
 30
0.0
 11
3703.290583028734
 21
2407.901645123031
 31
0.0
  0
LINE
  5
C0
330
85
100
AcDbEntity
  8
0
  6
Continuous
 62
     7
370
    15
100
AcDbLine
 10
3703.290583028734
 20
2412.701645123031
 30
0.0
 11
3703.090583028733
 21
2412.701645123031
 31
0.0
  0
LINE
  5
C1
330
85
100
AcDbEntity
  8
0
  6
Continuous
 62
     7
370
    15
100
AcDbLine
 10
3703.090583028733
 20
2412.701645123031
 30
0.0
 11
3702.790583028733
 21
2412.182029880761
 31
0.0
  0
LINE
  5
C2
330
85
100
AcDbEntity
  8
0
  6
Continuous
 62
     7
370
    15
100
AcDbLine
 10
3702.790583028733
 20
2408.421260365302
 30
0.0
 11
3703.090583028733
 21
2407.901645123031
 31
0.0
  0
LINE
  5
C3
330
85
100
AcDbEntity
  8
0
  6
Continuous
 62
     7
370
    15
100
AcDbLine
 10
3701.690583028734
 20
2407.901645123031
 30
0.0
 11
3701.990583028733
 21
2408.421260365302
 31
0.0
  0
LINE
  5
C4
330
85
100
AcDbEntity
  8
0
  6
Continuous
 62
     7
370
    15
100
AcDbLine
 10
3701.990583028733
 20
2412.182029880761
 30
0.0
 11
3701.690583028734
 21
2412.701645123031
 31
0.0
  0
LINE
  5
C5
330
85
100
AcDbEntity
  8
0
  6
Continuous
 62
     7
370
    15
100
AcDbLine
 10
3701.490583028733
 20
2407.901645123031
 30
0.0
 11
3701.690583028734
 21
2407.901645123031
 31
0.0
  0
LINE
  5
C6
330
85
100
AcDbEntity
  8
0
  6
Continuous
 62
     7
370
    15
100
AcDbLine
 10
3701.690583028734
 20
2412.701645123031
 30
0.0
 11
3701.490583028733
 21
2412.701645123031
 31
0.0
  0
LINE
  5
C7
330
85
100
AcDbEntity
  8
0
  6
Continuous
 62
     7
370
    15
100
AcDbLine
 10
3701.490583028733
 20
2412.701645123031
 30
0.0
 11
3701.190583028733
 21
2412.182029880761
 31
0.0
  0
LINE
  5
C8
330
85
100
AcDbEntity
  8
0
  6
Continuous
 62
     7
370
    15
100
AcDbLine
 10
3701.190583028733
 20
2408.421260365302
 30
0.0
 11
3701.490583028733
 21
2407.901645123031
 31
0.0
  0
LINE
  5
C9
330
85
100
AcDbEntity
  8
0
  6
Continuous
 62
     7
370
    15
100
AcDbLine
 10
3700.090583028733
 20
2407.901645123031
 30
0.0
 11
3700.390583028733
 21
2408.421260365302
 31
0.0
  0
LINE
  5
CA
330
85
100
AcDbEntity
  8
0
  6
Continuous
 62
     7
370
    15
100
AcDbLine
 10
3700.390583028733
 20
2412.182029880761
 30
0.0
 11
3700.090583028733
 21
2412.701645123031
 31
0.0
  0
LINE
  5
CB
330
85
100
AcDbEntity
  8
0
  6
Continuous
 62
     7
370
    15
100
AcDbLine
 10
3699.890583028734
 20
2407.901645123031
 30
0.0
 11
3700.090583028733
 21
2407.901645123031
 31
0.0
  0
LINE
  5
CC
330
85
100
AcDbEntity
  8
0
  6
Continuous
 62
     7
370
    15
100
AcDbLine
 10
3700.090583028733
 20
2412.701645123031
 30
0.0
 11
3699.890583028734
 21
2412.701645123031
 31
0.0
  0
LINE
  5
CD
330
85
100
AcDbEntity
  8
0
  6
Continuous
 62
     7
370
    15
100
AcDbLine
 10
3699.890583028734
 20
2412.701645123031
 30
0.0
 11
3699.590583028733
 21
2412.182029880761
 31
0.0
  0
LINE
  5
CE
330
85
100
AcDbEntity
  8
0
  6
Continuous
 62
     7
370
    15
100
AcDbLine
 10
3699.590583028733
 20
2408.421260365302
 30
0.0
 11
3699.890583028734
 21
2407.901645123031
 31
0.0
  0
LINE
  5
CF
330
85
100
AcDbEntity
  8
0
  6
Continuous
 62
     7
370
    15
100
AcDbLine
 10
3698.490583028733
 20
2407.901645123031
 30
0.0
 11
3698.790583028733
 21
2408.421260365302
 31
0.0
  0
LINE
  5
D0
330
85
100
AcDbEntity
  8
0
  6
Continuous
 62
     7
370
    15
100
AcDbLine
 10
3698.790583028733
 20
2412.182029880761
 30
0.0
 11
3698.490583028733
 21
2412.701645123031
 31
0.0
  0
LINE
  5
D1
330
85
100
AcDbEntity
  8
0
  6
Continuous
 62
     7
370
    15
100
AcDbLine
 10
3698.290583028733
 20
2407.901645123031
 30
0.0
 11
3698.490583028733
 21
2407.901645123031
 31
0.0
  0
LINE
  5
D2
330
85
100
AcDbEntity
  8
0
  6
Continuous
 62
     7
370
    15
100
AcDbLine
 10
3698.490583028733
 20
2412.701645123031
 30
0.0
 11
3698.290583028733
 21
2412.701645123031
 31
0.0
  0
LINE
  5
D3
330
85
100
AcDbEntity
  8
0
  6
Continuous
 62
     7
370
    15
100
AcDbLine
 10
3698.290583028733
 20
2412.701645123031
 30
0.0
 11
3697.990583028733
 21
2412.182029880761
 31
0.0
  0
LINE
  5
D4
330
85
100
AcDbEntity
  8
0
  6
Continuous
 62
     7
370
    15
100
AcDbLine
 10
3697.990583028733
 20
2408.421260365302
 30
0.0
 11
3698.290583028733
 21
2407.901645123031
 31
0.0
  0
LINE
  5
D5
330
85
100
AcDbEntity
  8
0
  6
Continuous
 62
     7
370
    15
100
AcDbLine
 10
3696.890583028733
 20
2407.901645123031
 30
0.0
 11
3697.190583028734
 21
2408.421260365302
 31
0.0
  0
LINE
  5
D6
330
85
100
AcDbEntity
  8
0
  6
Continuous
 62
     7
370
    15
100
AcDbLine
 10
3697.190583028734
 20
2412.182029880761
 30
0.0
 11
3696.890583028733
 21
2412.701645123031
 31
0.0
  0
LINE
  5
D7
330
85
100
AcDbEntity
  8
0
  6
Continuous
 62
     7
370
    15
100
AcDbLine
 10
3696.690583028733
 20
2407.901645123031
 30
0.0
 11
3696.890583028733
 21
2407.901645123031
 31
0.0
  0
LINE
  5
D8
330
85
100
AcDbEntity
  8
0
  6
Continuous
 62
     7
370
    15
100
AcDbLine
 10
3696.890583028733
 20
2412.701645123031
 30
0.0
 11
3696.690583028733
 21
2412.701645123031
 31
0.0
  0
LINE
  5
D9
330
85
100
AcDbEntity
  8
0
  6
Continuous
 62
     7
370
    15
100
AcDbLine
 10
3696.690583028733
 20
2412.701645123031
 30
0.0
 11
3696.390583028733
 21
2412.182029880761
 31
0.0
  0
LINE
  5
DA
330
85
100
AcDbEntity
  8
0
  6
Continuous
 62
     7
370
    15
100
AcDbLine
 10
3696.390583028733
 20
2408.421260365302
 30
0.0
 11
3696.690583028733
 21
2407.901645123031
 31
0.0
  0
LINE
  5
DB
330
85
100
AcDbEntity
  8
0
  6
Continuous
 62
     7
370
    15
100
AcDbLine
 10
3695.290583028735
 20
2407.901645123031
 30
0.0
 11
3695.590583028734
 21
2408.421260365302
 31
0.0
  0
LINE
  5
DC
330
85
100
AcDbEntity
  8
0
  6
Continuous
 62
     7
370
    15
100
AcDbLine
 10
3695.590583028734
 20
2412.182029880761
 30
0.0
 11
3695.290583028735
 21
2412.701645123031
 31
0.0
  0
LINE
  5
DD
330
85
100
AcDbEntity
  8
0
  6
Continuous
 62
     7
370
    15
100
AcDbLine
 10
3695.090583028733
 20
2407.901645123031
 30
0.0
 11
3695.290583028735
 21
2407.901645123031
 31
0.0
  0
LINE
  5
DE
330
85
100
AcDbEntity
  8
0
  6
Continuous
 62
     7
370
    15
100
AcDbLine
 10
3695.290583028735
 20
2412.701645123031
 30
0.0
 11
3695.090583028733
 21
2412.701645123031
 31
0.0
  0
LINE
  5
DF
330
85
100
AcDbEntity
  8
0
  6
Continuous
 62
     7
370
    15
100
AcDbLine
 10
3695.090583028733
 20
2412.701645123031
 30
0.0
 11
3694.790583028733
 21
2412.182029880761
 31
0.0
  0
LINE
  5
E0
330
85
100
AcDbEntity
  8
0
  6
Continuous
 62
     7
370
    15
100
AcDbLine
 10
3694.790583028733
 20
2408.421260365302
 30
0.0
 11
3695.090583028733
 21
2407.901645123031
 31
0.0
  0
LINE
  5
E1
330
85
100
AcDbEntity
  8
0
  6
Continuous
 62
     7
370
    15
100
AcDbLine
 10
3693.690583028735
 20
2407.901645123031
 30
0.0
 11
3693.990583028733
 21
2408.421260365302
 31
0.0
  0
LINE
  5
E2
330
85
100
AcDbEntity
  8
0
  6
Continuous
 62
     7
370
    15
100
AcDbLine
 10
3693.990583028733
 20
2412.182029880761
 30
0.0
 11
3693.690583028735
 21
2412.701645123031
 31
0.0
  0
LINE
  5
E3
330
85
100
AcDbEntity
  8
0
  6
Continuous
 62
     7
370
    15
100
AcDbLine
 10
3693.490583028733
 20
2407.901645123031
 30
0.0
 11
3693.690583028735
 21
2407.901645123031
 31
0.0
  0
LINE
  5
E4
330
85
100
AcDbEntity
  8
0
  6
Continuous
 62
     7
370
    15
100
AcDbLine
 10
3693.690583028735
 20
2412.701645123031
 30
0.0
 11
3693.490583028733
 21
2412.701645123031
 31
0.0
  0
LINE
  5
E5
330
85
100
AcDbEntity
  8
0
  6
Continuous
 62
     7
370
    15
100
AcDbLine
 10
3693.490583028733
 20
2412.701645123031
 30
0.0
 11
3693.190583028734
 21
2412.182029880761
 31
0.0
  0
LINE
  5
E6
330
85
100
AcDbEntity
  8
0
  6
Continuous
 62
     7
370
    15
100
AcDbLine
 10
3693.190583028734
 20
2408.421260365302
 30
0.0
 11
3693.490583028733
 21
2407.901645123031
 31
0.0
  0
LINE
  5
E7
330
85
100
AcDbEntity
  8
0
  6
Continuous
 62
     7
370
    15
100
AcDbLine
 10
3692.090583028733
 20
2407.901645123031
 30
0.0
 11
3692.390583028733
 21
2408.421260365302
 31
0.0
  0
LINE
  5
E8
330
85
100
AcDbEntity
  8
0
  6
Continuous
 62
     7
370
    15
100
AcDbLine
 10
3692.390583028733
 20
2412.182029880761
 30
0.0
 11
3692.090583028733
 21
2412.701645123031
 31
0.0
  0
LINE
  5
E9
330
85
100
AcDbEntity
  8
0
  6
Continuous
 62
     7
370
    15
100
AcDbLine
 10
3691.890583028733
 20
2407.901645123031
 30
0.0
 11
3692.090583028733
 21
2407.901645123031
 31
0.0
  0
LINE
  5
EA
330
85
100
AcDbEntity
  8
0
  6
Continuous
 62
     7
370
    15
100
AcDbLine
 10
3692.090583028733
 20
2412.701645123031
 30
0.0
 11
3691.890583028733
 21
2412.701645123031
 31
0.0
  0
LINE
  5
EB
330
85
100
AcDbEntity
  8
0
  6
Continuous
 62
     7
370
    15
100
AcDbLine
 10
3691.890583028733
 20
2412.701645123031
 30
0.0
 11
3691.590583028734
 21
2412.182029880761
 31
0.0
  0
LINE
  5
EC
330
85
100
AcDbEntity
  8
0
  6
Continuous
 62
     7
370
    15
100
AcDbLine
 10
3691.590583028734
 20
2408.421260365302
 30
0.0
 11
3691.890583028733
 21
2407.901645123031
 31
0.0
  0
LINE
  5
ED
330
85
100
AcDbEntity
  8
0
  6
Continuous
 62
     7
370
    15
100
AcDbLine
 10
3690.490583028733
 20
2407.901645123031
 30
0.0
 11
3690.790583028733
 21
2408.421260365302
 31
0.0
  0
LINE
  5
EE
330
85
100
AcDbEntity
  8
0
  6
Continuous
 62
     7
370
    15
100
AcDbLine
 10
3690.790583028733
 20
2412.182029880761
 30
0.0
 11
3690.490583028733
 21
2412.701645123031
 31
0.0
  0
LINE
  5
EF
330
85
100
AcDbEntity
  8
0
  6
Continuous
 62
     7
370
    15
100
AcDbLine
 10
3690.290583028733
 20
2407.901645123031
 30
0.0
 11
3690.490583028733
 21
2407.901645123031
 31
0.0
  0
LINE
  5
F0
330
85
100
AcDbEntity
  8
0
  6
Continuous
 62
     7
370
    15
100
AcDbLine
 10
3690.490583028733
 20
2412.701645123031
 30
0.0
 11
3690.290583028733
 21
2412.701645123031
 31
0.0
  0
LINE
  5
F1
330
85
100
AcDbEntity
  8
0
  6
Continuous
 62
     7
370
    15
100
AcDbLine
 10
3690.290583028733
 20
2412.701645123031
 30
0.0
 11
3689.990583028733
 21
2412.182029880761
 31
0.0
  0
LINE
  5
F2
330
85
100
AcDbEntity
  8
0
  6
Continuous
 62
     7
370
    15
100
AcDbLine
 10
3689.990583028733
 20
2408.421260365302
 30
0.0
 11
3690.290583028733
 21
2407.901645123031
 31
0.0
  0
LINE
  5
F3
330
85
100
AcDbEntity
  8
0
  6
Continuous
 62
     7
370
    15
100
AcDbLine
 10
3688.890583028733
 20
2407.901645123031
 30
0.0
 11
3689.190583028735
 21
2408.421260365302
 31
0.0
  0
LINE
  5
F4
330
85
100
AcDbEntity
  8
0
  6
Continuous
 62
     7
370
    15
100
AcDbLine
 10
3689.190583028735
 20
2412.182029880761
 30
0.0
 11
3688.890583028733
 21
2412.701645123031
 31
0.0
  0
LINE
  5
F5
330
85
100
AcDbEntity
  8
0
  6
Continuous
 62
     7
370
    15
100
AcDbLine
 10
3688.690583028733
 20
2407.901645123031
 30
0.0
 11
3688.890583028733
 21
2407.901645123031
 31
0.0
  0
LINE
  5
F6
330
85
100
AcDbEntity
  8
0
  6
Continuous
 62
     7
370
    15
100
AcDbLine
 10
3688.890583028733
 20
2412.701645123031
 30
0.0
 11
3688.690583028733
 21
2412.701645123031
 31
0.0
  0
LINE
  5
F7
330
85
100
AcDbEntity
  8
0
  6
Continuous
 62
     7
370
    15
100
AcDbLine
 10
3688.690583028733
 20
2412.701645123031
 30
0.0
 11
3688.390583028733
 21
2412.182029880761
 31
0.0
  0
LINE
  5
F8
330
85
100
AcDbEntity
  8
0
  6
Continuous
 62
     7
370
    15
100
AcDbLine
 10
3688.390583028733
 20
2408.421260365302
 30
0.0
 11
3688.690583028733
 21
2407.901645123031
 31
0.0
  0
LINE
  5
F9
330
85
100
AcDbEntity
  8
0
  6
Continuous
 62
     7
370
    15
100
AcDbLine
 10
3687.290583028733
 20
2407.901645123031
 30
0.0
 11
3687.590583028735
 21
2408.421260365302
 31
0.0
  0
LINE
  5
FA
330
85
100
AcDbEntity
  8
0
  6
Continuous
 62
     7
370
    15
100
AcDbLine
 10
3687.590583028735
 20
2412.182029880761
 30
0.0
 11
3687.290583028733
 21
2412.701645123031
 31
0.0
  0
LINE
  5
FB
330
85
100
AcDbEntity
  8
0
  6
Continuous
 62
     7
370
    15
100
AcDbLine
 10
3687.090583028734
 20
2407.901645123031
 30
0.0
 11
3687.290583028733
 21
2407.901645123031
 31
0.0
  0
LINE
  5
FC
330
85
100
AcDbEntity
  8
0
  6
Continuous
 62
     7
370
    15
100
AcDbLine
 10
3687.290583028733
 20
2412.701645123031
 30
0.0
 11
3687.090583028734
 21
2412.701645123031
 31
0.0
  0
LINE
  5
FD
330
85
100
AcDbEntity
  8
0
  6
Continuous
 62
     7
370
    15
100
AcDbLine
 10
3687.090583028734
 20
2412.701645123031
 30
0.0
 11
3686.790583028733
 21
2412.182029880761
 31
0.0
  0
LINE
  5
FE
330
85
100
AcDbEntity
  8
0
  6
Continuous
 62
     7
370
    15
100
AcDbLine
 10
3686.790583028733
 20
2408.421260365302
 30
0.0
 11
3687.090583028734
 21
2407.901645123031
 31
0.0
  0
LINE
  5
FF
330
85
100
AcDbEntity
  8
0
  6
Continuous
 62
     7
370
    15
100
AcDbLine
 10
3685.690583028733
 20
2407.901645123031
 30
0.0
 11
3685.990583028733
 21
2408.421260365302
 31
0.0
  0
LINE
  5
100
330
85
100
AcDbEntity
  8
0
  6
Continuous
 62
     7
370
    15
100
AcDbLine
 10
3685.990583028733
 20
2412.182029880761
 30
0.0
 11
3685.690583028733
 21
2412.701645123031
 31
0.0
  0
LINE
  5
101
330
85
100
AcDbEntity
  8
0
  6
Continuous
 62
     7
370
    15
100
AcDbLine
 10
3685.490583028733
 20
2407.901645123031
 30
0.0
 11
3685.690583028733
 21
2407.901645123031
 31
0.0
  0
LINE
  5
102
330
85
100
AcDbEntity
  8
0
  6
Continuous
 62
     7
370
    15
100
AcDbLine
 10
3685.690583028733
 20
2412.701645123031
 30
0.0
 11
3685.490583028733
 21
2412.701645123031
 31
0.0
  0
LINE
  5
103
330
85
100
AcDbEntity
  8
0
  6
Continuous
 62
     7
370
    15
100
AcDbLine
 10
3685.490583028733
 20
2412.701645123031
 30
0.0
 11
3685.190583028735
 21
2412.182029880761
 31
0.0
  0
LINE
  5
104
330
85
100
AcDbEntity
  8
0
  6
Continuous
 62
     7
370
    15
100
AcDbLine
 10
3685.190583028735
 20
2408.421260365302
 30
0.0
 11
3685.490583028733
 21
2407.901645123031
 31
0.0
  0
LINE
  5
105
330
85
100
AcDbEntity
  8
0
  6
Continuous
 62
     7
370
    15
100
AcDbLine
 10
3684.090583028734
 20
2407.901645123031
 30
0.0
 11
3684.390583028733
 21
2408.421260365302
 31
0.0
  0
LINE
  5
106
330
85
100
AcDbEntity
  8
0
  6
Continuous
 62
     7
370
    15
100
AcDbLine
 10
3684.390583028733
 20
2412.182029880761
 30
0.0
 11
3684.090583028734
 21
2412.701645123031
 31
0.0
  0
LINE
  5
107
330
85
100
AcDbEntity
  8
0
  6
Continuous
 62
     7
370
    15
100
AcDbLine
 10
3683.890583028733
 20
2407.901645123031
 30
0.0
 11
3684.090583028734
 21
2407.901645123031
 31
0.0
  0
LINE
  5
108
330
85
100
AcDbEntity
  8
0
  6
Continuous
 62
     7
370
    15
100
AcDbLine
 10
3684.090583028734
 20
2412.701645123031
 30
0.0
 11
3683.890583028733
 21
2412.701645123031
 31
0.0
  0
LINE
  5
109
330
85
100
AcDbEntity
  8
0
  6
Continuous
 62
     7
370
    15
100
AcDbLine
 10
3683.890583028733
 20
2412.701645123031
 30
0.0
 11
3683.590583028733
 21
2412.182029880761
 31
0.0
  0
LINE
  5
10A
330
85
100
AcDbEntity
  8
0
  6
Continuous
 62
     7
370
    15
100
AcDbLine
 10
3683.590583028733
 20
2408.421260365302
 30
0.0
 11
3683.890583028733
 21
2407.901645123031
 31
0.0
  0
LINE
  5
10B
330
85
100
AcDbEntity
  8
0
  6
Continuous
 62
     7
370
    15
100
AcDbLine
 10
3682.490583028733
 20
2407.901645123031
 30
0.0
 11
3682.790583028733
 21
2408.421260365302
 31
0.0
  0
LINE
  5
10C
330
85
100
AcDbEntity
  8
0
  6
Continuous
 62
     7
370
    15
100
AcDbLine
 10
3682.790583028733
 20
2412.182029880761
 30
0.0
 11
3682.490583028733
 21
2412.701645123031
 31
0.0
  0
LINE
  5
10D
330
85
100
AcDbEntity
  8
0
  6
Continuous
 62
     7
370
    15
100
AcDbLine
 10
3682.290583028733
 20
2407.901645123031
 30
0.0
 11
3682.490583028733
 21
2407.901645123031
 31
0.0
  0
LINE
  5
10E
330
85
100
AcDbEntity
  8
0
  6
Continuous
 62
     7
370
    15
100
AcDbLine
 10
3682.490583028733
 20
2412.701645123031
 30
0.0
 11
3682.290583028733
 21
2412.701645123031
 31
0.0
  0
LINE
  5
10F
330
85
100
AcDbEntity
  8
0
  6
Continuous
 62
     7
370
    15
100
AcDbLine
 10
3682.290583028733
 20
2412.701645123031
 30
0.0
 11
3681.990583028734
 21
2412.182029880761
 31
0.0
  0
LINE
  5
110
330
85
100
AcDbEntity
  8
0
  6
Continuous
 62
     7
370
    15
100
AcDbLine
 10
3681.990583028734
 20
2408.421260365302
 30
0.0
 11
3682.290583028733
 21
2407.901645123031
 31
0.0
  0
LINE
  5
111
330
85
100
AcDbEntity
  8
0
  6
Continuous
 62
     7
370
    15
100
AcDbLine
 10
3680.890583028733
 20
2407.901645123031
 30
0.0
 11
3681.190583028735
 21
2408.421260365302
 31
0.0
  0
LINE
  5
112
330
85
100
AcDbEntity
  8
0
  6
Continuous
 62
     7
370
    15
100
AcDbLine
 10
3681.190583028735
 20
2412.182029880761
 30
0.0
 11
3680.890583028733
 21
2412.701645123031
 31
0.0
  0
LINE
  5
113
330
85
100
AcDbEntity
  8
0
  6
Continuous
 62
     7
370
    15
100
AcDbLine
 10
3680.690583028733
 20
2407.901645123031
 30
0.0
 11
3680.890583028733
 21
2407.901645123031
 31
0.0
  0
LINE
  5
114
330
85
100
AcDbEntity
  8
0
  6
Continuous
 62
     7
370
    15
100
AcDbLine
 10
3680.890583028733
 20
2412.701645123031
 30
0.0
 11
3680.690583028733
 21
2412.701645123031
 31
0.0
  0
LINE
  5
115
330
85
100
AcDbEntity
  8
0
  6
Continuous
 62
     7
370
    15
100
AcDbLine
 10
3680.690583028733
 20
2412.701645123031
 30
0.0
 11
3680.390583028734
 21
2412.182029880761
 31
0.0
  0
LINE
  5
116
330
85
100
AcDbEntity
  8
0
  6
Continuous
 62
     7
370
    15
100
AcDbLine
 10
3680.390583028734
 20
2408.421260365302
 30
0.0
 11
3680.690583028733
 21
2407.901645123031
 31
0.0
  0
LINE
  5
117
330
85
100
AcDbEntity
  8
0
  6
Continuous
 62
     7
370
    15
100
AcDbLine
 10
3679.290583028733
 20
2407.901645123031
 30
0.0
 11
3679.590583028733
 21
2408.421260365302
 31
0.0
  0
LINE
  5
118
330
85
100
AcDbEntity
  8
0
  6
Continuous
 62
     7
370
    15
100
AcDbLine
 10
3679.590583028733
 20
2412.182029880761
 30
0.0
 11
3679.290583028733
 21
2412.701645123031
 31
0.0
  0
LINE
  5
119
330
85
100
AcDbEntity
  8
0
  6
Continuous
 62
     7
370
    15
100
AcDbLine
 10
3679.090583028735
 20
2407.901645123031
 30
0.0
 11
3679.290583028733
 21
2407.901645123031
 31
0.0
  0
LINE
  5
11A
330
85
100
AcDbEntity
  8
0
  6
Continuous
 62
     7
370
    15
100
AcDbLine
 10
3679.290583028733
 20
2412.701645123031
 30
0.0
 11
3679.090583028735
 21
2412.701645123031
 31
0.0
  0
LINE
  5
11B
330
85
100
AcDbEntity
  8
0
  6
Continuous
 62
     7
370
    15
100
AcDbLine
 10
3679.090583028735
 20
2412.701645123031
 30
0.0
 11
3678.790583028734
 21
2412.182029880761
 31
0.0
  0
LINE
  5
11C
330
85
100
AcDbEntity
  8
0
  6
Continuous
 62
     7
370
    15
100
AcDbLine
 10
3678.790583028734
 20
2408.421260365302
 30
0.0
 11
3679.090583028735
 21
2407.901645123031
 31
0.0
  0
LINE
  5
11D
330
85
100
AcDbEntity
  8
0
  6
Continuous
 62
     7
370
    15
100
AcDbLine
 10
3677.690583028733
 20
2407.901645123031
 30
0.0
 11
3677.990583028734
 21
2408.421260365302
 31
0.0
  0
LINE
  5
11E
330
85
100
AcDbEntity
  8
0
  6
Continuous
 62
     7
370
    15
100
AcDbLine
 10
3677.990583028734
 20
2412.182029880761
 30
0.0
 11
3677.690583028733
 21
2412.701645123031
 31
0.0
  0
LINE
  5
11F
330
85
100
AcDbEntity
  8
0
  6
Continuous
 62
     7
370
    15
100
AcDbLine
 10
3677.490583028733
 20
2407.901645123031
 30
0.0
 11
3677.690583028733
 21
2407.901645123031
 31
0.0
  0
LINE
  5
120
330
85
100
AcDbEntity
  8
0
  6
Continuous
 62
     7
370
    15
100
AcDbLine
 10
3677.690583028733
 20
2412.701645123031
 30
0.0
 11
3677.490583028733
 21
2412.701645123031
 31
0.0
  0
LINE
  5
121
330
85
100
AcDbEntity
  8
0
  6
Continuous
 62
     7
370
    15
100
AcDbLine
 10
3677.490583028733
 20
2412.701645123031
 30
0.0
 11
3677.190583028733
 21
2412.182029880761
 31
0.0
  0
LINE
  5
122
330
85
100
AcDbEntity
  8
0
  6
Continuous
 62
     7
370
    15
100
AcDbLine
 10
3677.190583028733
 20
2408.421260365302
 30
0.0
 11
3677.490583028733
 21
2407.901645123031
 31
0.0
  0
LINE
  5
123
330
85
100
AcDbEntity
  8
0
  6
Continuous
 62
     7
370
    15
100
AcDbLine
 10
3676.090583028734
 20
2407.901645123031
 30
0.0
 11
3676.390583028734
 21
2408.421260365302
 31
0.0
  0
LINE
  5
124
330
85
100
AcDbEntity
  8
0
  6
Continuous
 62
     7
370
    15
100
AcDbLine
 10
3676.390583028734
 20
2412.182029880761
 30
0.0
 11
3676.090583028734
 21
2412.701645123031
 31
0.0
  0
LINE
  5
125
330
85
100
AcDbEntity
  8
0
  6
Continuous
 62
     7
370
    15
100
AcDbLine
 10
3675.890583028734
 20
2407.901645123031
 30
0.0
 11
3676.090583028734
 21
2407.901645123031
 31
0.0
  0
LINE
  5
126
330
85
100
AcDbEntity
  8
0
  6
Continuous
 62
     7
370
    15
100
AcDbLine
 10
3676.090583028734
 20
2412.701645123031
 30
0.0
 11
3675.890583028734
 21
2412.701645123031
 31
0.0
  0
LINE
  5
127
330
85
100
AcDbEntity
  8
0
  6
Continuous
 62
     7
370
    15
100
AcDbLine
 10
3675.890583028734
 20
2412.701645123031
 30
0.0
 11
3675.590583028733
 21
2412.182029880761
 31
0.0
  0
LINE
  5
128
330
85
100
AcDbEntity
  8
0
  6
Continuous
 62
     7
370
    15
100
AcDbLine
 10
3675.590583028733
 20
2408.421260365302
 30
0.0
 11
3675.890583028734
 21
2407.901645123031
 31
0.0
  0
LINE
  5
129
330
85
100
AcDbEntity
  8
0
  6
Continuous
 62
     7
370
    15
100
AcDbLine
 10
3674.490583028733
 20
2407.901645123031
 30
0.0
 11
3674.790583028733
 21
2408.421260365302
 31
0.0
  0
LINE
  5
12A
330
85
100
AcDbEntity
  8
0
  6
Continuous
 62
     7
370
    15
100
AcDbLine
 10
3674.790583028733
 20
2412.182029880761
 30
0.0
 11
3674.490583028733
 21
2412.701645123031
 31
0.0
  0
LINE
  5
12B
330
85
100
AcDbEntity
  8
0
  6
Continuous
 62
     7
370
    15
100
AcDbLine
 10
3674.290583028734
 20
2407.901645123031
 30
0.0
 11
3674.490583028733
 21
2407.901645123031
 31
0.0
  0
LINE
  5
12C
330
85
100
AcDbEntity
  8
0
  6
Continuous
 62
     7
370
    15
100
AcDbLine
 10
3674.490583028733
 20
2412.701645123031
 30
0.0
 11
3674.290583028734
 21
2412.701645123031
 31
0.0
  0
LINE
  5
12D
330
85
100
AcDbEntity
  8
0
  6
Continuous
 62
     7
370
    15
100
AcDbLine
 10
3674.290583028734
 20
2412.701645123031
 30
0.0
 11
3673.990583028734
 21
2412.182029880761
 31
0.0
  0
LINE
  5
12E
330
85
100
AcDbEntity
  8
0
  6
Continuous
 62
     7
370
    15
100
AcDbLine
 10
3673.990583028734
 20
2408.421260365302
 30
0.0
 11
3674.290583028734
 21
2407.901645123031
 31
0.0
  0
LINE
  5
12F
330
85
100
AcDbEntity
  8
0
  6
Continuous
 62
     7
370
    15
100
AcDbLine
 10
3672.890583028733
 20
2407.901645123031
 30
0.0
 11
3673.190583028733
 21
2408.421260365302
 31
0.0
  0
LINE
  5
130
330
85
100
AcDbEntity
  8
0
  6
Continuous
 62
     7
370
    15
100
AcDbLine
 10
3673.190583028733
 20
2412.182029880761
 30
0.0
 11
3672.890583028733
 21
2412.701645123031
 31
0.0
  0
LINE
  5
131
330
85
100
AcDbEntity
  8
0
  6
Continuous
 62
     7
370
    15
100
AcDbLine
 10
3672.690583028734
 20
2407.901645123031
 30
0.0
 11
3672.890583028733
 21
2407.901645123031
 31
0.0
  0
LINE
  5
132
330
85
100
AcDbEntity
  8
0
  6
Continuous
 62
     7
370
    15
100
AcDbLine
 10
3672.890583028733
 20
2412.701645123031
 30
0.0
 11
3672.690583028734
 21
2412.701645123031
 31
0.0
  0
LINE
  5
133
330
85
100
AcDbEntity
  8
0
  6
Continuous
 62
     7
370
    15
100
AcDbLine
 10
3672.690583028734
 20
2412.701645123031
 30
0.0
 11
3672.390583028733
 21
2412.182029880761
 31
0.0
  0
LINE
  5
134
330
85
100
AcDbEntity
  8
0
  6
Continuous
 62
     7
370
    15
100
AcDbLine
 10
3672.390583028733
 20
2408.421260365302
 30
0.0
 11
3672.690583028734
 21
2407.901645123031
 31
0.0
  0
LINE
  5
135
330
85
100
AcDbEntity
  8
0
  6
Continuous
 62
     7
370
    15
100
AcDbLine
 10
3671.290583028734
 20
2407.901645123031
 30
0.0
 11
3671.590583028733
 21
2408.421260365302
 31
0.0
  0
LINE
  5
136
330
85
100
AcDbEntity
  8
0
  6
Continuous
 62
     7
370
    15
100
AcDbLine
 10
3671.590583028733
 20
2412.182029880761
 30
0.0
 11
3671.290583028734
 21
2412.701645123031
 31
0.0
  0
LINE
  5
137
330
85
100
AcDbEntity
  8
0
  6
Continuous
 62
     7
370
    15
100
AcDbLine
 10
3671.090583028735
 20
2407.901645123031
 30
0.0
 11
3671.290583028734
 21
2407.901645123031
 31
0.0
  0
LINE
  5
138
330
85
100
AcDbEntity
  8
0
  6
Continuous
 62
     7
370
    15
100
AcDbLine
 10
3671.290583028734
 20
2412.701645123031
 30
0.0
 11
3671.090583028735
 21
2412.701645123031
 31
0.0
  0
LINE
  5
139
330
85
100
AcDbEntity
  8
0
  6
Continuous
 62
     7
370
    15
100
AcDbLine
 10
3671.090583028735
 20
2412.701645123031
 30
0.0
 11
3670.790583028733
 21
2412.182029880761
 31
0.0
  0
LINE
  5
13A
330
85
100
AcDbEntity
  8
0
  6
Continuous
 62
     7
370
    15
100
AcDbLine
 10
3670.790583028733
 20
2408.421260365302
 30
0.0
 11
3671.090583028735
 21
2407.901645123031
 31
0.0
  0
LINE
  5
13B
330
85
100
AcDbEntity
  8
0
  6
Continuous
 62
     7
370
    15
100
AcDbLine
 10
3669.690583028734
 20
2407.901645123031
 30
0.0
 11
3669.990583028733
 21
2408.421260365302
 31
0.0
  0
LINE
  5
13C
330
85
100
AcDbEntity
  8
0
  6
Continuous
 62
     7
370
    15
100
AcDbLine
 10
3669.990583028733
 20
2412.182029880761
 30
0.0
 11
3669.690583028734
 21
2412.701645123031
 31
0.0
  0
LINE
  5
13D
330
85
100
AcDbEntity
  8
0
  6
Continuous
 62
     7
370
    15
100
AcDbLine
 10
3669.490583028733
 20
2407.901645123031
 30
0.0
 11
3669.690583028734
 21
2407.901645123031
 31
0.0
  0
LINE
  5
13E
330
85
100
AcDbEntity
  8
0
  6
Continuous
 62
     7
370
    15
100
AcDbLine
 10
3669.690583028734
 20
2412.701645123031
 30
0.0
 11
3669.490583028733
 21
2412.701645123031
 31
0.0
  0
LINE
  5
13F
330
85
100
AcDbEntity
  8
0
  6
Continuous
 62
     7
370
    15
100
AcDbLine
 10
3669.490583028733
 20
2412.701645123031
 30
0.0
 11
3669.190583028733
 21
2412.182029880761
 31
0.0
  0
LINE
  5
140
330
85
100
AcDbEntity
  8
0
  6
Continuous
 62
     7
370
    15
100
AcDbLine
 10
3669.190583028733
 20
2408.421260365302
 30
0.0
 11
3669.490583028733
 21
2407.901645123031
 31
0.0
  0
LINE
  5
141
330
85
100
AcDbEntity
  8
0
  6
Continuous
 62
     7
370
    15
100
AcDbLine
 10
3668.090583028734
 20
2407.901645123031
 30
0.0
 11
3668.390583028733
 21
2408.421260365302
 31
0.0
  0
LINE
  5
142
330
85
100
AcDbEntity
  8
0
  6
Continuous
 62
     7
370
    15
100
AcDbLine
 10
3668.390583028733
 20
2412.182029880761
 30
0.0
 11
3668.090583028734
 21
2412.701645123031
 31
0.0
  0
LINE
  5
143
330
85
100
AcDbEntity
  8
0
  6
Continuous
 62
     7
370
    15
100
AcDbLine
 10
3667.890583028734
 20
2407.901645123031
 30
0.0
 11
3668.090583028734
 21
2407.901645123031
 31
0.0
  0
LINE
  5
144
330
85
100
AcDbEntity
  8
0
  6
Continuous
 62
     7
370
    15
100
AcDbLine
 10
3668.090583028734
 20
2412.701645123031
 30
0.0
 11
3667.890583028734
 21
2412.701645123031
 31
0.0
  0
LINE
  5
145
330
85
100
AcDbEntity
  8
0
  6
Continuous
 62
     7
370
    15
100
AcDbLine
 10
3667.890583028734
 20
2412.701645123031
 30
0.0
 11
3667.590583028733
 21
2412.182029880761
 31
0.0
  0
LINE
  5
146
330
85
100
AcDbEntity
  8
0
  6
Continuous
 62
     7
370
    15
100
AcDbLine
 10
3667.590583028733
 20
2408.421260365302
 30
0.0
 11
3667.890583028734
 21
2407.901645123031
 31
0.0
  0
LINE
  5
147
330
85
100
AcDbEntity
  8
0
  6
Continuous
 62
     7
370
    15
100
AcDbLine
 10
3666.490583028733
 20
2407.901645123031
 30
0.0
 11
3666.790583028733
 21
2408.421260365302
 31
0.0
  0
LINE
  5
148
330
85
100
AcDbEntity
  8
0
  6
Continuous
 62
     7
370
    15
100
AcDbLine
 10
3666.790583028733
 20
2412.182029880761
 30
0.0
 11
3666.490583028733
 21
2412.701645123031
 31
0.0
  0
LINE
  5
149
330
85
100
AcDbEntity
  8
0
  6
Continuous
 62
     7
370
    15
100
AcDbLine
 10
3666.290583028735
 20
2407.901645123031
 30
0.0
 11
3666.490583028733
 21
2407.901645123031
 31
0.0
  0
LINE
  5
14A
330
85
100
AcDbEntity
  8
0
  6
Continuous
 62
     7
370
    15
100
AcDbLine
 10
3666.490583028733
 20
2412.701645123031
 30
0.0
 11
3666.290583028735
 21
2412.701645123031
 31
0.0
  0
LINE
  5
14B
330
85
100
AcDbEntity
  8
0
  6
Continuous
 62
     7
370
    15
100
AcDbLine
 10
3666.290583028735
 20
2412.701645123031
 30
0.0
 11
3665.990583028733
 21
2412.182029880761
 31
0.0
  0
LINE
  5
14C
330
85
100
AcDbEntity
  8
0
  6
Continuous
 62
     7
370
    15
100
AcDbLine
 10
3665.990583028733
 20
2408.421260365302
 30
0.0
 11
3666.290583028735
 21
2407.901645123031
 31
0.0
  0
LINE
  5
14D
330
85
100
AcDbEntity
  8
0
  6
Continuous
 62
     7
370
    15
100
AcDbLine
 10
3664.890583028733
 20
2407.901645123031
 30
0.0
 11
3665.190583028734
 21
2408.421260365302
 31
0.0
  0
LINE
  5
14E
330
85
100
AcDbEntity
  8
0
  6
Continuous
 62
     7
370
    15
100
AcDbLine
 10
3665.190583028734
 20
2412.182029880761
 30
0.0
 11
3664.890583028733
 21
2412.701645123031
 31
0.0
  0
LINE
  5
14F
330
85
100
AcDbEntity
  8
0
  6
Continuous
 62
     7
370
    15
100
AcDbLine
 10
3664.690583028733
 20
2407.901645123031
 30
0.0
 11
3664.890583028733
 21
2407.901645123031
 31
0.0
  0
LINE
  5
150
330
85
100
AcDbEntity
  8
0
  6
Continuous
 62
     7
370
    15
100
AcDbLine
 10
3664.890583028733
 20
2412.701645123031
 30
0.0
 11
3664.690583028733
 21
2412.701645123031
 31
0.0
  0
LINE
  5
151
330
85
100
AcDbEntity
  8
0
  6
Continuous
 62
     7
370
    15
100
AcDbLine
 10
3664.690583028733
 20
2412.701645123031
 30
0.0
 11
3664.390583028733
 21
2412.182029880761
 31
0.0
  0
LINE
  5
152
330
85
100
AcDbEntity
  8
0
  6
Continuous
 62
     7
370
    15
100
AcDbLine
 10
3664.390583028733
 20
2408.421260365302
 30
0.0
 11
3664.690583028733
 21
2407.901645123031
 31
0.0
  0
LINE
  5
153
330
85
100
AcDbEntity
  8
0
  6
Continuous
 62
     7
370
    15
100
AcDbLine
 10
3663.290583028735
 20
2407.901645123031
 30
0.0
 11
3663.590583028734
 21
2408.421260365302
 31
0.0
  0
LINE
  5
154
330
85
100
AcDbEntity
  8
0
  6
Continuous
 62
     7
370
    15
100
AcDbLine
 10
3663.590583028734
 20
2412.182029880761
 30
0.0
 11
3663.290583028735
 21
2412.701645123031
 31
0.0
  0
LINE
  5
155
330
85
100
AcDbEntity
  8
0
  6
Continuous
 62
     7
370
    15
100
AcDbLine
 10
3663.090583028733
 20
2407.901645123031
 30
0.0
 11
3663.290583028735
 21
2407.901645123031
 31
0.0
  0
LINE
  5
156
330
85
100
AcDbEntity
  8
0
  6
Continuous
 62
     7
370
    15
100
AcDbLine
 10
3663.290583028735
 20
2412.701645123031
 30
0.0
 11
3663.090583028733
 21
2412.701645123031
 31
0.0
  0
LINE
  5
157
330
85
100
AcDbEntity
  8
0
  6
Continuous
 62
     7
370
    15
100
AcDbLine
 10
3663.090583028733
 20
2412.701645123031
 30
0.0
 11
3662.790583028733
 21
2412.182029880761
 31
0.0
  0
LINE
  5
158
330
85
100
AcDbEntity
  8
0
  6
Continuous
 62
     7
370
    15
100
AcDbLine
 10
3662.790583028733
 20
2408.421260365302
 30
0.0
 11
3663.090583028733
 21
2407.901645123031
 31
0.0
  0
LINE
  5
159
330
85
100
AcDbEntity
  8
0
  6
Continuous
 62
     7
370
    15
100
AcDbLine
 10
3661.690583028735
 20
2407.901645123031
 30
0.0
 11
3661.990583028733
 21
2408.421260365302
 31
0.0
  0
LINE
  5
15A
330
85
100
AcDbEntity
  8
0
  6
Continuous
 62
     7
370
    15
100
AcDbLine
 10
3661.990583028733
 20
2412.182029880761
 30
0.0
 11
3661.690583028735
 21
2412.701645123031
 31
0.0
  0
LINE
  5
15B
330
85
100
AcDbEntity
  8
0
  6
Continuous
 62
     7
370
    15
100
AcDbLine
 10
3661.490583028733
 20
2407.901645123031
 30
0.0
 11
3661.690583028735
 21
2407.901645123031
 31
0.0
  0
LINE
  5
15C
330
85
100
AcDbEntity
  8
0
  6
Continuous
 62
     7
370
    15
100
AcDbLine
 10
3661.690583028735
 20
2412.701645123031
 30
0.0
 11
3661.490583028733
 21
2412.701645123031
 31
0.0
  0
LINE
  5
15D
330
85
100
AcDbEntity
  8
0
  6
Continuous
 62
     7
370
    15
100
AcDbLine
 10
3661.490583028733
 20
2412.701645123031
 30
0.0
 11
3661.190583028734
 21
2412.182029880761
 31
0.0
  0
LINE
  5
15E
330
85
100
AcDbEntity
  8
0
  6
Continuous
 62
     7
370
    15
100
AcDbLine
 10
3661.190583028734
 20
2408.421260365302
 30
0.0
 11
3661.490583028733
 21
2407.901645123031
 31
0.0
  0
LINE
  5
15F
330
85
100
AcDbEntity
  8
0
  6
Continuous
 62
     7
370
    15
100
AcDbLine
 10
3660.090583028733
 20
2407.901645123031
 30
0.0
 11
3660.390583028733
 21
2408.421260365302
 31
0.0
  0
LINE
  5
160
330
85
100
AcDbEntity
  8
0
  6
Continuous
 62
     7
370
    15
100
AcDbLine
 10
3660.390583028733
 20
2412.182029880761
 30
0.0
 11
3660.090583028733
 21
2412.701645123031
 31
0.0
  0
LINE
  5
161
330
85
100
AcDbEntity
  8
0
  6
Continuous
 62
     7
370
    15
100
AcDbLine
 10
3659.890583028733
 20
2407.901645123031
 30
0.0
 11
3660.090583028733
 21
2407.901645123031
 31
0.0
  0
LINE
  5
162
330
85
100
AcDbEntity
  8
0
  6
Continuous
 62
     7
370
    15
100
AcDbLine
 10
3660.090583028733
 20
2412.701645123031
 30
0.0
 11
3659.890583028733
 21
2412.701645123031
 31
0.0
  0
LINE
  5
163
330
85
100
AcDbEntity
  8
0
  6
Continuous
 62
     7
370
    15
100
AcDbLine
 10
3659.890583028733
 20
2412.701645123031
 30
0.0
 11
3659.590583028734
 21
2412.182029880761
 31
0.0
  0
LINE
  5
164
330
85
100
AcDbEntity
  8
0
  6
Continuous
 62
     7
370
    15
100
AcDbLine
 10
3659.590583028734
 20
2408.421260365302
 30
0.0
 11
3659.890583028733
 21
2407.901645123031
 31
0.0
  0
LINE
  5
165
330
85
100
AcDbEntity
  8
0
  6
Continuous
 62
     7
370
    15
100
AcDbLine
 10
3658.490583028733
 20
2407.901645123031
 30
0.0
 11
3658.790583028733
 21
2408.421260365302
 31
0.0
  0
LINE
  5
166
330
85
100
AcDbEntity
  8
0
  6
Continuous
 62
     7
370
    15
100
AcDbLine
 10
3658.790583028733
 20
2412.182029880761
 30
0.0
 11
3658.490583028733
 21
2412.701645123031
 31
0.0
  0
LINE
  5
167
330
85
100
AcDbEntity
  8
0
  6
Continuous
 62
     7
370
    15
100
AcDbLine
 10
3658.290583028733
 20
2407.901645123031
 30
0.0
 11
3658.490583028733
 21
2407.901645123031
 31
0.0
  0
LINE
  5
168
330
85
100
AcDbEntity
  8
0
  6
Continuous
 62
     7
370
    15
100
AcDbLine
 10
3658.490583028733
 20
2412.701645123031
 30
0.0
 11
3658.290583028733
 21
2412.701645123031
 31
0.0
  0
LINE
  5
169
330
85
100
AcDbEntity
  8
0
  6
Continuous
 62
     7
370
    15
100
AcDbLine
 10
3658.290583028733
 20
2412.701645123031
 30
0.0
 11
3657.990583028733
 21
2412.182029880761
 31
0.0
  0
LINE
  5
16A
330
85
100
AcDbEntity
  8
0
  6
Continuous
 62
     7
370
    15
100
AcDbLine
 10
3657.990583028733
 20
2408.421260365302
 30
0.0
 11
3658.290583028733
 21
2407.901645123031
 31
0.0
  0
LINE
  5
16B
330
85
100
AcDbEntity
  8
0
  6
Continuous
 62
     7
370
    15
100
AcDbLine
 10
3656.890583028733
 20
2407.901645123031
 30
0.0
 11
3657.190583028735
 21
2408.421260365302
 31
0.0
  0
LINE
  5
16C
330
85
100
AcDbEntity
  8
0
  6
Continuous
 62
     7
370
    15
100
AcDbLine
 10
3657.190583028735
 20
2412.182029880761
 30
0.0
 11
3656.890583028733
 21
2412.701645123031
 31
0.0
  0
LINE
  5
16D
330
85
100
AcDbEntity
  8
0
  6
Continuous
 62
     7
370
    15
100
AcDbLine
 10
3656.690583028733
 20
2407.901645123031
 30
0.0
 11
3656.890583028733
 21
2407.901645123031
 31
0.0
  0
LINE
  5
16E
330
85
100
AcDbEntity
  8
0
  6
Continuous
 62
     7
370
    15
100
AcDbLine
 10
3656.890583028733
 20
2412.701645123031
 30
0.0
 11
3656.690583028733
 21
2412.701645123031
 31
0.0
  0
LINE
  5
16F
330
85
100
AcDbEntity
  8
0
  6
Continuous
 62
     7
370
    15
100
AcDbLine
 10
3656.690583028733
 20
2412.701645123031
 30
0.0
 11
3656.390583028733
 21
2412.182029880761
 31
0.0
  0
LINE
  5
170
330
85
100
AcDbEntity
  8
0
  6
Continuous
 62
     7
370
    15
100
AcDbLine
 10
3656.390583028733
 20
2408.421260365302
 30
0.0
 11
3656.690583028733
 21
2407.901645123031
 31
0.0
  0
LINE
  5
171
330
85
100
AcDbEntity
  8
0
  6
Continuous
 62
     7
370
    15
100
AcDbLine
 10
3655.290583028733
 20
2407.901645123031
 30
0.0
 11
3655.590583028735
 21
2408.421260365302
 31
0.0
  0
LINE
  5
172
330
85
100
AcDbEntity
  8
0
  6
Continuous
 62
     7
370
    15
100
AcDbLine
 10
3655.590583028735
 20
2412.182029880761
 30
0.0
 11
3655.290583028733
 21
2412.701645123031
 31
0.0
  0
LINE
  5
173
330
85
100
AcDbEntity
  8
0
  6
Continuous
 62
     7
370
    15
100
AcDbLine
 10
3655.090583028734
 20
2407.901645123031
 30
0.0
 11
3655.290583028733
 21
2407.901645123031
 31
0.0
  0
LINE
  5
174
330
85
100
AcDbEntity
  8
0
  6
Continuous
 62
     7
370
    15
100
AcDbLine
 10
3655.290583028733
 20
2412.701645123031
 30
0.0
 11
3655.090583028734
 21
2412.701645123031
 31
0.0
  0
LINE
  5
175
330
85
100
AcDbEntity
  8
0
  6
Continuous
 62
     7
370
    15
100
AcDbLine
 10
3655.090583028734
 20
2412.701645123031
 30
0.0
 11
3654.790583028733
 21
2412.182029880761
 31
0.0
  0
LINE
  5
176
330
85
100
AcDbEntity
  8
0
  6
Continuous
 62
     7
370
    15
100
AcDbLine
 10
3654.790583028733
 20
2408.421260365302
 30
0.0
 11
3655.090583028734
 21
2407.901645123031
 31
0.0
  0
LINE
  5
177
330
85
100
AcDbEntity
  8
0
  6
Continuous
 62
     7
370
    15
100
AcDbLine
 10
3653.690583028733
 20
2407.901645123031
 30
0.0
 11
3653.990583028733
 21
2408.421260365302
 31
0.0
  0
LINE
  5
178
330
85
100
AcDbEntity
  8
0
  6
Continuous
 62
     7
370
    15
100
AcDbLine
 10
3653.990583028733
 20
2412.182029880761
 30
0.0
 11
3653.690583028733
 21
2412.701645123031
 31
0.0
  0
LINE
  5
179
330
85
100
AcDbEntity
  8
0
  6
Continuous
 62
     7
370
    15
100
AcDbLine
 10
3653.490583028733
 20
2407.901645123031
 30
0.0
 11
3653.690583028733
 21
2407.901645123031
 31
0.0
  0
LINE
  5
17A
330
85
100
AcDbEntity
  8
0
  6
Continuous
 62
     7
370
    15
100
AcDbLine
 10
3653.690583028733
 20
2412.701645123031
 30
0.0
 11
3653.490583028733
 21
2412.701645123031
 31
0.0
  0
LINE
  5
17B
330
85
100
AcDbEntity
  8
0
  6
Continuous
 62
     7
370
    15
100
AcDbLine
 10
3653.490583028733
 20
2412.701645123031
 30
0.0
 11
3653.190583028735
 21
2412.182029880761
 31
0.0
  0
LINE
  5
17C
330
85
100
AcDbEntity
  8
0
  6
Continuous
 62
     7
370
    15
100
AcDbLine
 10
3653.190583028735
 20
2408.421260365302
 30
0.0
 11
3653.490583028733
 21
2407.901645123031
 31
0.0
  0
LINE
  5
17D
330
85
100
AcDbEntity
  8
0
  6
Continuous
 62
     7
370
    15
100
AcDbLine
 10
3652.090583028734
 20
2407.901645123031
 30
0.0
 11
3652.390583028733
 21
2408.421260365302
 31
0.0
  0
LINE
  5
17E
330
85
100
AcDbEntity
  8
0
  6
Continuous
 62
     7
370
    15
100
AcDbLine
 10
3652.390583028733
 20
2412.182029880761
 30
0.0
 11
3652.090583028734
 21
2412.701645123031
 31
0.0
  0
LINE
  5
17F
330
85
100
AcDbEntity
  8
0
  6
Continuous
 62
     7
370
    15
100
AcDbLine
 10
3651.890583028733
 20
2407.901645123031
 30
0.0
 11
3652.090583028734
 21
2407.901645123031
 31
0.0
  0
LINE
  5
180
330
85
100
AcDbEntity
  8
0
  6
Continuous
 62
     7
370
    15
100
AcDbLine
 10
3652.090583028734
 20
2412.701645123031
 30
0.0
 11
3651.890583028733
 21
2412.701645123031
 31
0.0
  0
LINE
  5
181
330
85
100
AcDbEntity
  8
0
  6
Continuous
 62
     7
370
    15
100
AcDbLine
 10
3651.890583028733
 20
2412.701645123031
 30
0.0
 11
3651.590583028735
 21
2412.182029880761
 31
0.0
  0
LINE
  5
182
330
85
100
AcDbEntity
  8
0
  6
Continuous
 62
     7
370
    15
100
AcDbLine
 10
3651.590583028735
 20
2408.421260365302
 30
0.0
 11
3651.890583028733
 21
2407.901645123031
 31
0.0
  0
LINE
  5
183
330
85
100
AcDbEntity
  8
0
  6
Continuous
 62
     7
370
    15
100
AcDbLine
 10
3716.390583028733
 20
2408.421260365302
 30
0.0
 11
3717.190583028735
 21
2408.421260365302
 31
0.0
  0
LINE
  5
184
330
85
100
AcDbEntity
  8
0
  6
Continuous
 62
     7
370
    15
100
AcDbLine
 10
3717.190583028735
 20
2412.182029880761
 30
0.0
 11
3716.390583028733
 21
2412.182029880761
 31
0.0
  0
LINE
  5
185
330
85
100
AcDbEntity
  8
0
  6
Continuous
 62
     7
370
    15
100
AcDbLine
 10
3714.790583028733
 20
2408.421260365302
 30
0.0
 11
3715.590583028733
 21
2408.421260365302
 31
0.0
  0
LINE
  5
186
330
85
100
AcDbEntity
  8
0
  6
Continuous
 62
     7
370
    15
100
AcDbLine
 10
3715.590583028733
 20
2412.182029880761
 30
0.0
 11
3714.790583028733
 21
2412.182029880761
 31
0.0
  0
LINE
  5
187
330
85
100
AcDbEntity
  8
0
  6
Continuous
 62
     7
370
    15
100
AcDbLine
 10
3713.190583028733
 20
2408.421260365302
 30
0.0
 11
3713.990583028734
 21
2408.421260365302
 31
0.0
  0
LINE
  5
188
330
85
100
AcDbEntity
  8
0
  6
Continuous
 62
     7
370
    15
100
AcDbLine
 10
3713.990583028734
 20
2412.182029880761
 30
0.0
 11
3713.190583028733
 21
2412.182029880761
 31
0.0
  0
LINE
  5
189
330
85
100
AcDbEntity
  8
0
  6
Continuous
 62
     7
370
    15
100
AcDbLine
 10
3711.590583028733
 20
2408.421260365302
 30
0.0
 11
3712.390583028734
 21
2408.421260365302
 31
0.0
  0
LINE
  5
18A
330
85
100
AcDbEntity
  8
0
  6
Continuous
 62
     7
370
    15
100
AcDbLine
 10
3712.390583028734
 20
2412.182029880761
 30
0.0
 11
3711.590583028733
 21
2412.182029880761
 31
0.0
  0
LINE
  5
18B
330
85
100
AcDbEntity
  8
0
  6
Continuous
 62
     7
370
    15
100
AcDbLine
 10
3709.990583028734
 20
2408.421260365302
 30
0.0
 11
3710.790583028733
 21
2408.421260365302
 31
0.0
  0
LINE
  5
18C
330
85
100
AcDbEntity
  8
0
  6
Continuous
 62
     7
370
    15
100
AcDbLine
 10
3710.790583028733
 20
2412.182029880761
 30
0.0
 11
3709.990583028734
 21
2412.182029880761
 31
0.0
  0
LINE
  5
18D
330
85
100
AcDbEntity
  8
0
  6
Continuous
 62
     7
370
    15
100
AcDbLine
 10
3708.390583028733
 20
2408.421260365302
 30
0.0
 11
3709.190583028733
 21
2408.421260365302
 31
0.0
  0
LINE
  5
18E
330
85
100
AcDbEntity
  8
0
  6
Continuous
 62
     7
370
    15
100
AcDbLine
 10
3709.190583028733
 20
2412.182029880761
 30
0.0
 11
3708.390583028733
 21
2412.182029880761
 31
0.0
  0
LINE
  5
18F
330
85
100
AcDbEntity
  8
0
  6
Continuous
 62
     7
370
    15
100
AcDbLine
 10
3706.790583028733
 20
2408.421260365302
 30
0.0
 11
3707.590583028733
 21
2408.421260365302
 31
0.0
  0
LINE
  5
190
330
85
100
AcDbEntity
  8
0
  6
Continuous
 62
     7
370
    15
100
AcDbLine
 10
3707.590583028733
 20
2412.182029880761
 30
0.0
 11
3706.790583028733
 21
2412.182029880761
 31
0.0
  0
LINE
  5
191
330
85
100
AcDbEntity
  8
0
  6
Continuous
 62
     7
370
    15
100
AcDbLine
 10
3705.190583028733
 20
2408.421260365302
 30
0.0
 11
3705.990583028733
 21
2408.421260365302
 31
0.0
  0
LINE
  5
192
330
85
100
AcDbEntity
  8
0
  6
Continuous
 62
     7
370
    15
100
AcDbLine
 10
3705.990583028733
 20
2412.182029880761
 30
0.0
 11
3705.190583028733
 21
2412.182029880761
 31
0.0
  0
LINE
  5
193
330
85
100
AcDbEntity
  8
0
  6
Continuous
 62
     7
370
    15
100
AcDbLine
 10
3703.590583028733
 20
2408.421260365302
 30
0.0
 11
3704.390583028733
 21
2408.421260365302
 31
0.0
  0
LINE
  5
194
330
85
100
AcDbEntity
  8
0
  6
Continuous
 62
     7
370
    15
100
AcDbLine
 10
3704.390583028733
 20
2412.182029880761
 30
0.0
 11
3703.590583028733
 21
2412.182029880761
 31
0.0
  0
LINE
  5
195
330
85
100
AcDbEntity
  8
0
  6
Continuous
 62
     7
370
    15
100
AcDbLine
 10
3701.990583028733
 20
2408.421260365302
 30
0.0
 11
3702.790583028733
 21
2408.421260365302
 31
0.0
  0
LINE
  5
196
330
85
100
AcDbEntity
  8
0
  6
Continuous
 62
     7
370
    15
100
AcDbLine
 10
3702.790583028733
 20
2412.182029880761
 30
0.0
 11
3701.990583028733
 21
2412.182029880761
 31
0.0
  0
LINE
  5
197
330
85
100
AcDbEntity
  8
0
  6
Continuous
 62
     7
370
    15
100
AcDbLine
 10
3700.390583028733
 20
2408.421260365302
 30
0.0
 11
3701.190583028733
 21
2408.421260365302
 31
0.0
  0
LINE
  5
198
330
85
100
AcDbEntity
  8
0
  6
Continuous
 62
     7
370
    15
100
AcDbLine
 10
3701.190583028733
 20
2412.182029880761
 30
0.0
 11
3700.390583028733
 21
2412.182029880761
 31
0.0
  0
LINE
  5
199
330
85
100
AcDbEntity
  8
0
  6
Continuous
 62
     7
370
    15
100
AcDbLine
 10
3698.790583028733
 20
2408.421260365302
 30
0.0
 11
3699.590583028733
 21
2408.421260365302
 31
0.0
  0
LINE
  5
19A
330
85
100
AcDbEntity
  8
0
  6
Continuous
 62
     7
370
    15
100
AcDbLine
 10
3699.590583028733
 20
2412.182029880761
 30
0.0
 11
3698.790583028733
 21
2412.182029880761
 31
0.0
  0
LINE
  5
19B
330
85
100
AcDbEntity
  8
0
  6
Continuous
 62
     7
370
    15
100
AcDbLine
 10
3697.190583028734
 20
2408.421260365302
 30
0.0
 11
3697.990583028733
 21
2408.421260365302
 31
0.0
  0
LINE
  5
19C
330
85
100
AcDbEntity
  8
0
  6
Continuous
 62
     7
370
    15
100
AcDbLine
 10
3697.990583028733
 20
2412.182029880761
 30
0.0
 11
3697.190583028734
 21
2412.182029880761
 31
0.0
  0
LINE
  5
19D
330
85
100
AcDbEntity
  8
0
  6
Continuous
 62
     7
370
    15
100
AcDbLine
 10
3695.590583028734
 20
2408.421260365302
 30
0.0
 11
3696.390583028733
 21
2408.421260365302
 31
0.0
  0
LINE
  5
19E
330
85
100
AcDbEntity
  8
0
  6
Continuous
 62
     7
370
    15
100
AcDbLine
 10
3696.390583028733
 20
2412.182029880761
 30
0.0
 11
3695.590583028734
 21
2412.182029880761
 31
0.0
  0
LINE
  5
19F
330
85
100
AcDbEntity
  8
0
  6
Continuous
 62
     7
370
    15
100
AcDbLine
 10
3693.990583028733
 20
2408.421260365302
 30
0.0
 11
3694.790583028733
 21
2408.421260365302
 31
0.0
  0
LINE
  5
1A0
330
85
100
AcDbEntity
  8
0
  6
Continuous
 62
     7
370
    15
100
AcDbLine
 10
3694.790583028733
 20
2412.182029880761
 30
0.0
 11
3693.990583028733
 21
2412.182029880761
 31
0.0
  0
LINE
  5
1A1
330
85
100
AcDbEntity
  8
0
  6
Continuous
 62
     7
370
    15
100
AcDbLine
 10
3692.390583028733
 20
2408.421260365302
 30
0.0
 11
3693.190583028734
 21
2408.421260365302
 31
0.0
  0
LINE
  5
1A2
330
85
100
AcDbEntity
  8
0
  6
Continuous
 62
     7
370
    15
100
AcDbLine
 10
3693.190583028734
 20
2412.182029880761
 30
0.0
 11
3692.390583028733
 21
2412.182029880761
 31
0.0
  0
LINE
  5
1A3
330
85
100
AcDbEntity
  8
0
  6
Continuous
 62
     7
370
    15
100
AcDbLine
 10
3690.790583028733
 20
2408.421260365302
 30
0.0
 11
3691.590583028734
 21
2408.421260365302
 31
0.0
  0
LINE
  5
1A4
330
85
100
AcDbEntity
  8
0
  6
Continuous
 62
     7
370
    15
100
AcDbLine
 10
3691.590583028734
 20
2412.182029880761
 30
0.0
 11
3690.790583028733
 21
2412.182029880761
 31
0.0
  0
LINE
  5
1A5
330
85
100
AcDbEntity
  8
0
  6
Continuous
 62
     7
370
    15
100
AcDbLine
 10
3689.190583028735
 20
2408.421260365302
 30
0.0
 11
3689.990583028733
 21
2408.421260365302
 31
0.0
  0
LINE
  5
1A6
330
85
100
AcDbEntity
  8
0
  6
Continuous
 62
     7
370
    15
100
AcDbLine
 10
3689.990583028733
 20
2412.182029880761
 30
0.0
 11
3689.190583028735
 21
2412.182029880761
 31
0.0
  0
LINE
  5
1A7
330
85
100
AcDbEntity
  8
0
  6
Continuous
 62
     7
370
    15
100
AcDbLine
 10
3687.590583028735
 20
2408.421260365302
 30
0.0
 11
3688.390583028733
 21
2408.421260365302
 31
0.0
  0
LINE
  5
1A8
330
85
100
AcDbEntity
  8
0
  6
Continuous
 62
     7
370
    15
100
AcDbLine
 10
3688.390583028733
 20
2412.182029880761
 30
0.0
 11
3687.590583028735
 21
2412.182029880761
 31
0.0
  0
LINE
  5
1A9
330
85
100
AcDbEntity
  8
0
  6
Continuous
 62
     7
370
    15
100
AcDbLine
 10
3685.990583028733
 20
2408.421260365302
 30
0.0
 11
3686.790583028733
 21
2408.421260365302
 31
0.0
  0
LINE
  5
1AA
330
85
100
AcDbEntity
  8
0
  6
Continuous
 62
     7
370
    15
100
AcDbLine
 10
3686.790583028733
 20
2412.182029880761
 30
0.0
 11
3685.990583028733
 21
2412.182029880761
 31
0.0
  0
LINE
  5
1AB
330
85
100
AcDbEntity
  8
0
  6
Continuous
 62
     7
370
    15
100
AcDbLine
 10
3684.390583028733
 20
2408.421260365302
 30
0.0
 11
3685.190583028735
 21
2408.421260365302
 31
0.0
  0
LINE
  5
1AC
330
85
100
AcDbEntity
  8
0
  6
Continuous
 62
     7
370
    15
100
AcDbLine
 10
3685.190583028735
 20
2412.182029880761
 30
0.0
 11
3684.390583028733
 21
2412.182029880761
 31
0.0
  0
LINE
  5
1AD
330
85
100
AcDbEntity
  8
0
  6
Continuous
 62
     7
370
    15
100
AcDbLine
 10
3682.790583028733
 20
2408.421260365302
 30
0.0
 11
3683.590583028733
 21
2408.421260365302
 31
0.0
  0
LINE
  5
1AE
330
85
100
AcDbEntity
  8
0
  6
Continuous
 62
     7
370
    15
100
AcDbLine
 10
3683.590583028733
 20
2412.182029880761
 30
0.0
 11
3682.790583028733
 21
2412.182029880761
 31
0.0
  0
LINE
  5
1AF
330
85
100
AcDbEntity
  8
0
  6
Continuous
 62
     7
370
    15
100
AcDbLine
 10
3681.190583028735
 20
2408.421260365302
 30
0.0
 11
3681.990583028734
 21
2408.421260365302
 31
0.0
  0
LINE
  5
1B0
330
85
100
AcDbEntity
  8
0
  6
Continuous
 62
     7
370
    15
100
AcDbLine
 10
3681.990583028734
 20
2412.182029880761
 30
0.0
 11
3681.190583028735
 21
2412.182029880761
 31
0.0
  0
LINE
  5
1B1
330
85
100
AcDbEntity
  8
0
  6
Continuous
 62
     7
370
    15
100
AcDbLine
 10
3679.590583028733
 20
2408.421260365302
 30
0.0
 11
3680.390583028734
 21
2408.421260365302
 31
0.0
  0
LINE
  5
1B2
330
85
100
AcDbEntity
  8
0
  6
Continuous
 62
     7
370
    15
100
AcDbLine
 10
3680.390583028734
 20
2412.182029880761
 30
0.0
 11
3679.590583028733
 21
2412.182029880761
 31
0.0
  0
LINE
  5
1B3
330
85
100
AcDbEntity
  8
0
  6
Continuous
 62
     7
370
    15
100
AcDbLine
 10
3677.990583028734
 20
2408.421260365302
 30
0.0
 11
3678.790583028734
 21
2408.421260365302
 31
0.0
  0
LINE
  5
1B4
330
85
100
AcDbEntity
  8
0
  6
Continuous
 62
     7
370
    15
100
AcDbLine
 10
3678.790583028734
 20
2412.182029880761
 30
0.0
 11
3677.990583028734
 21
2412.182029880761
 31
0.0
  0
LINE
  5
1B5
330
85
100
AcDbEntity
  8
0
  6
Continuous
 62
     7
370
    15
100
AcDbLine
 10
3676.390583028734
 20
2408.421260365302
 30
0.0
 11
3677.190583028733
 21
2408.421260365302
 31
0.0
  0
LINE
  5
1B6
330
85
100
AcDbEntity
  8
0
  6
Continuous
 62
     7
370
    15
100
AcDbLine
 10
3677.190583028733
 20
2412.182029880761
 30
0.0
 11
3676.390583028734
 21
2412.182029880761
 31
0.0
  0
LINE
  5
1B7
330
85
100
AcDbEntity
  8
0
  6
Continuous
 62
     7
370
    15
100
AcDbLine
 10
3674.790583028733
 20
2408.421260365302
 30
0.0
 11
3675.590583028733
 21
2408.421260365302
 31
0.0
  0
LINE
  5
1B8
330
85
100
AcDbEntity
  8
0
  6
Continuous
 62
     7
370
    15
100
AcDbLine
 10
3675.590583028733
 20
2412.182029880761
 30
0.0
 11
3674.790583028733
 21
2412.182029880761
 31
0.0
  0
LINE
  5
1B9
330
85
100
AcDbEntity
  8
0
  6
Continuous
 62
     7
370
    15
100
AcDbLine
 10
3673.190583028733
 20
2408.421260365302
 30
0.0
 11
3673.990583028734
 21
2408.421260365302
 31
0.0
  0
LINE
  5
1BA
330
85
100
AcDbEntity
  8
0
  6
Continuous
 62
     7
370
    15
100
AcDbLine
 10
3673.990583028734
 20
2412.182029880761
 30
0.0
 11
3673.190583028733
 21
2412.182029880761
 31
0.0
  0
LINE
  5
1BB
330
85
100
AcDbEntity
  8
0
  6
Continuous
 62
     7
370
    15
100
AcDbLine
 10
3671.590583028733
 20
2408.421260365302
 30
0.0
 11
3672.390583028733
 21
2408.421260365302
 31
0.0
  0
LINE
  5
1BC
330
85
100
AcDbEntity
  8
0
  6
Continuous
 62
     7
370
    15
100
AcDbLine
 10
3672.390583028733
 20
2412.182029880761
 30
0.0
 11
3671.590583028733
 21
2412.182029880761
 31
0.0
  0
LINE
  5
1BD
330
85
100
AcDbEntity
  8
0
  6
Continuous
 62
     7
370
    15
100
AcDbLine
 10
3669.990583028733
 20
2408.421260365302
 30
0.0
 11
3670.790583028733
 21
2408.421260365302
 31
0.0
  0
LINE
  5
1BE
330
85
100
AcDbEntity
  8
0
  6
Continuous
 62
     7
370
    15
100
AcDbLine
 10
3670.790583028733
 20
2412.182029880761
 30
0.0
 11
3669.990583028733
 21
2412.182029880761
 31
0.0
  0
LINE
  5
1BF
330
85
100
AcDbEntity
  8
0
  6
Continuous
 62
     7
370
    15
100
AcDbLine
 10
3668.390583028733
 20
2408.421260365302
 30
0.0
 11
3669.190583028733
 21
2408.421260365302
 31
0.0
  0
LINE
  5
1C0
330
85
100
AcDbEntity
  8
0
  6
Continuous
 62
     7
370
    15
100
AcDbLine
 10
3669.190583028733
 20
2412.182029880761
 30
0.0
 11
3668.390583028733
 21
2412.182029880761
 31
0.0
  0
LINE
  5
1C1
330
85
100
AcDbEntity
  8
0
  6
Continuous
 62
     7
370
    15
100
AcDbLine
 10
3666.790583028733
 20
2408.421260365302
 30
0.0
 11
3667.590583028733
 21
2408.421260365302
 31
0.0
  0
LINE
  5
1C2
330
85
100
AcDbEntity
  8
0
  6
Continuous
 62
     7
370
    15
100
AcDbLine
 10
3667.590583028733
 20
2412.182029880761
 30
0.0
 11
3666.790583028733
 21
2412.182029880761
 31
0.0
  0
LINE
  5
1C3
330
85
100
AcDbEntity
  8
0
  6
Continuous
 62
     7
370
    15
100
AcDbLine
 10
3665.190583028734
 20
2408.421260365302
 30
0.0
 11
3665.990583028733
 21
2408.421260365302
 31
0.0
  0
LINE
  5
1C4
330
85
100
AcDbEntity
  8
0
  6
Continuous
 62
     7
370
    15
100
AcDbLine
 10
3665.990583028733
 20
2412.182029880761
 30
0.0
 11
3665.190583028734
 21
2412.182029880761
 31
0.0
  0
LINE
  5
1C5
330
85
100
AcDbEntity
  8
0
  6
Continuous
 62
     7
370
    15
100
AcDbLine
 10
3663.590583028734
 20
2408.421260365302
 30
0.0
 11
3664.390583028733
 21
2408.421260365302
 31
0.0
  0
LINE
  5
1C6
330
85
100
AcDbEntity
  8
0
  6
Continuous
 62
     7
370
    15
100
AcDbLine
 10
3664.390583028733
 20
2412.182029880761
 30
0.0
 11
3663.590583028734
 21
2412.182029880761
 31
0.0
  0
LINE
  5
1C7
330
85
100
AcDbEntity
  8
0
  6
Continuous
 62
     7
370
    15
100
AcDbLine
 10
3661.990583028733
 20
2408.421260365302
 30
0.0
 11
3662.790583028733
 21
2408.421260365302
 31
0.0
  0
LINE
  5
1C8
330
85
100
AcDbEntity
  8
0
  6
Continuous
 62
     7
370
    15
100
AcDbLine
 10
3662.790583028733
 20
2412.182029880761
 30
0.0
 11
3661.990583028733
 21
2412.182029880761
 31
0.0
  0
LINE
  5
1C9
330
85
100
AcDbEntity
  8
0
  6
Continuous
 62
     7
370
    15
100
AcDbLine
 10
3660.390583028733
 20
2408.421260365302
 30
0.0
 11
3661.190583028734
 21
2408.421260365302
 31
0.0
  0
LINE
  5
1CA
330
85
100
AcDbEntity
  8
0
  6
Continuous
 62
     7
370
    15
100
AcDbLine
 10
3661.190583028734
 20
2412.182029880761
 30
0.0
 11
3660.390583028733
 21
2412.182029880761
 31
0.0
  0
LINE
  5
1CB
330
85
100
AcDbEntity
  8
0
  6
Continuous
 62
     7
370
    15
100
AcDbLine
 10
3658.790583028733
 20
2408.421260365302
 30
0.0
 11
3659.590583028734
 21
2408.421260365302
 31
0.0
  0
LINE
  5
1CC
330
85
100
AcDbEntity
  8
0
  6
Continuous
 62
     7
370
    15
100
AcDbLine
 10
3659.590583028734
 20
2412.182029880761
 30
0.0
 11
3658.790583028733
 21
2412.182029880761
 31
0.0
  0
LINE
  5
1CD
330
85
100
AcDbEntity
  8
0
  6
Continuous
 62
     7
370
    15
100
AcDbLine
 10
3657.190583028735
 20
2408.421260365302
 30
0.0
 11
3657.990583028733
 21
2408.421260365302
 31
0.0
  0
LINE
  5
1CE
330
85
100
AcDbEntity
  8
0
  6
Continuous
 62
     7
370
    15
100
AcDbLine
 10
3657.990583028733
 20
2412.182029880761
 30
0.0
 11
3657.190583028735
 21
2412.182029880761
 31
0.0
  0
LINE
  5
1CF
330
85
100
AcDbEntity
  8
0
  6
Continuous
 62
     7
370
    15
100
AcDbLine
 10
3655.590583028735
 20
2408.421260365302
 30
0.0
 11
3656.390583028733
 21
2408.421260365302
 31
0.0
  0
LINE
  5
1D0
330
85
100
AcDbEntity
  8
0
  6
Continuous
 62
     7
370
    15
100
AcDbLine
 10
3656.390583028733
 20
2412.182029880761
 30
0.0
 11
3655.590583028735
 21
2412.182029880761
 31
0.0
  0
LINE
  5
1D1
330
85
100
AcDbEntity
  8
0
  6
Continuous
 62
     7
370
    15
100
AcDbLine
 10
3653.990583028733
 20
2408.421260365302
 30
0.0
 11
3654.790583028733
 21
2408.421260365302
 31
0.0
  0
LINE
  5
1D2
330
85
100
AcDbEntity
  8
0
  6
Continuous
 62
     7
370
    15
100
AcDbLine
 10
3654.790583028733
 20
2412.182029880761
 30
0.0
 11
3653.990583028733
 21
2412.182029880761
 31
0.0
  0
LINE
  5
1D3
330
85
100
AcDbEntity
  8
0
  6
Continuous
 62
     7
370
    15
100
AcDbLine
 10
3652.390583028733
 20
2408.421260365302
 30
0.0
 11
3653.190583028735
 21
2408.421260365302
 31
0.0
  0
LINE
  5
1D4
330
85
100
AcDbEntity
  8
0
  6
Continuous
 62
     7
370
    15
100
AcDbLine
 10
3653.190583028735
 20
2412.182029880761
 30
0.0
 11
3652.390583028733
 21
2412.182029880761
 31
0.0
  0
LINE
  5
1D5
330
85
100
AcDbEntity
  8
0
  6
Continuous
 62
     7
370
    15
100
AcDbLine
 10
3650.855775628254
 20
2408.421260365302
 30
0.0
 11
3651.590583028735
 21
2408.421260365302
 31
0.0
  0
LINE
  5
1D6
330
85
100
AcDbEntity
  8
0
  6
Continuous
 62
     7
370
    15
100
AcDbLine
 10
3651.590583028735
 20
2412.182029880761
 30
0.0
 11
3650.855775628254
 21
2412.182029880761
 31
0.0
  0
LINE
  5
1D7
330
85
100
AcDbEntity
  8
0
  6
Continuous
 62
     7
370
    15
100
AcDbLine
 10
3650.855775628254
 20
2412.182029880761
 30
0.0
 11
3647.490583028734
 21
2410.311478399256
 31
0.0
  0
LINE
  5
1D8
330
85
100
AcDbEntity
  8
0
  6
Continuous
 62
     7
370
    15
100
AcDbLine
 10
3647.490583028734
 20
2410.291811846807
 30
0.0
 11
3650.855775628254
 21
2408.421260365302
 31
0.0
  0
SPLINE
  5
1D9
330
85
100
AcDbEntity
  8
0
  6
Continuous
 62
     7
370
    15
100
AcDbSpline
210
0.0
220
0.0
230
1.0
 70
     8
 71
     3
 72
    10
 73
     6
 74
     0
 42
0.00000001
 43
0.0000000001
 40
0.0
 40
0.0
 40
0.0
 40
0.0
 40
0.5
 40
0.5
 40
1.0
 40
1.0
 40
1.0
 40
1.0
 10
3721.123906080621
 20
2412.66314916909
 30
0.0
 10
3721.146096361986
 20
2412.551225648379
 30
0.0
 10
3721.162794267529
 20
2412.438059345324
 30
0.0
 10
3721.185093785225
 20
2412.20921593552
 30
0.0
 10
3721.190583028735
 20
2412.093645906181
 30
0.0
 10
3721.190583028735
 20
2411.979975355977
 30
0.0
  0
LINE
  5
1DA
330
85
100
AcDbEntity
  8
0
  6
Continuous
 62
     7
370
    15
100
AcDbLine
 10
3721.190583028735
 20
2411.979975355977
 30
0.0
 11
3721.190583028735
 21
2410.701645123031
 31
0.0
  0
SPLINE
  5
1DB
330
85
100
AcDbEntity
  8
0
  6
Continuous
 62
     7
370
    15
100
AcDbSpline
210
0.0
220
0.0
230
1.0
 70
    24
 71
     3
 72
    12
 73
     8
 74
     0
 42
0.00000001
 43
0.0000000001
 40
0.0
 40
0.0
 40
0.0
 40
0.0
 40
0.2499999999999995
 40
0.2499999999999995
 40
0.499999999999999
 40
0.499999999999999
 40
1.0
 40
1.0
 40
1.0
 40
1.0
 10
3721.190583028735
 20
2410.701645123031
 30
0.0
 10
3721.190583028735
 20
2410.701645123031
 30
0.0
 10
3721.189061506336
 20
2410.701645123031
 30
0.0
 10
3721.183392998742
 20
2410.701645123031
 30
0.0
 10
3721.179182399964
 20
2410.701645123031
 30
0.0
 10
3721.162466553072
 20
2410.701645123031
 30
0.0
 10
3721.14588484859
 20
2410.701645123031
 30
0.0
 10
3721.123906080621
 20
2410.701645123031
 30
0.0
  0
SPLINE
  5
1DC
330
85
100
AcDbEntity
  8
0
  6
Continuous
 62
     7
370
    15
100
AcDbSpline
210
0.0
220
0.0
230
1.0
 70
     8
 71
     3
 72
     8
 73
     4
 74
     0
 42
0.00000001
 43
0.0000000001
 40
0.0
 40
0.0
 40
0.0
 40
0.0
 40
1.0
 40
1.0
 40
1.0
 40
1.0
 10
3721.123906080621
 20
2410.701645123031
 30
0.0
 10
3721.131941604742
 20
2410.434978456365
 30
0.0
 10
3721.131941604742
 20
2410.168311789698
 30
0.0
 10
3721.123906080621
 20
2409.901645123031
 30
0.0
  0
SPLINE
  5
1DD
330
85
100
AcDbEntity
  8
0
  6
Continuous
 62
     7
370
    15
100
AcDbSpline
210
0.0
220
0.0
230
1.0
 70
    24
 71
     3
 72
    10
 73
     6
 74
     0
 42
0.00000001
 43
0.0000000001
 40
0.0
 40
0.0
 40
0.0
 40
0.0
 40
0.4999999999999997
 40
0.4999999999999997
 40
1.0
 40
1.0
 40
1.0
 40
1.0
 10
3721.123906080621
 20
2409.901645123031
 30
0.0
 10
3721.146096361986
 20
2409.901645123031
 30
0.0
 10
3721.162794267529
 20
2409.901645123031
 30
0.0
 10
3721.185093785225
 20
2409.901645123031
 30
0.0
 10
3721.190583028735
 20
2409.901645123031
 30
0.0
 10
3721.190583028735
 20
2409.901645123031
 30
0.0
  0
LINE
  5
1DE
330
85
100
AcDbEntity
  8
0
  6
Continuous
 62
     7
370
    15
100
AcDbLine
 10
3721.190583028735
 20
2409.901645123031
 30
0.0
 11
3721.190583028735
 21
2408.623314890086
 31
0.0
  0
SPLINE
  5
1DF
330
85
100
AcDbEntity
  8
0
  6
Continuous
 62
     7
370
    15
100
AcDbSpline
210
0.0
220
0.0
230
1.0
 70
     8
 71
     3
 72
    12
 73
     8
 74
     0
 42
0.00000001
 43
0.0000000001
 40
0.0
 40
0.0
 40
0.0
 40
0.0
 40
0.2500000000000004
 40
0.2500000000000004
 40
0.5000000000000009
 40
0.5000000000000009
 40
1.0
 40
1.0
 40
1.0
 40
1.0
 10
3721.190583028735
 20
2408.623314890086
 30
0.0
 10
3721.190583028735
 20
2408.564523033604
 30
0.0
 10
3721.189061506336
 20
2408.504168913515
 30
0.0
 10
3721.183392998742
 20
2408.389759715716
 30
0.0
 10
3721.179182399964
 20
2408.332854896175
 30
0.0
 10
3721.162466553072
 20
2408.163029977657
 30
0.0
 10
3721.14588484859
 20
2408.050997764707
 30
0.0
 10
3721.123906080621
 20
2407.940141076973
 30
0.0
  0
LINE
  5
1E0
330
85
100
AcDbEntity
  8
0
  6
Continuous
 62
     7
370
    15
100
AcDbLine
 10
3719.340583028735
 20
2415.051645123032
 30
0.0
 11
3719.340583028735
 21
2405.551645123031
 31
0.0
  0
LINE
  5
1E1
330
85
100
AcDbEntity
  8
0
  6
Continuous
 62
     7
370
    15
100
AcDbLine
 10
3717.490583028733
 20
2415.051645123032
 30
0.0
 11
3717.490583028733
 21
2405.551645123031
 31
0.0
  0
LINE
  5
1E2
330
85
100
AcDbEntity
  8
0
  6
Continuous
 62
     7
370
    15
100
AcDbLine
 10
3717.190583028735
 20
2410.301645123031
 30
0.0
 11
3717.190583028735
 21
2412.182029880761
 31
0.0
  0
LINE
  5
1E3
330
85
100
AcDbEntity
  8
0
  6
Continuous
 62
     7
370
    15
100
AcDbLine
 10
3717.190583028735
 20
2408.421260365302
 30
0.0
 11
3717.190583028735
 21
2410.301645123031
 31
0.0
  0
LINE
  5
1E4
330
85
100
AcDbEntity
  8
0
  6
Continuous
 62
     7
370
    15
100
AcDbLine
 10
3716.390583028733
 20
2410.301645123031
 30
0.0
 11
3716.390583028733
 21
2412.182029880761
 31
0.0
  0
LINE
  5
1E5
330
85
100
AcDbEntity
  8
0
  6
Continuous
 62
     7
370
    15
100
AcDbLine
 10
3716.390583028733
 20
2408.421260365302
 30
0.0
 11
3716.390583028733
 21
2410.301645123031
 31
0.0
  0
LINE
  5
1E6
330
85
100
AcDbEntity
  8
0
  6
Continuous
 62
     7
370
    15
100
AcDbLine
 10
3716.090583028733
 20
2410.301645123031
 30
0.0
 11
3716.090583028733
 21
2412.701645123031
 31
0.0
  0
LINE
  5
1E7
330
85
100
AcDbEntity
  8
0
  6
Continuous
 62
     7
370
    15
100
AcDbLine
 10
3716.090583028733
 20
2407.901645123031
 30
0.0
 11
3716.090583028733
 21
2410.301645123031
 31
0.0
  0
LINE
  5
1E8
330
85
100
AcDbEntity
  8
0
  6
Continuous
 62
     7
370
    15
100
AcDbLine
 10
3715.890583028733
 20
2410.301645123031
 30
0.0
 11
3715.890583028733
 21
2412.701645123031
 31
0.0
  0
LINE
  5
1E9
330
85
100
AcDbEntity
  8
0
  6
Continuous
 62
     7
370
    15
100
AcDbLine
 10
3715.890583028733
 20
2407.901645123031
 30
0.0
 11
3715.890583028733
 21
2410.301645123031
 31
0.0
  0
LINE
  5
1EA
330
85
100
AcDbEntity
  8
0
  6
Continuous
 62
     7
370
    15
100
AcDbLine
 10
3715.590583028733
 20
2410.301645123031
 30
0.0
 11
3715.590583028733
 21
2412.182029880761
 31
0.0
  0
LINE
  5
1EB
330
85
100
AcDbEntity
  8
0
  6
Continuous
 62
     7
370
    15
100
AcDbLine
 10
3715.590583028733
 20
2408.421260365302
 30
0.0
 11
3715.590583028733
 21
2410.301645123031
 31
0.0
  0
LINE
  5
1EC
330
85
100
AcDbEntity
  8
0
  6
Continuous
 62
     7
370
    15
100
AcDbLine
 10
3714.790583028733
 20
2410.301645123031
 30
0.0
 11
3714.790583028733
 21
2412.182029880761
 31
0.0
  0
LINE
  5
1ED
330
85
100
AcDbEntity
  8
0
  6
Continuous
 62
     7
370
    15
100
AcDbLine
 10
3714.790583028733
 20
2408.421260365302
 30
0.0
 11
3714.790583028733
 21
2410.301645123031
 31
0.0
  0
LINE
  5
1EE
330
85
100
AcDbEntity
  8
0
  6
Continuous
 62
     7
370
    15
100
AcDbLine
 10
3714.490583028733
 20
2410.301645123031
 30
0.0
 11
3714.490583028733
 21
2412.701645123031
 31
0.0
  0
LINE
  5
1EF
330
85
100
AcDbEntity
  8
0
  6
Continuous
 62
     7
370
    15
100
AcDbLine
 10
3714.490583028733
 20
2407.901645123031
 30
0.0
 11
3714.490583028733
 21
2410.301645123031
 31
0.0
  0
LINE
  5
1F0
330
85
100
AcDbEntity
  8
0
  6
Continuous
 62
     7
370
    15
100
AcDbLine
 10
3714.290583028733
 20
2410.301645123031
 30
0.0
 11
3714.290583028733
 21
2412.701645123031
 31
0.0
  0
LINE
  5
1F1
330
85
100
AcDbEntity
  8
0
  6
Continuous
 62
     7
370
    15
100
AcDbLine
 10
3714.290583028733
 20
2407.901645123031
 30
0.0
 11
3714.290583028733
 21
2410.301645123031
 31
0.0
  0
LINE
  5
1F2
330
85
100
AcDbEntity
  8
0
  6
Continuous
 62
     7
370
    15
100
AcDbLine
 10
3713.990583028734
 20
2410.301645123031
 30
0.0
 11
3713.990583028734
 21
2412.182029880761
 31
0.0
  0
LINE
  5
1F3
330
85
100
AcDbEntity
  8
0
  6
Continuous
 62
     7
370
    15
100
AcDbLine
 10
3713.990583028734
 20
2408.421260365302
 30
0.0
 11
3713.990583028734
 21
2410.301645123031
 31
0.0
  0
LINE
  5
1F4
330
85
100
AcDbEntity
  8
0
  6
Continuous
 62
     7
370
    15
100
AcDbLine
 10
3713.190583028733
 20
2410.301645123031
 30
0.0
 11
3713.190583028733
 21
2412.182029880761
 31
0.0
  0
LINE
  5
1F5
330
85
100
AcDbEntity
  8
0
  6
Continuous
 62
     7
370
    15
100
AcDbLine
 10
3713.190583028733
 20
2408.421260365302
 30
0.0
 11
3713.190583028733
 21
2410.301645123031
 31
0.0
  0
LINE
  5
1F6
330
85
100
AcDbEntity
  8
0
  6
Continuous
 62
     7
370
    15
100
AcDbLine
 10
3712.890583028733
 20
2410.301645123031
 30
0.0
 11
3712.890583028733
 21
2412.701645123031
 31
0.0
  0
LINE
  5
1F7
330
85
100
AcDbEntity
  8
0
  6
Continuous
 62
     7
370
    15
100
AcDbLine
 10
3712.890583028733
 20
2407.901645123031
 30
0.0
 11
3712.890583028733
 21
2410.301645123031
 31
0.0
  0
LINE
  5
1F8
330
85
100
AcDbEntity
  8
0
  6
Continuous
 62
     7
370
    15
100
AcDbLine
 10
3712.690583028734
 20
2410.301645123031
 30
0.0
 11
3712.690583028734
 21
2412.701645123031
 31
0.0
  0
LINE
  5
1F9
330
85
100
AcDbEntity
  8
0
  6
Continuous
 62
     7
370
    15
100
AcDbLine
 10
3712.690583028734
 20
2407.901645123031
 30
0.0
 11
3712.690583028734
 21
2410.301645123031
 31
0.0
  0
LINE
  5
1FA
330
85
100
AcDbEntity
  8
0
  6
Continuous
 62
     7
370
    15
100
AcDbLine
 10
3712.390583028734
 20
2410.301645123031
 30
0.0
 11
3712.390583028734
 21
2412.182029880761
 31
0.0
  0
LINE
  5
1FB
330
85
100
AcDbEntity
  8
0
  6
Continuous
 62
     7
370
    15
100
AcDbLine
 10
3712.390583028734
 20
2408.421260365302
 30
0.0
 11
3712.390583028734
 21
2410.301645123031
 31
0.0
  0
LINE
  5
1FC
330
85
100
AcDbEntity
  8
0
  6
Continuous
 62
     7
370
    15
100
AcDbLine
 10
3711.590583028733
 20
2410.301645123031
 30
0.0
 11
3711.590583028733
 21
2412.182029880761
 31
0.0
  0
LINE
  5
1FD
330
85
100
AcDbEntity
  8
0
  6
Continuous
 62
     7
370
    15
100
AcDbLine
 10
3711.590583028733
 20
2408.421260365302
 30
0.0
 11
3711.590583028733
 21
2410.301645123031
 31
0.0
  0
LINE
  5
1FE
330
85
100
AcDbEntity
  8
0
  6
Continuous
 62
     7
370
    15
100
AcDbLine
 10
3711.290583028733
 20
2410.301645123031
 30
0.0
 11
3711.290583028733
 21
2412.701645123031
 31
0.0
  0
LINE
  5
1FF
330
85
100
AcDbEntity
  8
0
  6
Continuous
 62
     7
370
    15
100
AcDbLine
 10
3711.290583028733
 20
2407.901645123031
 30
0.0
 11
3711.290583028733
 21
2410.301645123031
 31
0.0
  0
LINE
  5
200
330
85
100
AcDbEntity
  8
0
  6
Continuous
 62
     7
370
    15
100
AcDbLine
 10
3711.090583028735
 20
2410.301645123031
 30
0.0
 11
3711.090583028735
 21
2412.701645123031
 31
0.0
  0
LINE
  5
201
330
85
100
AcDbEntity
  8
0
  6
Continuous
 62
     7
370
    15
100
AcDbLine
 10
3711.090583028735
 20
2407.901645123031
 30
0.0
 11
3711.090583028735
 21
2410.301645123031
 31
0.0
  0
LINE
  5
202
330
85
100
AcDbEntity
  8
0
  6
Continuous
 62
     7
370
    15
100
AcDbLine
 10
3710.790583028733
 20
2410.301645123031
 30
0.0
 11
3710.790583028733
 21
2412.182029880761
 31
0.0
  0
LINE
  5
203
330
85
100
AcDbEntity
  8
0
  6
Continuous
 62
     7
370
    15
100
AcDbLine
 10
3710.790583028733
 20
2408.421260365302
 30
0.0
 11
3710.790583028733
 21
2410.301645123031
 31
0.0
  0
LINE
  5
204
330
85
100
AcDbEntity
  8
0
  6
Continuous
 62
     7
370
    15
100
AcDbLine
 10
3709.990583028734
 20
2410.301645123031
 30
0.0
 11
3709.990583028734
 21
2412.182029880761
 31
0.0
  0
LINE
  5
205
330
85
100
AcDbEntity
  8
0
  6
Continuous
 62
     7
370
    15
100
AcDbLine
 10
3709.990583028734
 20
2408.421260365302
 30
0.0
 11
3709.990583028734
 21
2410.301645123031
 31
0.0
  0
LINE
  5
206
330
85
100
AcDbEntity
  8
0
  6
Continuous
 62
     7
370
    15
100
AcDbLine
 10
3709.690583028733
 20
2410.301645123031
 30
0.0
 11
3709.690583028733
 21
2412.701645123031
 31
0.0
  0
LINE
  5
207
330
85
100
AcDbEntity
  8
0
  6
Continuous
 62
     7
370
    15
100
AcDbLine
 10
3709.690583028733
 20
2407.901645123031
 30
0.0
 11
3709.690583028733
 21
2410.301645123031
 31
0.0
  0
LINE
  5
208
330
85
100
AcDbEntity
  8
0
  6
Continuous
 62
     7
370
    15
100
AcDbLine
 10
3709.490583028733
 20
2410.301645123031
 30
0.0
 11
3709.490583028733
 21
2412.701645123031
 31
0.0
  0
LINE
  5
209
330
85
100
AcDbEntity
  8
0
  6
Continuous
 62
     7
370
    15
100
AcDbLine
 10
3709.490583028733
 20
2407.901645123031
 30
0.0
 11
3709.490583028733
 21
2410.301645123031
 31
0.0
  0
LINE
  5
20A
330
85
100
AcDbEntity
  8
0
  6
Continuous
 62
     7
370
    15
100
AcDbLine
 10
3709.190583028733
 20
2410.301645123031
 30
0.0
 11
3709.190583028733
 21
2412.182029880761
 31
0.0
  0
LINE
  5
20B
330
85
100
AcDbEntity
  8
0
  6
Continuous
 62
     7
370
    15
100
AcDbLine
 10
3709.190583028733
 20
2408.421260365302
 30
0.0
 11
3709.190583028733
 21
2410.301645123031
 31
0.0
  0
LINE
  5
20C
330
85
100
AcDbEntity
  8
0
  6
Continuous
 62
     7
370
    15
100
AcDbLine
 10
3708.390583028733
 20
2410.301645123031
 30
0.0
 11
3708.390583028733
 21
2412.182029880761
 31
0.0
  0
LINE
  5
20D
330
85
100
AcDbEntity
  8
0
  6
Continuous
 62
     7
370
    15
100
AcDbLine
 10
3708.390583028733
 20
2408.421260365302
 30
0.0
 11
3708.390583028733
 21
2410.301645123031
 31
0.0
  0
LINE
  5
20E
330
85
100
AcDbEntity
  8
0
  6
Continuous
 62
     7
370
    15
100
AcDbLine
 10
3708.090583028733
 20
2410.301645123031
 30
0.0
 11
3708.090583028733
 21
2412.701645123031
 31
0.0
  0
LINE
  5
20F
330
85
100
AcDbEntity
  8
0
  6
Continuous
 62
     7
370
    15
100
AcDbLine
 10
3708.090583028733
 20
2407.901645123031
 30
0.0
 11
3708.090583028733
 21
2410.301645123031
 31
0.0
  0
LINE
  5
210
330
85
100
AcDbEntity
  8
0
  6
Continuous
 62
     7
370
    15
100
AcDbLine
 10
3707.890583028734
 20
2410.301645123031
 30
0.0
 11
3707.890583028734
 21
2412.701645123031
 31
0.0
  0
LINE
  5
211
330
85
100
AcDbEntity
  8
0
  6
Continuous
 62
     7
370
    15
100
AcDbLine
 10
3707.890583028734
 20
2407.901645123031
 30
0.0
 11
3707.890583028734
 21
2410.301645123031
 31
0.0
  0
LINE
  5
212
330
85
100
AcDbEntity
  8
0
  6
Continuous
 62
     7
370
    15
100
AcDbLine
 10
3707.590583028733
 20
2410.301645123031
 30
0.0
 11
3707.590583028733
 21
2412.182029880761
 31
0.0
  0
LINE
  5
213
330
85
100
AcDbEntity
  8
0
  6
Continuous
 62
     7
370
    15
100
AcDbLine
 10
3707.590583028733
 20
2408.421260365302
 30
0.0
 11
3707.590583028733
 21
2410.301645123031
 31
0.0
  0
LINE
  5
214
330
85
100
AcDbEntity
  8
0
  6
Continuous
 62
     7
370
    15
100
AcDbLine
 10
3706.790583028733
 20
2410.301645123031
 30
0.0
 11
3706.790583028733
 21
2412.182029880761
 31
0.0
  0
LINE
  5
215
330
85
100
AcDbEntity
  8
0
  6
Continuous
 62
     7
370
    15
100
AcDbLine
 10
3706.790583028733
 20
2408.421260365302
 30
0.0
 11
3706.790583028733
 21
2410.301645123031
 31
0.0
  0
LINE
  5
216
330
85
100
AcDbEntity
  8
0
  6
Continuous
 62
     7
370
    15
100
AcDbLine
 10
3706.490583028733
 20
2410.301645123031
 30
0.0
 11
3706.490583028733
 21
2412.701645123031
 31
0.0
  0
LINE
  5
217
330
85
100
AcDbEntity
  8
0
  6
Continuous
 62
     7
370
    15
100
AcDbLine
 10
3706.490583028733
 20
2407.901645123031
 30
0.0
 11
3706.490583028733
 21
2410.301645123031
 31
0.0
  0
LINE
  5
218
330
85
100
AcDbEntity
  8
0
  6
Continuous
 62
     7
370
    15
100
AcDbLine
 10
3706.290583028734
 20
2410.301645123031
 30
0.0
 11
3706.290583028734
 21
2412.701645123031
 31
0.0
  0
LINE
  5
219
330
85
100
AcDbEntity
  8
0
  6
Continuous
 62
     7
370
    15
100
AcDbLine
 10
3706.290583028734
 20
2407.901645123031
 30
0.0
 11
3706.290583028734
 21
2410.301645123031
 31
0.0
  0
LINE
  5
21A
330
85
100
AcDbEntity
  8
0
  6
Continuous
 62
     7
370
    15
100
AcDbLine
 10
3705.990583028733
 20
2410.301645123031
 30
0.0
 11
3705.990583028733
 21
2412.182029880761
 31
0.0
  0
LINE
  5
21B
330
85
100
AcDbEntity
  8
0
  6
Continuous
 62
     7
370
    15
100
AcDbLine
 10
3705.990583028733
 20
2408.421260365302
 30
0.0
 11
3705.990583028733
 21
2410.301645123031
 31
0.0
  0
LINE
  5
21C
330
85
100
AcDbEntity
  8
0
  6
Continuous
 62
     7
370
    15
100
AcDbLine
 10
3705.190583028733
 20
2410.301645123031
 30
0.0
 11
3705.190583028733
 21
2412.182029880761
 31
0.0
  0
LINE
  5
21D
330
85
100
AcDbEntity
  8
0
  6
Continuous
 62
     7
370
    15
100
AcDbLine
 10
3705.190583028733
 20
2408.421260365302
 30
0.0
 11
3705.190583028733
 21
2410.301645123031
 31
0.0
  0
LINE
  5
21E
330
85
100
AcDbEntity
  8
0
  6
Continuous
 62
     7
370
    15
100
AcDbLine
 10
3704.890583028733
 20
2410.301645123031
 30
0.0
 11
3704.890583028733
 21
2412.701645123031
 31
0.0
  0
LINE
  5
21F
330
85
100
AcDbEntity
  8
0
  6
Continuous
 62
     7
370
    15
100
AcDbLine
 10
3704.890583028733
 20
2407.901645123031
 30
0.0
 11
3704.890583028733
 21
2410.301645123031
 31
0.0
  0
LINE
  5
220
330
85
100
AcDbEntity
  8
0
  6
Continuous
 62
     7
370
    15
100
AcDbLine
 10
3704.690583028734
 20
2410.301645123031
 30
0.0
 11
3704.690583028734
 21
2412.701645123031
 31
0.0
  0
LINE
  5
221
330
85
100
AcDbEntity
  8
0
  6
Continuous
 62
     7
370
    15
100
AcDbLine
 10
3704.690583028734
 20
2407.901645123031
 30
0.0
 11
3704.690583028734
 21
2410.301645123031
 31
0.0
  0
LINE
  5
222
330
85
100
AcDbEntity
  8
0
  6
Continuous
 62
     7
370
    15
100
AcDbLine
 10
3704.390583028733
 20
2410.301645123031
 30
0.0
 11
3704.390583028733
 21
2412.182029880761
 31
0.0
  0
LINE
  5
223
330
85
100
AcDbEntity
  8
0
  6
Continuous
 62
     7
370
    15
100
AcDbLine
 10
3704.390583028733
 20
2408.421260365302
 30
0.0
 11
3704.390583028733
 21
2410.301645123031
 31
0.0
  0
LINE
  5
224
330
85
100
AcDbEntity
  8
0
  6
Continuous
 62
     7
370
    15
100
AcDbLine
 10
3703.590583028733
 20
2410.301645123031
 30
0.0
 11
3703.590583028733
 21
2412.182029880761
 31
0.0
  0
LINE
  5
225
330
85
100
AcDbEntity
  8
0
  6
Continuous
 62
     7
370
    15
100
AcDbLine
 10
3703.590583028733
 20
2408.421260365302
 30
0.0
 11
3703.590583028733
 21
2410.301645123031
 31
0.0
  0
LINE
  5
226
330
85
100
AcDbEntity
  8
0
  6
Continuous
 62
     7
370
    15
100
AcDbLine
 10
3703.290583028734
 20
2410.301645123031
 30
0.0
 11
3703.290583028734
 21
2412.701645123031
 31
0.0
  0
LINE
  5
227
330
85
100
AcDbEntity
  8
0
  6
Continuous
 62
     7
370
    15
100
AcDbLine
 10
3703.290583028734
 20
2407.901645123031
 30
0.0
 11
3703.290583028734
 21
2410.301645123031
 31
0.0
  0
LINE
  5
228
330
85
100
AcDbEntity
  8
0
  6
Continuous
 62
     7
370
    15
100
AcDbLine
 10
3703.090583028733
 20
2410.301645123031
 30
0.0
 11
3703.090583028733
 21
2412.701645123031
 31
0.0
  0
LINE
  5
229
330
85
100
AcDbEntity
  8
0
  6
Continuous
 62
     7
370
    15
100
AcDbLine
 10
3703.090583028733
 20
2407.901645123031
 30
0.0
 11
3703.090583028733
 21
2410.301645123031
 31
0.0
  0
LINE
  5
22A
330
85
100
AcDbEntity
  8
0
  6
Continuous
 62
     7
370
    15
100
AcDbLine
 10
3702.790583028733
 20
2410.301645123031
 30
0.0
 11
3702.790583028733
 21
2412.182029880761
 31
0.0
  0
LINE
  5
22B
330
85
100
AcDbEntity
  8
0
  6
Continuous
 62
     7
370
    15
100
AcDbLine
 10
3702.790583028733
 20
2408.421260365302
 30
0.0
 11
3702.790583028733
 21
2410.301645123031
 31
0.0
  0
LINE
  5
22C
330
85
100
AcDbEntity
  8
0
  6
Continuous
 62
     7
370
    15
100
AcDbLine
 10
3701.990583028733
 20
2410.301645123031
 30
0.0
 11
3701.990583028733
 21
2412.182029880761
 31
0.0
  0
LINE
  5
22D
330
85
100
AcDbEntity
  8
0
  6
Continuous
 62
     7
370
    15
100
AcDbLine
 10
3701.990583028733
 20
2408.421260365302
 30
0.0
 11
3701.990583028733
 21
2410.301645123031
 31
0.0
  0
LINE
  5
22E
330
85
100
AcDbEntity
  8
0
  6
Continuous
 62
     7
370
    15
100
AcDbLine
 10
3701.690583028734
 20
2410.301645123031
 30
0.0
 11
3701.690583028734
 21
2412.701645123031
 31
0.0
  0
LINE
  5
22F
330
85
100
AcDbEntity
  8
0
  6
Continuous
 62
     7
370
    15
100
AcDbLine
 10
3701.690583028734
 20
2407.901645123031
 30
0.0
 11
3701.690583028734
 21
2410.301645123031
 31
0.0
  0
LINE
  5
230
330
85
100
AcDbEntity
  8
0
  6
Continuous
 62
     7
370
    15
100
AcDbLine
 10
3701.490583028733
 20
2410.301645123031
 30
0.0
 11
3701.490583028733
 21
2412.701645123031
 31
0.0
  0
LINE
  5
231
330
85
100
AcDbEntity
  8
0
  6
Continuous
 62
     7
370
    15
100
AcDbLine
 10
3701.490583028733
 20
2407.901645123031
 30
0.0
 11
3701.490583028733
 21
2410.301645123031
 31
0.0
  0
LINE
  5
232
330
85
100
AcDbEntity
  8
0
  6
Continuous
 62
     7
370
    15
100
AcDbLine
 10
3701.190583028733
 20
2410.301645123031
 30
0.0
 11
3701.190583028733
 21
2412.182029880761
 31
0.0
  0
LINE
  5
233
330
85
100
AcDbEntity
  8
0
  6
Continuous
 62
     7
370
    15
100
AcDbLine
 10
3701.190583028733
 20
2408.421260365302
 30
0.0
 11
3701.190583028733
 21
2410.301645123031
 31
0.0
  0
LINE
  5
234
330
85
100
AcDbEntity
  8
0
  6
Continuous
 62
     7
370
    15
100
AcDbLine
 10
3700.390583028733
 20
2410.301645123031
 30
0.0
 11
3700.390583028733
 21
2412.182029880761
 31
0.0
  0
LINE
  5
235
330
85
100
AcDbEntity
  8
0
  6
Continuous
 62
     7
370
    15
100
AcDbLine
 10
3700.390583028733
 20
2408.421260365302
 30
0.0
 11
3700.390583028733
 21
2410.301645123031
 31
0.0
  0
LINE
  5
236
330
85
100
AcDbEntity
  8
0
  6
Continuous
 62
     7
370
    15
100
AcDbLine
 10
3700.090583028733
 20
2410.301645123031
 30
0.0
 11
3700.090583028733
 21
2412.701645123031
 31
0.0
  0
LINE
  5
237
330
85
100
AcDbEntity
  8
0
  6
Continuous
 62
     7
370
    15
100
AcDbLine
 10
3700.090583028733
 20
2407.901645123031
 30
0.0
 11
3700.090583028733
 21
2410.301645123031
 31
0.0
  0
LINE
  5
238
330
85
100
AcDbEntity
  8
0
  6
Continuous
 62
     7
370
    15
100
AcDbLine
 10
3699.890583028734
 20
2410.301645123031
 30
0.0
 11
3699.890583028734
 21
2412.701645123031
 31
0.0
  0
LINE
  5
239
330
85
100
AcDbEntity
  8
0
  6
Continuous
 62
     7
370
    15
100
AcDbLine
 10
3699.890583028734
 20
2407.901645123031
 30
0.0
 11
3699.890583028734
 21
2410.301645123031
 31
0.0
  0
LINE
  5
23A
330
85
100
AcDbEntity
  8
0
  6
Continuous
 62
     7
370
    15
100
AcDbLine
 10
3699.590583028733
 20
2410.301645123031
 30
0.0
 11
3699.590583028733
 21
2412.182029880761
 31
0.0
  0
LINE
  5
23B
330
85
100
AcDbEntity
  8
0
  6
Continuous
 62
     7
370
    15
100
AcDbLine
 10
3699.590583028733
 20
2408.421260365302
 30
0.0
 11
3699.590583028733
 21
2410.301645123031
 31
0.0
  0
LINE
  5
23C
330
85
100
AcDbEntity
  8
0
  6
Continuous
 62
     7
370
    15
100
AcDbLine
 10
3698.790583028733
 20
2410.301645123031
 30
0.0
 11
3698.790583028733
 21
2412.182029880761
 31
0.0
  0
LINE
  5
23D
330
85
100
AcDbEntity
  8
0
  6
Continuous
 62
     7
370
    15
100
AcDbLine
 10
3698.790583028733
 20
2408.421260365302
 30
0.0
 11
3698.790583028733
 21
2410.301645123031
 31
0.0
  0
LINE
  5
23E
330
85
100
AcDbEntity
  8
0
  6
Continuous
 62
     7
370
    15
100
AcDbLine
 10
3698.490583028733
 20
2410.301645123031
 30
0.0
 11
3698.490583028733
 21
2412.701645123031
 31
0.0
  0
LINE
  5
23F
330
85
100
AcDbEntity
  8
0
  6
Continuous
 62
     7
370
    15
100
AcDbLine
 10
3698.490583028733
 20
2407.901645123031
 30
0.0
 11
3698.490583028733
 21
2410.301645123031
 31
0.0
  0
LINE
  5
240
330
85
100
AcDbEntity
  8
0
  6
Continuous
 62
     7
370
    15
100
AcDbLine
 10
3698.290583028733
 20
2410.301645123031
 30
0.0
 11
3698.290583028733
 21
2412.701645123031
 31
0.0
  0
LINE
  5
241
330
85
100
AcDbEntity
  8
0
  6
Continuous
 62
     7
370
    15
100
AcDbLine
 10
3698.290583028733
 20
2407.901645123031
 30
0.0
 11
3698.290583028733
 21
2410.301645123031
 31
0.0
  0
LINE
  5
242
330
85
100
AcDbEntity
  8
0
  6
Continuous
 62
     7
370
    15
100
AcDbLine
 10
3697.990583028733
 20
2410.301645123031
 30
0.0
 11
3697.990583028733
 21
2412.182029880761
 31
0.0
  0
LINE
  5
243
330
85
100
AcDbEntity
  8
0
  6
Continuous
 62
     7
370
    15
100
AcDbLine
 10
3697.990583028733
 20
2408.421260365302
 30
0.0
 11
3697.990583028733
 21
2410.301645123031
 31
0.0
  0
LINE
  5
244
330
85
100
AcDbEntity
  8
0
  6
Continuous
 62
     7
370
    15
100
AcDbLine
 10
3697.190583028734
 20
2410.301645123031
 30
0.0
 11
3697.190583028734
 21
2412.182029880761
 31
0.0
  0
LINE
  5
245
330
85
100
AcDbEntity
  8
0
  6
Continuous
 62
     7
370
    15
100
AcDbLine
 10
3697.190583028734
 20
2408.421260365302
 30
0.0
 11
3697.190583028734
 21
2410.301645123031
 31
0.0
  0
LINE
  5
246
330
85
100
AcDbEntity
  8
0
  6
Continuous
 62
     7
370
    15
100
AcDbLine
 10
3696.890583028733
 20
2410.301645123031
 30
0.0
 11
3696.890583028733
 21
2412.701645123031
 31
0.0
  0
LINE
  5
247
330
85
100
AcDbEntity
  8
0
  6
Continuous
 62
     7
370
    15
100
AcDbLine
 10
3696.890583028733
 20
2407.901645123031
 30
0.0
 11
3696.890583028733
 21
2410.301645123031
 31
0.0
  0
LINE
  5
248
330
85
100
AcDbEntity
  8
0
  6
Continuous
 62
     7
370
    15
100
AcDbLine
 10
3696.690583028733
 20
2410.301645123031
 30
0.0
 11
3696.690583028733
 21
2412.701645123031
 31
0.0
  0
LINE
  5
249
330
85
100
AcDbEntity
  8
0
  6
Continuous
 62
     7
370
    15
100
AcDbLine
 10
3696.690583028733
 20
2407.901645123031
 30
0.0
 11
3696.690583028733
 21
2410.301645123031
 31
0.0
  0
LINE
  5
24A
330
85
100
AcDbEntity
  8
0
  6
Continuous
 62
     7
370
    15
100
AcDbLine
 10
3696.390583028733
 20
2410.301645123031
 30
0.0
 11
3696.390583028733
 21
2412.182029880761
 31
0.0
  0
LINE
  5
24B
330
85
100
AcDbEntity
  8
0
  6
Continuous
 62
     7
370
    15
100
AcDbLine
 10
3696.390583028733
 20
2408.421260365302
 30
0.0
 11
3696.390583028733
 21
2410.301645123031
 31
0.0
  0
LINE
  5
24C
330
85
100
AcDbEntity
  8
0
  6
Continuous
 62
     7
370
    15
100
AcDbLine
 10
3695.590583028734
 20
2410.301645123031
 30
0.0
 11
3695.590583028734
 21
2412.182029880761
 31
0.0
  0
LINE
  5
24D
330
85
100
AcDbEntity
  8
0
  6
Continuous
 62
     7
370
    15
100
AcDbLine
 10
3695.590583028734
 20
2408.421260365302
 30
0.0
 11
3695.590583028734
 21
2410.301645123031
 31
0.0
  0
LINE
  5
24E
330
85
100
AcDbEntity
  8
0
  6
Continuous
 62
     7
370
    15
100
AcDbLine
 10
3695.290583028735
 20
2410.301645123031
 30
0.0
 11
3695.290583028735
 21
2412.701645123031
 31
0.0
  0
LINE
  5
24F
330
85
100
AcDbEntity
  8
0
  6
Continuous
 62
     7
370
    15
100
AcDbLine
 10
3695.290583028735
 20
2407.901645123031
 30
0.0
 11
3695.290583028735
 21
2410.301645123031
 31
0.0
  0
LINE
  5
250
330
85
100
AcDbEntity
  8
0
  6
Continuous
 62
     7
370
    15
100
AcDbLine
 10
3695.090583028733
 20
2410.301645123031
 30
0.0
 11
3695.090583028733
 21
2412.701645123031
 31
0.0
  0
LINE
  5
251
330
85
100
AcDbEntity
  8
0
  6
Continuous
 62
     7
370
    15
100
AcDbLine
 10
3695.090583028733
 20
2407.901645123031
 30
0.0
 11
3695.090583028733
 21
2410.301645123031
 31
0.0
  0
LINE
  5
252
330
85
100
AcDbEntity
  8
0
  6
Continuous
 62
     7
370
    15
100
AcDbLine
 10
3694.790583028733
 20
2410.301645123031
 30
0.0
 11
3694.790583028733
 21
2412.182029880761
 31
0.0
  0
LINE
  5
253
330
85
100
AcDbEntity
  8
0
  6
Continuous
 62
     7
370
    15
100
AcDbLine
 10
3694.790583028733
 20
2408.421260365302
 30
0.0
 11
3694.790583028733
 21
2410.301645123031
 31
0.0
  0
LINE
  5
254
330
85
100
AcDbEntity
  8
0
  6
Continuous
 62
     7
370
    15
100
AcDbLine
 10
3693.990583028733
 20
2410.301645123031
 30
0.0
 11
3693.990583028733
 21
2412.182029880761
 31
0.0
  0
LINE
  5
255
330
85
100
AcDbEntity
  8
0
  6
Continuous
 62
     7
370
    15
100
AcDbLine
 10
3693.990583028733
 20
2408.421260365302
 30
0.0
 11
3693.990583028733
 21
2410.301645123031
 31
0.0
  0
LINE
  5
256
330
85
100
AcDbEntity
  8
0
  6
Continuous
 62
     7
370
    15
100
AcDbLine
 10
3693.690583028735
 20
2410.301645123031
 30
0.0
 11
3693.690583028735
 21
2412.701645123031
 31
0.0
  0
LINE
  5
257
330
85
100
AcDbEntity
  8
0
  6
Continuous
 62
     7
370
    15
100
AcDbLine
 10
3693.690583028735
 20
2407.901645123031
 30
0.0
 11
3693.690583028735
 21
2410.301645123031
 31
0.0
  0
LINE
  5
258
330
85
100
AcDbEntity
  8
0
  6
Continuous
 62
     7
370
    15
100
AcDbLine
 10
3693.490583028733
 20
2410.301645123031
 30
0.0
 11
3693.490583028733
 21
2412.701645123031
 31
0.0
  0
LINE
  5
259
330
85
100
AcDbEntity
  8
0
  6
Continuous
 62
     7
370
    15
100
AcDbLine
 10
3693.490583028733
 20
2407.901645123031
 30
0.0
 11
3693.490583028733
 21
2410.301645123031
 31
0.0
  0
LINE
  5
25A
330
85
100
AcDbEntity
  8
0
  6
Continuous
 62
     7
370
    15
100
AcDbLine
 10
3693.190583028734
 20
2410.301645123031
 30
0.0
 11
3693.190583028734
 21
2412.182029880761
 31
0.0
  0
LINE
  5
25B
330
85
100
AcDbEntity
  8
0
  6
Continuous
 62
     7
370
    15
100
AcDbLine
 10
3693.190583028734
 20
2408.421260365302
 30
0.0
 11
3693.190583028734
 21
2410.301645123031
 31
0.0
  0
LINE
  5
25C
330
85
100
AcDbEntity
  8
0
  6
Continuous
 62
     7
370
    15
100
AcDbLine
 10
3692.390583028733
 20
2410.301645123031
 30
0.0
 11
3692.390583028733
 21
2412.182029880761
 31
0.0
  0
LINE
  5
25D
330
85
100
AcDbEntity
  8
0
  6
Continuous
 62
     7
370
    15
100
AcDbLine
 10
3692.390583028733
 20
2408.421260365302
 30
0.0
 11
3692.390583028733
 21
2410.301645123031
 31
0.0
  0
LINE
  5
25E
330
85
100
AcDbEntity
  8
0
  6
Continuous
 62
     7
370
    15
100
AcDbLine
 10
3692.090583028733
 20
2410.301645123031
 30
0.0
 11
3692.090583028733
 21
2412.701645123031
 31
0.0
  0
LINE
  5
25F
330
85
100
AcDbEntity
  8
0
  6
Continuous
 62
     7
370
    15
100
AcDbLine
 10
3692.090583028733
 20
2407.901645123031
 30
0.0
 11
3692.090583028733
 21
2410.301645123031
 31
0.0
  0
LINE
  5
260
330
85
100
AcDbEntity
  8
0
  6
Continuous
 62
     7
370
    15
100
AcDbLine
 10
3691.890583028733
 20
2410.301645123031
 30
0.0
 11
3691.890583028733
 21
2412.701645123031
 31
0.0
  0
LINE
  5
261
330
85
100
AcDbEntity
  8
0
  6
Continuous
 62
     7
370
    15
100
AcDbLine
 10
3691.890583028733
 20
2407.901645123031
 30
0.0
 11
3691.890583028733
 21
2410.301645123031
 31
0.0
  0
LINE
  5
262
330
85
100
AcDbEntity
  8
0
  6
Continuous
 62
     7
370
    15
100
AcDbLine
 10
3691.590583028734
 20
2410.301645123031
 30
0.0
 11
3691.590583028734
 21
2412.182029880761
 31
0.0
  0
LINE
  5
263
330
85
100
AcDbEntity
  8
0
  6
Continuous
 62
     7
370
    15
100
AcDbLine
 10
3691.590583028734
 20
2408.421260365302
 30
0.0
 11
3691.590583028734
 21
2410.301645123031
 31
0.0
  0
LINE
  5
264
330
85
100
AcDbEntity
  8
0
  6
Continuous
 62
     7
370
    15
100
AcDbLine
 10
3690.790583028733
 20
2410.301645123031
 30
0.0
 11
3690.790583028733
 21
2412.182029880761
 31
0.0
  0
LINE
  5
265
330
85
100
AcDbEntity
  8
0
  6
Continuous
 62
     7
370
    15
100
AcDbLine
 10
3690.790583028733
 20
2408.421260365302
 30
0.0
 11
3690.790583028733
 21
2410.301645123031
 31
0.0
  0
LINE
  5
266
330
85
100
AcDbEntity
  8
0
  6
Continuous
 62
     7
370
    15
100
AcDbLine
 10
3690.490583028733
 20
2410.301645123031
 30
0.0
 11
3690.490583028733
 21
2412.701645123031
 31
0.0
  0
LINE
  5
267
330
85
100
AcDbEntity
  8
0
  6
Continuous
 62
     7
370
    15
100
AcDbLine
 10
3690.490583028733
 20
2407.901645123031
 30
0.0
 11
3690.490583028733
 21
2410.301645123031
 31
0.0
  0
LINE
  5
268
330
85
100
AcDbEntity
  8
0
  6
Continuous
 62
     7
370
    15
100
AcDbLine
 10
3690.290583028733
 20
2410.301645123031
 30
0.0
 11
3690.290583028733
 21
2412.701645123031
 31
0.0
  0
LINE
  5
269
330
85
100
AcDbEntity
  8
0
  6
Continuous
 62
     7
370
    15
100
AcDbLine
 10
3690.290583028733
 20
2407.901645123031
 30
0.0
 11
3690.290583028733
 21
2410.301645123031
 31
0.0
  0
LINE
  5
26A
330
85
100
AcDbEntity
  8
0
  6
Continuous
 62
     7
370
    15
100
AcDbLine
 10
3689.990583028733
 20
2410.301645123031
 30
0.0
 11
3689.990583028733
 21
2412.182029880761
 31
0.0
  0
LINE
  5
26B
330
85
100
AcDbEntity
  8
0
  6
Continuous
 62
     7
370
    15
100
AcDbLine
 10
3689.990583028733
 20
2408.421260365302
 30
0.0
 11
3689.990583028733
 21
2410.301645123031
 31
0.0
  0
LINE
  5
26C
330
85
100
AcDbEntity
  8
0
  6
Continuous
 62
     7
370
    15
100
AcDbLine
 10
3689.190583028735
 20
2410.301645123031
 30
0.0
 11
3689.190583028735
 21
2412.182029880761
 31
0.0
  0
LINE
  5
26D
330
85
100
AcDbEntity
  8
0
  6
Continuous
 62
     7
370
    15
100
AcDbLine
 10
3689.190583028735
 20
2408.421260365302
 30
0.0
 11
3689.190583028735
 21
2410.301645123031
 31
0.0
  0
LINE
  5
26E
330
85
100
AcDbEntity
  8
0
  6
Continuous
 62
     7
370
    15
100
AcDbLine
 10
3688.890583028733
 20
2410.301645123031
 30
0.0
 11
3688.890583028733
 21
2412.701645123031
 31
0.0
  0
LINE
  5
26F
330
85
100
AcDbEntity
  8
0
  6
Continuous
 62
     7
370
    15
100
AcDbLine
 10
3688.890583028733
 20
2407.901645123031
 30
0.0
 11
3688.890583028733
 21
2410.301645123031
 31
0.0
  0
LINE
  5
270
330
85
100
AcDbEntity
  8
0
  6
Continuous
 62
     7
370
    15
100
AcDbLine
 10
3688.690583028733
 20
2410.301645123031
 30
0.0
 11
3688.690583028733
 21
2412.701645123031
 31
0.0
  0
LINE
  5
271
330
85
100
AcDbEntity
  8
0
  6
Continuous
 62
     7
370
    15
100
AcDbLine
 10
3688.690583028733
 20
2407.901645123031
 30
0.0
 11
3688.690583028733
 21
2410.301645123031
 31
0.0
  0
LINE
  5
272
330
85
100
AcDbEntity
  8
0
  6
Continuous
 62
     7
370
    15
100
AcDbLine
 10
3688.390583028733
 20
2410.301645123031
 30
0.0
 11
3688.390583028733
 21
2412.182029880761
 31
0.0
  0
LINE
  5
273
330
85
100
AcDbEntity
  8
0
  6
Continuous
 62
     7
370
    15
100
AcDbLine
 10
3688.390583028733
 20
2408.421260365302
 30
0.0
 11
3688.390583028733
 21
2410.301645123031
 31
0.0
  0
LINE
  5
274
330
85
100
AcDbEntity
  8
0
  6
Continuous
 62
     7
370
    15
100
AcDbLine
 10
3687.590583028735
 20
2410.301645123031
 30
0.0
 11
3687.590583028735
 21
2412.182029880761
 31
0.0
  0
LINE
  5
275
330
85
100
AcDbEntity
  8
0
  6
Continuous
 62
     7
370
    15
100
AcDbLine
 10
3687.590583028735
 20
2408.421260365302
 30
0.0
 11
3687.590583028735
 21
2410.301645123031
 31
0.0
  0
LINE
  5
276
330
85
100
AcDbEntity
  8
0
  6
Continuous
 62
     7
370
    15
100
AcDbLine
 10
3687.290583028733
 20
2410.301645123031
 30
0.0
 11
3687.290583028733
 21
2412.701645123031
 31
0.0
  0
LINE
  5
277
330
85
100
AcDbEntity
  8
0
  6
Continuous
 62
     7
370
    15
100
AcDbLine
 10
3687.290583028733
 20
2407.901645123031
 30
0.0
 11
3687.290583028733
 21
2410.301645123031
 31
0.0
  0
LINE
  5
278
330
85
100
AcDbEntity
  8
0
  6
Continuous
 62
     7
370
    15
100
AcDbLine
 10
3687.090583028734
 20
2410.301645123031
 30
0.0
 11
3687.090583028734
 21
2412.701645123031
 31
0.0
  0
LINE
  5
279
330
85
100
AcDbEntity
  8
0
  6
Continuous
 62
     7
370
    15
100
AcDbLine
 10
3687.090583028734
 20
2407.901645123031
 30
0.0
 11
3687.090583028734
 21
2410.301645123031
 31
0.0
  0
LINE
  5
27A
330
85
100
AcDbEntity
  8
0
  6
Continuous
 62
     7
370
    15
100
AcDbLine
 10
3686.790583028733
 20
2410.301645123031
 30
0.0
 11
3686.790583028733
 21
2412.182029880761
 31
0.0
  0
LINE
  5
27B
330
85
100
AcDbEntity
  8
0
  6
Continuous
 62
     7
370
    15
100
AcDbLine
 10
3686.790583028733
 20
2408.421260365302
 30
0.0
 11
3686.790583028733
 21
2410.301645123031
 31
0.0
  0
LINE
  5
27C
330
85
100
AcDbEntity
  8
0
  6
Continuous
 62
     7
370
    15
100
AcDbLine
 10
3685.990583028733
 20
2410.301645123031
 30
0.0
 11
3685.990583028733
 21
2412.182029880761
 31
0.0
  0
LINE
  5
27D
330
85
100
AcDbEntity
  8
0
  6
Continuous
 62
     7
370
    15
100
AcDbLine
 10
3685.990583028733
 20
2408.421260365302
 30
0.0
 11
3685.990583028733
 21
2410.301645123031
 31
0.0
  0
LINE
  5
27E
330
85
100
AcDbEntity
  8
0
  6
Continuous
 62
     7
370
    15
100
AcDbLine
 10
3685.690583028733
 20
2410.301645123031
 30
0.0
 11
3685.690583028733
 21
2412.701645123031
 31
0.0
  0
LINE
  5
27F
330
85
100
AcDbEntity
  8
0
  6
Continuous
 62
     7
370
    15
100
AcDbLine
 10
3685.690583028733
 20
2407.901645123031
 30
0.0
 11
3685.690583028733
 21
2410.301645123031
 31
0.0
  0
LINE
  5
280
330
85
100
AcDbEntity
  8
0
  6
Continuous
 62
     7
370
    15
100
AcDbLine
 10
3685.490583028733
 20
2410.301645123031
 30
0.0
 11
3685.490583028733
 21
2412.701645123031
 31
0.0
  0
LINE
  5
281
330
85
100
AcDbEntity
  8
0
  6
Continuous
 62
     7
370
    15
100
AcDbLine
 10
3685.490583028733
 20
2407.901645123031
 30
0.0
 11
3685.490583028733
 21
2410.301645123031
 31
0.0
  0
LINE
  5
282
330
85
100
AcDbEntity
  8
0
  6
Continuous
 62
     7
370
    15
100
AcDbLine
 10
3685.190583028735
 20
2410.301645123031
 30
0.0
 11
3685.190583028735
 21
2412.182029880761
 31
0.0
  0
LINE
  5
283
330
85
100
AcDbEntity
  8
0
  6
Continuous
 62
     7
370
    15
100
AcDbLine
 10
3685.190583028735
 20
2408.421260365302
 30
0.0
 11
3685.190583028735
 21
2410.301645123031
 31
0.0
  0
LINE
  5
284
330
85
100
AcDbEntity
  8
0
  6
Continuous
 62
     7
370
    15
100
AcDbLine
 10
3684.390583028733
 20
2410.301645123031
 30
0.0
 11
3684.390583028733
 21
2412.182029880761
 31
0.0
  0
LINE
  5
285
330
85
100
AcDbEntity
  8
0
  6
Continuous
 62
     7
370
    15
100
AcDbLine
 10
3684.390583028733
 20
2408.421260365302
 30
0.0
 11
3684.390583028733
 21
2410.301645123031
 31
0.0
  0
LINE
  5
286
330
85
100
AcDbEntity
  8
0
  6
Continuous
 62
     7
370
    15
100
AcDbLine
 10
3684.090583028734
 20
2410.301645123031
 30
0.0
 11
3684.090583028734
 21
2412.701645123031
 31
0.0
  0
LINE
  5
287
330
85
100
AcDbEntity
  8
0
  6
Continuous
 62
     7
370
    15
100
AcDbLine
 10
3684.090583028734
 20
2407.901645123031
 30
0.0
 11
3684.090583028734
 21
2410.301645123031
 31
0.0
  0
LINE
  5
288
330
85
100
AcDbEntity
  8
0
  6
Continuous
 62
     7
370
    15
100
AcDbLine
 10
3683.890583028733
 20
2410.301645123031
 30
0.0
 11
3683.890583028733
 21
2412.701645123031
 31
0.0
  0
LINE
  5
289
330
85
100
AcDbEntity
  8
0
  6
Continuous
 62
     7
370
    15
100
AcDbLine
 10
3683.890583028733
 20
2407.901645123031
 30
0.0
 11
3683.890583028733
 21
2410.301645123031
 31
0.0
  0
LINE
  5
28A
330
85
100
AcDbEntity
  8
0
  6
Continuous
 62
     7
370
    15
100
AcDbLine
 10
3683.590583028733
 20
2410.301645123031
 30
0.0
 11
3683.590583028733
 21
2412.182029880761
 31
0.0
  0
LINE
  5
28B
330
85
100
AcDbEntity
  8
0
  6
Continuous
 62
     7
370
    15
100
AcDbLine
 10
3683.590583028733
 20
2408.421260365302
 30
0.0
 11
3683.590583028733
 21
2410.301645123031
 31
0.0
  0
LINE
  5
28C
330
85
100
AcDbEntity
  8
0
  6
Continuous
 62
     7
370
    15
100
AcDbLine
 10
3682.790583028733
 20
2410.301645123031
 30
0.0
 11
3682.790583028733
 21
2412.182029880761
 31
0.0
  0
LINE
  5
28D
330
85
100
AcDbEntity
  8
0
  6
Continuous
 62
     7
370
    15
100
AcDbLine
 10
3682.790583028733
 20
2408.421260365302
 30
0.0
 11
3682.790583028733
 21
2410.301645123031
 31
0.0
  0
LINE
  5
28E
330
85
100
AcDbEntity
  8
0
  6
Continuous
 62
     7
370
    15
100
AcDbLine
 10
3682.490583028733
 20
2410.301645123031
 30
0.0
 11
3682.490583028733
 21
2412.701645123031
 31
0.0
  0
LINE
  5
28F
330
85
100
AcDbEntity
  8
0
  6
Continuous
 62
     7
370
    15
100
AcDbLine
 10
3682.490583028733
 20
2407.901645123031
 30
0.0
 11
3682.490583028733
 21
2410.301645123031
 31
0.0
  0
LINE
  5
290
330
85
100
AcDbEntity
  8
0
  6
Continuous
 62
     7
370
    15
100
AcDbLine
 10
3682.290583028733
 20
2410.301645123031
 30
0.0
 11
3682.290583028733
 21
2412.701645123031
 31
0.0
  0
LINE
  5
291
330
85
100
AcDbEntity
  8
0
  6
Continuous
 62
     7
370
    15
100
AcDbLine
 10
3682.290583028733
 20
2407.901645123031
 30
0.0
 11
3682.290583028733
 21
2410.301645123031
 31
0.0
  0
LINE
  5
292
330
85
100
AcDbEntity
  8
0
  6
Continuous
 62
     7
370
    15
100
AcDbLine
 10
3681.990583028734
 20
2410.301645123031
 30
0.0
 11
3681.990583028734
 21
2412.182029880761
 31
0.0
  0
LINE
  5
293
330
85
100
AcDbEntity
  8
0
  6
Continuous
 62
     7
370
    15
100
AcDbLine
 10
3681.990583028734
 20
2408.421260365302
 30
0.0
 11
3681.990583028734
 21
2410.301645123031
 31
0.0
  0
LINE
  5
294
330
85
100
AcDbEntity
  8
0
  6
Continuous
 62
     7
370
    15
100
AcDbLine
 10
3681.190583028735
 20
2410.301645123031
 30
0.0
 11
3681.190583028735
 21
2412.182029880761
 31
0.0
  0
LINE
  5
295
330
85
100
AcDbEntity
  8
0
  6
Continuous
 62
     7
370
    15
100
AcDbLine
 10
3681.190583028735
 20
2408.421260365302
 30
0.0
 11
3681.190583028735
 21
2410.301645123031
 31
0.0
  0
LINE
  5
296
330
85
100
AcDbEntity
  8
0
  6
Continuous
 62
     7
370
    15
100
AcDbLine
 10
3680.890583028733
 20
2410.301645123031
 30
0.0
 11
3680.890583028733
 21
2412.701645123031
 31
0.0
  0
LINE
  5
297
330
85
100
AcDbEntity
  8
0
  6
Continuous
 62
     7
370
    15
100
AcDbLine
 10
3680.890583028733
 20
2407.901645123031
 30
0.0
 11
3680.890583028733
 21
2410.301645123031
 31
0.0
  0
LINE
  5
298
330
85
100
AcDbEntity
  8
0
  6
Continuous
 62
     7
370
    15
100
AcDbLine
 10
3680.690583028733
 20
2410.301645123031
 30
0.0
 11
3680.690583028733
 21
2412.701645123031
 31
0.0
  0
LINE
  5
299
330
85
100
AcDbEntity
  8
0
  6
Continuous
 62
     7
370
    15
100
AcDbLine
 10
3680.690583028733
 20
2407.901645123031
 30
0.0
 11
3680.690583028733
 21
2410.301645123031
 31
0.0
  0
LINE
  5
29A
330
85
100
AcDbEntity
  8
0
  6
Continuous
 62
     7
370
    15
100
AcDbLine
 10
3680.390583028734
 20
2410.301645123031
 30
0.0
 11
3680.390583028734
 21
2412.182029880761
 31
0.0
  0
LINE
  5
29B
330
85
100
AcDbEntity
  8
0
  6
Continuous
 62
     7
370
    15
100
AcDbLine
 10
3680.390583028734
 20
2408.421260365302
 30
0.0
 11
3680.390583028734
 21
2410.301645123031
 31
0.0
  0
LINE
  5
29C
330
85
100
AcDbEntity
  8
0
  6
Continuous
 62
     7
370
    15
100
AcDbLine
 10
3679.590583028733
 20
2410.301645123031
 30
0.0
 11
3679.590583028733
 21
2412.182029880761
 31
0.0
  0
LINE
  5
29D
330
85
100
AcDbEntity
  8
0
  6
Continuous
 62
     7
370
    15
100
AcDbLine
 10
3679.590583028733
 20
2408.421260365302
 30
0.0
 11
3679.590583028733
 21
2410.301645123031
 31
0.0
  0
LINE
  5
29E
330
85
100
AcDbEntity
  8
0
  6
Continuous
 62
     7
370
    15
100
AcDbLine
 10
3679.290583028733
 20
2410.301645123031
 30
0.0
 11
3679.290583028733
 21
2412.701645123031
 31
0.0
  0
LINE
  5
29F
330
85
100
AcDbEntity
  8
0
  6
Continuous
 62
     7
370
    15
100
AcDbLine
 10
3679.290583028733
 20
2407.901645123031
 30
0.0
 11
3679.290583028733
 21
2410.301645123031
 31
0.0
  0
LINE
  5
2A0
330
85
100
AcDbEntity
  8
0
  6
Continuous
 62
     7
370
    15
100
AcDbLine
 10
3679.090583028735
 20
2410.301645123031
 30
0.0
 11
3679.090583028735
 21
2412.701645123031
 31
0.0
  0
LINE
  5
2A1
330
85
100
AcDbEntity
  8
0
  6
Continuous
 62
     7
370
    15
100
AcDbLine
 10
3679.090583028735
 20
2407.901645123031
 30
0.0
 11
3679.090583028735
 21
2410.301645123031
 31
0.0
  0
LINE
  5
2A2
330
85
100
AcDbEntity
  8
0
  6
Continuous
 62
     7
370
    15
100
AcDbLine
 10
3678.790583028734
 20
2410.301645123031
 30
0.0
 11
3678.790583028734
 21
2412.182029880761
 31
0.0
  0
LINE
  5
2A3
330
85
100
AcDbEntity
  8
0
  6
Continuous
 62
     7
370
    15
100
AcDbLine
 10
3678.790583028734
 20
2408.421260365302
 30
0.0
 11
3678.790583028734
 21
2410.301645123031
 31
0.0
  0
LINE
  5
2A4
330
85
100
AcDbEntity
  8
0
  6
Continuous
 62
     7
370
    15
100
AcDbLine
 10
3677.990583028734
 20
2410.301645123031
 30
0.0
 11
3677.990583028734
 21
2412.182029880761
 31
0.0
  0
LINE
  5
2A5
330
85
100
AcDbEntity
  8
0
  6
Continuous
 62
     7
370
    15
100
AcDbLine
 10
3677.990583028734
 20
2408.421260365302
 30
0.0
 11
3677.990583028734
 21
2410.301645123031
 31
0.0
  0
LINE
  5
2A6
330
85
100
AcDbEntity
  8
0
  6
Continuous
 62
     7
370
    15
100
AcDbLine
 10
3677.690583028733
 20
2410.301645123031
 30
0.0
 11
3677.690583028733
 21
2412.701645123031
 31
0.0
  0
LINE
  5
2A7
330
85
100
AcDbEntity
  8
0
  6
Continuous
 62
     7
370
    15
100
AcDbLine
 10
3677.690583028733
 20
2407.901645123031
 30
0.0
 11
3677.690583028733
 21
2410.301645123031
 31
0.0
  0
LINE
  5
2A8
330
85
100
AcDbEntity
  8
0
  6
Continuous
 62
     7
370
    15
100
AcDbLine
 10
3677.490583028733
 20
2410.301645123031
 30
0.0
 11
3677.490583028733
 21
2412.701645123031
 31
0.0
  0
LINE
  5
2A9
330
85
100
AcDbEntity
  8
0
  6
Continuous
 62
     7
370
    15
100
AcDbLine
 10
3677.490583028733
 20
2407.901645123031
 30
0.0
 11
3677.490583028733
 21
2410.301645123031
 31
0.0
  0
LINE
  5
2AA
330
85
100
AcDbEntity
  8
0
  6
Continuous
 62
     7
370
    15
100
AcDbLine
 10
3677.190583028733
 20
2410.301645123031
 30
0.0
 11
3677.190583028733
 21
2412.182029880761
 31
0.0
  0
LINE
  5
2AB
330
85
100
AcDbEntity
  8
0
  6
Continuous
 62
     7
370
    15
100
AcDbLine
 10
3677.190583028733
 20
2408.421260365302
 30
0.0
 11
3677.190583028733
 21
2410.301645123031
 31
0.0
  0
LINE
  5
2AC
330
85
100
AcDbEntity
  8
0
  6
Continuous
 62
     7
370
    15
100
AcDbLine
 10
3676.390583028734
 20
2410.301645123031
 30
0.0
 11
3676.390583028734
 21
2412.182029880761
 31
0.0
  0
LINE
  5
2AD
330
85
100
AcDbEntity
  8
0
  6
Continuous
 62
     7
370
    15
100
AcDbLine
 10
3676.390583028734
 20
2408.421260365302
 30
0.0
 11
3676.390583028734
 21
2410.301645123031
 31
0.0
  0
LINE
  5
2AE
330
85
100
AcDbEntity
  8
0
  6
Continuous
 62
     7
370
    15
100
AcDbLine
 10
3676.090583028734
 20
2410.301645123031
 30
0.0
 11
3676.090583028734
 21
2412.701645123031
 31
0.0
  0
LINE
  5
2AF
330
85
100
AcDbEntity
  8
0
  6
Continuous
 62
     7
370
    15
100
AcDbLine
 10
3676.090583028734
 20
2407.901645123031
 30
0.0
 11
3676.090583028734
 21
2410.301645123031
 31
0.0
  0
LINE
  5
2B0
330
85
100
AcDbEntity
  8
0
  6
Continuous
 62
     7
370
    15
100
AcDbLine
 10
3675.890583028734
 20
2410.301645123031
 30
0.0
 11
3675.890583028734
 21
2412.701645123031
 31
0.0
  0
LINE
  5
2B1
330
85
100
AcDbEntity
  8
0
  6
Continuous
 62
     7
370
    15
100
AcDbLine
 10
3675.890583028734
 20
2407.901645123031
 30
0.0
 11
3675.890583028734
 21
2410.301645123031
 31
0.0
  0
LINE
  5
2B2
330
85
100
AcDbEntity
  8
0
  6
Continuous
 62
     7
370
    15
100
AcDbLine
 10
3675.590583028733
 20
2410.301645123031
 30
0.0
 11
3675.590583028733
 21
2412.182029880761
 31
0.0
  0
LINE
  5
2B3
330
85
100
AcDbEntity
  8
0
  6
Continuous
 62
     7
370
    15
100
AcDbLine
 10
3675.590583028733
 20
2408.421260365302
 30
0.0
 11
3675.590583028733
 21
2410.301645123031
 31
0.0
  0
LINE
  5
2B4
330
85
100
AcDbEntity
  8
0
  6
Continuous
 62
     7
370
    15
100
AcDbLine
 10
3674.790583028733
 20
2410.301645123031
 30
0.0
 11
3674.790583028733
 21
2412.182029880761
 31
0.0
  0
LINE
  5
2B5
330
85
100
AcDbEntity
  8
0
  6
Continuous
 62
     7
370
    15
100
AcDbLine
 10
3674.790583028733
 20
2408.421260365302
 30
0.0
 11
3674.790583028733
 21
2410.301645123031
 31
0.0
  0
LINE
  5
2B6
330
85
100
AcDbEntity
  8
0
  6
Continuous
 62
     7
370
    15
100
AcDbLine
 10
3674.490583028733
 20
2410.301645123031
 30
0.0
 11
3674.490583028733
 21
2412.701645123031
 31
0.0
  0
LINE
  5
2B7
330
85
100
AcDbEntity
  8
0
  6
Continuous
 62
     7
370
    15
100
AcDbLine
 10
3674.490583028733
 20
2407.901645123031
 30
0.0
 11
3674.490583028733
 21
2410.301645123031
 31
0.0
  0
LINE
  5
2B8
330
85
100
AcDbEntity
  8
0
  6
Continuous
 62
     7
370
    15
100
AcDbLine
 10
3674.290583028734
 20
2410.301645123031
 30
0.0
 11
3674.290583028734
 21
2412.701645123031
 31
0.0
  0
LINE
  5
2B9
330
85
100
AcDbEntity
  8
0
  6
Continuous
 62
     7
370
    15
100
AcDbLine
 10
3674.290583028734
 20
2407.901645123031
 30
0.0
 11
3674.290583028734
 21
2410.301645123031
 31
0.0
  0
LINE
  5
2BA
330
85
100
AcDbEntity
  8
0
  6
Continuous
 62
     7
370
    15
100
AcDbLine
 10
3673.990583028734
 20
2410.301645123031
 30
0.0
 11
3673.990583028734
 21
2412.182029880761
 31
0.0
  0
LINE
  5
2BB
330
85
100
AcDbEntity
  8
0
  6
Continuous
 62
     7
370
    15
100
AcDbLine
 10
3673.990583028734
 20
2408.421260365302
 30
0.0
 11
3673.990583028734
 21
2410.301645123031
 31
0.0
  0
LINE
  5
2BC
330
85
100
AcDbEntity
  8
0
  6
Continuous
 62
     7
370
    15
100
AcDbLine
 10
3673.190583028733
 20
2410.301645123031
 30
0.0
 11
3673.190583028733
 21
2412.182029880761
 31
0.0
  0
LINE
  5
2BD
330
85
100
AcDbEntity
  8
0
  6
Continuous
 62
     7
370
    15
100
AcDbLine
 10
3673.190583028733
 20
2408.421260365302
 30
0.0
 11
3673.190583028733
 21
2410.301645123031
 31
0.0
  0
LINE
  5
2BE
330
85
100
AcDbEntity
  8
0
  6
Continuous
 62
     7
370
    15
100
AcDbLine
 10
3672.890583028733
 20
2410.301645123031
 30
0.0
 11
3672.890583028733
 21
2412.701645123031
 31
0.0
  0
LINE
  5
2BF
330
85
100
AcDbEntity
  8
0
  6
Continuous
 62
     7
370
    15
100
AcDbLine
 10
3672.890583028733
 20
2407.901645123031
 30
0.0
 11
3672.890583028733
 21
2410.301645123031
 31
0.0
  0
LINE
  5
2C0
330
85
100
AcDbEntity
  8
0
  6
Continuous
 62
     7
370
    15
100
AcDbLine
 10
3672.690583028734
 20
2410.301645123031
 30
0.0
 11
3672.690583028734
 21
2412.701645123031
 31
0.0
  0
LINE
  5
2C1
330
85
100
AcDbEntity
  8
0
  6
Continuous
 62
     7
370
    15
100
AcDbLine
 10
3672.690583028734
 20
2407.901645123031
 30
0.0
 11
3672.690583028734
 21
2410.301645123031
 31
0.0
  0
LINE
  5
2C2
330
85
100
AcDbEntity
  8
0
  6
Continuous
 62
     7
370
    15
100
AcDbLine
 10
3672.390583028733
 20
2410.301645123031
 30
0.0
 11
3672.390583028733
 21
2412.182029880761
 31
0.0
  0
LINE
  5
2C3
330
85
100
AcDbEntity
  8
0
  6
Continuous
 62
     7
370
    15
100
AcDbLine
 10
3672.390583028733
 20
2408.421260365302
 30
0.0
 11
3672.390583028733
 21
2410.301645123031
 31
0.0
  0
LINE
  5
2C4
330
85
100
AcDbEntity
  8
0
  6
Continuous
 62
     7
370
    15
100
AcDbLine
 10
3671.590583028733
 20
2410.301645123031
 30
0.0
 11
3671.590583028733
 21
2412.182029880761
 31
0.0
  0
LINE
  5
2C5
330
85
100
AcDbEntity
  8
0
  6
Continuous
 62
     7
370
    15
100
AcDbLine
 10
3671.590583028733
 20
2408.421260365302
 30
0.0
 11
3671.590583028733
 21
2410.301645123031
 31
0.0
  0
LINE
  5
2C6
330
85
100
AcDbEntity
  8
0
  6
Continuous
 62
     7
370
    15
100
AcDbLine
 10
3671.290583028734
 20
2410.301645123031
 30
0.0
 11
3671.290583028734
 21
2412.701645123031
 31
0.0
  0
LINE
  5
2C7
330
85
100
AcDbEntity
  8
0
  6
Continuous
 62
     7
370
    15
100
AcDbLine
 10
3671.290583028734
 20
2407.901645123031
 30
0.0
 11
3671.290583028734
 21
2410.301645123031
 31
0.0
  0
LINE
  5
2C8
330
85
100
AcDbEntity
  8
0
  6
Continuous
 62
     7
370
    15
100
AcDbLine
 10
3671.090583028735
 20
2410.301645123031
 30
0.0
 11
3671.090583028735
 21
2412.701645123031
 31
0.0
  0
LINE
  5
2C9
330
85
100
AcDbEntity
  8
0
  6
Continuous
 62
     7
370
    15
100
AcDbLine
 10
3671.090583028735
 20
2407.901645123031
 30
0.0
 11
3671.090583028735
 21
2410.301645123031
 31
0.0
  0
LINE
  5
2CA
330
85
100
AcDbEntity
  8
0
  6
Continuous
 62
     7
370
    15
100
AcDbLine
 10
3670.790583028733
 20
2410.301645123031
 30
0.0
 11
3670.790583028733
 21
2412.182029880761
 31
0.0
  0
LINE
  5
2CB
330
85
100
AcDbEntity
  8
0
  6
Continuous
 62
     7
370
    15
100
AcDbLine
 10
3670.790583028733
 20
2408.421260365302
 30
0.0
 11
3670.790583028733
 21
2410.301645123031
 31
0.0
  0
LINE
  5
2CC
330
85
100
AcDbEntity
  8
0
  6
Continuous
 62
     7
370
    15
100
AcDbLine
 10
3669.990583028733
 20
2410.301645123031
 30
0.0
 11
3669.990583028733
 21
2412.182029880761
 31
0.0
  0
LINE
  5
2CD
330
85
100
AcDbEntity
  8
0
  6
Continuous
 62
     7
370
    15
100
AcDbLine
 10
3669.990583028733
 20
2408.421260365302
 30
0.0
 11
3669.990583028733
 21
2410.301645123031
 31
0.0
  0
LINE
  5
2CE
330
85
100
AcDbEntity
  8
0
  6
Continuous
 62
     7
370
    15
100
AcDbLine
 10
3669.690583028734
 20
2410.301645123031
 30
0.0
 11
3669.690583028734
 21
2412.701645123031
 31
0.0
  0
LINE
  5
2CF
330
85
100
AcDbEntity
  8
0
  6
Continuous
 62
     7
370
    15
100
AcDbLine
 10
3669.690583028734
 20
2407.901645123031
 30
0.0
 11
3669.690583028734
 21
2410.301645123031
 31
0.0
  0
LINE
  5
2D0
330
85
100
AcDbEntity
  8
0
  6
Continuous
 62
     7
370
    15
100
AcDbLine
 10
3669.490583028733
 20
2410.301645123031
 30
0.0
 11
3669.490583028733
 21
2412.701645123031
 31
0.0
  0
LINE
  5
2D1
330
85
100
AcDbEntity
  8
0
  6
Continuous
 62
     7
370
    15
100
AcDbLine
 10
3669.490583028733
 20
2407.901645123031
 30
0.0
 11
3669.490583028733
 21
2410.301645123031
 31
0.0
  0
LINE
  5
2D2
330
85
100
AcDbEntity
  8
0
  6
Continuous
 62
     7
370
    15
100
AcDbLine
 10
3669.190583028733
 20
2410.301645123031
 30
0.0
 11
3669.190583028733
 21
2412.182029880761
 31
0.0
  0
LINE
  5
2D3
330
85
100
AcDbEntity
  8
0
  6
Continuous
 62
     7
370
    15
100
AcDbLine
 10
3669.190583028733
 20
2408.421260365302
 30
0.0
 11
3669.190583028733
 21
2410.301645123031
 31
0.0
  0
LINE
  5
2D4
330
85
100
AcDbEntity
  8
0
  6
Continuous
 62
     7
370
    15
100
AcDbLine
 10
3668.390583028733
 20
2410.301645123031
 30
0.0
 11
3668.390583028733
 21
2412.182029880761
 31
0.0
  0
LINE
  5
2D5
330
85
100
AcDbEntity
  8
0
  6
Continuous
 62
     7
370
    15
100
AcDbLine
 10
3668.390583028733
 20
2408.421260365302
 30
0.0
 11
3668.390583028733
 21
2410.301645123031
 31
0.0
  0
LINE
  5
2D6
330
85
100
AcDbEntity
  8
0
  6
Continuous
 62
     7
370
    15
100
AcDbLine
 10
3668.090583028734
 20
2410.301645123031
 30
0.0
 11
3668.090583028734
 21
2412.701645123031
 31
0.0
  0
LINE
  5
2D7
330
85
100
AcDbEntity
  8
0
  6
Continuous
 62
     7
370
    15
100
AcDbLine
 10
3668.090583028734
 20
2407.901645123031
 30
0.0
 11
3668.090583028734
 21
2410.301645123031
 31
0.0
  0
LINE
  5
2D8
330
85
100
AcDbEntity
  8
0
  6
Continuous
 62
     7
370
    15
100
AcDbLine
 10
3667.890583028734
 20
2410.301645123031
 30
0.0
 11
3667.890583028734
 21
2412.701645123031
 31
0.0
  0
LINE
  5
2D9
330
85
100
AcDbEntity
  8
0
  6
Continuous
 62
     7
370
    15
100
AcDbLine
 10
3667.890583028734
 20
2407.901645123031
 30
0.0
 11
3667.890583028734
 21
2410.301645123031
 31
0.0
  0
LINE
  5
2DA
330
85
100
AcDbEntity
  8
0
  6
Continuous
 62
     7
370
    15
100
AcDbLine
 10
3667.590583028733
 20
2410.301645123031
 30
0.0
 11
3667.590583028733
 21
2412.182029880761
 31
0.0
  0
LINE
  5
2DB
330
85
100
AcDbEntity
  8
0
  6
Continuous
 62
     7
370
    15
100
AcDbLine
 10
3667.590583028733
 20
2408.421260365302
 30
0.0
 11
3667.590583028733
 21
2410.301645123031
 31
0.0
  0
LINE
  5
2DC
330
85
100
AcDbEntity
  8
0
  6
Continuous
 62
     7
370
    15
100
AcDbLine
 10
3666.790583028733
 20
2410.301645123031
 30
0.0
 11
3666.790583028733
 21
2412.182029880761
 31
0.0
  0
LINE
  5
2DD
330
85
100
AcDbEntity
  8
0
  6
Continuous
 62
     7
370
    15
100
AcDbLine
 10
3666.790583028733
 20
2408.421260365302
 30
0.0
 11
3666.790583028733
 21
2410.301645123031
 31
0.0
  0
LINE
  5
2DE
330
85
100
AcDbEntity
  8
0
  6
Continuous
 62
     7
370
    15
100
AcDbLine
 10
3666.490583028733
 20
2410.301645123031
 30
0.0
 11
3666.490583028733
 21
2412.701645123031
 31
0.0
  0
LINE
  5
2DF
330
85
100
AcDbEntity
  8
0
  6
Continuous
 62
     7
370
    15
100
AcDbLine
 10
3666.490583028733
 20
2407.901645123031
 30
0.0
 11
3666.490583028733
 21
2410.301645123031
 31
0.0
  0
LINE
  5
2E0
330
85
100
AcDbEntity
  8
0
  6
Continuous
 62
     7
370
    15
100
AcDbLine
 10
3666.290583028735
 20
2410.301645123031
 30
0.0
 11
3666.290583028735
 21
2412.701645123031
 31
0.0
  0
LINE
  5
2E1
330
85
100
AcDbEntity
  8
0
  6
Continuous
 62
     7
370
    15
100
AcDbLine
 10
3666.290583028735
 20
2407.901645123031
 30
0.0
 11
3666.290583028735
 21
2410.301645123031
 31
0.0
  0
LINE
  5
2E2
330
85
100
AcDbEntity
  8
0
  6
Continuous
 62
     7
370
    15
100
AcDbLine
 10
3665.990583028733
 20
2410.301645123031
 30
0.0
 11
3665.990583028733
 21
2412.182029880761
 31
0.0
  0
LINE
  5
2E3
330
85
100
AcDbEntity
  8
0
  6
Continuous
 62
     7
370
    15
100
AcDbLine
 10
3665.990583028733
 20
2408.421260365302
 30
0.0
 11
3665.990583028733
 21
2410.301645123031
 31
0.0
  0
LINE
  5
2E4
330
85
100
AcDbEntity
  8
0
  6
Continuous
 62
     7
370
    15
100
AcDbLine
 10
3665.190583028734
 20
2410.301645123031
 30
0.0
 11
3665.190583028734
 21
2412.182029880761
 31
0.0
  0
LINE
  5
2E5
330
85
100
AcDbEntity
  8
0
  6
Continuous
 62
     7
370
    15
100
AcDbLine
 10
3665.190583028734
 20
2408.421260365302
 30
0.0
 11
3665.190583028734
 21
2410.301645123031
 31
0.0
  0
LINE
  5
2E6
330
85
100
AcDbEntity
  8
0
  6
Continuous
 62
     7
370
    15
100
AcDbLine
 10
3664.890583028733
 20
2410.301645123031
 30
0.0
 11
3664.890583028733
 21
2412.701645123031
 31
0.0
  0
LINE
  5
2E7
330
85
100
AcDbEntity
  8
0
  6
Continuous
 62
     7
370
    15
100
AcDbLine
 10
3664.890583028733
 20
2407.901645123031
 30
0.0
 11
3664.890583028733
 21
2410.301645123031
 31
0.0
  0
LINE
  5
2E8
330
85
100
AcDbEntity
  8
0
  6
Continuous
 62
     7
370
    15
100
AcDbLine
 10
3664.690583028733
 20
2410.301645123031
 30
0.0
 11
3664.690583028733
 21
2412.701645123031
 31
0.0
  0
LINE
  5
2E9
330
85
100
AcDbEntity
  8
0
  6
Continuous
 62
     7
370
    15
100
AcDbLine
 10
3664.690583028733
 20
2407.901645123031
 30
0.0
 11
3664.690583028733
 21
2410.301645123031
 31
0.0
  0
LINE
  5
2EA
330
85
100
AcDbEntity
  8
0
  6
Continuous
 62
     7
370
    15
100
AcDbLine
 10
3664.390583028733
 20
2410.301645123031
 30
0.0
 11
3664.390583028733
 21
2412.182029880761
 31
0.0
  0
LINE
  5
2EB
330
85
100
AcDbEntity
  8
0
  6
Continuous
 62
     7
370
    15
100
AcDbLine
 10
3664.390583028733
 20
2408.421260365302
 30
0.0
 11
3664.390583028733
 21
2410.301645123031
 31
0.0
  0
LINE
  5
2EC
330
85
100
AcDbEntity
  8
0
  6
Continuous
 62
     7
370
    15
100
AcDbLine
 10
3663.590583028734
 20
2410.301645123031
 30
0.0
 11
3663.590583028734
 21
2412.182029880761
 31
0.0
  0
LINE
  5
2ED
330
85
100
AcDbEntity
  8
0
  6
Continuous
 62
     7
370
    15
100
AcDbLine
 10
3663.590583028734
 20
2408.421260365302
 30
0.0
 11
3663.590583028734
 21
2410.301645123031
 31
0.0
  0
LINE
  5
2EE
330
85
100
AcDbEntity
  8
0
  6
Continuous
 62
     7
370
    15
100
AcDbLine
 10
3663.290583028735
 20
2410.301645123031
 30
0.0
 11
3663.290583028735
 21
2412.701645123031
 31
0.0
  0
LINE
  5
2EF
330
85
100
AcDbEntity
  8
0
  6
Continuous
 62
     7
370
    15
100
AcDbLine
 10
3663.290583028735
 20
2407.901645123031
 30
0.0
 11
3663.290583028735
 21
2410.301645123031
 31
0.0
  0
LINE
  5
2F0
330
85
100
AcDbEntity
  8
0
  6
Continuous
 62
     7
370
    15
100
AcDbLine
 10
3663.090583028733
 20
2410.301645123031
 30
0.0
 11
3663.090583028733
 21
2412.701645123031
 31
0.0
  0
LINE
  5
2F1
330
85
100
AcDbEntity
  8
0
  6
Continuous
 62
     7
370
    15
100
AcDbLine
 10
3663.090583028733
 20
2407.901645123031
 30
0.0
 11
3663.090583028733
 21
2410.301645123031
 31
0.0
  0
LINE
  5
2F2
330
85
100
AcDbEntity
  8
0
  6
Continuous
 62
     7
370
    15
100
AcDbLine
 10
3662.790583028733
 20
2410.301645123031
 30
0.0
 11
3662.790583028733
 21
2412.182029880761
 31
0.0
  0
LINE
  5
2F3
330
85
100
AcDbEntity
  8
0
  6
Continuous
 62
     7
370
    15
100
AcDbLine
 10
3662.790583028733
 20
2408.421260365302
 30
0.0
 11
3662.790583028733
 21
2410.301645123031
 31
0.0
  0
LINE
  5
2F4
330
85
100
AcDbEntity
  8
0
  6
Continuous
 62
     7
370
    15
100
AcDbLine
 10
3661.990583028733
 20
2410.301645123031
 30
0.0
 11
3661.990583028733
 21
2412.182029880761
 31
0.0
  0
LINE
  5
2F5
330
85
100
AcDbEntity
  8
0
  6
Continuous
 62
     7
370
    15
100
AcDbLine
 10
3661.990583028733
 20
2408.421260365302
 30
0.0
 11
3661.990583028733
 21
2410.301645123031
 31
0.0
  0
LINE
  5
2F6
330
85
100
AcDbEntity
  8
0
  6
Continuous
 62
     7
370
    15
100
AcDbLine
 10
3661.690583028735
 20
2410.301645123031
 30
0.0
 11
3661.690583028735
 21
2412.701645123031
 31
0.0
  0
LINE
  5
2F7
330
85
100
AcDbEntity
  8
0
  6
Continuous
 62
     7
370
    15
100
AcDbLine
 10
3661.690583028735
 20
2407.901645123031
 30
0.0
 11
3661.690583028735
 21
2410.301645123031
 31
0.0
  0
LINE
  5
2F8
330
85
100
AcDbEntity
  8
0
  6
Continuous
 62
     7
370
    15
100
AcDbLine
 10
3661.490583028733
 20
2410.301645123031
 30
0.0
 11
3661.490583028733
 21
2412.701645123031
 31
0.0
  0
LINE
  5
2F9
330
85
100
AcDbEntity
  8
0
  6
Continuous
 62
     7
370
    15
100
AcDbLine
 10
3661.490583028733
 20
2407.901645123031
 30
0.0
 11
3661.490583028733
 21
2410.301645123031
 31
0.0
  0
LINE
  5
2FA
330
85
100
AcDbEntity
  8
0
  6
Continuous
 62
     7
370
    15
100
AcDbLine
 10
3661.190583028734
 20
2410.301645123031
 30
0.0
 11
3661.190583028734
 21
2412.182029880761
 31
0.0
  0
LINE
  5
2FB
330
85
100
AcDbEntity
  8
0
  6
Continuous
 62
     7
370
    15
100
AcDbLine
 10
3661.190583028734
 20
2408.421260365302
 30
0.0
 11
3661.190583028734
 21
2410.301645123031
 31
0.0
  0
LINE
  5
2FC
330
85
100
AcDbEntity
  8
0
  6
Continuous
 62
     7
370
    15
100
AcDbLine
 10
3660.390583028733
 20
2410.301645123031
 30
0.0
 11
3660.390583028733
 21
2412.182029880761
 31
0.0
  0
LINE
  5
2FD
330
85
100
AcDbEntity
  8
0
  6
Continuous
 62
     7
370
    15
100
AcDbLine
 10
3660.390583028733
 20
2408.421260365302
 30
0.0
 11
3660.390583028733
 21
2410.301645123031
 31
0.0
  0
LINE
  5
2FE
330
85
100
AcDbEntity
  8
0
  6
Continuous
 62
     7
370
    15
100
AcDbLine
 10
3660.090583028733
 20
2410.301645123031
 30
0.0
 11
3660.090583028733
 21
2412.701645123031
 31
0.0
  0
LINE
  5
2FF
330
85
100
AcDbEntity
  8
0
  6
Continuous
 62
     7
370
    15
100
AcDbLine
 10
3660.090583028733
 20
2407.901645123031
 30
0.0
 11
3660.090583028733
 21
2410.301645123031
 31
0.0
  0
LINE
  5
300
330
85
100
AcDbEntity
  8
0
  6
Continuous
 62
     7
370
    15
100
AcDbLine
 10
3659.890583028733
 20
2410.301645123031
 30
0.0
 11
3659.890583028733
 21
2412.701645123031
 31
0.0
  0
LINE
  5
301
330
85
100
AcDbEntity
  8
0
  6
Continuous
 62
     7
370
    15
100
AcDbLine
 10
3659.890583028733
 20
2407.901645123031
 30
0.0
 11
3659.890583028733
 21
2410.301645123031
 31
0.0
  0
LINE
  5
302
330
85
100
AcDbEntity
  8
0
  6
Continuous
 62
     7
370
    15
100
AcDbLine
 10
3659.590583028734
 20
2410.301645123031
 30
0.0
 11
3659.590583028734
 21
2412.182029880761
 31
0.0
  0
LINE
  5
303
330
85
100
AcDbEntity
  8
0
  6
Continuous
 62
     7
370
    15
100
AcDbLine
 10
3659.590583028734
 20
2408.421260365302
 30
0.0
 11
3659.590583028734
 21
2410.301645123031
 31
0.0
  0
LINE
  5
304
330
85
100
AcDbEntity
  8
0
  6
Continuous
 62
     7
370
    15
100
AcDbLine
 10
3658.790583028733
 20
2410.301645123031
 30
0.0
 11
3658.790583028733
 21
2412.182029880761
 31
0.0
  0
LINE
  5
305
330
85
100
AcDbEntity
  8
0
  6
Continuous
 62
     7
370
    15
100
AcDbLine
 10
3658.790583028733
 20
2408.421260365302
 30
0.0
 11
3658.790583028733
 21
2410.301645123031
 31
0.0
  0
LINE
  5
306
330
85
100
AcDbEntity
  8
0
  6
Continuous
 62
     7
370
    15
100
AcDbLine
 10
3658.490583028733
 20
2410.301645123031
 30
0.0
 11
3658.490583028733
 21
2412.701645123031
 31
0.0
  0
LINE
  5
307
330
85
100
AcDbEntity
  8
0
  6
Continuous
 62
     7
370
    15
100
AcDbLine
 10
3658.490583028733
 20
2407.901645123031
 30
0.0
 11
3658.490583028733
 21
2410.301645123031
 31
0.0
  0
LINE
  5
308
330
85
100
AcDbEntity
  8
0
  6
Continuous
 62
     7
370
    15
100
AcDbLine
 10
3658.290583028733
 20
2410.301645123031
 30
0.0
 11
3658.290583028733
 21
2412.701645123031
 31
0.0
  0
LINE
  5
309
330
85
100
AcDbEntity
  8
0
  6
Continuous
 62
     7
370
    15
100
AcDbLine
 10
3658.290583028733
 20
2407.901645123031
 30
0.0
 11
3658.290583028733
 21
2410.301645123031
 31
0.0
  0
LINE
  5
30A
330
85
100
AcDbEntity
  8
0
  6
Continuous
 62
     7
370
    15
100
AcDbLine
 10
3657.990583028733
 20
2410.301645123031
 30
0.0
 11
3657.990583028733
 21
2412.182029880761
 31
0.0
  0
LINE
  5
30B
330
85
100
AcDbEntity
  8
0
  6
Continuous
 62
     7
370
    15
100
AcDbLine
 10
3657.990583028733
 20
2408.421260365302
 30
0.0
 11
3657.990583028733
 21
2410.301645123031
 31
0.0
  0
LINE
  5
30C
330
85
100
AcDbEntity
  8
0
  6
Continuous
 62
     7
370
    15
100
AcDbLine
 10
3657.190583028735
 20
2410.301645123031
 30
0.0
 11
3657.190583028735
 21
2412.182029880761
 31
0.0
  0
LINE
  5
30D
330
85
100
AcDbEntity
  8
0
  6
Continuous
 62
     7
370
    15
100
AcDbLine
 10
3657.190583028735
 20
2408.421260365302
 30
0.0
 11
3657.190583028735
 21
2410.301645123031
 31
0.0
  0
LINE
  5
30E
330
85
100
AcDbEntity
  8
0
  6
Continuous
 62
     7
370
    15
100
AcDbLine
 10
3656.890583028733
 20
2410.301645123031
 30
0.0
 11
3656.890583028733
 21
2412.701645123031
 31
0.0
  0
LINE
  5
30F
330
85
100
AcDbEntity
  8
0
  6
Continuous
 62
     7
370
    15
100
AcDbLine
 10
3656.890583028733
 20
2407.901645123031
 30
0.0
 11
3656.890583028733
 21
2410.301645123031
 31
0.0
  0
LINE
  5
310
330
85
100
AcDbEntity
  8
0
  6
Continuous
 62
     7
370
    15
100
AcDbLine
 10
3656.690583028733
 20
2410.301645123031
 30
0.0
 11
3656.690583028733
 21
2412.701645123031
 31
0.0
  0
LINE
  5
311
330
85
100
AcDbEntity
  8
0
  6
Continuous
 62
     7
370
    15
100
AcDbLine
 10
3656.690583028733
 20
2407.901645123031
 30
0.0
 11
3656.690583028733
 21
2410.301645123031
 31
0.0
  0
LINE
  5
312
330
85
100
AcDbEntity
  8
0
  6
Continuous
 62
     7
370
    15
100
AcDbLine
 10
3656.390583028733
 20
2410.301645123031
 30
0.0
 11
3656.390583028733
 21
2412.182029880761
 31
0.0
  0
LINE
  5
313
330
85
100
AcDbEntity
  8
0
  6
Continuous
 62
     7
370
    15
100
AcDbLine
 10
3656.390583028733
 20
2408.421260365302
 30
0.0
 11
3656.390583028733
 21
2410.301645123031
 31
0.0
  0
LINE
  5
314
330
85
100
AcDbEntity
  8
0
  6
Continuous
 62
     7
370
    15
100
AcDbLine
 10
3655.590583028735
 20
2410.301645123031
 30
0.0
 11
3655.590583028735
 21
2412.182029880761
 31
0.0
  0
LINE
  5
315
330
85
100
AcDbEntity
  8
0
  6
Continuous
 62
     7
370
    15
100
AcDbLine
 10
3655.590583028735
 20
2408.421260365302
 30
0.0
 11
3655.590583028735
 21
2410.301645123031
 31
0.0
  0
LINE
  5
316
330
85
100
AcDbEntity
  8
0
  6
Continuous
 62
     7
370
    15
100
AcDbLine
 10
3655.290583028733
 20
2410.301645123031
 30
0.0
 11
3655.290583028733
 21
2412.701645123031
 31
0.0
  0
LINE
  5
317
330
85
100
AcDbEntity
  8
0
  6
Continuous
 62
     7
370
    15
100
AcDbLine
 10
3655.290583028733
 20
2407.901645123031
 30
0.0
 11
3655.290583028733
 21
2410.301645123031
 31
0.0
  0
LINE
  5
318
330
85
100
AcDbEntity
  8
0
  6
Continuous
 62
     7
370
    15
100
AcDbLine
 10
3655.090583028734
 20
2410.301645123031
 30
0.0
 11
3655.090583028734
 21
2412.701645123031
 31
0.0
  0
LINE
  5
319
330
85
100
AcDbEntity
  8
0
  6
Continuous
 62
     7
370
    15
100
AcDbLine
 10
3655.090583028734
 20
2407.901645123031
 30
0.0
 11
3655.090583028734
 21
2410.301645123031
 31
0.0
  0
LINE
  5
31A
330
85
100
AcDbEntity
  8
0
  6
Continuous
 62
     7
370
    15
100
AcDbLine
 10
3654.790583028733
 20
2410.301645123031
 30
0.0
 11
3654.790583028733
 21
2412.182029880761
 31
0.0
  0
LINE
  5
31B
330
85
100
AcDbEntity
  8
0
  6
Continuous
 62
     7
370
    15
100
AcDbLine
 10
3654.790583028733
 20
2408.421260365302
 30
0.0
 11
3654.790583028733
 21
2410.301645123031
 31
0.0
  0
LINE
  5
31C
330
85
100
AcDbEntity
  8
0
  6
Continuous
 62
     7
370
    15
100
AcDbLine
 10
3653.990583028733
 20
2410.301645123031
 30
0.0
 11
3653.990583028733
 21
2412.182029880761
 31
0.0
  0
LINE
  5
31D
330
85
100
AcDbEntity
  8
0
  6
Continuous
 62
     7
370
    15
100
AcDbLine
 10
3653.990583028733
 20
2408.421260365302
 30
0.0
 11
3653.990583028733
 21
2410.301645123031
 31
0.0
  0
LINE
  5
31E
330
85
100
AcDbEntity
  8
0
  6
Continuous
 62
     7
370
    15
100
AcDbLine
 10
3653.690583028733
 20
2410.301645123031
 30
0.0
 11
3653.690583028733
 21
2412.701645123031
 31
0.0
  0
LINE
  5
31F
330
85
100
AcDbEntity
  8
0
  6
Continuous
 62
     7
370
    15
100
AcDbLine
 10
3653.690583028733
 20
2407.901645123031
 30
0.0
 11
3653.690583028733
 21
2410.301645123031
 31
0.0
  0
LINE
  5
320
330
85
100
AcDbEntity
  8
0
  6
Continuous
 62
     7
370
    15
100
AcDbLine
 10
3653.490583028733
 20
2410.301645123031
 30
0.0
 11
3653.490583028733
 21
2412.701645123031
 31
0.0
  0
LINE
  5
321
330
85
100
AcDbEntity
  8
0
  6
Continuous
 62
     7
370
    15
100
AcDbLine
 10
3653.490583028733
 20
2407.901645123031
 30
0.0
 11
3653.490583028733
 21
2410.301645123031
 31
0.0
  0
LINE
  5
322
330
85
100
AcDbEntity
  8
0
  6
Continuous
 62
     7
370
    15
100
AcDbLine
 10
3653.190583028735
 20
2410.301645123031
 30
0.0
 11
3653.190583028735
 21
2412.182029880761
 31
0.0
  0
LINE
  5
323
330
85
100
AcDbEntity
  8
0
  6
Continuous
 62
     7
370
    15
100
AcDbLine
 10
3653.190583028735
 20
2408.421260365302
 30
0.0
 11
3653.190583028735
 21
2410.301645123031
 31
0.0
  0
LINE
  5
324
330
85
100
AcDbEntity
  8
0
  6
Continuous
 62
     7
370
    15
100
AcDbLine
 10
3652.390583028733
 20
2410.301645123031
 30
0.0
 11
3652.390583028733
 21
2412.182029880761
 31
0.0
  0
LINE
  5
325
330
85
100
AcDbEntity
  8
0
  6
Continuous
 62
     7
370
    15
100
AcDbLine
 10
3652.390583028733
 20
2408.421260365302
 30
0.0
 11
3652.390583028733
 21
2410.301645123031
 31
0.0
  0
LINE
  5
326
330
85
100
AcDbEntity
  8
0
  6
Continuous
 62
     7
370
    15
100
AcDbLine
 10
3652.090583028734
 20
2410.301645123031
 30
0.0
 11
3652.090583028734
 21
2412.701645123031
 31
0.0
  0
LINE
  5
327
330
85
100
AcDbEntity
  8
0
  6
Continuous
 62
     7
370
    15
100
AcDbLine
 10
3652.090583028734
 20
2407.901645123031
 30
0.0
 11
3652.090583028734
 21
2410.301645123031
 31
0.0
  0
LINE
  5
328
330
85
100
AcDbEntity
  8
0
  6
Continuous
 62
     7
370
    15
100
AcDbLine
 10
3651.890583028733
 20
2410.301645123031
 30
0.0
 11
3651.890583028733
 21
2412.701645123031
 31
0.0
  0
LINE
  5
329
330
85
100
AcDbEntity
  8
0
  6
Continuous
 62
     7
370
    15
100
AcDbLine
 10
3651.890583028733
 20
2407.901645123031
 30
0.0
 11
3651.890583028733
 21
2410.301645123031
 31
0.0
  0
LINE
  5
32A
330
85
100
AcDbEntity
  8
0
  6
Continuous
 62
     7
370
    15
100
AcDbLine
 10
3651.590583028735
 20
2410.301645123031
 30
0.0
 11
3651.590583028735
 21
2412.182029880761
 31
0.0
  0
LINE
  5
32B
330
85
100
AcDbEntity
  8
0
  6
Continuous
 62
     7
370
    15
100
AcDbLine
 10
3651.590583028735
 20
2408.421260365302
 30
0.0
 11
3651.590583028735
 21
2410.301645123031
 31
0.0
  0
LINE
  5
32C
330
85
100
AcDbEntity
  8
0
  6
Continuous
 62
     7
370
    15
100
AcDbLine
 10
3650.855775628254
 20
2412.182029880761
 30
0.0
 11
3650.855775628254
 21
2408.421260365302
 31
0.0
  0
LINE
  5
32D
330
85
100
AcDbEntity
  8
0
  6
Continuous
 62
     7
370
    15
100
AcDbLine
 10
3647.490583028734
 20
2410.291811846807
 30
0.0
 11
3647.490583028734
 21
2410.311478399256
 31
0.0
  0
ENDBLK
  5
32E
330
85
100
AcDbEntity
  8
0
100
AcDbBlockEnd
  0
BLOCK
  5
50C
330
50B
100
AcDbEntity
  8
0
100
AcDbBlockBegin
  2
01.07.27.ES
 70
     0
 10
0.0
 20
0.0
 30
0.0
  3
01.07.27.ES
  1

  0
HATCH
  5
50D
330
50B
100
AcDbEntity
  8
epdm hatch
370
    -2
100
AcDbHatch
 10
0.0
 20
0.0
 30
0.0
210
0.0
220
0.0
230
1.0
  2
ANSI37
 70
     0
 71
     1
 91
        2
 92
        1
 93
       32
 72
     2
 10
5247.999906151997
 20
2577.490683713417
 40
0.4000000000004561
 50
252.7008306192933
 51
423.9251105473863
 73
     1
 72
     2
 10
5242.461986555149
 20
2566.173832212727
 40
12.99919367855766
 50
63.92511054762366
 51
114.2471977868273
 73
     1
 72
     2
 10
5236.712878053348
 20
2578.938046841302
 40
1.000000000000627
 50
65.7528022132645
 51
135.0
 73
     0
 72
     1
 10
5236.005771272162
 20
2578.230940060115
 11
5234.503099391119
 21
2579.73361194116
 72
     2
 10
5234.290967356763
 20
2579.521479906804
 40
0.3000000000010796
 50
45.0
 51
135.0
 73
     1
 72
     1
 10
5234.078835322407
 20
2579.73361194116
 11
5233.525281931831
 21
2579.180058550586
 72
     1
 10
5233.525281931831
 20
2579.180058550586
 11
5231.945382944535
 21
2579.180058550584
 72
     1
 10
5231.945382944535
 20
2579.180058550584
 11
5231.038276163366
 21
2580.087165331755
 72
     1
 10
5231.038276163366
 20
2580.087165331755
 11
5231.462540232057
 21
2580.511429400446
 72
     1
 10
5231.462540232057
 20
2580.511429400446
 11
5231.064407727092
 21
2580.90956190541
 72
     2
 10
5229.650194164758
 20
2579.495348343058
 40
1.999999999957249
 50
45.00000000035003
 51
115.5662188831078
 73
     1
 72
     2
 10
5230.817547628551
 20
2577.055202673122
 40
4.704999999945796
 50
115.5662188828131
 51
154.433781117219
 73
     1
 72
     2
 10
5228.377401958614
 20
2578.222556136911
 40
1.999999999958165
 50
154.4337811168799
 51
224.9999999996315
 73
     1
 72
     1
 10
5226.963188396262
 20
2576.808342574577
 11
5227.361320901227
 21
2576.410210069614
 72
     1
 10
5227.361320901227
 20
2576.410210069614
 11
5227.785584969942
 21
2576.834474138331
 72
     1
 10
5227.785584969942
 20
2576.834474138331
 11
5228.692691751113
 21
2575.927367357162
 72
     1
 10
5228.692691751113
 20
2575.927367357162
 11
5228.692691751113
 21
2574.347468369865
 72
     1
 10
5228.692691751113
 20
2574.347468369865
 11
5228.139138360512
 21
2573.793914979265
 72
     2
 10
5228.351270394868
 20
2573.581782944908
 40
0.3000000000001149
 50
134.9999999999386
 51
225.0000000000614
 73
     1
 72
     1
 10
5228.139138360512
 20
2573.369650910552
 11
5229.641810241556
 21
2571.866979029508
 72
     2
 10
5228.934703460365
 20
2571.159872248347
 40
0.9999999999853772
 50
315.000000001216
 51
384.2471977879357
 73
     0
 72
     2
 10
5241.698918088943
 20
2565.410763746561
 40
12.99919367856901
 50
155.7528022133223
 51
206.0748894525211
 73
     1
 72
     2
 10
5230.382066588256
 20
2559.872844149678
 40
0.3999999999991235
 50
206.0748894524953
 51
377.2991693806832
 73
     1
 72
     2
 10
5243.81593555358
 20
2564.056814748119
 40
13.6703392050855
 50
162.7008306192291
 51
199.8624528560372
 73
     0
 72
     2
 10
5231.899342372129
 20
2568.361730835535
 40
0.9999999999986087
 50
199.862452856145
 51
224.9999999999816
 73
     0
 72
     1
 10
5231.192235590942
 20
2569.068837616721
 11
5233.849161608532
 21
2571.725763634311
 72
     2
 10
5233.495608217962
 20
2572.079317024908
 40
0.4999999999862576
 50
314.9999999978996
 51
387.8953648231034
 73
     1
 72
     2
 10
5234.99807413815
 20
2572.874676163547
 40
1.200000000231859
 50
152.1046351861524
 51
297.8953648138567
 73
     0
 72
     2
 10
5235.79343327679
 20
2574.377142083738
 40
0.4999999999891739
 50
242.1046351769968
 51
315.0000000019897
 73
     1
 72
     1
 10
5236.146986667388
 20
2574.023588693164
 11
5238.803912684952
 21
2576.680514710729
 72
     2
 10
5239.511019466135
 20
2575.973407929544
 40
0.9999999999979179
 50
225.0000000000184
 51
250.1375471438707
 73
     0
 72
     2
 10
5243.815935553556
 20
2564.056814748091
 40
13.67033920508426
 50
250.137547143959
 51
287.2991693807707
 73
     0
 97
        1
330
50F
 92
       16
 93
        8
 72
     2
 10
5229.12908785415
 20
2579.167926516239
 40
0.4999999999881869
 50
44.99999999996314
 51
134.9999999999631
 73
     1
 72
     1
 10
5228.775534463565
 20
2579.521479906825
 11
5228.351270394848
 21
2579.097215838107
 72
     2
 10
5228.704823785434
 20
2578.743662447521
 40
0.4999999999885084
 50
135.0
 51
225.0
 73
     1
 72
     1
 10
5228.351270394848
 20
2578.390109056936
 11
5230.18974802593
 21
2576.551631425853
 72
     2
 10
5230.543301416514
 20
2576.905184816439
 40
0.49999999998883
 50
225.0000000000369
 51
315.0000000000368
 73
     1
 72
     1
 10
5230.8968548071
 20
2576.551631425854
 11
5231.321118875818
 21
2576.975895494571
 72
     2
 10
5230.967565485236
 20
2577.329448885156
 40
0.499999999987544
 50
314.9999999999632
 51
405.0000000000368
 73
     1
 72
     1
 10
5231.321118875818
 20
2577.683002275741
 11
5229.482641244736
 21
2579.521479906824
 97
        1
330
50E
 75
     1
 76
     1
 52
-0.0000000000000254
 41
0.5
 77
     0
 78
     2
 53
44.99999999999998
 43
1669.687356399104
 44
205.1471326066448
 45
-1.122532015133643
 46
1.122532015133643
 79
     0
 53
134.9999999999999
 43
1669.687356399104
 44
205.1471326066448
 45
-1.122532015133643
 46
-1.122532015133643
 79
     0
 98
        1
 10
1669.687356399104
 20
205.1471326066448
1001
GradientColor1ACI
1070
     5
1001
GradientColor2ACI
1070
     2
1001
ACAD
1010
0.0
1020
0.0
1030
0.0
  0
LWPOLYLINE
  5
50E
102
{ACAD_REACTORS
330
50D
102
}
330
50B
100
AcDbEntity
  8
0
100
AcDbPolyline
 90
        8
 70
     1
 43
0.0
 10
5229.482641244736
 20
2579.521479906824
 42
0.4142135623730951
 10
5228.775534463565
 20
2579.521479906825
 10
5228.351270394848
 20
2579.097215838107
 42
0.4142135623730951
 10
5228.351270394848
 20
2578.390109056936
 10
5230.18974802593
 20
2576.551631425853
 42
0.4142135623730951
 10
5230.8968548071
 20
2576.551631425854
 10
5231.321118875818
 20
2576.975895494571
 42
0.4142135623730951
 10
5231.321118875818
 20
2577.683002275741
  0
LWPOLYLINE
  5
50F
102
{ACAD_REACTORS
330
50D
102
}
330
50B
100
AcDbEntity
  8
0
100
AcDbPolyline
 90
       32
 70
     1
 43
0.0
 10
5247.880961738861
 20
2577.108777669232
 42
0.9262069577197822
 10
5248.175724374597
 20
2577.849971832621
 42
0.2231695657349763
 10
5237.123552313152
 20
2578.02626471144
 42
-0.3116912479374672
 10
5236.005771272162
 20
2578.230940060115
 10
5234.503099391119
 20
2579.73361194116
 42
0.4142135623732049
 10
5234.078835322407
 20
2579.73361194116
 10
5233.525281931831
 20
2579.180058550586
 10
5231.945382944535
 20
2579.180058550584
 10
5231.038276163366
 20
2580.087165331755
 10
5231.462540232057
 20
2580.511429400446
 10
5231.064407727092
 20
2580.90956190541
 42
0.3180171180314754
 10
5228.787086243285
 20
2581.299522590662
 42
0.1712365548905698
 10
5226.573227711011
 20
2579.085664058387
 42
0.3180171180314753
 10
5226.963188396262
 20
2576.808342574577
 10
5227.361320901227
 20
2576.410210069614
 10
5227.785584969942
 20
2576.834474138331
 10
5228.692691751113
 20
2575.927367357162
 10
5228.692691751113
 20
2574.347468369865
 10
5228.139138360512
 20
2573.793914979265
 42
0.4142135623732049
 10
5228.139138360512
 20
2573.369650910552
 10
5229.641810241556
 20
2571.866979029508
 42
-0.3116912479374674
 10
5229.846485590204
 20
2570.749197988531
 42
0.2231695657349473
 10
5230.02277846905
 20
2559.697025927078
 42
0.9262069577197816
 10
5230.763972632439
 20
2559.991788562812
 42
-0.1635843397384616
 10
5230.958831389073
 20
2568.701494121881
 42
-0.1101252127552474
 10
5231.192235590942
 20
2569.068837616721
 10
5233.849161608532
 20
2571.725763634311
 42
0.3292444222967141
 10
5233.937509959099
 20
2572.313246183345
 42
-0.738548945747652
 10
5235.559504118352
 20
2573.935240342598
 42
0.3292444222956988
 10
5236.146986667388
 20
2574.023588693164
 10
5238.803912684952
 20
2576.680514710729
 42
-0.1101252127552474
 10
5239.171256179791
 20
2576.913918912599
 42
-0.1635843397384807
  0
ENDBLK
  5
510
330
50B
100
AcDbEntity
  8
0
100
AcDbBlockEnd
  0
BLOCK
  5
52B
330
528
100
AcDbEntity
  8
0
100
AcDbBlockBegin
  2
01.03.23
 70
     0
 10
0.0
 20
0.0
 30
0.0
  3
01.03.23
  1

  0
REGION
  5
52C
102
{ACAD_REACTORS
330
52F
102
}
330
528
100
AcDbEntity
  8
0
100
AcDbModelerGeometry
290
     1
  2
{FADE0838-70CB-4DEC-BB83-18EB8AE69563}
  0
REGION
  5
52D
102
{ACAD_REACTORS
330
52F
102
}
330
528
100
AcDbEntity
  8
0
100
AcDbModelerGeometry
290
     1
  2
{BD598760-DB86-4FC3-9C84-33595FA60F33}
  0
REGION
  5
52E
102
{ACAD_REACTORS
330
52F
102
}
330
528
100
AcDbEntity
  8
0
100
AcDbModelerGeometry
290
     1
  2
{36845D43-D4CB-4D84-9F18-4EA513E22276}
  0
HATCH
  5
52F
330
528
100
AcDbEntity
  8
0
100
AcDbHatch
 10
0.0
 20
0.0
 30
0.0
210
0.0
220
0.0
230
1.0
  2
SOLID
 70
     1
 71
     1
 91
        3
 92
        1
 93
       26
 72
     1
 10
31.18755311378436
 20
888.1686953858569
 11
29.53010222679632
 21
886.7748290048929
 72
     2
 10
29.78755311378382
 20
886.4686933473995
 40
0.3999999999998739
 50
130.0628268162408
 51
270.0000000001303
 73
     1
 72
     1
 10
29.78755311378473
 20
886.0686933473997
 11
30.18755311378482
 21
886.0686933473997
 72
     1
 10
30.18755311378482
 20
886.0686933473997
 11
30.18755311378436
 21
884.4686953858559
 72
     1
 10
30.18755311378436
 20
884.4686953858559
 11
27.48755311392915
 21
884.4686953858568
 72
     2
 10
27.48755311393006
 20
884.168695385857
 40
0.2999999999999659
 50
90.0000000001737
 51
180.0000000000434
 73
     1
 72
     1
 10
27.18755311392988
 20
884.1686953858568
 11
27.18755311392852
 21
878.5686953858569
 72
     2
 10
27.48755311392915
 20
878.5686953858569
 40
0.3000000000006822
 50
180.0
 51
270.0
 73
     1
 72
     1
 10
27.48755311392915
 20
878.2686953858561
 11
28.97661281595765
 21
878.2686953858561
 72
     2
 10
28.97661281596129
 20
878.068695385839
 40
0.2000000000170762
 50
269.9999999989578
 51
418.8089361198508
 73
     0
 72
     2
 10
32.18755311378163
 20
872.7649361149049
 40
5.999999999998087
 50
121.1910638794712
 51
145.32556944859
 73
     1
 72
     2
 10
27.66436404704791
 20
875.8939552370197
 40
0.5000000000003669
 50
145.3255694486492
 51
325.3255694486063
 73
     1
 72
     2
 10
32.18755311378436
 20
872.7649361149047
 40
4.999999999999944
 50
214.6744305514018
 51
325.325569448599
 73
     0
 72
     2
 10
36.7107421805199
 20
875.8939552370192
 40
0.4999999999992449
 50
214.6744305514397
 51
394.6744305514909
 73
     1
 72
     2
 10
32.18755311377981
 20
872.7649361149039
 40
6.000000000002659
 50
34.67443055139419
 51
58.80893612051479
 73
     1
 72
     2
 10
35.39849341160561
 20
878.0686953858396
 40
0.2000000000165476
 50
121.1910638808309
 51
270.0000000013027
 73
     0
 72
     1
 10
35.39849341161016
 20
878.2686953858561
 11
36.88755311363775
 21
878.2686953858561
 72
     2
 10
36.88755311363775
 20
878.5686953858569
 40
0.3000000000008754
 50
270.0
 51
359.9999999998697
 73
     1
 72
     1
 10
37.18755311363884
 20
878.5686953858563
 11
37.18755311363839
 21
884.1686953858557
 72
     2
 10
36.88755311363775
 20
884.1686953858557
 40
0.3000000000006822
 50
0.0
 51
90.0
 73
     1
 72
     1
 10
36.88755311363775
 20
884.4686953858563
 11
34.18755311378436
 21
884.4686953858568
 72
     1
 10
34.18755311378436
 20
884.4686953858568
 11
34.18755311378436
 21
886.0686933473996
 72
     1
 10
34.18755311378436
 20
886.0686933473996
 11
34.587553113784
 21
886.0686933473997
 72
     2
 10
34.58755311378491
 20
886.4686933473995
 40
0.3999999999998739
 50
269.9999999998697
 51
409.9371731837591
 73
     1
 72
     1
 10
34.84500400077241
 20
886.7748290048929
 11
33.18755311378436
 21
888.1686953858569
 72
     1
 10
33.18755311378436
 20
888.1686953858569
 11
31.18755311378436
 21
888.1686953858569
 97
        1
330
52E
 92
       16
 93
        8
 72
     1
 10
31.18755311378436
 20
886.6686953858566
 11
31.18755311378436
 21
884.5686953858573
 72
     2
 10
31.48755311378454
 20
884.5686953858571
 40
0.3
 50
179.9999999999565
 51
269.9999999998263
 73
     1
 72
     1
 10
31.48755311378363
 20
884.2686953858571
 11
32.88755311378418
 21
884.2686953858571
 72
     2
 10
32.88755311378327
 20
884.5686953858573
 40
0.3000000000001934
 50
270.0000000001737
 51
359.9999999999131
 73
     1
 72
     1
 10
33.18755311378436
 20
884.5686953858567
 11
33.18755311378436
 21
886.6686953858566
 72
     2
 10
32.88755311378418
 20
886.668695385857
 40
0.3
 50
359.9999999999565
 51
449.9999999998262
 73
     1
 72
     1
 10
32.88755311378509
 20
886.9686953858568
 11
31.48755311378454
 21
886.9686953858568
 72
     2
 10
31.48755311378546
 20
886.6686953858565
 40
0.3000000000004206
 50
90.0000000001737
 51
179.9999999999566
 73
     1
 97
        1
330
52D
 92
       16
 93
       10
 72
     1
 10
29.18755311392897
 20
882.1686953858566
 11
29.18755311392988
 21
880.515926476667
 72
     2
 10
29.48755311392279
 20
880.5159264766786
 40
0.2999999999929632
 50
180.0000000021713
 51
258.2070198977262
 73
     1
 72
     2
 10
28.97661281595856
 20
878.068695385838
 40
2.200000000019375
 50
281.7929801043673
 51
316.705487250502
 73
     0
 72
     2
 10
32.18755311378527
 20
872.7649361149088
 40
6.999999999996043
 50
256.7054872499164
 51
283.2945127500149
 73
     0
 72
     2
 10
35.39849341160107
 20
878.068695385834
 40
2.200000000021015
 50
223.2945127496545
 51
258.2070198959082
 73
     0
 72
     2
 10
34.88755311364684
 20
880.5159264766782
 40
0.2999999999927512
 50
281.7929801022826
 51
359.9999999978722
 73
     1
 72
     1
 10
35.18755311363884
 20
880.515926476667
 11
35.18755311363884
 21
882.1686953858566
 72
     2
 10
34.88755311363866
 20
882.1686953858558
 40
0.3
 50
0.0000000001302501
 51
89.99999999999998
 73
     1
 72
     1
 10
34.88755311363866
 20
882.4686953858558
 11
29.48755311392915
 21
882.4686953858565
 72
     2
 10
29.48755311392825
 20
882.1686953858565
 40
0.2999999999998525
 50
89.99999999982625
 51
179.9999999999565
 73
     1
 97
        1
330
52C
 75
     1
 76
     1
 98
        1
 10
-23.82756648939289
 20
1.367243080816364
450
        0
451
        0
460
0.0
461
0.0
452
        0
462
0.0
453
        2
463
0.0
 63
     5
421
      255
463
1.0
 63
     2
421
 16776960
470
LINEAR
1001
GradientColor1ACI
1070
     5
1001
GradientColor2ACI
1070
     2
1001
ACAD
1010
0.0
1020
0.0
1030
0.0
  0
ENDBLK
  5
530
330
528
100
AcDbEntity
  8
0
100
AcDbBlockEnd
  0
BLOCK
  5
74
330
73
100
AcDbEntity
  8
0
100
AcDbBlockBegin
  2
kose donus
 70
     0
 10
0.0
 20
0.0
 30
0.0
  3
kose donus
  1

  0
HATCH
  5
75
330
73
100
AcDbEntity
  8
0
370
    -2
100
AcDbHatch
 10
0.0
 20
0.0
 30
0.0
210
0.0
220
0.0
230
1.0
  2
ANGLE
 70
     0
 71
     0
 91
        2
 92
        7
 72
     1
 73
     1
 93
       10
 10
197.061884175986
 20
-178.919748553295
 42
0.0
 10
193.061884175986
 20
-178.919748553295
 42
0.0
 10
192.061884175986
 20
-177.919748553295
 42
0.0
 10
192.061884175986
 20
-174.9298776921223
 42
0.1640139889950802
 10
183.3303393609821
 20
-175.1179145707156
 42
0.1101252127558249
 10
182.9629958663135
 20
-175.351318772171
 42
0.0
 10
180.3060698481276
 20
-178.0082447903569
 42
-0.3292444222547557
 10
179.7185872998088
 20
-178.0965931408445
 42
0.3292444222589554
 10
178.308629181236
 20
-178.3086291823874
 42
0.0
 10
186.7568298466503
 20
-186.7568298478017
 42
-0.0677059105627946
 97
        0
 92
        7
 72
     1
 73
     1
 93
       10
 10
178.308629181236
 20
-178.3086291823874
 42
0.3292444222505874
 10
178.0965931396931
 20
-179.7185873000289
 42
-0.3292444222548679
 10
178.0082447892055
 20
-180.3060698492791
 42
0.0
 10
175.3513187719509
 20
-182.9629958665337
 42
0.1101252127558348
 10
175.1179145704955
 20
-183.3303393612023
 42
0.1640139889950603
 10
174.9298776909709
 20
-192.0618841771375
 42
0.0
 10
177.9197485530749
 20
-192.0618841771375
 42
0.0
 10
178.9197485530749
 20
-193.0618841771375
 42
0.0
 10
178.9197485530749
 20
-197.0618841771375
 42
-0.067705910562779
 10
186.7568298466503
 20
-186.7568298478017
 42
0.0
 97
        0
 75
     0
 76
     1
 52
-0.0000000000000127
 41
0.2
 77
     0
 78
     2
 53
360.0
 43
-5055.840916818939
 44
-2752.031833483127
 45
0.0000000000000004
 46
1.396999999999999
 79
     2
 49
1.016
 49
-0.381
 53
90.0
 43
-5055.840916818939
 44
-2752.031833483127
 45
-1.396999999999999
 46
0.0000000000000005
 79
     2
 49
1.016
 49
-0.381
 47
0.0906025725649714
 98
        2
 10
187.125217451714
 20
-182.1771435162391
 10
180.3255649181083
 20
-185.8012459243054
1001
GradientColor1ACI
1070
     5
1001
GradientColor2ACI
1070
     2
1001
ACAD
1010
0.0
1020
0.0
1030
0.0
  0
LWPOLYLINE
  5
78
330
73
100
AcDbEntity
  8
0
  6
DASHDOT
 62
     8
 48
0.3
370
    -2
100
AcDbPolyline
 90
        2
 70
     0
 43
0.0
 10
0.0
 20
0.0
 10
201.0457723084837
 20
-201.0457723087038
  0
LWPOLYLINE
  5
7A
330
73
100
AcDbEntity
  8
0
100
AcDbPolyline
 90
        6
 70
     0
 43
0.0
 10
198.061884175986
 20
-32.93751720454202
 10
198.061884175986
 20
-177.919748553295
 10
197.061884175986
 20
-178.919748553295
 10
193.061884175986
 20
-178.919748553295
 10
192.061884175986
 20
-177.919748553295
 10
192.061884175986
 20
-32.93751720454202
  0
LWPOLYLINE
  5
7B
330
73
100
AcDbEntity
  8
0
100
AcDbPolyline
 90
        6
 70
     0
 43
0.0
 10
33.33080951776356
 20
-198.0618841771375
 10
177.9197485530749
 20
-198.0618841771375
 10
178.9197485530749
 20
-197.0618841771375
 10
178.9197485530749
 20
-193.0618841771375
 10
177.9197485530749
 20
-192.0618841771375
 10
33.33080951776356
 20
-192.0618841771375
  0
HATCH
  5
7C
330
73
100
AcDbEntity
  8
epdm hatch
370
    -2
100
AcDbHatch
 10
0.0
 20
0.0
 30
0.0
210
0.0
220
0.0
230
1.0
  2
PLASTI
 70
     0
 71
     1
 91
        2
 92
        1
 93
       50
 72
     2
 10
164.3319975031952
 20
-169.574638191699
 40
0.5000000003312458
 50
315.0000000916397
 51
360.0000000916391
 73
     1
 72
     1
 10
164.8319975035265
 20
-169.5746381908993
 11
164.8319975035265
 21
-168.5746381908993
 72
     2
 10
164.3319975043199
 20
-168.5746381905651
 40
0.4999999992065513
 50
359.999999961699
 51
404.9999999617454
 73
     1
 72
     1
 10
164.6855508945882
 20
-168.2210848007689
 11
164.1248907223344
 21
-167.6604246285151
 72
     1
 10
164.1248907223344
 20
-167.6604246285151
 11
163.9127586875111
 21
-167.8725566633384
 72
     2
 10
163.7006266536191
 20
-167.6604246294461
 40
0.2999999993440424
 50
45.00000000004223
 51
134.9999999999578
 73
     0
 72
     1
 10
163.4884946197271
 20
-167.8725566633384
 11
162.2864130912348
 21
-166.6704751348461
 72
     1
 10
162.2864130912348
 20
-166.6704751348461
 11
162.2864130912348
 21
-166.0290537786077
 72
     2
 10
161.7864130920275
 20
-166.0290537782738
 40
0.4999999992073187
 50
359.9999999617381
 51
404.9999999617108
 73
     1
 72
     1
 10
162.1399664822966
 20
-165.6755003884773
 11
161.791438344866
 21
-165.3269722510467
 72
     2
 10
162.0035703792235
 20
-165.1148402166891
 40
0.3000000000022453
 50
134.999999999977
 51
225.000000000023
 73
     0
 72
     1
 10
161.791438344866
 20
-164.9027081823315
 11
164.9027081821114
 21
-161.7914383450861
 72
     2
 10
165.1148402160033
 20
-162.0035703789783
 40
0.2999999993439419
 50
225.000000000023
 51
314.9999999999768
 73
     0
 72
     1
 10
165.3269722498953
 20
-161.7914383450861
 11
165.6755003873259
 21
-162.1399664825167
 72
     2
 10
166.0290537787119
 20
-161.7864130915898
 40
0.5000000007964555
 50
224.9999999627933
 51
269.9999999628357
 73
     1
 72
     1
 10
166.0290537783876
 20
-162.2864130923863
 11
166.670475134626
 21
-162.2864130914549
 72
     1
 10
166.670475134626
 20
-162.2864130914549
 11
167.872556662187
 21
-163.4884946199472
 72
     2
 10
167.6604246278296
 20
-163.7006266543048
 40
0.3000000000021448
 50
314.9999999999578
 51
405.0000000000421
 73
     0
 72
     1
 10
167.872556662187
 20
-163.9127586886625
 11
167.660424628295
 21
-164.1248907225545
 72
     1
 10
167.660424628295
 20
-164.1248907225545
 11
168.2210847996175
 21
-164.6855508948083
 72
     2
 10
168.5746381898794
 20
-164.3319975034158
 40
0.5000000003308039
 50
225.0000000916166
 51
270.0000000916586
 73
     1
 72
     1
 10
168.5746381906792
 20
-164.8319975037465
 11
169.5746381906792
 21
-164.8319975037465
 72
     2
 10
169.5746381910133
 20
-164.3319975045395
 40
0.4999999992070343
 50
269.9999999617218
 51
314.9999999617224
 73
     1
 72
     1
 10
169.9281915808096
 20
-164.6855508948083
 11
170.1352983620018
 21
-164.4784441136162
 72
     2
 10
169.7817449714056
 20
-164.1248907230201
 40
0.5000000000039431
 50
315.0
 51
405.0
 73
     1
 72
     1
 10
170.1352983620018
 20
-163.7713373324241
 11
154.8202541237697
 21
-148.456293094192
 72
     2
 10
154.4667007331736
 20
-148.809846484788
 40
0.5000000000039431
 50
45.0
 51
135.0
 73
     1
 72
     1
 10
154.1131473425775
 20
-148.456293094192
 11
153.6181725962087
 21
-148.9512678405608
 72
     2
 10
152.9110658150166
 20
-148.2441610593689
 40
1.000000000007764
 50
44.99999999999308
 51
135.0000000000069
 73
     0
 72
     1
 10
152.2039590338245
 20
-148.9512678405608
 11
151.2140095401555
 21
-147.9613183468918
 72
     1
 10
151.2140095401555
 20
-147.9613183468918
 11
151.5675629302859
 21
-147.6077649567614
 72
     1
 10
151.5675629302859
 20
-147.6077649567614
 11
151.2140095401555
 21
-147.2542115656997
 72
     2
 10
150.5069027589634
 20
-147.9613183468921
 40
1.000000000008107
 50
45.00000000001267
 51
134.9999999999873
 73
     1
 72
     1
 10
149.7997959777713
 20
-147.2542115656997
 11
149.4462425867095
 21
-147.6077649567614
 72
     2
 10
149.7997959773056
 20
-147.9613183473575
 40
0.5000000000039431
 50
135.0
 51
225.0
 73
     1
 72
     1
 10
149.4462425867095
 20
-148.3148717379536
 11
151.8504056427626
 21
-150.7190347940068
 72
     1
 10
151.8504056427626
 20
-150.7190347940068
 11
150.7190347928553
 21
-151.8504056439141
 72
     1
 10
150.7190347928553
 20
-151.8504056439141
 11
148.3148717368021
 21
-149.446242587861
 72
     2
 10
147.9613183462061
 20
-149.7997959784568
 40
0.5000000000038227
 50
44.99999999998617
 51
135.0000000000138
 73
     1
 72
     1
 10
147.60776495561
 20
-149.446242587861
 11
147.2542115654796
 21
-149.7997959779914
 72
     2
 10
147.9613183466719
 20
-150.5069027591835
 40
1.000000000008006
 50
135.0000000000069
 51
224.9999999999931
 73
     1
 72
     1
 10
147.2542115654796
 20
-151.2140095403756
 11
147.60776495561
 21
-151.5675629314373
 72
     1
 10
147.60776495561
 20
-151.5675629314373
 11
147.9613183466717
 21
-151.2140095403756
 72
     1
 10
147.9613183466717
 20
-151.2140095403756
 11
148.9512678403406
 21
-152.2039590340446
 72
     2
 10
148.2441610591486
 20
-152.9110658152367
 40
1.000000000007885
 50
315.0
 51
405.0
 73
     0
 72
     1
 10
148.9512678403406
 20
-153.6181725964288
 11
148.4562930930406
 21
-154.113147343729
 72
     2
 10
148.8098464836366
 20
-154.466700734325
 40
0.5000000000039431
 50
135.0
 51
225.0
 73
     1
 72
     1
 10
148.4562930930406
 20
-154.8202541249211
 11
163.771337332204
 21
-170.1352983631532
 72
     2
 10
164.1248907223344
 20
-169.7817449730228
 40
0.4999999993453987
 50
225.0
 51
315.0
 73
     1
 72
     1
 10
164.4784441124648
 20
-170.1352983631532
 11
164.6855508945882
 21
-169.9281915819611
 97
        1
330
7E
 92
       16
 93
        8
 72
     2
 10
154.4667007331736
 20
-151.6382736095566
 40
0.5000000000039632
 50
45.0000000000023
 51
134.9999999999977
 73
     1
 72
     1
 10
154.1131473425775
 20
-151.2847202189605
 11
151.284720217809
 21
-154.113147343729
 72
     2
 10
151.6382736084051
 20
-154.466700734325
 40
0.5000000000039029
 50
134.9999999999954
 51
225.0000000000046
 73
     1
 72
     1
 10
151.284720217809
 20
-154.8202541249211
 11
159.8115393575281
 21
-163.3470732637088
 72
     2
 10
160.1650927476585
 20
-162.9935198735783
 40
0.4999999993454388
 50
225.0000000000046
 51
314.9999999999954
 73
     1
 72
     1
 10
160.5186461377889
 20
-163.3470732637088
 11
163.3470732625574
 21
-160.5186461389403
 72
     2
 10
162.9935198719613
 20
-160.1650927483442
 40
0.5000000000039029
 50
314.9999999999954
 51
405.0000000000046
 73
     1
 72
     1
 10
163.3470732625574
 20
-159.8115393577482
 11
154.8202541237697
 21
-151.2847202189605
 97
        1
330
81
 75
     1
 76
     1
 52
-0.0000000000000127
 41
0.3
 77
     0
 78
     4
 53
360.0
 43
-5055.840916818939
 44
-2752.031833483127
 45
0.0000000000000005
 46
1.904999999999999
 79
     0
 53
360.0
 43
-5055.840916818939
 44
-2751.793708482976
 45
0.0000000000000005
 46
1.904999999999999
 79
     0
 53
360.0
 43
-5055.840916818939
 44
-2751.555583482828
 45
0.0000000000000005
 46
1.904999999999999
 79
     0
 53
360.0
 43
-5055.840916818939
 44
-2750.841208483312
 45
0.0000000000000005
 46
1.904999999999999
 79
     0
 98
        1
 10
-5055.840916818939
 20
-2752.031833483127
1001
GradientColor1ACI
1070
     5
1001
GradientColor2ACI
1070
     2
1001
ACAD
1010
0.0
1020
0.0
1030
0.0
  0
LWPOLYLINE
  5
7E
102
{ACAD_REACTORS
330
7C
102
}
330
73
100
AcDbEntity
  8
0
100
AcDbPolyline
 90
       50
 70
     1
 43
0.0
 10
164.6855508945882
 20
-169.9281915819611
 42
0.198912367379658
 10
164.8319975035265
 20
-169.5746381908993
 10
164.8319975035265
 20
-168.5746381908993
 42
0.1989123673798656
 10
164.6855508945882
 20
-168.2210848007689
 10
164.1248907223344
 20
-167.6604246285151
 10
163.9127586875111
 20
-167.8725566633384
 42
-0.4142135623726512
 10
163.4884946197271
 20
-167.8725566633384
 10
162.2864130912348
 20
-166.6704751348461
 10
162.2864130912348
 20
-166.0290537786077
 42
0.1989123673795313
 10
162.1399664822966
 20
-165.6755003884773
 10
161.791438344866
 20
-165.3269722510467
 42
-0.4142135623733169
 10
161.791438344866
 20
-164.9027081823315
 10
164.9027081821114
 20
-161.7914383450861
 42
-0.414213562372873
 10
165.3269722498953
 20
-161.7914383450861
 10
165.6755003873259
 20
-162.1399664825167
 42
0.1989123673798538
 10
166.0290537783876
 20
-162.2864130923863
 10
166.670475134626
 20
-162.2864130914549
 10
167.872556662187
 20
-163.4884946199472
 42
-0.4142135623735391
 10
167.872556662187
 20
-163.9127586886625
 10
167.660424628295
 20
-164.1248907225545
 10
168.2210847996175
 20
-164.6855508948083
 42
0.1989123673798538
 10
168.5746381906792
 20
-164.8319975037465
 10
169.5746381906792
 20
-164.8319975037465
 42
0.198912367379658
 10
169.9281915808096
 20
-164.6855508948083
 10
170.1352983620018
 20
-164.4784441136162
 42
0.4142135623730951
 10
170.1352983620018
 20
-163.7713373324241
 10
154.8202541237697
 20
-148.456293094192
 42
0.4142135623730951
 10
154.1131473425775
 20
-148.456293094192
 10
153.6181725962087
 20
-148.9512678405608
 42
-0.4142135623731618
 10
152.2039590338245
 20
-148.9512678405608
 10
151.2140095401555
 20
-147.9613183468918
 10
151.5675629302859
 20
-147.6077649567614
 10
151.2140095401555
 20
-147.2542115656997
 42
0.4142135623729619
 10
149.7997959777713
 20
-147.2542115656997
 10
149.4462425867095
 20
-147.6077649567614
 42
0.4142135623730951
 10
149.4462425867095
 20
-148.3148717379536
 10
151.8504056427626
 20
-150.7190347940068
 10
150.7190347928553
 20
-151.8504056439141
 10
148.3148717368021
 20
-149.446242587861
 42
0.4142135623732285
 10
147.60776495561
 20
-149.446242587861
 10
147.2542115654796
 20
-149.7997959779914
 42
0.4142135623730284
 10
147.2542115654796
 20
-151.2140095403756
 10
147.60776495561
 20
-151.5675629314373
 10
147.9613183466717
 20
-151.2140095403756
 10
148.9512678403406
 20
-152.2039590340446
 42
-0.4142135623730951
 10
148.9512678403406
 20
-153.6181725964288
 10
148.4562930930406
 20
-154.113147343729
 42
0.4142135623730951
 10
148.4562930930406
 20
-154.8202541249211
 10
163.771337332204
 20
-170.1352983631532
 42
0.4142135623730951
 10
164.4784441124648
 20
-170.1352983631532
  0
HATCH
  5
7F
330
73
100
AcDbEntity
  8
epdm hatch
370
    -2
100
AcDbHatch
 10
0.0
 20
0.0
 30
0.0
210
0.0
220
0.0
230
1.0
  2
PLASTI
 70
     0
 71
     1
 91
        2
 92
       16
 93
        8
 72
     2
 10
170.4888517525978
 20
-167.6604246289808
 40
0.5000000000039632
 50
45.0000000000023
 51
134.9999999999977
 73
     1
 72
     1
 10
170.1352983620018
 20
-167.3068712383846
 11
167.3068712372333
 21
-170.1352983631532
 72
     2
 10
167.6604246278293
 20
-170.4888517537491
 40
0.5000000000039029
 50
134.9999999999954
 51
225.0000000000046
 73
     1
 72
     1
 10
167.3068712372333
 20
-170.8424051443453
 11
167.772738141939
 21
-171.3082720481196
 72
     2
 10
168.1262915325351
 20
-170.9547186575236
 40
0.5000000000039833
 50
225.0000000000046
 51
314.9999999999954
 73
     1
 72
     1
 10
168.4798449231311
 20
-171.3082720481196
 11
171.3082720478996
 21
-168.4798449233511
 72
     2
 10
170.9547186573036
 20
-168.1262915327551
 40
0.5000000000039029
 50
314.9999999999954
 51
405.0000000000046
 73
     1
 72
     1
 10
171.3082720478996
 20
-167.7727381421591
 11
170.8424051431939
 21
-167.3068712383846
 97
        1
330
82
 92
        1
 93
       50
 72
     2
 10
172.2931962887304
 20
-177.5358369765756
 40
0.4999999992070295
 50
315.0000000382776
 51
360.0000000382782
 73
     1
 72
     1
 10
172.7931962879374
 20
-177.5358369762416
 11
172.7931962879374
 21
-176.5358369762416
 72
     2
 10
172.2931962876067
 20
-176.5358369754417
 40
0.5000000003307719
 50
359.9999999083382
 51
404.9999999083834
 73
     1
 72
     1
 10
172.6467496789991
 20
-176.1822835851799
 11
172.0860895067453
 21
-175.6216234138574
 72
     1
 10
172.0860895067453
 20
-175.6216234138574
 11
171.8739574728533
 21
-175.8337554477493
 72
     2
 10
171.6618254384957
 20
-175.6216234133914
 40
0.3000000000025869
 50
45.00000000004223
 51
134.9999999999578
 73
     0
 72
     1
 10
171.4496934041381
 20
-175.8337554477493
 11
170.2476118756458
 21
-174.6316739201884
 72
     1
 10
170.2476118756458
 20
-174.6316739201884
 11
170.2476118756458
 21
-173.9902525639499
 72
     2
 10
169.7476118753143
 20
-173.9902525631504
 40
0.5000000003315394
 50
359.9999999083772
 51
404.9999999083486
 73
     1
 72
     1
 10
170.1011652667075
 20
-173.6366991728881
 11
169.752637129277
 21
-173.2881710354577
 72
     2
 10
169.9647691636344
 20
-173.0760390011
 40
0.3000000000022453
 50
134.999999999977
 51
225.000000000023
 73
     0
 72
     1
 10
169.752637129277
 20
-172.8639069667424
 11
172.8639069665223
 21
-169.7526371294971
 72
     2
 10
173.0760390008799
 20
-169.9647691638549
 40
0.3000000000024864
 50
225.000000000023
 51
314.9999999999768
 73
     0
 72
     1
 10
173.2881710352376
 20
-169.7526371294971
 11
173.6366991726681
 21
-170.1011652669276
 72
     2
 10
173.9902525635885
 20
-169.747611877125
 40
0.4999999996722392
 50
224.9999999094312
 51
269.9999999094748
 73
     1
 72
     1
 10
173.9902525627985
 20
-170.2476118767972
 11
174.631673919037
 21
-170.2476118767972
 72
     1
 10
174.631673919037
 20
-170.2476118767972
 11
175.8337554475291
 21
-171.4496934043582
 72
     2
 10
175.6216234131719
 20
-171.6618254387158
 40
0.3000000000021448
 50
314.9999999999578
 51
405.0000000000421
 73
     0
 72
     1
 10
175.8337554475291
 20
-171.8739574730734
 11
175.6216234127059
 21
-172.0860895078967
 72
     1
 10
175.6216234127059
 20
-172.0860895078967
 11
176.1822835849598
 21
-172.6467496792193
 72
     2
 10
176.5358369758802
 20
-172.2931962894166
 40
0.4999999996722392
 50
224.9999999094312
 51
269.9999999094748
 73
     1
 72
     1
 10
176.5358369750902
 20
-172.7931962890889
 11
177.5358369750902
 21
-172.7931962890889
 72
     2
 10
177.5358369747657
 20
-172.2931962882919
 40
0.5000000007969163
 50
270.0000000371872
 51
315.000000037186
 73
     1
 72
     1
 10
177.8893903661519
 20
-172.6467496792193
 11
178.096497147344
 21
-172.439642898027
 72
     2
 10
177.742943756748
 20
-172.0860895074311
 40
0.5000000000039431
 50
315.0
 51
405.0
 73
     1
 72
     1
 10
178.096497147344
 20
-171.732536116835
 11
170.8424051431939
 21
-164.4784441136162
 72
     2
 10
170.4888517525978
 20
-164.8319975042122
 40
0.5000000000039431
 50
45.0
 51
135.0
 73
     1
 72
     1
 10
170.1352983620018
 20
-164.4784441136162
 11
169.6403236156329
 21
-164.973418859985
 72
     2
 10
168.9332168344408
 20
-164.266312078793
 40
1.000000000007764
 50
44.99999999999308
 51
135.0000000000069
 73
     0
 72
     1
 10
168.2261100532487
 20
-164.973418859985
 11
167.2361605595797
 21
-163.983469366316
 72
     1
 10
167.2361605595797
 20
-163.983469366316
 11
167.5897139497101
 21
-163.6299159761856
 72
     1
 10
167.5897139497101
 20
-163.6299159761856
 11
167.2361605595797
 21
-163.2763625851239
 72
     2
 10
166.5290537783875
 20
-163.9834693663163
 40
1.000000000008107
 50
45.00000000001267
 51
134.9999999999873
 73
     1
 72
     1
 10
165.8219469971955
 20
-163.2763625851239
 11
165.4683936070651
 21
-163.6299159761856
 72
     2
 10
165.8219469976611
 20
-163.9834693667817
 40
0.5000000000039431
 50
135.0
 51
225.0
 73
     1
 72
     1
 10
165.4683936070651
 20
-164.3370227573778
 11
167.872556662187
 21
-166.741185813431
 72
     1
 10
167.872556662187
 20
-166.741185813431
 11
166.7411858122796
 21
-167.8725566633384
 72
     1
 10
166.7411858122796
 20
-167.8725566633384
 11
164.3370227571577
 21
-165.4683936072852
 72
     2
 10
163.9834693660959
 20
-165.8219469983467
 40
0.5000000006623671
 50
44.99999999998617
 51
135.0000000000138
 73
     1
 72
     1
 10
163.6299159750342
 20
-165.4683936072852
 11
163.2763625849038
 21
-165.8219469974156
 72
     2
 10
163.9834693660961
 20
-166.5290537786077
 40
1.000000000008006
 50
135.0000000000069
 51
224.9999999999931
 73
     1
 72
     1
 10
163.2763625849038
 20
-167.2361605597998
 11
163.6299159750342
 21
-167.5897139508615
 72
     1
 10
163.6299159750342
 20
-167.5897139508615
 11
163.9834693660959
 21
-167.2361605597998
 72
     1
 10
163.9834693660959
 20
-167.2361605597998
 11
164.9734188597649
 21
-168.2261100534688
 72
     2
 10
164.2663120785728
 20
-168.9332168346609
 40
1.000000000007885
 50
315.0
 51
405.0
 73
     0
 72
     1
 10
164.9734188597649
 20
-169.640323615853
 11
164.4784441124648
 21
-170.1352983631532
 72
     2
 10
164.8319975030608
 20
-170.4888517537491
 40
0.5000000000039431
 50
135.0
 51
225.0
 73
     1
 72
     1
 10
164.4784441124648
 20
-170.8424051443453
 11
171.7325361166149
 21
-178.0964971475641
 72
     2
 10
172.086089507211
 20
-177.7429437569681
 40
0.5000000000039431
 50
225.0
 51
315.0
 73
     1
 72
     1
 10
172.439642897807
 20
-178.0964971475641
 11
172.6467496789991
 21
-177.889390366372
 97
        1
330
80
 75
     1
 76
     1
 52
-0.0000000000000127
 41
0.3
 77
     0
 78
     4
 53
360.0
 43
-5055.840916818939
 44
-2752.031833483127
 45
0.0000000000000005
 46
1.904999999999999
 79
     0
 53
360.0
 43
-5055.840916818939
 44
-2751.793708482976
 45
0.0000000000000005
 46
1.904999999999999
 79
     0
 53
360.0
 43
-5055.840916818939
 44
-2751.555583482828
 45
0.0000000000000005
 46
1.904999999999999
 79
     0
 53
360.0
 43
-5055.840916818939
 44
-2750.841208483312
 45
0.0000000000000005
 46
1.904999999999999
 79
     0
 98
        1
 10
-5055.840916818939
 20
-2752.031833483127
1001
GradientColor1ACI
1070
     5
1001
GradientColor2ACI
1070
     2
1001
ACAD
1010
0.0
1020
0.0
1030
0.0
  0
LWPOLYLINE
  5
80
102
{ACAD_REACTORS
330
7F
102
}
330
73
100
AcDbEntity
  8
0
100
AcDbPolyline
 90
       50
 70
     1
 43
0.0
 10
172.6467496789991
 20
-177.889390366372
 42
0.198912367379658
 10
172.7931962879374
 20
-177.5358369762416
 10
172.7931962879374
 20
-176.5358369762416
 42
0.1989123673798656
 10
172.6467496789991
 20
-176.1822835851799
 10
172.0860895067453
 20
-175.6216234138574
 10
171.8739574728533
 20
-175.8337554477493
 42
-0.4142135623726512
 10
171.4496934041381
 20
-175.8337554477493
 10
170.2476118756458
 20
-174.6316739201884
 10
170.2476118756458
 20
-173.9902525639499
 42
0.1989123673795313
 10
170.1011652667075
 20
-173.6366991728881
 10
169.752637129277
 20
-173.2881710354577
 42
-0.4142135623733169
 10
169.752637129277
 20
-172.8639069667424
 10
172.8639069665223
 20
-169.7526371294971
 42
-0.414213562372873
 10
173.2881710352376
 20
-169.7526371294971
 10
173.6366991726681
 20
-170.1011652669276
 42
0.1989123673798538
 10
173.9902525627985
 20
-170.2476118767972
 10
174.631673919037
 20
-170.2476118767972
 10
175.8337554475291
 20
-171.4496934043582
 42
-0.4142135623735391
 10
175.8337554475291
 20
-171.8739574730734
 10
175.6216234127059
 20
-172.0860895078967
 10
176.1822835849598
 20
-172.6467496792193
 42
0.1989123673798538
 10
176.5358369750902
 20
-172.7931962890889
 10
177.5358369750902
 20
-172.7931962890889
 42
0.198912367379658
 10
177.8893903661519
 20
-172.6467496792193
 10
178.096497147344
 20
-172.439642898027
 42
0.4142135623730951
 10
178.096497147344
 20
-171.732536116835
 10
170.8424051431939
 20
-164.4784441136162
 42
0.4142135623730951
 10
170.1352983620018
 20
-164.4784441136162
 10
169.6403236156329
 20
-164.973418859985
 42
-0.4142135623731618
 10
168.2261100532487
 20
-164.973418859985
 10
167.2361605595797
 20
-163.983469366316
 10
167.5897139497101
 20
-163.6299159761856
 10
167.2361605595797
 20
-163.2763625851239
 42
0.4142135623729619
 10
165.8219469971955
 20
-163.2763625851239
 10
165.4683936070651
 20
-163.6299159761856
 42
0.4142135623730951
 10
165.4683936070651
 20
-164.3370227573778
 10
167.872556662187
 20
-166.741185813431
 10
166.7411858122796
 20
-167.8725566633384
 10
164.3370227571577
 20
-165.4683936072852
 42
0.4142135623732285
 10
163.6299159750342
 20
-165.4683936072852
 10
163.2763625849038
 20
-165.8219469974156
 42
0.4142135623730284
 10
163.2763625849038
 20
-167.2361605597998
 10
163.6299159750342
 20
-167.5897139508615
 10
163.9834693660959
 20
-167.2361605597998
 10
164.9734188597649
 20
-168.2261100534688
 42
-0.4142135623730951
 10
164.9734188597649
 20
-169.640323615853
 10
164.4784441124648
 20
-170.1352983631532
 42
0.4142135623730951
 10
164.4784441124648
 20
-170.8424051443453
 10
171.7325361166149
 20
-178.0964971475641
 42
0.4142135623730951
 10
172.439642897807
 20
-178.0964971475641
  0
LWPOLYLINE
  5
81
102
{ACAD_REACTORS
330
7C
102
}
330
73
100
AcDbEntity
  8
0
100
AcDbPolyline
 90
        8
 70
     1
 43
0.0
 10
154.8202541237697
 20
-151.2847202189605
 42
0.4142135623730712
 10
154.1131473425775
 20
-151.2847202189605
 10
151.284720217809
 20
-154.113147343729
 42
0.4142135623731368
 10
151.284720217809
 20
-154.8202541249211
 10
159.8115393575281
 20
-163.3470732637088
 42
0.4142135623730403
 10
160.5186461377889
 20
-163.3470732637088
 10
163.3470732625574
 20
-160.5186461389403
 42
0.414213562373138
 10
163.3470732625574
 20
-159.8115393577482
  0
LWPOLYLINE
  5
82
102
{ACAD_REACTORS
330
7F
102
}
330
73
100
AcDbEntity
  8
0
100
AcDbPolyline
 90
        8
 70
     1
 43
0.0
 10
170.8424051431939
 20
-167.3068712383846
 42
0.4142135623730712
 10
170.1352983620018
 20
-167.3068712383846
 10
167.3068712372333
 20
-170.1352983631532
 42
0.4142135623731368
 10
167.3068712372333
 20
-170.8424051443453
 10
167.772738141939
 20
-171.3082720481196
 42
0.4142135623730403
 10
168.4798449231311
 20
-171.3082720481196
 10
171.3082720478996
 20
-168.4798449233511
 42
0.414213562373138
 10
171.3082720478996
 20
-167.7727381421591
  0
ARC
  5
83
330
73
100
AcDbEntity
  8
0
100
AcDbCircle
 10
220.7146538496016
 20
-220.7146538498218
 30
0.0
 40
48.02361525292202
100
AcDbArc
 50
119.5065938625777
 51
150.4934061548573
  0
INSERT
  5
84
330
73
100
AcDbEntity
  8
0
100
AcDbBlockReference
  2
48x70_ysb
 10
-4181.639559767209
 20
772.9582838227643
 30
0.0
 50
315.0
  0
LINE
  5
32F
330
73
100
AcDbEntity
  8
0
100
AcDbLine
 10
121.7065435536206
 20
-157.0618825082074
 30
0.0
 11
67.70654355362058
 21
-103.0618825082074
 31
0.0
  0
INSERT
  5
330
330
73
100
AcDbEntity
  8
profiller
370
    -2
100
AcDbBlockReference
  2
E50 E 01
 10
-619.3681686352937
 20
-1517.764448465068
 30
0.0
 50
44.99999999999999
  0
INSERT
  5
33A
330
73
100
AcDbEntity
  8
0
100
AcDbBlockReference
  2
48x45_ysb
 10
-4113.163002412766
 20
766.8489623710184
 30
0.0
 50
315.0
  0
INSERT
  5
4E9
330
73
100
AcDbEntity
  8
profiller
370
    -2
100
AcDbBlockReference
  2
E50 A 01
 10
-597.6071070861071
 20
-1397.848004982095
 30
0.0
 50
44.99999999999999
  0
LWPOLYLINE
  5
4F1
330
73
100
AcDbEntity
  8
0
100
AcDbPolyline
 90
        4
 70
     1
 43
0.0
 10
174.2618833854794
 20
-128.0315605720843
 10
174.2618833854794
 20
-122.730814261582
 10
189.8618833851069
 20
-122.730814261582
 10
189.8618833851069
 20
-128.0315605720843
  0
INSERT
  5
4F2
330
73
100
AcDbEntity
  8
profiller
370
    -2
100
AcDbBlockReference
  2
E50 R 12
 10
446.219042177312
 20
1601.697188168544
 30
0.0
 41
-1.0
 50
90.0
  0
HATCH
  5
500
330
73
100
AcDbEntity
  8
0
100
AcDbHatch
 10
0.0
 20
0.0
 30
0.0
210
0.0
220
0.0
230
1.0
  2
ANSI34
 70
     0
 71
     1
 91
        1
 92
        1
 93
        6
 72
     1
 10
185.6618835516274
 20
-141.1311875276606
 11
191.8618835518135
 21
-141.1311875276606
 72
     1
 10
191.8618835518135
 20
-141.1311875276606
 11
191.8618835518135
 21
-129.9529069664295
 72
     1
 10
191.8618835518135
 20
-129.9529069664295
 11
190.5581286130473
 21
-129.9578862900252
 72
     1
 10
190.5581286130473
 20
-129.9578862900252
 11
187.2519974131136
 21
-129.9578862900252
 72
     1
 10
187.2519974131136
 20
-129.9578862900252
 11
185.664634260349
 21
-131.5147373063828
 72
     1
 10
185.664634260349
 20
-131.5147373063828
 11
185.6618835516274
 21
-141.1311875276606
 97
        1
330
501
 75
     0
 76
     1
 52
180.0
 41
0.1
 77
     0
 78
     4
 53
225.0
 43
3106.72747940477
 44
-3440.412204602954
 45
1.347038418160372
 46
-1.347038418160372
 79
     0
 53
225.0
 43
3106.278466404416
 44
-3440.412204602954
 45
1.347038418160372
 46
-1.347038418160372
 79
     0
 53
225.0
 43
3105.829453404993
 44
-3440.412204602954
 45
1.347038418160372
 46
-1.347038418160372
 79
     0
 53
225.0
 43
3105.380439404398
 44
-3440.412204602954
 45
1.347038418160372
 46
-1.347038418160372
 79
     0
 98
        1
 10
3106.72747940477
 20
3137.949828653376
1001
GradientColor1ACI
1070
     5
1001
GradientColor2ACI
1070
     2
1001
ACAD
1010
0.0
1020
0.0
1030
0.0
  0
LWPOLYLINE
  5
501
102
{ACAD_REACTORS
330
500
102
}
330
73
100
AcDbEntity
  8
0
100
AcDbPolyline
 90
        7
 70
     1
 43
0.0
 10
185.6618835516274
 20
-141.1311875276606
 10
191.8618835518135
 20
-141.1311875276606
 10
191.8618835518135
 20
-129.9529069664295
 10
190.5581286130473
 20
-129.9578862900252
 10
190.5581286130473
 20
-129.9578862900252
 10
187.2519974131136
 20
-129.9578862900252
 10
185.664634260349
 20
-131.5147373063828
  0
HATCH
  5
502
330
73
100
AcDbEntity
  8
0
100
AcDbHatch
 10
0.0
 20
0.0
 30
0.0
210
0.0
220
0.0
230
1.0
  2
ANSI34
 70
     0
 71
     1
 91
        1
 92
        1
 93
        6
 72
     1
 10
178.4618835514411
 20
-141.1311875276606
 11
172.2618835512548
 21
-141.1311875276606
 72
     1
 10
172.2618835512548
 20
-141.1311875276606
 11
172.2618835512548
 21
-129.9529069664295
 72
     1
 10
172.2618835512548
 20
-129.9529069664295
 11
173.5656384900211
 21
-129.9578862900252
 72
     1
 10
173.5656384900211
 20
-129.9578862900252
 11
176.8717696899548
 21
-129.9578862900252
 72
     1
 10
176.8717696899548
 20
-129.9578862900252
 11
178.4591328427195
 21
-131.5147373063828
 72
     1
 10
178.4591328427195
 20
-131.5147373063828
 11
178.4618835514411
 21
-141.1311875276606
 97
        1
330
503
 75
     0
 76
     1
 52
180.0
 41
0.1
 77
     0
 78
     4
 53
225.0
 43
3106.72747940477
 44
-3440.412204602954
 45
1.347038418160372
 46
-1.347038418160372
 79
     0
 53
225.0
 43
3106.278466404416
 44
-3440.412204602954
 45
1.347038418160372
 46
-1.347038418160372
 79
     0
 53
225.0
 43
3105.829453404993
 44
-3440.412204602954
 45
1.347038418160372
 46
-1.347038418160372
 79
     0
 53
225.0
 43
3105.380439404398
 44
-3440.412204602954
 45
1.347038418160372
 46
-1.347038418160372
 79
     0
 98
        1
 10
-2742.603712301701
 20
3137.949828653376
1001
GradientColor1ACI
1070
     5
1001
GradientColor2ACI
1070
     2
1001
ACAD
1010
0.0
1020
0.0
1030
0.0
  0
LWPOLYLINE
  5
503
102
{ACAD_REACTORS
330
502
102
}
330
73
100
AcDbEntity
  8
0
100
AcDbPolyline
 90
        7
 70
     1
 43
0.0
 10
178.4618835514411
 20
-141.1311875276606
 10
172.2618835512548
 20
-141.1311875276606
 10
172.2618835512548
 20
-129.9529069664295
 10
173.5656384900211
 20
-129.9578862900252
 10
173.5656384900211
 20
-129.9578862900252
 10
176.8717696899548
 20
-129.9578862900252
 10
178.4591328427195
 20
-131.5147373063828
  0
LWPOLYLINE
  5
504
330
73
100
AcDbEntity
  8
0
100
AcDbPolyline
 90
        4
 70
     1
 43
0.0
 10
128.1328666778281
 20
-174.261884010617
 10
122.8321203673258
 20
-174.261884010617
 10
122.8321203673258
 20
-189.8618840102444
 10
128.1328666778281
 20
-189.8618840102444
  0
INSERT
  5
505
330
73
100
AcDbEntity
  8
profiller
370
    -2
100
AcDbBlockReference
  2
E50 R 12
 10
-1601.5958820628
 20
-446.2190428033805
 30
0.0
  0
HATCH
  5
506
330
73
100
AcDbEntity
  8
0
100
AcDbHatch
 10
0.0
 20
0.0
 30
0.0
210
0.0
220
0.0
230
1.0
  2
ANSI34
 70
     0
 71
     1
 91
        1
 92
        1
 93
        6
 72
     1
 10
141.2324936334043
 20
-185.6618841767649
 11
141.2324936334043
 21
-191.8618841769512
 72
     1
 10
141.2324936334043
 20
-191.8618841769512
 11
130.0542130731046
 21
-191.8618841769512
 72
     1
 10
130.0542130731046
 20
-191.8618841769512
 11
130.059192395769
 21
-190.558129239116
 72
     1
 10
130.059192395769
 20
-190.558129239116
 11
130.059192395769
 21
-187.2519980382512
 72
     1
 10
130.059192395769
 20
-187.2519980382512
 11
131.6160434130579
 21
-185.6646348854865
 72
     1
 10
131.6160434130579
 20
-185.6646348854865
 11
141.2324936334043
 21
-185.6618841767649
 97
        1
330
507
 75
     0
 76
     1
 52
89.99999999999998
 41
0.1
 77
     0
 78
     4
 53
134.9999999999999
 43
-3137.848522547633
 44
-3106.727480029908
 45
-1.347038418160372
 46
-1.347038418160372
 79
     0
 53
134.9999999999999
 43
-3137.848522547633
 44
-3106.278467030484
 45
-1.347038418160372
 46
-1.347038418160372
 79
     0
 53
134.9999999999999
 43
-3137.848522547633
 44
-3105.829454030129
 45
-1.347038418160372
 46
-1.347038418160372
 79
     0
 53
134.9999999999999
 43
-3137.848522547633
 44
-3105.380440030466
 45
-1.347038418160372
 46
-1.347038418160372
 79
     0
 98
        1
 10
-3137.848522547633
 20
-3106.727480029908
1001
GradientColor1ACI
1070
     5
1001
GradientColor2ACI
1070
     2
1001
ACAD
1010
0.0
1020
0.0
1030
0.0
  0
LWPOLYLINE
  5
507
102
{ACAD_REACTORS
330
506
102
}
330
73
100
AcDbEntity
  8
0
100
AcDbPolyline
 90
        7
 70
     1
 43
0.0
 10
141.2324936334043
 20
-185.6618841767649
 10
141.2324936334043
 20
-191.8618841769512
 10
130.0542130731046
 20
-191.8618841769512
 10
130.059192395769
 20
-190.558129239116
 10
130.059192395769
 20
-190.558129239116
 10
130.059192395769
 20
-187.2519980382512
 10
131.6160434130579
 20
-185.6646348854865
  0
HATCH
  5
508
330
73
100
AcDbEntity
  8
0
100
AcDbHatch
 10
0.0
 20
0.0
 30
0.0
210
0.0
220
0.0
230
1.0
  2
ANSI34
 70
     0
 71
     1
 91
        1
 92
        1
 93
        6
 72
     1
 10
141.2324936334043
 20
-178.46188417751
 11
141.2324936334043
 21
-172.2618841773237
 72
     1
 10
141.2324936334043
 20
-172.2618841773237
 11
130.0542130731046
 21
-172.2618841773237
 72
     1
 10
130.0542130731046
 20
-172.2618841773237
 11
130.059192395769
 21
-173.5656391151588
 72
     1
 10
130.059192395769
 20
-173.5656391151588
 11
130.059192395769
 21
-176.8717703160237
 72
     1
 10
130.059192395769
 20
-176.8717703160237
 11
131.6160434130579
 21
-178.4591334687884
 72
     1
 10
131.6160434130579
 20
-178.4591334687884
 11
141.2324936334043
 21
-178.46188417751
 97
        1
330
509
 75
     0
 76
     1
 52
89.99999999999998
 41
0.1
 77
     0
 78
     4
 53
134.9999999999999
 43
-3137.848522547633
 44
-3106.727480029908
 45
-1.347038418160372
 46
-1.347038418160372
 79
     0
 53
134.9999999999999
 43
-3137.848522547633
 44
-3106.278467030484
 45
-1.347038418160372
 46
-1.347038418160372
 79
     0
 53
134.9999999999999
 43
-3137.848522547633
 44
-3105.829454030129
 45
-1.347038418160372
 46
-1.347038418160372
 79
     0
 53
134.9999999999999
 43
-3137.848522547633
 44
-3105.380440030466
 45
-1.347038418160372
 46
-1.347038418160372
 79
     0
 98
        1
 10
-3137.848522547633
 20
2742.603711675633
1001
GradientColor1ACI
1070
     5
1001
GradientColor2ACI
1070
     2
1001
ACAD
1010
0.0
1020
0.0
1030
0.0
  0
LWPOLYLINE
  5
509
102
{ACAD_REACTORS
330
508
102
}
330
73
100
AcDbEntity
  8
0
100
AcDbPolyline
 90
        7
 70
     1
 43
0.0
 10
141.2324936334043
 20
-178.46188417751
 10
141.2324936334043
 20
-172.2618841773237
 10
130.0542130731046
 20
-172.2618841773237
 10
130.059192395769
 20
-173.5656391151588
 10
130.059192395769
 20
-173.5656391151588
 10
130.059192395769
 20
-176.8717703160237
 10
131.6160434130579
 20
-178.4591334687884
  0
INSERT
  5
50A
330
73
100
AcDbEntity
  8
0
100
AcDbBlockReference
  2
01.07.27.ES
 10
-5055.840916818939
 20
-2752.031833483127
 30
0.0
  0
LINE
  5
511
330
73
100
AcDbEntity
  8
0
100
AcDbLine
 10
163.3018841771409
 20
-32.93751720465844
 30
0.0
 11
163.3018841771409
 21
-141.1311875276606
 31
0.0
  0
LINE
  5
512
330
73
100
AcDbEntity
  8
0
100
AcDbLine
 10
167.3018841762095
 20
-32.93751720465844
 30
0.0000000000009095
 11
167.3018841762095
 21
-141.1311875276606
 31
0.0000000000009095
  0
LINE
  5
513
330
73
100
AcDbEntity
  8
0
100
AcDbLine
 10
168.0618841769174
 20
-32.93751720465844
 30
0.0
 11
168.0618841769174
 21
-141.1311875276606
 31
0.0
  0
LINE
  5
514
330
73
100
AcDbEntity
  8
0
100
AcDbLine
 10
172.061884175986
 20
-32.93751720465844
 30
0.0
 11
172.061884175986
 21
-141.1311875276606
 31
0.0
  0
INSERT
  5
515
330
73
100
AcDbEntity
  8
profiller
370
    -2
100
AcDbBlockReference
  2
E50 M 10
 10
93.04208801221101
 20
-563.9924112583847
 30
0.0
 50
44.99999971014196
  0
LINE
  5
51F
330
73
100
AcDbEntity
  8
-0-
100
AcDbLine
 10
172.061884175986
 20
-141.1311875276606
 30
0.0
 11
163.3018841762095
 21
-141.1311875276606
 31
0.0
  0
LINE
  5
521
330
73
100
AcDbEntity
  8
0
100
AcDbLine
 10
32.93751720432192
 20
-163.3018841770117
 30
0.0
 11
141.1311875274405
 21
-163.301884177943
 31
0.0
  0
LINE
  5
522
330
73
100
AcDbEntity
  8
0
100
AcDbLine
 10
32.93751720432192
 20
-167.3018841760804
 30
0.0000000000009095
 11
141.1311875274405
 21
-167.3018841770117
 31
0.0000000000009095
  0
LINE
  5
523
330
73
100
AcDbEntity
  8
0
100
AcDbLine
 10
32.93751720432192
 20
-168.0618841767882
 30
0.0
 11
141.1311875274405
 21
-168.0618841777195
 31
0.0
  0
LINE
  5
524
330
73
100
AcDbEntity
  8
0
100
AcDbLine
 10
32.93751720432192
 20
-172.0618841758569
 30
0.0
 11
141.1311875274405
 21
-172.0618841767882
 31
0.0
  0
LINE
  5
525
330
73
100
AcDbEntity
  8
-0-
100
AcDbLine
 10
141.1311875274405
 20
-172.0618841767882
 30
0.0
 11
141.1311875274405
 21
-163.3018841770117
 31
0.0
  0
INSERT
  5
526
330
73
100
AcDbEntity
  8
epdm
100
AcDbBlockReference
  2
01.03.23
 10
1040.530528265983
 20
-157.7183101164282
 30
0.0
 50
89.99999999999996
  0
INSERT
  5
531
330
73
100
AcDbEntity
  8
epdm
100
AcDbBlockReference
  2
01.03.23
 10
157.7183101149276
 20
-1040.530528266785
 30
0.0
 41
-1.0
 50
359.9999999999371
  0
ENDBLK
  5
532
330
73
100
AcDbEntity
  8
0
100
AcDbBlockEnd
  0
ENDSEC
  0
SECTION
  2
ENTITIES
  0
INSERT
  5
72
330
2
100
AcDbEntity
  8
KOMPOZIT
100
AcDbBlockReference
  2
kose donus
 10
-73952.17993032094
 20
3846.10937744295
 30
0.0
  0
ENDSEC
  0
SECTION
  2
OBJECTS
  0
DICTIONARY
  5
A
330
0
100
AcDbDictionary
281
     1
  3
ACAD_COLOR
350
55
  3
ACAD_GROUP
350
4C
  3
ACAD_LAYOUT
350
17
  3
ACAD_MATERIAL
350
C
  3
ACAD_MLEADERSTYLE
350
58
  3
ACAD_MLINESTYLE
350
4D
  3
ACAD_PLOTSETTINGS
350
4E
  3
ACAD_PLOTSTYLENAME
350
9
  3
ACAD_SCALELIST
350
56
  3
ACAD_TABLESTYLE
350
57
  3
ACAD_VISUALSTYLE
350
2C
  3
ACDB_RECOMPOSE_DATA
350
53F
  3
AcDbVariableDictionary
350
538
  0
DICTIONARY
  5
1F
330
1E
100
AcDbDictionary
280
     1
281
     1
  3
ACAD_LAYERSTATES
360
20
  0
DICTIONARY
  5
7
330
6
100
AcDbDictionary
280
     1
281
     1
  0
DICTIONARY
  5
332
330
331
100
AcDbDictionary
280
     1
281
     1
  0
DICTIONARY
  5
51B
330
51A
100
AcDbDictionary
280
     1
281
     1
  0
DICTIONARY
  5
3
330
2
100
AcDbDictionary
280
     1
281
     1
  3
ACAD_SORTENTS
360
537
  0
DICTIONARY
  5
3C
330
3B
100
AcDbDictionary
280
     1
281
     1
  3
ACAD_SORTENTS
360
535
  0
DICTIONARY
  5
45
330
44
100
AcDbDictionary
280
     1
281
     1
  3
ACAD_SORTENTS
360
534
  0
DICTIONARY
  5
4F4
330
4F3
100
AcDbDictionary
280
     1
281
     1
  3
ACAD_SORTENTS
360
536
  0
DICTIONARY
  5
334
330
333
100
AcDbDictionary
280
     1
281
     1
  0
DICTIONARY
  5
4EB
330
4EA
100
AcDbDictionary
280
     1
281
     1
  0
DICTIONARY
  5
529
330
528
100
AcDbDictionary
280
     1
281
     1
  3
ACAD_SORTENTS
360
533
  0
DICTIONARY
  5
55
102
{ACAD_REACTORS
330
A
102
}
330
A
100
AcDbDictionary
281
     1
  0
DICTIONARY
  5
4C
102
{ACAD_REACTORS
330
A
102
}
330
A
100
AcDbDictionary
281
     1
  0
DICTIONARY
  5
17
102
{ACAD_REACTORS
330
A
102
}
330
A
100
AcDbDictionary
281
     1
  3
Layout1
350
1D
  3
Model
350
16
  0
DICTIONARY
  5
C
102
{ACAD_REACTORS
330
A
102
}
330
A
100
AcDbDictionary
281
     1
  3
ByBlock
350
52
  3
ByLayer
350
4F
  3
Global
350
B
  0
DICTIONARY
  5
58
102
{ACAD_REACTORS
330
A
102
}
330
A
100
AcDbDictionary
281
     1
  0
DICTIONARY
  5
4D
102
{ACAD_REACTORS
330
A
102
}
330
A
100
AcDbDictionary
281
     1
  3
Standard
350
5C
  0
DICTIONARY
  5
4E
102
{ACAD_REACTORS
330
A
102
}
330
A
100
AcDbDictionary
281
     1
  0
ACDBDICTIONARYWDFLT
  5
9
102
{ACAD_REACTORS
330
A
102
}
330
A
100
AcDbDictionary
281
     1
  3
Normal
350
8
100
AcDbDictionaryWithDefault
340
8
  0
DICTIONARY
  5
56
102
{ACAD_REACTORS
330
A
102
}
330
A
100
AcDbDictionary
281
     1
  3
A0
350
61
  3
A1
350
62
  3
A2
350
63
  3
A3
350
64
  3
A4
350
65
  3
A5
350
66
  3
A6
350
67
  3
A7
350
68
  3
A8
350
69
  3
A9
350
6A
  3
B0
350
6B
  3
B1
350
6C
  3
B2
350
6D
  3
B3
350
6E
  3
B4
350
6F
  3
B5
350
70
  3
B6
350
71
  0
DICTIONARY
  5
57
102
{ACAD_REACTORS
330
A
102
}
330
A
100
AcDbDictionary
281
     1
  3
Standard
350
5D
  0
DICTIONARY
  5
2C
102
{ACAD_REACTORS
330
A
102
}
330
A
100
AcDbDictionary
281
     1
  3
2dWireframe
350
2B
  3
Realistic
350
5F
  3
Wireframe
350
60
  0
XRECORD
  5
53F
102
{ACAD_REACTORS
330
A
102
}
330
A
100
AcDbXrecord
280
     1
 90
        1
330
5D
  0
DICTIONARY
  5
538
102
{ACAD_REACTORS
330
A
102
}
330
A
100
AcDbDictionary
281
     1
  3
CANNOSCALE
350
53D
  3
CMLEADERSTYLE
350
53A
  3
CTABLESTYLE
350
539
  3
CVIEWDETAILSTYLE
350
53B
  3
CVIEWSECTIONSTYLE
350
53C
  0
DICTIONARY
  5
20
102
{ACAD_REACTORS
330
1F
102
}
330
1F
100
AcDbDictionary
281
     1
  0
SORTENTSTABLE
  5
537
102
{ACAD_REACTORS
330
3
102
}
330
3
100
AcDbSortentsTable
330
2
  0
SORTENTSTABLE
  5
535
102
{ACAD_REACTORS
330
3C
102
}
330
3C
100
AcDbSortentsTable
330
3B
  0
SORTENTSTABLE
  5
534
102
{ACAD_REACTORS
330
45
102
}
330
45
100
AcDbSortentsTable
330
44
  0
SORTENTSTABLE
  5
536
102
{ACAD_REACTORS
330
4F4
102
}
330
4F4
100
AcDbSortentsTable
330
4F3
331
4F7
  5
4F9
331
4F9
  5
4FA
331
4FA
  5
4FB
331
4FB
  5
4FC
331
4FC
  5
4F7
  0
SORTENTSTABLE
  5
533
102
{ACAD_REACTORS
330
529
102
}
330
529
100
AcDbSortentsTable
330
528
331
52C
  5
52D
331
52D
  5
52E
331
52E
  5
52F
331
52F
  5
52C
  0
LAYOUT
  5
1D
102
{ACAD_REACTORS
330
17
102
}
330
17
100
AcDbPlotSettings
  1

  2
Adobe PDF
  4
A4
  6

 40
3.174999952316283
 41
3.174999952316283
 42
3.175003051757812
 43
3.17498779296875
 44
209.9733276367186
 45
297.0318298339844
 46
0.0
 47
0.0
 48
0.0
 49
0.0
140
0.0
141
0.0
142
1.0
143
1.0
 70
   688
 72
     1
 73
     1
 74
     5
  7

 75
    16
147
1.0
 76
     0
 77
     2
 78
   300
148
0.0
149
0.0
100
AcDbLayout
  1
Layout1
 70
     1
 71
     1
 10
-3.17498779296875
 20
-3.174999952316283
 11
293.8568420410156
 21
206.7983276844024
 12
0.0
 22
0.0
 32
0.0
 14
29.06818420886992
 24
20.36233246326446
 34
0.0
 15
261.6136578798294
 25
183.2609921693802
 35
0.0
146
0.0
 13
0.0
 23
0.0
 33
0.0
 16
1.0
 26
0.0
 36
0.0
 17
0.0
 27
1.0
 37
0.0
 76
     0
330
1A
1001
ACAD_PSEXT
1000
Adobe PDF
1000
Adobe PDF Converter
1000
Documents\*.pdf
1000

1070
     0
  0
LAYOUT
  5
16
102
{ACAD_XDICTIONARY
360
18
102
}
102
{ACAD_REACTORS
330
17
102
}
330
17
100
AcDbPlotSettings
  1

  2
none_device
  4
ISO_A4_(210.00_x_297.00_MM)
  6

 40
7.5
 41
20.0
 42
7.5
 43
20.0
 44
210.0
 45
297.0
 46
11.54999923706054
 47
-13.65000009536743
 48
0.0
 49
0.0
140
0.0
141
0.0
142
1.0
143
8.704084754739808
 70
 11952
 72
     1
 73
     0
 74
     0
  7

 75
     0
147
0.1148885871608098
 76
     0
 77
     2
 78
   300
148
0.0
149
0.0
100
AcDbLayout
  1
Model
 70
     1
 71
     0
 10
0.0
 20
0.0
 11
12.0
 21
9.0
 12
0.0
 22
0.0
 32
0.0
 14
0.0
 24
0.0
 34
0.0
 15
0.0
 25
0.0
 35
0.0
146
0.0
 13
0.0
 23
0.0
 33
0.0
 16
1.0
 26
0.0
 36
0.0
 17
0.0
 27
1.0
 37
0.0
 76
     0
330
2
331
2A
1001
ACAD_PSEXT
1000
None
1000
None
1000
Not applicable
1000
The layout will not be plotted unless a new plotter configuration name is selected.
1070
     0
  0
MATERIAL
  5
52
102
{ACAD_XDICTIONARY
360
53
102
}
102
{ACAD_REACTORS
330
C
102
}
330
C
100
AcDbMaterial
  1
ByBlock
 94
       63
  0
MATERIAL
  5
4F
102
{ACAD_XDICTIONARY
360
50
102
}
102
{ACAD_REACTORS
330
C
102
}
330
C
100
AcDbMaterial
  1
ByLayer
 94
       63
  0
MATERIAL
  5
B
102
{ACAD_XDICTIONARY
360
D
102
}
102
{ACAD_REACTORS
330
C
102
}
330
C
100
AcDbMaterial
  1
Global
 43
0.0007999999797903
 43
0.0
 43
0.0
 43
0.0
 43
0.0
 43
0.0007999999797903
 43
0.0
 43
0.0
 43
0.0
 43
0.0
 43
1.0
 43
0.0
 43
0.0
 43
0.0
 43
0.0
 43
1.0
 49
0.0007999999797903
 49
0.0
 49
0.0
 49
0.0
 49
0.0
 49
0.0007999999797903
 49
0.0
 49
0.0
 49
0.0
 49
0.0
 49
1.0
 49
0.0
 49
0.0
 49
0.0
 49
0.0
 49
1.0
142
0.0007999999797903
142
0.0
142
0.0
142
0.0
142
0.0
142
0.0007999999797903
142
0.0
142
0.0
142
0.0
142
0.0
142
1.0
142
0.0
142
0.0
142
0.0
142
0.0
142
1.0
144
0.0007999999797903
144
0.0
144
0.0
144
0.0
144
0.0
144
0.0007999999797903
144
0.0
144
0.0
144
0.0
144
0.0
144
1.0
144
0.0
144
0.0
144
0.0
144
0.0
144
1.0
 94
       63
1001
ACAD
1070
    -1
1070
     3
1070
     0
1000

1071
        0
1070
     0
  0
MLINESTYLE
  5
5C
102
{ACAD_REACTORS
330
4D
102
}
330
4D
100
AcDbMlineStyle
  2
STANDARD
 70
     0
  3

 62
   256
 51
90.0
 52
90.0
 71
     2
 49
0.5
 62
   256
  6
BYLAYER
 49
-0.5
 62
   256
  6
BYLAYER
  0
ACDBPLACEHOLDER
  5
8
102
{ACAD_REACTORS
330
9
102
}
330
9
  0
SCALE
  5
61
102
{ACAD_REACTORS
330
56
102
}
330
56
100
AcDbScale
 70
     0
300
1:1
140
1.0
141
1.0
290
     1
  0
SCALE
  5
62
102
{ACAD_REACTORS
330
56
102
}
330
56
100
AcDbScale
 70
     0
300
1:2
140
1.0
141
2.0
290
     0
  0
SCALE
  5
63
102
{ACAD_REACTORS
330
56
102
}
330
56
100
AcDbScale
 70
     0
300
1:4
140
1.0
141
4.0
290
     0
  0
SCALE
  5
64
102
{ACAD_REACTORS
330
56
102
}
330
56
100
AcDbScale
 70
     0
300
1:5
140
1.0
141
5.0
290
     0
  0
SCALE
  5
65
102
{ACAD_REACTORS
330
56
102
}
330
56
100
AcDbScale
 70
     0
300
1:8
140
1.0
141
8.0
290
     0
  0
SCALE
  5
66
102
{ACAD_REACTORS
330
56
102
}
330
56
100
AcDbScale
 70
     0
300
1:10
140
1.0
141
10.0
290
     0
  0
SCALE
  5
67
102
{ACAD_REACTORS
330
56
102
}
330
56
100
AcDbScale
 70
     0
300
1:16
140
1.0
141
16.0
290
     0
  0
SCALE
  5
68
102
{ACAD_REACTORS
330
56
102
}
330
56
100
AcDbScale
 70
     0
300
1:20
140
1.0
141
20.0
290
     0
  0
SCALE
  5
69
102
{ACAD_REACTORS
330
56
102
}
330
56
100
AcDbScale
 70
     0
300
1:30
140
1.0
141
30.0
290
     0
  0
SCALE
  5
6A
102
{ACAD_REACTORS
330
56
102
}
330
56
100
AcDbScale
 70
     0
300
1:40
140
1.0
141
40.0
290
     0
  0
SCALE
  5
6B
102
{ACAD_REACTORS
330
56
102
}
330
56
100
AcDbScale
 70
     0
300
1:50
140
1.0
141
50.0
290
     0
  0
SCALE
  5
6C
102
{ACAD_REACTORS
330
56
102
}
330
56
100
AcDbScale
 70
     0
300
1:100
140
1.0
141
100.0
290
     0
  0
SCALE
  5
6D
102
{ACAD_REACTORS
330
56
102
}
330
56
100
AcDbScale
 70
     0
300
2:1
140
2.0
141
1.0
290
     0
  0
SCALE
  5
6E
102
{ACAD_REACTORS
330
56
102
}
330
56
100
AcDbScale
 70
     0
300
4:1
140
4.0
141
1.0
290
     0
  0
SCALE
  5
6F
102
{ACAD_REACTORS
330
56
102
}
330
56
100
AcDbScale
 70
     0
300
8:1
140
8.0
141
1.0
290
     0
  0
SCALE
  5
70
102
{ACAD_REACTORS
330
56
102
}
330
56
100
AcDbScale
 70
     0
300
10:1
140
10.0
141
1.0
290
     0
  0
SCALE
  5
71
102
{ACAD_REACTORS
330
56
102
}
330
56
100
AcDbScale
 70
     0
300
100:1
140
100.0
141
1.0
290
     0
  0
TABLESTYLE
  5
5D
102
{ACAD_XDICTIONARY
360
5E
102
}
102
{ACAD_REACTORS
330
57
102
}
330
57
100
AcDbTableStyle
280
     0
  3
Standard
 70
     0
 71
     0
 40
1.5
 41
1.5
280
     0
281
     0
  7
Standard
140
4.5
170
     2
 62
     0
 63
     7
283
     0
 90
      512
 91
        0
  1

274
    -2
284
     1
 64
     0
275
    -2
285
     1
 65
     0
276
    -2
286
     1
 66
     0
277
    -2
287
     1
 67
     0
278
    -2
288
     1
 68
     0
279
    -2
289
     1
 69
     0
  7
Standard
140
6.0
170
     5
 62
     0
 63
     7
283
     0
 90
      512
 91
        0
  1

274
    -2
284
     1
 64
     0
275
    -2
285
     1
 65
     0
276
    -2
286
     1
 66
     0
277
    -2
287
     1
 67
     0
278
    -2
288
     1
 68
     0
279
    -2
289
     1
 69
     0
  7
Standard
140
4.5
170
     5
 62
     0
 63
     7
283
     0
 90
      512
 91
        0
  1

274
    -2
284
     1
 64
     0
275
    -2
285
     1
 65
     0
276
    -2
286
     1
 66
     0
277
    -2
287
     1
 67
     0
278
    -2
288
     1
 68
     0
279
    -2
289
     1
 69
     0
  0
VISUALSTYLE
  5
2B
102
{ACAD_REACTORS
330
2C
102
}
330
2C
100
AcDbVisualStyle
  2
2dWireframe
 70
     4
177
     3
291
     0
 70
    58
 90
        0
176
     1
 90
        2
176
     1
 90
        1
176
     1
 90
        0
176
     1
 40
0.6
176
     1
 40
30.0
176
     1
 62
     7
420
 16777215
176
     1
 90
        1
176
     1
 90
        4
176
     1
 62
     7
176
     1
 62
   257
176
     1
 90
        1
176
     1
 90
        1
176
     1
 40
1.0
176
     1
 90
        0
176
     1
 62
   257
176
     1
 40
1.0
176
     1
 90
        1
176
     1
 90
        6
176
     1
 90
        2
176
     1
 62
     7
176
     1
 90
        5
176
     1
 90
        0
176
     1
 90
        0
176
     1
290
     0
176
     1
 90
        1
176
     1
 40
0.0
176
     1
 90
        0
176
     1
290
     1
176
     1
290
     1
176
     1
290
     0
176
     1
290
     0
176
     1
290
     0
176
     1
290
     0
176
     1
290
     0
176
     1
290
     0
176
     1
290
     0
176
     1
 90
       50
176
     1
 40
0.0
176
     1
 40
1.0
176
     1
 90
        0
176
     1
 62
    18
176
     1
 90
       50
176
     1
 90
        3
176
     1
 62
     5
420
      255
176
     1
290
     0
176
     1
 90
       50
176
     1
 90
       50
176
     1
 90
       50
176
     1
290
     0
176
     1
 90
       50
176
     1
 62
   256
176
     0
 40
1.0
176
     0
 90
        2
176
     1
  1
strokes_ogs.tif
176
     1
290
     0
176
     1
 40
1.0
176
     1
 40
1.0
176
     1
1001
ACAD
1000
AcDbSavedByObjectVersion
1070
     0
  0
VISUALSTYLE
  5
5F
102
{ACAD_REACTORS
330
2C
102
}
330
2C
100
AcDbVisualStyle
  2
Realistic
 70
     8
177
     3
291
     0
 70
    58
 90
        2
176
     1
 90
        2
176
     1
 90
        0
176
     1
 90
        2
176
     1
 40
0.6
176
     1
 40
30.0
176
     1
 62
     7
420
 16777215
176
     1
 90
        0
176
     1
 90
        0
176
     1
 62
     7
176
     1
 62
   257
176
     1
 90
        1
176
     1
 90
        1
176
     1
 40
1.0
176
     1
 90
        8
176
     1
 62
   257
176
     1
 40
1.0
176
     1
 90
        1
176
     1
 90
        6
176
     1
 90
        2
176
     1
 62
     7
176
     1
 90
        3
176
     1
 90
        0
176
     1
 90
        0
176
     1
290
     0
176
     1
 90
       13
176
     1
 40
0.0
176
     1
 90
        0
176
     1
290
     0
176
     1
290
     1
176
     1
290
     1
176
     1
290
     0
176
     1
290
     0
176
     1
290
     0
176
     1
290
     0
176
     1
290
     0
176
     1
290
     0
176
     1
 90
       50
176
     1
 40
0.0
176
     1
 40
1.0
176
     1
 90
        0
176
     1
 62
    18
176
     1
 90
       50
176
     1
 90
        3
176
     1
 62
     5
420
      255
176
     1
290
     0
176
     1
 90
       50
176
     1
 90
       50
176
     1
 90
       50
176
     1
290
     0
176
     1
 90
       50
176
     1
 62
   256
176
     0
 40
1.0
176
     0
 90
        2
176
     1
  1
strokes_ogs.tif
176
     1
290
     0
176
     1
 40
1.0
176
     1
 40
1.0
176
     1
1001
ACAD
1000
AcDbSavedByObjectVersion
1070
     0
  0
VISUALSTYLE
  5
60
102
{ACAD_REACTORS
330
2C
102
}
330
2C
100
AcDbVisualStyle
  2
Wireframe
 70
     5
177
     3
291
     0
 70
    58
 90
        0
176
     1
 90
        2
176
     1
 90
        0
176
     1
 90
        0
176
     1
 40
0.6
176
     1
 40
30.0
176
     1
 62
     7
420
 16777215
176
     1
 90
        1
176
     1
 90
        4
176
     1
 62
     7
176
     1
 62
   257
176
     1
 90
        1
176
     1
 90
        1
176
     1
 40
1.0
176
     1
 90
        0
176
     1
 62
   257
176
     1
 40
1.0
176
     1
 90
        1
176
     1
 90
        6
176
     1
 90
        2
176
     1
 62
     7
176
     1
 90
        3
176
     1
 90
        0
176
     1
 90
        0
176
     1
290
     0
176
     1
 90
        1
176
     1
 40
0.0
176
     1
 90
        0
176
     1
290
     0
176
     1
290
     1
176
     1
290
     1
176
     1
290
     0
176
     1
290
     0
176
     1
290
     0
176
     1
290
     0
176
     1
290
     0
176
     1
290
     0
176
     1
 90
       50
176
     1
 40
0.0
176
     1
 40
1.0
176
     1
 90
        0
176
     1
 62
    18
176
     1
 90
       50
176
     1
 90
        3
176
     1
 62
     5
420
      255
176
     1
290
     0
176
     1
 90
       50
176
     1
 90
       50
176
     1
 90
       50
176
     1
290
     0
176
     1
 90
       50
176
     1
 62
   256
176
     0
 40
1.0
176
     0
 90
        2
176
     1
  1
strokes_ogs.tif
176
     1
290
     0
176
     1
 40
1.0
176
     1
 40
1.0
176
     1
1001
ACAD
1000
AcDbSavedByObjectVersion
1070
     0
  0
DICTIONARYVAR
  5
53D
102
{ACAD_REACTORS
330
538
102
}
330
538
100
DictionaryVariables
280
     0
  1
1:1
  0
DICTIONARYVAR
  5
53A
102
{ACAD_REACTORS
330
538
102
}
330
538
100
DictionaryVariables
280
     0
  1
STANDARD
  0
DICTIONARYVAR
  5
539
102
{ACAD_REACTORS
330
538
102
}
330
538
100
DictionaryVariables
280
     0
  1
STANDARD
  0
DICTIONARYVAR
  5
53B
102
{ACAD_REACTORS
330
538
102
}
330
538
100
DictionaryVariables
280
     0
  1

  0
DICTIONARYVAR
  5
53C
102
{ACAD_REACTORS
330
538
102
}
330
538
100
DictionaryVariables
280
     0
  1

  0
DICTIONARY
  5
18
330
16
100
AcDbDictionary
280
     1
281
     1
  0
DICTIONARY
  5
53
330
52
100
AcDbDictionary
280
     1
281
     1
  3
FBXASSET
360
54
  0
DICTIONARY
  5
50
330
4F
100
AcDbDictionary
280
     1
281
     1
  3
FBXASSET
360
51
  0
DICTIONARY
  5
D
330
B
100
AcDbDictionary
280
     1
281
     1
  3
BUMPTILE
360
E
  3
DIFFUSETILE
360
F
  3
FBXASSET
360
10
  3
OPACITYTILE
360
11
  3
REFLECTIONTILE
360
12
  0
DICTIONARY
  5
5E
330
5D
100
AcDbDictionary
280
     1
281
     1
  3
ACAD_ROUNDTRIP_2008_TABLESTYLE_CELLSTYLEMAP
360
53E
  0
XRECORD
  5
54
102
{ACAD_REACTORS
330
53
102
}
330
53
100
AcDbXrecord
280
     1
 70
     1
 90
429727718
  1
D62C5603-E3A1-4AEA-B7FB-FE5D8D0755AF
310
504B03040A0000080000CC70623B3DEE336E79000000790000001B0000006175746F6465736B2D64657369676E2D7061636B6167652E786D6C3C3F786D6C2076657273696F6E3D22312E302220656E636F64696E673D227574662D3822203F3E3C666F726D6174733E3C666F726D61743E687474703A2F2F736368656D612E
310
6175746F6465736B2E636F6D2F64657369676E2D7061636B6167652F323030393C2F666F726D61743E3C2F666F726D6174733E504B0304140006080800CC70623BD486FD9CA0000000F4000000130000005B436F6E74656E745F54797065735D2E786D6C7D8EC10E82300C865F65E91D8A1E8C310C0EEA1BF002731658846E
310
D98AC1B77784ABF1D8FE5FBFBF75BBCE937A534CCEB38643598122B6FEE978D0B0485F9C41B54DDD7D022595594E1A469170414C76A4D9A4D207E29CF43ECE46F218070CC6BECC4078ACAA135ACF422C856C0E68EA1BF5669944DDD7BCDE7B1F8E415D77AECB980613C2E4AC91FC167A2B244592486606FC29C8FD7F045B9A
310
EF7053A7E60B504B0304140006080800CC70623B853B8169EB0000007C01000008000000636F72652E786D6C8D90416EC3201045AF62CDB6C206821CC7C244919D9CA01740401C94182C03558F5F9C3852BBEB6A467FFE9B197D7EFC9E1EC5975982F5AE035262288C535E5B377690E21535501C055FBC8FBF6C503839990E
310
5619041F179FE64D52DE45E362569DD7661365082642A11EB9E920A89B99642953CC8E702F67A9EE7234257977194EC9EAE275C4EABCCF5EAD5940D4AC6F0E35A568B8F43562CD7046CD199FD07E60174276A7BE677B5EADB0E0D14EEFFB6A31321A0D82627C4084204C3F096B71DD52F6819B16635EADF63F509AF53FA164
310
5DDCD1EDDD17164090FCC8732078B56691CB33A85CD7DCC40F504B0304140006080800CC70623B55019EA25F0000007C00000007000000636E782E786D6C4DCB3B0E80201045D1AD90E915ED2CF8AC45050C11660C8261F98AB1B07AC9C97D42D718D865D3E909258CFD00CCE24AC6E326A164D74DC0B4128928FF32603847
310
2BA13128B1252AC747C6BAB984FC68F0B87FE8960A5C09FE86CFB69FBA01504B0304140006080800CC70623BDBABAAF470010000D40300000C0000006662782F636F72652E786D6CC553D16E823014FD95A6AF4B694182CC941A83FA05FB810A9511A125A5257EFE2E82712ECEB8A7F100CD39F7F69E734AF9FADC366850B6
310
AF8DCE7018308C942E4C59EB2AC3DE1D498AD15A706B8CFB56869196ADCAF00863C12B6B7C374385D14E6907A836A59A41D9F7CA615434B0C8705F7CAA5606D23BA8E84F41278B93AC54100640439DE0BDB320004D43C63716C7C399D30917DCFBBA9CD9BA8469F5B156168B24CED3F7248AC8769F27244EB73B92EED8862C
310
B7F13E0C179B3C8F979C8ECD82BBBABDAA2BAC924E9558448CBD9330242CFA08E3154B5651FCC6D215639C8EE5774DBE2B5F6CF2B5768B68963BB5F5588420E442FC700B1139D4CB01F450C1E918227C2E09DF070D8140C84E1E9AAB8F1340832A9CB13130A5F1376A908D57309505ECF2A0DF179C4E9D30F5B239B87E3823
310
7A79C6F31DE1A8A5AEC08474B03C7837EAE4938639B44E5932B833D2C6B6B279CDC613877FA26EE21F4A2A4C63EC7F29A2F301D1F9F7A0E37D145F504B0304140006080800CC70623B9C113CC27E0000009D0000000B0000006662782F636E782E786D6C4DCCDF0A83201C86E15B91DFB94BFB330DD428C8FB886521330DA7
310
6397BF1A1DECE883878F57749FCDA1B7892F1BBC047A23808C7F84D9FA55424E0BE6803A256208E9EF06C84F9B91703228B1C690F78B66B34CD9A5439DF5CF0BFBF65E35BCA1B8D6A5C6F540381E886698B5741C695F9503EBA150A2F8958E3DC3EA0B504B0304140006080800CC70623B7DF2F77C2A010000120200003100
310
00006662782F41393633353835312D344632462D344230382D423046372D3739314545314133324237412F636F72652E786D6C8D51DB8EC22014FC15C2939B0D2DB4B45643319AE817EC0F6041255A68B86CFCFC856D4D76DF7CE190393373060EDB3DC707F856CE6B6B7A480A0C81328395DA5C7B18C3057510EC3873D686
310
3F34088C18550F330C39BB3A1BA7051AAC09CA84841A2BD5020AEF55806078A44B0FFD7053A328440C89E1EFC52486BBB8AA8214A99D789CF9E05200300FC927E4FB4D5B375D43103D5527440FB843077C5AA3F5861C8F645F5787F59E95B390B318B55CE45AA638FAA2957BD7248B390B7A7CC51F9C124149C82B8C378810
310
84AB2F42B7B8DD56F413775B8C5999E9FF4471926F8AA236A1AE96B8B3CC434E5839373893369E1FAF30EA395917409EB7F26AF8801C171837A4A6AC9C89E9F9C9B1A58BA30FD6A5EF5DDDCF894B9AD9B6A59C957943A9FCAE2FD5BC4DFE03504B0304140006080800CC70623BAD7543B64E01000033030000300000006662
310
782F41393633353835312D344632462D344230382D423046372D3739314545314133324237412F636E782E786D6CD593CD6EC32010845F0571AD6CE3D48AD20813A9873E410FBD12D82434182C7EAAE6EDBB2424CD25871E7B41D6EC30B3FA84F9E67BB2E40B4234DE8DB46F1925E094D7C6ED479AD3AE5951B2113C789FEE
310
6C943839C1488B4C05DF079FE72A69D8C96C13AAD6B8631503449F83828872B949AC57D26200B826A308D316B4064D6E46FCDA41C05550DC9E483A00797BFD207EFB092A45DE9514C1BBD22178396BD39D891265658C238DEA00936C654E5E433CB65A26D9F6EDB5EBC14EBF49A45CB856E66048291F6939A9A81BB5C89177
310
38143CA680F4AA299D66A042CEB3354A2684DC9D8D178FE0D9B8B41CAAD720F880EE7EF93C0C18769E099ECC04D5A102C8049A8A05632F4DDF376CF1DE0F6BB65C2F8627B65A33C6BB62177CEBBDAD973006829F89F22E814B54F4BC2BE347F8AA8F681390B50FA73F804400B5F542E796F19FF974E7F78DB802FE05E20750
310
4B0304140006080800CC70623BE75B7789680500003C100000340000006662782F41393633353835312D344632462D344230382D423046372D3739314545314133324237412F6F626A656374732E786D6CAD575B8F9B3818FD2B887D06C22499CB8AA1CA655245D5B455A356FB305264C061D8018C6C3393D95FBFC7600890
310
A4CD5EF210B0B1BFEBF98E3F7B1FF6596ABC522E1296DF9BAE3D320D9A872C4AF2F8DE2CE5CEBA358D0FBEC719939D65A691938CDE9B6ADAF4BD98B3B2D05311DD91329583D9D5FC0F438434A7A611A644887B5384CF34233629258BA878B12322891DEFF6B66BD70BFB62634E8AE781D082709A4B588AF91C528CDA28B73F
310
1C998EEF39EABBEFA97FBD6A7C7E9553F9D3D79FE442923C3C523610337627CB87ABE99D359D4CC6D6E4FACAB5E6ABF9D2726FC6A3C5F56271377BB88362213924694B38DD99FE47C48627A1E7D49F5A8BB5E1A74C0A599ED3B0F21F1E56366B89112D681E218F0915D0D6F17AD41FBA2A369DCF6335D62ABBD39779D5DDD1
310
11D4D8DE3CBB96B2E04FB8202E41051754A1AA8E8F76B4C6DFE810B580B1547F4B84911149794252234D024EF8BBE963A95AE27B3D310A9D5C215C7960FAEE415ED75694C6AFB17BCACA5D99A60A9AA65F217B0BFC53292ACB92BF283FAD0D3621576592CB5BED907C2FA8E9DF794E35E97BEA31BED21FEB401ABB94C44839
310
DCACBF0E1C5DA8DA5B2F4DFFD32AD86F543D9E565E7056502E157C00AD2671CD534549AB752FCA9CDA00677A313F04E51B22FF19E57B300579E3C97EB29F682D92935CEC18CF901B7B54FD8C51F362B56FC72FE0B3C1EAE335EDCCBF5AEC39ADB17DC238973F804BA5E6F6BFE7AF1FB32E523BE9F3BD571418E3631DCA4D48
310
5250CF639223210A9446CA30052EDF057BD35F8329C1ECD84552BF0DC8D18BE7BCE23BFE6BD960AB4A7DE79923A103BEBD80F911CBAA2C60DB19B01CF164A5583B772EE6D3FFA56666CBCDA74DC97724A48F9A58967497E489C4D979006FD7A05E227A1EBDD0F737C623387A9C844D3709995625106D157315F8B8392CD4E0
310
A0B9A720C4BE9829CEF37EA1E13111214D53925356365ADA634861B52519DD27A00AEB808EAF0628E6F435519D446F45CF2C9CF5214F0A15B2F6D06B79DA3EE3CBF7F56780D2F4E7EF73A0F5E5B02A38D07DC852C6B7C1FBB6664213E0C39E3EBA7FF4E1AD23EA2829407C85E586727488B751B2DB9502BC7B228A3FD68B6E
310
A65A22397E690AA8D158D7E404EC8CDA235CC3B7D1898680131CEC2CDF2638C65196279577750F15884AEE19F94199155B92B13297978469D4F8D358DF0AEF7631E28DC8F0D9F437D5D39A83B2231A1D52D543813A824EF8D44BCFF2FA6A31BD1E8DAD87F1CCB526B3879935BF59CDADD5C37479BB1CDD4CA7B3556B516589
310
EF352754B706114D9C885EC9131DE6EFEB43D99AFE2391C2F958179413D7CFEF6B1B6DB1E7600F00DE6E5C67454A339A4BA2E0FBA85ED26F045D454F463DBFCE484C2F90F2E5E3666003662ED8F755951A7D1BECD5B30B550B2785C8E7320B7292A4838DDA71BBC863ED7613CAF659337A3354231D4FF4A182A54904C2898C
310
98B28C4AD0CE056CCF332A80986E571EE9DBC305BB5FEB7E509220A58D25CF042D712A806AC0AD0C657FDEF80D2D9CEAA2EE4D1C76F60BFE74219A06527D6F82DF6412526107381E55E353090704D085B52408A8913C4ED159D79BDA71BB4BC506F4831350EB6F975CD22D69BF7AC49B91A2C0A9DDA3D5CA36AD20FC478E37
310
E61844E2352865EBCB61A275A65283CAAA9DD27703B4102F5AF51EF5F573B75CBB5AD38BC845F7A49F82A0966A49C2E3EA5EA0ECD326CD965F1DB402C6FA8B51A4658C5C5E2EC9E214602E55810345408596591009A82E7E7FFACA19EEA299B14A0081A705CB3296EBC14CDF658DCD336EA6D1136881AAEB87B81AB9EE53D5
310
F5EB8BC8362082DA24122F98680A4E7930C01A0079749CEA14382A0783E5EBA5A10F8C098456A03D6A4AEB6BB881E2513747552A5DB22C7EDAF83BD5528081A365F7FF06504B0304140006080000CC70623B000000000000000000000000350000006662782F41393633353835312D344632462D344230382D423046372D37
310
39314545314133324237412F76657274696365732E62696E504B0304140006080800CC70623BF270F1330600000004000000360000006662782F41393633353835312D344632462D344230382D423046372D3739314545314133324237412F747269616E676C65732E62696E636660600000504B0304140006080000CC7062
310
3B000000000000000000000000370000006662782F41393633353835312D344632462D344230382D423046372D3739314545314133324237412F617474726962757465732E62696E504B0304140006080800CC70623B08DA0BD19000000041010000360000006662782F41393633353835312D344632462D344230382D4230
310
46372D3739314545314133324237412F6469726563746F72792E786D6C858F410AC3201045AF22B36F53E9A60B35CBEEBAE80D244E44489C6234F4F835464A48035D0DF398FF9F8AF63D0E6CC63039F212F8F9020C7D47C6792B21C5FE7403D62A1188E2E60C98D7234A5830286103A55745067B9D86B8A3CF9C7F90C11DE6
310
07FB144396D7B6A82D282E9A152AD114D5EF2CB866EEE831B8EEA07A7BB5A8D7D61A2BAAEB7FD5F70921FF497D00504B0304140006080800CC70623BEDD1DC58FD000000A00100003B0000006662782F41393633353835312D344632462D344230382D423046372D3739314545314133324237412F7265736F75726365732F
310
636F72652E786D6C8D504B6E833010BD0A9A6D65B00922041947112427E8052C33A156828DFCA97AFC9A40A576D7CDCCE87D344F8F9FBFE667F689CE6B6B3A6039850C8DB2A336530731DC4903D95970676DF82583CCC8193B5861107C72362E3BA4AC096842428D1D7107A5F7182053CF7474E0D507CE32973124857FE48B
310
540F3961CEF244279DE03EB81420DB9EAC1384436FA353E879B1B182C7A8C75DA3C7F453DF353A1075D537A7BA6464B8F535A99AE14A9A2BBD90E350DD183B5CFABE3AF262350B1EF4FC9351399401471025A527C218A1E53BAB5A5AB765F5469B96525EACF23FA6B88CFF34456DC2A1DCE36E360F82A5202F42F062ED2BAD
310
579969AFDD8A6F504B010214000A0000080000CC70623B3DEE336E79000000790000001B00000000000000000000000000000000006175746F6465736B2D64657369676E2D7061636B6167652E786D6C504B01021400140006080800CC70623BD486FD9CA0000000F40000001300000000000000000000000000B20000005B
310
436F6E74656E745F54797065735D2E786D6C504B01021400140006080800CC70623B853B8169EB0000007C010000080000000000000000000000000083010000636F72652E786D6C504B01021400140006080800CC70623B55019EA25F0000007C000000070000000000000000000000000094020000636E782E786D6C504B
310
01021400140006080800CC70623BDBABAAF470010000D40300000C00000000000000000000000000180300006662782F636F72652E786D6C504B01021400140006080800CC70623B9C113CC27E0000009D0000000B00000000000000000000000000B20400006662782F636E782E786D6C504B01021400140006080800CC70
310
623B7DF2F77C2A010000120200003100000000000000000000000000590500006662782F41393633353835312D344632462D344230382D423046372D3739314545314133324237412F636F72652E786D6C504B01021400140006080800CC70623BAD7543B64E010000330300003000000000000000000000000000D2060000
310
6662782F41393633353835312D344632462D344230382D423046372D3739314545314133324237412F636E782E786D6C504B01021400140006080800CC70623BE75B7789680500003C10000034000000000000000000000000006E0800006662782F41393633353835312D344632462D344230382D423046372D3739314545
310
314133324237412F6F626A656374732E786D6C504B01021400140006080000CC70623B0000000000000000000000003500000000000000000000000000280E00006662782F41393633353835312D344632462D344230382D423046372D3739314545314133324237412F76657274696365732E62696E504B01021400140006
310
080800CC70623BF270F133060000000400000036000000000000000000000000007B0E00006662782F41393633353835312D344632462D344230382D423046372D3739314545314133324237412F747269616E676C65732E62696E504B01021400140006080000CC70623B0000000000000000000000003700000000000000
310
000000000000D50E00006662782F41393633353835312D344632462D344230382D423046372D3739314545314133324237412F617474726962757465732E62696E504B01021400140006080800CC70623B08DA0BD1900000004101000036000000000000000000000000002A0F00006662782F41393633353835312D344632
310
462D344230382D423046372D3739314545314133324237412F6469726563746F72792E786D6C504B01021400140006080800CC70623BEDD1DC58FD000000A00100003B000000000000000000000000000E1000006662782F41393633353835312D344632462D344230382D423046372D3739314545314133324237412F7265
310
736F75726365732F636F72652E786D6C504B0506000000000E000E0080040000641100000000
  0
XRECORD
  5
51
102
{ACAD_REACTORS
330
50
102
}
330
50
100
AcDbXrecord
280
     1
 70
     1
 90
429727718
  1
30362254-06B7-45E0-A893-8CFA70E3D6BC
310
504B03040A0000080000CC70623B3DEE336E79000000790000001B0000006175746F6465736B2D64657369676E2D7061636B6167652E786D6C3C3F786D6C2076657273696F6E3D22312E302220656E636F64696E673D227574662D3822203F3E3C666F726D6174733E3C666F726D61743E687474703A2F2F736368656D612E
310
6175746F6465736B2E636F6D2F64657369676E2D7061636B6167652F323030393C2F666F726D61743E3C2F666F726D6174733E504B0304140006080800CC70623BD486FD9CA0000000F4000000130000005B436F6E74656E745F54797065735D2E786D6C7D8EC10E82300C865F65E91D8A1E8C310C0EEA1BF002731658846E
310
D98AC1B77784ABF1D8FE5FBFBF75BBCE937A534CCEB38643598122B6FEE978D0B0485F9C41B54DDD7D022595594E1A469170414C76A4D9A4D207E29CF43ECE46F218070CC6BECC4078ACAA135ACF422C856C0E68EA1BF5669944DDD7BCDE7B1F8E415D77AECB980613C2E4AC91FC167A2B244592486606FC29C8FD7F045B9A
310
EF7053A7E60B504B0304140006080800CC70623B1EC5D7A3EB0000007C01000008000000636F72652E786D6C8D90416EC3201045AF82665B6103C6756C6122AB4D4ED00B204C5C94182C03558F5F9C3852BBEB6A467FFE9B197D71FC9E6FE8CBACC17AD7032D0820E3B41FAD9B7A48F1820F808E52ACDEC75F36404ECDA687
310
4D0629A6D5A76597B477D1B89855E747B38B2A041301E95B6E7A08FAD3CCAA50296647B8168BD2573599823EBB0CA76447F43862C7BCCF5EAC59410E4DDD9C7973C2755553CCCFA4C603E3040F1565ED3B1FDE4E432BCA0D9622DAF9795FAF464533826484B498524CD807E51D79ED187F21878E10516EF63F505AC67F42C9
310
BA58B1FDDD071640D2FCC87D2045B96591CB3DA85CB7DCE40F504B0304140006080800CC70623B55019EA25F0000007C00000007000000636E782E786D6C4DCB3B0E80201045D1AD90E915ED2CF8AC45050C11660C8261F98AB1B07AC9C97D42D718D865D3E909258CFD00CCE24AC6E326A164D74DC0B4128928FF32603847
310
2BA13128B1252AC747C6BAB984FC68F0B87FE8960A5C09FE86CFB69FBA01504B0304140006080800CC70623B8C9102E971010000D40300000C0000006662782F636F72652E786D6CC5535B6E833010BC8AE5DF0A6C08340F1947A84D4ED00B38C6A128602363A31CBFCB234A53A551FA553EC09AD9F5CE8C31DB9E9B1AF5CA
310
7695D1198E428A91D2D214952E33ECDD315861B4E5CC1AE3BE9561A445A3323CC098B3D21ADFCE9034DA29ED00D5A6503328BA4E398C640D8B0C77F253352214DE4145770A5B214FA2546114020D759C75CE8200340D19DE981F0F6746269C33EFAB6266AB02A655C74A59CCF365BADC27CB5D902ED22848F6340DF238A141
310
BE88E2F57B92BFEDF23523433367AE6A2EEAA455C2A902F398D2751045018D3FA264435F3771F242571B4A1919CA6F9A7C5B3CD9E42BED16F12C776AEB308F40C848FC700B1139D4891EF410CEC810227CC6846F8386402064270EF5C5C709A05E49676C024C61FC95EA45ED154CA5211D1FF4FB8291A913A68E9B83EBBB33
310
E2A7673CDE118E5AE8124C0807CB8377834E366998436B950D7A7746DAD846D4CFD978E0F04FD455FC5D49D2D4C6FE9722321F10997F0F32DC47FE05504B0304140006080800CC70623BFFEA85907E0000009D0000000B0000006662782F636E782E786D6C4DCCD10A83201886E15B91FFDC95D95A811AB6F23E625948A6C3
310
E9D8E5AF46073BFAE0E1E365ED67B3E8ADC3CB78C7815C7240DA3DFC64DCC221C519D7805AC182F7F1EF06C88D9BE6703008B6049F9E274D7A1E938DBB5AE3D6131B2589BA0D3D965551E0B2EA732C9B9A624AAEB41E3A557677029960D9AFB4EF11165F504B0304140006080800CC70623B4FEEA4082C0100001202000031
310
0000006662782F39464131463745442D413632322D343644302D413938332D3331353338454246344243312F636F72652E786D6C8D515B6EC32010BC0AE2AB55850DD871ED0813254D72825EC00192A2C460F1A872FC42ED48ED5F7E00CDCECCCEB26C731F6FE05B39AFADE921293004CA082BB5B9F43086336A21D870E6AC
310
0D7F68109861543DCC30E4ECE26C9C164858139409093556AA051CBC570102714B8F1E7AF1A5C6A11862480C7F2DA6415C878B2A4891CA89C7990F2E050073937C42DE1DB7E4F87ED8A36D4329AA9B3D46DBAEAD504556557BD81DEBDD0761E52CE42C462D17B996298E3E6BE59E35C962CE821E1FF18553435012728A7187
310
0841987E927A8D9B35ADDF70BBC6989599FE4F1427F9A4286A132ABAC49D651EF234CD5CE04CDA78BA3DC2A8FB645D00B9DF8B57E215725C60BCA2A463E54C4CE327C7A65E1C7DB02E7DEFCBF594B864C5CA6CDBD49C957943E9FA5D5FBAF336F90F504B0304140006080800CC70623BAD7543B64E01000033030000300000
310
006662782F39464131463745442D413632322D343644302D413938332D3331353338454246344243312F636E782E786D6CD593CD6EC32010845F0571AD6CE3D48AD20813A9873E410FBD12D82434182C7EAAE6EDBB2424CD25871E7B41D6EC30B3FA84F9E67BB2E40B4234DE8DB46F1925E094D7C6ED479AD3AE5951B2113C
310
789FEE6C943839C1488B4C05DF079FE72A69D8C96C13AAD6B8631503449F83828872B949AC57D26200B826A308D316B4064D6E46FCDA41C05550DC9E483A00797BFD207EFB092A45DE9514C1BBD22178396BD39D891265658C238DEA00936C654E5E433CB65A26D9F6EDB5EBC14EBF49A45CB856E66048291F6939A9A81BB5
310
C8917738143CA680F4AA299D66A042CEB3354A2684DC9D8D178FE0D9B8B41CAAD720F880EE7EF93C0C18769E099ECC04D5A102C8049A8A05632F4DDF376CF1DE0F6BB65C2F8627B65A33C6BB62177CEBBDAD973006829F89F22E814B54F4BC2BE347F8AA8F681390B50FA73F804400B5F542E796F19FF974E7F78DB802FE05
310
E207504B0304140006080800CC70623B16AB87BA640500003C100000340000006662782F39464131463745442D413632322D343644302D413938332D3331353338454246344243312F6F626A656374732E786D6CAD575B6FA33818FD2B887DE6924B3BED8A326A92B68A663B534DD4D13E548A0C38942D60649B369D5FBFC7
310
600890A493BDE42160637FD7F31D7FF63E6FB3D478A55C242CBF3247B66B1A340F5994E4F19559CA8D75611A9F7D8F33263BCB4C232719BD32D5B4E97B316765A1A722BA21652A07B3B7B33F0D11D29C9A46981221AE4C113ED38CD8A4942CA2E2C58E882476BCD9DA23BB5ED8171B73523C0F841684D35CC252CCE79062D4
310
468DFA43D7747CCF51DF7D4FFDEB5593E3AB9CCA9FBEFE241792E4E19EB28198C968BAB8199F5D5A67D3E9C49A9E8F47D6EC76B6B0469F26EEFC7C3EBFBCBEB98462213924694B38DD98FE1D62C393D073EA4FADC5DAF04326852CCF6958F90F0F2B9BB5C48816348F90C7840A68EB78EDF68723159BCEE7891A6B95DDE9D3
310
BCEAEEE8086A6C6F9E5D4B59F0175C10A7A0820BAA5055C7473B5AE3CFDD452D602CD5DF12616444529E90D448938013FE6EFA58AA96F85E4F8C42275708571E98FE6827AF6B2B4AE3D7D83D64E5A64C53054DD3AF90BD06FEA9149565C94FCA0F6B834DC85599E4F2423B24DF0B6AFA979E534DFA9E7A4CC6FA631D486393
310
921829879BF5D781A373557BCB85E97FB90DB62B558F8795179C15944B051F40AB495CF35451D26A4727654E6D8033BD98EF82F21D91FF8AF2DD9982BCF1643BDD4EB516C9492E368C67C88DED563FC36D5EACF66DFF057C3658BDBFA69DF9578B3DA735B64F18C7F20770A9D45CFCF7FCF563D6456A277DBEF78A02637CA2
310
43B90A490AEAB94F72244481D24819A6C0E59B606BFA4B3025981DBB48EAB701D97BF19C577CC77F2D1B6C55A9EF3C732474C0B727303F625995056C3B02963D9EAC146BE78EC5FCEC7FA999EBC5EACBAAE41B12D27B4D2C0BBA49F244E2ECDC81B76B502F113D8F5EE8FB1BE3111CDD4FC2AA9B844CAB1288B68AB90A7CDC
310
1C166AB0D3DC5310625FCC14E779BFD0709F8890A629C9292B1B2DED31A4B0DA928CEE135085754027E3018A397D4D5427D15BD1330B677DC8934285AC3DF45A9EB68FF8F2B8FC0A509AFEECFD0FF2DE25CC6047F7214B195F07EFEB9A094D800F7BFAE8FED187B78EA8A3A400F115961BCAD1215E47C966530AF0EE8128FE
310
58CEBB996A8964FFA529A046635D9353B0336A8F700DDF46271A024E70B0B37C9DE01847591E54DED53D54202AB947E4076556AC49C6CA5C9E1226B7F1A7B1BE15DEED62C41B91E1B3E9AFAAA735036547343A925075041DF0A9979E893B391F8FCFA6967B3EFB644DCF6E5CEBFAE272625DCC6FAF3FB93793C5F90CE1EF57
310
407342756B10D1C489E8953CD1617E5CEECAD6F4EF8914CE5D5D504E5C3F1F9736DA62CFC11E00BCDDB8CC8A9466349744C1F75EBDA4DF09BA8A9E8C7A7E9991989E20E5DBDD6A6003664ED8F7A04A8DBE0DF6EAD9B9AA858342E47399053949D2C146EDB85DE4B176BB0965FBAC19BD19AA918E27FA50C1D22402E144464C
310
59462568E704B6E71915404CB72B8FF4EDE184DDAF753F284990D2C6926782963815403548A70C657FDEF80D2D9CEAA2AE4C1C76F60BFE74219A06527D6582DF6412526107381E55E353090704D085B52408D0933C4ED159D79BDA71BB4BC506F4831350EB6F979CD22D69BF7AC49B91A2C0A9DDA3D5CA36AD20FC478E37E6
310
1844E2352865EBCB6EA275A652E3836BE04EFB400BF1A2556F515F1FBB35B2AB35BD889C744FFA1004B5544B121E57F70215746DD2F5E2C1412B602CBF19455AC6C8E5E9922C4E01E65215385004546899059180EAFCF7A707CE7017CD8CDB0410789AB32C63B91E5CEBBBACB17AC6CD347A022D5075FD106377347AAABA7E
310
7D11590744509B44E205134DC1290F06580320F78E537D3D73540E06CB970B431F185308AD40BBD794D6D77003C5A36E8EAA54BA64597CD8F83BD552A080A365F7FF06504B0304140006080000CC70623B000000000000000000000000350000006662782F39464131463745442D413632322D343644302D413938332D3331
310
353338454246344243312F76657274696365732E62696E504B0304140006080800CC70623BF270F1330600000004000000360000006662782F39464131463745442D413632322D343644302D413938332D3331353338454246344243312F747269616E676C65732E62696E636660600000504B0304140006080000CC70623B
310
000000000000000000000000370000006662782F39464131463745442D413632322D343644302D413938332D3331353338454246344243312F617474726962757465732E62696E504B0304140006080800CC70623B08DA0BD19000000041010000360000006662782F39464131463745442D413632322D343644302D413938
310
332D3331353338454246344243312F6469726563746F72792E786D6C858F410AC3201045AF22B36F53E9A60B35CBEEBAE80D244E44489C6234F4F835464A48035D0DF398FF9F8AF63D0E6CC63039F212F8F9020C7D47C6792B21C5FE7403D62A1188E2E60C98D7234A5830286103A55745067B9D86B8A3CF9C7F90C11DE607
310
FB144396D7B6A82D282E9A152AD114D5EF2CB866EEE831B8EEA07A7BB5A8D7D61A2BAAEB7FD5F70921FF497D00504B0304140006080800CC70623B0D6EF93BFE000000A00100003B0000006662782F39464131463745442D413632322D343644302D413938332D3331353338454246344243312F7265736F75726365732F63
310
6F72652E786D6C8D50596E833010BD0A9ADFCA60B334011947A8694ED00B586642AC041B79A97AFC9A40A5F6AF3F33A3B7689E1E3F7DCD8FEC139DD7D6F4C0720A191A65476DA61E62B892236427C19DB5E1970C322367EC618541F0C9D9B8EC90B226A009093576C41D94DE63804C3DD2D18357379C652E63480A7FCF17A9
310
EE72C29CE5894E3AC17D702940B63D59270887DE46A7D0F36263058F518FBB468FE9A7BE6A7420864373B8D4873369AA8691FA421B3294352543C5CAF65C0F6FEF43CB8BD52C78D0F34F46E550061C419494B6843142CB0F5677F4B52BEB177AEC28E5C52AFF638ACBF84F53D42654E51E77B379102C05791282176B5F693D
310
CB4C7BED567C03504B010214000A0000080000CC70623B3DEE336E79000000790000001B00000000000000000000000000000000006175746F6465736B2D64657369676E2D7061636B6167652E786D6C504B01021400140006080800CC70623BD486FD9CA0000000F40000001300000000000000000000000000B20000005B
310
436F6E74656E745F54797065735D2E786D6C504B01021400140006080800CC70623B1EC5D7A3EB0000007C010000080000000000000000000000000083010000636F72652E786D6C504B01021400140006080800CC70623B55019EA25F0000007C000000070000000000000000000000000094020000636E782E786D6C504B
310
01021400140006080800CC70623B8C9102E971010000D40300000C00000000000000000000000000180300006662782F636F72652E786D6C504B01021400140006080800CC70623BFFEA85907E0000009D0000000B00000000000000000000000000B30400006662782F636E782E786D6C504B01021400140006080800CC70
310
623B4FEEA4082C0100001202000031000000000000000000000000005A0500006662782F39464131463745442D413632322D343644302D413938332D3331353338454246344243312F636F72652E786D6C504B01021400140006080800CC70623BAD7543B64E010000330300003000000000000000000000000000D5060000
310
6662782F39464131463745442D413632322D343644302D413938332D3331353338454246344243312F636E782E786D6C504B01021400140006080800CC70623B16AB87BA640500003C1000003400000000000000000000000000710800006662782F39464131463745442D413632322D343644302D413938332D3331353338
310
454246344243312F6F626A656374732E786D6C504B01021400140006080000CC70623B0000000000000000000000003500000000000000000000000000270E00006662782F39464131463745442D413632322D343644302D413938332D3331353338454246344243312F76657274696365732E62696E504B01021400140006
310
080800CC70623BF270F133060000000400000036000000000000000000000000007A0E00006662782F39464131463745442D413632322D343644302D413938332D3331353338454246344243312F747269616E676C65732E62696E504B01021400140006080000CC70623B0000000000000000000000003700000000000000
310
000000000000D40E00006662782F39464131463745442D413632322D343644302D413938332D3331353338454246344243312F617474726962757465732E62696E504B01021400140006080800CC70623B08DA0BD190000000410100003600000000000000000000000000290F00006662782F39464131463745442D413632
310
322D343644302D413938332D3331353338454246344243312F6469726563746F72792E786D6C504B01021400140006080800CC70623B0D6EF93BFE000000A00100003B000000000000000000000000000D1000006662782F39464131463745442D413632322D343644302D413938332D3331353338454246344243312F7265
310
736F75726365732F636F72652E786D6C504B0506000000000E000E0080040000641100000000
  0
XRECORD
  5
E
102
{ACAD_REACTORS
330
D
102
}
330
D
100
AcDbXrecord
280
     1
270
     1
271
     1
  0
XRECORD
  5
F
102
{ACAD_REACTORS
330
D
102
}
330
D
100
AcDbXrecord
280
     1
270
     1
271
     1
  0
XRECORD
  5
10
102
{ACAD_REACTORS
330
D
102
}
330
D
100
AcDbXrecord
280
     1
 70
     0
 90
1673772943
  1
ECE7A1D2-D628-4531-984C-D00F80459256
310
504B03040A0000080000CC70623B3DEE336E79000000790000001B0000006175746F6465736B2D64657369676E2D7061636B6167652E786D6C3C3F786D6C2076657273696F6E3D22312E302220656E636F64696E673D227574662D3822203F3E3C666F726D6174733E3C666F726D61743E687474703A2F2F736368656D612E
310
6175746F6465736B2E636F6D2F64657369676E2D7061636B6167652F323030393C2F666F726D61743E3C2F666F726D6174733E504B0304140006080800CC70623BD486FD9CA0000000F4000000130000005B436F6E74656E745F54797065735D2E786D6C7D8EC10E82300C865F65E91D8A1E8C310C0EEA1BF002731658846E
310
D98AC1B77784ABF1D8FE5FBFBF75BBCE937A534CCEB38643598122B6FEE978D0B0485F9C41B54DDD7D022595594E1A469170414C76A4D9A4D207E29CF43ECE46F218070CC6BECC4078ACAA135ACF422C856C0E68EA1BF5669944DDD7BCDE7B1F8E415D77AECB980613C2E4AC91FC167A2B244592486606FC29C8FD7F045B9A
310
EF7053A7E60B504B0304140006080800CC70623BD9DDAED0EC0000007C01000008000000636F72652E786D6C8D90416EC3201045AF82665B61836D9CD8C2444DD39CA01740405C94182C03558F5F9C3852BBEB6A467FFE9B197D7EF89E6EE8CB2CC17A37002D0820E394D7D68D03A478C17B4007C117EFE32F1B20272733C0
310
2A83E0E3E2D3BC49CABB685CCCAAF3DA6CA20CC14440EA969B0182FA34932C648AD911AEC52CD5558EA6A0CF2EC329598D1E47ACCEFBECC59A050463A7EA5833865FEBDD0E37353BE3EE8DBDE3F6786A48D375FBF6CC78B9C282473B3DEFABC5C86834888A900E538A49F5419B9EB47DD5BC907D4F082F57FB1F28CDFA9F50
310
B22ED6D5F6EE030B20687EE43E10BC5CB3C8E51E54AE6B6EE207504B0304140006080800CC70623B55019EA25F0000007C00000007000000636E782E786D6C4DCB3B0E80201045D1AD90E915ED2CF8AC45050C11660C8261F98AB1B07AC9C97D42D718D865D3E909258CFD00CCE24AC6E326A164D74DC0B4128928FF326038
310
472BA13128B1252AC747C6BAB984FC68F0B87FE8960A5C09FE86CFB69FBA01504B0304140006080800CC70623BA24EB22D72010000D40300000C0000006662782F636F72652E786D6CC5535B6E833010BC8AE5DF0A6C5E49888CA3A6694ED00B38E05014B091B1518EDFE511A5A9D228FD2A1F60CDEC7A67C6986DCE4D8D7A
310
69BA4AAB0C073EC548AA5C17952A33ECECD15B61B4E1CC686DBF9561A44423333CC098B3D268D7CE50AE9595CA02AA74216750749DB418E5352C32DCE59FB211BE70162ABA93DF8AFC244AE9073ED050C759670D0840D390E18DF9F1706664C23973AE2A66B62A605A75ACA4C13C4976E1364A12EF355A2EBD384AF65EFA96
310
BC7B8BED2EA6719AAE16FB8491A199335B351775B991C2CA02F390D2D40B028F861F41BCA68B7518BFD0D59A524686F29B26D7164F36B94AD9289CE54E6D1DE6010819891F6E21228B3AD1831EC219194284CF98F06DD01008846CC5A1BEF83801D4CBDC6A1303536877A57A513B0953A94FC707FDBE6064EA84A9E3E6E0FA
310
EE8CF0E9198F7784A316AA0413C2C2F2E0ECA0934D1AE6D05A69BCDE9E91D2A611F573361E38FC1375157F5752AE6B6DFE4B11990F88CCBF0719EE23FF02504B0304140006080800CC70623B408A7D3B7C0000009D0000000B0000006662782F636E782E786D6C4DCCD10A83201886E15B91FFDC552A92A0064DBC8F581632
310
D3703A76F9ABD1C18E3E78F878E5F0D9027ABBFCF2292AE86E2D20171F69F6715550CB827B40839639A5F2770314A7CD293819B45C73AAFB45B35BA61ACAA1C1C7E7855C58C15BC331339661262CC762340413D68D77DA5B42298546CBE6573AF60CEB2F504B0304140006080800CC70623B449FB9BD290100001202000031
310
0000006662782F36394639363044362D344446342D343946362D394244322D3234314243333846323333332F636F72652E786D6C8D515B6EC32010BC0AE22B55850D98B871848994463E412FE002495162B07854397EA176A4F62F3F2C9A9D991D587EB84F37F0AD7D30CEF6905418026DA553C65E7A98E219ED203808EE9D
310
8B7F6810D871D23D2C3014FCE25D9A57483A1BB58D19B54EE9151C43D0110279CB971E06F9A5A7B11A53CC8C70ADE6515EC78BAE4895DB992778883E0700CB907242D17643D7E2538BD869608875438BBAE38922CAC8F1BDD90DB4691A5E2F42C153326A951B95E398B3D1FE599322163C9AE9115F7A3D46ADA0A018778810
310
84E907617BDCEE297BC5BB3DC6BC2EF47FA234AB2745C9D8D8D035EE220B50105E2F0DC1954B9FB747187D9F9D8FA0CCDB042D5FA0C015C65B42DF78BD10F3F3B363CB56C7109DCFDFBBB97E662ED92EB62D13BC2E1BCAE5777DB9966D8A1F504B0304140006080800CC70623BAD7543B64E01000033030000300000006662
310
782F36394639363044362D344446342D343946362D394244322D3234314243333846323333332F636E782E786D6CD593CD6EC32010845F0571AD6CE3D48AD20813A9873E410FBD12D82434182C7EAAE6EDBB2424CD25871E7B41D6EC30B3FA84F9E67BB2E40B4234DE8DB46F1925E094D7C6ED479AD3AE5951B2113C789FEE
310
6C943839C1488B4C05DF079FE72A69D8C96C13AAD6B8631503449F83828872B949AC57D26200B826A308D316B4064D6E46FCDA41C05550DC9E483A00797BFD207EFB092A45DE9514C1BBD22178396BD39D891265658C238DEA00936C654E5E433CB65A26D9F6EDB5EBC14EBF49A45CB856E66048291F6939A9A81BB5C89177
310
38143CA680F4AA299D66A042CEB3354A2684DC9D8D178FE0D9B8B41CAAD720F880EE7EF93C0C18769E099ECC04D5A102C8049A8A05632F4DDF376CF1DE0F6BB65C2F8627B65A33C6BB62177CEBBDAD973006829F89F22E814B54F4BC2BE347F8AA8F681390B50FA73F804400B5F542E796F19FF974E7F78DB802FE05E20750
310
4B0304140006080800CC70623B8D05915C650500003B100000340000006662782F36394639363044362D344446342D343946362D394244322D3234314243333846323333332F6F626A656374732E786D6CAD575B6FA33814FE2B887D06429276DA1565D4266D158D3A339A6846FB502932E050B66023DB74D2FDF5FB190C01
310
9276B2973C046C8ECFF53B17071F77456EBD502133CEAE6CDF9DD81665314F32965ED995DA3A17B6F5310C04E7AA47665B8C14F4CAD6DB7618A48257A5D94AE89654B91AEDDEDDFC61C998326A5B714EA4BCB265FC440BE2924AF184CA6737218AB8E976E7FA6E4338649B0A523E8D98964450A6A029F619B8588D52FE7039
310
B1BD30F0F4F730D0FF866AF6369557DB33949F31A9088B0F848DD8CCFCF9F2767A76E99CCDE733677E3EF59D9BBB9BA5E37F984D16E78BC5E5F5ED25044B25C0C96822E8D60EEFE11B91C581D77CEA34368A1F5329E68CD1B8B61F16D63A1B8E092D294B10C78C4A48EB593D192E7DED9BDEE7995E1B91FDEDD3ACEA9FE831
310
6A756F9F7D4D79F4274C90A7A04248AA51D5F8C718DAE06FB2F75AC4796EBE65D22A88A22223B995679120E2D50E41AA49C260C046A35368846B0BECD0DFF3EBEB8AD4F835768F69B9ADF25C43D30E6B646F807FAA64AD59F61715C7A54127C4AACA98BA3006A9D792DAE165E0D59B61A01FB3A9F9D838D2DAE62445C86166
310
F37564E842E7DE6A69879FEEA2DD5AE7E371E1A5E025154AC307D06A03D73EB5978C58FFA4C8E9033066E0F3BD53BEC1F39F91BE7B55103791EDE6BBB991A2046172CB4581D8B893FA674DDA17A77B3B7C413D1B511FD2743BFF8A38F03A658705E3ADF8015C3A3417FF3D7E439FF591DA0B5F18BC20C1B8981957AE6392A3
310
F43C640C01D1A0B4728E2DD4F26DB4B3C3152A252A3B4E913CEC1C72F012782FF88EFF8637AA552DBEF76408E8A8DE9E50F9E1CB3A2DA0DB1B6039A893B56063DC5B3E3FFB5F72E67AB9FEB4AEC496C4F4C1149625DD662C53E89D7BF0F6151A046260D1337DFDC94502430F83B0EE07A130A224BCAD7DAE1D9FB6CD422FF6
310
920702629C4BB9AE79C12F243C6432A6794E18E5552BA56B431AAB5D91317302B2B071E86C3A42B1A02F999E24061403B5D0EB639195DA655DD3EBEAB4FB862DDF579F014AD0E73C22F99E28DA57FB98E75C6CA2D74D53086D600F4786E0FE3144B771A8A7B900F03594DB8A633CBC49B2EDB69228BB479CF863B5E807AAAB
310
23872F6DFEB4129B949CA33823F58830E86D65621E10047D9DB34D862E8EAC3C2ABC2F7B2C40D67CDFE01F5545B92105AF983AC54D93D69E56FB8E797F88913F898A9FEC705D3F9D1B54EC8426FB500D40A03BD0119B06E1B95DDC7EB8F6975367793EBD70E66733DFB9BC982F9CE564727731999F5D4ECFCE3B8D6A4DC2A0
310
6D50FD148437D110834A64C6CDDF57FBACB5C307A2A477DFE4939736CFEF2B175371E0E10CF0DD1D5C15654E0BCA14D1E87DD02FF93782A162C0A3D95F1524A52770F972BF1EE9809D13CE7DD599467F8ECE9ADD85CE85A34CD45355448C64F9E8A031DC2D596ACC6E5DD93D9B82DE2EF5CAF81363A8E47996A0DE24564A79
310
4115AACE09C55E14540231FDA13C319787134EBF34E3A022514E5B4D9E0826E25C02D5805B15ABE1BEF51B26383D445DD9E875EE33FE4C22DA16427D65A3BCA92CA6D28DD01DF5DC53330704308475351050232CCD31583787BA75774AFB06E5070DD0C8EF484E19968C5D83BA5B90B244D31E54D55A372320FE4786B7EA58
310
44E135AA5467CB7EA333A61683CC6A8C3257034C10CF46F40EF9F5BE59BE5BD30C3C72D235E95D10345C1D45445A5F0BB47E46A5EBE5570F9380B5FA629579952296A773720405982B9DE04011506178964401AA8BDF1FBF0A8EAB6861DD6580C0E38217056766716DAEB2D6FA0917D3E4116581EADB879C4E7CFFB11EFACD
310
3D641311495D92C8676CB409A72D18610D803CE8A626049E8EC1887CB5B44CC39883690DDA8399B4B9855B481E7D71D4A9D22F96E5BB73BF5793020C02137BF837504B0304140006080000CC70623B000000000000000000000000350000006662782F36394639363044362D344446342D343946362D394244322D32343142
310
43333846323333332F76657274696365732E62696E504B0304140006080800CC70623BF270F1330600000004000000360000006662782F36394639363044362D344446342D343946362D394244322D3234314243333846323333332F747269616E676C65732E62696E636660600000504B0304140006080000CC70623B0000
310
00000000000000000000370000006662782F36394639363044362D344446342D343946362D394244322D3234314243333846323333332F617474726962757465732E62696E504B0304140006080800CC70623B08DA0BD19000000041010000360000006662782F36394639363044362D344446342D343946362D394244322D
310
3234314243333846323333332F6469726563746F72792E786D6C858F410AC3201045AF22B36F53E9A60B35CBEEBAE80D244E44489C6234F4F835464A48035D0DF398FF9F8AF63D0E6CC63039F212F8F9020C7D47C6792B21C5FE7403D62A1188E2E60C98D7234A5830286103A55745067B9D86B8A3CF9C7F90C11DE607FB14
310
4396D7B6A82D282E9A152AD114D5EF2CB866EEE831B8EEA07A7BB5A8D7D61A2BAAEB7FD5F70921FF497D00504B0304140006080800CC70623BCA768048FE000000A00100003B0000006662782F36394639363044362D344446342D343946362D394244322D3234314243333846323333332F7265736F75726365732F636F72
310
652E786D6C8D50596E833010BD0A9ADFCA60D600328E9AA639412F609909B1126CE4A5EAF16B0295DABFFECC8CDEA2797AECF8353F924FB44E193D409E5248504B332A3D0D10FC95B4901C39B3C6F85F3248B49871801506CE266BC2B243D2688FDA47549B11775038871E12F988C7004EDE7016A9083E2ADC3D5D84BC8B09
310
D33C8D74D471E6BC8D0192EDC93A815B742658898E651BCB59086ADC356A8C3FD555A1055ED7E7E254D615792D0F075295F585746FF53B694EE78A565DD736979A65AB9933AFE69F8CD2A2F038022F28ED489E135A7CE4554F9BBEA85E68DB53CAB255FEC71496F19FA6A0B42F8B3DEE6673C0F318E4497096AD7DC5F52C33
310
EEB55BFE0D504B010214000A0000080000CC70623B3DEE336E79000000790000001B00000000000000000000000000000000006175746F6465736B2D64657369676E2D7061636B6167652E786D6C504B01021400140006080800CC70623BD486FD9CA0000000F40000001300000000000000000000000000B20000005B436F
310
6E74656E745F54797065735D2E786D6C504B01021400140006080800CC70623BD9DDAED0EC0000007C010000080000000000000000000000000083010000636F72652E786D6C504B01021400140006080800CC70623B55019EA25F0000007C000000070000000000000000000000000095020000636E782E786D6C504B0102
310
1400140006080800CC70623BA24EB22D72010000D40300000C00000000000000000000000000190300006662782F636F72652E786D6C504B01021400140006080800CC70623B408A7D3B7C0000009D0000000B00000000000000000000000000B50400006662782F636E782E786D6C504B01021400140006080800CC70623B
310
449FB9BD290100001202000031000000000000000000000000005A0500006662782F36394639363044362D344446342D343946362D394244322D3234314243333846323333332F636F72652E786D6C504B01021400140006080800CC70623BAD7543B64E010000330300003000000000000000000000000000D20600006662
310
782F36394639363044362D344446342D343946362D394244322D3234314243333846323333332F636E782E786D6C504B01021400140006080800CC70623B8D05915C650500003B10000034000000000000000000000000006E0800006662782F36394639363044362D344446342D343946362D394244322D32343142433338
310
46323333332F6F626A656374732E786D6C504B01021400140006080000CC70623B0000000000000000000000003500000000000000000000000000250E00006662782F36394639363044362D344446342D343946362D394244322D3234314243333846323333332F76657274696365732E62696E504B010214001400060808
310
00CC70623BF270F13306000000040000003600000000000000000000000000780E00006662782F36394639363044362D344446342D343946362D394244322D3234314243333846323333332F747269616E676C65732E62696E504B01021400140006080000CC70623B00000000000000000000000037000000000000000000
310
00000000D20E00006662782F36394639363044362D344446342D343946362D394244322D3234314243333846323333332F617474726962757465732E62696E504B01021400140006080800CC70623B08DA0BD190000000410100003600000000000000000000000000270F00006662782F36394639363044362D344446342D
310
343946362D394244322D3234314243333846323333332F6469726563746F72792E786D6C504B01021400140006080800CC70623BCA768048FE000000A00100003B000000000000000000000000000B1000006662782F36394639363044362D344446342D343946362D394244322D3234314243333846323333332F7265736F
310
75726365732F636F72652E786D6C504B0506000000000E000E0080040000621100000000
  0
XRECORD
  5
11
102
{ACAD_REACTORS
330
D
102
}
330
D
100
AcDbXrecord
280
     1
270
     1
271
     1
  0
XRECORD
  5
12
102
{ACAD_REACTORS
330
D
102
}
330
D
100
AcDbXrecord
280
     1
270
     1
271
     1
  0
CELLSTYLEMAP
  5
53E
102
{ACAD_REACTORS
330
5E
102
}
330
5E
100
AcDbCellStyleMap
 90
        3
300
CELLSTYLE
  1
TABLEFORMAT_BEGIN
 90
        5
170
     1
 91
        0
 92
    32768
 62
   257
 93
        1
300
CONTENTFORMAT
  1
CONTENTFORMAT_BEGIN
 90
        0
 91
        0
 92
      512
 93
        0
300

 40
0.0
140
1.0
 94
        5
 62
     0
340
22
144
6.0
309
CONTENTFORMAT_END
171
     1
301
MARGIN
  1
CELLMARGIN_BEGIN
 40
1.5
 40
1.5
 40
1.5
 40
1.5
 40
0.18
 40
0.18
309
CELLMARGIN_END
 94
        6
 95
        1
302
GRIDFORMAT
  1
GRIDFORMAT_BEGIN
 90
        0
 91
        1
 62
     0
 92
       -2
340
25
 93
        0
 40
1.125
309
GRIDFORMAT_END
 95
        2
302
GRIDFORMAT
  1
GRIDFORMAT_BEGIN
 90
        0
 91
        1
 62
     0
 92
       -2
340
25
 93
        0
 40
1.125
309
GRIDFORMAT_END
 95
        4
302
GRIDFORMAT
  1
GRIDFORMAT_BEGIN
 90
        0
 91
        1
 62
     0
 92
       -2
340
25
 93
        0
 40
1.125
309
GRIDFORMAT_END
 95
        8
302
GRIDFORMAT
  1
GRIDFORMAT_BEGIN
 90
        0
 91
        1
 62
     0
 92
       -2
340
25
 93
        0
 40
1.125
309
GRIDFORMAT_END
 95
       16
302
GRIDFORMAT
  1
GRIDFORMAT_BEGIN
 90
        0
 91
        1
 62
     0
 92
       -2
340
25
 93
        0
 40
1.125
309
GRIDFORMAT_END
 95
       32
302
GRIDFORMAT
  1
GRIDFORMAT_BEGIN
 90
        0
 91
        1
 62
     0
 92
       -2
340
25
 93
        0
 40
1.125
309
GRIDFORMAT_END
309
TABLEFORMAT_END
  1
CELLSTYLE_BEGIN
 90
        1
 91
        1
300
_TITLE
309
CELLSTYLE_END
300
CELLSTYLE
  1
TABLEFORMAT_BEGIN
 90
        5
170
     1
 91
        0
 92
        0
 62
   257
 93
        1
300
CONTENTFORMAT
  1
CONTENTFORMAT_BEGIN
 90
        0
 91
        0
 92
      512
 93
        0
300

 40
0.0
140
1.0
 94
        5
 62
     0
340
22
144
4.5
309
CONTENTFORMAT_END
171
     1
301
MARGIN
  1
CELLMARGIN_BEGIN
 40
1.5
 40
1.5
 40
1.5
 40
1.5
 40
0.18
 40
0.18
309
CELLMARGIN_END
 94
        6
 95
        1
302
GRIDFORMAT
  1
GRIDFORMAT_BEGIN
 90
        0
 91
        1
 62
     0
 92
       -2
340
25
 93
        0
 40
1.125
309
GRIDFORMAT_END
 95
        2
302
GRIDFORMAT
  1
GRIDFORMAT_BEGIN
 90
        0
 91
        1
 62
     0
 92
       -2
340
25
 93
        0
 40
1.125
309
GRIDFORMAT_END
 95
        4
302
GRIDFORMAT
  1
GRIDFORMAT_BEGIN
 90
        0
 91
        1
 62
     0
 92
       -2
340
25
 93
        0
 40
1.125
309
GRIDFORMAT_END
 95
        8
302
GRIDFORMAT
  1
GRIDFORMAT_BEGIN
 90
        0
 91
        1
 62
     0
 92
       -2
340
25
 93
        0
 40
1.125
309
GRIDFORMAT_END
 95
       16
302
GRIDFORMAT
  1
GRIDFORMAT_BEGIN
 90
        0
 91
        1
 62
     0
 92
       -2
340
25
 93
        0
 40
1.125
309
GRIDFORMAT_END
 95
       32
302
GRIDFORMAT
  1
GRIDFORMAT_BEGIN
 90
        0
 91
        1
 62
     0
 92
       -2
340
25
 93
        0
 40
1.125
309
GRIDFORMAT_END
309
TABLEFORMAT_END
  1
CELLSTYLE_BEGIN
 90
        2
 91
        1
300
_HEADER
309
CELLSTYLE_END
300
CELLSTYLE
  1
TABLEFORMAT_BEGIN
 90
        5
170
     1
 91
        0
 92
        0
 62
   257
 93
        1
300
CONTENTFORMAT
  1
CONTENTFORMAT_BEGIN
 90
        0
 91
        0
 92
      512
 93
        0
300

 40
0.0
140
1.0
 94
        2
 62
     0
340
22
144
4.5
309
CONTENTFORMAT_END
171
     1
301
MARGIN
  1
CELLMARGIN_BEGIN
 40
1.5
 40
1.5
 40
1.5
 40
1.5
 40
0.18
 40
0.18
309
CELLMARGIN_END
 94
        6
 95
        1
302
GRIDFORMAT
  1
GRIDFORMAT_BEGIN
 90
        0
 91
        1
 62
     0
 92
       -2
340
25
 93
        0
 40
1.125
309
GRIDFORMAT_END
 95
        2
302
GRIDFORMAT
  1
GRIDFORMAT_BEGIN
 90
        0
 91
        1
 62
     0
 92
       -2
340
25
 93
        0
 40
1.125
309
GRIDFORMAT_END
 95
        4
302
GRIDFORMAT
  1
GRIDFORMAT_BEGIN
 90
        0
 91
        1
 62
     0
 92
       -2
340
25
 93
        0
 40
1.125
309
GRIDFORMAT_END
 95
        8
302
GRIDFORMAT
  1
GRIDFORMAT_BEGIN
 90
        0
 91
        1
 62
     0
 92
       -2
340
25
 93
        0
 40
1.125
309
GRIDFORMAT_END
 95
       16
302
GRIDFORMAT
  1
GRIDFORMAT_BEGIN
 90
        0
 91
        1
 62
     0
 92
       -2
340
25
 93
        0
 40
1.125
309
GRIDFORMAT_END
 95
       32
302
GRIDFORMAT
  1
GRIDFORMAT_BEGIN
 90
        0
 91
        1
 62
     0
 92
       -2
340
25
 93
        0
 40
1.125
309
GRIDFORMAT_END
309
TABLEFORMAT_END
  1
CELLSTYLE_BEGIN
 90
        3
 91
        2
300
_DATA
309
CELLSTYLE_END
  0
ENDSEC
  0
SECTION
  2
ACDSDATA
 70
     2
 71
     2
  0
ACDSSCHEMA
 90
        0
  1
AcDb_Thumbnail_Schema
  2
AcDbDs::ID
280
    10
 91
        8
  2
Thumbnail_Data
280
    15
 91
        0
101
ACDSRECORD
 95
        0
 90
        2
  2
AcDbDs::TreatedAsObjectData
280
     1
291
     1
101
ACDSRECORD
 95
        0
 90
        3
  2
AcDbDs::Legacy
280
     1
291
     1
101
ACDSRECORD
  1
AcDbDs::ID
 90
        4
  2
AcDs:Indexable
280
     1
291
     1
101
ACDSRECORD
  1
AcDbDs::ID
 90
        5
  2
AcDbDs::HandleAttribute
280
     7
282
     1
  0
ACDSSCHEMA
 90
        1
  1
AcDb3DSolid_ASM_Data
  2
AcDbDs::ID
280
    10
 91
        8
  2
ASM_Data
280
    15
 91
        0
101
ACDSRECORD
 95
        1
 90
        2
  2
AcDbDs::TreatedAsObjectData
280
     1
291
     1
101
ACDSRECORD
 95
        1
 90
        3
  2
AcDbDs::Legacy
280
     1
291
     1
101
ACDSRECORD
  1
AcDbDs::ID
 90
        4
  2
AcDs:Indexable
280
     1
291
     1
101
ACDSRECORD
  1
AcDbDs::ID
 90
        5
  2
AcDbDs::HandleAttribute
280
     7
282
     1
  0
ACDSSCHEMA
 90
        2
  1
AcDbDs::TreatedAsObjectDataSchema
  2
AcDbDs::TreatedAsObjectData
280
     1
 91
        0
  0
ACDSSCHEMA
 90
        3
  1
AcDbDs::LegacySchema
  2
AcDbDs::Legacy
280
     1
 91
        0
  0
ACDSSCHEMA
 90
        4
  1
AcDbDs::IndexedPropertySchema
  2
AcDs:Indexable
280
     1
 91
        0
  0
ACDSSCHEMA
 90
        5
  1
AcDbDs::HandleAttributeSchema
  2
AcDbDs::HandleAttribute
280
     7
 91
        1
284
     1
  0
ACDSRECORD
 90
        0
  2
AcDbDs::ID
280
    10
320
16
  2
Thumbnail_Data
280
    15
 94
     1836
310
89504E470D0A1A0A0000000D4948445200000100000000670803000000D82A6C0200000300504C5445FFFFFFFFFFFFFFFFFF0000000000000000000000000000000000000000000000000000330000660000990000CC0000FF0033000033330033660033990033CC0033FF0066000066330066660066990066CC0066FF0099
310
000099330099660099990099CC0099FF00CC0000CC3300CC6600CC9900CCCC00CCFF00FF0000FF3300FF6600FF9900FFCC00FFFF3300003300333300663300993300CC3300FF3333003333333333663333993333CC3333FF3366003366333366663366993366CC3366FF3399003399333399663399993399CC3399FF33CC00
310
33CC3333CC6633CC9933CCCC33CCFF33FF0033FF3333FF6633FF9933FFCC33FFFF6600006600336600666600996600CC6600FF6633006633336633666633996633CC6633FF6666006666336666666666996666CC6666FF6699006699336699666699996699CC6699FF66CC0066CC3366CC6666CC9966CCCC66CCFF66FF0066
310
FF3366FF6666FF9966FFCC66FFFF9900009900339900669900999900CC9900FF9933009933339933669933999933CC9933FF9966009966339966669966999966CC9966FF9999009999339999669999999999CC9999FF99CC0099CC3399CC6699CC9999CCCC99CCFF99FF0099FF3399FF6699FF9999FFCC99FFFFCC0000CC00
310
33CC0066CC0099CC00CCCC00FFCC3300CC3333CC3366CC3399CC33CCCC33FFCC6600CC6633CC6666CC6699CC66CCCC66FFCC9900CC9933CC9966CC9999CC99CCCC99FFCCCC00CCCC33CCCC66CCCC99CCCCCCCCCCFFCCFF00CCFF33CCFF66CCFF99CCFFCCCCFFFFFF0000FF0033FF0066FF0099FF00CCFF00FFFF3300FF3333
310
FF3366FF3399FF33CCFF33FFFF6600FF6633FF6666FF6699FF66CCFF66FFFF9900FF9933FF9966FF9999FF99CCFF99FFFFCC00FFCC33FFCC66FFCC99FFCCCCFFCCFFFFFF00FFFF33FFFF66FFFF99FFFFCCFFFFFF0000000D0D0D1A1A1A2828283535354343435050505D5D5D6B6B6B787878868686939393A1A1A1AEAEAEBB
310
BBBBC9C9C9D6D6D6E4E4E4F1F1F1FFFFFF000000000000000000000000000000000000000000000000000000000000AD4AB4E40000011B4944415478DAEDD8B10DC2301484616F60D12131004B64840CF13648C73EEC9249AEA6A507E38224988886C6F77F52A22454777A38869400000000000000007F92539A26D7F0C330
310
152A27CB028EC75CF3CBB480F359D2ACC8926701392BE25980ED02783848A125BF55D0FD25389CBE7CA01F9E7441B734CFAB07FBFA9F098DD2588EE779E5F5C8A800EB09781D650234D641A895F43901512DD7809D76D45FFCEDC56E01DD4D407C5E5BED88A271B759F4AE5DAF7FAD02EE5F0BE8AF8568DD3B6D847E29A0EF
310
09B8695EED83E35DC0C5A08012D7BE8075B64601EABC806815905CB6FEB1FD916F5840F32DB0F86A18166025CCF353405AFC0F108EF9DFB95DE3D7ECE11C1F000000000000000000000000000000000000F8BF075A5E97D1850EAF140000000049454E44AE4260824260820026C15A47440002501C00134091037E08F9E139
310
A0D0B20002AED947014222B49224382B80AA0E0849CE42006C25C8120129D2C1510E059000A036802B01370C26094E301600E4E5B0A56783BD27842C876F791E0F5F5E4603B85C04805D925C569E03CEAA44CBF62E00E505D07C97579FF28AE8EA007C7E7E3200D75A673962A062D01003C7DF42FD01F061902F17F3A1BCB9
310
698D0E6803408A8D7F078EA0250062DAA491F10ADA6221A0560F23424001206E6B8B1FA403C080D6D1EABC291848D91905D8D7E954749530121C86280356EB80C10014BFDC58A7E8E5E15439400010CF69B853079CCBFBCC6775B10940AE312B88934FE83A47811EFA42BBF7F73C1203468E3E78413104C081850129362C0B
310
6023352E36A47011287D4240AE320065AF0971AA1456124623776800ACBE0EB03D17507B3906C071D1DBE8CB03B8CA99A31B007A6E6A8803B07F60CF42F300303F1EE246086C55B5D749EFAB058FABED732D01E0B59607B0DA87A46C02504AA36D735D84C43AF5A794C5B953397D6AADCA4CAE8A807BB8B2D561F000A807E0
310
01B8A3280A6E050480B8B1021900BFB217A9007C089818B80B204D8103A86FAF965520F851C0942D06BEBD48107011B71C30FCAF12EDA30B11B5A4C107B4370D84CD1430E86D92110EF8A6169AE9F7988AE7498B200C6988EE3BF964110D77C093C103E8EDCDAEF9D75AF39A00BC8100C01CB0070D8039E09A020F81BD3107
310
A000440C740800001E029503E258FDC73918E3661D547CBB1C028DFE473A002E9A41C9004D07CCF2FAE52AEA80AAF7692B0270A097630E908550DC3CFFAD6C685C71B812C418413040F864DA821104006168EC120C0784A171139010E89001009CFEBB0820D6C9B0AF93377AEBDEEA969A4A53E49EFDE3B8BF07E6790B7F66
310
651FB7EAAA001D0470EBE40C16004D9B07E00178001E8007E00178001E8007E00178000EE81F503E2EA04532A6A00000000049454E44AE426082
  0
ACDSRECORD
 90
        1
  2
AcDbDs::ID
280
    10
320
52C
  2
ASM_Data
280
    15
 94
     3751
310
414349532042696E61727946696C652855000000000000020000000C00000007104175746F6465736B204175746F434144071341534D203231382E302E302E35313136204E540718547565205365702030382032313A30343A3539203230323606000000000000F03F068DEDB5A0F7C6B03E06BBBDD7D9DF7CDB3D0D096173
310
6D6865616465720CFFFFFFFF04FFFFFFFF070C3231382E302E302E35313136110D04626F64790CFFFFFFFF04FFFFFFFF0CFFFFFFFF0C020000000CFFFFFFFF0CFFFFFFFF110D046C756D700CFFFFFFFF04FFFFFFFF0CFFFFFFFF0CFFFFFFFF0C030000000C01000000110D057368656C6C0CFFFFFFFF04FFFFFFFF0CFFFFFF
310
FF0CFFFFFFFF0CFFFFFFFF0C040000000CFFFFFFFF0C02000000110D04666163650CFFFFFFFF04FFFFFFFF0CFFFFFFFF0CFFFFFFFF0C050000000C030000000CFFFFFFFF0C060000000B0A0B110D046C6F6F700CFFFFFFFF04FFFFFFFF0CFFFFFFFF0CFFFFFFFF0C070000000C04000000110E05706C616E650D0773757266
310
6163650CFFFFFFFF04FFFFFFFF0CFFFFFFFF13C0FB8CBD01184040EB7E6B1856898B4000000000000000001400000000000000000000000000000000000000000000F03F14000000000000F03F0217C58C8969B4BC00000000000000000B0B0B0B0B110D06636F656467650CFFFFFFFF04FFFFFFFF0CFFFFFFFF0C08000000
310
0C090000000CFFFFFFFF0C0A0000000A0C0500000004000000000CFFFFFFFF110D06636F656467650CFFFFFFFF04FFFFFFFF0CFFFFFFFF0C0B0000000C070000000CFFFFFFFF0C0C0000000A0C0500000004000000000CFFFFFFFF110D06636F656467650CFFFFFFFF04FFFFFFFF0CFFFFFFFF0C070000000C0D0000000CFF
310
FFFFFF0C0E0000000A0C0500000004000000000CFFFFFFFF110D04656467650CFFFFFFFF04FFFFFFFF0CFFFFFFFF0C0F0000000600000000000000000C10000000060008CDCFBD71FA3F0C070000000C110000000B0707756E6B6E6F776E110D06636F656467650CFFFFFFFF04FFFFFFFF0CFFFFFFFF0C120000000C080000
310
000CFFFFFFFF0C130000000A0C0500000004000000000CFFFFFFFF110D04656467650CFFFFFFFF04FFFFFFFF0CFFFFFFFF0C1400000006D5C820C7EAD6E5BF0C0F00000006FDD120C7EAD6E53F0C080000000C150000000B0707756E6B6E6F776E110D06636F656467650CFFFFFFFF04FFFFFFFF0CFFFFFFFF0C090000000C
310
160000000CFFFFFFFF0C170000000A0C0500000004000000000CFFFFFFFF110D04656467650CFFFFFFFF04FFFFFFFF0CFFFFFFFF0C1000000006172D4454FB21E9BF0C1800000006187D4454FB21E93F0C090000000C190000000B0707756E6B6E6F776E110D067665727465780CFFFFFFFF04FFFFFFFF0CFFFFFFFF0C0A00
310
000004020000000C1A000000110D067665727465780CFFFFFFFF04FFFFFFFF0CFFFFFFFF0C0A00000004020000000C1B000000110E0873747261696768740D0563757276650CFFFFFFFF04FFFFFFFF0CFFFFFFFF1380971A7B03303D4069830F9E20848B40000000000000000014BACE9C9DE5FA5FBD000000000000F03F00
310
000000000000000B0B110D06636F656467650CFFFFFFFF04FFFFFFFF0CFFFFFFFF0C1C0000000C0B0000000CFFFFFFFF0C1D0000000A0C0500000004000000000CFFFFFFFF110D04656467650CFFFFFFFF04FFFFFFFF0CFFFFFFFF0C1E000000062D960ED3B27FD3BF0C1400000006B6A20ED3B27FD33F0C0B0000000C1F00
310
00000B0707756E6B6E6F776E110D067665727465780CFFFFFFFF04FFFFFFFF0CFFFFFFFF0C1300000004020000000C20000000110E07656C6C697073650D0563757276650CFFFFFFFF04FFFFFFFF0CFFFFFFFF13805CE747D07C3D40CD830F9E20848B40000000000000000014000000000000000000000000000000000000
310
00000000F0BF14BD8C377F77CCCDBF1CDA36464338C8BF000000000000000006000000000000F03F0B0B110D06636F656467650CFFFFFFFF04FFFFFFFF0CFFFFFFFF0C0D0000000C210000000CFFFFFFFF0C220000000A0C0500000004000000000CFFFFFFFF110D04656467650CFFFFFFFF04FFFFFFFF0CFFFFFFFF0C1800
310
00000600000000000000000C2300000006009C9499999915400C0D0000000C240000000B0707756E6B6E6F776E110D067665727465780CFFFFFFFF04FFFFFFFF0CFFFFFFFF0C0E00000004020000000C25000000110E07656C6C697073650D0563757276650CFFFFFFFF04FFFFFFFF0CFFFFFFFF138062E747D07C3D40EB69
310
F77C59918B4000000000000000001400000000000000000000000000000000000000000000F0BF143EEFFE7A2427CBBF831CFF7A2427CB3F000000000000000006000000000000F03F0B0B110D05706F696E740CFFFFFFFF04FFFFFFFF0CFFFFFFFF1380971A7B03303D4069830F9E20848B400000000000000000110D0570
310
6F696E740CFFFFFFFF04FFFFFFFF0CFFFFFFFF1380961A7B03303D40ED69F77C59918B400000000000000000110D06636F656467650CFFFFFFFF04FFFFFFFF0CFFFFFFFF0C260000000C120000000CFFFFFFFF0C270000000A0C0500000004000000000CFFFFFFFF110D04656467650CFFFFFFFF04FFFFFFFF0CFFFFFFFF0C
310
2800000006BD2F1C0C42B3CDBF0C1E0000000646391C0C42B3CD3F0C120000000C290000000B0707756E6B6E6F776E110D067665727465780CFFFFFFFF04FFFFFFFF0CFFFFFFFF0C1D00000004020000000C2A000000110E07656C6C697073650D0563757276650CFFFFFFFF04FFFFFFFF0CFFFFFFFF138065294C03FA3C40
310
7B9C2AB08C708B4000000000000000001400000000000000000000000000000000000000000000F03F14D3252865F532F13F0AB5217F4BB6FE3F000000000000000006000000000000F03F0B0B110D05706F696E740CFFFFFFFF04FFFFFFFF0CFFFFFFFF13800337151E6D3D4025E3972FC7818B400000000000000000110D
310
06636F656467650CFFFFFFFF04FFFFFFFF0CFFFFFFFF0C160000000C260000000CFFFFFFFF0C2B0000000A0C0500000004000000000CFFFFFFFF110D04656467650CFFFFFFFF04FFFFFFFF0CFFFFFFFF0C2300000006C3F74354FB21E9BF0C2C000000066D124454FB21E93F0C160000000C2D0000000B0707756E6B6E6F77
310
6E110D067665727465780CFFFFFFFF04FFFFFFFF0CFFFFFFFF0C1700000004020000000C2E000000110E0873747261696768740D0563757276650CFFFFFFFF04FFFFFFFF0CFFFFFFFF138063E747D07C3D4051D05DE3BF938B40000000000000000014000000000000F03F0217C58C8969B4BC00000000000000000B0B110D
310
05706F696E740CFFFFFFFF04FFFFFFFF0CFFFFFFFF138063E747D07C3D4051D05DE3BF938B400000000000000000110D06636F656467650CFFFFFFFF04FFFFFFFF0CFFFFFFFF0C210000000C1C0000000CFFFFFFFF0C2F0000000A0C0500000004000000000CFFFFFFFF110D04656467650CFFFFFFFF04FFFFFFFF0CFFFFFF
310
FF0C300000000612E30ED3B27FD3BF0C280000000625E80ED3B27FD33F0C1C0000000C310000000B0707756E6B6E6F776E110D067665727465780CFFFFFFFF04FFFFFFFF0CFFFFFFFF0C2700000004020000000C32000000110E07656C6C697073650D0563757276650CFFFFFFFF04FFFFFFFF0CFFFFFFFF1340FC8CBD0118
310
40407F68D3961E468B4000000000000000001400000000000000000000000000000000000000000000F03F1429A08E69C86291BD9AEEFFFFFFFF1B40000000000000000006000000000000F03F0B0B110D05706F696E740CFFFFFFFF04FFFFFFFF0CFFFFFFFF1380D5FB75EE933E40857FB3659E7C8B400000000000000000
310
110D04656467650CFFFFFFFF04FFFFFFFF0CFFFFFFFF0C2C0000000600000000000000000C33000000060008CDCFBD71FA3F0C210000000C340000000B0707756E6B6E6F776E110D067665727465780CFFFFFFFF04FFFFFFFF0CFFFFFFFF0C2200000004020000000C35000000110E07656C6C697073650D0563757276650C
310
FFFFFFFF04FFFFFFFF0CFFFFFFFF13404526579B714140E769F77C59918B4000000000000000001400000000000000000000000000000000000000000000F0BF1451E7FE7A2427CB3FD041FF7A2427CB3F000000000000000006000000000000F03F0B0B110D05706F696E740CFFFFFFFF04FFFFFFFF0CFFFFFFFF13404526
310
579B7141404DD05DE3BF938B400000000000000000110D04656467650CFFFFFFFF04FFFFFFFF0CFFFFFFFF0C33000000060AAB20C7EAD6E5BF0C3000000006FF0421C7EAD6E53F0C260000000C360000000B0707756E6B6E6F776E110D067665727465780CFFFFFFFF04FFFFFFFF0CFFFFFFFF0C2F00000004020000000C37
310
000000110E07656C6C697073650D0563757276650CFFFFFFFF04FFFFFFFF0CFFFFFFFF13C03F05D501B34140599C2AB08C708B4000000000000000001400000000000000000000000000000000000000000000F03F1459B02765F532F1BFE617227F4BB6FE3F000000000000000006000000000000F03F0B0B110D05706F69
310
6E740CFFFFFFFF04FFFFFFFF0CFFFFFFFF1340091C400CE64040957FB3659E7C8B400000000000000000110D067665727465780CFFFFFFFF04FFFFFFFF0CFFFFFFFF0C2B00000004020000000C38000000110E0873747261696768740D0563757276650CFFFFFFFF04FFFFFFFF0CFFFFFFFF13C0AB8CBD01984140ED69F77C
310
59918B400000000000000000140217C58C8969B4BC000000000000F0BF00000000000000000B0B110D05706F696E740CFFFFFFFF04FFFFFFFF0CFFFFFFFF13C0AB8CBD01984140ED69F77C59918B400000000000000000110E07656C6C697073650D0563757276650CFFFFFFFF04FFFFFFFF0CFFFFFFFF13C04926579B7141
310
40CB830F9E20848B4000000000000000001400000000000000000000000000000000000000000000F0BF143CA7377F77CCCD3F368A36464338C8BF000000000000000006000000000000F03F0B0B110D05706F696E740CFFFFFFFF04FFFFFFFF0CFFFFFFFF1340767E707479414025E3972FC7818B40000000000000000011
310
0D05706F696E740CFFFFFFFF04FFFFFFFF0CFFFFFFFF13C0AB8CBD0198414069830F9E20848B400000000000000000110E03456E640E026F660E0341534D0D0464617461
  0
ACDSRECORD
 90
        1
  2
AcDbDs::ID
280
    10
320
52D
  2
ASM_Data
280
    15
 94
     3048
310
414349532042696E61727946696C652855000000000000020000000C00000007104175746F6465736B204175746F434144071341534D203231382E302E302E35313136204E540718547565205365702030382032313A30343A3539203230323606000000000000F03F068DEDB5A0F7C6B03E06BBBDD7D9DF7CDB3D0D096173
310
6D6865616465720CFFFFFFFF04FFFFFFFF070C3231382E302E302E35313136110D04626F64790CFFFFFFFF04FFFFFFFF0CFFFFFFFF0C020000000CFFFFFFFF0CFFFFFFFF110D046C756D700CFFFFFFFF04FFFFFFFF0CFFFFFFFF0CFFFFFFFF0C030000000C01000000110D057368656C6C0CFFFFFFFF04FFFFFFFF0CFFFFFF
310
FF0CFFFFFFFF0CFFFFFFFF0C040000000CFFFFFFFF0C02000000110D04666163650CFFFFFFFF04FFFFFFFF0CFFFFFFFF0CFFFFFFFF0C050000000C030000000CFFFFFFFF0C060000000B0A0B110D046C6F6F700CFFFFFFFF04FFFFFFFF0CFFFFFFFF0CFFFFFFFF0C070000000C04000000110E05706C616E650D0773757266
310
6163650CFFFFFFFF04FFFFFFFF0CFFFFFFFF13C0FC8CBD0118404089039116F3AC8B4000000000000000001400000000000000000000000000000000000000000000F03F14000000000000F03F0217C58C8969B4BC00000000000000000B0B0B0B0B110D06636F656467650CFFFFFFFF04FFFFFFFF0CFFFFFFFF0C08000000
310
0C090000000CFFFFFFFF0C0A0000000B0C0500000004000000000CFFFFFFFF110D06636F656467650CFFFFFFFF04FFFFFFFF0CFFFFFFFF0C0B0000000C070000000CFFFFFFFF0C0C0000000B0C0500000004000000000CFFFFFFFF110D06636F656467650CFFFFFFFF04FFFFFFFF0CFFFFFFFF0C070000000C0D0000000CFF
310
FFFFFF0C0E0000000B0C0500000004000000000CFFFFFFFF110D04656467650CFFFFFFFF04FFFFFFFF0CFFFFFFFF0C0F0000000600000000000000000C100000000600C8CCCCCCCC00400C070000000C110000000B0707756E6B6E6F776E110D06636F656467650CFFFFFFFF04FFFFFFFF0CFFFFFFFF0C120000000C080000
310
000CFFFFFFFF0C130000000B0C0500000004000000000CFFFFFFFF110D04656467650CFFFFFFFF04FFFFFFFF0CFFFFFFFF0C10000000066F124454FB21E9BF0C1400000006C3F74354FB21E93F0C080000000C150000000B0707756E6B6E6F776E110D06636F656467650CFFFFFFFF04FFFFFFFF0CFFFFFFFF0C090000000C
310
160000000CFFFFFFFF0C170000000B0C0500000004000000000CFFFFFFFF110D04656467650CFFFFFFFF04FFFFFFFF0CFFFFFFFF0C18000000066EC24354FB21E9BF0C0F000000066D124454FB21E93F0C090000000C190000000B0707756E6B6E6F776E110D067665727465780CFFFFFFFF04FFFFFFFF0CFFFFFFFF0C0A00
310
000004020000000C1A000000110D067665727465780CFFFFFFFF04FFFFFFFF0CFFFFFFFF0C0A00000004020000000C1B000000110E0873747261696768740D0563757276650CFFFFFFFF04FFFFFFFF0CFFFFFFFF1380F7197B03303F40ED69F77C59B58B400000000000000000140217C58C8969B4BC000000000000F0BF00
310
000000000000000B0B110D06636F656467650CFFFFFFFF04FFFFFFFF0CFFFFFFFF0C1C0000000C0B0000000CFFFFFFFF0C1D0000000B0C0500000004000000000CFFFFFFFF110D04656467650CFFFFFFFF04FFFFFFFF0CFFFFFFFF0C140000000600000000000000000C1E00000006007066666666F63F0C0B0000000C1F00
310
00000B0707756E6B6E6F776E110D067665727465780CFFFFFFFF04FFFFFFFF0CFFFFFFFF0C0C00000004020000000C20000000110E07656C6C697073650D0563757276650CFFFFFFFF04FFFFFFFF0CFFFFFFFF1380C4E647D07C3F40239D2AB08CA48B40000000000000000014000000000000000000000000000000000000
310
00000000F03F14D441FF7A2427CBBF4DE7FE7A2427CBBF000000000000000006000000000000F03F0B0B110D06636F656467650CFFFFFFFF04FFFFFFFF0CFFFFFFFF0C0D0000000C1C0000000CFFFFFFFF0C210000000B0C0500000004000000000CFFFFFFFF110D04656467650CFFFFFFFF04FFFFFFFF0CFFFFFFFF0C2200
310
00000600000000000000000C1800000006007066666666F63F0C0D0000000C230000000B0707756E6B6E6F776E110D067665727465780CFFFFFFFF04FFFFFFFF0CFFFFFFFF0C1700000004020000000C24000000110E07656C6C697073650D0563757276650CFFFFFFFF04FFFFFFFF0CFFFFFFFF1380C5E647D07C3F40EB69
310
F77C59B58B4000000000000000001400000000000000000000000000000000000000000000F03F146A3EFF7A2427CBBF6E3EFF7A2427CB3F000000000000000006000000000000F03F0B0B110D05706F696E740CFFFFFFFF04FFFFFFFF0CFFFFFFFF1380F7197B03303F40ED69F77C59B58B400000000000000000110D0570
310
6F696E740CFFFFFFFF04FFFFFFFF0CFFFFFFFF1380F7197B03303F40259D2AB08CA48B400000000000000000110D06636F656467650CFFFFFFFF04FFFFFFFF0CFFFFFFFF0C160000000C120000000CFFFFFFFF0C250000000B0C0500000004000000000CFFFFFFFF110D04656467650CFFFFFFFF04FFFFFFFF0CFFFFFFFF0C
310
1E00000006C4A74354FB21E9BF0C26000000066E124454FB21E93F0C120000000C270000000B0707756E6B6E6F776E110D067665727465780CFFFFFFFF04FFFFFFFF0CFFFFFFFF0C1300000004020000000C28000000110E0873747261696768740D0563757276650CFFFFFFFF04FFFFFFFF0CFFFFFFFF1380C3E647D07C3F
310
40BD36C44926A28B40000000000000000014000000000000F03F0217C58C8969B4BC00000000000000000B0B110D05706F696E740CFFFFFFFF04FFFFFFFF0CFFFFFFFF1380C3E647D07C3F40BD36C44926A28B400000000000000000110D04656467650CFFFFFFFF04FFFFFFFF0CFFFFFFFF0C29000000066F124454FB21E9
310
BF0C2200000006C3F74354FB21E93F0C160000000C2A0000000B0707756E6B6E6F776E110D067665727465780CFFFFFFFF04FFFFFFFF0CFFFFFFFF0C2100000004020000000C2B000000110E0873747261696768740D0563757276650CFFFFFFFF04FFFFFFFF0CFFFFFFFF13C09526579B71404055D05DE3BFB78B40000000
310
000000000014000000000000F0BF0217C58C8969B43C00000000000000000B0B110D05706F696E740CFFFFFFFF04FFFFFFFF0CFFFFFFFF1380C4E647D07C3F4055D05DE3BFB78B400000000000000000110D04656467650CFFFFFFFF04FFFFFFFF0CFFFFFFFF0C260000000600000000000000000C290000000600CCCCCCCC
310
CC00400C1C0000000C2C0000000B0707756E6B6E6F776E110D067665727465780CFFFFFFFF04FFFFFFFF0CFFFFFFFF0C1D00000004020000000C2D000000110E07656C6C697073650D0563757276650CFFFFFFFF04FFFFFFFF0CFFFFFFFF13C09426579B714040259D2AB08CA48B4000000000000000001400000000000000
310
000000000000000000000000000000F03F142911FF7A2427CB3F6E3EFF7A2427CBBF000000000000000006000000000000F03F0B0B110D05706F696E740CFFFFFFFF04FFFFFFFF0CFFFFFFFF13409526579B714040BD36C44926A28B400000000000000000110D067665727465780CFFFFFFFF04FFFFFFFF0CFFFFFFFF0C25
310
00000004020000000C2E000000110E07656C6C697073650D0563757276650CFFFFFFFF04FFFFFFFF0CFFFFFFFF13409526579B714040EF69F77C59B58B4000000000000000001400000000000000000000000000000000000000000000F03F14D441FF7A2427CB3F4DE7FE7A2427CB3F000000000000000006000000000000
310
F03F0B0B110D05706F696E740CFFFFFFFF04FFFFFFFF0CFFFFFFFF13C09526579B71404055D05DE3BFB78B400000000000000000110E0873747261696768740D0563757276650CFFFFFFFF04FFFFFFFF0CFFFFFFFF13C0FB8CBD01984040219D2AB08CA48B400000000000000000140217C58C8969B43C000000000000F03F
310
00000000000000000B0B110D05706F696E740CFFFFFFFF04FFFFFFFF0CFFFFFFFF13C0FB8CBD01984040219D2AB08CA48B400000000000000000110D05706F696E740CFFFFFFFF04FFFFFFFF0CFFFFFFFF13C0FB8CBD01984040ED69F77C59B58B400000000000000000110E03456E640E026F660E0341534D0D0464617461
  0
ACDSRECORD
 90
        1
  2
AcDbDs::ID
280
    10
320
52E
  2
ASM_Data
280
    15
 94
     8781
310
414349532042696E61727946696C652855000000000000020000000C00000007104175746F6465736B204175746F434144071341534D203231382E302E302E35313136204E540718547565205365702030382032313A30343A3539203230323606000000000000F03F068DEDB5A0F7C6B03E06BBBDD7D9DF7CDB3D0D096173
310
6D6865616465720CFFFFFFFF04FFFFFFFF070C3231382E302E302E35313136110D04626F64790CFFFFFFFF04FFFFFFFF0CFFFFFFFF0C020000000CFFFFFFFF0CFFFFFFFF110D046C756D700CFFFFFFFF04FFFFFFFF0CFFFFFFFF0CFFFFFFFF0C030000000C01000000110D057368656C6C0CFFFFFFFF04FFFFFFFF0CFFFFFF
310
FF0CFFFFFFFF0CFFFFFFFF0C040000000CFFFFFFFF0C02000000110D04666163650CFFFFFFFF04FFFFFFFF0CFFFFFFFF0CFFFFFFFF0C050000000C030000000CFFFFFFFF0C060000000B0A0B110D046C6F6F700CFFFFFFFF04FFFFFFFF0CFFFFFFFF0CFFFFFFFF0C070000000C04000000110E05706C616E650D0773757266
310
6163650CFFFFFFFF04FFFFFFFF0CFFFFFFFF1380FB8CBD01184040993A524505898B4000000000000000001400000000000000000000000000000000000000000000F03F14000000000000F03F0217C58C8969B4BC00000000000000000B0B0B0B0B110D06636F656467650CFFFFFFFF04FFFFFFFF0CFFFFFFFF0C08000000
310
0C090000000CFFFFFFFF0C0A0000000A0C0500000004000000000CFFFFFFFF110D06636F656467650CFFFFFFFF04FFFFFFFF0CFFFFFFFF0C0B0000000C070000000CFFFFFFFF0C0C0000000B0C0500000004000000000CFFFFFFFF110D06636F656467650CFFFFFFFF04FFFFFFFF0CFFFFFFFF0C070000000C0D0000000CFF
310
FFFFFF0C0E0000000A0C0500000004000000000CFFFFFFFF110D04656467650CFFFFFFFF04FFFFFFFF0CFFFFFFFF0C0F0000000600000000000000000C1000000006F4414C503C5301400C070000000C110000000B0707756E6B6E6F776E110D06636F656467650CFFFFFFFF04FFFFFFFF0CFFFFFFFF0C120000000C080000
310
000CFFFFFFFF0C130000000A0C0500000004000000000CFFFFFFFF110D04656467650CFFFFFFFF04FFFFFFFF0CFFFFFFFF0C0F00000006B3CF44A3022902400C1400000006D22B337F7CD912400C080000000C150000000B0707756E6B6E6F776E110D06636F656467650CFFFFFFFF04FFFFFFFF0CFFFFFFFF0C090000000C
310
160000000CFFFFFFFF0C170000000A0C0500000004000000000CFFFFFFFF110D04656467650CFFFFFFFF04FFFFFFFF0CFFFFFFFF0C100000000600000000000000000C180000000600000000000000400C090000000C190000000B0707756E6B6E6F776E110D067665727465780CFFFFFFFF04FFFFFFFF0CFFFFFFFF0C0A00
310
000004020000000C1A000000110D067665727465780CFFFFFFFF04FFFFFFFF0CFFFFFFFF0C0A00000004020000000C1B000000110E0873747261696768740D0563757276650CFFFFFFFF04FFFFFFFF0CFFFFFFFF1380A08FC7B4873D400FA08CD932B68B4000000000000000001402F01584A87DE83FFE3F3B1B9898E43F00
310
000000000000000B0B110D06636F656467650CFFFFFFFF04FFFFFFFF0CFFFFFFFF0C1C0000000C0B0000000CFFFFFFFF0C1D0000000A0C0500000004000000000CFFFFFFFF110D04656467650CFFFFFFFF04FFFFFFFF0CFFFFFFFF0C1E0000000600000000000000000C140000000600A099999999D93F0C0B0000000C1F00
310
00000B0707756E6B6E6F776E110D067665727465780CFFFFFFFF04FFFFFFFF0CFFFFFFFF0C1300000004020000000C20000000110E07656C6C697073650D0563757276650CFFFFFFFF04FFFFFFFF0CFFFFFFFF138090B3149DC93D4079374CE2BFB38B40000000000000000014000000000000000000000000000000000000
310
00000000F03F14BA9099999999D93FF23F370A6E54A0BC000000000000000006000000000000F03F0B0B110D06636F656467650CFFFFFFFF04FFFFFFFF0CFFFFFFFF0C0D0000000C210000000CFFFFFFFF0C220000000B0C0500000004000000000CFFFFFFFF110D04656467650CFFFFFFFF04FFFFFFFF0CFFFFFFFF0C1800
310
00000600000000000000000C2300000006F4414C503C5301400C0D0000000C240000000B0707756E6B6E6F776E110D067665727465780CFFFFFFFF04FFFFFFFF0CFFFFFFFF0C0E00000004020000000C25000000110E0873747261696768740D0563757276650CFFFFFFFF04FFFFFFFF0CFFFFFFFF1380F7197B03303F40EF
310
69F77C59C18B40000000000000000014000000000000F03F0217C58C8969B4BC00000000000000000B0B110D05706F696E740CFFFFFFFF04FFFFFFFF0CFFFFFFFF1380A08FC7B4873D400FA08CD932B68B400000000000000000110D05706F696E740CFFFFFFFF04FFFFFFFF0CFFFFFFFF1380F7197B03303F40EF69F77C59
310
C18B400000000000000000110D06636F656467650CFFFFFFFF04FFFFFFFF0CFFFFFFFF0C260000000C120000000CFFFFFFFF0C270000000A0C0500000004000000000CFFFFFFFF110D04656467650CFFFFFFFF04FFFFFFFF0CFFFFFFFF0C280000000600000000000000000C1E0000000600F467769799F93F0C120000000C
310
290000000B0707756E6B6E6F776E110D067665727465780CFFFFFFFF04FFFFFFFF0CFFFFFFFF0C1D00000004020000000C2A000000110E0873747261696768740D0563757276650CFFFFFFFF04FFFFFFFF0CFFFFFFFF1300F8197B03303E40470419AF8CB08B40000000000000000014000000000000F0BF0217C58C8969B4
310
3C00000000000000000B0B110D05706F696E740CFFFFFFFF04FFFFFFFF0CFFFFFFFF138091B3149DC93D40470419AF8CB08B400000000000000000110D06636F656467650CFFFFFFFF04FFFFFFFF0CFFFFFFFF0C160000000C2B0000000CFFFFFFFF0C2C0000000A0C0500000004000000000CFFFFFFFF110D04656467650C
310
FFFFFFFF04FFFFFFFF0CFFFFFFFF0C2D0000000618554454FB21F9BF0C23000000069575FDC3E2E3EB3F0C160000000C2E0000000B0707756E6B6E6F776E110D067665727465780CFFFFFFFF04FFFFFFFF0CFFFFFFFF0C1700000004020000000C2F000000110E0873747261696768740D0563757276650CFFFFFFFF04FFFF
310
FFFF0CFFFFFFFF13C0FB8CBD01984040EF69F77C59C18B40000000000000000014FEEF1584A87DE83F02403B1B9898E4BF00000000000000000B0B110D05706F696E740CFFFFFFFF04FFFFFFFF0CFFFFFFFF13C0FB8CBD01984040EF69F77C59C18B400000000000000000110D06636F656467650CFFFFFFFF04FFFFFFFF0C
310
FFFFFFFF0C300000000C1C0000000CFFFFFFFF0C310000000B0C0500000004000000000CFFFFFFFF110D04656467650CFFFFFFFF04FFFFFFFF0CFFFFFFFF0C320000000600000000000000000C280000000600A09499999905400C1C0000000C330000000B0707756E6B6E6F776E110D067665727465780CFFFFFFFF04FFFF
310
FFFF0CFFFFFFFF0C2700000004020000000C34000000110E0873747261696768740D0563757276650CFFFFFFFF04FFFFFFFF0CFFFFFFFF1380F7197B03303E404DD05DE3BFA38B40000000000000000014A39831318D02603D000000000000F03F00000000000000000B0B110D05706F696E740CFFFFFFFF04FFFFFFFF0CFF
310
FFFFFF1300F8197B03303E40470419AF8CB08B400000000000000000110D06636F656467650CFFFFFFFF04FFFFFFFF0CFFFFFFFF0C210000000C350000000CFFFFFFFF0C360000000A0C0500000004000000000CFFFFFFFF110D04656467650CFFFFFFFF04FFFFFFFF0CFFFFFFFF0C2D0000000600000000000000000C3700
310
000006008099999999D93F0C210000000C380000000B0707756E6B6E6F776E110D067665727465780CFFFFFFFF04FFFFFFFF0CFFFFFFFF0C2200000004020000000C39000000110E07656C6C697073650D0563757276650CFFFFFFFF04FFFFFFFF0CFFFFFFFF13402FC0F0344B414079374CE2BFB38B400000000000000000
310
1400000000000000000000000000000000000000000000F03F14BA9099999999D93FF23F370A6E54A0BC000000000000000006000000000000F03F0B0B110D05706F696E740CFFFFFFFF04FFFFFFFF0CFFFFFFFF1340275217296C41400FA08CD932B68B400000000000000000110D06636F656467650CFFFFFFFF04FFFFFF
310
FF0CFFFFFFFF0C3A0000000C260000000CFFFFFFFF0C3B0000000A0C0500000004000000000CFFFFFFFF110D04656467650CFFFFFFFF04FFFFFFFF0CFFFFFFFF0C32000000066E624454FB21F93F0C3C00000006C2334454FB2109400C260000000C3D0000000B0707756E6B6E6F776E110D067665727465780CFFFFFFFF04
310
FFFFFFFF0CFFFFFFFF0C3100000004020000000C3E000000110E0873747261696768740D0563757276650CFFFFFFFF04FFFFFFFF0CFFFFFFFF138063E747D07C3B4055D05DE3BFA38B40000000000000000014000000000000F03F463163621A0550BD00000000000000000B0B110D05706F696E740CFFFFFFFF04FFFFFFFF
310
0CFFFFFFFF1380F7197B03303E404DD05DE3BFA38B400000000000000000110D06636F656467650CFFFFFFFF04FFFFFFFF0CFFFFFFFF0C2B0000000C3F0000000CFFFFFFFF0C400000000A0C0500000004000000000CFFFFFFFF110D04656467650CFFFFFFFF04FFFFFFFF0CFFFFFFFF0C370000000600000000000000000C
310
410000000600E067769799F93F0C2B0000000C420000000B0707756E6B6E6F776E110D067665727465780CFFFFFFFF04FFFFFFFF0CFFFFFFFF0C2C00000004020000000C43000000110E0873747261696768740D0563757276650CFFFFFFFF04FFFFFFFF0CFFFFFFFF13C02EC0F0344B4140470419AF8CB08B400000000000
310
00000014000000000000F0BF5D67CECE72FD67BD00000000000000000B0B110D05706F696E740CFFFFFFFF04FFFFFFFF0CFFFFFFFF13C02EC0F0344B4140470419AF8CB08B400000000000000000110D06636F656467650CFFFFFFFF04FFFFFFFF0CFFFFFFFF0C440000000C300000000CFFFFFFFF0C450000000B0C050000
310
0004000000000CFFFFFFFF110D04656467650CFFFFFFFF04FFFFFFFF0CFFFFFFFF0C46000000061F6EDBB66DDBB6BA0C3C0000000600666666666616400C300000000C470000000B0707756E6B6E6F776E110D067665727465780CFFFFFFFF04FFFFFFFF0CFFFFFFFF0C3B00000004020000000C48000000110E07656C6C69
310
7073650D0563757276650CFFFFFFFF04FFFFFFFF0CFFFFFFFF138064E747D07C3B40EF69F77C59A18B4000000000000000001400000000000000000000000000000000000000000000F03F14CD3033333333D33F59E5520FA57E98BC000000000000000006000000000000F03F0B0B110D05706F696E740CFFFFFFFF04FFFF
310
FFFF0CFFFFFFFF138063E747D07C3B4055D05DE3BFA38B400000000000000000110D06636F656467650CFFFFFFFF04FFFFFFFF0CFFFFFFFF0C350000000C490000000CFFFFFFFF0C4A0000000B0C0500000004000000000CFFFFFFFF110D04656467650CFFFFFFFF04FFFFFFFF0CFFFFFFFF0C410000000600000000000000
310
000C4B0000000600909499999905400C350000000C4C0000000B0707756E6B6E6F776E110D067665727465780CFFFFFFFF04FFFFFFFF0CFFFFFFFF0C3600000004020000000C4D000000110E0873747261696768740D0563757276650CFFFFFFFF04FFFFFFFF0CFFFFFFFF13C0FB8CBD01184140450419AF8CB08B40000000
310
0000000000140217C58C8969B4BC000000000000F0BF00000000000000000B0B110D05706F696E740CFFFFFFFF04FFFFFFFF0CFFFFFFFF13C0FB8CBD01184140450419AF8CB08B400000000000000000110D06636F656467650CFFFFFFFF04FFFFFFFF0CFFFFFFFF0C4E0000000C3A0000000CFFFFFFFF0C4F0000000A0C05
310
00000004000000000CFFFFFFFF110D04656467650CFFFFFFFF04FFFFFFFF0CFFFFFFFF0C4600000006182D4454FB2109C00C5000000006182D4454FB21F9BF0C3A0000000C510000000B0707756E6B6E6F776E110D067665727465780CFFFFFFFF04FFFFFFFF0CFFFFFFFF0C4500000004020000000C52000000110E087374
310
7261696768740D0563757276650CFFFFFFFF04FFFFFFFF0CFFFFFFFF1380961A7B03303B40219D2AB08C748B400000000000000000140217C58C8969B43C000000000000F03F00000000000000000B0B110D05706F696E740CFFFFFFFF04FFFFFFFF0CFFFFFFFF1380971A7B03303B40ED69F77C59A18B4000000000000000
310
00110D06636F656467650CFFFFFFFF04FFFFFFFF0CFFFFFFFF0C3F0000000C530000000CFFFFFFFF0C540000000A0C0500000004000000000CFFFFFFFF110D04656467650CFFFFFFFF04FFFFFFFF0CFFFFFFFF0C550000000600000000000000000C4B00000006182D4454FB21F93F0C3F0000000C560000000B0707756E6B
310
6E6F776E110D067665727465780CFFFFFFFF04FFFFFFFF0CFFFFFFFF0C4000000004020000000C57000000110E0873747261696768740D0563757276650CFFFFFFFF04FFFFFFFF0CFFFFFFFF13C0FB8CBD0118414055D05DE3BFA38B40000000000000000014000000000000F03F463163621A0550BD00000000000000000B
310
0B110D05706F696E740CFFFFFFFF04FFFFFFFF0CFFFFFFFF13C0FB8CBD0118414055D05DE3BFA38B400000000000000000110D06636F656467650CFFFFFFFF04FFFFFFFF0CFFFFFFFF0C580000000C440000000CFFFFFFFF0C590000000A0C0500000004000000000CFFFFFFFF110D04656467650CFFFFFFFF04FFFFFFFF0C
310
FFFFFFFF0C5A0000000600000000000000000C50000000060010204430D3F73F0C440000000C5B0000000B0707756E6B6E6F776E110D067665727465780CFFFFFFFF04FFFFFFFF0CFFFFFFFF0C4F00000004020000000C5C000000110E07656C6C697073650D0563757276650CFFFFFFFF04FFFFFFFF0CFFFFFFFF138063E7
310
47D07C3B40219D2AB08C748B4000000000000000001400000000000000000000000000000000000000000000F03F14346333333333D33FA625530FA57E98BC000000000000000006000000000000F03F0B0B110D05706F696E740CFFFFFFFF04FFFFFFFF0CFFFFFFFF1300961A7B03303B40219D2AB08C748B400000000000
310
000000110D06636F656467650CFFFFFFFF04FFFFFFFF0CFFFFFFFF0C490000000C5D0000000CFFFFFFFF0C5E0000000B0C0500000004000000000CFFFFFFFF110D04656467650CFFFFFFFF04FFFFFFFF0CFFFFFFFF0C55000000062A70DBB66DDBB63A0C5F0000000600646666666616400C490000000C600000000B070775
310
6E6B6E6F776E110D067665727465780CFFFFFFFF04FFFFFFFF0CFFFFFFFF0C4A00000004020000000C61000000110E07656C6C697073650D0563757276650CFFFFFFFF04FFFFFFFF0CFFFFFFFF13C04426579B714240E569F77C59A18B4000000000000000001400000000000000000000000000000000000000000000F03F
310
14346333333333D33FA625530FA57E98BC000000000000000006000000000000F03F0B0B110D05706F696E740CFFFFFFFF04FFFFFFFF0CFFFFFFFF13C04426579B71424051D05DE3BFA38B400000000000000000110D06636F656467650CFFFFFFFF04FFFFFFFF0CFFFFFFFF0C620000000C4E0000000CFFFFFFFF0C630000
310
000B0C0500000004000000000CFFFFFFFF110D04656467650CFFFFFFFF04FFFFFFFF0CFFFFFFFF0C6400000006F4D1976F2C6CF0BF0C5A00000006186D4554FB21F93F0C4E0000000C650000000B0707756E6B6E6F776E110D067665727465780CFFFFFFFF04FFFFFFFF0CFFFFFFFF0C5900000004020000000C6600000011
310
0E0873747261696768740D0563757276650CFFFFFFFF04FFFFFFFF0CFFFFFFFF138064294C03FA3C40B536C44926728B40000000000000000014000000000000F0BF0217C58C8969B43C00000000000000000B0B110D05706F696E740CFFFFFFFF04FFFFFFFF0CFFFFFFFF138063E747D07C3B40B536C44926728B40000000
310
0000000000110D06636F656467650CFFFFFFFF04FFFFFFFF0CFFFFFFFF0C530000000C670000000CFFFFFFFF0C680000000A0C0500000004000000000CFFFFFFFF110D04656467650CFFFFFFFF04FFFFFFFF0CFFFFFFFF0C6900000006182D4454FB21F9BF0C5F0000000600B0FFFFFFFF83BD0C530000000C6A0000000B07
310
07756E6B6E6F776E110D067665727465780CFFFFFFFF04FFFFFFFF0CFFFFFFFF0C5400000004020000000C6B000000110E0873747261696768740D0563757276650CFFFFFFFF04FFFFFFFF0CFFFFFFFF1340AB8CBD01984240E569F77C59A18B400000000000000000140217C58C8969B4BC000000000000F0BF0000000000
310
0000000B0B110D05706F696E740CFFFFFFFF04FFFFFFFF0CFFFFFFFF1380AB8CBD01984240E569F77C59A18B400000000000000000110D06636F656467650CFFFFFFFF04FFFFFFFF0CFFFFFFFF0C6C0000000C580000000CFFFFFFFF0C6D0000000B0C0500000004000000000CFFFFFFFF110D04656467650CFFFFFFFF04FF
310
FFFFFF0CFFFFFFFF0C640000000611DC771CE5EB00400C6E00000006E80AC027914A04400C580000000C6F0000000B0707756E6B6E6F776E110D067665727465780CFFFFFFFF04FFFFFFFF0CFFFFFFFF0C6300000004020000000C70000000110E07656C6C697073650D0563757276650CFFFFFFFF04FFFFFFFF0CFFFFFFFF
310
138068294C03FA3C40859C2AB08C708B4000000000000000001400000000000000000000000000000000000000000000F03F14DBFCA2999999C93F9A423D0A6E5490BC000000000000000006000000000000F03F0B0B110D05706F696E740CFFFFFFFF04FFFFFFFF0CFFFFFFFF138064294C03FA3C40B536C44926728B4000
310
00000000000000110D06636F656467650CFFFFFFFF04FFFFFFFF0CFFFFFFFF0C5D0000000C710000000CFFFFFFFF0C720000000A0C0500000004000000000CFFFFFFFF110D04656467650CFFFFFFFF04FFFFFFFF0CFFFFFFFF0C690000000600000000000000000C73000000060000204430D3F73F0C5D0000000C74000000
310
0B0707756E6B6E6F776E110D067665727465780CFFFFFFFF04FFFFFFFF0CFFFFFFFF0C5E00000004020000000C75000000110E07656C6C697073650D0563757276650CFFFFFFFF04FFFFFFFF0CFFFFFFFF13C04426579B714240239D2AB08C748B400000000000000000140000000000000000000000000000000000000000
310
0000F03F14CD7033333333D33FFF36530FA57E98BC000000000000000006000000000000F03F0B0B110D05706F696E740CFFFFFFFF04FFFFFFFF0CFFFFFFFF13C0AB8CBD019842401D9D2AB08C748B400000000000000000110D06636F656467650CFFFFFFFF04FFFFFFFF0CFFFFFFFF0C760000000C620000000CFFFFFFFF
310
0C770000000A0C0500000004000000000CFFFFFFFF110D04656467650CFFFFFFFF04FFFFFFFF0CFFFFFFFF0C6E00000006FD13C027914A04400C7800000006401D023E46B616400C620000000C790000000B0707756E6B6E6F776E110D067665727465780CFFFFFFFF04FFFFFFFF0CFFFFFFFF0C6D00000004020000000C7A
310
000000110E07656C6C697073650D0563757276650CFFFFFFFF04FFFFFFFF0CFFFFFFFF1340FA8CBD011840405F68D3961E468B4000000000000000001400000000000000000000000000000000000000000000F03F1498F7FFFFFFFF1740CA9727534E9EDEBC000000000000000006000000000000F03F0B0B110D05706F69
310
6E740CFFFFFFFF04FFFFFFFF0CFFFFFFFF138057B56E87143D402392404C2E6F8B400000000000000000110D06636F656467650CFFFFFFFF04FFFFFFFF0CFFFFFFFF0C670000000C760000000CFFFFFFFF0C7B0000000B0C0500000004000000000CFFFFFFFF110D04656467650CFFFFFFFF04FFFFFFFF0CFFFFFFFF0C7300
310
000006189D4254FB21F93F0C7C00000006B1D607C608AC10400C670000000C7D0000000B0707756E6B6E6F776E110D067665727465780CFFFFFFFF04FFFFFFFF0CFFFFFFFF0C6800000004020000000C7E000000110E0873747261696768740D0563757276650CFFFFFFFF04FFFFFFFF0CFFFFFFFF13C04426579B714240B5
310
36C44926728B40000000000000000014000000000000F0BF0217C58C8969B43C00000000000000000B0B110D05706F696E740CFFFFFFFF04FFFFFFFF0CFFFFFFFF13C04426579B714240B536C44926728B400000000000000000110D06636F656467650CFFFFFFFF04FFFFFFFF0CFFFFFFFF0C710000000C6C0000000CFFFF
310
FFFF0C7F0000000B0C0500000004000000000CFFFFFFFF110D04656467650CFFFFFFFF04FFFFFFFF0CFFFFFFFF0C8000000006488310B2A85DE33F0C7800000006260CC027914A04400C6C0000000C810000000B0707756E6B6E6F776E110D067665727465780CFFFFFFFF04FFFFFFFF0CFFFFFFFF0C770000000402000000
310
0C82000000110E07656C6C697073650D0563757276650CFFFFFFFF04FFFFFFFF0CFFFFFFFF1380B51EC313AA3B40B3D800D2265F8B4000000000000000001400000000000000000000000000000000000000000000F03F14E70C00000000E03F7827C58C8969A4BC000000000000000006000000000000F03F0B0B110D0570
310
6F696E740CFFFFFFFF04FFFFFFFF0CFFFFFFFF138080936CCF403B402DFA04636D618B400000000000000000110D04656467650CFFFFFFFF04FFFFFFFF0CFFFFFFFF0C8300000006127F10B2A85DE33F0C7C00000006C49D986F2C6CF03F0C710000000C840000000B0707756E6B6E6F776E110D067665727465780CFFFFFF
310
FF04FFFFFFFF0CFFFFFFFF0C7200000004020000000C85000000110E07656C6C697073650D0563757276650CFFFFFFFF04FFFFFFFF0CFFFFFFFF13404205D501B34140899C2AB08C708B4000000000000000001400000000000000000000000000000000000000000000F03F1476B2A2999999C93F26133D0A6E5490BC0000
310
00000000000006000000000000F03F0B0B110D05706F696E740CFFFFFFFF04FFFFFFFF0CFFFFFFFF13C04405D501B34140B536C44926728B400000000000000000110D04656467650CFFFFFFFF04FFFFFFFF0CFFFFFFFF0C80000000065606C027914A04C00C830000000667BA10B2A85DE33F0C760000000C860000000B07
310
07756E6B6E6F776E110D067665727465780CFFFFFFFF04FFFFFFFF0CFFFFFFFF0C7F00000004020000000C87000000110E07656C6C697073650D0563757276650CFFFFFFFF04FFFFFFFF0CFFFFFFFF13C0FB8CBD011840405D68D3961E468B4000000000000000001400000000000000000000000000000000000000000000
310
F03F14C3FFFFFFFFFF1340755CF6EFEB83D9BC000000000000000006000000000000F03F0B0B110D05706F696E740CFFFFFFFF04FFFFFFFF0CFFFFFFFF1380EAA91958133C4035B7FC40E05C8B400000000000000000110D067665727465780CFFFFFFFF04FFFFFFFF0CFFFFFFFF0C7B00000004020000000C88000000110E
310
07656C6C697073650D0563757276650CFFFFFFFF04FFFFFFFF0CFFFFFFFF1340F98CBD011840405568D3961E468B4000000000000000001400000000000000000000000000000000000000000000F03F14B20B0000000018406FB127534E9EDEBC000000000000000006000000000000F03F0B0B110D05706F696E740CFFFF
310
FFFF04FFFFFFFF0CFFFFFFFF13C049BFC3BFA541403592404C2E6F8B400000000000000000110E07656C6C697073650D0563757276650CFFFFFFFF04FFFFFFFF0CFFFFFFFF13409C8A99F95A4240B1D800D2265F8B4000000000000000001400000000000000000000000000000000000000000000F03F14DBCAFFFFFFFFDF
310
3F1CF5C48C8969A4BC000000000000000006000000000000F03F0B0B110D05706F696E740CFFFFFFFF04FFFFFFFF0CFFFFFFFF138002456E5726424037B7FC40E05C8B400000000000000000110D05706F696E740CFFFFFFFF04FFFFFFFF0CFFFFFFFF13C035D0C49B8F42402DFA04636D618B400000000000000000110E03
310
456E640E026F660E0341534D0D0464617461
  0
ENDSEC
  0
EOF
