  0
SECTION
  2
HEADER
  9
$ACADVER
  1
AC1027
  9
$ACADMAINTVER
 70
     8
  9
$DWGCODEPAGE
  3
ANSI_1254
  9
$REQUIREDVERSIONS
160
                 0
  9
$INSBASE
 10
0.0
 20
0.0
 30
0.0
  9
$EXTMIN
 10
-84895.69519469284
 20
-16016.59571391443
 30
-70.63299790526267
  9
$EXTMAX
 10
34856.17922438902
 20
53953.11707225569
 30
0.1670391624793321
  9
$LIMMIN
 10
0.0
 20
0.0
  9
$LIMMAX
 10
420.0
 20
297.0
  9
$ORTHOMODE
 70
     0
  9
$REGENMODE
 70
     1
  9
$FILLMODE
 70
     1
  9
$QTEXTMODE
 70
     0
  9
$MIRRTEXT
 70
     0
  9
$LTSCALE
 40
1.0
  9
$ATTMODE
 70
     1
  9
$TEXTSIZE
 40
2.5
  9
$TRACEWID
 40
1.0
  9
$TEXTSTYLE
  7
Standard
  9
$CLAYER
  8
KOMPOZIT
  9
$CELTYPE
  6
ByLayer
  9
$CECOLOR
 62
   256
  9
$CELTSCALE
 40
1.0
  9
$DISPSILH
 70
     0
  9
$DIMSCALE
 40
1.0
  9
$DIMASZ
 40
2.5
  9
$DIMEXO
 40
0.625
  9
$DIMDLI
 40
3.75
  9
$DIMRND
 40
0.0
  9
$DIMDLE
 40
0.0
  9
$DIMEXE
 40
1.25
  9
$DIMTP
 40
0.0
  9
$DIMTM
 40
0.0
  9
$DIMTXT
 40
2.5
  9
$DIMCEN
 40
2.5
  9
$DIMTSZ
 40
0.0
  9
$DIMTOL
 70
     0
  9
$DIMLIM
 70
     0
  9
$DIMTIH
 70
     0
  9
$DIMTOH
 70
     0
  9
$DIMSE1
 70
     0
  9
$DIMSE2
 70
     0
  9
$DIMTAD
 70
     1
  9
$DIMZIN
 70
     8
  9
$DIMBLK
  1

  9
$DIMASO
 70
     1
  9
$DIMSHO
 70
     1
  9
$DIMPOST
  1

  9
$DIMAPOST
  1

  9
$DIMALT
 70
     0
  9
$DIMALTD
 70
     3
  9
$DIMALTF
 40
0.03937007874016
  9
$DIMLFAC
 40
1.0
  9
$DIMTOFL
 70
     1
  9
$DIMTVP
 40
0.0
  9
$DIMTIX
 70
     0
  9
$DIMSOXD
 70
     0
  9
$DIMSAH
 70
     0
  9
$DIMBLK1
  1

  9
$DIMBLK2
  1

  9
$DIMSTYLE
  2
ISO-25
  9
$DIMCLRD
 70
     0
  9
$DIMCLRE
 70
     0
  9
$DIMCLRT
 70
     0
  9
$DIMTFAC
 40
1.0
  9
$DIMGAP
 40
0.625
  9
$DIMJUST
 70
     0
  9
$DIMSD1
 70
     0
  9
$DIMSD2
 70
     0
  9
$DIMTOLJ
 70
     0
  9
$DIMTZIN
 70
     8
  9
$DIMALTZ
 70
     0
  9
$DIMALTTZ
 70
     0
  9
$DIMUPT
 70
     0
  9
$DIMDEC
 70
     2
  9
$DIMTDEC
 70
     2
  9
$DIMALTU
 70
     2
  9
$DIMALTTD
 70
     3
  9
$DIMTXSTY
  7
Standard
  9
$DIMAUNIT
 70
     0
  9
$DIMADEC
 70
     0
  9
$DIMALTRND
 40
0.0
  9
$DIMAZIN
 70
     0
  9
$DIMDSEP
 70
    44
  9
$DIMATFIT
 70
     3
  9
$DIMFRAC
 70
     0
  9
$DIMLDRBLK
  1

  9
$DIMLUNIT
 70
     2
  9
$DIMLWD
 70
    -2
  9
$DIMLWE
 70
    -2
  9
$DIMTMOVE
 70
     0
  9
$DIMFXL
 40
1.0
  9
$DIMFXLON
 70
     0
  9
$DIMJOGANG
 40
0.7853981633974483
  9
$DIMTFILL
 70
     0
  9
$DIMTFILLCLR
 70
     0
  9
$DIMARCSYM
 70
     0
  9
$DIMLTYPE
  6

  9
$DIMLTEX1
  6

  9
$DIMLTEX2
  6

  9
$DIMTXTDIRECTION
 70
     0
  9
$LUNITS
 70
     2
  9
$LUPREC
 70
     4
  9
$SKETCHINC
 40
1.0
  9
$FILLETRAD
 40
0.0
  9
$AUNITS
 70
     0
  9
$AUPREC
 70
     0
  9
$MENU
  1
.
  9
$ELEVATION
 40
0.0
  9
$PELEVATION
 40
0.0
  9
$THICKNESS
 40
0.0
  9
$LIMCHECK
 70
     0
  9
$CHAMFERA
 40
0.0
  9
$CHAMFERB
 40
0.0
  9
$CHAMFERC
 40
0.0
  9
$CHAMFERD
 40
0.0
  9
$SKPOLY
 70
     0
  9
$TDCREATE
 40
2455827.480789155
  9
$TDUCREATE
 40
2455827.355789155
  9
$TDUPDATE
 40
2461292.873229167
  9
$TDUUPDATE
 40
2461292.748229167
  9
$TDINDWG
 40
37.9691976620
  9
$TDUSRTIMER
 40
37.9691975347
  9
$USRTIMER
 70
     1
  9
$ANGBASE
 50
0.0
  9
$ANGDIR
 70
     0
  9
$PDMODE
 70
     0
  9
$PDSIZE
 40
0.0
  9
$PLINEWID
 40
0.0
  9
$SPLFRAME
 70
     0
  9
$SPLINETYPE
 70
     6
  9
$SPLINESEGS
 70
     8
  9
$HANDSEED
  5
1FC
  9
$SURFTAB1
 70
     6
  9
$SURFTAB2
 70
     6
  9
$SURFTYPE
 70
     6
  9
$SURFU
 70
     6
  9
$SURFV
 70
     6
  9
$UCSBASE
  2

  9
$UCSNAME
  2

  9
$UCSORG
 10
0.0
 20
0.0
 30
0.0
  9
$UCSXDIR
 10
1.0
 20
0.0
 30
0.0
  9
$UCSYDIR
 10
0.0
 20
1.0
 30
0.0
  9
$UCSORTHOREF
  2

  9
$UCSORTHOVIEW
 70
     0
  9
$UCSORGTOP
 10
0.0
 20
0.0
 30
0.0
  9
$UCSORGBOTTOM
 10
0.0
 20
0.0
 30
0.0
  9
$UCSORGLEFT
 10
0.0
 20
0.0
 30
0.0
  9
$UCSORGRIGHT
 10
0.0
 20
0.0
 30
0.0
  9
$UCSORGFRONT
 10
0.0
 20
0.0
 30
0.0
  9
$UCSORGBACK
 10
0.0
 20
0.0
 30
0.0
  9
$PUCSBASE
  2

  9
$PUCSNAME
  2

  9
$PUCSORG
 10
0.0
 20
0.0
 30
0.0
  9
$PUCSXDIR
 10
1.0
 20
0.0
 30
0.0
  9
$PUCSYDIR
 10
0.0
 20
1.0
 30
0.0
  9
$PUCSORTHOREF
  2

  9
$PUCSORTHOVIEW
 70
     0
  9
$PUCSORGTOP
 10
0.0
 20
0.0
 30
0.0
  9
$PUCSORGBOTTOM
 10
0.0
 20
0.0
 30
0.0
  9
$PUCSORGLEFT
 10
0.0
 20
0.0
 30
0.0
  9
$PUCSORGRIGHT
 10
0.0
 20
0.0
 30
0.0
  9
$PUCSORGFRONT
 10
0.0
 20
0.0
 30
0.0
  9
$PUCSORGBACK
 10
0.0
 20
0.0
 30
0.0
  9
$USERI1
 70
     0
  9
$USERI2
 70
     0
  9
$USERI3
 70
     0
  9
$USERI4
 70
     0
  9
$USERI5
 70
     0
  9
$USERR1
 40
0.0
  9
$USERR2
 40
0.0
  9
$USERR3
 40
0.0
  9
$USERR4
 40
0.0
  9
$USERR5
 40
0.0
  9
$WORLDVIEW
 70
     1
  9
$SHADEDGE
 70
     3
  9
$SHADEDIF
 70
    70
  9
$TILEMODE
 70
     1
  9
$MAXACTVP
 70
    64
  9
$PINSBASE
 10
0.0
 20
0.0
 30
0.0
  9
$PLIMCHECK
 70
     0
  9
$PEXTMIN
 10
29.06818420886992
 20
20.36233246326446
 30
0.0
  9
$PEXTMAX
 10
261.6136578798294
 20
183.2609921693802
 30
0.0
  9
$PLIMMIN
 10
-3.17498779296875
 20
-3.174999952316283
  9
$PLIMMAX
 10
293.8568420410156
 20
206.7983276844024
  9
$UNITMODE
 70
     0
  9
$VISRETAIN
 70
     1
  9
$PLINEGEN
 70
     0
  9
$PSLTSCALE
 70
     1
  9
$TREEDEPTH
 70
  3020
  9
$CMLSTYLE
  2
Standard
  9
$CMLJUST
 70
     0
  9
$CMLSCALE
 40
20.0
  9
$PROXYGRAPHICS
 70
     1
  9
$MEASUREMENT
 70
     1
  9
$CELWEIGHT
370
    -1
  9
$ENDCAPS
280
     0
  9
$JOINSTYLE
280
     0
  9
$LWDISPLAY
290
     0
  9
$INSUNITS
 70
     4
  9
$HYPERLINKBASE
  1

  9
$STYLESHEET
  1

  9
$XEDIT
290
     1
  9
$CEPSNTYPE
380
     0
  9
$PSTYLEMODE
290
     1
  9
$FINGERPRINTGUID
  2
{0FBC4B0C-81FF-4424-988B-0809C53C510A}
  9
$VERSIONGUID
  2
{4D858408-9826-4960-8CB5-161250C906A5}
  9
$EXTNAMES
290
     1
  9
$PSVPSCALE
 40
0.0
  9
$OLESTARTUP
290
     0
  9
$SORTENTS
280
   127
  9
$INDEXCTL
280
     0
  9
$HIDETEXT
280
     1
  9
$XCLIPFRAME
280
     2
  9
$HALOGAP
280
     0
  9
$OBSCOLOR
 70
   257
  9
$OBSLTYPE
280
     0
  9
$INTERSECTIONDISPLAY
280
     0
  9
$INTERSECTIONCOLOR
 70
   257
  9
$DIMASSOC
280
     2
  9
$PROJECTNAME
  1

  9
$CAMERADISPLAY
290
     0
  9
$LENSLENGTH
 40
50.0
  9
$CAMERAHEIGHT
 40
0.0
  9
$STEPSPERSEC
 40
2.0
  9
$STEPSIZE
 40
6.0
  9
$3DDWFPREC
 40
2.0
  9
$PSOLWIDTH
 40
5.0
  9
$PSOLHEIGHT
 40
80.0
  9
$LOFTANG1
 40
1.570796326794896
  9
$LOFTANG2
 40
1.570796326794896
  9
$LOFTMAG1
 40
0.0
  9
$LOFTMAG2
 40
0.0
  9
$LOFTPARAM
 70
     7
  9
$LOFTNORMALS
280
     1
  9
$LATITUDE
 40
37.795
  9
$LONGITUDE
 40
-122.394
  9
$NORTHDIRECTION
 40
0.0
  9
$TIMEZONE
 70
 -8000
  9
$LIGHTGLYPHDISPLAY
280
     1
  9
$TILEMODELIGHTSYNCH
280
     1
  9
$CMATERIAL
347
4F
  9
$SOLIDHIST
280
     1
  9
$SHOWHIST
280
     1
  9
$DWFFRAME
280
     2
  9
$DGNFRAME
280
     0
  9
$REALWORLDSCALE
290
     1
  9
$INTERFERECOLOR
 62
     1
  9
$INTERFEREOBJVS
345
5F
  9
$INTERFEREVPVS
346
60
  9
$CSHADOW
280
     0
  9
$SHADOWPLANELOCATION
 40
0.0
  0
ENDSEC
  0
SECTION
  2
CLASSES
  0
CLASS
  1
ACDBDICTIONARYWDFLT
  2
AcDbDictionaryWithDefault
  3
ObjectDBX Classes
 90
        0
 91
        1
280
     0
281
     0
  0
CLASS
  1
DICTIONARYVAR
  2
AcDbDictionaryVar
  3
ObjectDBX Classes
 90
        0
 91
        5
280
     0
281
     0
  0
CLASS
  1
TABLESTYLE
  2
AcDbTableStyle
  3
ObjectDBX Classes
 90
     4095
 91
        1
280
     0
281
     0
  0
CLASS
  1
MATERIAL
  2
AcDbMaterial
  3
ObjectDBX Classes
 90
     1153
 91
        3
280
     0
281
     0
  0
CLASS
  1
VISUALSTYLE
  2
AcDbVisualStyle
  3
ObjectDBX Classes
 90
     4095
 91
        3
280
     0
281
     0
  0
CLASS
  1
SCALE
  2
AcDbScale
  3
ObjectDBX Classes
 90
     1153
 91
       17
280
     0
281
     0
  0
CLASS
  1
MLEADERSTYLE
  2
AcDbMLeaderStyle
  3
ACDB_MLEADERSTYLE_CLASS
 90
     4095
 91
        0
280
     0
281
     0
  0
CLASS
  1
CELLSTYLEMAP
  2
AcDbCellStyleMap
  3
ObjectDBX Classes
 90
     1152
 91
        1
280
     0
281
     0
  0
CLASS
  1
EXACXREFPANELOBJECT
  2
ExAcXREFPanelObject
  3
EXAC_ESW
 90
     1025
 91
        0
280
     1
281
     0
  0
CLASS
  1
NPOCOLLECTION
  2
AcDbImpNonPersistentObjectsCollection
  3
ObjectDBX Classes
 90
     1153
 91
        0
280
     0
281
     0
  0
CLASS
  1
LAYER_INDEX
  2
AcDbLayerIndex
  3
ObjectDBX Classes
 90
        0
 91
        0
280
     0
281
     0
  0
CLASS
  1
SPATIAL_INDEX
  2
AcDbSpatialIndex
  3
ObjectDBX Classes
 90
        0
 91
        0
280
     0
281
     0
  0
CLASS
  1
IDBUFFER
  2
AcDbIdBuffer
  3
ObjectDBX Classes
 90
        0
 91
        0
280
     0
281
     0
  0
CLASS
  1
ACAD_EVALUATION_GRAPH
  2
AcDbEvalGraph
  3
ObjectDBX Classes
 90
     1153
 91
        0
280
     0
281
     0
  0
CLASS
  1
BLOCKLINEARPARAMETER
  2
AcDbBlockLinearParameter
  3
ObjectDBX Classes
 90
     1153
 91
        0
280
     0
281
     0
  0
CLASS
  1
BLOCKLINEARGRIP
  2
AcDbBlockLinearGrip
  3
ObjectDBX Classes
 90
     1153
 91
        0
280
     0
281
     0
  0
CLASS
  1
BLOCKGRIPLOCATIONCOMPONENT
  2
AcDbBlockGripExpr
  3
ObjectDBX Classes
 90
     1153
 91
        0
280
     0
281
     0
  0
CLASS
  1
BLOCKARRAYACTION
  2
AcDbBlockArrayAction
  3
ObjectDBX Classes
 90
     1153
 91
        0
280
     0
281
     0
  0
CLASS
  1
ACDB_DYNAMICBLOCKPURGEPREVENTER_VERSION
  2
AcDbDynamicBlockPurgePreventer
  3
ObjectDBX Classes
 90
     1153
 91
        0
280
     0
281
     0
  0
CLASS
  1
ACDB_BLOCKREPRESENTATION_DATA
  2
AcDbBlockRepresentationData
  3
ObjectDBX Classes
 90
     1153
 91
        0
280
     0
281
     0
  0
CLASS
  1
SORTENTSTABLE
  2
AcDbSortentsTable
  3
ObjectDBX Classes
 90
        0
 91
        6
280
     0
281
     0
  0
CLASS
  1
AEC_REFEDIT_STATUS_TRACKER
  2
AecDbRefEditStatusTracker
  3
AecArchBase80|Product Desc: Autodesk Architectural Desktop 2007 |Company: Autodesk,Inc. |WEB Address: www.autodesk.com
 90
      129
 91
        0
280
     1
281
     0
  0
CLASS
  1
BLOCKSTRETCHACTION
  2
AcDbBlockStretchAction
  3
ObjectDBX Classes
 90
     1153
 91
        0
280
     0
281
     0
  0
CLASS
  1
ACDBSECTIONVIEWSTYLE
  2
AcDbSectionViewStyle
  3
ObjectDBX Classes
 90
     1025
 91
        0
280
     0
281
     0
  0
CLASS
  1
ACDBDETAILVIEWSTYLE
  2
AcDbDetailViewStyle
  3
ObjectDBX Classes
 90
     1025
 91
        0
280
     0
281
     0
  0
CLASS
  1
ACAECUSTOBJ
  2
AcAeEditorObj
  3
AcAeEditorObj
 90
     1024
 91
        0
280
     1
281
     0
  0
CLASS
  1
LINEARPARAMETERENTITY
  2
AcDbBlockLinearParameterEntity
  3
ObjectDBX Classes
 90
     1025
 91
        0
280
     0
281
     1
  0
CLASS
  1
ACAEEEMGROBJ
  2
AcAeEEMgrObj
  3
AcAeEEMgrObj
 90
     1024
 91
        0
280
     0
281
     0
  0
CLASS
  1
LINEARGRIPENTITY
  2
AcDbBlockLinearGripEntity
  3
ObjectDBX Classes
 90
     1025
 91
        0
280
     0
281
     1
  0
CLASS
  1
ARRAYACTIONENTITY
  2
AcDbBlockArrayActionEntity
  3
ObjectDBX Classes
 90
     1025
 91
        0
280
     0
281
     1
  0
CLASS
  1
STRETCHACTIONENTITY
  2
AcDbBlockStretchActionEntity
  3
ObjectDBX Classes
 90
     1025
 91
        0
280
     0
281
     1
  0
CLASS
  1
BLOCKMOVEACTION
  2
AcDbBlockMoveAction
  3
ObjectDBX Classes
 90
     1153
 91
        0
280
     0
281
     0
  0
CLASS
  1
DIMASSOC
  2
AcDbDimAssoc
  3
"AcDbDimAssoc|Product Desc:     AcDim ARX App For Dimension|Company:          Autodesk, Inc.|WEB Address:      www.autodesk.com"
 90
        0
 91
        0
280
     0
281
     0
  0
CLASS
  1
BLOCKSCALEACTION
  2
AcDbBlockScaleAction
  3
ObjectDBX Classes
 90
     1153
 91
        0
280
     0
281
     0
  0
CLASS
  1
MULTILEADER
  2
AcDbMLeader
  3
ACDB_MLEADER_CLASS
 90
     1025
 91
        0
280
     0
281
     1
  0
CLASS
  1
BLOCKBASEPOINTPARAMETER
  2
AcDbBlockBasepointParameter
  3
ObjectDBX Classes
 90
     1153
 91
        0
280
     0
281
     0
  0
CLASS
  1
DBCOLOR
  2
AcDbColor
  3
ObjectDBX Classes
 90
        0
 91
        0
280
     0
281
     0
  0
CLASS
  1
BASEPOINTPARAMETERENTITY
  2
AcDbBlockBasepointParameterEntity
  3
ObjectDBX Classes
 90
     1025
 91
        0
280
     0
281
     1
  0
CLASS
  1
IMAGEDEF
  2
AcDbRasterImageDef
  3
ISM
 90
        0
 91
        0
280
     0
281
     0
  0
CLASS
  1
RASTERVARIABLES
  2
AcDbRasterVariables
  3
ISM
 90
        0
 91
        0
280
     0
281
     0
  0
CLASS
  1
IMAGEDEF_REACTOR
  2
AcDbRasterImageDefReactor
  3
ISM
 90
        1
 91
        0
280
     0
281
     0
  0
CLASS
  1
IMAGE
  2
AcDbRasterImage
  3
ISM
 90
     2175
 91
        0
280
     0
281
     1
  0
CLASS
  1
WIPEOUT
  2
AcDbWipeout
  3
WipeOut|Product Desc: Object Enabler for WipeOut entity | Company: Autodesk, Inc. | WEB Address: www.autodesk.com
 90
     2175
 91
        0
280
     0
281
     1
  0
CLASS
  1
WIPEOUTVARIABLES
  2
AcDbWipeoutVariables
  3
"WipeOut|Product Desc:     WipeOut Dbx Application|Company:          Autodesk, Inc.|WEB Address:      www.autodesk.com"
 90
        0
 91
        0
280
     0
281
     0
  0
CLASS
  1
MOVEACTIONENTITY
  2
AcDbBlockMoveActionEntity
  3
ObjectDBX Classes
 90
     1025
 91
        0
280
     0
281
     1
  0
CLASS
  1
BLOCKVISIBILITYPARAMETER
  2
AcDbBlockVisibilityParameter
  3
ObjectDBX Classes
 90
     1153
 91
        0
280
     0
281
     0
  0
CLASS
  1
BLOCKVISIBILITYGRIP
  2
AcDbBlockVisibilityGrip
  3
ObjectDBX Classes
 90
     1153
 91
        0
280
     0
281
     0
  0
CLASS
  1
VISIBILITYPARAMETERENTITY
  2
AcDbBlockVisibilityParameterEntity
  3
ObjectDBX Classes
 90
     1025
 91
        0
280
     0
281
     1
  0
CLASS
  1
VISIBILITYGRIPENTITY
  2
AcDbBlockVisibilityGripEntity
  3
ObjectDBX Classes
 90
     1025
 91
        0
280
     0
281
     1
  0
CLASS
  1
BLOCKLOOKUPPARAMETER
  2
AcDbBlockLookupParameter
  3
ObjectDBX Classes
 90
     1153
 91
        0
280
     0
281
     0
  0
CLASS
  1
BLOCKLOOKUPGRIP
  2
AcDbBlockLookupGrip
  3
ObjectDBX Classes
 90
     1153
 91
        0
280
     0
281
     0
  0
CLASS
  1
BLOCKLOOKUPACTION
  2
AcDbBlockLookupAction
  3
ObjectDBX Classes
 90
     1153
 91
        0
280
     0
281
     0
  0
CLASS
  1
LOOKUPPARAMETERENTITY
  2
AcDbBlockLookupParameterEntity
  3
ObjectDBX Classes
 90
     1025
 91
        0
280
     0
281
     1
  0
CLASS
  1
LOOKUPGRIPENTITY
  2
AcDbBlockLookupGripEntity
  3
ObjectDBX Classes
 90
     1025
 91
        0
280
     0
281
     1
  0
CLASS
  1
LOOKUPACTIONENTITY
  2
AcDbBlockLookupActionEntity
  3
ObjectDBX Classes
 90
     1025
 91
        0
280
     0
281
     1
  0
CLASS
  1
RAPIDRTRENDERSETTINGS
  2
AcDbRapidRTRenderSettings
  3
ObjectDBX Classes
 90
     1024
 91
        0
280
     1
281
     0
  0
CLASS
  1
MENTALRAYRENDERSETTINGS
  2
AcDbMentalRayRenderSettings
  3
SCENEOE
 90
     1024
 91
        0
280
     1
281
     0
  0
CLASS
  1
ACDBASSOCPERSSUBENTMANAGER
  2
AcDbAssocPersSubentManager
  3
ObjectDBX Classes
 90
     1024
 91
        0
280
     0
281
     0
  0
CLASS
  1
ACAD_TABLE
  2
AcDbTable
  3
ObjectDBX Classes
 90
     1025
 91
        0
280
     0
281
     1
  0
CLASS
  1
TABLECONTENT
  2
AcDbTableContent
  3
ObjectDBX Classes
 90
     1152
 91
        0
280
     0
281
     0
  0
CLASS
  1
TABLEGEOMETRY
  2
AcDbTableGeometry
  3
ObjectDBX Classes
 90
     1152
 91
        0
280
     0
281
     0
  0
ENDSEC
  0
SECTION
  2
TABLES
  0
TABLE
  2
VPORT
  5
29
330
0
100
AcDbSymbolTable
 70
     1
1001
ACAD
1000
DbSaveVer
1071
      247
  0
VPORT
  5
2A
330
29
100
AcDbSymbolTableRecord
100
AcDbViewportTableRecord
  2
*Active
 70
     0
 10
0.0
 20
0.0
 11
1.0
 21
1.0
 12
-72807.83689809666
 22
40210.27204890712
 13
0.0
 23
0.0
 14
10.0
 24
10.0
 15
10.0
 25
10.0
 16
0.0
 26
0.0
 36
1.0
 17
0.0
 27
0.0
 37
0.0
 40
7396.871327036061
 41
2.580896686159844
 42
50.0
 43
0.0
 44
0.0
 50
0.0
 51
0.0
 71
     0
 72
  1000
 73
     1
 74
     3
 75
     0
 76
     0
 77
     0
 78
     2
281
     0
 65
     1
110
0.0
120
0.0
130
0.0
111
1.0
121
0.0
131
0.0
112
0.0
122
1.0
132
0.0
 79
     0
146
0.0
348
2B
 60
     3
 61
     5
292
     1
282
     1
141
0.0
142
0.0
 63
   250
421
  3355443
1001
ACAD_NAV_VCDISPLAY
1070
     1
  0
ENDTAB
  0
TABLE
  2
LTYPE
  5
24
330
0
100
AcDbSymbolTable
 70
     5
  0
LTYPE
  5
25
330
24
100
AcDbSymbolTableRecord
100
AcDbLinetypeTableRecord
  2
ByBlock
 70
     0
  3

 72
    65
 73
     0
 40
0.0
  0
LTYPE
  5
26
330
24
100
AcDbSymbolTableRecord
100
AcDbLinetypeTableRecord
  2
ByLayer
 70
     0
  3

 72
    65
 73
     0
 40
0.0
  0
LTYPE
  5
14
330
24
100
AcDbSymbolTableRecord
100
AcDbLinetypeTableRecord
  2
Continuous
 70
     0
  3
Solid line
 72
    65
 73
     0
 40
0.0
  0
LTYPE
  5
180
330
24
100
AcDbSymbolTableRecord
100
AcDbLinetypeTableRecord
  2
HIDDEN
 70
     0
  3
Hidden __ __ __ __ __ __ __ __ __ __ __ __ __ _
 72
    65
 73
     2
 40
0.375
 49
0.25
 74
     0
 49
-0.125
 74
     0
  0
LTYPE
  5
7C
330
24
100
AcDbSymbolTableRecord
100
AcDbLinetypeTableRecord
  2
DASHDOT
 70
     0
  3
__ . __ . __ . __ . __ . __ . __ . __ .__
 72
    65
 73
     4
 40
1.0
 49
0.5
 74
     0
 49
-0.25
 74
     0
 49
0.0
 74
     0
 49
-0.25
 74
     0
  0
LTYPE
  5
B3
330
24
100
AcDbSymbolTableRecord
100
AcDbLinetypeTableRecord
  2
CENTER
 70
     0
  3
____ _ ____ _ ____ _ ____ _ ____ _ ____ _ ____ _ ____ _ ____ _
 72
    65
 73
     4
 40
2.0
 49
1.25
 74
     0
 49
-0.25
 74
     0
 49
0.25
 74
     0
 49
-0.25
 74
     0
  0
LTYPE
  5
7D
330
24
100
AcDbSymbolTableRecord
100
AcDbLinetypeTableRecord
  2
ACAD_ISO04W100
 70
     0
  3
ISO long-dash dot ____ . ____ . ____ . ____ . _
 72
    65
 73
     4
 40
30.0
 49
24.0
 74
     0
 49
-3.0
 74
     0
 49
0.0
 74
     0
 49
-3.0
 74
     0
  0
ENDTAB
  0
TABLE
  2
LAYER
  5
1E
102
{ACAD_XDICTIONARY
360
1F
102
}
330
0
100
AcDbSymbolTable
 70
     7
  0
LAYER
  5
6
102
{ACAD_XDICTIONARY
360
7
102
}
330
1E
100
AcDbSymbolTableRecord
100
AcDbLayerTableRecord
  2
0
 70
     0
 62
     7
  6
Continuous
370
    -3
390
8
347
B
348
0
  0
LAYER
  5
76
330
1E
100
AcDbSymbolTableRecord
100
AcDbLayerTableRecord
  2
ART_TARAMA
 70
     0
 62
   251
  6
Continuous
370
    -3
390
8
347
B
348
0
1001
AcAecLayerStandard
1000

1000

1001
AcCmTransparency
1071
        0
  0
LAYER
  5
158
102
{ACAD_XDICTIONARY
360
159
102
}
330
1E
100
AcDbSymbolTableRecord
100
AcDbLayerTableRecord
  2
ART_CAM
 70
     0
 62
   150
  6
Continuous
370
    -3
390
8
347
B
348
0
1001
AcAecLayerStandard
1000

1000

  0
LAYER
  5
59
330
1E
100
AcDbSymbolTableRecord
100
AcDbLayerTableRecord
  2
KOMPOZIT
 70
     0
 62
   117
420
  5667680
  6
Continuous
370
    -3
390
8
347
B
348
0
1001
AcAecLayerStandard
1000

1000

1001
AcCmTransparency
1071
        0
  0
LAYER
  5
7A
102
{ACAD_XDICTIONARY
360
7B
102
}
330
1E
100
AcDbSymbolTableRecord
100
AcDbLayerTableRecord
  2
ART_AKS
 70
     0
 62
     1
  6
DASHDOT
370
    -3
390
8
347
B
348
0
  0
LAYER
  5
1BC
102
{ACAD_XDICTIONARY
360
1BD
102
}
330
1E
100
AcDbSymbolTableRecord
100
AcDbLayerTableRecord
  2
ART_CELIK
 70
     0
 62
    74
  6
Continuous
370
    -3
390
8
347
B
348
0
1001
AcAecLayerStandard
1000

1000

  0
LAYER
  5
73
330
1E
100
AcDbSymbolTableRecord
100
AcDbLayerTableRecord
  2
ART_PASLANMAZ
 70
     0
 62
   155
  6
Continuous
370
    -3
390
8
347
B
348
0
1001
AcAecLayerStandard
1000

1000

  0
ENDTAB
  0
TABLE
  2
STYLE
  5
21
330
0
100
AcDbSymbolTable
 70
     4
  0
STYLE
  5
22
330
21
100
AcDbSymbolTableRecord
100
AcDbTextStyleTableRecord
  2
Standard
 70
     0
 40
0.0
 41
1.0
 50
0.0
 71
     0
 42
2.5
  3
arial.ttf
  4

1001
ACAD
1000
Arial
1071
       34
  0
STYLE
  5
3A
330
21
100
AcDbSymbolTableRecord
100
AcDbTextStyleTableRecord
  2
YZ
 70
     0
 40
0.0
 41
0.7
 50
0.0
 71
     0
 42
5.0
  3
archs.shx
  4

  0
STYLE
  5
32
330
21
100
AcDbSymbolTableRecord
100
AcDbTextStyleTableRecord
  2
S5
 70
     0
 40
0.0
 41
0.6
 50
0.0
 71
     0
 42
2.5
  3
romand.shx
  4

  0
STYLE
  5
43
330
21
100
AcDbSymbolTableRecord
100
AcDbTextStyleTableRecord
  2
S2
 70
     0
 40
0.0
 41
0.5
 50
0.0
 71
     0
 42
400.0
  3
romand.shx
  4

  0
ENDTAB
  0
TABLE
  2
VIEW
  5
27
330
0
100
AcDbSymbolTable
 70
     0
  0
ENDTAB
  0
TABLE
  2
UCS
  5
28
330
0
100
AcDbSymbolTable
 70
     0
  0
ENDTAB
  0
TABLE
  2
APPID
  5
2E
330
0
100
AcDbSymbolTable
 70
     8
  0
APPID
  5
13
330
2E
100
AcDbSymbolTableRecord
100
AcDbRegAppTableRecord
  2
ACAD
 70
     0
  0
APPID
  5
19
330
2E
100
AcDbSymbolTableRecord
100
AcDbRegAppTableRecord
  2
ACAD_PSEXT
 70
     0
  0
APPID
  5
2D
330
2E
100
AcDbSymbolTableRecord
100
AcDbRegAppTableRecord
  2
ACAD_NAV_VCDISPLAY
 70
     0
  0
APPID
  5
5A
330
2E
100
AcDbSymbolTableRecord
100
AcDbRegAppTableRecord
  2
AcAecLayerStandard
 70
     0
  0
APPID
  5
5B
330
2E
100
AcDbSymbolTableRecord
100
AcDbRegAppTableRecord
  2
AcCmTransparency
 70
     0
  0
APPID
  5
37
330
2E
100
AcDbSymbolTableRecord
100
AcDbRegAppTableRecord
  2
ACAD_DSTYLE_DIMJAG
 70
     0
  0
APPID
  5
38
330
2E
100
AcDbSymbolTableRecord
100
AcDbRegAppTableRecord
  2
ACAD_DSTYLE_DIMTALN
 70
     0
  0
APPID
  5
4A
330
2E
100
AcDbSymbolTableRecord
100
AcDbRegAppTableRecord
  2
ACAD_DSTYLE_DIMBREAK
 70
     0
  0
ENDTAB
  0
TABLE
  2
DIMSTYLE
  5
2F
330
0
100
AcDbSymbolTable
 70
     5
100
AcDbDimStyleTable
 71
     5
340
30
340
31
340
39
340
41
340
42
  0
DIMSTYLE
105
30
330
2F
100
AcDbSymbolTableRecord
100
AcDbDimStyleTableRecord
  2
ISO-25
 70
     0
 41
2.5
 42
0.625
 43
3.75
 44
1.25
 73
     0
 74
     0
 77
     1
 78
     8
140
2.5
141
2.5
143
0.03937007874016
147
0.625
171
     3
172
     1
271
     2
272
     2
274
     3
278
    44
283
     0
284
     8
340
22
  0
DIMSTYLE
105
39
330
2F
100
AcDbSymbolTableRecord
100
AcDbDimStyleTableRecord
  2
1-1
 70
     0
 40
0.75
 41
2.0
 42
2.0
 43
2.0
 44
2.0
 46
2.0
 73
     0
 74
     0
 77
     1
140
3.0
141
1.0
144
-1.0
147
1.0
178
   256
271
     0
272
     0
279
     1
340
3A
342
3B
371
     5
372
     5
1001
ACAD_DSTYLE_DIMJAG
1070
   388
1040
1.5
1001
ACAD_DSTYLE_DIMTALN
1070
   392
1070
     0
  0
DIMSTYLE
105
41
330
2F
100
AcDbSymbolTableRecord
100
AcDbDimStyleTableRecord
  2
1-10
 70
     0
 40
5.0
 41
2.0
 42
2.0
 43
5.0
 44
2.0
 46
2.0
 73
     0
 74
     0
 77
     1
140
3.0
141
1.0
144
-1.0
147
1.0
271
     0
272
     0
279
     1
340
3A
342
3B
371
     5
372
     5
  0
DIMSTYLE
105
31
330
2F
100
AcDbSymbolTableRecord
100
AcDbDimStyleTableRecord
  2
SAR_1-2
 70
     0
 40
1.5
 41
2.0
 42
2.0
 43
2.0
 44
2.0
 73
     0
 74
     0
140
5.0
141
1.0
147
1.0
172
     1
176
     5
177
     5
178
     7
271
     0
272
     0
284
     8
285
     8
286
     8
289
     1
340
32
342
33
1001
ACAD_DSTYLE_DIMJAG
1070
   388
1040
1.5
1001
ACAD_DSTYLE_DIMTALN
1070
   392
1070
     0
  0
DIMSTYLE
105
42
330
2F
100
AcDbSymbolTableRecord
100
AcDbDimStyleTableRecord
  2
SAR_1-250
 70
     0
 40
250.0
 41
0.75
 42
1.0
 43
10.0
 44
1.0
 46
1.0
 73
     0
 74
     0
 78
     8
140
3.0
141
1.0
143
0.03937007874016
147
0.1
171
     3
172
     1
176
     5
177
     5
178
     7
271
     0
272
     0
274
     3
278
    44
283
     0
284
     8
340
43
342
44
371
    -1
372
    -1
1001
ACAD_DSTYLE_DIMBREAK
1070
   391
1040
3.75
1001
ACAD_DSTYLE_DIMJAG
1070
   388
1040
1.5
1001
ACAD_DSTYLE_DIMTALN
1070
   392
1070
     0
  0
ENDTAB
  0
TABLE
  2
BLOCK_RECORD
  5
1
330
0
100
AcDbSymbolTable
 70
     5
  0
BLOCK_RECORD
  5
2
102
{ACAD_XDICTIONARY
360
3
102
}
330
1
100
AcDbSymbolTableRecord
100
AcDbBlockTableRecord
  2
*Model_Space
340
16
 70
     0
280
     1
281
     0
  0
BLOCK_RECORD
  5
1A
330
1
100
AcDbSymbolTableRecord
100
AcDbBlockTableRecord
  2
*Paper_Space
340
1D
 70
     0
280
     1
281
     0
  0
BLOCK_RECORD
  5
3B
102
{ACAD_XDICTIONARY
360
3C
102
}
330
1
100
AcDbSymbolTableRecord
100
AcDbBlockTableRecord
  2
_OBLIQUE
340
0
 70
     0
280
     1
281
     0
  0
BLOCK_RECORD
  5
44
102
{ACAD_XDICTIONARY
360
45
102
}
330
1
100
AcDbSymbolTableRecord
100
AcDbBlockTableRecord
  2
_ArchTick
340
0
310
2800000020000000200000000100200000000000001000000100000001000000000000000000000000000000000000FF000000FF000000FFFFFFFFFF000000FF000000FF000000FF000000FF000000FF000000FF000000FF000000FF000000FF000000FF000000FF000000FF000000FF000000FF000000FF000000FF000000
310
FF000000FF000000FF000000FF000000FF000000FF000000FF000000FF000000FF000000FF000000FF000000FF000000FF000000FFFFFFFFFF000000FFFFFFFFFF000000FF000000FF000000FF000000FF000000FF000000FF000000FF000000FF000000FF000000FF000000FF000000FF000000FF000000FF000000FF0000
310
00FF000000FF000000FF000000FF000000FF000000FF000000FF000000FF000000FF000000FF000000FF000000FF000000FFFFFFFFFF000000FF000000FF000000FFFFFFFFFF000000FF000000FF000000FF000000FF000000FF000000FF000000FF000000FF000000FF000000FF000000FF000000FF000000FF000000FF00
310
0000FF000000FF000000FF000000FF000000FF000000FF000000FF000000FF000000FF000000FF000000FF000000FFFFFFFFFF000000FF000000FF000000FF000000FF000000FFFFFFFFFF000000FF000000FF000000FF000000FF000000FF000000FF000000FF000000FF000000FF000000FF000000FF000000FF000000FF
310
000000FF000000FF000000FF000000FF000000FF000000FF000000FF000000FF000000FF000000FF000000FF000000FF000000FFFFFFFFFF000000FF000000FF000000FF000000FF000000FFFFFFFFFF000000FF000000FF000000FF000000FF000000FF000000FF000000FF000000FF000000FF000000FF000000FF000000
310
FF000000FF000000FF000000FF000000FF000000FF000000FF000000FF000000FF000000FF000000FF000000FF000000FF000000FF000000FFFFFFFFFF000000FF000000FF000000FF000000FF000000FFFFFFFFFF000000FF000000FF000000FF000000FF000000FF000000FF000000FF000000FF000000FF000000FF0000
310
00FF000000FF000000FF000000FF000000FF000000FF000000FF000000FF000000FF000000FF000000FF000000FF000000FF000000FF000000FF000000FFFFFFFFFF000000FF000000FF000000FF000000FF000000FFFFFFFFFF000000FF000000FF000000FF000000FF000000FF000000FF000000FF000000FF000000FF00
310
0000FF000000FF000000FF000000FF000000FF000000FF000000FF000000FF000000FF000000FF000000FF000000FF000000FF000000FF000000FF000000FF000000FFFFFFFFFF000000FF000000FF000000FF000000FF000000FFFFFFFFFF000000FF000000FF000000FF000000FF000000FF000000FF000000FF000000FF
310
000000FF000000FF000000FF000000FF000000FF000000FF000000FF000000FF000000FF000000FF000000FF000000FF000000FF000000FF000000FF000000FF000000FF000000FFFFFFFFFF000000FF000000FF000000FF000000FF000000FFFFFFFFFF000000FF000000FF000000FF000000FF000000FF000000FF000000
310
FF000000FF000000FF000000FF000000FF000000FF000000FF000000FF000000FF000000FF000000FF000000FF000000FF000000FF000000FF000000FF000000FF000000FF000000FF000000FFFFFFFFFF000000FF000000FF000000FF000000FF000000FFFFFFFFFF000000FF000000FF000000FF000000FF000000FF0000
310
00FF000000FF000000FF000000FF000000FF000000FF000000FF000000FF000000FF000000FF000000FF000000FF000000FF000000FF000000FF000000FF000000FF000000FF000000FF000000FF000000FFFFFFFFFF000000FF000000FF000000FF000000FF000000FFFFFFFFFF000000FF000000FF000000FF000000FF00
310
0000FF000000FF000000FF000000FF000000FF000000FF000000FF000000FF000000FF000000FF000000FF000000FF000000FF000000FF000000FF000000FF000000FF000000FF000000FF000000FF000000FF000000FFFFFFFFFF000000FF000000FF000000FF000000FF000000FFFFFFFFFF000000FF000000FF000000FF
310
000000FF000000FF000000FF000000FF000000FF000000FF000000FF000000FF000000FF000000FF000000FF000000FF000000FF000000FF000000FF000000FF000000FF000000FF000000FF000000FF000000FF000000FF000000FFFFFFFFFF000000FF000000FF000000FF000000FF000000FFFFFFFFFF000000FF000000
310
FF000000FF000000FF000000FF000000FF000000FF000000FF000000FF000000FF000000FF000000FF000000FF000000FF000000FF000000FF000000FF000000FF000000FF000000FF000000FF000000FF000000FF000000FF000000FF000000FFFFFFFFFF000000FF000000FF000000FF000000FF000000FFFFFFFFFF0000
310
00FF000000FF000000FF000000FF000000FF000000FF000000FF000000FF000000FF000000FF000000FF000000FF000000FF000000FF000000FF000000FF000000FF000000FF000000FF000000FF000000FF000000FF000000FF000000FF000000FF000000FFFFFFFFFF000000FF000000FF000000FF000000FF000000FFFF
310
FFFFFF000000FF000000FF000000FF000000FF000000FF000000FF000000FF000000FF000000FF000000FF000000FF000000FF000000FF000000FF000000FF000000FF000000FF000000FF000000FF000000FF000000FF000000FF000000FF000000FF000000FF000000FFFFFFFFFF000000FF000000FF000000FF000000FF
310
000000FFFFFFFFFF000000FF000000FF000000FF000000FF000000FF000000FF000000FF000000FF000000FF000000FF000000FF000000FF000000FF000000FF000000FF000000FF000000FF000000FF000000FF000000FF000000FF000000FF000000FF000000FF000000FF000000FFFFFFFFFF000000FF000000FF000000
310
FF000000FF000000FFFFFFFFFF000000FF000000FF000000FF000000FF000000FF000000FF000000FF000000FF000000FF000000FF000000FF000000FF000000FF000000FF000000FF000000FF000000FF000000FF000000FF000000FF000000FF000000FF000000FF000000FF000000FF000000FFFFFFFFFF000000FF0000
310
00FF000000FF000000FF000000FFFFFFFFFF000000FF000000FF000000FF000000FF000000FF000000FF000000FF000000FF000000FF000000FF000000FF000000FF000000FF000000FF000000FF000000FF000000FF000000FF000000FF000000FF000000FF000000FF000000FF000000FF000000FF000000FFFFFFFFFF00
310
0000FF000000FF000000FF000000FF000000FFFFFFFFFF000000FF000000FF000000FF000000FF000000FF000000FF000000FF000000FF000000FF000000FF000000FF000000FF000000FF000000FF000000FF000000FF000000FF000000FF000000FF000000FF000000FF000000FF000000FF000000FF000000FF000000FF
310
FFFFFFFF000000FF000000FF000000FF000000FF000000FFFFFFFFFF000000FF000000FF000000FF000000FF000000FF000000FF000000FF000000FF000000FF000000FF000000FF000000FF000000FF000000FF000000FF000000FF000000FF000000FF000000FF000000FF000000FF000000FF000000FF000000FF000000
310
FF000000FFFFFFFFFF000000FF000000FF000000FF000000FF000000FFFFFFFFFF000000FF000000FF000000FF000000FF000000FF000000FF000000FF000000FF000000FF000000FF000000FF000000FF000000FF000000FF000000FF000000FF000000FF000000FF000000FF000000FF000000FF000000FF000000FF0000
310
00FF000000FF000000FFFFFFFFFF000000FF000000FF000000FF000000FF000000FFFFFFFFFF000000FF000000FF000000FF000000FF000000FF000000FF000000FF000000FF000000FF000000FF000000FF000000FF000000FF000000FF000000FF000000FF000000FF000000FF000000FF000000FF000000FF000000FF00
310
0000FF000000FF000000FF000000FFFFFFFFFF000000FF000000FF000000FF000000FF000000FFFFFFFFFF000000FF000000FF000000FF000000FF000000FF000000FF000000FF000000FF000000FF000000FF000000FF000000FF000000FF000000FF000000FF000000FF000000FF000000FF000000FF000000FF000000FF
310
000000FF000000FF000000FF000000FF000000FFFFFFFFFF000000FF000000FF000000FF000000FF000000FFFFFFFFFF000000FF000000FF000000FF000000FF000000FF000000FF000000FF000000FF000000FF000000FF000000FF000000FF000000FF000000FF000000FF000000FF000000FF000000FF000000FF000000
310
FF000000FF000000FF000000FF000000FF000000FF000000FFFFFFFFFF000000FF000000FF000000FF000000FF000000FFFFFFFFFF000000FF000000FF000000FF000000FF000000FF000000FF000000FF000000FF000000FF000000FF000000FF000000FF000000FF000000FF000000FF000000FF000000FF000000FF0000
310
00FF000000FF000000FF000000FF000000FF000000FF000000FF000000FFFFFFFFFF000000FF000000FF000000FF000000FF000000FFFFFFFFFF000000FF000000FF000000FF000000FF000000FF000000FF000000FF000000FF000000FF000000FF000000FF000000FF000000FF000000FF000000FF000000FF000000FF00
310
0000FF000000FF000000FF000000FF000000FF000000FF000000FF000000FF000000FFFFFFFFFF000000FF000000FF000000FF000000FF000000FFFFFFFFFF000000FF000000FF000000FF000000FF000000FF000000FF000000FF000000FF000000FF000000FF000000FF000000FF000000FF000000FF000000FF000000FF
310
000000FF000000FF000000FF000000FF000000FF000000FF000000FF000000FF000000FF000000FFFFFFFFFF000000FF000000FF000000FF000000FF000000FFFFFFFFFF000000FF000000FF000000FF000000FF000000FF000000FF000000FF000000FF000000FF000000FF000000FF000000FF000000FF000000FF000000
310
FF000000FF000000FF000000FF000000FF000000FF000000FF000000FF000000FF000000FF000000FF000000FFFFFFFFFF000000FF000000FF000000FF000000FF000000FFFFFFFFFF000000FF000000FF000000FF000000FF000000FF000000FF000000FF000000FF000000FF000000FF000000FF000000FF000000FF0000
310
00FF000000FF000000FF000000FF000000FF000000FF000000FF000000FF000000FF000000FF000000FF000000FF000000FFFFFFFFFF000000FF000000FF000000FFFFFFFFFF000000FF000000FF000000FF000000FF000000FF000000FF000000FF000000FF000000FF000000FF000000FF000000FF000000FF000000FF00
310
0000FF000000FF000000FF000000FF000000FF000000FF000000FF000000FF000000FF000000FF000000FF000000FF000000FF000000FFFFFFFFFF000000FFFFFFFFFF000000FF000000FF000000FF000000FF000000FF000000FF000000FF000000FF000000FF000000FF000000FF000000FF000000FF000000FF000000FF
310
000000FF000000FF000000FF000000FF000000FF000000FF000000FF000000FF000000FF000000FF000000FF000000FF000000FF000000FF000000FFFFFFFFFF000000FF000000FF
 70
     0
280
     1
281
     0
  0
BLOCK_RECORD
  5
33
330
1
100
AcDbSymbolTableRecord
100
AcDbBlockTableRecord
  2
huseyin1_ArchTick
340
0
310
2800000020000000200000000100080000000000000400000000000000000000000000000000000000000000000080000080000000808000800000008000800080800000C0C0C000C0DCC000F0CAA6000020400000206000002080000020A0000020C0000020E00000400000004020000040400000406000004080000040A0
310
000040C0000040E00000600000006020000060400000606000006080000060A0000060C0000060E00000800000008020000080400000806000008080000080A0000080C0000080E00000A0000000A0200000A0400000A0600000A0800000A0A00000A0C00000A0E00000C0000000C0200000C0400000C0600000C0800000C0
310
A00000C0C00000C0E00000E0000000E0200000E0400000E0600000E0800000E0A00000E0C00000E0E00040000000400020004000400040006000400080004000A0004000C0004000E00040200000402020004020400040206000402080004020A0004020C0004020E000404000004040200040404000404060004040800040
310
40A0004040C0004040E00040600000406020004060400040606000406080004060A0004060C0004060E00040800000408020004080400040806000408080004080A0004080C0004080E00040A0000040A0200040A0400040A0600040A0800040A0A00040A0C00040A0E00040C0000040C0200040C0400040C0600040C08000
310
40C0A00040C0C00040C0E00040E0000040E0200040E0400040E0600040E0800040E0A00040E0C00040E0E00080000000800020008000400080006000800080008000A0008000C0008000E00080200000802020008020400080206000802080008020A0008020C0008020E00080400000804020008040400080406000804080
310
008040A0008040C0008040E00080600000806020008060400080606000806080008060A0008060C0008060E00080800000808020008080400080806000808080008080A0008080C0008080E00080A0000080A0200080A0400080A0600080A0800080A0A00080A0C00080A0E00080C0000080C0200080C0400080C0600080C0
310
800080C0A00080C0C00080C0E00080E0000080E0200080E0400080E0600080E0800080E0A00080E0C00080E0E000C0000000C0002000C0004000C0006000C0008000C000A000C000C000C000E000C0200000C0202000C0204000C0206000C0208000C020A000C020C000C020E000C0400000C0402000C0404000C0406000C0
310
408000C040A000C040C000C040E000C0600000C0602000C0604000C0606000C0608000C060A000C060C000C060E000C0800000C0802000C0804000C0806000C0808000C080A000C080C000C080E000C0A00000C0A02000C0A04000C0A06000C0A08000C0A0A000C0A0C000C0A0E000C0C00000C0C02000C0C04000C0C06000
310
C0C08000C0C0A000F0FBFF00A4A0A000808080000000FF0000FF000000FFFF00FF000000FF00FF00FFFF0000FFFFFF00000000FF000000000000000000000000000000000000000000000000000000000000FF00FF00000000000000000000000000000000000000000000000000000000FF000000FF000000000000000000
310
0000000000000000000000000000000000FF0000000000FF0000000000000000000000000000000000000000000000000000FF0000000000FF0000000000000000000000000000000000000000000000000000FF0000000000FF0000000000000000000000000000000000000000000000000000FF0000000000FF00000000
310
00000000000000000000000000000000000000000000FF0000000000FF0000000000000000000000000000000000000000000000000000FF0000000000FF0000000000000000000000000000000000000000000000000000FF0000000000FF0000000000000000000000000000000000000000000000000000FF0000000000
310
FF0000000000000000000000000000000000000000000000000000FF0000000000FF0000000000000000000000000000000000000000000000000000FF0000000000FF0000000000000000000000000000000000000000000000000000FF0000000000FF0000000000000000000000000000000000000000000000000000FF
310
0000000000FF0000000000000000000000000000000000000000000000000000FF0000000000FF0000000000000000000000000000000000000000000000000000FF0000000000FF0000000000000000000000000000000000000000000000000000FF0000000000FF00000000000000000000000000000000000000000000
310
00000000FF0000000000FF0000000000000000000000000000000000000000000000000000FF0000000000FF0000000000000000000000000000000000000000000000000000FF0000000000FF0000000000000000000000000000000000000000000000000000FF0000000000FF0000000000000000000000000000000000
310
000000000000000000FF0000000000FF0000000000000000000000000000000000000000000000000000FF0000000000FF0000000000000000000000000000000000000000000000000000FF0000000000FF0000000000000000000000000000000000000000000000000000FF0000000000FF000000000000000000000000
310
0000000000000000000000000000FF0000000000FF0000000000000000000000000000000000000000000000000000FF0000000000FF0000000000000000000000000000000000000000000000000000FF0000000000FF0000000000000000000000000000000000000000000000000000FF000000FF000000000000000000
310
00000000000000000000000000000000000000FF00FF000000000000000000000000000000000000000000000000000000000000FF000000
 70
     0
280
     1
281
     0
  0
BLOCK_RECORD
  5
8A
330
1
100
AcDbSymbolTableRecord
100
AcDbBlockTableRecord
  2
SPIDER
340
0
310
2800000020000000200000000100080000000000000400000000000000000000000000000000000000000000000080000080000000808000800000008000800080800000C0C0C000C0DCC000F0CAA6000020400000206000002080000020A0000020C0000020E00000400000004020000040400000406000004080000040A0
310
000040C0000040E00000600000006020000060400000606000006080000060A0000060C0000060E00000800000008020000080400000806000008080000080A0000080C0000080E00000A0000000A0200000A0400000A0600000A0800000A0A00000A0C00000A0E00000C0000000C0200000C0400000C0600000C0800000C0
310
A00000C0C00000C0E00000E0000000E0200000E0400000E0600000E0800000E0A00000E0C00000E0E00040000000400020004000400040006000400080004000A0004000C0004000E00040200000402020004020400040206000402080004020A0004020C0004020E000404000004040200040404000404060004040800040
310
40A0004040C0004040E00040600000406020004060400040606000406080004060A0004060C0004060E00040800000408020004080400040806000408080004080A0004080C0004080E00040A0000040A0200040A0400040A0600040A0800040A0A00040A0C00040A0E00040C0000040C0200040C0400040C0600040C08000
310
40C0A00040C0C00040C0E00040E0000040E0200040E0400040E0600040E0800040E0A00040E0C00040E0E00080000000800020008000400080006000800080008000A0008000C0008000E00080200000802020008020400080206000802080008020A0008020C0008020E00080400000804020008040400080406000804080
310
008040A0008040C0008040E00080600000806020008060400080606000806080008060A0008060C0008060E00080800000808020008080400080806000808080008080A0008080C0008080E00080A0000080A0200080A0400080A0600080A0800080A0A00080A0C00080A0E00080C0000080C0200080C0400080C0600080C0
310
800080C0A00080C0C00080C0E00080E0000080E0200080E0400080E0600080E0800080E0A00080E0C00080E0E000C0000000C0002000C0004000C0006000C0008000C000A000C000C000C000E000C0200000C0202000C0204000C0206000C0208000C020A000C020C000C020E000C0400000C0402000C0404000C0406000C0
310
408000C040A000C040C000C040E000C0600000C0602000C0604000C0606000C0608000C060A000C060C000C060E000C0800000C0802000C0804000C0806000C0808000C080A000C080C000C080E000C0A00000C0A02000C0A04000C0A06000C0A08000C0A0A000C0A0C000C0A0E000C0C00000C0C02000C0C04000C0C06000
310
C0C08000C0C0A000F0FBFF00A4A0A000808080000000FF0000FF000000FFFF00FF000000FF00FF00FFFF0000FFFFFF0000000000000000000000000000000000000000000000000000000000000000000000000000000000000000000000000052000000000000000000000000000000000000000000000000000000000000
310
0052000000000000000000000000000000000000000000000000DEDE5BDEDE5B5B5B5BDEDE5BDEDE000000000000000000000000000000000000DEDEDEDE5B5B5B5B5B5BDEDEDEDE0000000000000000000000000000000000000000DEDE5B5B5B5B5B5BDEDE00000000000000000000000000000000000000000000DEDE5B
310
5B5B5B5B5BDEDE00000000000000000000000000000000000000000000DEDEDEDE5B5BDEDEDEDE0000000000000000000000000000000000000000DEDEDEDEDEDEDEDEDEDEDEDEDEDE000000000000000000000000000000000000DEDEDEDE5BDE0052DEDEDEDEDEDE0000000000000000000000000000000000000000005B
310
5BDEDEDEDEDEDE0000000000000000000000000000000000000000000000005B5BDEDEDEDE5BDE0000000000000000000000000000000000000000000000000000DE0052DE00000000000000000000000000000000000000000000000000000000DEDEDEDE0000000000000000000000000000000000000000000000000000
310
0000DE0052DE0000000000000000000000000000000000000000000000000000DEDEDEDEDEDEDEDE000000000000000000000000000000000000000000000000DE00DE0052DE00DE000000000000000000000000000000000000000000000000DE00DE0052DE00DE0000000000000000000000000000000000000000000000
310
DEDEDEDEDEDEDEDEDEDE000000000000000000000000000000000000000000000000DEDE0052DEDE0000000000000000000000000000000000000000000000000000DEDE0052DEDE000000000000000000000000000000000000000000000000DEDEDEDEDEDEDEDEDEDE000000000000000000000000000000000000000000
310
00DEDEDEDEDEDEDEDEDEDE0000000000000000000000000000000000000000000000DE00DE0052DE00DE000000000000000000000000000000000000000000000000DE00DE0052DE00DE000000000000000000000000000000000000000000000000DEDEDEDEDEDEDEDE000000000000000000000000000000000000000000
310
0000000000DEDEDEDE00000000000000000000000000000000000000000000000000000000000052000000000000000000000000000000000000000000000000000000000000005200000000000000000000000000000000000000000000000000000000000000520000000000000000000000000000000000000000000000
310
0000000000000000520000000000000000000000000000000000000000000000000000000000000000000000000000000000000000000000
102
{BLKREFS
331
89
331
191
102
}
 70
     4
280
     1
281
     0
  0
BLOCK_RECORD
  5
15A
330
1
100
AcDbSymbolTableRecord
100
AcDbBlockTableRecord
  2
PCAM
340
0
310
2800000020000000200000000100080000000000000400000000000000000000000000000000000000000000000080000080000000808000800000008000800080800000C0C0C000C0DCC000F0CAA6000020400000206000002080000020A0000020C0000020E00000400000004020000040400000406000004080000040A0
310
000040C0000040E00000600000006020000060400000606000006080000060A0000060C0000060E00000800000008020000080400000806000008080000080A0000080C0000080E00000A0000000A0200000A0400000A0600000A0800000A0A00000A0C00000A0E00000C0000000C0200000C0400000C0600000C0800000C0
310
A00000C0C00000C0E00000E0000000E0200000E0400000E0600000E0800000E0A00000E0C00000E0E00040000000400020004000400040006000400080004000A0004000C0004000E00040200000402020004020400040206000402080004020A0004020C0004020E000404000004040200040404000404060004040800040
310
40A0004040C0004040E00040600000406020004060400040606000406080004060A0004060C0004060E00040800000408020004080400040806000408080004080A0004080C0004080E00040A0000040A0200040A0400040A0600040A0800040A0A00040A0C00040A0E00040C0000040C0200040C0400040C0600040C08000
310
40C0A00040C0C00040C0E00040E0000040E0200040E0400040E0600040E0800040E0A00040E0C00040E0E00080000000800020008000400080006000800080008000A0008000C0008000E00080200000802020008020400080206000802080008020A0008020C0008020E00080400000804020008040400080406000804080
310
008040A0008040C0008040E00080600000806020008060400080606000806080008060A0008060C0008060E00080800000808020008080400080806000808080008080A0008080C0008080E00080A0000080A0200080A0400080A0600080A0800080A0A00080A0C00080A0E00080C0000080C0200080C0400080C0600080C0
310
800080C0A00080C0C00080C0E00080E0000080E0200080E0400080E0600080E0800080E0A00080E0C00080E0E000C0000000C0002000C0004000C0006000C0008000C000A000C000C000C000E000C0200000C0202000C0204000C0206000C0208000C020A000C020C000C020E000C0400000C0402000C0404000C0406000C0
310
408000C040A000C040C000C040E000C0600000C0602000C0604000C0606000C0608000C060A000C060C000C060E000C0800000C0802000C0804000C0806000C0808000C080A000C080C000C080E000C0A00000C0A02000C0A04000C0A06000C0A08000C0A0A000C0A0C000C0A0E000C0C00000C0C02000C0C04000C0C06000
310
C0C08000C0C0A000F0FBFF00A4A0A000808080000000FF0000FF000000FFFF00FF000000FF00FF00FFFF0000FFFFFF0000000000000000000000000000000000000000000000000000000000000000000000000000000000000000000000000000000000000000000000000000000000000000000000000000000000000000
310
00000000000000000000000000000000000000000000000000000000000000000000000000000000000000000000000000000000000000000000000000000000000000000000000000000000000000000000000000000000000000000000000000000000000000000000000000000000000000000000000000000000000000
310
00000000000000000000000000000000000000000000000000000000000000000000000000000000000000000000000000000000000000000000000000000000000000000000000000000000000000000000000000000000000000000000000000000000000000000000000000000000000000000000000000000000000000
310
00000000000000000000000000000000000000000000000000000000000000000000000000000000000000000000000000000000000000000000000000000000000000000000000000000000000000000000000000000000000000000000000000000000000000000000000000000000000000000000000000000000000000
310
000000000000000000000000000000000000000000FCFCFCFCFCFCFCFCFCFCFCFCFCFCFCFCFCFC000000FCFCFCFCFCFCFCFC5B0000FCFCFCFCFCFCFCFCFCFCFCFCFCFCFCFCFCFC000000FCFCFCFCFCFCFCFC5B0000000000000000000000000000000000000000000000000000000000000000000000000000000000000000
310
00000000000000000000000000000000000000000000000000000000000000000000000000000000000000000000000000000000000000000000000000000000000000000000000000000000000000000000000000000000000000000000000000000000000000000000000000000000000000000000000000000000000000
310
00000000000000000000000000000000000000000000000000000000000000000000000000000000000000000000000000000000000000000000000000000000000000000000000000000000000000000000000000000000000000000000000000000000000000000000000000000000000000000000000000000000000000
310
00000000000000000000000000000000000000000000000000000000000000000000000000000000000000000000000000000000000000000000000000000000000000000000000000000000000000000000000000000000000000000000000000000000000000000000000000000000000000000000000000000000000000
310
0000000000000000000000000000000000000000000000000000000000000000000000000000000000000000000000000000000000000000
102
{BLKREFS
331
157
331
192
102
}
 70
     4
280
     1
281
     0
  0
ENDTAB
  0
ENDSEC
  0
SECTION
  2
BLOCKS
  0
BLOCK
  5
5
330
2
100
AcDbEntity
  8
0
100
AcDbBlockBegin
  2
*Model_Space
 70
     0
 10
0.0
 20
0.0
 30
0.0
  3
*Model_Space
  1

  0
ENDBLK
  5
15
330
2
100
AcDbEntity
  8
0
100
AcDbBlockEnd
  0
BLOCK
  5
1B
330
1A
100
AcDbEntity
 67
     1
  8
0
100
AcDbBlockBegin
  2
*Paper_Space
 70
     0
 10
0.0
 20
0.0
 30
0.0
  3
*Paper_Space
  1

  0
ENDBLK
  5
1C
330
1A
100
AcDbEntity
 67
     1
  8
0
100
AcDbBlockEnd
  0
BLOCK
  5
3E
330
3B
100
AcDbEntity
  8
0
100
AcDbBlockBegin
  2
_OBLIQUE
 70
     0
 10
0.0
 20
0.0
 30
0.0
  3
_OBLIQUE
  1

  0
LINE
  5
3F
330
3B
100
AcDbEntity
  8
0
  6
ByBlock
 62
     0
380
     1
100
AcDbLine
 10
-0.5
 20
-0.5
 30
0.0
 11
0.5
 21
0.5
 31
0.0
  0
ENDBLK
  5
40
330
3B
100
AcDbEntity
  8
0
100
AcDbBlockEnd
  0
BLOCK
  5
47
330
44
100
AcDbEntity
  8
0
100
AcDbBlockBegin
  2
_ArchTick
 70
     0
 10
0.0
 20
0.0
 30
0.0
  3
_ArchTick
  1

  0
LWPOLYLINE
  5
48
330
44
100
AcDbEntity
  8
0
 62
     0
100
AcDbPolyline
 90
        2
 70
     0
 43
0.15
 10
-0.5
 20
-0.5
 10
0.5
 20
0.5
  0
ENDBLK
  5
49
330
44
100
AcDbEntity
  8
0
100
AcDbBlockEnd
  0
BLOCK
  5
34
330
33
100
AcDbEntity
  8
0
100
AcDbBlockBegin
  2
huseyin1_ArchTick
 70
     0
 10
0.0
 20
0.0
 30
0.0
  3
huseyin1_ArchTick
  1

  0
LWPOLYLINE
  5
35
330
33
100
AcDbEntity
  8
0
  6
ByBlock
 62
     0
100
AcDbPolyline
 90
        2
 70
     0
 43
0.15
 10
-0.5
 20
-0.5
 10
0.5
 20
0.5
  0
ENDBLK
  5
36
330
33
100
AcDbEntity
  8
0
100
AcDbBlockEnd
  0
BLOCK
  5
8B
330
8A
100
AcDbEntity
  8
0
 62
     1
100
AcDbBlockBegin
  2
SPIDER
 70
     0
 10
0.0
 20
0.0
 30
0.0
  3
SPIDER
  1

  0
LWPOLYLINE
  5
8C
330
8A
100
AcDbEntity
  8
ART_PASLANMAZ
100
AcDbPolyline
 90
        2
 70
     0
 43
0.0
 10
12.0
 20
84.29253397714274
 10
12.0
 20
70.79253397714274
  0
LWPOLYLINE
  5
8D
330
8A
100
AcDbEntity
  8
ART_PASLANMAZ
100
AcDbPolyline
 90
        2
 70
     0
 43
0.0
 10
-12.0
 20
84.29253397714274
 10
-12.0
 20
70.79253397714274
  0
LINE
  5
8E
330
8A
100
AcDbEntity
  8
ART_AKS
  6
ACAD_ISO04W100
 48
0.2
100
AcDbLine
 10
0.0
 20
-5.86004636738653
 30
0.0
 11
0.0
 21
120.7129624445806
 31
0.0
  0
ARC
  5
8F
330
8A
100
AcDbEntity
  8
ART_PASLANMAZ
 48
0.2
100
AcDbCircle
 10
10.42499999999927
 20
60.83978397714236
 30
0.0
 40
5.047250000000011
100
AcDbArc
 50
228.7935178531499
 51
311.2064821468499
  0
ARC
  5
90
330
8A
100
AcDbEntity
  8
ART_PASLANMAZ
 48
0.2
100
AcDbCircle
 10
10.42499999999927
 20
63.24528397714312
 30
0.0
 40
5.047250000000011
100
AcDbArc
 50
48.79351785314993
 51
131.2064821468501
  0
ARC
  5
91
330
8A
100
AcDbEntity
  8
ART_PASLANMAZ
 48
0.2
100
AcDbCircle
 10
10.42499999999563
 20
94.24528397714311
 30
0.0
 40
5.047250000000011
100
AcDbArc
 50
48.79351785314993
 51
131.2064821468501
  0
ARC
  5
92
330
8A
100
AcDbEntity
  8
ART_PASLANMAZ
 48
0.2
100
AcDbCircle
 10
10.42499999999563
 20
91.83978397714234
 30
0.0
 40
5.047250000000011
100
AcDbArc
 50
228.7935178531499
 51
311.2064821468499
  0
LINE
  5
93
330
8A
100
AcDbEntity
  8
ART_PASLANMAZ
 48
0.2
100
AcDbLine
 10
10.42499999999927
 20
55.79253397714275
 30
0.0
 11
-10.42500000000291
 21
55.79253397714275
 31
0.0
  0
LINE
  5
94
330
8A
100
AcDbEntity
  8
ART_PASLANMAZ
 48
0.2
100
AcDbLine
 10
10.42499999999927
 20
68.29253397714274
 30
0.0
 11
-10.42500000000291
 21
68.29253397714274
 31
0.0
  0
LINE
  5
95
330
8A
100
AcDbEntity
  8
ART_PASLANMAZ
 48
0.2
100
AcDbLine
 10
10.42499999999563
 20
86.79253397714274
 30
0.0
 11
-10.42500000000655
 21
86.79253397714274
 31
0.0
  0
LINE
  5
96
330
8A
100
AcDbEntity
  8
ART_PASLANMAZ
 48
0.2
100
AcDbLine
 10
10.42499999999563
 20
99.29253397714274
 30
0.0
 11
-10.42500000000655
 21
99.29253397714274
 31
0.0
  0
HATCH
  5
97
330
8A
100
AcDbEntity
  8
ART_TARAMA
 48
0.2
100
AcDbHatch
 10
0.0
 20
0.0
 30
0.0
210
0.0
220
0.0
230
1.0
  2
ANSI31
 70
     0
 71
     0
 91
        4
 92
        7
 72
     0
 73
     1
 93
        4
 10
-20.0
 20
70.79253397714274
 10
-20.0
 20
68.29253397714274
 10
-19.0
 20
68.29253397714274
 10
-19.0
 20
70.79253397714274
 97
        0
 92
        7
 72
     0
 73
     1
 93
        4
 10
-19.0
 20
70.79253397714274
 10
-19.0
 20
68.29253397714274
 10
-8.5
 20
68.29253397714274
 10
-8.5
 20
70.79253397714274
 97
        0
 92
        7
 72
     0
 73
     1
 93
        4
 10
8.5
 20
70.79253397714274
 10
8.5
 20
68.29253397714274
 10
19.0
 20
68.29253397714274
 10
19.0
 20
70.79253397714274
 97
        0
 92
        7
 72
     0
 73
     1
 93
        4
 10
19.0
 20
70.79253397714274
 10
19.0
 20
68.29253397714274
 10
20.0
 20
68.29253397714274
 10
20.0
 20
70.79253397714274
 97
        0
 75
     0
 76
     1
 52
90.0
 41
5.0
 77
     0
 78
     1
 53
135.0
 43
355.5454770532524
 44
-697.0130712038517
 45
-0.4419417382415923
 46
-0.4419417382415923
 79
     0
 47
0.152902183227625
 98
        4
 10
-19.61871943127698
 20
69.44210310283231
 10
-17.32518695979161
 20
69.90115063849589
 10
12.33783680212582
 20
69.44210310283231
 10
19.52424001327745
 20
69.90115063849589
  0
LINE
  5
98
330
8A
100
AcDbEntity
  8
ART_PASLANMAZ
 48
0.2
100
AcDbLine
 10
-20.0
 20
68.29253397714274
 30
0.0
 11
20.0
 21
68.29253397714274
 31
0.0
  0
LINE
  5
99
330
8A
100
AcDbEntity
  8
ART_PASLANMAZ
 48
0.2
100
AcDbLine
 10
-20.0
 20
70.79253397714274
 30
0.0
 11
20.0
 21
70.79253397714274
 31
0.0
  0
HATCH
  5
9A
330
8A
100
AcDbEntity
  8
ART_TARAMA
 48
0.2
100
AcDbHatch
 10
0.0
 20
0.0
 30
0.0
210
0.0
220
0.0
230
1.0
  2
ANSI31
 70
     0
 71
     0
 91
        4
 92
        7
 72
     0
 73
     1
 93
        4
 10
-20.00000000000364
 20
84.29253397714274
 10
-20.00000000000364
 20
86.79253397714274
 10
-19.00000000000364
 20
86.79253397714274
 10
-19.00000000000364
 20
84.29253397714274
 97
        0
 92
        7
 72
     0
 73
     1
 93
        4
 10
-19.00000000000364
 20
84.29253397714274
 10
-19.00000000000364
 20
86.79253397714274
 10
-8.500000000003637
 20
86.79253397714274
 10
-8.500000000003637
 20
84.29253397714274
 97
        0
 92
        7
 72
     0
 73
     1
 93
        4
 10
8.499999999996362
 20
84.29253397714274
 10
8.499999999996362
 20
86.79253397714274
 10
18.99999999999636
 20
86.79253397714274
 10
18.99999999999636
 20
84.29253397714274
 97
        0
 92
        7
 72
     0
 73
     1
 93
        4
 10
18.99999999999636
 20
84.29253397714274
 10
18.99999999999636
 20
86.79253397714274
 10
19.99999999999636
 20
86.79253397714274
 10
19.99999999999636
 20
84.29253397714274
 97
        0
 75
     0
 76
     1
 52
90.0
 41
5.0
 77
     0
 78
     1
 53
225.0
 43
355.5454770532488
 44
852.0981391581335
 45
-0.4419417382415923
 46
0.4419417382415923
 79
     0
 47
0.152902183227625
 98
        4
 10
-19.61871943128062
 20
85.64296485145314
 10
-17.32518695979524
 20
85.18391731578594
 10
12.33783680212218
 20
85.64296485145314
 10
19.52424001327381
 20
85.18391731578594
  0
LINE
  5
9B
330
8A
100
AcDbEntity
  8
ART_PASLANMAZ
 48
0.2
100
AcDbLine
 10
-20.00000000000364
 20
86.79253397714274
 30
0.0
 11
19.99999999999636
 21
86.79253397714274
 31
0.0
  0
LINE
  5
9C
330
8A
100
AcDbEntity
  8
ART_PASLANMAZ
 48
0.2
100
AcDbLine
 10
-20.00000000000364
 20
84.29253397714274
 30
0.0
 11
19.99999999999636
 21
84.29253397714274
 31
0.0
  0
ARC
  5
9D
330
8A
100
AcDbEntity
  8
ART_PASLANMAZ
100
AcDbCircle
 10
3.753088467074121
 20
26.20111149341756
 30
0.0
 40
6.75
100
AcDbArc
 50
358.2926599599403
 51
45.31197299122442
  0
ARC
  5
9E
330
8A
100
AcDbEntity
  8
ART_PASLANMAZ
100
AcDbCircle
 10
6.09081632653033
 20
27.61313586216056
 30
0.0
 40
3.929196329514056
100
AcDbArc
 50
277.445887710429
 51
52.18243776509313
  0
ARC
  5
9F
102
{ACAD_REACTORS
330
A5
102
}
330
8A
100
AcDbEntity
  8
ART_PASLANMAZ
100
AcDbCircle
 10
8.625
 20
20.87499999999636
 30
0.0
 40
1.875
100
AcDbArc
 50
270.0
 51
90.0
  0
LINE
  5
A0
330
8A
100
AcDbEntity
  8
ART_PASLANMAZ
100
AcDbLine
 10
12.5
 20
25.99999999999636
 30
0.0
 11
9.673605252221022
 21
25.99999999999636
 31
0.0
  0
LINE
  5
A1
330
8A
100
AcDbEntity
  8
ART_PASLANMAZ
 48
0.2
100
AcDbLine
 10
6.0
 20
36.99999999999636
 30
0.0
 11
16.5
 21
36.99999999999636
 31
0.0
  0
LINE
  5
A2
330
8A
100
AcDbEntity
  8
ART_PASLANMAZ
100
AcDbLine
 10
6.0
 20
36.99999999999636
 30
0.0
 11
16.5
 21
36.99999999999636
 31
0.0
  0
LINE
  5
A3
330
8A
100
AcDbEntity
  8
ART_PASLANMAZ
100
AcDbLine
 10
10.75
 20
36.99999999999636
 30
0.0
 11
8.5
 21
31.99999999999636
 31
0.0
  0
HATCH
  5
A4
330
8A
100
AcDbEntity
  8
ART_TARAMA
100
AcDbHatch
 10
0.0
 20
0.0
 30
0.0
210
0.0
220
0.0
230
1.0
  2
ANSI31
 70
     0
 71
     0
 91
        1
 92
        7
 72
     1
 73
     1
 93
        8
 10
12.50000000000727
 20
32.99999999999637
 42
0.0
 10
16.5
 20
32.99999999999637
 42
0.0
 10
16.5
 20
36.99999999999636
 42
0.0
 10
10.75
 20
36.99999999999636
 42
0.0
 10
8.5
 20
31.99999999999636
 42
0.0
 10
8.5
 20
30.99999999999636
 42
-0.1696529132513622
 10
10.45564597551856
 20
26.99999999999636
 42
0.0
 10
12.5
 20
26.99999999999636
 42
0.0
 97
        0
 75
     0
 76
     1
 52
90.0
 41
10.0
 77
     0
 78
     1
 53
135.0
 43
-283.3552443802946
 44
-2643.773928803504
 45
-0.8838834764831844
 46
-0.8838834764831842
 79
     0
 47
0.1354380942164241
 98
        1
 10
11.64409214616535
 20
33.38590549040237
  0
HATCH
  5
A5
330
8A
100
AcDbEntity
  8
ART_TARAMA
100
AcDbHatch
 10
0.0
 20
0.0
 30
0.0
210
0.0
220
0.0
230
1.0
  2
SOLID
 70
     1
 71
     1
 91
        2
 92
        7
 72
     1
 73
     1
 93
        4
 10
-8.625000000000008
 20
18.99999999999636
 42
0.0
 10
-6.75
 20
18.99999999999636
 42
0.0
 10
-6.75
 20
22.74999999999636
 42
0.0
 10
-8.625
 20
22.74999999999636
 42
1.0
 97
        4
330
150
330
E7
330
A6
330
E8
 92
        7
 72
     1
 73
     1
 93
        4
 10
8.625
 20
22.74999999999636
 42
0.0
 10
6.75
 20
22.74999999999636
 42
0.0
 10
6.75
 20
18.99999999999636
 42
0.0
 10
8.625
 20
18.99999999999636
 42
1.0
 97
        4
330
A6
330
E9
330
150
330
9F
 75
     0
 76
     1
 47
0.0906890018383838
 98
        2
 10
-8.711847421673155
 20
21.31726975380662
 10
8.700440462260301
 20
20.50050048027333
450
        0
451
        0
460
0.0
461
0.0
452
        0
462
0.0
453
        0
470

  0
LINE
  5
A6
102
{ACAD_REACTORS
330
A5
102
}
330
8A
100
AcDbEntity
  8
ART_PASLANMAZ
100
AcDbLine
 10
-10.5
 20
18.99999999999636
 30
0.0
 11
10.5
 21
18.99999999999636
 31
0.0
  0
LINE
  5
A7
330
8A
100
AcDbEntity
  8
ART_PASLANMAZ
100
AcDbLine
 10
-24.0
 20
0.0
 30
0.0
 11
24.0
 21
0.0
 31
0.0
  0
LINE
  5
A8
330
8A
100
AcDbEntity
  8
ART_PASLANMAZ
 48
0.2
100
AcDbLine
 10
-20.5
 20
0.0
 30
0.0
 11
20.5
 21
0.0
 31
0.0
  0
HATCH
  5
A9
330
8A
100
AcDbEntity
  8
ART_TARAMA
 48
0.2
100
AcDbHatch
 10
0.0
 20
0.0
 30
0.0
210
0.0
220
0.0
230
1.0
  2
SOLID
 70
     1
 71
     0
 91
        2
 92
        7
 72
     0
 73
     1
 93
        4
 10
-17.5
 20
18.49999999999636
 10
-18.5
 20
18.49999999999636
 10
-18.5
 20
7.999999999996362
 10
-17.5
 20
7.999999999996362
 97
        0
 92
        7
 72
     0
 73
     1
 93
        4
 10
18.5
 20
18.49999999999636
 10
17.5
 20
18.49999999999636
 10
17.5
 20
7.999999999996362
 10
18.5
 20
7.999999999996362
 97
        0
 75
     0
 76
     1
 47
0.1232558417848289
 98
        2
 10
-17.97573401346017
 20
13.82351190448025
 10
18.01497229866072
 20
16.53715286975421
450
        0
451
        0
460
0.0
461
0.0
452
        0
462
0.0
453
        0
470

  0
HATCH
  5
AA
330
8A
100
AcDbEntity
  8
ART_TARAMA
100
AcDbHatch
 10
0.0
 20
0.0
 30
0.0
210
0.0
220
0.0
230
1.0
  2
ANSI31
 70
     0
 71
     0
 91
        2
 92
        7
 72
     0
 73
     1
 93
       12
 10
-22.00000000000364
 20
27.0199999999968
 10
-22.00000000000364
 20
29.01999999999316
 10
-23.5
 20
29.02000000000045
 10
-24.0
 20
28.52000000000045
 10
-24.0
 20
27.36999999999535
 10
-30.00000000000364
 20
27.36999999999535
 10
-30.00000000000364
 20
23.5199999999968
 10
-17.75
 20
23.5199999999968
 10
-17.75000000000364
 20
29.0199999999968
 10
-19.00000000000364
 20
29.0199999999968
 10
-19.0
 20
27.01999999999316
 10
-20.50000000000364
 20
26.01999999999316
 97
        0
 92
        7
 72
     0
 73
     1
 93
       12
 10
20.5
 20
26.01999999998952
 10
19.0
 20
27.02000000000044
 10
19.0
 20
29.01999999999316
 10
17.74999999999636
 20
29.0199999999968
 10
17.74999999999636
 20
23.5199999999968
 10
29.99999999999636
 20
23.52000000000044
 10
29.99999999999636
 20
27.3699999999917
 10
23.99999999999636
 20
27.36999999999535
 10
23.99999999999636
 20
28.5199999999968
 10
23.49999999999636
 20
29.0199999999968
 10
21.99999999999636
 20
29.0199999999968
 10
21.99999999999636
 20
27.01999999999316
 97
        0
 75
     0
 76
     1
 52
90.0
 41
5.0
 77
     0
 78
     1
 53
135.0
 43
-283.3552443802946
 44
-2643.773928803504
 45
-0.4419417382415923
 46
-0.4419417382415923
 79
     0
 47
0.2312955703449864
 98
        2
 10
-22.14536910762035
 20
25.69014761845756
 10
21.33820006323731
 20
24.99550355506654
  0
HATCH
  5
AB
330
8A
100
AcDbEntity
  8
ART_TARAMA
100
AcDbHatch
 10
0.0
 20
0.0
 30
0.0
210
0.0
220
0.0
230
1.0
  2
SOLID
 70
     1
 71
     0
 91
        2
 92
        7
 72
     0
 73
     1
 93
        4
 10
-19.0
 20
4.999999999996362
 10
-19.0
 20
7.999999999996362
 10
-28.5
 20
7.999999999996362
 10
-28.5
 20
4.999999999996362
 97
        0
 92
        7
 72
     0
 73
     1
 93
        5
 10
19.0
 20
7.999999999996362
 10
19.0
 20
4.999999999996362
 10
27.25
 20
4.999999999996362
 10
28.5
 20
4.999999999996362
 10
28.5
 20
7.999999999996362
 97
        0
 75
     0
 76
     1
 47
0.2312955703449864
 98
        2
 10
-24.68961956286148
 20
6.240183032576168
 10
23.65115311024056
 20
6.934827095967192
450
        0
451
        0
460
0.0
461
0.0
452
        0
462
0.0
453
        0
470

  0
HATCH
  5
AC
330
8A
100
AcDbEntity
  8
ART_TARAMA
100
AcDbHatch
 10
0.0
 20
0.0
 30
0.0
210
0.0
220
0.0
230
1.0
  2
SOLID
 70
     1
 71
     0
 91
        2
 92
        7
 72
     0
 73
     1
 93
        4
 10
-19.0
 20
21.5199999999968
 10
-19.0
 20
23.5199999999968
 10
-28.50000000000364
 20
23.5199999999968
 10
-28.50000000000364
 20
21.5199999999968
 97
        0
 92
        7
 72
     0
 73
     1
 93
        4
 10
19.0
 20
23.5199999999968
 10
19.0
 20
21.5199999999968
 10
28.5
 20
21.5199999999968
 10
28.5
 20
23.5199999999968
 97
        0
 75
     0
 76
     1
 47
0.2312955703449864
 98
        2
 10
-24.22703175816787
 20
22.21694113931517
 10
22.72597750086061
 20
22.68003718157706
450
        0
451
        0
460
0.0
461
0.0
452
        0
462
0.0
453
        0
470

  0
HATCH
  5
AD
330
8A
100
AcDbEntity
  8
ART_TARAMA
100
AcDbHatch
 10
0.0
 20
0.0
 30
0.0
210
0.0
220
0.0
230
1.0
  2
ANSI31
 70
     0
 71
     0
 91
        2
 92
        7
 72
     0
 73
     1
 93
       19
 10
-10.5
 20
18.99999999999636
 10
-10.5
 20
21.99999999999636
 10
-13.5
 20
21.99999999999636
 10
-13.5
 20
32.24999999999636
 10
-16.5
 20
32.24999999999636
 10
-16.5
 20
18.49999999999636
 10
-17.25000000000363
 20
18.49999999999636
 10
-17.25
 20
4.999999999996362
 10
-28.5
 20
4.999999999996362
 10
-30.0
 20
4.999999999996362
 10
-30.0
 20
1.699999999997089
 10
-24.0
 20
-0.000000000003638
 10
-16.65000000000144
 20
-0.000000000003638
 10
-16.65000000000144
 20
2.999999999996361
 10
-15.0
 20
3.999999999996361
 10
-13.35000000000218
 20
2.999999999996361
 10
-13.35000000000218
 20
-0.000000000003638
 10
0.0
 20
-0.000000000003638
 10
0.0
 20
18.99999999999636
 97
        0
 92
        7
 72
     0
 73
     1
 93
       19
 10
0.0
 20
18.99999999999636
 10
0.0
 20
-0.000000000003638
 10
13.34999999999854
 20
-0.000000000003638
 10
13.34999999999854
 20
2.999999999996361
 10
15.0
 20
3.999999999996361
 10
16.64999999999781
 20
2.999999999996361
 10
16.64999999999781
 20
-0.000000000003638
 10
20.5
 20
-0.000000000003638
 10
23.99999999999636
 20
-0.000000000003638
 10
30.0
 20
1.699999999997089
 10
30.0
 20
4.999999999996362
 10
17.24999999999636
 20
4.999999999996362
 10
17.24999999999636
 20
18.49999999999636
 10
16.5
 20
18.49999999999636
 10
16.5
 20
32.24999999999636
 10
13.5
 20
32.24999999999636
 10
13.5
 20
21.99999999999636
 10
10.5
 20
21.99999999999636
 10
10.5
 20
18.99999999999636
 97
        0
 75
     0
 76
     1
 52
90.0
 41
10.0
 77
     0
 78
     1
 53
135.0
 43
-177.3854308145928
 44
-2795.873422293098
 45
-0.8838834764831844
 46
-0.8838834764831842
 79
     0
 47
0.1960223430579619
 98
        2
 10
-7.5560682437208
 20
13.53785144933499
 10
6.361518895537301
 20
12.36060945202189
  0
LINE
  5
AE
330
8A
100
AcDbEntity
  8
ART_PASLANMAZ
 48
0.2
100
AcDbLine
 10
28.5
 20
21.5199999999968
 30
0.0
 11
28.5
 21
23.5199999999968
 31
0.0
  0
LINE
  5
AF
330
8A
100
AcDbEntity
  8
ART_PASLANMAZ
 48
0.2
100
AcDbLine
 10
19.0
 20
21.5199999999968
 30
0.0
 11
19.0
 21
23.5199999999968
 31
0.0
  0
LINE
  5
B0
330
8A
100
AcDbEntity
  8
ART_PASLANMAZ
 48
0.2
100
AcDbLine
 10
16.5
 20
32.99999999999637
 30
0.0
 11
16.5
 21
18.49999999999636
 31
0.0
  0
LINE
  5
B1
330
8A
100
AcDbEntity
  8
ART_PASLANMAZ
 48
0.2
100
AcDbLine
 10
17.24999999999636
 20
5.0
 30
0.0
 11
17.24999999999636
 21
32.24999999999636
 31
0.0
  0
LINE
  5
B2
330
8A
100
AcDbEntity
  8
ART_PASLANMAZ
  6
CENTER
100
AcDbLine
 10
10.5
 20
18.99999999999636
 30
0.0
 11
10.5
 21
21.99999999999636
 31
0.0
  0
LINE
  5
B4
330
8A
100
AcDbEntity
  8
ART_PASLANMAZ
 48
0.2
100
AcDbLine
 10
17.24999999999636
 20
5.0
 30
0.0
 11
28.5
 21
5.0
 31
0.0
  0
LINE
  5
B5
330
8A
100
AcDbEntity
  8
ART_PASLANMAZ
 48
0.2
100
AcDbLine
 10
30.0
 20
5.0
 30
0.0
 11
17.24999999999636
 21
5.0
 31
0.0
  0
LINE
  5
B6
330
8A
100
AcDbEntity
  8
ART_PASLANMAZ
 48
0.2
100
AcDbLine
 10
16.49999999999636
 20
18.49999999999636
 30
0.0
 11
18.5
 21
18.49999999999636
 31
0.0
  0
LINE
  5
B7
330
8A
100
AcDbEntity
  8
ART_PASLANMAZ
 48
0.2
100
AcDbLine
 10
17.24999999999636
 20
21.5199999999968
 30
0.0
 11
28.5
 21
21.5199999999968
 31
0.0
  0
LINE
  5
B8
330
8A
100
AcDbEntity
  8
ART_PASLANMAZ
 48
0.2
100
AcDbLine
 10
17.24999999999636
 20
8.0
 30
0.0
 11
18.5
 21
8.0
 31
0.0
  0
LINE
  5
B9
330
8A
100
AcDbEntity
  8
ART_PASLANMAZ
 48
0.2
100
AcDbLine
 10
28.5
 20
8.0
 30
0.0
 11
17.24999999999636
 21
8.0
 31
0.0
  0
LINE
  5
BA
330
8A
100
AcDbEntity
  8
ART_PASLANMAZ
 48
0.2
100
AcDbLine
 10
17.24999999999636
 20
5.0
 30
0.0
 11
27.25
 21
5.0
 31
0.0
  0
LINE
  5
BB
330
8A
100
AcDbEntity
  8
ART_PASLANMAZ
100
AcDbLine
 10
24.0
 20
0.0
 30
0.0
 11
30.0
 21
1.699999999997089
 31
0.0
  0
LINE
  5
BC
330
8A
100
AcDbEntity
  8
ART_PASLANMAZ
 48
0.2
100
AcDbLine
 10
28.5
 20
5.0
 30
0.0
 11
28.5
 21
8.0
 31
0.0
  0
LINE
  5
BD
330
8A
100
AcDbEntity
  8
ART_PASLANMAZ
100
AcDbLine
 10
30.0
 20
5.0
 30
0.0
 11
30.0
 21
1.699999999997089
 31
0.0
  0
LINE
  5
BE
330
8A
100
AcDbEntity
  8
ART_PASLANMAZ
 48
0.2
100
AcDbLine
 10
19.0
 20
5.0
 30
0.0
 11
19.0
 21
8.0
 31
0.0
  0
LINE
  5
BF
330
8A
100
AcDbEntity
  8
ART_PASLANMAZ
 48
0.2
100
AcDbLine
 10
18.5
 20
8.0
 30
0.0
 11
18.5
 21
18.49999999999636
 31
0.0
  0
LINE
  5
C0
330
8A
100
AcDbEntity
  8
ART_PASLANMAZ
 48
0.2
100
AcDbLine
 10
16.49999999999636
 20
18.49999999999636
 30
0.0
 11
17.24999999999636
 21
18.49999999999636
 31
0.0
  0
LINE
  5
C1
330
8A
100
AcDbEntity
  8
ART_PASLANMAZ
 48
0.2
100
AcDbLine
 10
17.5
 20
8.0
 30
0.0
 11
17.5
 21
18.49999999999636
 31
0.0
  0
LINE
  5
C2
330
8A
100
AcDbEntity
  8
ART_PASLANMAZ
  6
ACAD_ISO04W100
 48
0.2
100
AcDbLine
 10
16.64999999999781
 20
0.0
 30
0.0
 11
16.64999999999781
 21
3.0
 31
0.0
  0
LINE
  5
C3
330
8A
100
AcDbEntity
  8
ART_PASLANMAZ
 48
0.2
100
AcDbLine
 10
13.34999999999854
 20
3.0
 30
0.0
 11
16.64999999999781
 21
3.0
 31
0.0
  0
LINE
  5
C4
330
8A
100
AcDbEntity
  8
ART_PASLANMAZ
  6
ACAD_ISO04W100
 48
0.2
100
AcDbLine
 10
13.34999999999854
 20
0.0
 30
0.0
 11
13.34999999999854
 21
3.0
 31
0.0
  0
LINE
  5
C5
330
8A
100
AcDbEntity
  8
ART_PASLANMAZ
100
AcDbLine
 10
15.0
 20
4.0
 30
0.0
 11
16.64999999999781
 21
3.0
 31
0.0
  0
LINE
  5
C6
330
8A
100
AcDbEntity
  8
ART_PASLANMAZ
100
AcDbLine
 10
13.34999999999854
 20
3.0
 30
0.0
 11
15.0
 21
4.0
 31
0.0
  0
LINE
  5
C7
330
8A
100
AcDbEntity
  8
ART_PASLANMAZ
 48
0.2
100
AcDbLine
 10
20.0
 20
68.29253397714274
 30
0.0
 11
20.0
 21
70.79253397714274
 31
0.0
  0
LINE
  5
C8
330
8A
100
AcDbEntity
  8
ART_PASLANMAZ
 48
0.2
100
AcDbLine
 10
13.75
 20
57.04253397714275
 30
0.0
 11
13.75
 21
67.04253397714274
 31
0.0
  0
LINE
  5
C9
330
8A
100
AcDbEntity
  8
ART_PASLANMAZ
 48
0.2
100
AcDbLine
 10
19.99999999999636
 20
86.79253397714274
 30
0.0
 11
19.99999999999636
 21
84.29253397714274
 31
0.0
  0
LINE
  5
CA
330
8A
100
AcDbEntity
  8
ART_PASLANMAZ
 48
0.2
100
AcDbLine
 10
13.74999999999636
 20
98.04253397714274
 30
0.0
 11
13.74999999999636
 21
88.04253397714274
 31
0.0
  0
LINE
  5
CB
330
8A
100
AcDbEntity
  8
ART_PASLANMAZ
 48
0.2
100
AcDbLine
 10
17.24999999999636
 20
29.0199999999968
 30
0.0
 11
23.49999999999636
 21
29.0199999999968
 31
0.0
  0
LINE
  5
CC
330
8A
100
AcDbEntity
  8
ART_PASLANMAZ
 48
0.2
100
AcDbLine
 10
17.24999999999636
 20
23.5199999999968
 30
0.0
 11
29.99999999999636
 21
23.5199999999968
 31
0.0
  0
LINE
  5
CD
330
8A
100
AcDbEntity
  8
ART_PASLANMAZ
 48
0.2
100
AcDbLine
 10
23.99999999999636
 20
27.36999999999535
 30
0.0
 11
29.99999999999636
 21
27.36999999999535
 31
0.0
  0
LINE
  5
CE
330
8A
100
AcDbEntity
  8
ART_PASLANMAZ
 48
0.2
100
AcDbLine
 10
29.99999999999636
 20
23.5199999999968
 30
0.0
 11
29.99999999999636
 21
27.36999999999535
 31
0.0
  0
LINE
  5
CF
330
8A
100
AcDbEntity
  8
ART_PASLANMAZ
 48
0.2
100
AcDbLine
 10
19.0
 20
27.0199999999968
 30
0.0
 11
19.0
 21
29.0199999999968
 31
0.0
  0
LINE
  5
D0
330
8A
100
AcDbEntity
  8
ART_PASLANMAZ
 48
0.2
100
AcDbLine
 10
23.49999999999636
 20
29.0199999999968
 30
0.0
 11
23.99999999999636
 21
28.5199999999968
 31
0.0
  0
LINE
  5
D1
330
8A
100
AcDbEntity
  8
ART_PASLANMAZ
 48
0.2
100
AcDbLine
 10
21.99999999999636
 20
27.0199999999968
 30
0.0
 11
21.99999999999636
 21
29.0199999999968
 31
0.0
  0
LINE
  5
D2
330
8A
100
AcDbEntity
  8
ART_PASLANMAZ
 48
0.2
100
AcDbLine
 10
23.99999999999636
 20
27.36999999999535
 30
0.0
 11
23.99999999999636
 21
28.5199999999968
 31
0.0
  0
LINE
  5
D3
330
8A
100
AcDbEntity
  8
ART_PASLANMAZ
 48
0.2
100
AcDbLine
 10
20.49999999999636
 20
26.01999999999681
 30
0.0
 11
21.99999999999636
 21
27.0199999999968
 31
0.0
  0
LINE
  5
D4
330
8A
100
AcDbEntity
  8
ART_PASLANMAZ
 48
0.2
100
AcDbLine
 10
19.0
 20
27.0199999999968
 30
0.0
 11
20.49999999999636
 21
26.01999999999681
 31
0.0
  0
LINE
  5
D5
330
8A
100
AcDbEntity
  8
ART_PASLANMAZ
 48
0.2
100
AcDbLine
 10
19.0
 20
27.0199999999968
 30
0.0
 11
21.99999999999636
 21
27.0199999999968
 31
0.0
  0
LINE
  5
D6
330
8A
100
AcDbEntity
  8
ART_PASLANMAZ
100
AcDbLine
 10
13.5
 20
21.99999999999636
 30
0.0
 11
13.5
 21
32.99999999999637
 31
0.0
  0
LINE
  5
D7
330
8A
100
AcDbEntity
  8
ART_PASLANMAZ
100
AcDbLine
 10
12.5
 20
26.99999999999636
 30
0.0
 11
12.5
 21
32.99999999999637
 31
0.0
  0
LINE
  5
D8
330
8A
100
AcDbEntity
  8
ART_PASLANMAZ
100
AcDbLine
 10
10.125
 20
21.99999999999636
 30
0.0
 11
13.5
 21
21.99999999999636
 31
0.0
  0
LINE
  5
D9
330
8A
100
AcDbEntity
  8
ART_PASLANMAZ
 48
0.2
100
AcDbLine
 10
10.4556459755222
 20
26.99999999999636
 30
0.0
 11
13.5
 21
26.99999999999636
 31
0.0
  0
LINE
  5
DA
330
8A
100
AcDbEntity
  8
ART_PASLANMAZ
100
AcDbLine
 10
12.5
 20
25.99999999999636
 30
0.0
 11
13.5
 21
26.99999999999636
 31
0.0
  0
LINE
  5
DB
330
8A
100
AcDbEntity
  8
ART_PASLANMAZ
 48
0.2
100
AcDbLine
 10
17.74999999999636
 20
23.5199999999968
 30
0.0
 11
17.74999999999636
 21
29.0199999999968
 31
0.0
  0
LINE
  5
DC
330
8A
100
AcDbEntity
  8
ART_PASLANMAZ
 48
0.2
100
AcDbLine
 10
12.5
 20
25.99999999999636
 30
0.0
 11
12.49999999999636
 21
21.99999999999636
 31
0.0
  0
LINE
  5
DD
330
8A
100
AcDbEntity
  8
ART_PASLANMAZ
 48
0.2
100
AcDbLine
 10
13.5
 20
32.24999999999636
 30
0.0
 11
17.25
 21
32.24999999999636
 31
0.0
  0
LINE
  5
DE
330
8A
100
AcDbEntity
  8
ART_PASLANMAZ
 48
0.2
100
AcDbLine
 10
13.5
 20
32.99999999999637
 30
0.0
 11
16.49999999999636
 21
32.99999999999637
 31
0.0
  0
LINE
  5
DF
330
8A
100
AcDbEntity
  8
ART_PASLANMAZ
100
AcDbLine
 10
12.5
 20
32.99999999999637
 30
0.0
 11
16.5
 21
32.99999999999637
 31
0.0
  0
LINE
  5
E0
330
8A
100
AcDbEntity
  8
ART_PASLANMAZ
 48
0.2
100
AcDbLine
 10
16.5
 20
32.99999999999637
 30
0.0
 11
16.5
 21
36.99999999999636
 31
0.0
  0
LINE
  5
E1
330
8A
100
AcDbEntity
  8
ART_PASLANMAZ
 48
0.2
100
AcDbLine
 10
17.24999999999636
 20
32.24999999999636
 30
0.0
 11
16.49999999999636
 21
32.99999999999637
 31
0.0
  0
LINE
  5
E2
330
8A
100
AcDbEntity
  8
ART_PASLANMAZ
 48
0.2
100
AcDbLine
 10
-16.5
 20
32.99999999999637
 30
0.0
 11
-16.5
 21
18.49999999999636
 31
0.0
  0
LINE
  5
E3
330
8A
100
AcDbEntity
  8
ART_PASLANMAZ
 48
0.2
100
AcDbLine
 10
-17.25
 20
5.0
 30
0.0
 11
-17.25000000000363
 21
32.24999999999636
 31
0.0
  0
LINE
  5
E4
330
8A
100
AcDbEntity
  8
ART_PASLANMAZ
 48
0.2
100
AcDbLine
 10
-19.0
 20
21.5199999999968
 30
0.0
 11
-19.0
 21
23.5199999999968
 31
0.0
  0
LINE
  5
E5
330
8A
100
AcDbEntity
  8
ART_PASLANMAZ
 48
0.2
100
AcDbLine
 10
-28.50000000000364
 20
23.5199999999968
 30
0.0
 11
-28.50000000000364
 21
21.5199999999968
 31
0.0
  0
LINE
  5
E6
330
8A
100
AcDbEntity
  8
ART_PASLANMAZ
  6
CENTER
100
AcDbLine
 10
-10.5
 20
18.99999999999636
 30
0.0
 11
-10.5
 21
21.99999999999636
 31
0.0
  0
LINE
  5
E7
102
{ACAD_REACTORS
330
A5
102
}
330
8A
100
AcDbEntity
  8
ART_PASLANMAZ
  6
CENTER
100
AcDbLine
 10
-6.75
 20
18.99999999999636
 30
0.0
 11
-6.75
 21
22.74999999999636
 31
0.0
  0
ARC
  5
E8
102
{ACAD_REACTORS
330
A5
102
}
330
8A
100
AcDbEntity
  8
ART_PASLANMAZ
100
AcDbCircle
 10
-8.625
 20
20.87499999999636
 30
0.0
 40
1.875
100
AcDbArc
 50
90.0
 51
270.0
  0
LINE
  5
E9
102
{ACAD_REACTORS
330
A5
102
}
330
8A
100
AcDbEntity
  8
ART_PASLANMAZ
  6
CENTER
100
AcDbLine
 10
6.75
 20
18.99999999999636
 30
0.0
 11
6.75
 21
22.74999999999636
 31
0.0
  0
LINE
  5
EA
330
8A
100
AcDbEntity
  8
ART_PASLANMAZ
 48
0.2
100
AcDbLine
 10
-17.25
 20
5.0
 30
0.0
 11
-30.0
 21
5.0
 31
0.0
  0
LINE
  5
EB
330
8A
100
AcDbEntity
  8
ART_PASLANMAZ
 48
0.2
100
AcDbLine
 10
-28.5
 20
5.0
 30
0.0
 11
-17.25
 21
5.0
 31
0.0
  0
LINE
  5
EC
330
8A
100
AcDbEntity
  8
ART_PASLANMAZ
 48
0.2
100
AcDbLine
 10
-28.5
 20
21.5199999999968
 30
0.0
 11
-17.25
 21
21.5199999999968
 31
0.0
  0
LINE
  5
ED
330
8A
100
AcDbEntity
  8
ART_PASLANMAZ
 48
0.2
100
AcDbLine
 10
-28.5
 20
5.0
 30
0.0
 11
-17.25
 21
5.0
 31
0.0
  0
LINE
  5
EE
330
8A
100
AcDbEntity
  8
ART_PASLANMAZ
 48
0.2
100
AcDbLine
 10
-17.25
 20
8.0
 30
0.0
 11
-28.5
 21
8.0
 31
0.0
  0
LINE
  5
EF
330
8A
100
AcDbEntity
  8
ART_PASLANMAZ
 48
0.2
100
AcDbLine
 10
-19.0
 20
5.0
 30
0.0
 11
-19.0
 21
8.0
 31
0.0
  0
LINE
  5
F0
330
8A
100
AcDbEntity
  8
ART_PASLANMAZ
 48
0.2
100
AcDbLine
 10
-17.25
 20
18.49999999999636
 30
0.0
 11
-16.5
 21
18.49999999999636
 31
0.0
  0
LINE
  5
F1
330
8A
100
AcDbEntity
  8
ART_PASLANMAZ
 48
0.2
100
AcDbLine
 10
-18.5
 20
18.49999999999636
 30
0.0
 11
-16.5
 21
18.49999999999636
 31
0.0
  0
LINE
  5
F2
330
8A
100
AcDbEntity
  8
ART_PASLANMAZ
 48
0.2
100
AcDbLine
 10
-18.5
 20
8.0
 30
0.0
 11
-17.25
 21
8.0
 31
0.0
  0
LINE
  5
F3
330
8A
100
AcDbEntity
  8
ART_PASLANMAZ
 48
0.2
100
AcDbLine
 10
-18.5
 20
8.0
 30
0.0
 11
-18.5
 21
18.49999999999636
 31
0.0
  0
LINE
  5
F4
330
8A
100
AcDbEntity
  8
ART_PASLANMAZ
 48
0.2
100
AcDbLine
 10
-17.5
 20
8.0
 30
0.0
 11
-17.5
 21
18.49999999999636
 31
0.0
  0
LINE
  5
F5
330
8A
100
AcDbEntity
  8
ART_PASLANMAZ
 48
0.2
100
AcDbLine
 10
-28.5
 20
8.0
 30
0.0
 11
-28.5
 21
5.0
 31
0.0
  0
LINE
  5
F6
330
8A
100
AcDbEntity
  8
ART_PASLANMAZ
100
AcDbLine
 10
-30.0
 20
5.0
 30
0.0
 11
-30.0
 21
1.699999999997089
 31
0.0
  0
LINE
  5
F7
330
8A
100
AcDbEntity
  8
ART_PASLANMAZ
100
AcDbLine
 10
-24.0
 20
0.0
 30
0.0
 11
-30.0
 21
1.699999999997089
 31
0.0
  0
LINE
  5
F8
330
8A
100
AcDbEntity
  8
ART_PASLANMAZ
  6
ACAD_ISO04W100
 48
0.2
100
AcDbLine
 10
-16.65000000000144
 20
0.0
 30
0.0
 11
-16.65000000000144
 21
3.0
 31
0.0
  0
LINE
  5
F9
330
8A
100
AcDbEntity
  8
ART_PASLANMAZ
100
AcDbLine
 10
-16.65000000000144
 20
3.0
 30
0.0
 11
-15.0
 21
4.0
 31
0.0
  0
LINE
  5
FA
330
8A
100
AcDbEntity
  8
ART_PASLANMAZ
  6
ACAD_ISO04W100
 48
0.2
100
AcDbLine
 10
-13.35000000000218
 20
0.0
 30
0.0
 11
-13.35000000000218
 21
3.0
 31
0.0
  0
LINE
  5
FB
330
8A
100
AcDbEntity
  8
ART_PASLANMAZ
 48
0.2
100
AcDbLine
 10
-16.65000000000144
 20
3.0
 30
0.0
 11
-13.35000000000218
 21
3.0
 31
0.0
  0
LINE
  5
FC
330
8A
100
AcDbEntity
  8
ART_PASLANMAZ
100
AcDbLine
 10
-15.0
 20
4.0
 30
0.0
 11
-13.35000000000218
 21
3.0
 31
0.0
  0
LINE
  5
FD
330
8A
100
AcDbEntity
  8
ART_PASLANMAZ
 48
0.2
100
AcDbLine
 10
-20.0
 20
68.29253397714274
 30
0.0
 11
-20.0
 21
70.79253397714274
 31
0.0
  0
LINE
  5
FE
330
8A
100
AcDbEntity
  8
ART_PASLANMAZ
 48
0.2
100
AcDbLine
 10
-20.00000000000364
 20
86.79253397714274
 30
0.0
 11
-20.00000000000364
 21
84.29253397714274
 31
0.0
  0
LINE
  5
FF
330
8A
100
AcDbEntity
  8
ART_PASLANMAZ
 48
0.2
100
AcDbLine
 10
-8.5
 20
68.29253397714274
 30
0.0
 11
-8.5
 21
70.79253397714274
 31
0.0
  0
LINE
  5
100
330
8A
100
AcDbEntity
  8
ART_PASLANMAZ
 48
0.2
100
AcDbLine
 10
-8.0
 20
68.29253397714274
 30
0.0
 11
-8.000000000003637
 21
87.4132607859101
 31
0.0
  0
LINE
  5
101
330
8A
100
AcDbEntity
  8
ART_PASLANMAZ
 48
0.2
100
AcDbLine
 10
-7.000000000003637
 20
88.00648554808502
 30
0.0
 11
-7.0
 21
68.29253397714274
 31
0.0
  0
LINE
  5
102
330
8A
100
AcDbEntity
  8
ART_PASLANMAZ
 48
0.2
100
AcDbLine
 10
-13.75
 20
57.04253397714275
 30
0.0
 11
-13.75
 21
67.04253397714274
 31
0.0
  0
LINE
  5
103
330
8A
100
AcDbEntity
  8
ART_PASLANMAZ
 48
0.2
100
AcDbLine
 10
-7.100000000002182
 20
57.04253397714275
 30
0.0
 11
-7.100000000002182
 21
67.04253397714274
 31
0.0
  0
ARC
  5
104
330
8A
100
AcDbEntity
  8
ART_PASLANMAZ
 48
0.2
100
AcDbCircle
 10
-10.42500000000291
 20
60.83978397714236
 30
0.0
 40
5.047249999999879
100
AcDbArc
 50
228.7935178531499
 51
311.2064821468499
  0
ARC
  5
105
330
8A
100
AcDbEntity
  8
ART_PASLANMAZ
 48
0.2
100
AcDbCircle
 10
-10.42500000000291
 20
63.24528397714312
 30
0.0
 40
5.047249999999879
100
AcDbArc
 50
48.79351785314993
 51
131.2064821468501
  0
LINE
  5
106
330
8A
100
AcDbEntity
  8
ART_PASLANMAZ
 48
0.2
100
AcDbLine
 10
-8.000000000003637
 20
102.6137922855014
 30
0.0
 11
-7.000000000003637
 21
103.6137922855014
 31
0.0
  0
LINE
  5
107
330
8A
100
AcDbEntity
  8
ART_PASLANMAZ
 48
0.2
100
AcDbLine
 10
-7.000000000007275
 20
102.613792285505
 30
0.0
 11
-7.000000000003637
 21
99.29253397714274
 31
0.0
  0
LINE
  5
108
330
8A
100
AcDbEntity
  8
ART_PASLANMAZ
 48
0.2
100
AcDbLine
 10
-8.000000000003637
 20
99.29253397714274
 30
0.0
 11
-8.000000000003637
 21
102.6137922855014
 31
0.0
  0
LINE
  5
109
330
8A
100
AcDbEntity
  8
ART_PASLANMAZ
 48
0.2
100
AcDbLine
 10
-13.75000000000364
 20
98.04253397714274
 30
0.0
 11
-13.75000000000364
 21
88.04253397714274
 31
0.0
  0
LINE
  5
10A
330
8A
100
AcDbEntity
  8
ART_PASLANMAZ
 48
0.2
100
AcDbLine
 10
-7.100000000005819
 20
98.04253397714274
 30
0.0
 11
-7.100000000005819
 21
88.04253397714274
 31
0.0
  0
LINE
  5
10B
330
8A
100
AcDbEntity
  8
ART_PASLANMAZ
 48
0.2
100
AcDbLine
 10
-8.500000000003637
 20
86.79253397714274
 30
0.0
 11
-8.500000000003637
 21
84.29253397714274
 31
0.0
  0
ARC
  5
10C
330
8A
100
AcDbEntity
  8
ART_PASLANMAZ
 48
0.2
100
AcDbCircle
 10
-10.42500000000655
 20
91.83978397714234
 30
0.0
 40
5.047249999999879
100
AcDbArc
 50
228.7935178531499
 51
311.2064821468499
  0
ARC
  5
10D
330
8A
100
AcDbEntity
  8
ART_PASLANMAZ
 48
0.2
100
AcDbCircle
 10
-10.42500000000655
 20
94.24528397714311
 30
0.0
 40
5.047249999999879
100
AcDbArc
 50
48.79351785314993
 51
131.2064821468501
  0
LINE
  5
10E
330
8A
100
AcDbEntity
  8
ART_PASLANMAZ
 48
0.2
100
AcDbLine
 10
8.5
 20
68.29253397714274
 30
0.0
 11
8.5
 21
70.79253397714274
 31
0.0
  0
LINE
  5
10F
330
8A
100
AcDbEntity
  8
ART_PASLANMAZ
 48
0.2
100
AcDbLine
 10
8.0
 20
68.29253397714274
 30
0.0
 11
7.999999999996362
 21
87.4132607859101
 31
0.0
  0
LINE
  5
110
330
8A
100
AcDbEntity
  8
ART_PASLANMAZ
 48
0.2
100
AcDbLine
 10
6.999999999996362
 20
88.00648554808502
 30
0.0
 11
7.0
 21
68.29253397714274
 31
0.0
  0
LINE
  5
111
330
8A
100
AcDbEntity
  8
ART_PASLANMAZ
 48
0.2
100
AcDbLine
 10
7.099999999998544
 20
57.04253397714275
 30
0.0
 11
7.099999999998544
 21
67.04253397714274
 31
0.0
  0
LINE
  5
112
330
8A
100
AcDbEntity
  8
ART_PASLANMAZ
 48
0.2
100
AcDbLine
 10
7.099999999994905
 20
98.04253397714274
 30
0.0
 11
7.099999999994905
 21
88.04253397714274
 31
0.0
  0
LINE
  5
113
330
8A
100
AcDbEntity
  8
ART_PASLANMAZ
 48
0.2
100
AcDbLine
 10
8.499999999996362
 20
86.79253397714274
 30
0.0
 11
8.499999999996362
 21
84.29253397714274
 31
0.0
  0
LINE
  5
114
330
8A
100
AcDbEntity
  8
ART_PASLANMAZ
 48
0.2
100
AcDbLine
 10
6.999999999996362
 20
103.6137922855014
 30
0.0
 11
7.999999999996362
 21
102.6137922855014
 31
0.0
  0
LINE
  5
115
330
8A
100
AcDbEntity
  8
ART_PASLANMAZ
 48
0.2
100
AcDbLine
 10
6.999999999996362
 20
103.6137922855014
 30
0.0
 11
6.999999999996362
 21
99.29253397714274
 31
0.0
  0
LINE
  5
116
330
8A
100
AcDbEntity
  8
ART_PASLANMAZ
 48
0.2
100
AcDbLine
 10
7.999999999996362
 20
99.29253397714274
 30
0.0
 11
7.999999999992723
 21
102.613792285505
 31
0.0
  0
ARC
  5
117
330
8A
100
AcDbEntity
  8
ART_PASLANMAZ
 48
0.2
100
AcDbCircle
 10
0.0
 20
76.58153397713977
 30
0.0
 40
20.78899999999999
100
AcDbArc
 50
250.030079590773
 51
289.969920409227
  0
ARC
  5
118
330
8A
100
AcDbEntity
  8
ART_PASLANMAZ
 48
0.2
100
AcDbCircle
 10
0.0
 20
47.50353397714206
 30
0.0
 40
20.78899999999999
100
AcDbArc
 50
70.03007959077304
 51
109.9699204092269
  0
LINE
  5
119
330
8A
100
AcDbEntity
  8
ART_PASLANMAZ
 48
0.2
100
AcDbLine
 10
-7.000000000003637
 20
103.6137922855014
 30
0.0
 11
6.999999999992723
 21
103.6137922855014
 31
0.0
  0
ARC
  5
11A
330
8A
100
AcDbEntity
  8
ART_PASLANMAZ
 48
0.2
100
AcDbCircle
 10
-0.000000000003638
 20
78.50353397714207
 30
0.0
 40
20.78899999999999
100
AcDbArc
 50
70.03007959077304
 51
109.9699204092269
  0
LINE
  5
11B
330
8A
100
AcDbEntity
  8
ART_PASLANMAZ
 48
0.2
100
AcDbLine
 10
-8.000000000007275
 20
102.6137922855014
 30
0.0
 11
7.999999999992723
 21
102.613792285505
 31
0.0
  0
ARC
  5
11C
330
8A
100
AcDbEntity
  8
ART_PASLANMAZ
 48
0.2
100
AcDbCircle
 10
-0.000000000003638
 20
107.5815339771434
 30
0.0
 40
20.78899999999999
100
AcDbArc
 50
250.030079590773
 51
289.969920409227
  0
LINE
  5
11D
330
8A
100
AcDbEntity
  8
ART_PASLANMAZ
 48
0.2
100
AcDbLine
 10
-23.5
 20
29.0199999999968
 30
0.0
 11
-17.25000000000363
 21
29.0199999999968
 31
0.0
  0
LINE
  5
11E
330
8A
100
AcDbEntity
  8
ART_PASLANMAZ
 48
0.2
100
AcDbLine
 10
-30.00000000000364
 20
23.5199999999968
 30
0.0
 11
-17.25000000000363
 21
23.5199999999968
 31
0.0
  0
LINE
  5
11F
330
8A
100
AcDbEntity
  8
ART_PASLANMAZ
 48
0.2
100
AcDbLine
 10
-22.00000000000364
 20
27.0199999999968
 30
0.0
 11
-22.00000000000364
 21
29.0199999999968
 31
0.0
  0
LINE
  5
120
330
8A
100
AcDbEntity
  8
ART_PASLANMAZ
 48
0.2
100
AcDbLine
 10
-22.0
 20
27.0199999999968
 30
0.0
 11
-20.50000000000364
 21
26.01999999999681
 31
0.0
  0
LINE
  5
121
330
8A
100
AcDbEntity
  8
ART_PASLANMAZ
 48
0.2
100
AcDbLine
 10
-17.75
 20
23.5199999999968
 30
0.0
 11
-17.75000000000364
 21
29.0199999999968
 31
0.0
  0
LINE
  5
122
330
8A
100
AcDbEntity
  8
ART_PASLANMAZ
 48
0.2
100
AcDbLine
 10
-19.0
 20
27.0199999999968
 30
0.0
 11
-19.0
 21
29.0199999999968
 31
0.0
  0
LINE
  5
123
330
8A
100
AcDbEntity
  8
ART_PASLANMAZ
 48
0.2
100
AcDbLine
 10
-20.50000000000364
 20
26.01999999999681
 30
0.0
 11
-19.0
 21
27.0199999999968
 31
0.0
  0
LINE
  5
124
330
8A
100
AcDbEntity
  8
ART_PASLANMAZ
 48
0.2
100
AcDbLine
 10
-22.00000000000364
 20
27.0199999999968
 30
0.0
 11
-19.0
 21
27.0199999999968
 31
0.0
  0
LINE
  5
125
330
8A
100
AcDbEntity
  8
ART_PASLANMAZ
 48
0.2
100
AcDbLine
 10
-30.00000000000364
 20
23.5199999999968
 30
0.0
 11
-30.0
 21
27.36999999999535
 31
0.0
  0
LINE
  5
126
330
8A
100
AcDbEntity
  8
ART_PASLANMAZ
 48
0.2
100
AcDbLine
 10
-24.0
 20
28.5199999999968
 30
0.0
 11
-23.5
 21
29.0199999999968
 31
0.0
  0
LINE
  5
127
330
8A
100
AcDbEntity
  8
ART_PASLANMAZ
 48
0.2
100
AcDbLine
 10
-24.0
 20
27.36999999999535
 30
0.0
 11
-24.0
 21
28.5199999999968
 31
0.0
  0
LINE
  5
128
330
8A
100
AcDbEntity
  8
ART_PASLANMAZ
 48
0.2
100
AcDbLine
 10
-30.00000000000364
 20
27.36999999999535
 30
0.0
 11
-24.0
 21
27.36999999999535
 31
0.0
  0
LINE
  5
129
330
8A
100
AcDbEntity
  8
ART_PASLANMAZ
 48
0.2
100
AcDbLine
 10
-16.5
 20
32.99999999999637
 30
0.0
 11
-16.5
 21
36.99999999999636
 31
0.0
  0
LINE
  5
12A
330
8A
100
AcDbEntity
  8
ART_PASLANMAZ
 48
0.2
100
AcDbLine
 10
-17.25000000000363
 20
32.24999999999636
 30
0.0
 11
-16.50000000000364
 21
32.99999999999637
 31
0.0
  0
LINE
  5
12B
330
8A
100
AcDbEntity
  8
ART_PASLANMAZ
100
AcDbLine
 10
-13.5
 20
21.99999999999636
 30
0.0
 11
-13.5
 21
32.99999999999637
 31
0.0
  0
LINE
  5
12C
330
8A
100
AcDbEntity
  8
ART_PASLANMAZ
100
AcDbLine
 10
-12.5
 20
26.99999999999636
 30
0.0
 11
-12.5
 21
32.99999999999637
 31
0.0
  0
ARC
  5
12D
330
8A
100
AcDbEntity
  8
ART_PASLANMAZ
100
AcDbCircle
 10
-6.090816326533967
 20
27.61313586216056
 30
0.0
 40
3.929196329514056
100
AcDbArc
 50
127.8175622349067
 51
262.554112289571
  0
ARC
  5
12E
330
8A
100
AcDbEntity
  8
ART_PASLANMAZ
100
AcDbCircle
 10
-3.753088467077759
 20
26.20111149341756
 30
0.0
 40
6.75
100
AcDbArc
 50
134.6880270087755
 51
181.7073400400597
  0
LINE
  5
12F
330
8A
100
AcDbEntity
  8
ART_PASLANMAZ
100
AcDbLine
 10
-13.5
 20
21.99999999999636
 30
0.0
 11
-10.125
 21
21.99999999999636
 31
0.0
  0
LINE
  5
130
330
8A
100
AcDbEntity
  8
ART_PASLANMAZ
100
AcDbLine
 10
-13.5
 20
26.99999999999636
 30
0.0
 11
-12.5
 21
25.99999999999636
 31
0.0
  0
LINE
  5
131
330
8A
100
AcDbEntity
  8
ART_PASLANMAZ
 48
0.2
100
AcDbLine
 10
-13.5
 20
26.99999999999636
 30
0.0
 11
-10.45564597552584
 21
26.99999999999636
 31
0.0
  0
LINE
  5
132
330
8A
100
AcDbEntity
  8
ART_PASLANMAZ
 48
0.2
100
AcDbLine
 10
-12.5
 20
25.99999999999636
 30
0.0
 11
-12.5
 21
21.99999999999636
 31
0.0
  0
LINE
  5
133
330
8A
100
AcDbEntity
  8
ART_PASLANMAZ
100
AcDbLine
 10
-9.673605252224659
 20
25.99999999999636
 30
0.0
 11
-12.5
 21
25.99999999999636
 31
0.0
  0
LINE
  5
134
330
8A
100
AcDbEntity
  8
ART_PASLANMAZ
100
AcDbLine
 10
-6.0
 20
33.21707172222159
 30
0.0
 11
-8.5
 21
30.71707172222159
 31
0.0
  0
LINE
  5
135
330
8A
100
AcDbEntity
  8
ART_PASLANMAZ
 48
0.2
100
AcDbLine
 10
-8.0
 20
40.99999999999636
 30
0.0
 11
-6.0
 21
40.99999999999636
 31
0.0
  0
LINE
  5
136
330
8A
100
AcDbEntity
  8
ART_PASLANMAZ
100
AcDbLine
 10
-6.0
 20
38.2170717222216
 30
0.0
 11
-8.0
 21
40.99999999999636
 31
0.0
  0
LINE
  5
137
330
8A
100
AcDbEntity
  8
ART_PASLANMAZ
100
AcDbLine
 10
-6.0
 20
46.21707172222158
 30
0.0
 11
-6.0
 21
38.2170717222216
 31
0.0
  0
LINE
  5
138
330
8A
100
AcDbEntity
  8
ART_PASLANMAZ
100
AcDbLine
 10
-6.0
 20
43.2170717222216
 30
0.0
 11
-6.0
 21
33.21707172222159
 31
0.0
  0
LINE
  5
139
330
8A
100
AcDbEntity
  8
ART_PASLANMAZ
100
AcDbLine
 10
-8.5
 20
31.99999999999636
 30
0.0
 11
-7.217071722225226
 21
31.99999999999636
 31
0.0
  0
LINE
  5
13A
330
8A
100
AcDbEntity
  8
ART_PASLANMAZ
100
AcDbLine
 10
-8.217071722225227
 20
30.99999999999636
 30
0.0
 11
-8.5
 21
30.99999999999636
 31
0.0
  0
LINE
  5
13B
330
8A
100
AcDbEntity
  8
ART_PASLANMAZ
100
AcDbLine
 10
-8.5
 20
30.99999999999636
 30
0.0
 11
-8.5
 21
31.99999999999636
 31
0.0
  0
LINE
  5
13C
330
8A
100
AcDbEntity
  8
ART_PASLANMAZ
100
AcDbLine
 10
-10.75
 20
36.99999999999636
 30
0.0
 11
-8.5
 21
31.99999999999636
 31
0.0
  0
LINE
  5
13D
330
8A
100
AcDbEntity
  8
ART_PASLANMAZ
 48
0.2
100
AcDbLine
 10
-17.25000000000363
 20
32.24999999999636
 30
0.0
 11
-13.5
 21
32.24999999999636
 31
0.0
  0
LINE
  5
13E
330
8A
100
AcDbEntity
  8
ART_PASLANMAZ
 48
0.2
100
AcDbLine
 10
-16.50000000000364
 20
32.99999999999637
 30
0.0
 11
-13.5
 21
32.99999999999637
 31
0.0
  0
LINE
  5
13F
330
8A
100
AcDbEntity
  8
ART_PASLANMAZ
100
AcDbLine
 10
-16.5
 20
32.99999999999637
 30
0.0
 11
-12.5
 21
32.99999999999637
 31
0.0
  0
LINE
  5
140
330
8A
100
AcDbEntity
  8
ART_PASLANMAZ
 48
0.2
100
AcDbLine
 10
-16.5
 20
36.99999999999636
 30
0.0
 11
-6.0
 21
36.99999999999636
 31
0.0
  0
LINE
  5
141
330
8A
100
AcDbEntity
  8
ART_PASLANMAZ
100
AcDbLine
 10
-16.5
 20
36.99999999999636
 30
0.0
 11
-6.0
 21
36.99999999999636
 31
0.0
  0
HATCH
  5
142
330
8A
100
AcDbEntity
  8
ART_TARAMA
100
AcDbHatch
 10
0.0
 20
0.0
 30
0.0
210
0.0
220
0.0
230
1.0
  2
ANSI31
 70
     0
 71
     0
 91
        1
 92
        7
 72
     1
 73
     1
 93
        8
 10
-12.5
 20
32.99999999999637
 42
0.0
 10
-12.5
 20
26.99999999999273
 42
0.0
 10
-10.45564597552584
 20
26.99999999999636
 42
-0.1696529132513784
 10
-8.5
 20
30.99999999999636
 42
0.0
 10
-8.5
 20
31.99999999999636
 42
0.0
 10
-10.75000000000364
 20
36.99999999999273
 42
0.0
 10
-16.5
 20
37.0
 42
0.0
 10
-16.5
 20
32.99999999999637
 42
0.0
 97
        0
 75
     0
 76
     1
 52
90.0
 41
10.0
 77
     0
 78
     1
 53
135.0
 43
-283.3552443802946
 44
-2643.773928803504
 45
-0.8838834764831844
 46
-0.8838834764831842
 79
     0
 47
0.0718116299668561
 98
        1
 10
-11.9579337660798
 20
33.77231240739275
  0
LINE
  5
143
330
8A
100
AcDbEntity
  8
ART_PASLANMAZ
 48
0.2
100
AcDbLine
 10
6.0
 20
40.99999999999636
 30
0.0
 11
8.0
 21
40.99999999999636
 31
0.0
  0
LINE
  5
144
330
8A
100
AcDbEntity
  8
ART_PASLANMAZ
100
AcDbLine
 10
8.0
 20
40.99999999999636
 30
0.0
 11
6.0
 21
38.2170717222216
 31
0.0
  0
LINE
  5
145
330
8A
100
AcDbEntity
  8
ART_PASLANMAZ
100
AcDbLine
 10
6.0
 20
46.21707172222158
 30
0.0
 11
6.0
 21
38.2170717222216
 31
0.0
  0
LINE
  5
146
330
8A
100
AcDbEntity
  8
ART_PASLANMAZ
100
AcDbLine
 10
8.5
 20
30.99999999999636
 30
0.0
 11
8.217071722221589
 21
30.99999999999636
 31
0.0
  0
LINE
  5
147
330
8A
100
AcDbEntity
  8
ART_PASLANMAZ
100
AcDbLine
 10
8.5
 20
30.99999999999636
 30
0.0
 11
8.5
 21
31.99999999999636
 31
0.0
  0
LINE
  5
148
330
8A
100
AcDbEntity
  8
ART_PASLANMAZ
100
AcDbLine
 10
7.217071722221588
 20
31.99999999999636
 30
0.0
 11
8.5
 21
31.99999999999636
 31
0.0
  0
LINE
  5
149
330
8A
100
AcDbEntity
  8
ART_PASLANMAZ
100
AcDbLine
 10
6.0
 20
33.21707172222159
 30
0.0
 11
8.5
 21
30.71707172222159
 31
0.0
  0
LINE
  5
14A
330
8A
100
AcDbEntity
  8
ART_PASLANMAZ
100
AcDbLine
 10
6.0
 20
43.2170717222216
 30
0.0
 11
6.0
 21
33.21707172222159
 31
0.0
  0
LINE
  5
14B
330
8A
100
AcDbEntity
  8
ART_PASLANMAZ
100
AcDbLine
 10
6.0
 20
38.2170717222216
 30
0.0
 11
-6.0
 21
38.2170717222216
 31
0.0
  0
LINE
  5
14C
330
8A
100
AcDbEntity
  8
ART_PASLANMAZ
100
AcDbLine
 10
3.999999999996361
 20
38.2170717222216
 30
0.0
 11
-4.0
 21
38.2170717222216
 31
0.0
  0
LINE
  5
14D
330
8A
100
AcDbEntity
  8
ART_PASLANMAZ
100
AcDbLine
 10
-6.0
 20
46.21707172222158
 30
0.0
 11
6.0
 21
46.21707172222158
 31
0.0
  0
LINE
  5
14E
330
8A
100
AcDbEntity
  8
ART_PASLANMAZ
100
AcDbLine
 10
6.0
 20
33.21707172222159
 30
0.0
 11
-6.0
 21
33.21707172222159
 31
0.0
  0
ARC
  5
14F
330
8A
100
AcDbEntity
  8
ART_PASLANMAZ
 48
0.2
100
AcDbCircle
 10
0.0161668736363936
 20
45.8654677675513
 30
0.0
 40
23.11547342107814
100
AcDbArc
 50
253.3680672974403
 51
286.7040059875488
  0
LINE
  5
150
102
{ACAD_REACTORS
330
A5
102
}
330
8A
100
AcDbEntity
  8
ART_PASLANMAZ
100
AcDbLine
 10
-8.625
 20
22.74999999999636
 30
0.0
 11
8.625
 21
22.74999999999636
 31
0.0
  0
LINE
  5
151
330
8A
100
AcDbEntity
  8
ART_PASLANMAZ
100
AcDbLine
 10
8.5
 20
30.71707172222159
 30
0.0
 11
-8.5
 21
30.71707172222159
 31
0.0
  0
LINE
  5
152
330
8A
100
AcDbEntity
  8
ART_PASLANMAZ
 48
0.2
100
AcDbLine
 10
8.0
 20
40.99999999999636
 30
0.0
 11
8.0
 21
55.79253397714275
 31
0.0
  0
LINE
  5
153
330
8A
100
AcDbEntity
  8
ART_PASLANMAZ
 48
0.2
100
AcDbLine
 10
7.0
 20
55.79253397714275
 30
0.0
 11
7.0
 21
40.99999999999636
 31
0.0
  0
LINE
  5
154
330
8A
100
AcDbEntity
  8
ART_PASLANMAZ
 48
0.2
100
AcDbLine
 10
-8.0
 20
40.99999999999636
 30
0.0
 11
-8.0
 21
55.79253397714275
 31
0.0
  0
LINE
  5
155
330
8A
100
AcDbEntity
  8
ART_PASLANMAZ
 48
0.2
100
AcDbLine
 10
-7.0
 20
55.79253397714275
 30
0.0
 11
-7.0
 21
40.99999999999636
 31
0.0
  0
ENDBLK
  5
156
330
8A
100
AcDbEntity
  8
0
 62
     1
100
AcDbBlockEnd
  0
BLOCK
  5
15B
330
15A
100
AcDbEntity
  8
0
 62
     1
100
AcDbBlockBegin
  2
PCAM
 70
     0
 10
0.0
 20
0.0
 30
0.0
  3
PCAM
  1

  0
LINE
  5
15C
330
15A
100
AcDbEntity
  8
ART_CAM
100
AcDbLine
 10
1.0
 20
1.759999999999989
 30
0.0
 11
1.0
 21
5.75999999999999
 31
0.0
  0
LINE
  5
15D
330
15A
100
AcDbEntity
  8
ART_CAM
100
AcDbLine
 10
1.0
 20
5.75999999999999
 30
0.0
 11
0.0
 21
6.75999999999999
 31
0.0
  0
LINE
  5
15E
330
15A
100
AcDbEntity
  8
ART_CAM
100
AcDbLine
 10
1.0
 20
1.759999999999989
 30
0.0
 11
0.0
 21
0.7599999999999909
 31
0.0
  0
LINE
  5
15F
330
15A
100
AcDbEntity
  8
ART_CAM
100
AcDbLine
 10
0.0
 20
0.7599999999999909
 30
0.0
 11
-74.86690514547809
 21
0.7599999999999909
 31
0.0
  0
LINE
  5
160
330
15A
100
AcDbEntity
  8
ART_CAM
100
AcDbLine
 10
-116.8669051454853
 20
0.7599999999999767
 30
0.0
 11
-295.6006307621283
 21
0.7599999999999909
 31
0.0
  0
LINE
  5
161
330
15A
100
AcDbEntity
  8
ART_TARAMA
100
AcDbLine
 10
1.0
 20
2.75999999999999
 30
0.0
 11
-75.86690514548172
 21
2.75999999999999
 31
0.0
  0
LINE
  5
162
330
15A
100
AcDbEntity
  8
ART_TARAMA
100
AcDbLine
 10
-115.8669051454817
 20
2.75999999999999
 30
0.0
 11
-295.6006307621283
 21
2.75999999999999
 31
0.0
  0
LINE
  5
163
330
15A
100
AcDbEntity
  8
ART_CAM
100
AcDbLine
 10
0.0
 20
6.75999999999999
 30
0.0
 11
-74.86690514547809
 21
6.75999999999999
 31
0.0
  0
LINE
  5
164
330
15A
100
AcDbEntity
  8
ART_CAM
100
AcDbLine
 10
-116.8669051454853
 20
6.75999999999999
 30
0.0
 11
-295.6006307621283
 21
6.75999999999999
 31
0.0
  0
LINE
  5
165
330
15A
100
AcDbEntity
  8
ART_TARAMA
100
AcDbLine
 10
1.0
 20
1.759999999999989
 30
0.0
 11
-75.86690514548172
 21
1.759999999999989
 31
0.0
  0
LINE
  5
166
330
15A
100
AcDbEntity
  8
ART_TARAMA
100
AcDbLine
 10
-115.8669051454817
 20
1.759999999999989
 30
0.0
 11
-295.6006307621283
 21
1.759999999999989
 31
0.0
  0
LINE
  5
167
330
15A
100
AcDbEntity
  8
ART_TARAMA
100
AcDbLine
 10
1.0
 20
3.75999999999999
 30
0.0
 11
-75.86690514548172
 21
3.75999999999999
 31
0.0
  0
LINE
  5
168
330
15A
100
AcDbEntity
  8
ART_TARAMA
100
AcDbLine
 10
-115.8669051454817
 20
3.75999999999999
 30
0.0
 11
-295.6006307621283
 21
3.75999999999999
 31
0.0
  0
LINE
  5
169
330
15A
100
AcDbEntity
  8
ART_TARAMA
100
AcDbLine
 10
1.0
 20
4.75999999999999
 30
0.0
 11
-75.86690514548172
 21
4.75999999999999
 31
0.0
  0
LINE
  5
16A
330
15A
100
AcDbEntity
  8
ART_TARAMA
100
AcDbLine
 10
-115.8669051454817
 20
4.75999999999999
 30
0.0
 11
-295.6006307621283
 21
4.75999999999999
 31
0.0
  0
LINE
  5
16B
330
15A
100
AcDbEntity
  8
ART_TARAMA
100
AcDbLine
 10
1.0
 20
5.75999999999999
 30
0.0
 11
-75.86690514548172
 21
5.75999999999999
 31
0.0
  0
LINE
  5
16C
330
15A
100
AcDbEntity
  8
ART_TARAMA
100
AcDbLine
 10
-115.8669051454817
 20
5.75999999999999
 30
0.0
 11
-295.6006307621283
 21
5.75999999999999
 31
0.0
  0
LINE
  5
16D
330
15A
100
AcDbEntity
  8
ART_CAM
100
AcDbLine
 10
1.0
 20
-5.75999999999999
 30
0.0
 11
1.0
 21
-1.759999999999989
 31
0.0
  0
LINE
  5
16E
330
15A
100
AcDbEntity
  8
ART_CAM
100
AcDbLine
 10
1.0
 20
-1.759999999999989
 30
0.0
 11
0.0
 21
-0.7599999999999909
 31
0.0
  0
LINE
  5
16F
330
15A
100
AcDbEntity
  8
ART_CAM
100
AcDbLine
 10
1.0
 20
-5.75999999999999
 30
0.0
 11
0.0
 21
-6.75999999999999
 31
0.0
  0
LINE
  5
170
330
15A
100
AcDbEntity
  8
ART_CAM
100
AcDbLine
 10
0.0
 20
-6.75999999999999
 30
0.0
 11
-74.86690514547809
 21
-6.75999999999999
 31
0.0
  0
LINE
  5
171
330
15A
100
AcDbEntity
  8
ART_CAM
100
AcDbLine
 10
-116.8669051454853
 20
-6.759999999999982
 30
0.0
 11
-295.6006307621283
 21
-6.75999999999999
 31
0.0
  0
LINE
  5
172
330
15A
100
AcDbEntity
  8
ART_TARAMA
100
AcDbLine
 10
1.0
 20
-4.75999999999999
 30
0.0
 11
-75.86690514548172
 21
-4.75999999999999
 31
0.0
  0
LINE
  5
173
330
15A
100
AcDbEntity
  8
ART_TARAMA
100
AcDbLine
 10
-115.8669051454817
 20
-4.75999999999999
 30
0.0
 11
-295.6006307621283
 21
-4.75999999999999
 31
0.0
  0
LINE
  5
174
330
15A
100
AcDbEntity
  8
ART_CAM
100
AcDbLine
 10
0.0
 20
-0.7599999999999909
 30
0.0
 11
-74.86690514547809
 21
-0.7599999999999909
 31
0.0
  0
LINE
  5
175
330
15A
100
AcDbEntity
  8
ART_CAM
100
AcDbLine
 10
-116.8669051454853
 20
-0.7599999999999909
 30
0.0
 11
-295.6006307621283
 21
-0.7599999999999909
 31
0.0
  0
LINE
  5
176
330
15A
100
AcDbEntity
  8
ART_TARAMA
100
AcDbLine
 10
1.0
 20
-5.75999999999999
 30
0.0
 11
-75.86690514548172
 21
-5.75999999999999
 31
0.0
  0
LINE
  5
177
330
15A
100
AcDbEntity
  8
ART_TARAMA
100
AcDbLine
 10
-115.8669051454817
 20
-5.75999999999999
 30
0.0
 11
-295.6006307621283
 21
-5.75999999999999
 31
0.0
  0
LINE
  5
178
330
15A
100
AcDbEntity
  8
ART_TARAMA
100
AcDbLine
 10
1.0
 20
-3.75999999999999
 30
0.0
 11
-75.86690514548172
 21
-3.75999999999999
 31
0.0
  0
LINE
  5
179
330
15A
100
AcDbEntity
  8
ART_TARAMA
100
AcDbLine
 10
-115.8669051454817
 20
-3.75999999999999
 30
0.0
 11
-295.6006307621283
 21
-3.75999999999999
 31
0.0
  0
LINE
  5
17A
330
15A
100
AcDbEntity
  8
ART_TARAMA
100
AcDbLine
 10
1.0
 20
-2.75999999999999
 30
0.0
 11
-75.86690514548172
 21
-2.75999999999999
 31
0.0
  0
LINE
  5
17B
330
15A
100
AcDbEntity
  8
ART_TARAMA
100
AcDbLine
 10
-115.8669051454817
 20
-2.75999999999999
 30
0.0
 11
-295.6006307621283
 21
-2.75999999999999
 31
0.0
  0
LINE
  5
17C
330
15A
100
AcDbEntity
  8
ART_TARAMA
100
AcDbLine
 10
1.0
 20
-1.759999999999989
 30
0.0
 11
-75.86690514548172
 21
-1.759999999999989
 31
0.0
  0
LINE
  5
17D
330
15A
100
AcDbEntity
  8
ART_TARAMA
100
AcDbLine
 10
-115.8669051454817
 20
-1.759999999999989
 30
0.0
 11
-295.6006307621283
 21
-1.759999999999989
 31
0.0
  0
LINE
  5
17E
330
15A
100
AcDbEntity
  8
ART_CAM
100
AcDbLine
 10
0.0
 20
-0.7599999999999909
 30
0.0
 11
0.0
 21
0.7599999999999909
 31
0.0
  0
LWPOLYLINE
  5
17F
330
15A
100
AcDbEntity
  8
ART_CAM
  6
HIDDEN
 48
2.0
100
AcDbPolyline
 90
        2
 70
     0
 43
1.199999999999999
 10
0.0
 20
0.0
 10
-74.86690514547809
 20
0.0
  0
LWPOLYLINE
  5
181
330
15A
100
AcDbEntity
  8
ART_CAM
  6
HIDDEN
 48
2.0
100
AcDbPolyline
 90
        2
 70
     0
 43
1.199999999999999
 10
-116.8669051454853
 20
0.0
 10
-295.6006307621283
 20
0.0
  0
LINE
  5
182
330
15A
100
AcDbEntity
  8
ART_CAM
100
AcDbLine
 10
-75.86690514547807
 20
1.759999999999989
 30
0.0
 11
-75.86690514547807
 21
5.75999999999999
 31
0.0
  0
LINE
  5
183
330
15A
100
AcDbEntity
  8
ART_CAM
100
AcDbLine
 10
-75.86690514547807
 20
5.75999999999999
 30
0.0
 11
-74.86690514547809
 21
6.75999999999999
 31
0.0
  0
LINE
  5
184
330
15A
100
AcDbEntity
  8
ART_CAM
100
AcDbLine
 10
-75.86690514547807
 20
1.759999999999989
 30
0.0
 11
-74.86690514547809
 21
0.7599999999999909
 31
0.0
  0
LINE
  5
185
330
15A
100
AcDbEntity
  8
ART_CAM
100
AcDbLine
 10
-75.86690514547807
 20
-5.75999999999999
 30
0.0
 11
-75.86690514547807
 21
-1.759999999999989
 31
0.0
  0
LINE
  5
186
330
15A
100
AcDbEntity
  8
ART_CAM
100
AcDbLine
 10
-75.86690514547807
 20
-1.759999999999989
 30
0.0
 11
-74.86690514547809
 21
-0.7599999999999909
 31
0.0
  0
LINE
  5
187
330
15A
100
AcDbEntity
  8
ART_CAM
100
AcDbLine
 10
-75.86690514547807
 20
-5.75999999999999
 30
0.0
 11
-74.86690514547809
 21
-6.75999999999999
 31
0.0
  0
LINE
  5
188
330
15A
100
AcDbEntity
  8
ART_CAM
100
AcDbLine
 10
-74.86690514547809
 20
-0.7599999999999909
 30
0.0
 11
-74.86690514547809
 21
0.7599999999999909
 31
0.0
  0
LINE
  5
189
330
15A
100
AcDbEntity
  8
ART_CAM
100
AcDbLine
 10
-115.8669051454853
 20
1.759999999999989
 30
0.0
 11
-115.8669051454853
 21
5.75999999999999
 31
0.0
  0
LINE
  5
18A
330
15A
100
AcDbEntity
  8
ART_CAM
100
AcDbLine
 10
-115.8669051454853
 20
5.75999999999999
 30
0.0
 11
-116.8669051454853
 21
6.75999999999999
 31
0.0
  0
LINE
  5
18B
330
15A
100
AcDbEntity
  8
ART_CAM
100
AcDbLine
 10
-115.8669051454853
 20
1.759999999999989
 30
0.0
 11
-116.8669051454853
 21
0.7599999999999909
 31
0.0
  0
LINE
  5
18C
330
15A
100
AcDbEntity
  8
ART_CAM
100
AcDbLine
 10
-115.8669051454853
 20
-5.75999999999999
 30
0.0
 11
-115.8669051454853
 21
-1.759999999999989
 31
0.0
  0
LINE
  5
18D
330
15A
100
AcDbEntity
  8
ART_CAM
100
AcDbLine
 10
-115.8669051454853
 20
-1.759999999999989
 30
0.0
 11
-116.8669051454853
 21
-0.7599999999999909
 31
0.0
  0
LINE
  5
18E
330
15A
100
AcDbEntity
  8
ART_CAM
100
AcDbLine
 10
-115.8669051454853
 20
-5.75999999999999
 30
0.0
 11
-116.8669051454853
 21
-6.75999999999999
 31
0.0
  0
LINE
  5
18F
330
15A
100
AcDbEntity
  8
ART_CAM
100
AcDbLine
 10
-116.8669051454853
 20
-0.7599999999999909
 30
0.0
 11
-116.8669051454853
 21
0.7599999999999909
 31
0.0
  0
ENDBLK
  5
190
330
15A
100
AcDbEntity
  8
0
 62
     1
100
AcDbBlockEnd
  0
ENDSEC
  0
SECTION
  2
ENTITIES
  0
LWPOLYLINE
  5
72
330
2
100
AcDbEntity
  8
ART_PASLANMAZ
100
AcDbPolyline
 90
        2
 70
     0
 43
0.0
 10
-73275.27234653289
 20
38174.1351844448
 10
-73275.27234653289
 20
38155.1351844448
  0
LWPOLYLINE
  5
74
330
2
100
AcDbEntity
  8
ART_PASLANMAZ
100
AcDbPolyline
 90
        2
 70
     0
 43
0.0
 10
-73291.27234653289
 20
38174.1351844448
 10
-73291.27234653289
 20
38155.1351844448
  0
HATCH
  5
75
330
2
100
AcDbEntity
  8
ART_TARAMA
100
AcDbHatch
 10
0.0
 20
0.0
 30
0.0
210
0.0
220
0.0
230
1.0
  2
ANSI31
 70
     0
 71
     0
 91
        4
 92
        7
 72
     1
 73
     1
 93
       12
 10
-73307.36410454007
 20
38155.1351844448
 42
0.0
 10
-73291.27234653289
 20
38155.1351844448
 42
0.0
 10
-73291.27234653289
 20
38174.1351844448
 42
0.0
 10
-73306.06789396603
 20
38174.1351844448
 42
0.1311219743422336
 10
-73319.51908643338
 20
38170.54598155225
 42
0.0
 10
-73359.28315929391
 20
38147.69865196852
 42
-0.1311219743422325
 10
-73363.26869780275
 20
38146.6351844448
 42
0.0
 10
-73373.13404519034
 20
38146.6351844448
 42
0.0
 10
-73373.13404519034
 20
38133.1351844448
 42
0.0
 10
-73362.88463541043
 20
38133.1351844448
 42
0.1081325734581322
 10
-73359.54344406095
 20
38133.86631655728
 42
0.0
 10
-73318.64062534456
 20
38152.66761356517
 42
-0.1081325734581339
 97
        0
 92
        7
 72
     1
 73
     1
 93
        6
 10
-73397.13404519033
 20
38146.6351844448
 42
0.0
 10
-73408.13404519034
 20
38146.6351844448
 42
0.4142135623731451
 10
-73409.13404519032
 20
38145.6351844448
 42
0.0
 10
-73409.13404519032
 20
38134.1351844448
 42
0.4142135623730524
 10
-73408.13404519034
 20
38133.1351844448
 42
0.0
 10
-73397.13404519033
 20
38133.1351844448
 42
0.0
 97
        0
 92
        7
 72
     1
 73
     1
 93
       12
 10
-73247.03676682132
 20
38170.56271690172
 42
0.1308052578197515
 10
-73260.45879062477
 20
38174.1351844448
 42
0.0
 10
-73275.27234653289
 20
38174.1351844448
 42
0.0
 10
-73275.27234653289
 20
38155.1351844448
 42
0.0
 10
-73259.16511510127
 20
38155.1351844448
 42
-0.1078559001696315
 10
-73247.91543791794
 20
38152.67993466294
 42
0.0
 10
-73206.8595787151
 20
38133.86266586164
 42
0.10785590016963
 10
-73203.52634103116
 20
38133.1351844448
 42
0.0
 10
-73193.27234653289
 20
38133.1351844448
 42
0.0
 10
-73193.27234653289
 20
38146.6351844448
 42
0.0
 10
-73203.14302976492
 20
38146.6351844448
 42
-0.1308052578197527
 10
-73207.11992570669
 20
38147.69369334647
 42
0.0
 97
        0
 92
        7
 72
     1
 73
     1
 93
        6
 10
-73157.27234653289
 20
38145.6351844448
 42
0.4142135623730951
 10
-73158.27234653289
 20
38146.6351844448
 42
0.0
 10
-73169.27234653289
 20
38146.6351844448
 42
0.0
 10
-73169.27234653289
 20
38133.1351844448
 42
0.0
 10
-73158.27234653289
 20
38133.1351844448
 42
0.4142135623730951
 10
-73157.27234653289
 20
38134.1351844448
 42
0.0
 97
        0
 75
     0
 76
     1
 52
0.0
 41
1.0
 77
     0
 78
     1
 53
45.0
 43
-83645.15408880416
 44
37729.64477739894
 45
-2.245064030267287
 46
2.245064030267287
 79
     0
 47
0.9672392593717768
 98
        4
 10
-73330.83085526289
 20
38154.64579554401
 10
-73405.37599897005
 20
38140.13720977534
 10
-73247.5726420994
 20
38157.54751150597
 10
-73161.41007610195
 20
38139.16996516244
  0
LWPOLYLINE
  5
77
330
2
100
AcDbEntity
  8
ART_PASLANMAZ
100
AcDbPolyline
 90
        2
 70
     0
 43
0.0
 10
-73169.27234653289
 20
38146.6351844448
 10
-73169.27234653289
 20
38133.1351844448
  0
LWPOLYLINE
  5
78
330
2
100
AcDbEntity
  8
ART_PASLANMAZ
100
AcDbPolyline
 90
        2
 70
     0
 43
0.0
 10
-73193.27234653289
 20
38146.6351844448
 10
-73193.27234653289
 20
38133.1351844448
  0
LINE
  5
79
330
2
100
AcDbEntity
  8
ART_AKS
  6
ACAD_ISO04W100
 48
0.1
100
AcDbLine
 10
-73402.17700090371
 20
38844.57910437782
 30
0.0
 11
-73164.30207808214
 21
38606.69593119288
 31
0.0
  0
LINE
  5
7E
330
2
100
AcDbEntity
  8
ART_AKS
  6
ACAD_ISO04W100
 48
0.1
100
AcDbLine
 10
-73164.30207808214
 20
38844.57910437782
 30
0.0
 11
-73402.17700090371
 21
38606.69593119288
 31
0.0
  0
CIRCLE
  5
7F
330
2
100
AcDbEntity
  8
ART_PASLANMAZ
100
AcDbCircle
 10
-73181.27234653289
 20
38623.66678823397
 30
0.0
 40
12.0
  0
CIRCLE
  5
80
330
2
100
AcDbEntity
  8
ART_PASLANMAZ
100
AcDbCircle
 10
-73385.13404519034
 20
38623.66678823397
 30
0.0
 40
12.0
  0
LWPOLYLINE
  5
81
330
2
100
AcDbEntity
  8
ART_PASLANMAZ
100
AcDbPolyline
 90
       24
 70
     1
 43
0.0
 10
-73318.64062534451
 20
38152.66761356519
 42
-0.1081325734578066
 10
-73307.36410454007
 20
38155.1351844448
 10
-73259.16511510127
 20
38155.1351844448
 42
-0.1078559001698513
 10
-73247.91543791794
 20
38152.67993466294
 10
-73206.85957871511
 20
38133.86266586165
 42
0.1078559001698512
 10
-73203.52634103116
 20
38133.1351844448
 10
-73158.27234653289
 20
38133.1351844448
 42
0.4142135623730951
 10
-73157.27234653289
 20
38134.1351844448
 10
-73157.27234653289
 20
38145.6351844448
 42
0.4142135623730951
 10
-73158.27234653289
 20
38146.6351844448
 10
-73203.14302976492
 20
38146.6351844448
 42
-0.1308052578200441
 10
-73207.11992570669
 20
38147.69369334647
 10
-73247.0367668213
 20
38170.5627169017
 42
0.1308052578200442
 10
-73260.45879062477
 20
38174.1351844448
 10
-73306.06789396603
 20
38174.1351844448
 42
0.1311219743419545
 10
-73319.51908643338
 20
38170.54598155225
 10
-73359.28315929391
 20
38147.69865196851
 42
-0.131121974341901
 10
-73363.26869780275
 20
38146.6351844448
 10
-73408.13404519034
 20
38146.6351844448
 42
0.4142135623730951
 10
-73409.13404519032
 20
38145.6351844448
 10
-73409.13404519032
 20
38134.1351844448
 42
0.4142135623730951
 10
-73408.13404519034
 20
38133.1351844448
 10
-73362.88463541043
 20
38133.1351844448
 42
0.1081325734578066
 10
-73359.54344406095
 20
38133.86631655728
  0
CIRCLE
  5
82
330
2
100
AcDbEntity
  8
ART_PASLANMAZ
100
AcDbCircle
 10
-73283.27234653289
 20
38747.17386141666
 30
0.0
 40
3.5
  0
CIRCLE
  5
83
330
2
100
AcDbEntity
  8
ART_PASLANMAZ
100
AcDbCircle
 10
-73283.27234653289
 20
38725.67386141665
 30
0.0
 40
8.0
  0
CIRCLE
  5
84
330
2
100
AcDbEntity
  8
ART_PASLANMAZ
100
AcDbCircle
 10
-73283.27234653289
 20
38704.17386141665
 30
0.0
 40
3.5
  0
CIRCLE
  5
85
330
2
100
AcDbEntity
  8
ART_PASLANMAZ
100
AcDbCircle
 10
-73283.27234653289
 20
38725.67386141665
 30
0.0
 40
30.0
  0
CIRCLE
  5
86
330
2
100
AcDbEntity
  8
ART_PASLANMAZ
100
AcDbCircle
 10
-73181.27234653289
 20
38827.67386141665
 30
0.0
 40
12.0
  0
CIRCLE
  5
87
330
2
100
AcDbEntity
  8
ART_PASLANMAZ
100
AcDbCircle
 10
-73385.20673245296
 20
38827.60824733674
 30
0.0
 40
12.0
  0
LWPOLYLINE
  5
88
330
2
100
AcDbEntity
  8
ART_PASLANMAZ
100
AcDbPolyline
 90
       24
 70
     1
 43
0.0
 10
-73379.74359641052
 20
38804.23830628883
 42
-0.2745926953543552
 10
-73371.95310734397
 20
38801.77427577823
 10
-73320.04329785157
 20
38743.59260009226
 42
-0.3812606027672666
 10
-73320.0435166723
 20
38707.64219342484
 10
-73371.91216558589
 20
38649.50807605811
 42
-0.2743161311290887
 10
-73379.69466964947
 20
38647.04227098247
 42
3.509913036091006
 10
-73361.7767947303
 20
38629.18392978976
 42
-0.275194841632119
 10
-73359.31742515111
 20
38636.99203636315
 10
-73301.22516623156
 20
38688.82959724142
 42
-0.3812880274915339
 10
-73265.27283003549
 20
38688.83025101067
 10
-73207.10420445654
 20
38636.92834562885
 42
-0.2746531612652955
 10
-73204.64086258857
 20
38629.13601645697
 42
3.511520837348907
 10
-73186.77092558752
 20
38647.02841549706
 42
-0.2749947170140606
 10
-73194.57311345235
 20
38649.48954525001
 10
-73246.45861156835
 20
38707.64143270189
 42
-0.3812839908848651
 10
-73246.45770439597
 20
38743.59348489448
 10
-73194.48968041705
 20
38801.8319485369
 42
-0.2742635571334985
 10
-73186.70855240491
 20
38804.29764132621
 42
3.51116030251018
 10
-73204.62677998308
 20
38822.14480740893
 42
-0.2753481467960733
 10
-73207.08556862596
 20
38814.33241052304
 10
-73265.27397355068
 20
38762.41532495273
 42
-0.3812534745041747
 10
-73301.22387866687
 20
38762.4146586581
 10
-73359.38464397403
 20
38814.30321149538
 42
-0.2750419570777707
 10
-73361.8458151706
 20
38822.10665268368
 42
3.511082281913356
  0
INSERT
  5
89
330
2
100
AcDbEntity
  8
ART_PASLANMAZ
100
AcDbBlockReference
  2
SPIDER
 10
-73385.13404519034
 20
38062.34265046765
 30
0.0
  0
INSERT
  5
157
330
2
100
AcDbEntity
  8
ART_CAM
100
AcDbBlockReference
  2
PCAM
 10
-73289.26714004486
 20
38077.10265046766
 30
0.0
  0
INSERT
  5
191
330
2
100
AcDbEntity
  8
ART_PASLANMAZ
100
AcDbBlockReference
  2
SPIDER
 10
-73181.40023489976
 20
38062.34265046757
 30
0.0
 41
-1.0
 50
359.9999999998958
  0
INSERT
  5
192
330
2
100
AcDbEntity
  8
ART_CAM
100
AcDbBlockReference
  2
PCAM
 10
-73277.26714004522
 20
38077.10265046765
 30
0.0
 41
-1.0
 50
359.9999999998958
  0
LINE
  5
193
330
2
100
AcDbEntity
  8
ART_PASLANMAZ
100
AcDbLine
 10
-73289.55045938311
 20
38175.50026612132
 30
0.0
 11
-73289.55045938311
 21
38196.62666010866
 31
0.0
  0
LINE
  5
194
330
2
100
AcDbEntity
  8
ART_PASLANMAZ
100
AcDbLine
 10
-73277.55045938313
 20
38175.50026612132
 30
0.0
 11
-73277.55045938313
 21
38196.62666010864
 31
0.0
  0
LINE
  5
195
330
2
100
AcDbEntity
  8
ART_PASLANMAZ
100
AcDbLine
 10
-73289.55045938313
 20
38185.30948223369
 30
0.0
 11
-73277.55045938311
 21
38187.78001008924
 31
0.0
  0
LINE
  5
196
330
2
100
AcDbEntity
  8
ART_PASLANMAZ
100
AcDbLine
 10
-73277.55045938313
 20
38196.62666010864
 30
0.0
 11
-73289.55045938311
 21
38196.62666010866
 31
0.0
  0
LINE
  5
197
330
2
100
AcDbEntity
  8
ART_PASLANMAZ
100
AcDbLine
 10
-73289.55045938315
 20
38190.21409028986
 30
0.0
 11
-73277.55045938313
 21
38192.68461814539
 31
0.0
  0
LINE
  5
198
330
2
100
AcDbEntity
  8
ART_PASLANMAZ
100
AcDbLine
 10
-73289.55045938311
 20
38187.76178626178
 30
0.0
 11
-73277.55045938311
 21
38190.23231411744
 31
0.0
  0
LINE
  5
199
330
2
100
AcDbEntity
  8
ART_PASLANMAZ
100
AcDbLine
 10
-73289.55045938311
 20
38192.66639431797
 30
0.0
 11
-73277.55045938311
 21
38195.13692217363
 31
0.0
  0
LINE
  5
19A
330
2
100
AcDbEntity
  8
ART_PASLANMAZ
100
AcDbLine
 10
-73289.55045938311
 20
38175.50026612132
 30
0.0
 11
-73277.55045938311
 21
38177.97079397688
 31
0.0
  0
LINE
  5
19B
330
2
100
AcDbEntity
  8
ART_PASLANMAZ
100
AcDbLine
 10
-73289.55045938311
 20
38182.85717820559
 30
0.0
 11
-73277.55045938311
 21
38185.32770606127
 31
0.0
  0
LINE
  5
19C
330
2
100
AcDbEntity
  8
ART_PASLANMAZ
100
AcDbLine
 10
-73289.55045938315
 20
38180.4048741775
 30
0.0
 11
-73277.55045938313
 21
38182.87540203304
 31
0.0
  0
LINE
  5
19D
330
2
100
AcDbEntity
  8
ART_PASLANMAZ
100
AcDbLine
 10
-73289.55045938315
 20
38177.95257014942
 30
0.0
 11
-73277.55045938313
 21
38180.42309800507
 31
0.0
  0
LINE
  5
19E
330
2
100
AcDbEntity
  8
ART_PASLANMAZ
100
AcDbLine
 10
-73289.55045938313
 20
38174.71719057878
 30
0.0
 11
-73277.55045938311
 21
38177.18771843432
 31
0.0
  0
LINE
  5
19F
330
2
100
AcDbEntity
  8
ART_PASLANMAZ
100
AcDbLine
 10
-73289.55045938311
 20
38177.16949460677
 30
0.0
 11
-73277.55045938311
 21
38179.64002246243
 31
0.0
  0
LINE
  5
1A0
330
2
100
AcDbEntity
  8
ART_PASLANMAZ
100
AcDbLine
 10
-73289.55045938315
 20
38179.62179863497
 30
0.0
 11
-73277.55045938313
 21
38182.09232649051
 31
0.0
  0
LINE
  5
1A1
330
2
100
AcDbEntity
  8
ART_PASLANMAZ
100
AcDbLine
 10
-73289.55045938315
 20
38182.07410266295
 30
0.0
 11
-73277.55045938313
 21
38184.54463051861
 31
0.0
  0
ARC
  5
1A2
330
2
100
AcDbEntity
  8
ART_PASLANMAZ
100
AcDbCircle
 10
-73283.55045938312
 20
38148.94537631086
 30
0.0
 40
3.724140673880053
100
AcDbArc
 50
30.47853733864265
 51
149.5214626613574
  0
ARC
  5
1A3
330
2
100
AcDbEntity
  8
ART_PASLANMAZ
100
AcDbCircle
 10
-73289.86804652621
 20
38149.15154900714
 30
0.0
 40
3.534359172285028
100
AcDbArc
 50
28.43212002850592
 51
151.567879971494
  0
LINE
  5
1A4
330
2
100
AcDbEntity
  8
ART_PASLANMAZ
100
AcDbLine
 10
-73299.81281202679
 20
38152.63518444481
 30
0.0
 11
-73299.81281202679
 21
38155.13518444482
 31
0.0
  0
ARC
  5
1A5
330
2
100
AcDbEntity
  8
ART_PASLANMAZ
100
AcDbCircle
 10
-73283.55045938312
 20
38143.45206686508
 30
0.0
 40
3.724140673878348
100
AcDbArc
 50
210.4785373386426
 51
329.5214626613574
  0
ARC
  5
1A6
330
2
100
AcDbEntity
  8
ART_PASLANMAZ
100
AcDbCircle
 10
-73289.86804652624
 20
38143.24589416882
 30
0.0
 40
3.534359172285341
100
AcDbArc
 50
208.4321200285059
 51
331.5678799714941
  0
LINE
  5
1A7
330
2
100
AcDbEntity
  8
ART_PASLANMAZ
100
AcDbLine
 10
-73286.75999539681
 20
38139.76225873103
 30
0.0
 11
-73286.7599953968
 21
38152.6351844448
 31
0.0
  0
LINE
  5
1A8
330
2
100
AcDbEntity
  8
ART_PASLANMAZ
100
AcDbLine
 10
-73292.9760976557
 20
38141.56312474443
 30
0.0
 11
-73292.97609765571
 21
38150.83431843142
 31
0.0
  0
LINE
  5
1A9
330
2
100
AcDbEntity
  8
ART_PASLANMAZ
100
AcDbLine
 10
-73280.34092336952
 20
38139.76225873102
 30
0.0
 11
-73280.34092336952
 21
38152.6351844448
 31
0.0
  0
LINE
  5
1AA
330
2
100
AcDbEntity
  8
ART_PASLANMAZ
100
AcDbLine
 10
-73267.28810673952
 20
38152.63518444478
 30
0.0
 11
-73267.28810673952
 21
38155.13518444479
 31
0.0
  0
LINE
  5
1AB
330
2
100
AcDbEntity
  8
ART_PASLANMAZ
100
AcDbLine
 10
-73272.62482111057
 20
38141.56312474441
 30
0.0
 11
-73272.62482111061
 21
38150.8343184314
 31
0.0
  0
LINE
  5
1AC
330
2
100
AcDbEntity
  8
ART_PASLANMAZ
100
AcDbLine
 10
-73289.55045938315
 20
38157.55106238201
 30
0.0
 11
-73277.55045938316
 21
38160.02159023772
 31
0.0
  0
LINE
  5
1AD
330
2
100
AcDbEntity
  8
ART_PASLANMAZ
100
AcDbLine
 10
-73289.55045938313
 20
38164.90797446641
 30
0.0
 11
-73277.55045938311
 21
38167.37850232197
 31
0.0
  0
LINE
  5
1AE
330
2
100
AcDbEntity
  8
ART_PASLANMAZ
100
AcDbLine
 10
-73289.55045938315
 20
38167.3602784944
 30
0.0
 11
-73277.55045938313
 21
38169.83080635007
 31
0.0
  0
LINE
  5
1AF
330
2
100
AcDbEntity
  8
ART_PASLANMAZ
100
AcDbLine
 10
-73289.55045938315
 20
38160.00336641023
 30
0.0
 11
-73277.55045938316
 21
38162.47389426578
 31
0.0
  0
LINE
  5
1B0
330
2
100
AcDbEntity
  8
ART_PASLANMAZ
100
AcDbLine
 10
-73289.55045938315
 20
38162.45567043822
 30
0.0
 11
-73277.55045938316
 21
38164.92619829388
 31
0.0
  0
LINE
  5
1B1
330
2
100
AcDbEntity
  8
ART_PASLANMAZ
100
AcDbLine
 10
-73299.81281202679
 20
38152.63518444481
 30
0.0
 11
-73267.28810673952
 21
38152.63518444478
 31
0.0
  0
LINE
  5
1B2
330
2
100
AcDbEntity
  8
ART_PASLANMAZ
100
AcDbLine
 10
-73289.55045938313
 20
38155.09875835406
 30
0.0
 11
-73277.55045938316
 21
38157.5692862096
 31
0.0
  0
ARC
  5
1B3
330
2
100
AcDbEntity
  8
ART_PASLANMAZ
100
AcDbCircle
 10
-73276.48287224002
 20
38147.74071361547
 30
0.0
 40
4.945194563946786
100
AcDbArc
 50
38.72462208609011
 51
141.2753779142351
  0
LINE
  5
1B4
330
2
100
AcDbEntity
  8
ART_PASLANMAZ
100
AcDbLine
 10
-73290.89500331712
 20
38139.76225873103
 30
0.0
 11
-73276.20591544923
 21
38139.76225873102
 31
0.0
  0
ARC
  5
1B5
330
2
100
AcDbEntity
  8
ART_PASLANMAZ
100
AcDbCircle
 10
-73276.48287224002
 20
38144.65672956048
 30
0.0
 40
4.945194563946786
100
AcDbArc
 50
218.7246220860901
 51
321.2753779142351
  0
LINE
  5
1B6
330
2
100
AcDbEntity
  8
ART_PASLANMAZ
100
AcDbLine
 10
-73299.81281202679
 20
38155.13518444482
 30
0.0
 11
-73267.49188791668
 21
38155.13518444479
 31
0.0
  0
LINE
  5
1B7
330
2
100
AcDbEntity
  8
ART_PASLANMAZ
100
AcDbLine
 10
-73289.55045938315
 20
38169.8125825226
 30
0.0
 11
-73277.55045938313
 21
38172.28311037814
 31
0.0
  0
LINE
  5
1B8
330
2
100
AcDbEntity
  8
ART_PASLANMAZ
100
AcDbLine
 10
-73289.55045938315
 20
38155.13518444482
 30
0.0
 11
-73289.55045938315
 21
38186.09389511363
 31
0.0
  0
LINE
  5
1B9
330
2
100
AcDbEntity
  8
ART_PASLANMAZ
100
AcDbLine
 10
-73277.55045938316
 20
38155.1351844448
 30
0.0
 11
-73277.55045938311
 21
38186.09389511363
 31
0.0
  0
LINE
  5
1BA
330
2
100
AcDbEntity
  8
ART_PASLANMAZ
100
AcDbLine
 10
-73289.55045938315
 20
38172.26488655057
 30
0.0
 11
-73277.55045938313
 21
38174.73541440623
 31
0.0
  0
LWPOLYLINE
  5
1BB
330
2
100
AcDbEntity
  8
ART_CELIK
  6
Continuous
100
AcDbPolyline
 90
        4
 70
     1
 43
0.0
 10
-73183.26714004498
 20
38197.05997667472
 10
-73183.26714004496
 20
38397.05997667472
 10
-73383.26714004496
 20
38397.05997667473
 10
-73383.26714004497
 20
38197.05997667473
  0
CIRCLE
  5
1BE
330
2
100
AcDbEntity
  8
ART_CELIK
  6
Continuous
100
AcDbCircle
 10
-73283.26714004495
 20
38297.05997667474
 30
0.0
 40
60.0
  0
CIRCLE
  5
1BF
330
2
100
AcDbEntity
  8
ART_CELIK
  6
Continuous
100
AcDbCircle
 10
-73283.26714004495
 20
38297.05997667474
 30
0.0
 40
56.0
  0
LINE
  5
1C0
330
2
100
AcDbEntity
  8
ART_CELIK
 48
0.005
100
AcDbLine
 10
-73268.55045938311
 20
38177.35156521779
 30
0.0
 11
-73298.55045938312
 21
38177.35156521781
 31
0.0
  0
CIRCLE
  5
1C1
330
2
100
AcDbEntity
  8
ART_CELIK
  6
Continuous
100
AcDbCircle
 10
-73283.26714004496
 20
38296.77665733671
 30
0.0
 40
56.0
  0
CIRCLE
  5
1C2
330
2
100
AcDbEntity
  8
ART_CELIK
  6
Continuous
100
AcDbCircle
 10
-73283.26714004496
 20
38296.77665733671
 30
0.0
 40
60.0
  0
LINE
  5
1C3
330
2
100
AcDbEntity
  8
ART_CELIK
 48
0.005
100
AcDbLine
 10
-73268.55045938312
 20
38177.3515652178
 30
0.0
 11
-73268.55045938307
 21
38238.60949039266
 31
0.0
  0
LINE
  5
1C4
330
2
100
AcDbEntity
  8
ART_CELIK
 48
0.005
100
AcDbLine
 10
-73298.55045938312
 20
38177.35156521781
 30
0.0
 11
-73298.55045938307
 21
38238.75579772563
 31
0.0
  0
LINE
  5
1C5
330
2
100
AcDbEntity
  8
ART_CAM
100
AcDbLine
 10
-73288.26714004486
 20
39026.88035109651
 30
0.0
 11
-73288.26714004486
 21
38730.27972033439
 31
0.0
  0
LINE
  5
1C6
330
2
100
AcDbEntity
  8
ART_CAM
100
AcDbLine
 10
-73288.26714004486
 20
38720.27972033477
 30
0.0
 11
-73288.26714004486
 21
38423.67908957264
 31
0.0
  0
LINE
  5
1C7
330
2
100
AcDbEntity
  8
ART_CAM
100
AcDbLine
 10
-73278.26714004523
 20
39026.88035109651
 30
0.0
 11
-73278.26714004523
 21
38730.27972033439
 31
0.0
  0
LINE
  5
1C8
330
2
100
AcDbEntity
  8
ART_CAM
100
AcDbLine
 10
-73278.26714004523
 20
38720.27972033477
 30
0.0
 11
-73278.26714004523
 21
38423.67908957264
 31
0.0
  0
LINE
  5
1C9
330
2
100
AcDbEntity
  8
ART_CAM
100
AcDbLine
 10
-72981.66650928311
 20
38720.27972033477
 30
0.0
 11
-73278.26714004523
 21
38720.27972033477
 31
0.0
  0
LINE
  5
1CA
330
2
100
AcDbEntity
  8
ART_CAM
100
AcDbLine
 10
-73288.26714004486
 20
38720.27972033477
 30
0.0
 11
-73584.86777080699
 21
38720.27972033477
 31
0.0
  0
LINE
  5
1CB
330
2
100
AcDbEntity
  8
ART_CAM
100
AcDbLine
 10
-72981.66650928311
 20
38730.27972033439
 30
0.0
 11
-73278.26714004523
 21
38730.27972033439
 31
0.0
  0
LINE
  5
1CC
330
2
100
AcDbEntity
  8
ART_CAM
100
AcDbLine
 10
-73288.26714004486
 20
38730.27972033439
 30
0.0
 11
-73584.86777080699
 21
38730.27972033439
 31
0.0
  0
CIRCLE
  5
1CD
330
2
100
AcDbEntity
  8
ART_PASLANMAZ
100
AcDbCircle
 10
-73385.20673245296
 20
40771.44474673668
 30
0.0
 40
12.0
  0
LINE
  5
1CE
330
2
100
AcDbEntity
  8
ART_AKS
  6
ACAD_ISO04W100
 48
0.1
100
AcDbLine
 10
-73262.0591430973
 20
40648.29715738102
 30
0.0
 11
-73402.17729520142
 21
40788.41530948516
 31
0.0
  0
CIRCLE
  5
1CF
330
2
100
AcDbEntity
  8
ART_PASLANMAZ
100
AcDbCircle
 10
-73283.27234653289
 20
39354.7930888077
 30
0.0
 40
3.5
  0
CIRCLE
  5
1D0
330
2
100
AcDbEntity
  8
ART_PASLANMAZ
100
AcDbCircle
 10
-73283.27234653289
 20
39333.2930888077
 30
0.0
 40
30.0
  0
LINE
  5
1D1
330
2
100
AcDbEntity
  8
ART_AKS
  6
ACAD_ISO04W100
 48
0.1
100
AcDbLine
 10
-73164.30207808214
 20
39452.19833176887
 30
0.0
 11
-73304.4505780152
 21
39312.04497097853
 31
0.0
  0
LINE
  5
1D2
330
2
100
AcDbEntity
  8
ART_AKS
  6
ACAD_ISO04W100
 48
0.1
100
AcDbLine
 10
-73402.17700090371
 20
39452.19833176887
 30
0.0
 11
-73164.30207808214
 21
39214.31515858392
 31
0.0
  0
CIRCLE
  5
1D3
330
2
100
AcDbEntity
  8
ART_PASLANMAZ
100
AcDbCircle
 10
-73283.27234653289
 20
39311.7930888077
 30
0.0
 40
3.5
  0
CIRCLE
  5
1D4
330
2
100
AcDbEntity
  8
ART_PASLANMAZ
100
AcDbCircle
 10
-73283.27234653289
 20
39333.2930888077
 30
0.0
 40
8.0
  0
CIRCLE
  5
1D5
330
2
100
AcDbEntity
  8
ART_PASLANMAZ
100
AcDbCircle
 10
-73181.27234653289
 20
39231.28601562502
 30
0.0
 40
12.0
  0
CIRCLE
  5
1D6
330
2
100
AcDbEntity
  8
ART_PASLANMAZ
100
AcDbCircle
 10
-73181.27234653289
 20
39435.29308880772
 30
0.0
 40
12.0
  0
CIRCLE
  5
1D7
330
2
100
AcDbEntity
  8
ART_PASLANMAZ
100
AcDbCircle
 10
-73385.20673245296
 20
39435.22747472777
 30
0.0
 40
12.0
  0
LWPOLYLINE
  5
1D8
330
2
100
AcDbEntity
  8
ART_PASLANMAZ
100
AcDbPolyline
 90
       20
 70
     0
 43
0.0
 10
-73283.253878214
 20
39303.29309449235
 42
-0.1843315638493881
 10
-73265.26145496869
 20
39296.43932881274
 10
-73207.10420445654
 20
39244.5475730199
 42
-0.274653161265292
 10
-73204.64086258857
 20
39236.75524384802
 42
3.511520837348879
 10
-73186.77092558752
 20
39254.64764288811
 42
-0.2749947170140595
 10
-73194.57311345235
 20
39257.10877264105
 10
-73246.45861156835
 20
39315.26066009294
 42
-0.3812839908848612
 10
-73246.45770439597
 20
39351.21271228553
 10
-73194.48968041705
 20
39409.45117592795
 42
-0.2742635571335023
 10
-73186.70855240491
 20
39411.91686871727
 42
3.511160302509955
 10
-73204.62677998308
 20
39429.76403479999
 42
-0.2753481467960484
 10
-73207.08556862596
 20
39421.95163791409
 10
-73265.27397355068
 20
39370.03455234378
 42
-0.3812534745041631
 10
-73301.22387866687
 20
39370.03388604916
 10
-73359.38464397403
 20
39421.92243888644
 42
-0.2750419570777836
 10
-73361.8458151706
 20
39429.72588007474
 42
3.511082281913377
 10
-73379.74359641052
 20
39411.85753367988
 42
-0.274592695354361
 10
-73371.95310734397
 20
39409.39350316929
 10
-73320.12546276966
 20
39351.30391976151
 42
-0.1843253073402322
 10
-73313.27234063223
 20
39333.31190472782
  0
CIRCLE
  5
1D9
330
2
100
AcDbEntity
  8
ART_PASLANMAZ
100
AcDbCircle
 10
-73283.27234653289
 20
39787.38852078743
 30
0.0
 40
30.0
  0
LINE
  5
1DA
330
2
100
AcDbEntity
  8
ART_AKS
  6
ACAD_ISO04W100
 48
0.1
100
AcDbLine
 10
-73402.17729520142
 20
39906.29346945598
 30
0.0
 11
-73262.0591430973
 21
39766.17531735184
 31
0.0
  0
LINE
  5
1DB
330
2
100
AcDbEntity
  8
ART_AKS
  6
ACAD_ISO04W100
 48
0.1
100
AcDbLine
 10
-73304.48554996849
 20
39766.17531735184
 30
0.0
 11
-73164.30178378441
 21
39906.35908353592
 31
0.0
  0
CIRCLE
  5
1DC
330
2
100
AcDbEntity
  8
ART_PASLANMAZ
100
AcDbCircle
 10
-73283.27234653289
 20
39765.88852078744
 30
0.0
 40
3.5
  0
CIRCLE
  5
1DD
330
2
100
AcDbEntity
  8
ART_PASLANMAZ
100
AcDbCircle
 10
-73181.27234653289
 20
39889.38852078744
 30
0.0
 40
12.0
  0
CIRCLE
  5
1DE
330
2
100
AcDbEntity
  8
ART_PASLANMAZ
100
AcDbCircle
 10
-73385.20673245296
 20
39889.3229067075
 30
0.0
 40
12.0
  0
CIRCLE
  5
1DF
330
2
100
AcDbEntity
  8
ART_PASLANMAZ
100
AcDbCircle
 10
-73283.27234653289
 20
39787.38852078743
 30
0.0
 40
8.0
  0
CIRCLE
  5
1E0
330
2
100
AcDbEntity
  8
ART_PASLANMAZ
100
AcDbCircle
 10
-73283.27234653289
 20
39808.88852078744
 30
0.0
 40
3.5
  0
LWPOLYLINE
  5
1E1
330
2
100
AcDbEntity
  8
ART_PASLANMAZ
100
AcDbPolyline
 90
       14
 70
     0
 43
0.0
 10
-73313.27234063223
 20
39787.40733670754
 42
0.1843253073402322
 10
-73320.12546276963
 20
39805.39935174124
 10
-73371.95310734397
 20
39863.48893514902
 42
0.274592695354361
 10
-73379.74359641058
 20
39865.9529656596
 42
-3.511082281913377
 10
-73361.8458151706
 20
39883.82131205447
 42
0.2750419570777836
 10
-73359.38464397406
 20
39876.01787086617
 10
-73301.22387866683
 20
39824.12931802885
 42
0.3812534745041631
 10
-73265.27397355071
 20
39824.12998432349
 10
-73207.08556862593
 20
39876.04706989382
 42
0.2753481467960484
 10
-73204.62677998308
 20
39883.85946677973
 42
-3.511160302509955
 10
-73186.7085524049
 20
39866.01230069698
 42
0.2742635571335023
 10
-73194.48968041705
 20
39863.54660790767
 10
-73246.4179233014
 20
39805.35272532979
 42
0.1841259245199756
 10
-73253.27234723477
 20
39787.38203136876
  0
LINE
  5
1E2
330
2
100
AcDbEntity
  8
ART_AKS
  6
ACAD_ISO04W100
 48
0.1
100
AcDbLine
 10
-73157.27234653289
 20
40285.60341912299
 30
0.0
 11
-73409.27234653289
 21
40285.60341912299
 31
0.0
  0
CIRCLE
  5
1E3
330
2
100
AcDbEntity
  8
ART_PASLANMAZ
100
AcDbCircle
 10
-73181.27234653289
 20
40285.60341912299
 30
0.0
 40
12.0
  0
CIRCLE
  5
1E4
330
2
100
AcDbEntity
  8
ART_PASLANMAZ
100
AcDbCircle
 10
-73283.27234653289
 20
40307.10341912301
 30
0.0
 40
3.5
  0
CIRCLE
  5
1E5
330
2
100
AcDbEntity
  8
ART_PASLANMAZ
100
AcDbCircle
 10
-73283.27234653289
 20
40285.60341912299
 30
0.0
 40
8.0
  0
CIRCLE
  5
1E6
330
2
100
AcDbEntity
  8
ART_PASLANMAZ
100
AcDbCircle
 10
-73283.27234653289
 20
40264.103419123
 30
0.0
 40
3.5
  0
CIRCLE
  5
1E7
330
2
100
AcDbEntity
  8
ART_PASLANMAZ
100
AcDbCircle
 10
-73385.27234653287
 20
40285.60341912299
 30
0.0
 40
12.0
  0
LWPOLYLINE
  5
1E8
330
2
100
AcDbEntity
  8
ART_PASLANMAZ
100
AcDbPolyline
 90
        8
 70
     0
 43
0.0
 10
-73304.80494928754
 20
40264.71449816928
 42
0.1768702856721559
 10
-73321.47988987168
 20
40272.77868734148
 10
-73357.46251665049
 20
40276.40103301853
 42
0.2835147665318378
 10
-73365.01595231998
 20
40272.73180331566
 42
-3.438293596957811
 10
-73365.01595231998
 20
40298.47503493034
 42
0.2835147665318378
 10
-73357.4625166505
 20
40294.80580522745
 10
-73321.47988987165
 20
40298.42815090454
 42
0.1768702856721557
 10
-73304.80494928754
 20
40306.49234007674
  0
CIRCLE
  5
1E9
330
2
100
AcDbEntity
  8
ART_PASLANMAZ
100
AcDbCircle
 10
-73283.27234653289
 20
40285.60341912299
 30
0.0
 40
30.0
  0
LWPOLYLINE
  5
1EA
330
2
100
AcDbEntity
  8
ART_PASLANMAZ
100
AcDbPolyline
 90
        8
 70
     0
 43
0.0
 10
-73261.73974377825
 20
40264.71449816928
 42
-0.1768702856721558
 10
-73245.06480319411
 20
40272.77868734148
 10
-73209.0821764153
 20
40276.40103301853
 42
-0.2835147665318378
 10
-73201.5287407458
 20
40272.73180331566
 42
3.438293596957811
 10
-73201.5287407458
 20
40298.47503493034
 42
-0.2835147665318378
 10
-73209.08217641528
 20
40294.80580522745
 10
-73245.06480319413
 20
40298.42815090454
 42
-0.1768702856721558
 10
-73261.73974377825
 20
40306.49234007674
  0
CIRCLE
  5
1EB
330
2
100
AcDbEntity
  8
ART_PASLANMAZ
100
AcDbCircle
 10
-73283.27234653289
 20
40691.01036081661
 30
0.0
 40
3.5
  0
CIRCLE
  5
1EC
330
2
100
AcDbEntity
  8
ART_PASLANMAZ
100
AcDbCircle
 10
-73283.27234653289
 20
40669.51036081661
 30
0.0
 40
8.0
  0
LWPOLYLINE
  5
1ED
330
2
100
AcDbEntity
  8
ART_PASLANMAZ
100
AcDbPolyline
 90
        8
 70
     0
 43
0.0
 10
-73313.27234063223
 20
40669.52917673671
 42
0.1843253073402322
 10
-73320.12546276963
 20
40687.5211917704
 10
-73371.95310734397
 20
40745.61077517818
 42
0.274592695354361
 10
-73379.74359641058
 20
40748.07480568878
 42
-3.511082281913377
 10
-73361.8458151706
 20
40765.94315208366
 42
0.2750419570777836
 10
-73359.38464397406
 20
40758.13971089535
 10
-73301.34918280947
 20
40706.36294906681
 42
0.1846204955031975
 10
-73283.32616607093
 20
40699.51031254086
  0
CIRCLE
  5
1EE
330
2
100
AcDbEntity
  8
ART_PASLANMAZ
100
AcDbCircle
 10
-73283.27234653289
 20
40669.51036081661
 30
0.0
 40
30.0
  0
CIRCLE
  5
1EF
330
2
100
AcDbEntity
  8
ART_PASLANMAZ
100
AcDbCircle
 10
-73283.27234653289
 20
40648.01036081662
 30
0.0
 40
3.5
  0
CIRCLE
  5
1F0
330
2
100
AcDbEntity
  8
ART_PASLANMAZ
  6
ACAD_ISO04W100
100
AcDbCircle
 10
-73283.27234653289
 20
40669.51036081661
 30
0.0
 40
21.49999999999909
  0
ENDSEC
  0
SECTION
  2
OBJECTS
  0
DICTIONARY
  5
A
330
0
100
AcDbDictionary
281
     1
  3
ACAD_COLOR
350
55
  3
ACAD_GROUP
350
4C
  3
ACAD_LAYOUT
350
17
  3
ACAD_MATERIAL
350
C
  3
ACAD_MLEADERSTYLE
350
58
  3
ACAD_MLINESTYLE
350
4D
  3
ACAD_PLOTSETTINGS
350
4E
  3
ACAD_PLOTSTYLENAME
350
9
  3
ACAD_SCALELIST
350
56
  3
ACAD_TABLESTYLE
350
57
  3
ACAD_VISUALSTYLE
350
2C
  3
ACDB_RECOMPOSE_DATA
350
1FB
  3
AcDbVariableDictionary
350
1F4
  0
DICTIONARY
  5
1F
330
1E
100
AcDbDictionary
280
     1
281
     1
  3
ACAD_LAYERSTATES
360
20
  0
DICTIONARY
  5
7
330
6
100
AcDbDictionary
280
     1
281
     1
  0
DICTIONARY
  5
159
330
158
100
AcDbDictionary
280
     1
281
     1
  0
DICTIONARY
  5
7B
330
7A
100
AcDbDictionary
280
     1
281
     1
  0
DICTIONARY
  5
1BD
330
1BC
100
AcDbDictionary
280
     1
281
     1
  0
DICTIONARY
  5
3
330
2
100
AcDbDictionary
280
     1
281
     1
  3
ACAD_SORTENTS
360
1F3
  0
DICTIONARY
  5
3C
330
3B
100
AcDbDictionary
280
     1
281
     1
  3
ACAD_SORTENTS
360
1F2
  0
DICTIONARY
  5
45
330
44
100
AcDbDictionary
280
     1
281
     1
  3
ACAD_SORTENTS
360
1F1
  0
DICTIONARY
  5
55
102
{ACAD_REACTORS
330
A
102
}
330
A
100
AcDbDictionary
281
     1
  0
DICTIONARY
  5
4C
102
{ACAD_REACTORS
330
A
102
}
330
A
100
AcDbDictionary
281
     1
  0
DICTIONARY
  5
17
102
{ACAD_REACTORS
330
A
102
}
330
A
100
AcDbDictionary
281
     1
  3
Layout1
350
1D
  3
Model
350
16
  0
DICTIONARY
  5
C
102
{ACAD_REACTORS
330
A
102
}
330
A
100
AcDbDictionary
281
     1
  3
ByBlock
350
52
  3
ByLayer
350
4F
  3
Global
350
B
  0
DICTIONARY
  5
58
102
{ACAD_REACTORS
330
A
102
}
330
A
100
AcDbDictionary
281
     1
  0
DICTIONARY
  5
4D
102
{ACAD_REACTORS
330
A
102
}
330
A
100
AcDbDictionary
281
     1
  3
Standard
350
5C
  0
DICTIONARY
  5
4E
102
{ACAD_REACTORS
330
A
102
}
330
A
100
AcDbDictionary
281
     1
  0
ACDBDICTIONARYWDFLT
  5
9
102
{ACAD_REACTORS
330
A
102
}
330
A
100
AcDbDictionary
281
     1
  3
Normal
350
8
100
AcDbDictionaryWithDefault
340
8
  0
DICTIONARY
  5
56
102
{ACAD_REACTORS
330
A
102
}
330
A
100
AcDbDictionary
281
     1
  3
A0
350
61
  3
A1
350
62
  3
A2
350
63
  3
A3
350
64
  3
A4
350
65
  3
A5
350
66
  3
A6
350
67
  3
A7
350
68
  3
A8
350
69
  3
A9
350
6A
  3
B0
350
6B
  3
B1
350
6C
  3
B2
350
6D
  3
B3
350
6E
  3
B4
350
6F
  3
B5
350
70
  3
B6
350
71
  0
DICTIONARY
  5
57
102
{ACAD_REACTORS
330
A
102
}
330
A
100
AcDbDictionary
281
     1
  3
Standard
350
5D
  0
DICTIONARY
  5
2C
102
{ACAD_REACTORS
330
A
102
}
330
A
100
AcDbDictionary
281
     1
  3
2dWireframe
350
2B
  3
Realistic
350
5F
  3
Wireframe
350
60
  0
XRECORD
  5
1FB
102
{ACAD_REACTORS
330
A
102
}
330
A
100
AcDbXrecord
280
     1
 90
        1
330
5D
  0
DICTIONARY
  5
1F4
102
{ACAD_REACTORS
330
A
102
}
330
A
100
AcDbDictionary
281
     1
  3
CANNOSCALE
350
1F9
  3
CMLEADERSTYLE
350
1F6
  3
CTABLESTYLE
350
1F5
  3
CVIEWDETAILSTYLE
350
1F7
  3
CVIEWSECTIONSTYLE
350
1F8
  0
DICTIONARY
  5
20
102
{ACAD_REACTORS
330
1F
102
}
330
1F
100
AcDbDictionary
281
     1
  0
SORTENTSTABLE
  5
1F3
102
{ACAD_REACTORS
330
3
102
}
330
3
100
AcDbSortentsTable
330
2
  0
SORTENTSTABLE
  5
1F2
102
{ACAD_REACTORS
330
3C
102
}
330
3C
100
AcDbSortentsTable
330
3B
  0
SORTENTSTABLE
  5
1F1
102
{ACAD_REACTORS
330
45
102
}
330
45
100
AcDbSortentsTable
330
44
  0
LAYOUT
  5
1D
102
{ACAD_REACTORS
330
17
102
}
330
17
100
AcDbPlotSettings
  1

  2
Adobe PDF
  4
A4
  6

 40
3.174999952316283
 41
3.174999952316283
 42
3.175003051757812
 43
3.17498779296875
 44
209.9733276367186
 45
297.0318298339844
 46
0.0
 47
0.0
 48
0.0
 49
0.0
140
0.0
141
0.0
142
1.0
143
1.0
 70
   688
 72
     1
 73
     1
 74
     5
  7

 75
    16
147
1.0
 76
     0
 77
     2
 78
   300
148
0.0
149
0.0
100
AcDbLayout
  1
Layout1
 70
     1
 71
     1
 10
-3.17498779296875
 20
-3.174999952316283
 11
293.8568420410156
 21
206.7983276844024
 12
0.0
 22
0.0
 32
0.0
 14
29.06818420886992
 24
20.36233246326446
 34
0.0
 15
261.6136578798294
 25
183.2609921693802
 35
0.0
146
0.0
 13
0.0
 23
0.0
 33
0.0
 16
1.0
 26
0.0
 36
0.0
 17
0.0
 27
1.0
 37
0.0
 76
     0
330
1A
1001
ACAD_PSEXT
1000
Adobe PDF
1000
Adobe PDF Converter
1000
Documents\*.pdf
1000

1070
     0
  0
LAYOUT
  5
16
102
{ACAD_XDICTIONARY
360
18
102
}
102
{ACAD_REACTORS
330
17
102
}
330
17
100
AcDbPlotSettings
  1

  2
none_device
  4
ISO_A4_(210.00_x_297.00_MM)
  6

 40
7.5
 41
20.0
 42
7.5
 43
20.0
 44
210.0
 45
297.0
 46
11.54999923706054
 47
-13.65000009536743
 48
0.0
 49
0.0
140
0.0
141
0.0
142
1.0
143
8.704084754739808
 70
 11952
 72
     1
 73
     0
 74
     0
  7

 75
     0
147
0.1148885871608098
 76
     0
 77
     2
 78
   300
148
0.0
149
0.0
100
AcDbLayout
  1
Model
 70
     1
 71
     0
 10
0.0
 20
0.0
 11
12.0
 21
9.0
 12
0.0
 22
0.0
 32
0.0
 14
0.0
 24
0.0
 34
0.0
 15
0.0
 25
0.0
 35
0.0
146
0.0
 13
0.0
 23
0.0
 33
0.0
 16
1.0
 26
0.0
 36
0.0
 17
0.0
 27
1.0
 37
0.0
 76
     0
330
2
331
2A
1001
ACAD_PSEXT
1000
None
1000
None
1000
Not applicable
1000
The layout will not be plotted unless a new plotter configuration name is selected.
1070
     0
  0
MATERIAL
  5
52
102
{ACAD_XDICTIONARY
360
53
102
}
102
{ACAD_REACTORS
330
C
102
}
330
C
100
AcDbMaterial
  1
ByBlock
 94
       63
  0
MATERIAL
  5
4F
102
{ACAD_XDICTIONARY
360
50
102
}
102
{ACAD_REACTORS
330
C
102
}
330
C
100
AcDbMaterial
  1
ByLayer
 94
       63
  0
MATERIAL
  5
B
102
{ACAD_XDICTIONARY
360
D
102
}
102
{ACAD_REACTORS
330
C
102
}
330
C
100
AcDbMaterial
  1
Global
 43
0.0007999999797903
 43
0.0
 43
0.0
 43
0.0
 43
0.0
 43
0.0007999999797903
 43
0.0
 43
0.0
 43
0.0
 43
0.0
 43
1.0
 43
0.0
 43
0.0
 43
0.0
 43
0.0
 43
1.0
 49
0.0007999999797903
 49
0.0
 49
0.0
 49
0.0
 49
0.0
 49
0.0007999999797903
 49
0.0
 49
0.0
 49
0.0
 49
0.0
 49
1.0
 49
0.0
 49
0.0
 49
0.0
 49
0.0
 49
1.0
142
0.0007999999797903
142
0.0
142
0.0
142
0.0
142
0.0
142
0.0007999999797903
142
0.0
142
0.0
142
0.0
142
0.0
142
1.0
142
0.0
142
0.0
142
0.0
142
0.0
142
1.0
144
0.0007999999797903
144
0.0
144
0.0
144
0.0
144
0.0
144
0.0007999999797903
144
0.0
144
0.0
144
0.0
144
0.0
144
1.0
144
0.0
144
0.0
144
0.0
144
0.0
144
1.0
 94
       63
1001
ACAD
1070
    -1
1070
     3
1070
     0
1000

1071
        0
1070
     0
  0
MLINESTYLE
  5
5C
102
{ACAD_REACTORS
330
4D
102
}
330
4D
100
AcDbMlineStyle
  2
STANDARD
 70
     0
  3

 62
   256
 51
90.0
 52
90.0
 71
     2
 49
0.5
 62
   256
  6
BYLAYER
 49
-0.5
 62
   256
  6
BYLAYER
  0
ACDBPLACEHOLDER
  5
8
102
{ACAD_REACTORS
330
9
102
}
330
9
  0
SCALE
  5
61
102
{ACAD_REACTORS
330
56
102
}
330
56
100
AcDbScale
 70
     0
300
1:1
140
1.0
141
1.0
290
     1
  0
SCALE
  5
62
102
{ACAD_REACTORS
330
56
102
}
330
56
100
AcDbScale
 70
     0
300
1:2
140
1.0
141
2.0
290
     0
  0
SCALE
  5
63
102
{ACAD_REACTORS
330
56
102
}
330
56
100
AcDbScale
 70
     0
300
1:4
140
1.0
141
4.0
290
     0
  0
SCALE
  5
64
102
{ACAD_REACTORS
330
56
102
}
330
56
100
AcDbScale
 70
     0
300
1:5
140
1.0
141
5.0
290
     0
  0
SCALE
  5
65
102
{ACAD_REACTORS
330
56
102
}
330
56
100
AcDbScale
 70
     0
300
1:8
140
1.0
141
8.0
290
     0
  0
SCALE
  5
66
102
{ACAD_REACTORS
330
56
102
}
330
56
100
AcDbScale
 70
     0
300
1:10
140
1.0
141
10.0
290
     0
  0
SCALE
  5
67
102
{ACAD_REACTORS
330
56
102
}
330
56
100
AcDbScale
 70
     0
300
1:16
140
1.0
141
16.0
290
     0
  0
SCALE
  5
68
102
{ACAD_REACTORS
330
56
102
}
330
56
100
AcDbScale
 70
     0
300
1:20
140
1.0
141
20.0
290
     0
  0
SCALE
  5
69
102
{ACAD_REACTORS
330
56
102
}
330
56
100
AcDbScale
 70
     0
300
1:30
140
1.0
141
30.0
290
     0
  0
SCALE
  5
6A
102
{ACAD_REACTORS
330
56
102
}
330
56
100
AcDbScale
 70
     0
300
1:40
140
1.0
141
40.0
290
     0
  0
SCALE
  5
6B
102
{ACAD_REACTORS
330
56
102
}
330
56
100
AcDbScale
 70
     0
300
1:50
140
1.0
141
50.0
290
     0
  0
SCALE
  5
6C
102
{ACAD_REACTORS
330
56
102
}
330
56
100
AcDbScale
 70
     0
300
1:100
140
1.0
141
100.0
290
     0
  0
SCALE
  5
6D
102
{ACAD_REACTORS
330
56
102
}
330
56
100
AcDbScale
 70
     0
300
2:1
140
2.0
141
1.0
290
     0
  0
SCALE
  5
6E
102
{ACAD_REACTORS
330
56
102
}
330
56
100
AcDbScale
 70
     0
300
4:1
140
4.0
141
1.0
290
     0
  0
SCALE
  5
6F
102
{ACAD_REACTORS
330
56
102
}
330
56
100
AcDbScale
 70
     0
300
8:1
140
8.0
141
1.0
290
     0
  0
SCALE
  5
70
102
{ACAD_REACTORS
330
56
102
}
330
56
100
AcDbScale
 70
     0
300
10:1
140
10.0
141
1.0
290
     0
  0
SCALE
  5
71
102
{ACAD_REACTORS
330
56
102
}
330
56
100
AcDbScale
 70
     0
300
100:1
140
100.0
141
1.0
290
     0
  0
TABLESTYLE
  5
5D
102
{ACAD_XDICTIONARY
360
5E
102
}
102
{ACAD_REACTORS
330
57
102
}
330
57
100
AcDbTableStyle
280
     0
  3
Standard
 70
     0
 71
     0
 40
1.5
 41
1.5
280
     0
281
     0
  7
Standard
140
4.5
170
     2
 62
     0
 63
     7
283
     0
 90
      512
 91
        0
  1

274
    -2
284
     1
 64
     0
275
    -2
285
     1
 65
     0
276
    -2
286
     1
 66
     0
277
    -2
287
     1
 67
     0
278
    -2
288
     1
 68
     0
279
    -2
289
     1
 69
     0
  7
Standard
140
6.0
170
     5
 62
     0
 63
     7
283
     0
 90
      512
 91
        0
  1

274
    -2
284
     1
 64
     0
275
    -2
285
     1
 65
     0
276
    -2
286
     1
 66
     0
277
    -2
287
     1
 67
     0
278
    -2
288
     1
 68
     0
279
    -2
289
     1
 69
     0
  7
Standard
140
4.5
170
     5
 62
     0
 63
     7
283
     0
 90
      512
 91
        0
  1

274
    -2
284
     1
 64
     0
275
    -2
285
     1
 65
     0
276
    -2
286
     1
 66
     0
277
    -2
287
     1
 67
     0
278
    -2
288
     1
 68
     0
279
    -2
289
     1
 69
     0
  0
VISUALSTYLE
  5
2B
102
{ACAD_REACTORS
330
2C
102
}
330
2C
100
AcDbVisualStyle
  2
2dWireframe
 70
     4
177
     3
291
     0
 70
    58
 90
        0
176
     1
 90
        2
176
     1
 90
        1
176
     1
 90
        0
176
     1
 40
0.6
176
     1
 40
30.0
176
     1
 62
     7
420
 16777215
176
     1
 90
        1
176
     1
 90
        4
176
     1
 62
     7
176
     1
 62
   257
176
     1
 90
        1
176
     1
 90
        1
176
     1
 40
1.0
176
     1
 90
        0
176
     1
 62
   257
176
     1
 40
1.0
176
     1
 90
        1
176
     1
 90
        6
176
     1
 90
        2
176
     1
 62
     7
176
     1
 90
        5
176
     1
 90
        0
176
     1
 90
        0
176
     1
290
     0
176
     1
 90
        1
176
     1
 40
0.0
176
     1
 90
        0
176
     1
290
     1
176
     1
290
     1
176
     1
290
     0
176
     1
290
     0
176
     1
290
     0
176
     1
290
     0
176
     1
290
     0
176
     1
290
     0
176
     1
290
     0
176
     1
 90
       50
176
     1
 40
0.0
176
     1
 40
1.0
176
     1
 90
        0
176
     1
 62
    18
176
     1
 90
       50
176
     1
 90
        3
176
     1
 62
     5
420
      255
176
     1
290
     0
176
     1
 90
       50
176
     1
 90
       50
176
     1
 90
       50
176
     1
290
     0
176
     1
 90
       50
176
     1
 62
   256
176
     0
 40
1.0
176
     0
 90
        2
176
     1
  1
strokes_ogs.tif
176
     1
290
     0
176
     1
 40
1.0
176
     1
 40
1.0
176
     1
1001
ACAD
1000
AcDbSavedByObjectVersion
1070
     0
  0
VISUALSTYLE
  5
5F
102
{ACAD_REACTORS
330
2C
102
}
330
2C
100
AcDbVisualStyle
  2
Realistic
 70
     8
177
     3
291
     0
 70
    58
 90
        2
176
     1
 90
        2
176
     1
 90
        0
176
     1
 90
        2
176
     1
 40
0.6
176
     1
 40
30.0
176
     1
 62
     7
420
 16777215
176
     1
 90
        0
176
     1
 90
        0
176
     1
 62
     7
176
     1
 62
   257
176
     1
 90
        1
176
     1
 90
        1
176
     1
 40
1.0
176
     1
 90
        8
176
     1
 62
   257
176
     1
 40
1.0
176
     1
 90
        1
176
     1
 90
        6
176
     1
 90
        2
176
     1
 62
     7
176
     1
 90
        3
176
     1
 90
        0
176
     1
 90
        0
176
     1
290
     0
176
     1
 90
       13
176
     1
 40
0.0
176
     1
 90
        0
176
     1
290
     0
176
     1
290
     1
176
     1
290
     1
176
     1
290
     0
176
     1
290
     0
176
     1
290
     0
176
     1
290
     0
176
     1
290
     0
176
     1
290
     0
176
     1
 90
       50
176
     1
 40
0.0
176
     1
 40
1.0
176
     1
 90
        0
176
     1
 62
    18
176
     1
 90
       50
176
     1
 90
        3
176
     1
 62
     5
420
      255
176
     1
290
     0
176
     1
 90
       50
176
     1
 90
       50
176
     1
 90
       50
176
     1
290
     0
176
     1
 90
       50
176
     1
 62
   256
176
     0
 40
1.0
176
     0
 90
        2
176
     1
  1
strokes_ogs.tif
176
     1
290
     0
176
     1
 40
1.0
176
     1
 40
1.0
176
     1
1001
ACAD
1000
AcDbSavedByObjectVersion
1070
     0
  0
VISUALSTYLE
  5
60
102
{ACAD_REACTORS
330
2C
102
}
330
2C
100
AcDbVisualStyle
  2
Wireframe
 70
     5
177
     3
291
     0
 70
    58
 90
        0
176
     1
 90
        2
176
     1
 90
        0
176
     1
 90
        0
176
     1
 40
0.6
176
     1
 40
30.0
176
     1
 62
     7
420
 16777215
176
     1
 90
        1
176
     1
 90
        4
176
     1
 62
     7
176
     1
 62
   257
176
     1
 90
        1
176
     1
 90
        1
176
     1
 40
1.0
176
     1
 90
        0
176
     1
 62
   257
176
     1
 40
1.0
176
     1
 90
        1
176
     1
 90
        6
176
     1
 90
        2
176
     1
 62
     7
176
     1
 90
        3
176
     1
 90
        0
176
     1
 90
        0
176
     1
290
     0
176
     1
 90
        1
176
     1
 40
0.0
176
     1
 90
        0
176
     1
290
     0
176
     1
290
     1
176
     1
290
     1
176
     1
290
     0
176
     1
290
     0
176
     1
290
     0
176
     1
290
     0
176
     1
290
     0
176
     1
290
     0
176
     1
 90
       50
176
     1
 40
0.0
176
     1
 40
1.0
176
     1
 90
        0
176
     1
 62
    18
176
     1
 90
       50
176
     1
 90
        3
176
     1
 62
     5
420
      255
176
     1
290
     0
176
     1
 90
       50
176
     1
 90
       50
176
     1
 90
       50
176
     1
290
     0
176
     1
 90
       50
176
     1
 62
   256
176
     0
 40
1.0
176
     0
 90
        2
176
     1
  1
strokes_ogs.tif
176
     1
290
     0
176
     1
 40
1.0
176
     1
 40
1.0
176
     1
1001
ACAD
1000
AcDbSavedByObjectVersion
1070
     0
  0
DICTIONARYVAR
  5
1F9
102
{ACAD_REACTORS
330
1F4
102
}
330
1F4
100
DictionaryVariables
280
     0
  1
1:1
  0
DICTIONARYVAR
  5
1F6
102
{ACAD_REACTORS
330
1F4
102
}
330
1F4
100
DictionaryVariables
280
     0
  1
STANDARD
  0
DICTIONARYVAR
  5
1F5
102
{ACAD_REACTORS
330
1F4
102
}
330
1F4
100
DictionaryVariables
280
     0
  1
STANDARD
  0
DICTIONARYVAR
  5
1F7
102
{ACAD_REACTORS
330
1F4
102
}
330
1F4
100
DictionaryVariables
280
     0
  1

  0
DICTIONARYVAR
  5
1F8
102
{ACAD_REACTORS
330
1F4
102
}
330
1F4
100
DictionaryVariables
280
     0
  1

  0
DICTIONARY
  5
18
330
16
100
AcDbDictionary
280
     1
281
     1
  0
DICTIONARY
  5
53
330
52
100
AcDbDictionary
280
     1
281
     1
  3
FBXASSET
360
54
  0
DICTIONARY
  5
50
330
4F
100
AcDbDictionary
280
     1
281
     1
  3
FBXASSET
360
51
  0
DICTIONARY
  5
D
330
B
100
AcDbDictionary
280
     1
281
     1
  3
BUMPTILE
360
E
  3
DIFFUSETILE
360
F
  3
FBXASSET
360
10
  3
OPACITYTILE
360
11
  3
REFLECTIONTILE
360
12
  0
DICTIONARY
  5
5E
330
5D
100
AcDbDictionary
280
     1
281
     1
  3
ACAD_ROUNDTRIP_2008_TABLESTYLE_CELLSTYLEMAP
360
1FA
  0
XRECORD
  5
54
102
{ACAD_REACTORS
330
53
102
}
330
53
100
AcDbXrecord
280
     1
 70
     1
 90
429727718
  1
D62C5603-E3A1-4AEA-B7FB-FE5D8D0755AF
310
504B03040A0000080000CC70623B3DEE336E79000000790000001B0000006175746F6465736B2D64657369676E2D7061636B6167652E786D6C3C3F786D6C2076657273696F6E3D22312E302220656E636F64696E673D227574662D3822203F3E3C666F726D6174733E3C666F726D61743E687474703A2F2F736368656D612E
310
6175746F6465736B2E636F6D2F64657369676E2D7061636B6167652F323030393C2F666F726D61743E3C2F666F726D6174733E504B0304140006080800CC70623BD486FD9CA0000000F4000000130000005B436F6E74656E745F54797065735D2E786D6C7D8EC10E82300C865F65E91D8A1E8C310C0EEA1BF002731658846E
310
D98AC1B77784ABF1D8FE5FBFBF75BBCE937A534CCEB38643598122B6FEE978D0B0485F9C41B54DDD7D022595594E1A469170414C76A4D9A4D207E29CF43ECE46F218070CC6BECC4078ACAA135ACF422C856C0E68EA1BF5669944DDD7BCDE7B1F8E415D77AECB980613C2E4AC91FC167A2B244592486606FC29C8FD7F045B9A
310
EF7053A7E60B504B0304140006080800CC70623B853B8169EB0000007C01000008000000636F72652E786D6C8D90416EC3201045AF62CDB6C206821CC7C244919D9CA01740401C94182C03558F5F9C3852BBEB6A467FFE9B197D7EFC9E1EC5975982F5AE035262288C535E5B377690E21535501C055FBC8FBF6C503839990E
310
5619041F179FE64D52DE45E362569DD7661365082642A11EB9E920A89B99642953CC8E702F67A9EE7234257977194EC9EAE275C4EABCCF5EAD5940D4AC6F0E35A568B8F43562CD7046CD199FD07E60174276A7BE677B5EADB0E0D14EEFFB6A31321A0D82627C4084204C3F096B71DD52F6819B16635EADF63F509AF53FA164
310
5DDCD1EDDD17164090FCC8732078B56691CB33A85CD7DCC40F504B0304140006080800CC70623B55019EA25F0000007C00000007000000636E782E786D6C4DCB3B0E80201045D1AD90E915ED2CF8AC45050C11660C8261F98AB1B07AC9C97D42D718D865D3E909258CFD00CCE24AC6E326A164D74DC0B4128928FF32603847
310
2BA13128B1252AC747C6BAB984FC68F0B87FE8960A5C09FE86CFB69FBA01504B0304140006080800CC70623BDBABAAF470010000D40300000C0000006662782F636F72652E786D6CC553D16E823014FD95A6AF4B694182CC941A83FA05FB810A9511A125A5257EFE2E82712ECEB8A7F100CD39F7F69E734AF9FADC366850B6
310
AF8DCE7018308C942E4C59EB2AC3DE1D498AD15A706B8CFB56869196ADCAF00863C12B6B7C374385D14E6907A836A59A41D9F7CA615434B0C8705F7CAA5606D23BA8E84F41278B93AC54100640439DE0BDB320004D43C63716C7C399D30917DCFBBA9CD9BA8469F5B156168B24CED3F7248AC8769F27244EB73B92EED8862C
310
B7F13E0C179B3C8F979C8ECD82BBBABDAA2BAC924E9558448CBD9330242CFA08E3154B5651FCC6D215639C8EE5774DBE2B5F6CF2B5768B68963BB5F5588420E442FC700B1139D4CB01F450C1E918227C2E09DF070D8140C84E1E9AAB8F1340832A9CB13130A5F1376A908D57309505ECF2A0DF179C4E9D30F5B239B87E3823
310
7A79C6F31DE1A8A5AEC08474B03C7837EAE4938639B44E5932B833D2C6B6B279CDC613877FA26EE21F4A2A4C63EC7F29A2F301D1F9F7A0E37D145F504B0304140006080800CC70623B9C113CC27E0000009D0000000B0000006662782F636E782E786D6C4DCCDF0A83201C86E15B91DFB94BFB330DD428C8FB886521330DA7
310
6397BF1A1DECE883878F57749FCDA1B7892F1BBC047A23808C7F84D9FA55424E0BE6803A256208E9EF06C84F9B91703228B1C690F78B66B34CD9A5439DF5CF0BFBF65E35BCA1B8D6A5C6F540381E886698B5741C695F9503EBA150A2F8958E3DC3EA0B504B0304140006080800CC70623B7DF2F77C2A010000120200003100
310
00006662782F41393633353835312D344632462D344230382D423046372D3739314545314133324237412F636F72652E786D6C8D51DB8EC22014FC15C2939B0D2DB4B45643319AE817EC0F6041255A68B86CFCFC856D4D76DF7CE190393373060EDB3DC707F856CE6B6B7A480A0C81328395DA5C7B18C3057510EC3873D686
310
3F34088C18550F330C39BB3A1BA7051AAC09CA84841A2BD5020AEF55806078A44B0FFD7053A328440C89E1EFC52486BBB8AA8214A99D789CF9E05200300FC927E4FB4D5B375D43103D5527440FB843077C5AA3F5861C8F645F5787F59E95B390B318B55CE45AA638FAA2957BD7248B390B7A7CC51F9C124149C82B8C378810
310
84AB2F42B7B8DD56F413775B8C5999E9FF4471926F8AA236A1AE96B8B3CC434E5839373893369E1FAF30EA395917409EB7F26AF8801C171837A4A6AC9C89E9F9C9B1A58BA30FD6A5EF5DDDCF894B9AD9B6A59C957943A9FCAE2FD5BC4DFE03504B0304140006080800CC70623BAD7543B64E01000033030000300000006662
310
782F41393633353835312D344632462D344230382D423046372D3739314545314133324237412F636E782E786D6CD593CD6EC32010845F0571AD6CE3D48AD20813A9873E410FBD12D82434182C7EAAE6EDBB2424CD25871E7B41D6EC30B3FA84F9E67BB2E40B4234DE8DB46F1925E094D7C6ED479AD3AE5951B2113C789FEE
310
6C943839C1488B4C05DF079FE72A69D8C96C13AAD6B8631503449F83828872B949AC57D26200B826A308D316B4064D6E46FCDA41C05550DC9E483A00797BFD207EFB092A45DE9514C1BBD22178396BD39D891265658C238DEA00936C654E5E433CB65A26D9F6EDB5EBC14EBF49A45CB856E66048291F6939A9A81BB5C89177
310
38143CA680F4AA299D66A042CEB3354A2684DC9D8D178FE0D9B8B41CAAD720F880EE7EF93C0C18769E099ECC04D5A102C8049A8A05632F4DDF376CF1DE0F6BB65C2F8627B65A33C6BB62177CEBBDAD973006829F89F22E814B54F4BC2BE347F8AA8F681390B50FA73F804400B5F542E796F19FF974E7F78DB802FE05E20750
310
4B0304140006080800CC70623BE75B7789680500003C100000340000006662782F41393633353835312D344632462D344230382D423046372D3739314545314133324237412F6F626A656374732E786D6CAD575B8F9B3818FD2B887D06C22499CB8AA1CA655245D5B455A356FB305264C061D8018C6C3393D95FBFC7600890
310
A4CD5EF210B0B1BFEBF98E3F7B1FF6596ABC522E1296DF9BAE3D320D9A872C4AF2F8DE2CE5CEBA358D0FBEC719939D65A691938CDE9B6ADAF4BD98B3B2D05311DD91329583D9D5FC0F438434A7A611A644887B5384CF34233629258BA878B12322891DEFF6B66BD70BFB62634E8AE781D082709A4B588AF91C528CDA28B73F
310
1C998EEF39EABBEFA97FBD6A7C7E9553F9D3D79FE442923C3C523610337627CB87ABE99D359D4CC6D6E4FACAB5E6ABF9D2726FC6A3C5F56271377BB88362213924694B38DD99FE47C48627A1E7D49F5A8BB5E1A74C0A599ED3B0F21F1E56366B89112D681E218F0915D0D6F17AD41FBA2A369DCF6335D62ABBD39779D5DDD1
310
11D4D8DE3CBB96B2E04FB8202E41051754A1AA8E8F76B4C6DFE810B580B1547F4B84911149794252234D024EF8BBE963A95AE27B3D310A9D5C215C7960FAEE415ED75694C6AFB17BCACA5D99A60A9AA65F217B0BFC53292ACB92BF283FAD0D3621576592CB5BED907C2FA8E9DF794E35E97BEA31BED21FEB401ABB94C44839
310
DCACBF0E1C5DA8DA5B2F4DFFD32AD86F543D9E565E7056502E157C00AD2671CD534549AB752FCA9CDA00677A313F04E51B22FF19E57B300579E3C97EB29F682D92935CEC18CF901B7B54FD8C51F362B56FC72FE0B3C1EAE335EDCCBF5AEC39ADB17DC238973F804BA5E6F6BFE7AF1FB32E523BE9F3BD571418E3631DCA4D48
310
5250CF639223210A9446CA30052EDF057BD35F8329C1ECD84552BF0DC8D18BE7BCE23BFE6BD960AB4A7DE79923A103BEBD80F911CBAA2C60DB19B01CF164A5583B772EE6D3FFA56666CBCDA74DC97724A48F9A58967497E489C4D979006FD7A05E227A1EBDD0F737C623387A9C844D3709995625106D157315F8B8392CD4E0
310
A0B9A720C4BE9829CEF37EA1E13111214D53925356365ADA634861B52519DD27A00AEB808EAF0628E6F435519D446F45CF2C9CF5214F0A15B2F6D06B79DA3EE3CBF7F56780D2F4E7EF73A0F5E5B02A38D07DC852C6B7C1FBB6664213E0C39E3EBA7FF4E1AD23EA2829407C85E586727488B751B2DB9502BC7B228A3FD68B6E
310
A65A22397E690AA8D158D7E404EC8CDA235CC3B7D1898680131CEC2CDF2638C65196279577750F15884AEE19F94199155B92B13297978469D4F8D358DF0AEF7631E28DC8F0D9F437D5D39A83B2231A1D52D543813A824EF8D44BCFF2FA6A31BD1E8DAD87F1CCB526B3879935BF59CDADD5C37479BB1CDD4CA7B3556B516589
310
EF352754B706114D9C885EC9131DE6EFEB43D99AFE2391C2F958179413D7CFEF6B1B6DB1E7600F00DE6E5C67454A339A4BA2E0FBA85ED26F045D454F463DBFCE484C2F90F2E5E3666003662ED8F755951A7D1BECD5B30B550B2785C8E7320B7292A4838DDA71BBC863ED7613CAF659337A3354231D4FF4A182A54904C2898C
310
98B28C4AD0CE056CCF332A80986E571EE9DBC305BB5FEB7E509220A58D25CF042D712A806AC0AD0C657FDEF80D2D9CEAA2EE4D1C76F60BFE74219A06527D6F82DF6412526107381E55E353090704D085B52408A8913C4ED159D79BDA71BB4BC506F4831350EB6F975CD22D69BF7AC49B91A2C0A9DDA3D5CA36AD20FC478E37
310
E61844E2352865EBCB61A275A65283CAAA9DD27703B4102F5AF51EF5F573B75CBB5AD38BC845F7A49F82A0966A49C2E3EA5EA0ECD326CD965F1DB402C6FA8B51A4658C5C5E2EC9E214602E55810345408596591009A82E7E7FFACA19EEA299B14A0081A705CB3296EBC14CDF658DCD336EA6D1136881AAEB87B81AB9EE53D5
310
F5EB8BC8362082DA24122F98680A4E7930C01A0079749CEA14382A0783E5EBA5A10F8C098456A03D6A4AEB6BB881E2513747552A5DB22C7EDAF83BD5528081A365F7FF06504B0304140006080000CC70623B000000000000000000000000350000006662782F41393633353835312D344632462D344230382D423046372D37
310
39314545314133324237412F76657274696365732E62696E504B0304140006080800CC70623BF270F1330600000004000000360000006662782F41393633353835312D344632462D344230382D423046372D3739314545314133324237412F747269616E676C65732E62696E636660600000504B0304140006080000CC7062
310
3B000000000000000000000000370000006662782F41393633353835312D344632462D344230382D423046372D3739314545314133324237412F617474726962757465732E62696E504B0304140006080800CC70623B08DA0BD19000000041010000360000006662782F41393633353835312D344632462D344230382D4230
310
46372D3739314545314133324237412F6469726563746F72792E786D6C858F410AC3201045AF22B36F53E9A60B35CBEEBAE80D244E44489C6234F4F835464A48035D0DF398FF9F8AF63D0E6CC63039F212F8F9020C7D47C6792B21C5FE7403D62A1188E2E60C98D7234A5830286103A55745067B9D86B8A3CF9C7F90C11DE6
310
07FB144396D7B6A82D282E9A152AD114D5EF2CB866EEE831B8EEA07A7BB5A8D7D61A2BAAEB7FD5F70921FF497D00504B0304140006080800CC70623BEDD1DC58FD000000A00100003B0000006662782F41393633353835312D344632462D344230382D423046372D3739314545314133324237412F7265736F75726365732F
310
636F72652E786D6C8D504B6E833010BD0A9A6D65B00922041947112427E8052C33A156828DFCA97AFC9A40A576D7CDCCE87D344F8F9FBFE667F689CE6B6B3A6039850C8DB2A336530731DC4903D95970676DF82583CCC8193B5861107C72362E3BA4AC096842428D1D7107A5F7182053CF7474E0D507CE32973124857FE48B
310
540F3961CEF244279DE03EB81420DB9EAC1384436FA353E879B1B182C7A8C75DA3C7F453DF353A1075D537A7BA6464B8F535A99AE14A9A2BBD90E350DD183B5CFABE3AF262350B1EF4FC9351399401471025A527C218A1E53BAB5A5AB765F5469B96525EACF23FA6B88CFF34456DC2A1DCE36E360F82A5202F42F062ED2BAD
310
579969AFDD8A6F504B010214000A0000080000CC70623B3DEE336E79000000790000001B00000000000000000000000000000000006175746F6465736B2D64657369676E2D7061636B6167652E786D6C504B01021400140006080800CC70623BD486FD9CA0000000F40000001300000000000000000000000000B20000005B
310
436F6E74656E745F54797065735D2E786D6C504B01021400140006080800CC70623B853B8169EB0000007C010000080000000000000000000000000083010000636F72652E786D6C504B01021400140006080800CC70623B55019EA25F0000007C000000070000000000000000000000000094020000636E782E786D6C504B
310
01021400140006080800CC70623BDBABAAF470010000D40300000C00000000000000000000000000180300006662782F636F72652E786D6C504B01021400140006080800CC70623B9C113CC27E0000009D0000000B00000000000000000000000000B20400006662782F636E782E786D6C504B01021400140006080800CC70
310
623B7DF2F77C2A010000120200003100000000000000000000000000590500006662782F41393633353835312D344632462D344230382D423046372D3739314545314133324237412F636F72652E786D6C504B01021400140006080800CC70623BAD7543B64E010000330300003000000000000000000000000000D2060000
310
6662782F41393633353835312D344632462D344230382D423046372D3739314545314133324237412F636E782E786D6C504B01021400140006080800CC70623BE75B7789680500003C10000034000000000000000000000000006E0800006662782F41393633353835312D344632462D344230382D423046372D3739314545
310
314133324237412F6F626A656374732E786D6C504B01021400140006080000CC70623B0000000000000000000000003500000000000000000000000000280E00006662782F41393633353835312D344632462D344230382D423046372D3739314545314133324237412F76657274696365732E62696E504B01021400140006
310
080800CC70623BF270F133060000000400000036000000000000000000000000007B0E00006662782F41393633353835312D344632462D344230382D423046372D3739314545314133324237412F747269616E676C65732E62696E504B01021400140006080000CC70623B0000000000000000000000003700000000000000
310
000000000000D50E00006662782F41393633353835312D344632462D344230382D423046372D3739314545314133324237412F617474726962757465732E62696E504B01021400140006080800CC70623B08DA0BD1900000004101000036000000000000000000000000002A0F00006662782F41393633353835312D344632
310
462D344230382D423046372D3739314545314133324237412F6469726563746F72792E786D6C504B01021400140006080800CC70623BEDD1DC58FD000000A00100003B000000000000000000000000000E1000006662782F41393633353835312D344632462D344230382D423046372D3739314545314133324237412F7265
310
736F75726365732F636F72652E786D6C504B0506000000000E000E0080040000641100000000
  0
XRECORD
  5
51
102
{ACAD_REACTORS
330
50
102
}
330
50
100
AcDbXrecord
280
     1
 70
     1
 90
429727718
  1
30362254-06B7-45E0-A893-8CFA70E3D6BC
310
504B03040A0000080000CC70623B3DEE336E79000000790000001B0000006175746F6465736B2D64657369676E2D7061636B6167652E786D6C3C3F786D6C2076657273696F6E3D22312E302220656E636F64696E673D227574662D3822203F3E3C666F726D6174733E3C666F726D61743E687474703A2F2F736368656D612E
310
6175746F6465736B2E636F6D2F64657369676E2D7061636B6167652F323030393C2F666F726D61743E3C2F666F726D6174733E504B0304140006080800CC70623BD486FD9CA0000000F4000000130000005B436F6E74656E745F54797065735D2E786D6C7D8EC10E82300C865F65E91D8A1E8C310C0EEA1BF002731658846E
310
D98AC1B77784ABF1D8FE5FBFBF75BBCE937A534CCEB38643598122B6FEE978D0B0485F9C41B54DDD7D022595594E1A469170414C76A4D9A4D207E29CF43ECE46F218070CC6BECC4078ACAA135ACF422C856C0E68EA1BF5669944DDD7BCDE7B1F8E415D77AECB980613C2E4AC91FC167A2B244592486606FC29C8FD7F045B9A
310
EF7053A7E60B504B0304140006080800CC70623B1EC5D7A3EB0000007C01000008000000636F72652E786D6C8D90416EC3201045AF82665B6103C6756C6122AB4D4ED00B204C5C94182C03558F5F9C3852BBEB6A467FFE9B197D71FC9E6FE8CBACC17AD7032D0820E3B41FAD9B7A48F1820F808E52ACDEC75F36404ECDA687
310
4D0629A6D5A76597B477D1B89855E747B38B2A041301E95B6E7A08FAD3CCAA50296647B8168BD2573599823EBB0CA76447F43862C7BCCF5EAC59410E4DDD9C7973C2755553CCCFA4C603E3040F1565ED3B1FDE4E432BCA0D9622DAF9795FAF464533826484B498524CD807E51D79ED187F21878E10516EF63F505AC67F42C9
310
BA58B1FDDD071640D2FCC87D2045B96591CB3DA85CB7DCE40F504B0304140006080800CC70623B55019EA25F0000007C00000007000000636E782E786D6C4DCB3B0E80201045D1AD90E915ED2CF8AC45050C11660C8261F98AB1B07AC9C97D42D718D865D3E909258CFD00CCE24AC6E326A164D74DC0B4128928FF32603847
310
2BA13128B1252AC747C6BAB984FC68F0B87FE8960A5C09FE86CFB69FBA01504B0304140006080800CC70623B8C9102E971010000D40300000C0000006662782F636F72652E786D6CC5535B6E833010BC8AE5DF0A6C08340F1947A84D4ED00B38C6A128602363A31CBFCB234A53A551FA553EC09AD9F5CE8C31DB9E9B1AF5CA
310
7695D1198E428A91D2D214952E33ECDD315861B4E5CC1AE3BE9561A445A3323CC098B3D21ADFCE9034DA29ED00D5A6503328BA4E398C640D8B0C77F253352214DE4145770A5B214FA2546114020D759C75CE8200340D19DE981F0F6746269C33EFAB6266AB02A655C74A59CCF365BADC27CB5D902ED22848F6340DF238A141
310
BE88E2F57B92BFEDF23523433367AE6A2EEAA455C2A902F398D2751045018D3FA264435F3771F242571B4A1919CA6F9A7C5B3CD9E42BED16F12C776AEB308F40C848FC700B1139D4891EF410CEC810227CC6846F8386402064270EF5C5C709A05E49676C024C61FC95EA45ED154CA5211D1FF4FB8291A913A68E9B83EBBB33
310
E2A7673CDE118E5AE8124C0807CB8377834E366998436B950D7A7746DAD846D4CFD978E0F04FD455FC5D49D2D4C6FE9722321F10997F0F32DC47FE05504B0304140006080800CC70623BFFEA85907E0000009D0000000B0000006662782F636E782E786D6C4DCCD10A83201886E15B91FFDC95D95A811AB6F23E625948A6C3
310
E9D8E5AF46073BFAE0E1E365ED67B3E8ADC3CB78C7815C7240DA3DFC64DCC221C519D7805AC182F7F1EF06C88D9BE6703008B6049F9E274D7A1E938DBB5AE3D6131B2589BA0D3D965551E0B2EA732C9B9A624AAEB41E3A557677029960D9AFB4EF11165F504B0304140006080800CC70623B4FEEA4082C0100001202000031
310
0000006662782F39464131463745442D413632322D343644302D413938332D3331353338454246344243312F636F72652E786D6C8D515B6EC32010BC0AE2AB55850DD871ED0813254D72825EC00192A2C460F1A872FC42ED48ED5F7E00CDCECCCEB26C731F6FE05B39AFADE921293004CA082BB5B9F43086336A21D870E6AC
310
0D7F68109861543DCC30E4ECE26C9C164858139409093556AA051CBC570102714B8F1E7AF1A5C6A11862480C7F2DA6415C878B2A4891CA89C7990F2E050073937C42DE1DB7E4F87ED8A36D4329AA9B3D46DBAEAD504556557BD81DEBDD0761E52CE42C462D17B996298E3E6BE59E35C962CE821E1FF18553435012728A7187
310
0841987E927A8D9B35ADDF70BBC6989599FE4F1427F9A4286A132ABAC49D651EF234CD5CE04CDA78BA3DC2A8FB645D00B9DF8B57E215725C60BCA2A463E54C4CE327C7A65E1C7DB02E7DEFCBF594B864C5CA6CDBD49C957943E9FA5D5FBAF336F90F504B0304140006080800CC70623BAD7543B64E01000033030000300000
310
006662782F39464131463745442D413632322D343644302D413938332D3331353338454246344243312F636E782E786D6CD593CD6EC32010845F0571AD6CE3D48AD20813A9873E410FBD12D82434182C7EAAE6EDBB2424CD25871E7B41D6EC30B3FA84F9E67BB2E40B4234DE8DB46F1925E094D7C6ED479AD3AE5951B2113C
310
789FEE6C943839C1488B4C05DF079FE72A69D8C96C13AAD6B8631503449F83828872B949AC57D26200B826A308D316B4064D6E46FCDA41C05550DC9E483A00797BFD207EFB092A45DE9514C1BBD22178396BD39D891265658C238DEA00936C654E5E433CB65A26D9F6EDB5EBC14EBF49A45CB856E66048291F6939A9A81BB5
310
C8917738143CA680F4AA299D66A042CEB3354A2684DC9D8D178FE0D9B8B41CAAD720F880EE7EF93C0C18769E099ECC04D5A102C8049A8A05632F4DDF376CF1DE0F6BB65C2F8627B65A33C6BB62177CEBBDAD973006829F89F22E814B54F4BC2BE347F8AA8F681390B50FA73F804400B5F542E796F19FF974E7F78DB802FE05
310
E207504B0304140006080800CC70623B16AB87BA640500003C100000340000006662782F39464131463745442D413632322D343644302D413938332D3331353338454246344243312F6F626A656374732E786D6CAD575B6FA33818FD2B887DE6924B3BED8A326A92B68A663B534DD4D13E548A0C38942D60649B369D5FBFC7
310
600890A493BDE42160637FD7F31D7FF63E6FB3D478A55C242CBF3247B66B1A340F5994E4F19559CA8D75611A9F7D8F33263BCB4C232719BD32D5B4E97B316765A1A722BA21652A07B3B7B33F0D11D29C9A46981221AE4C113ED38CD8A4942CA2E2C58E882476BCD9DA23BB5ED8171B73523C0F841684D35CC252CCE79062D4
310
468DFA43D7747CCF51DF7D4FFDEB5593E3AB9CCA9FBEFE241792E4E19EB28198C968BAB8199F5D5A67D3E9C49A9E8F47D6EC76B6B0469F26EEFC7C3EBFBCBEB98462213924694B38DD98FE1D62C393D073EA4FADC5DAF04326852CCF6958F90F0F2B9BB5C48816348F90C7840A68EB78EDF68723159BCEE7891A6B95DDE9D3
310
BCEAEEE8086A6C6F9E5D4B59F0175C10A7A0820BAA5055C7473B5AE3CFDD452D602CD5DF12616444529E90D448938013FE6EFA58AA96F85E4F8C42275708571E98FE6827AF6B2B4AE3D7D83D64E5A64C53054DD3AF90BD06FEA9149565C94FCA0F6B834DC85599E4F2423B24DF0B6AFA979E534DFA9E7A4CC6FA631D486393
310
921829879BF5D781A373557BCB85E97FB90DB62B558F8795179C15944B051F40AB495CF35451D26A4727654E6D8033BD98EF82F21D91FF8AF2DD9982BCF1643BDD4EB516C9492E368C67C88DED563FC36D5EACF66DFF057C3658BDBFA69DF9578B3DA735B64F18C7F20770A9D45CFCF7FCF563D6456A277DBEF78A02637CA2
310
43B90A490AEAB94F72244481D24819A6C0E59B606BFA4B3025981DBB48EAB701D97BF19C577CC77F2D1B6C55A9EF3C732474C0B727303F625995056C3B02963D9EAC146BE78EC5FCEC7FA999EBC5EACBAAE41B12D27B4D2C0BBA49F244E2ECDC81B76B502F113D8F5EE8FB1BE3111CDD4FC2AA9B844CAB1288B68AB90A7CDC
310
1C166AB0D3DC5310625FCC14E779BFD0709F8890A629C9292B1B2DED31A4B0DA928CEE135085754027E3018A397D4D5427D15BD1330B677DC8934285AC3DF45A9EB68FF8F2B8FC0A509AFEECFD0FF2DE25CC6047F7214B195F07EFEB9A094D800F7BFAE8FED187B78EA8A3A400F115961BCAD1215E47C966530AF0EE8128FE
310
58CEBB996A8964FFA529A046635D9353B0336A8F700DDF46271A024E70B0B37C9DE01847591E54DED53D54202AB947E4076556AC49C6CA5C9E1226B7F1A7B1BE15DEED62C41B91E1B3E9AFAAA735036547343A925075041DF0A9979E893B391F8FCFA6967B3EFB644DCF6E5CEBFAE272625DCC6FAF3FB93793C5F90CE1EF57
310
407342756B10D1C489E8953CD1617E5CEECAD6F4EF8914CE5D5D504E5C3F1F9736DA62CFC11E00BCDDB8CC8A9466349744C1F75EBDA4DF09BA8A9E8C7A7E9991989E20E5DBDD6A6003664ED8F7A04A8DBE0DF6EAD9B9AA858342E47399053949D2C146EDB85DE4B176BB0965FBAC19BD19AA918E27FA50C1D22402E144464C
310
59462568E704B6E71915404CB72B8FF4EDE184DDAF753F284990D2C6926782963815403548A70C657FDEF80D2D9CEAA2AE4C1C76F60BFE74219A06527D6582DF6412526107381E55E353090704D085B52408D0933C4ED159D79BDA71BB4BC506F4831350EB6F979CD22D69BF7AC49B91A2C0A9DDA3D5CA36AD20FC478E37E6
310
1844E2352865EBCB6EA275A652E3836BE04EFB400BF1A2556F515F1FBB35B2AB35BD889C744FFA1004B5544B121E57F70215746DD2F5E2C1412B602CBF19455AC6C8E5E9922C4E01E65215385004546899059180EAFCF7A707CE7017CD8CDB0410789AB32C63B91E5CEBBBACB17AC6CD347A022D5075FD106377347AAABA7E
310
7D11590744509B44E205134DC1290F06580320F78E537D3D73540E06CB970B431F185308AD40BBD794D6D77003C5A36E8EAA54BA64597CD8F83BD552A080A365F7FF06504B0304140006080000CC70623B000000000000000000000000350000006662782F39464131463745442D413632322D343644302D413938332D3331
310
353338454246344243312F76657274696365732E62696E504B0304140006080800CC70623BF270F1330600000004000000360000006662782F39464131463745442D413632322D343644302D413938332D3331353338454246344243312F747269616E676C65732E62696E636660600000504B0304140006080000CC70623B
310
000000000000000000000000370000006662782F39464131463745442D413632322D343644302D413938332D3331353338454246344243312F617474726962757465732E62696E504B0304140006080800CC70623B08DA0BD19000000041010000360000006662782F39464131463745442D413632322D343644302D413938
310
332D3331353338454246344243312F6469726563746F72792E786D6C858F410AC3201045AF22B36F53E9A60B35CBEEBAE80D244E44489C6234F4F835464A48035D0DF398FF9F8AF63D0E6CC63039F212F8F9020C7D47C6792B21C5FE7403D62A1188E2E60C98D7234A5830286103A55745067B9D86B8A3CF9C7F90C11DE607
310
FB144396D7B6A82D282E9A152AD114D5EF2CB866EEE831B8EEA07A7BB5A8D7D61A2BAAEB7FD5F70921FF497D00504B0304140006080800CC70623B0D6EF93BFE000000A00100003B0000006662782F39464131463745442D413632322D343644302D413938332D3331353338454246344243312F7265736F75726365732F63
310
6F72652E786D6C8D50596E833010BD0A9ADFCA60B334011947A8694ED00B586642AC041B79A97AFC9A40A5F6AF3F33A3B7689E1E3F7DCD8FEC139DD7D6F4C0720A191A65476DA61E62B892236427C19DB5E1970C322367EC618541F0C9D9B8EC90B226A009093576C41D94DE63804C3DD2D18357379C652E63480A7FCF17A9
310
EE72C29CE5894E3AC17D702940B63D59270887DE46A7D0F36263058F518FBB468FE9A7BE6A7420864373B8D4873369AA8691FA421B3294352543C5CAF65C0F6FEF43CB8BD52C78D0F34F46E550061C419494B6843142CB0F5677F4B52BEB177AEC28E5C52AFF638ACBF84F53D42654E51E77B379102C05791282176B5F693D
310
CB4C7BED567C03504B010214000A0000080000CC70623B3DEE336E79000000790000001B00000000000000000000000000000000006175746F6465736B2D64657369676E2D7061636B6167652E786D6C504B01021400140006080800CC70623BD486FD9CA0000000F40000001300000000000000000000000000B20000005B
310
436F6E74656E745F54797065735D2E786D6C504B01021400140006080800CC70623B1EC5D7A3EB0000007C010000080000000000000000000000000083010000636F72652E786D6C504B01021400140006080800CC70623B55019EA25F0000007C000000070000000000000000000000000094020000636E782E786D6C504B
310
01021400140006080800CC70623B8C9102E971010000D40300000C00000000000000000000000000180300006662782F636F72652E786D6C504B01021400140006080800CC70623BFFEA85907E0000009D0000000B00000000000000000000000000B30400006662782F636E782E786D6C504B01021400140006080800CC70
310
623B4FEEA4082C0100001202000031000000000000000000000000005A0500006662782F39464131463745442D413632322D343644302D413938332D3331353338454246344243312F636F72652E786D6C504B01021400140006080800CC70623BAD7543B64E010000330300003000000000000000000000000000D5060000
310
6662782F39464131463745442D413632322D343644302D413938332D3331353338454246344243312F636E782E786D6C504B01021400140006080800CC70623B16AB87BA640500003C1000003400000000000000000000000000710800006662782F39464131463745442D413632322D343644302D413938332D3331353338
310
454246344243312F6F626A656374732E786D6C504B01021400140006080000CC70623B0000000000000000000000003500000000000000000000000000270E00006662782F39464131463745442D413632322D343644302D413938332D3331353338454246344243312F76657274696365732E62696E504B01021400140006
310
080800CC70623BF270F133060000000400000036000000000000000000000000007A0E00006662782F39464131463745442D413632322D343644302D413938332D3331353338454246344243312F747269616E676C65732E62696E504B01021400140006080000CC70623B0000000000000000000000003700000000000000
310
000000000000D40E00006662782F39464131463745442D413632322D343644302D413938332D3331353338454246344243312F617474726962757465732E62696E504B01021400140006080800CC70623B08DA0BD190000000410100003600000000000000000000000000290F00006662782F39464131463745442D413632
310
322D343644302D413938332D3331353338454246344243312F6469726563746F72792E786D6C504B01021400140006080800CC70623B0D6EF93BFE000000A00100003B000000000000000000000000000D1000006662782F39464131463745442D413632322D343644302D413938332D3331353338454246344243312F7265
310
736F75726365732F636F72652E786D6C504B0506000000000E000E0080040000641100000000
  0
XRECORD
  5
E
102
{ACAD_REACTORS
330
D
102
}
330
D
100
AcDbXrecord
280
     1
270
     1
271
     1
  0
XRECORD
  5
F
102
{ACAD_REACTORS
330
D
102
}
330
D
100
AcDbXrecord
280
     1
270
     1
271
     1
  0
XRECORD
  5
10
102
{ACAD_REACTORS
330
D
102
}
330
D
100
AcDbXrecord
280
     1
 70
     0
 90
1673772943
  1
ECE7A1D2-D628-4531-984C-D00F80459256
310
504B03040A0000080000CC70623B3DEE336E79000000790000001B0000006175746F6465736B2D64657369676E2D7061636B6167652E786D6C3C3F786D6C2076657273696F6E3D22312E302220656E636F64696E673D227574662D3822203F3E3C666F726D6174733E3C666F726D61743E687474703A2F2F736368656D612E
310
6175746F6465736B2E636F6D2F64657369676E2D7061636B6167652F323030393C2F666F726D61743E3C2F666F726D6174733E504B0304140006080800CC70623BD486FD9CA0000000F4000000130000005B436F6E74656E745F54797065735D2E786D6C7D8EC10E82300C865F65E91D8A1E8C310C0EEA1BF002731658846E
310
D98AC1B77784ABF1D8FE5FBFBF75BBCE937A534CCEB38643598122B6FEE978D0B0485F9C41B54DDD7D022595594E1A469170414C76A4D9A4D207E29CF43ECE46F218070CC6BECC4078ACAA135ACF422C856C0E68EA1BF5669944DDD7BCDE7B1F8E415D77AECB980613C2E4AC91FC167A2B244592486606FC29C8FD7F045B9A
310
EF7053A7E60B504B0304140006080800CC70623BD9DDAED0EC0000007C01000008000000636F72652E786D6C8D90416EC3201045AF82665B61836D9CD8C2444DD39CA01740405C94182C03558F5F9C3852BBEB6A467FFE9B197D7EF89E6EE8CB2CC17A37002D0820E394D7D68D03A478C17B4007C117EFE32F1B20272733C0
310
2A83E0E3E2D3BC49CABB685CCCAAF3DA6CA20CC14440EA969B0182FA34932C648AD911AEC52CD5558EA6A0CF2EC329598D1E47ACCEFBECC59A050463A7EA5833865FEBDD0E37353BE3EE8DBDE3F6786A48D375FBF6CC78B9C282473B3DEFABC5C86834888A900E538A49F5419B9EB47DD5BC907D4F082F57FB1F28CDFA9F50
310
B22ED6D5F6EE030B20687EE43E10BC5CB3C8E51E54AE6B6EE207504B0304140006080800CC70623B55019EA25F0000007C00000007000000636E782E786D6C4DCB3B0E80201045D1AD90E915ED2CF8AC45050C11660C8261F98AB1B07AC9C97D42D718D865D3E909258CFD00CCE24AC6E326A164D74DC0B4128928FF326038
310
472BA13128B1252AC747C6BAB984FC68F0B87FE8960A5C09FE86CFB69FBA01504B0304140006080800CC70623BA24EB22D72010000D40300000C0000006662782F636F72652E786D6CC5535B6E833010BC8AE5DF0A6C5E49888CA3A6694ED00B38E05014B091B1518EDFE511A5A9D228FD2A1F60CDEC7A67C6986DCE4D8D7A
310
69BA4AAB0C073EC548AA5C17952A33ECECD15B61B4E1CC686DBF9561A44423333CC098B3D268D7CE50AE9595CA02AA74216750749DB418E5352C32DCE59FB211BE70162ABA93DF8AFC244AE9073ED050C759670D0840D390E18DF9F1706664C23973AE2A66B62A605A75ACA4C13C4976E1364A12EF355A2EBD384AF65EFA96
310
BC7B8BED2EA6719AAE16FB8491A199335B351775B991C2CA02F390D2D40B028F861F41BCA68B7518BFD0D59A524686F29B26D7164F36B94AD9289CE54E6D1DE6010819891F6E21228B3AD1831EC219194284CF98F06DD01008846CC5A1BEF83801D4CBDC6A1303536877A57A513B0953A94FC707FDBE6064EA84A9E3E6E0FA
310
EE8CF0E9198F7784A316AA0413C2C2F2E0ECA0934D1AE6D05A69BCDE9E91D2A611F573361E38FC1375157F5752AE6B6DFE4B11990F88CCBF0719EE23FF02504B0304140006080800CC70623B408A7D3B7C0000009D0000000B0000006662782F636E782E786D6C4DCCD10A83201886E15B91FFDC552A92A0064DBC8F581632
310
D3703A76F9ABD1C18E3E78F878E5F0D9027ABBFCF2292AE86E2D20171F69F6715550CB827B40839639A5F2770314A7CD293819B45C73AAFB45B35BA61ACAA1C1C7E7855C58C15BC331339661262CC762340413D68D77DA5B42298546CBE6573AF60CEB2F504B0304140006080800CC70623B449FB9BD290100001202000031
310
0000006662782F36394639363044362D344446342D343946362D394244322D3234314243333846323333332F636F72652E786D6C8D515B6EC32010BC0AE22B55850D98B871848994463E412FE002495162B07854397EA176A4F62F3F2C9A9D991D587EB84F37F0AD7D30CEF6905418026DA553C65E7A98E219ED203808EE9D
310
8B7F6810D871D23D2C3014FCE25D9A57483A1BB58D19B54EE9151C43D0110279CB971E06F9A5A7B11A53CC8C70ADE6515EC78BAE4895DB992778883E0700CB907242D17643D7E2538BD869608875438BBAE38922CAC8F1BDD90DB4691A5E2F42C153326A951B95E398B3D1FE599322163C9AE9115F7A3D46ADA0A018778810
310
84E907617BDCEE297BC5BB3DC6BC2EF47FA234AB2745C9D8D8D035EE220B50105E2F0DC1954B9FB747187D9F9D8FA0CCDB042D5FA0C015C65B42DF78BD10F3F3B363CB56C7109DCFDFBBB97E662ED92EB62D13BC2E1BCAE5777DB9966D8A1F504B0304140006080800CC70623BAD7543B64E01000033030000300000006662
310
782F36394639363044362D344446342D343946362D394244322D3234314243333846323333332F636E782E786D6CD593CD6EC32010845F0571AD6CE3D48AD20813A9873E410FBD12D82434182C7EAAE6EDBB2424CD25871E7B41D6EC30B3FA84F9E67BB2E40B4234DE8DB46F1925E094D7C6ED479AD3AE5951B2113C789FEE
310
6C943839C1488B4C05DF079FE72A69D8C96C13AAD6B8631503449F83828872B949AC57D26200B826A308D316B4064D6E46FCDA41C05550DC9E483A00797BFD207EFB092A45DE9514C1BBD22178396BD39D891265658C238DEA00936C654E5E433CB65A26D9F6EDB5EBC14EBF49A45CB856E66048291F6939A9A81BB5C89177
310
38143CA680F4AA299D66A042CEB3354A2684DC9D8D178FE0D9B8B41CAAD720F880EE7EF93C0C18769E099ECC04D5A102C8049A8A05632F4DDF376CF1DE0F6BB65C2F8627B65A33C6BB62177CEBBDAD973006829F89F22E814B54F4BC2BE347F8AA8F681390B50FA73F804400B5F542E796F19FF974E7F78DB802FE05E20750
310
4B0304140006080800CC70623B8D05915C650500003B100000340000006662782F36394639363044362D344446342D343946362D394244322D3234314243333846323333332F6F626A656374732E786D6CAD575B6FA33814FE2B887D06429276DA1565D4266D158D3A339A6846FB502932E050B66023DB74D2FDF5FB190C01
310
9276B2973C046C8ECFF53B17071F77456EBD502133CEAE6CDF9DD81665314F32965ED995DA3A17B6F5310C04E7AA47665B8C14F4CAD6DB7618A48257A5D94AE89654B91AEDDEDDFC61C998326A5B714EA4BCB265FC440BE2924AF184CA6737218AB8E976E7FA6E4338649B0A523E8D98964450A6A029F619B8588D52FE7039
310
B1BD30F0F4F730D0FF866AF6369557DB33949F31A9088B0F848DD8CCFCF9F2767A76E99CCDE733677E3EF59D9BBB9BA5E37F984D16E78BC5E5F5ED25044B25C0C96822E8D60EEFE11B91C581D77CEA34368A1F5329E68CD1B8B61F16D63A1B8E092D294B10C78C4A48EB593D192E7DED9BDEE7995E1B91FDEDD3ACEA9FE831
310
6A756F9F7D4D79F4274C90A7A04248AA51D5F8C718DAE06FB2F75AC4796EBE65D22A88A22223B995679120E2D50E41AA49C260C046A35368846B0BECD0DFF3EBEB8AD4F835768F69B9ADF25C43D30E6B646F807FAA64AD59F61715C7A54127C4AACA98BA3006A9D792DAE165E0D59B61A01FB3A9F9D838D2DAE62445C86166
310
F37564E842E7DE6A69879FEEA2DD5AE7E371E1A5E025154AC307D06A03D73EB5978C58FFA4C8E9033066E0F3BD53BEC1F39F91BE7B55103791EDE6BBB991A2046172CB4581D8B893FA674DDA17A77B3B7C413D1B511FD2743BFF8A38F03A658705E3ADF8015C3A3417FF3D7E439FF591DA0B5F18BC20C1B8981957AE6392A3
310
F43C640C01D1A0B4728E2DD4F26DB4B3C3152A252A3B4E913CEC1C72F012782FF88EFF8637AA552DBEF76408E8A8DE9E50F9E1CB3A2DA0DB1B6039A893B56063DC5B3E3FFB5F72E67AB9FEB4AEC496C4F4C1149625DD662C53E89D7BF0F6151A046260D1337DFDC94502430F83B0EE07A130A224BCAD7DAE1D9FB6CD422FF6
310
920702629C4BB9AE79C12F243C6432A6794E18E5552BA56B431AAB5D91317302B2B071E86C3A42B1A02F999E24061403B5D0EB639195DA655DD3EBEAB4FB862DDF579F014AD0E73C22F99E28DA57FB98E75C6CA2D74D53086D600F4786E0FE3144B771A8A7B900F03594DB8A633CBC49B2EDB69228BB479CF863B5E807AAAB
310
23872F6DFEB4129B949CA33823F58830E86D65621E10047D9DB34D862E8EAC3C2ABC2F7B2C40D67CDFE01F5545B92105AF983AC54D93D69E56FB8E797F88913F898A9FEC705D3F9D1B54EC8426FB500D40A03BD0119B06E1B95DDC7EB8F6975367793EBD70E66733DFB9BC982F9CE564727731999F5D4ECFCE3B8D6A4DC2A0
310
6D50FD148437D110834A64C6CDDF57FBACB5C307A2A477DFE4939736CFEF2B175371E0E10CF0DD1D5C15654E0BCA14D1E87DD02FF93782A162C0A3D95F1524A52770F972BF1EE9809D13CE7DD599467F8ECE9ADD85CE85A34CD45355448C64F9E8A031DC2D596ACC6E5DD93D9B82DE2EF5CAF81363A8E47996A0DE24564A79
310
4115AACE09C55E14540231FDA13C319787134EBF34E3A022514E5B4D9E0826E25C02D5805B15ABE1BEF51B26383D445DD9E875EE33FE4C22DA16427D65A3BCA92CA6D28DD01DF5DC53330704308475351050232CCD31583787BA75774AFB06E5070DD0C8EF484E19968C5D83BA5B90B244D31E54D55A372320FE4786B7EA58
310
44E135AA5467CB7EA333A61683CC6A8C3257034C10CF46F40EF9F5BE59BE5BD30C3C72D235E95D10345C1D45445A5F0BB47E46A5EBE5570F9380B5FA629579952296A773720405982B9DE04011506178964401AA8BDF1FBF0A8EAB6861DD6580C0E38217056766716DAEB2D6FA0917D3E4116581EADB879C4E7CFFB11EFACD
310
3D641311495D92C8676CB409A72D18610D803CE8A626049E8EC1887CB5B44CC39883690DDA8399B4B9855B481E7D71D4A9D22F96E5BB73BF5793020C02137BF837504B0304140006080000CC70623B000000000000000000000000350000006662782F36394639363044362D344446342D343946362D394244322D32343142
310
43333846323333332F76657274696365732E62696E504B0304140006080800CC70623BF270F1330600000004000000360000006662782F36394639363044362D344446342D343946362D394244322D3234314243333846323333332F747269616E676C65732E62696E636660600000504B0304140006080000CC70623B0000
310
00000000000000000000370000006662782F36394639363044362D344446342D343946362D394244322D3234314243333846323333332F617474726962757465732E62696E504B0304140006080800CC70623B08DA0BD19000000041010000360000006662782F36394639363044362D344446342D343946362D394244322D
310
3234314243333846323333332F6469726563746F72792E786D6C858F410AC3201045AF22B36F53E9A60B35CBEEBAE80D244E44489C6234F4F835464A48035D0DF398FF9F8AF63D0E6CC63039F212F8F9020C7D47C6792B21C5FE7403D62A1188E2E60C98D7234A5830286103A55745067B9D86B8A3CF9C7F90C11DE607FB14
310
4396D7B6A82D282E9A152AD114D5EF2CB866EEE831B8EEA07A7BB5A8D7D61A2BAAEB7FD5F70921FF497D00504B0304140006080800CC70623BCA768048FE000000A00100003B0000006662782F36394639363044362D344446342D343946362D394244322D3234314243333846323333332F7265736F75726365732F636F72
310
652E786D6C8D50596E833010BD0A9ADFCA60D600328E9AA639412F609909B1126CE4A5EAF16B0295DABFFECC8CDEA2797AECF8353F924FB44E193D409E5248504B332A3D0D10FC95B4901C39B3C6F85F3248B49871801506CE266BC2B243D2688FDA47549B11775038871E12F988C7004EDE7016A9083E2ADC3D5D84BC8B09
310
D33C8D74D471E6BC8D0192EDC93A815B742658898E651BCB59086ADC356A8C3FD555A1055ED7E7E254D615792D0F075295F585746FF53B694EE78A565DD736979A65AB9933AFE69F8CD2A2F038022F28ED489E135A7CE4554F9BBEA85E68DB53CAB255FEC71496F19FA6A0B42F8B3DEE6673C0F318E4497096AD7DC5F52C33
310
EEB55BFE0D504B010214000A0000080000CC70623B3DEE336E79000000790000001B00000000000000000000000000000000006175746F6465736B2D64657369676E2D7061636B6167652E786D6C504B01021400140006080800CC70623BD486FD9CA0000000F40000001300000000000000000000000000B20000005B436F
310
6E74656E745F54797065735D2E786D6C504B01021400140006080800CC70623BD9DDAED0EC0000007C010000080000000000000000000000000083010000636F72652E786D6C504B01021400140006080800CC70623B55019EA25F0000007C000000070000000000000000000000000095020000636E782E786D6C504B0102
310
1400140006080800CC70623BA24EB22D72010000D40300000C00000000000000000000000000190300006662782F636F72652E786D6C504B01021400140006080800CC70623B408A7D3B7C0000009D0000000B00000000000000000000000000B50400006662782F636E782E786D6C504B01021400140006080800CC70623B
310
449FB9BD290100001202000031000000000000000000000000005A0500006662782F36394639363044362D344446342D343946362D394244322D3234314243333846323333332F636F72652E786D6C504B01021400140006080800CC70623BAD7543B64E010000330300003000000000000000000000000000D20600006662
310
782F36394639363044362D344446342D343946362D394244322D3234314243333846323333332F636E782E786D6C504B01021400140006080800CC70623B8D05915C650500003B10000034000000000000000000000000006E0800006662782F36394639363044362D344446342D343946362D394244322D32343142433338
310
46323333332F6F626A656374732E786D6C504B01021400140006080000CC70623B0000000000000000000000003500000000000000000000000000250E00006662782F36394639363044362D344446342D343946362D394244322D3234314243333846323333332F76657274696365732E62696E504B010214001400060808
310
00CC70623BF270F13306000000040000003600000000000000000000000000780E00006662782F36394639363044362D344446342D343946362D394244322D3234314243333846323333332F747269616E676C65732E62696E504B01021400140006080000CC70623B00000000000000000000000037000000000000000000
310
00000000D20E00006662782F36394639363044362D344446342D343946362D394244322D3234314243333846323333332F617474726962757465732E62696E504B01021400140006080800CC70623B08DA0BD190000000410100003600000000000000000000000000270F00006662782F36394639363044362D344446342D
310
343946362D394244322D3234314243333846323333332F6469726563746F72792E786D6C504B01021400140006080800CC70623BCA768048FE000000A00100003B000000000000000000000000000B1000006662782F36394639363044362D344446342D343946362D394244322D3234314243333846323333332F7265736F
310
75726365732F636F72652E786D6C504B0506000000000E000E0080040000621100000000
  0
XRECORD
  5
11
102
{ACAD_REACTORS
330
D
102
}
330
D
100
AcDbXrecord
280
     1
270
     1
271
     1
  0
XRECORD
  5
12
102
{ACAD_REACTORS
330
D
102
}
330
D
100
AcDbXrecord
280
     1
270
     1
271
     1
  0
CELLSTYLEMAP
  5
1FA
102
{ACAD_REACTORS
330
5E
102
}
330
5E
100
AcDbCellStyleMap
 90
        3
300
CELLSTYLE
  1
TABLEFORMAT_BEGIN
 90
        5
170
     1
 91
        0
 92
    32768
 62
   257
 93
        1
300
CONTENTFORMAT
  1
CONTENTFORMAT_BEGIN
 90
        0
 91
        0
 92
      512
 93
        0
300

 40
0.0
140
1.0
 94
        5
 62
     0
340
22
144
6.0
309
CONTENTFORMAT_END
171
     1
301
MARGIN
  1
CELLMARGIN_BEGIN
 40
1.5
 40
1.5
 40
1.5
 40
1.5
 40
0.18
 40
0.18
309
CELLMARGIN_END
 94
        6
 95
        1
302
GRIDFORMAT
  1
GRIDFORMAT_BEGIN
 90
        0
 91
        1
 62
     0
 92
       -2
340
25
 93
        0
 40
1.125
309
GRIDFORMAT_END
 95
        2
302
GRIDFORMAT
  1
GRIDFORMAT_BEGIN
 90
        0
 91
        1
 62
     0
 92
       -2
340
25
 93
        0
 40
1.125
309
GRIDFORMAT_END
 95
        4
302
GRIDFORMAT
  1
GRIDFORMAT_BEGIN
 90
        0
 91
        1
 62
     0
 92
       -2
340
25
 93
        0
 40
1.125
309
GRIDFORMAT_END
 95
        8
302
GRIDFORMAT
  1
GRIDFORMAT_BEGIN
 90
        0
 91
        1
 62
     0
 92
       -2
340
25
 93
        0
 40
1.125
309
GRIDFORMAT_END
 95
       16
302
GRIDFORMAT
  1
GRIDFORMAT_BEGIN
 90
        0
 91
        1
 62
     0
 92
       -2
340
25
 93
        0
 40
1.125
309
GRIDFORMAT_END
 95
       32
302
GRIDFORMAT
  1
GRIDFORMAT_BEGIN
 90
        0
 91
        1
 62
     0
 92
       -2
340
25
 93
        0
 40
1.125
309
GRIDFORMAT_END
309
TABLEFORMAT_END
  1
CELLSTYLE_BEGIN
 90
        1
 91
        1
300
_TITLE
309
CELLSTYLE_END
300
CELLSTYLE
  1
TABLEFORMAT_BEGIN
 90
        5
170
     1
 91
        0
 92
        0
 62
   257
 93
        1
300
CONTENTFORMAT
  1
CONTENTFORMAT_BEGIN
 90
        0
 91
        0
 92
      512
 93
        0
300

 40
0.0
140
1.0
 94
        5
 62
     0
340
22
144
4.5
309
CONTENTFORMAT_END
171
     1
301
MARGIN
  1
CELLMARGIN_BEGIN
 40
1.5
 40
1.5
 40
1.5
 40
1.5
 40
0.18
 40
0.18
309
CELLMARGIN_END
 94
        6
 95
        1
302
GRIDFORMAT
  1
GRIDFORMAT_BEGIN
 90
        0
 91
        1
 62
     0
 92
       -2
340
25
 93
        0
 40
1.125
309
GRIDFORMAT_END
 95
        2
302
GRIDFORMAT
  1
GRIDFORMAT_BEGIN
 90
        0
 91
        1
 62
     0
 92
       -2
340
25
 93
        0
 40
1.125
309
GRIDFORMAT_END
 95
        4
302
GRIDFORMAT
  1
GRIDFORMAT_BEGIN
 90
        0
 91
        1
 62
     0
 92
       -2
340
25
 93
        0
 40
1.125
309
GRIDFORMAT_END
 95
        8
302
GRIDFORMAT
  1
GRIDFORMAT_BEGIN
 90
        0
 91
        1
 62
     0
 92
       -2
340
25
 93
        0
 40
1.125
309
GRIDFORMAT_END
 95
       16
302
GRIDFORMAT
  1
GRIDFORMAT_BEGIN
 90
        0
 91
        1
 62
     0
 92
       -2
340
25
 93
        0
 40
1.125
309
GRIDFORMAT_END
 95
       32
302
GRIDFORMAT
  1
GRIDFORMAT_BEGIN
 90
        0
 91
        1
 62
     0
 92
       -2
340
25
 93
        0
 40
1.125
309
GRIDFORMAT_END
309
TABLEFORMAT_END
  1
CELLSTYLE_BEGIN
 90
        2
 91
        1
300
_HEADER
309
CELLSTYLE_END
300
CELLSTYLE
  1
TABLEFORMAT_BEGIN
 90
        5
170
     1
 91
        0
 92
        0
 62
   257
 93
        1
300
CONTENTFORMAT
  1
CONTENTFORMAT_BEGIN
 90
        0
 91
        0
 92
      512
 93
        0
300

 40
0.0
140
1.0
 94
        2
 62
     0
340
22
144
4.5
309
CONTENTFORMAT_END
171
     1
301
MARGIN
  1
CELLMARGIN_BEGIN
 40
1.5
 40
1.5
 40
1.5
 40
1.5
 40
0.18
 40
0.18
309
CELLMARGIN_END
 94
        6
 95
        1
302
GRIDFORMAT
  1
GRIDFORMAT_BEGIN
 90
        0
 91
        1
 62
     0
 92
       -2
340
25
 93
        0
 40
1.125
309
GRIDFORMAT_END
 95
        2
302
GRIDFORMAT
  1
GRIDFORMAT_BEGIN
 90
        0
 91
        1
 62
     0
 92
       -2
340
25
 93
        0
 40
1.125
309
GRIDFORMAT_END
 95
        4
302
GRIDFORMAT
  1
GRIDFORMAT_BEGIN
 90
        0
 91
        1
 62
     0
 92
       -2
340
25
 93
        0
 40
1.125
309
GRIDFORMAT_END
 95
        8
302
GRIDFORMAT
  1
GRIDFORMAT_BEGIN
 90
        0
 91
        1
 62
     0
 92
       -2
340
25
 93
        0
 40
1.125
309
GRIDFORMAT_END
 95
       16
302
GRIDFORMAT
  1
GRIDFORMAT_BEGIN
 90
        0
 91
        1
 62
     0
 92
       -2
340
25
 93
        0
 40
1.125
309
GRIDFORMAT_END
 95
       32
302
GRIDFORMAT
  1
GRIDFORMAT_BEGIN
 90
        0
 91
        1
 62
     0
 92
       -2
340
25
 93
        0
 40
1.125
309
GRIDFORMAT_END
309
TABLEFORMAT_END
  1
CELLSTYLE_BEGIN
 90
        3
 91
        2
300
_DATA
309
CELLSTYLE_END
  0
ENDSEC
  0
SECTION
  2
ACDSDATA
 70
     2
 71
     2
  0
ACDSSCHEMA
 90
        0
  1
AcDb_Thumbnail_Schema
  2
AcDbDs::ID
280
    10
 91
        8
  2
Thumbnail_Data
280
    15
 91
        0
101
ACDSRECORD
 95
        0
 90
        1
  2
AcDbDs::TreatedAsObjectData
280
     1
291
     1
101
ACDSRECORD
 95
        0
 90
        2
  2
AcDbDs::Legacy
280
     1
291
     1
101
ACDSRECORD
  1
AcDbDs::ID
 90
        3
  2
AcDs:Indexable
280
     1
291
     1
101
ACDSRECORD
  1
AcDbDs::ID
 90
        4
  2
AcDbDs::HandleAttribute
280
     7
282
     1
  0
ACDSSCHEMA
 90
        1
  1
AcDbDs::TreatedAsObjectDataSchema
  2
AcDbDs::TreatedAsObjectData
280
     1
 91
        0
  0
ACDSSCHEMA
 90
        2
  1
AcDbDs::LegacySchema
  2
AcDbDs::Legacy
280
     1
 91
        0
  0
ACDSSCHEMA
 90
        3
  1
AcDbDs::IndexedPropertySchema
  2
AcDs:Indexable
280
     1
 91
        0
  0
ACDSSCHEMA
 90
        4
  1
AcDbDs::HandleAttributeSchema
  2
AcDbDs::HandleAttribute
280
     7
 91
        1
284
     1
  0
ACDSRECORD
 90
        0
  2
AcDbDs::ID
280
    10
320
16
  2
Thumbnail_Data
280
    15
 94
     1836
310
89504E470D0A1A0A0000000D4948445200000100000000670803000000D82A6C0200000300504C5445FFFFFFFFFFFFFFFFFF0000000000000000000000000000000000000000000000000000330000660000990000CC0000FF0033000033330033660033990033CC0033FF0066000066330066660066990066CC0066FF0099
310
000099330099660099990099CC0099FF00CC0000CC3300CC6600CC9900CCCC00CCFF00FF0000FF3300FF6600FF9900FFCC00FFFF3300003300333300663300993300CC3300FF3333003333333333663333993333CC3333FF3366003366333366663366993366CC3366FF3399003399333399663399993399CC3399FF33CC00
310
33CC3333CC6633CC9933CCCC33CCFF33FF0033FF3333FF6633FF9933FFCC33FFFF6600006600336600666600996600CC6600FF6633006633336633666633996633CC6633FF6666006666336666666666996666CC6666FF6699006699336699666699996699CC6699FF66CC0066CC3366CC6666CC9966CCCC66CCFF66FF0066
310
FF3366FF6666FF9966FFCC66FFFF9900009900339900669900999900CC9900FF9933009933339933669933999933CC9933FF9966009966339966669966999966CC9966FF9999009999339999669999999999CC9999FF99CC0099CC3399CC6699CC9999CCCC99CCFF99FF0099FF3399FF6699FF9999FFCC99FFFFCC0000CC00
310
33CC0066CC0099CC00CCCC00FFCC3300CC3333CC3366CC3399CC33CCCC33FFCC6600CC6633CC6666CC6699CC66CCCC66FFCC9900CC9933CC9966CC9999CC99CCCC99FFCCCC00CCCC33CCCC66CCCC99CCCCCCCCCCFFCCFF00CCFF33CCFF66CCFF99CCFFCCCCFFFFFF0000FF0033FF0066FF0099FF00CCFF00FFFF3300FF3333
310
FF3366FF3399FF33CCFF33FFFF6600FF6633FF6666FF6699FF66CCFF66FFFF9900FF9933FF9966FF9999FF99CCFF99FFFFCC00FFCC33FFCC66FFCC99FFCCCCFFCCFFFFFF00FFFF33FFFF66FFFF99FFFFCCFFFFFF0000000D0D0D1A1A1A2828283535354343435050505D5D5D6B6B6B787878868686939393A1A1A1AEAEAEBB
310
BBBBC9C9C9D6D6D6E4E4E4F1F1F1FFFFFF000000000000000000000000000000000000000000000000000000000000AD4AB4E40000011B4944415478DAEDD8B10DC2301484616F60D12131004B64840CF13648C73EEC9249AEA6A507E38224988886C6F77F52A22454777A38869400000000000000007F92539A26D7F0C330
310
152A27CB028EC75CF3CBB480F359D2ACC8926701392BE25980ED02783848A125BF55D0FD25389CBE7CA01F9E7441B734CFAB07FBFA9F098DD2588EE779E5F5C8A800EB09781D650234D641A895F43901512DD7809D76D45FFCEDC56E01DD4D407C5E5BED88A271B759F4AE5DAF7FAD02EE5F0BE8AF8568DD3B6D847E29A0EF
310
09B8695EED83E35DC0C5A08012D7BE8075B64601EABC806815905CB6FEB1FD916F5840F32DB0F86A18166025CCF353405AFC0F108EF9DFB95DE3D7ECE11C1F000000000000000000000000000000000000F8BF075A5E97D1850EAF140000000049454E44AE4260824260820026C15A47440002501C00134091037E08F9E139
310
A0D0B20002AED947014222B49224382B80AA0E0849CE42006C25C8120129D2C1510E059000A036802B01370C26094E301600E4E5B0A56783BD27842C876F791E0F5F5E4603B85C04805D925C569E03CEAA44CBF62E00E505D07C97579FF28AE8EA007C7E7E3200D75A673962A062D01003C7DF42FD01F061902F17F3A1BCB9
310
698D0E6803408A8D7F078EA0250062DAA491F10ADA6221A0560F23424001206E6B8B1FA403C080D6D1EABC291848D91905D8D7E954749530121C86280356EB80C10014BFDC58A7E8E5E15439400010CF69B853079CCBFBCC6775B10940AE312B88934FE83A47811EFA42BBF7F73C1203468E3E78413104C081850129362C0B
310
6023352E36A47011287D4240AE320065AF0971AA1456124623776800ACBE0EB03D17507B3906C071D1DBE8CB03B8CA99A31B007A6E6A8803B07F60CF42F300303F1EE246086C55B5D749EFAB058FABED732D01E0B59607B0DA87A46C02504AA36D735D84C43AF5A794C5B953397D6AADCA4CAE8A807BB8B2D561F000A807E0
310
01B8A3280A6E050480B8B1021900BFB217A9007C089818B80B204D8103A86FAF965520F851C0942D06BEBD48107011B71C30FCAF12EDA30B11B5A4C107B4370D84CD1430E86D92110EF8A6169AE9F7988AE7498B200C6988EE3BF964110D77C093C103E8EDCDAEF9D75AF39A00BC8100C01CB0070D8039E09A020F81BD3107
310
A000440C740800001E029503E258FDC73918E3661D547CBB1C028DFE473A002E9A41C9004D07CCF2FAE52AEA80AAF7692B0270A097630E908550DC3CFFAD6C685C71B812C418413040F864DA821104006168EC120C0784A171139010E89001009CFEBB0820D6C9B0AF93377AEBDEEA969A4A53E49EFDE3B8BF07E6790B7F66
310
651FB7EAAA001D0470EBE40C16004D9B07E00178001E8007E00178001E8007E00178000EE81F503E2EA04532A6A00000000049454E44AE426082
  0
ENDSEC
  0
EOF
