  0
SECTION
  2
HEADER
  9
$ACADVER
  1
AC1027
  9
$ACADMAINTVER
 70
     8
  9
$DWGCODEPAGE
  3
ANSI_1254
  9
$REQUIREDVERSIONS
160
                 0
  9
$INSBASE
 10
0.0
 20
0.0
 30
0.0
  9
$EXTMIN
 10
-84895.69519469284
 20
-16016.59571391443
 30
-70.63299790526267
  9
$EXTMAX
 10
34856.17922438902
 20
53953.11707225569
 30
0.1670391624793321
  9
$LIMMIN
 10
0.0
 20
0.0
  9
$LIMMAX
 10
420.0
 20
297.0
  9
$ORTHOMODE
 70
     0
  9
$REGENMODE
 70
     1
  9
$FILLMODE
 70
     1
  9
$QTEXTMODE
 70
     0
  9
$MIRRTEXT
 70
     0
  9
$LTSCALE
 40
1.0
  9
$ATTMODE
 70
     1
  9
$TEXTSIZE
 40
2.5
  9
$TRACEWID
 40
1.0
  9
$TEXTSTYLE
  7
Standard
  9
$CLAYER
  8
KOMPOZIT
  9
$CELTYPE
  6
ByLayer
  9
$CECOLOR
 62
   256
  9
$CELTSCALE
 40
1.0
  9
$DISPSILH
 70
     0
  9
$DIMSCALE
 40
1.0
  9
$DIMASZ
 40
2.5
  9
$DIMEXO
 40
0.625
  9
$DIMDLI
 40
3.75
  9
$DIMRND
 40
0.0
  9
$DIMDLE
 40
0.0
  9
$DIMEXE
 40
1.25
  9
$DIMTP
 40
0.0
  9
$DIMTM
 40
0.0
  9
$DIMTXT
 40
2.5
  9
$DIMCEN
 40
2.5
  9
$DIMTSZ
 40
0.0
  9
$DIMTOL
 70
     0
  9
$DIMLIM
 70
     0
  9
$DIMTIH
 70
     0
  9
$DIMTOH
 70
     0
  9
$DIMSE1
 70
     0
  9
$DIMSE2
 70
     0
  9
$DIMTAD
 70
     1
  9
$DIMZIN
 70
     8
  9
$DIMBLK
  1

  9
$DIMASO
 70
     1
  9
$DIMSHO
 70
     1
  9
$DIMPOST
  1

  9
$DIMAPOST
  1

  9
$DIMALT
 70
     0
  9
$DIMALTD
 70
     3
  9
$DIMALTF
 40
0.03937007874016
  9
$DIMLFAC
 40
1.0
  9
$DIMTOFL
 70
     1
  9
$DIMTVP
 40
0.0
  9
$DIMTIX
 70
     0
  9
$DIMSOXD
 70
     0
  9
$DIMSAH
 70
     0
  9
$DIMBLK1
  1

  9
$DIMBLK2
  1

  9
$DIMSTYLE
  2
ISO-25
  9
$DIMCLRD
 70
     0
  9
$DIMCLRE
 70
     0
  9
$DIMCLRT
 70
     0
  9
$DIMTFAC
 40
1.0
  9
$DIMGAP
 40
0.625
  9
$DIMJUST
 70
     0
  9
$DIMSD1
 70
     0
  9
$DIMSD2
 70
     0
  9
$DIMTOLJ
 70
     0
  9
$DIMTZIN
 70
     8
  9
$DIMALTZ
 70
     0
  9
$DIMALTTZ
 70
     0
  9
$DIMUPT
 70
     0
  9
$DIMDEC
 70
     2
  9
$DIMTDEC
 70
     2
  9
$DIMALTU
 70
     2
  9
$DIMALTTD
 70
     3
  9
$DIMTXSTY
  7
Standard
  9
$DIMAUNIT
 70
     0
  9
$DIMADEC
 70
     0
  9
$DIMALTRND
 40
0.0
  9
$DIMAZIN
 70
     0
  9
$DIMDSEP
 70
    44
  9
$DIMATFIT
 70
     3
  9
$DIMFRAC
 70
     0
  9
$DIMLDRBLK
  1

  9
$DIMLUNIT
 70
     2
  9
$DIMLWD
 70
    -2
  9
$DIMLWE
 70
    -2
  9
$DIMTMOVE
 70
     0
  9
$DIMFXL
 40
1.0
  9
$DIMFXLON
 70
     0
  9
$DIMJOGANG
 40
0.7853981633974483
  9
$DIMTFILL
 70
     0
  9
$DIMTFILLCLR
 70
     0
  9
$DIMARCSYM
 70
     0
  9
$DIMLTYPE
  6

  9
$DIMLTEX1
  6

  9
$DIMLTEX2
  6

  9
$DIMTXTDIRECTION
 70
     0
  9
$LUNITS
 70
     2
  9
$LUPREC
 70
     4
  9
$SKETCHINC
 40
1.0
  9
$FILLETRAD
 40
0.0
  9
$AUNITS
 70
     0
  9
$AUPREC
 70
     0
  9
$MENU
  1
.
  9
$ELEVATION
 40
0.0
  9
$PELEVATION
 40
0.0
  9
$THICKNESS
 40
0.0
  9
$LIMCHECK
 70
     0
  9
$CHAMFERA
 40
0.0
  9
$CHAMFERB
 40
0.0
  9
$CHAMFERC
 40
0.0
  9
$CHAMFERD
 40
0.0
  9
$SKPOLY
 70
     0
  9
$TDCREATE
 40
2455827.480789155
  9
$TDUCREATE
 40
2455827.355789155
  9
$TDUPDATE
 40
2461292.873229167
  9
$TDUUPDATE
 40
2461292.748229167
  9
$TDINDWG
 40
37.9699963194
  9
$TDUSRTIMER
 40
37.9699961921
  9
$USRTIMER
 70
     1
  9
$ANGBASE
 50
0.0
  9
$ANGDIR
 70
     0
  9
$PDMODE
 70
     0
  9
$PDSIZE
 40
0.0
  9
$PLINEWID
 40
0.0
  9
$SPLFRAME
 70
     0
  9
$SPLINETYPE
 70
     6
  9
$SPLINESEGS
 70
     8
  9
$HANDSEED
  5
268
  9
$SURFTAB1
 70
     6
  9
$SURFTAB2
 70
     6
  9
$SURFTYPE
 70
     6
  9
$SURFU
 70
     6
  9
$SURFV
 70
     6
  9
$UCSBASE
  2

  9
$UCSNAME
  2

  9
$UCSORG
 10
0.0
 20
0.0
 30
0.0
  9
$UCSXDIR
 10
1.0
 20
0.0
 30
0.0
  9
$UCSYDIR
 10
0.0
 20
1.0
 30
0.0
  9
$UCSORTHOREF
  2

  9
$UCSORTHOVIEW
 70
     0
  9
$UCSORGTOP
 10
0.0
 20
0.0
 30
0.0
  9
$UCSORGBOTTOM
 10
0.0
 20
0.0
 30
0.0
  9
$UCSORGLEFT
 10
0.0
 20
0.0
 30
0.0
  9
$UCSORGRIGHT
 10
0.0
 20
0.0
 30
0.0
  9
$UCSORGFRONT
 10
0.0
 20
0.0
 30
0.0
  9
$UCSORGBACK
 10
0.0
 20
0.0
 30
0.0
  9
$PUCSBASE
  2

  9
$PUCSNAME
  2

  9
$PUCSORG
 10
0.0
 20
0.0
 30
0.0
  9
$PUCSXDIR
 10
1.0
 20
0.0
 30
0.0
  9
$PUCSYDIR
 10
0.0
 20
1.0
 30
0.0
  9
$PUCSORTHOREF
  2

  9
$PUCSORTHOVIEW
 70
     0
  9
$PUCSORGTOP
 10
0.0
 20
0.0
 30
0.0
  9
$PUCSORGBOTTOM
 10
0.0
 20
0.0
 30
0.0
  9
$PUCSORGLEFT
 10
0.0
 20
0.0
 30
0.0
  9
$PUCSORGRIGHT
 10
0.0
 20
0.0
 30
0.0
  9
$PUCSORGFRONT
 10
0.0
 20
0.0
 30
0.0
  9
$PUCSORGBACK
 10
0.0
 20
0.0
 30
0.0
  9
$USERI1
 70
     0
  9
$USERI2
 70
     0
  9
$USERI3
 70
     0
  9
$USERI4
 70
     0
  9
$USERI5
 70
     0
  9
$USERR1
 40
0.0
  9
$USERR2
 40
0.0
  9
$USERR3
 40
0.0
  9
$USERR4
 40
0.0
  9
$USERR5
 40
0.0
  9
$WORLDVIEW
 70
     1
  9
$SHADEDGE
 70
     3
  9
$SHADEDIF
 70
    70
  9
$TILEMODE
 70
     1
  9
$MAXACTVP
 70
    64
  9
$PINSBASE
 10
0.0
 20
0.0
 30
0.0
  9
$PLIMCHECK
 70
     0
  9
$PEXTMIN
 10
29.06818420886992
 20
20.36233246326446
 30
0.0
  9
$PEXTMAX
 10
261.6136578798294
 20
183.2609921693802
 30
0.0
  9
$PLIMMIN
 10
-3.17498779296875
 20
-3.174999952316283
  9
$PLIMMAX
 10
293.8568420410156
 20
206.7983276844024
  9
$UNITMODE
 70
     0
  9
$VISRETAIN
 70
     1
  9
$PLINEGEN
 70
     0
  9
$PSLTSCALE
 70
     1
  9
$TREEDEPTH
 70
  3020
  9
$CMLSTYLE
  2
Standard
  9
$CMLJUST
 70
     0
  9
$CMLSCALE
 40
20.0
  9
$PROXYGRAPHICS
 70
     1
  9
$MEASUREMENT
 70
     1
  9
$CELWEIGHT
370
    -1
  9
$ENDCAPS
280
     0
  9
$JOINSTYLE
280
     0
  9
$LWDISPLAY
290
     0
  9
$INSUNITS
 70
     4
  9
$HYPERLINKBASE
  1

  9
$STYLESHEET
  1

  9
$XEDIT
290
     1
  9
$CEPSNTYPE
380
     0
  9
$PSTYLEMODE
290
     1
  9
$FINGERPRINTGUID
  2
{52680B22-CD01-44FE-8062-17A719E99259}
  9
$VERSIONGUID
  2
{4D858408-9826-4960-8CB5-161250C906A5}
  9
$EXTNAMES
290
     1
  9
$PSVPSCALE
 40
0.0
  9
$OLESTARTUP
290
     0
  9
$SORTENTS
280
   127
  9
$INDEXCTL
280
     0
  9
$HIDETEXT
280
     1
  9
$XCLIPFRAME
280
     2
  9
$HALOGAP
280
     0
  9
$OBSCOLOR
 70
   257
  9
$OBSLTYPE
280
     0
  9
$INTERSECTIONDISPLAY
280
     0
  9
$INTERSECTIONCOLOR
 70
   257
  9
$DIMASSOC
280
     2
  9
$PROJECTNAME
  1

  9
$CAMERADISPLAY
290
     0
  9
$LENSLENGTH
 40
50.0
  9
$CAMERAHEIGHT
 40
0.0
  9
$STEPSPERSEC
 40
2.0
  9
$STEPSIZE
 40
6.0
  9
$3DDWFPREC
 40
2.0
  9
$PSOLWIDTH
 40
5.0
  9
$PSOLHEIGHT
 40
80.0
  9
$LOFTANG1
 40
1.570796326794896
  9
$LOFTANG2
 40
1.570796326794896
  9
$LOFTMAG1
 40
0.0
  9
$LOFTMAG2
 40
0.0
  9
$LOFTPARAM
 70
     7
  9
$LOFTNORMALS
280
     1
  9
$LATITUDE
 40
37.795
  9
$LONGITUDE
 40
-122.394
  9
$NORTHDIRECTION
 40
0.0
  9
$TIMEZONE
 70
 -8000
  9
$LIGHTGLYPHDISPLAY
280
     1
  9
$TILEMODELIGHTSYNCH
280
     1
  9
$CMATERIAL
347
4F
  9
$SOLIDHIST
280
     1
  9
$SHOWHIST
280
     1
  9
$DWFFRAME
280
     2
  9
$DGNFRAME
280
     0
  9
$REALWORLDSCALE
290
     1
  9
$INTERFERECOLOR
 62
     1
  9
$INTERFEREOBJVS
345
5F
  9
$INTERFEREVPVS
346
60
  9
$CSHADOW
280
     0
  9
$SHADOWPLANELOCATION
 40
0.0
  0
ENDSEC
  0
SECTION
  2
CLASSES
  0
CLASS
  1
ACDBDICTIONARYWDFLT
  2
AcDbDictionaryWithDefault
  3
ObjectDBX Classes
 90
        0
 91
        1
280
     0
281
     0
  0
CLASS
  1
DICTIONARYVAR
  2
AcDbDictionaryVar
  3
ObjectDBX Classes
 90
        0
 91
        5
280
     0
281
     0
  0
CLASS
  1
TABLESTYLE
  2
AcDbTableStyle
  3
ObjectDBX Classes
 90
     4095
 91
        1
280
     0
281
     0
  0
CLASS
  1
MATERIAL
  2
AcDbMaterial
  3
ObjectDBX Classes
 90
     1153
 91
        3
280
     0
281
     0
  0
CLASS
  1
VISUALSTYLE
  2
AcDbVisualStyle
  3
ObjectDBX Classes
 90
     4095
 91
        3
280
     0
281
     0
  0
CLASS
  1
SCALE
  2
AcDbScale
  3
ObjectDBX Classes
 90
     1153
 91
       17
280
     0
281
     0
  0
CLASS
  1
MLEADERSTYLE
  2
AcDbMLeaderStyle
  3
ACDB_MLEADERSTYLE_CLASS
 90
     4095
 91
        0
280
     0
281
     0
  0
CLASS
  1
CELLSTYLEMAP
  2
AcDbCellStyleMap
  3
ObjectDBX Classes
 90
     1152
 91
        1
280
     0
281
     0
  0
CLASS
  1
EXACXREFPANELOBJECT
  2
ExAcXREFPanelObject
  3
EXAC_ESW
 90
     1025
 91
        0
280
     1
281
     0
  0
CLASS
  1
NPOCOLLECTION
  2
AcDbImpNonPersistentObjectsCollection
  3
ObjectDBX Classes
 90
     1153
 91
        0
280
     0
281
     0
  0
CLASS
  1
LAYER_INDEX
  2
AcDbLayerIndex
  3
ObjectDBX Classes
 90
        0
 91
        0
280
     0
281
     0
  0
CLASS
  1
SPATIAL_INDEX
  2
AcDbSpatialIndex
  3
ObjectDBX Classes
 90
        0
 91
        0
280
     0
281
     0
  0
CLASS
  1
IDBUFFER
  2
AcDbIdBuffer
  3
ObjectDBX Classes
 90
        0
 91
        0
280
     0
281
     0
  0
CLASS
  1
ACAD_EVALUATION_GRAPH
  2
AcDbEvalGraph
  3
ObjectDBX Classes
 90
     1153
 91
        3
280
     0
281
     0
  0
CLASS
  1
BLOCKLINEARPARAMETER
  2
AcDbBlockLinearParameter
  3
ObjectDBX Classes
 90
     1153
 91
        6
280
     0
281
     0
  0
CLASS
  1
BLOCKLINEARGRIP
  2
AcDbBlockLinearGrip
  3
ObjectDBX Classes
 90
     1153
 91
        7
280
     0
281
     0
  0
CLASS
  1
BLOCKGRIPLOCATIONCOMPONENT
  2
AcDbBlockGripExpr
  3
ObjectDBX Classes
 90
     1153
 91
       14
280
     0
281
     0
  0
CLASS
  1
BLOCKARRAYACTION
  2
AcDbBlockArrayAction
  3
ObjectDBX Classes
 90
     1153
 91
        2
280
     0
281
     0
  0
CLASS
  1
ACDB_DYNAMICBLOCKPURGEPREVENTER_VERSION
  2
AcDbDynamicBlockPurgePreventer
  3
ObjectDBX Classes
 90
     1153
 91
        3
280
     0
281
     0
  0
CLASS
  1
ACDB_BLOCKREPRESENTATION_DATA
  2
AcDbBlockRepresentationData
  3
ObjectDBX Classes
 90
     1153
 91
        3
280
     0
281
     0
  0
CLASS
  1
SORTENTSTABLE
  2
AcDbSortentsTable
  3
ObjectDBX Classes
 90
        0
 91
       14
280
     0
281
     0
  0
CLASS
  1
AEC_REFEDIT_STATUS_TRACKER
  2
AecDbRefEditStatusTracker
  3
AecArchBase80|Product Desc: Autodesk Architectural Desktop 2007 |Company: Autodesk,Inc. |WEB Address: www.autodesk.com
 90
      129
 91
        0
280
     1
281
     0
  0
CLASS
  1
BLOCKSTRETCHACTION
  2
AcDbBlockStretchAction
  3
ObjectDBX Classes
 90
     1153
 91
        8
280
     0
281
     0
  0
CLASS
  1
ACDBSECTIONVIEWSTYLE
  2
AcDbSectionViewStyle
  3
ObjectDBX Classes
 90
     1025
 91
        0
280
     0
281
     0
  0
CLASS
  1
ACDBDETAILVIEWSTYLE
  2
AcDbDetailViewStyle
  3
ObjectDBX Classes
 90
     1025
 91
        0
280
     0
281
     0
  0
CLASS
  1
ACAECUSTOBJ
  2
AcAeEditorObj
  3
AcAeEditorObj
 90
     1024
 91
        0
280
     1
281
     0
  0
CLASS
  1
LINEARPARAMETERENTITY
  2
AcDbBlockLinearParameterEntity
  3
ObjectDBX Classes
 90
     1025
 91
        0
280
     0
281
     1
  0
CLASS
  1
ACAEEEMGROBJ
  2
AcAeEEMgrObj
  3
AcAeEEMgrObj
 90
     1024
 91
        0
280
     0
281
     0
  0
CLASS
  1
LINEARGRIPENTITY
  2
AcDbBlockLinearGripEntity
  3
ObjectDBX Classes
 90
     1025
 91
        0
280
     0
281
     1
  0
CLASS
  1
ARRAYACTIONENTITY
  2
AcDbBlockArrayActionEntity
  3
ObjectDBX Classes
 90
     1025
 91
        0
280
     0
281
     1
  0
CLASS
  1
STRETCHACTIONENTITY
  2
AcDbBlockStretchActionEntity
  3
ObjectDBX Classes
 90
     1025
 91
        0
280
     0
281
     1
  0
CLASS
  1
BLOCKMOVEACTION
  2
AcDbBlockMoveAction
  3
ObjectDBX Classes
 90
     1153
 91
        0
280
     0
281
     0
  0
CLASS
  1
DIMASSOC
  2
AcDbDimAssoc
  3
"AcDbDimAssoc|Product Desc:     AcDim ARX App For Dimension|Company:          Autodesk, Inc.|WEB Address:      www.autodesk.com"
 90
        0
 91
        9
280
     0
281
     0
  0
CLASS
  1
BLOCKSCALEACTION
  2
AcDbBlockScaleAction
  3
ObjectDBX Classes
 90
     1153
 91
        0
280
     0
281
     0
  0
CLASS
  1
MULTILEADER
  2
AcDbMLeader
  3
ACDB_MLEADER_CLASS
 90
     1025
 91
        0
280
     0
281
     1
  0
CLASS
  1
BLOCKBASEPOINTPARAMETER
  2
AcDbBlockBasepointParameter
  3
ObjectDBX Classes
 90
     1153
 91
        0
280
     0
281
     0
  0
CLASS
  1
DBCOLOR
  2
AcDbColor
  3
ObjectDBX Classes
 90
        0
 91
        0
280
     0
281
     0
  0
CLASS
  1
BASEPOINTPARAMETERENTITY
  2
AcDbBlockBasepointParameterEntity
  3
ObjectDBX Classes
 90
     1025
 91
        0
280
     0
281
     1
  0
CLASS
  1
IMAGEDEF
  2
AcDbRasterImageDef
  3
ISM
 90
        0
 91
        0
280
     0
281
     0
  0
CLASS
  1
RASTERVARIABLES
  2
AcDbRasterVariables
  3
ISM
 90
        0
 91
        0
280
     0
281
     0
  0
CLASS
  1
IMAGEDEF_REACTOR
  2
AcDbRasterImageDefReactor
  3
ISM
 90
        1
 91
        0
280
     0
281
     0
  0
CLASS
  1
IMAGE
  2
AcDbRasterImage
  3
ISM
 90
     2175
 91
        0
280
     0
281
     1
  0
CLASS
  1
WIPEOUT
  2
AcDbWipeout
  3
WipeOut|Product Desc: Object Enabler for WipeOut entity | Company: Autodesk, Inc. | WEB Address: www.autodesk.com
 90
     2175
 91
        0
280
     0
281
     1
  0
CLASS
  1
WIPEOUTVARIABLES
  2
AcDbWipeoutVariables
  3
"WipeOut|Product Desc:     WipeOut Dbx Application|Company:          Autodesk, Inc.|WEB Address:      www.autodesk.com"
 90
        0
 91
        0
280
     0
281
     0
  0
CLASS
  1
MOVEACTIONENTITY
  2
AcDbBlockMoveActionEntity
  3
ObjectDBX Classes
 90
     1025
 91
        0
280
     0
281
     1
  0
CLASS
  1
BLOCKVISIBILITYPARAMETER
  2
AcDbBlockVisibilityParameter
  3
ObjectDBX Classes
 90
     1153
 91
        0
280
     0
281
     0
  0
CLASS
  1
BLOCKVISIBILITYGRIP
  2
AcDbBlockVisibilityGrip
  3
ObjectDBX Classes
 90
     1153
 91
        0
280
     0
281
     0
  0
CLASS
  1
VISIBILITYPARAMETERENTITY
  2
AcDbBlockVisibilityParameterEntity
  3
ObjectDBX Classes
 90
     1025
 91
        0
280
     0
281
     1
  0
CLASS
  1
VISIBILITYGRIPENTITY
  2
AcDbBlockVisibilityGripEntity
  3
ObjectDBX Classes
 90
     1025
 91
        0
280
     0
281
     1
  0
CLASS
  1
BLOCKLOOKUPPARAMETER
  2
AcDbBlockLookupParameter
  3
ObjectDBX Classes
 90
     1153
 91
        0
280
     0
281
     0
  0
CLASS
  1
BLOCKLOOKUPGRIP
  2
AcDbBlockLookupGrip
  3
ObjectDBX Classes
 90
     1153
 91
        0
280
     0
281
     0
  0
CLASS
  1
BLOCKLOOKUPACTION
  2
AcDbBlockLookupAction
  3
ObjectDBX Classes
 90
     1153
 91
        0
280
     0
281
     0
  0
CLASS
  1
LOOKUPPARAMETERENTITY
  2
AcDbBlockLookupParameterEntity
  3
ObjectDBX Classes
 90
     1025
 91
        0
280
     0
281
     1
  0
CLASS
  1
LOOKUPGRIPENTITY
  2
AcDbBlockLookupGripEntity
  3
ObjectDBX Classes
 90
     1025
 91
        0
280
     0
281
     1
  0
CLASS
  1
LOOKUPACTIONENTITY
  2
AcDbBlockLookupActionEntity
  3
ObjectDBX Classes
 90
     1025
 91
        0
280
     0
281
     1
  0
CLASS
  1
RAPIDRTRENDERSETTINGS
  2
AcDbRapidRTRenderSettings
  3
ObjectDBX Classes
 90
     1024
 91
        0
280
     1
281
     0
  0
CLASS
  1
MENTALRAYRENDERSETTINGS
  2
AcDbMentalRayRenderSettings
  3
SCENEOE
 90
     1024
 91
        0
280
     1
281
     0
  0
CLASS
  1
ACDBASSOCPERSSUBENTMANAGER
  2
AcDbAssocPersSubentManager
  3
ObjectDBX Classes
 90
     1024
 91
        0
280
     0
281
     0
  0
CLASS
  1
ACAD_TABLE
  2
AcDbTable
  3
ObjectDBX Classes
 90
     1025
 91
        0
280
     0
281
     1
  0
CLASS
  1
TABLECONTENT
  2
AcDbTableContent
  3
ObjectDBX Classes
 90
     1152
 91
        0
280
     0
281
     0
  0
CLASS
  1
TABLEGEOMETRY
  2
AcDbTableGeometry
  3
ObjectDBX Classes
 90
     1152
 91
        0
280
     0
281
     0
  0
ENDSEC
  0
SECTION
  2
TABLES
  0
TABLE
  2
VPORT
  5
29
330
0
100
AcDbSymbolTable
 70
     1
1001
ACAD
1000
DbSaveVer
1071
      247
  0
VPORT
  5
2A
330
29
100
AcDbSymbolTableRecord
100
AcDbViewportTableRecord
  2
*Active
 70
     0
 10
0.0
 20
0.0
 11
1.0
 21
1.0
 12
-70925.61859793542
 22
44338.85905612905
 13
0.0
 23
0.0
 14
10.0
 24
10.0
 15
10.0
 25
10.0
 16
0.0
 26
0.0
 36
1.0
 17
0.0
 27
0.0
 37
0.0
 40
3086.635452548847
 41
2.580896686159844
 42
50.0
 43
0.0
 44
0.0
 50
0.0
 51
0.0
 71
     0
 72
  1000
 73
     1
 74
     3
 75
     0
 76
     0
 77
     0
 78
     2
281
     0
 65
     1
110
0.0
120
0.0
130
0.0
111
1.0
121
0.0
131
0.0
112
0.0
122
1.0
132
0.0
 79
     0
146
0.0
348
2B
 60
     3
 61
     5
292
     1
282
     1
141
0.0
142
0.0
 63
   250
421
  3355443
1001
ACAD_NAV_VCDISPLAY
1070
     1
  0
ENDTAB
  0
TABLE
  2
LTYPE
  5
24
330
0
100
AcDbSymbolTable
 70
     2
  0
LTYPE
  5
25
330
24
100
AcDbSymbolTableRecord
100
AcDbLinetypeTableRecord
  2
ByBlock
 70
     0
  3

 72
    65
 73
     0
 40
0.0
  0
LTYPE
  5
26
330
24
100
AcDbSymbolTableRecord
100
AcDbLinetypeTableRecord
  2
ByLayer
 70
     0
  3

 72
    65
 73
     0
 40
0.0
  0
LTYPE
  5
14
330
24
100
AcDbSymbolTableRecord
100
AcDbLinetypeTableRecord
  2
Continuous
 70
     0
  3
Solid line
 72
    65
 73
     0
 40
0.0
  0
LTYPE
  5
194
330
24
100
AcDbSymbolTableRecord
100
AcDbLinetypeTableRecord
  2
HIDDEN
 70
     0
  3
Hidden __ __ __ __ __ __ __ __ __ __ __ __ __ _
 72
    65
 73
     2
 40
0.375
 49
0.25
 74
     0
 49
-0.125
 74
     0
  0
ENDTAB
  0
TABLE
  2
LAYER
  5
1E
102
{ACAD_XDICTIONARY
360
1F
102
}
330
0
100
AcDbSymbolTable
 70
    27
  0
LAYER
  5
6
102
{ACAD_XDICTIONARY
360
7
102
}
330
1E
100
AcDbSymbolTableRecord
100
AcDbLayerTableRecord
  2
0
 70
     0
 62
     7
  6
Continuous
370
    -3
390
8
347
B
348
0
  0
LAYER
  5
AC
330
1E
100
AcDbSymbolTableRecord
100
AcDbLayerTableRecord
  2
ART_TARAMA
 70
     0
 62
   251
  6
Continuous
370
    -3
390
8
347
B
348
0
1001
AcAecLayerStandard
1000

1000

1001
AcCmTransparency
1071
        0
  0
LAYER
  5
C2
102
{ACAD_XDICTIONARY
360
C3
102
}
330
1E
100
AcDbSymbolTableRecord
100
AcDbLayerTableRecord
  2
ART_VIDA
 70
     0
 62
    65
  6
Continuous
370
    -3
390
8
347
B
348
0
1001
AcAecLayerStandard
1000

1000

  0
LAYER
  5
166
102
{ACAD_XDICTIONARY
360
167
102
}
330
1E
100
AcDbSymbolTableRecord
100
AcDbLayerTableRecord
  2
ART_CAM
 70
     0
 62
   150
  6
Continuous
370
    -3
390
8
347
B
348
0
1001
AcAecLayerStandard
1000

1000

  0
LAYER
  5
14E
102
{ACAD_XDICTIONARY
360
14F
102
}
330
1E
100
AcDbSymbolTableRecord
100
AcDbLayerTableRecord
  2
ART_SILIKON
 70
     0
 62
   252
  6
Continuous
370
    -3
390
8
347
B
348
0
  0
LAYER
  5
13C
102
{ACAD_XDICTIONARY
360
13D
102
}
330
1E
100
AcDbSymbolTableRecord
100
AcDbLayerTableRecord
  2
ART_FITIL
 70
     0
 62
    24
  6
Continuous
370
    -3
390
8
347
B
348
0
1001
AcAecLayerStandard
1000

1000

  0
LAYER
  5
136
102
{ACAD_XDICTIONARY
360
137
102
}
330
1E
100
AcDbSymbolTableRecord
100
AcDbLayerTableRecord
  2
ART_BARIYER
 70
     0
 62
   143
  6
Continuous
370
    -3
390
8
347
B
348
0
1001
AcAecLayerStandard
1000

1000

  0
LAYER
  5
19F
102
{ACAD_XDICTIONARY
360
1A0
102
}
330
1E
100
AcDbSymbolTableRecord
100
AcDbLayerTableRecord
  2
ART_BOND CITASI
 70
     0
 62
    65
  6
Continuous
370
    -3
390
8
347
B
348
0
1001
AcAecLayerStandard
1000

1000

  0
LAYER
  5
59
330
1E
100
AcDbSymbolTableRecord
100
AcDbLayerTableRecord
  2
KOMPOZIT
 70
     0
 62
   117
420
  5667680
  6
Continuous
370
    -3
390
8
347
B
348
0
1001
AcAecLayerStandard
1000

1000

1001
AcCmTransparency
1071
        0
  0
LAYER
  5
17F
330
1E
100
AcDbSymbolTableRecord
100
AcDbLayerTableRecord
  2
Defpoints
 70
     0
 62
     7
  6
Continuous
290
     0
370
    -3
390
8
347
B
348
0
  0
LAYER
  5
8A
102
{ACAD_XDICTIONARY
360
8B
102
}
330
1E
100
AcDbSymbolTableRecord
100
AcDbLayerTableRecord
  2
ART-TASYUNU
 70
     0
 62
    25
  6
Continuous
370
    -3
390
8
347
B
348
0
  0
LAYER
  5
A9
102
{ACAD_XDICTIONARY
360
AA
102
}
330
1E
100
AcDbSymbolTableRecord
100
AcDbLayerTableRecord
  2
ART_KOMPOZIT
 70
     0
 62
     6
  6
Continuous
370
    -3
390
8
347
B
348
0
  0
LAYER
  5
B9
102
{ACAD_XDICTIONARY
360
BA
102
}
330
1E
100
AcDbSymbolTableRecord
100
AcDbLayerTableRecord
  2
ART_YZ
 70
     0
 62
     3
  6
Continuous
370
    -3
390
8
347
B
348
0
1001
AcAecLayerStandard
1000

1000

  0
LAYER
  5
BD
102
{ACAD_XDICTIONARY
360
BE
102
}
330
1E
100
AcDbSymbolTableRecord
100
AcDbLayerTableRecord
  2
ART_KOSEBENT
 70
     0
 62
   144
  6
Continuous
370
    -3
390
8
347
B
348
0
1001
AcAecLayerStandard
1000

1000

  0
LAYER
  5
122
330
1E
100
AcDbSymbolTableRecord
100
AcDbLayerTableRecord
  2
ART_PVC KUTU
 70
     0
 62
   152
  6
Continuous
370
    -3
390
8
347
B
348
0
1001
AcAecLayerStandard
1000

1000

1001
AcCmTransparency
1071
        0
  0
LAYER
  5
F9
330
1E
100
AcDbSymbolTableRecord
100
AcDbLayerTableRecord
  2
ART_ALU KUTU PROFIL
 70
     0
 62
    44
  6
Continuous
370
    -3
390
8
347
B
348
0
1001
AcAecLayerStandard
1000

1000

1001
AcCmTransparency
1071
        0
  0
LAYER
  5
144
102
{ACAD_XDICTIONARY
360
145
102
}
330
1E
100
AcDbSymbolTableRecord
100
AcDbLayerTableRecord
  2
ART_CELIK
 70
     0
 62
    74
  6
Continuous
370
    -3
390
8
347
B
348
0
1001
AcAecLayerStandard
1000

1000

  0
LAYER
  5
163
102
{ACAD_XDICTIONARY
360
164
102
}
330
1E
100
AcDbSymbolTableRecord
100
AcDbLayerTableRecord
  2
ART_V.CAM TARAMA
 70
     0
 62
   140
  6
Continuous
370
    -3
390
8
347
B
348
0
1001
AcAecLayerStandard
1000

1000

  0
LAYER
  5
14B
102
{ACAD_XDICTIONARY
360
14C
102
}
330
1E
100
AcDbSymbolTableRecord
100
AcDbLayerTableRecord
  2
ART_GALVANIZ
 70
     0
 62
    35
  6
Continuous
370
    -3
390
8
347
B
348
0
1001
AcAecLayerStandard
1000

1000

  0
LAYER
  5
159
102
{ACAD_XDICTIONARY
360
15A
102
}
330
1E
100
AcDbSymbolTableRecord
100
AcDbLayerTableRecord
  2
ART_ALU LEVHA
 70
     0
 62
   235
  6
Continuous
370
    -3
390
8
347
B
348
0
1001
AcAecLayerStandard
1000

1000

  0
LAYER
  5
16B
102
{ACAD_XDICTIONARY
360
16C
102
}
330
1E
100
AcDbSymbolTableRecord
100
AcDbLayerTableRecord
  2
ART_BINA
 70
     0
 62
    41
  6
Continuous
370
    -3
390
8
347
B
348
0
1001
AcAecLayerStandard
1000

1000

  0
LAYER
  5
174
102
{ACAD_XDICTIONARY
360
175
102
}
330
1E
100
AcDbSymbolTableRecord
100
AcDbLayerTableRecord
  2
DIM-DTY
 70
     0
 62
   127
  6
Continuous
370
    -3
390
8
347
B
348
0
1001
AcAecLayerStandard
1000

1000

  0
LAYER
  5
15E
102
{ACAD_XDICTIONARY
360
15F
102
}
330
1E
100
AcDbSymbolTableRecord
100
AcDbLayerTableRecord
  2
ART_PVC
 70
     0
 62
   135
  6
Continuous
370
    -3
390
8
347
B
348
0
1001
AcAecLayerStandard
1000

1000

  0
LAYER
  5
185
102
{ACAD_XDICTIONARY
360
186
102
}
330
1E
100
AcDbSymbolTableRecord
100
AcDbLayerTableRecord
  2
ART_P.CAM TARAMA
 70
     0
 62
   154
  6
Continuous
370
    -3
390
8
347
B
348
0
1001
AcAecLayerStandard
1000

1000

  0
LAYER
  5
18D
102
{ACAD_XDICTIONARY
360
18E
102
}
330
1E
100
AcDbSymbolTableRecord
100
AcDbLayerTableRecord
  2
GORUNUS
 70
     0
 62
    31
  6
Continuous
370
    -3
390
8
347
B
348
0
1001
AcAecLayerStandard
1000

1000

  0
LAYER
  5
18A
102
{ACAD_XDICTIONARY
360
18B
102
}
330
1E
100
AcDbSymbolTableRecord
100
AcDbLayerTableRecord
  2
ART_LEVHA TARAMA
 70
     0
 62
   253
  6
Continuous
370
    -3
390
8
347
B
348
0
1001
AcAecLayerStandard
1000

1000

  0
LAYER
  5
192
102
{ACAD_XDICTIONARY
360
193
102
}
330
1E
100
AcDbSymbolTableRecord
100
AcDbLayerTableRecord
  2
ART_MEMBRAN
 70
     0
 62
   111
  6
HIDDEN
370
    -3
390
8
347
B
348
0
1001
AcAecLayerStandard
1000

1000

  0
ENDTAB
  0
TABLE
  2
STYLE
  5
21
330
0
100
AcDbSymbolTable
 70
     4
  0
STYLE
  5
22
330
21
100
AcDbSymbolTableRecord
100
AcDbTextStyleTableRecord
  2
Standard
 70
     0
 40
0.0
 41
1.0
 50
0.0
 71
     0
 42
2.5
  3
arial.ttf
  4

1001
ACAD
1000
Arial
1071
       34
  0
STYLE
  5
3A
330
21
100
AcDbSymbolTableRecord
100
AcDbTextStyleTableRecord
  2
YZ
 70
     0
 40
0.0
 41
0.7
 50
0.0
 71
     0
 42
5.0
  3
archs.shx
  4

  0
STYLE
  5
32
330
21
100
AcDbSymbolTableRecord
100
AcDbTextStyleTableRecord
  2
S5
 70
     0
 40
0.0
 41
0.6
 50
0.0
 71
     0
 42
2.5
  3
romand.shx
  4

  0
STYLE
  5
43
330
21
100
AcDbSymbolTableRecord
100
AcDbTextStyleTableRecord
  2
S2
 70
     0
 40
0.0
 41
0.5
 50
0.0
 71
     0
 42
400.0
  3
romand.shx
  4

  0
ENDTAB
  0
TABLE
  2
VIEW
  5
27
330
0
100
AcDbSymbolTable
 70
     0
  0
ENDTAB
  0
TABLE
  2
UCS
  5
28
330
0
100
AcDbSymbolTable
 70
     0
  0
ENDTAB
  0
TABLE
  2
APPID
  5
2E
330
0
100
AcDbSymbolTable
 70
    14
  0
APPID
  5
13
330
2E
100
AcDbSymbolTableRecord
100
AcDbRegAppTableRecord
  2
ACAD
 70
     0
  0
APPID
  5
19
330
2E
100
AcDbSymbolTableRecord
100
AcDbRegAppTableRecord
  2
ACAD_PSEXT
 70
     0
  0
APPID
  5
8C
330
2E
100
AcDbSymbolTableRecord
100
AcDbRegAppTableRecord
  2
ACDBBLOCKREPETAG
 70
     0
  0
APPID
  5
8F
330
2E
100
AcDbSymbolTableRecord
100
AcDbRegAppTableRecord
  2
AcDbDynamicBlockGUID
 70
     0
  0
APPID
  5
7A
330
2E
100
AcDbSymbolTableRecord
100
AcDbRegAppTableRecord
  2
ACAUTHENVIRON
 70
     0
  0
APPID
  5
8E
330
2E
100
AcDbSymbolTableRecord
100
AcDbRegAppTableRecord
  2
AcDbDynamicBlockTrueName
 70
     0
  0
APPID
  5
A7
330
2E
100
AcDbSymbolTableRecord
100
AcDbRegAppTableRecord
  2
AcDbBlockRepBTag
 70
     0
  0
APPID
  5
9E
330
2E
100
AcDbSymbolTableRecord
100
AcDbRegAppTableRecord
  2
AcDbBlockArrayActionTag
 70
     0
  0
APPID
  5
2D
330
2E
100
AcDbSymbolTableRecord
100
AcDbRegAppTableRecord
  2
ACAD_NAV_VCDISPLAY
 70
     0
  0
APPID
  5
5A
330
2E
100
AcDbSymbolTableRecord
100
AcDbRegAppTableRecord
  2
AcAecLayerStandard
 70
     0
  0
APPID
  5
5B
330
2E
100
AcDbSymbolTableRecord
100
AcDbRegAppTableRecord
  2
AcCmTransparency
 70
     0
  0
APPID
  5
37
330
2E
100
AcDbSymbolTableRecord
100
AcDbRegAppTableRecord
  2
ACAD_DSTYLE_DIMJAG
 70
     0
  0
APPID
  5
38
330
2E
100
AcDbSymbolTableRecord
100
AcDbRegAppTableRecord
  2
ACAD_DSTYLE_DIMTALN
 70
     0
  0
APPID
  5
4A
330
2E
100
AcDbSymbolTableRecord
100
AcDbRegAppTableRecord
  2
ACAD_DSTYLE_DIMBREAK
 70
     0
  0
ENDTAB
  0
TABLE
  2
DIMSTYLE
  5
2F
330
0
100
AcDbSymbolTable
 70
     5
100
AcDbDimStyleTable
 71
     5
340
30
340
31
340
39
340
41
340
42
  0
DIMSTYLE
105
30
330
2F
100
AcDbSymbolTableRecord
100
AcDbDimStyleTableRecord
  2
ISO-25
 70
     0
 41
2.5
 42
0.625
 43
3.75
 44
1.25
 73
     0
 74
     0
 77
     1
 78
     8
140
2.5
141
2.5
143
0.03937007874016
147
0.625
171
     3
172
     1
271
     2
272
     2
274
     3
278
    44
283
     0
284
     8
340
22
  0
DIMSTYLE
105
39
102
{ACAD_REACTORS
330
217
330
226
330
235
330
248
330
171
330
1CF
330
1DE
330
1ED
330
208
102
}
330
2F
100
AcDbSymbolTableRecord
100
AcDbDimStyleTableRecord
  2
1-1
 70
     0
 40
0.75
 41
2.0
 42
2.0
 43
2.0
 44
2.0
 46
2.0
 73
     0
 74
     0
 77
     1
140
3.0
141
1.0
144
-1.0
147
1.0
178
   256
271
     0
272
     0
279
     1
340
3A
342
3B
371
     5
372
     5
1001
ACAD_DSTYLE_DIMJAG
1070
   388
1040
1.5
1001
ACAD_DSTYLE_DIMTALN
1070
   392
1070
     0
  0
DIMSTYLE
105
41
330
2F
100
AcDbSymbolTableRecord
100
AcDbDimStyleTableRecord
  2
1-10
 70
     0
 40
5.0
 41
2.0
 42
2.0
 43
5.0
 44
2.0
 46
2.0
 73
     0
 74
     0
 77
     1
140
3.0
141
1.0
144
-1.0
147
1.0
271
     0
272
     0
279
     1
340
3A
342
3B
371
     5
372
     5
  0
DIMSTYLE
105
31
330
2F
100
AcDbSymbolTableRecord
100
AcDbDimStyleTableRecord
  2
SAR_1-2
 70
     0
 40
1.5
 41
2.0
 42
2.0
 43
2.0
 44
2.0
 73
     0
 74
     0
140
5.0
141
1.0
147
1.0
172
     1
176
     5
177
     5
178
     7
271
     0
272
     0
284
     8
285
     8
286
     8
289
     1
340
32
342
33
1001
ACAD_DSTYLE_DIMJAG
1070
   388
1040
1.5
1001
ACAD_DSTYLE_DIMTALN
1070
   392
1070
     0
  0
DIMSTYLE
105
42
330
2F
100
AcDbSymbolTableRecord
100
AcDbDimStyleTableRecord
  2
SAR_1-250
 70
     0
 40
250.0
 41
0.75
 42
1.0
 43
10.0
 44
1.0
 46
1.0
 73
     0
 74
     0
 78
     8
140
3.0
141
1.0
143
0.03937007874016
147
0.1
171
     3
172
     1
176
     5
177
     5
178
     7
271
     0
272
     0
274
     3
278
    44
283
     0
284
     8
340
43
342
44
371
    -1
372
    -1
1001
ACAD_DSTYLE_DIMBREAK
1070
   391
1040
3.75
1001
ACAD_DSTYLE_DIMJAG
1070
   388
1040
1.5
1001
ACAD_DSTYLE_DIMTALN
1070
   392
1070
     0
  0
ENDTAB
  0
TABLE
  2
BLOCK_RECORD
  5
1
330
0
100
AcDbSymbolTable
 70
    20
  0
BLOCK_RECORD
  5
2
102
{ACAD_XDICTIONARY
360
3
102
}
330
1
100
AcDbSymbolTableRecord
100
AcDbBlockTableRecord
  2
*Model_Space
340
16
 70
     0
280
     1
281
     0
  0
BLOCK_RECORD
  5
1A
330
1
100
AcDbSymbolTableRecord
100
AcDbBlockTableRecord
  2
*Paper_Space
340
1D
 70
     0
280
     1
281
     0
  0
BLOCK_RECORD
  5
3B
102
{ACAD_XDICTIONARY
360
3C
102
}
330
1
100
AcDbSymbolTableRecord
100
AcDbBlockTableRecord
  2
_OBLIQUE
340
0
102
{BLKREFS
331
17B
331
17C
331
1D7
331
1D8
331
1E6
331
1E7
331
1F5
331
1F6
331
210
331
211
331
21F
331
220
331
22E
331
22F
331
242
331
243
331
250
331
251
102
}
 70
     0
280
     1
281
     0
  0
BLOCK_RECORD
  5
44
102
{ACAD_XDICTIONARY
360
45
102
}
330
1
100
AcDbSymbolTableRecord
100
AcDbBlockTableRecord
  2
_ArchTick
340
0
310
2800000020000000200000000100200000000000001000000100000001000000000000000000000000000000000000FF000000FF000000FFFFFFFFFF000000FF000000FF000000FF000000FF000000FF000000FF000000FF000000FF000000FF000000FF000000FF000000FF000000FF000000FF000000FF000000FF000000
310
FF000000FF000000FF000000FF000000FF000000FF000000FF000000FF000000FF000000FF000000FF000000FF000000FF000000FFFFFFFFFF000000FFFFFFFFFF000000FF000000FF000000FF000000FF000000FF000000FF000000FF000000FF000000FF000000FF000000FF000000FF000000FF000000FF000000FF0000
310
00FF000000FF000000FF000000FF000000FF000000FF000000FF000000FF000000FF000000FF000000FF000000FF000000FFFFFFFFFF000000FF000000FF000000FFFFFFFFFF000000FF000000FF000000FF000000FF000000FF000000FF000000FF000000FF000000FF000000FF000000FF000000FF000000FF000000FF00
310
0000FF000000FF000000FF000000FF000000FF000000FF000000FF000000FF000000FF000000FF000000FF000000FFFFFFFFFF000000FF000000FF000000FF000000FF000000FFFFFFFFFF000000FF000000FF000000FF000000FF000000FF000000FF000000FF000000FF000000FF000000FF000000FF000000FF000000FF
310
000000FF000000FF000000FF000000FF000000FF000000FF000000FF000000FF000000FF000000FF000000FF000000FF000000FFFFFFFFFF000000FF000000FF000000FF000000FF000000FFFFFFFFFF000000FF000000FF000000FF000000FF000000FF000000FF000000FF000000FF000000FF000000FF000000FF000000
310
FF000000FF000000FF000000FF000000FF000000FF000000FF000000FF000000FF000000FF000000FF000000FF000000FF000000FF000000FFFFFFFFFF000000FF000000FF000000FF000000FF000000FFFFFFFFFF000000FF000000FF000000FF000000FF000000FF000000FF000000FF000000FF000000FF000000FF0000
310
00FF000000FF000000FF000000FF000000FF000000FF000000FF000000FF000000FF000000FF000000FF000000FF000000FF000000FF000000FF000000FFFFFFFFFF000000FF000000FF000000FF000000FF000000FFFFFFFFFF000000FF000000FF000000FF000000FF000000FF000000FF000000FF000000FF000000FF00
310
0000FF000000FF000000FF000000FF000000FF000000FF000000FF000000FF000000FF000000FF000000FF000000FF000000FF000000FF000000FF000000FF000000FFFFFFFFFF000000FF000000FF000000FF000000FF000000FFFFFFFFFF000000FF000000FF000000FF000000FF000000FF000000FF000000FF000000FF
310
000000FF000000FF000000FF000000FF000000FF000000FF000000FF000000FF000000FF000000FF000000FF000000FF000000FF000000FF000000FF000000FF000000FF000000FFFFFFFFFF000000FF000000FF000000FF000000FF000000FFFFFFFFFF000000FF000000FF000000FF000000FF000000FF000000FF000000
310
FF000000FF000000FF000000FF000000FF000000FF000000FF000000FF000000FF000000FF000000FF000000FF000000FF000000FF000000FF000000FF000000FF000000FF000000FF000000FFFFFFFFFF000000FF000000FF000000FF000000FF000000FFFFFFFFFF000000FF000000FF000000FF000000FF000000FF0000
310
00FF000000FF000000FF000000FF000000FF000000FF000000FF000000FF000000FF000000FF000000FF000000FF000000FF000000FF000000FF000000FF000000FF000000FF000000FF000000FF000000FFFFFFFFFF000000FF000000FF000000FF000000FF000000FFFFFFFFFF000000FF000000FF000000FF000000FF00
310
0000FF000000FF000000FF000000FF000000FF000000FF000000FF000000FF000000FF000000FF000000FF000000FF000000FF000000FF000000FF000000FF000000FF000000FF000000FF000000FF000000FF000000FFFFFFFFFF000000FF000000FF000000FF000000FF000000FFFFFFFFFF000000FF000000FF000000FF
310
000000FF000000FF000000FF000000FF000000FF000000FF000000FF000000FF000000FF000000FF000000FF000000FF000000FF000000FF000000FF000000FF000000FF000000FF000000FF000000FF000000FF000000FF000000FFFFFFFFFF000000FF000000FF000000FF000000FF000000FFFFFFFFFF000000FF000000
310
FF000000FF000000FF000000FF000000FF000000FF000000FF000000FF000000FF000000FF000000FF000000FF000000FF000000FF000000FF000000FF000000FF000000FF000000FF000000FF000000FF000000FF000000FF000000FF000000FFFFFFFFFF000000FF000000FF000000FF000000FF000000FFFFFFFFFF0000
310
00FF000000FF000000FF000000FF000000FF000000FF000000FF000000FF000000FF000000FF000000FF000000FF000000FF000000FF000000FF000000FF000000FF000000FF000000FF000000FF000000FF000000FF000000FF000000FF000000FF000000FFFFFFFFFF000000FF000000FF000000FF000000FF000000FFFF
310
FFFFFF000000FF000000FF000000FF000000FF000000FF000000FF000000FF000000FF000000FF000000FF000000FF000000FF000000FF000000FF000000FF000000FF000000FF000000FF000000FF000000FF000000FF000000FF000000FF000000FF000000FF000000FFFFFFFFFF000000FF000000FF000000FF000000FF
310
000000FFFFFFFFFF000000FF000000FF000000FF000000FF000000FF000000FF000000FF000000FF000000FF000000FF000000FF000000FF000000FF000000FF000000FF000000FF000000FF000000FF000000FF000000FF000000FF000000FF000000FF000000FF000000FF000000FFFFFFFFFF000000FF000000FF000000
310
FF000000FF000000FFFFFFFFFF000000FF000000FF000000FF000000FF000000FF000000FF000000FF000000FF000000FF000000FF000000FF000000FF000000FF000000FF000000FF000000FF000000FF000000FF000000FF000000FF000000FF000000FF000000FF000000FF000000FF000000FFFFFFFFFF000000FF0000
310
00FF000000FF000000FF000000FFFFFFFFFF000000FF000000FF000000FF000000FF000000FF000000FF000000FF000000FF000000FF000000FF000000FF000000FF000000FF000000FF000000FF000000FF000000FF000000FF000000FF000000FF000000FF000000FF000000FF000000FF000000FF000000FFFFFFFFFF00
310
0000FF000000FF000000FF000000FF000000FFFFFFFFFF000000FF000000FF000000FF000000FF000000FF000000FF000000FF000000FF000000FF000000FF000000FF000000FF000000FF000000FF000000FF000000FF000000FF000000FF000000FF000000FF000000FF000000FF000000FF000000FF000000FF000000FF
310
FFFFFFFF000000FF000000FF000000FF000000FF000000FFFFFFFFFF000000FF000000FF000000FF000000FF000000FF000000FF000000FF000000FF000000FF000000FF000000FF000000FF000000FF000000FF000000FF000000FF000000FF000000FF000000FF000000FF000000FF000000FF000000FF000000FF000000
310
FF000000FFFFFFFFFF000000FF000000FF000000FF000000FF000000FFFFFFFFFF000000FF000000FF000000FF000000FF000000FF000000FF000000FF000000FF000000FF000000FF000000FF000000FF000000FF000000FF000000FF000000FF000000FF000000FF000000FF000000FF000000FF000000FF000000FF0000
310
00FF000000FF000000FFFFFFFFFF000000FF000000FF000000FF000000FF000000FFFFFFFFFF000000FF000000FF000000FF000000FF000000FF000000FF000000FF000000FF000000FF000000FF000000FF000000FF000000FF000000FF000000FF000000FF000000FF000000FF000000FF000000FF000000FF000000FF00
310
0000FF000000FF000000FF000000FFFFFFFFFF000000FF000000FF000000FF000000FF000000FFFFFFFFFF000000FF000000FF000000FF000000FF000000FF000000FF000000FF000000FF000000FF000000FF000000FF000000FF000000FF000000FF000000FF000000FF000000FF000000FF000000FF000000FF000000FF
310
000000FF000000FF000000FF000000FF000000FFFFFFFFFF000000FF000000FF000000FF000000FF000000FFFFFFFFFF000000FF000000FF000000FF000000FF000000FF000000FF000000FF000000FF000000FF000000FF000000FF000000FF000000FF000000FF000000FF000000FF000000FF000000FF000000FF000000
310
FF000000FF000000FF000000FF000000FF000000FF000000FFFFFFFFFF000000FF000000FF000000FF000000FF000000FFFFFFFFFF000000FF000000FF000000FF000000FF000000FF000000FF000000FF000000FF000000FF000000FF000000FF000000FF000000FF000000FF000000FF000000FF000000FF000000FF0000
310
00FF000000FF000000FF000000FF000000FF000000FF000000FF000000FFFFFFFFFF000000FF000000FF000000FF000000FF000000FFFFFFFFFF000000FF000000FF000000FF000000FF000000FF000000FF000000FF000000FF000000FF000000FF000000FF000000FF000000FF000000FF000000FF000000FF000000FF00
310
0000FF000000FF000000FF000000FF000000FF000000FF000000FF000000FF000000FFFFFFFFFF000000FF000000FF000000FF000000FF000000FFFFFFFFFF000000FF000000FF000000FF000000FF000000FF000000FF000000FF000000FF000000FF000000FF000000FF000000FF000000FF000000FF000000FF000000FF
310
000000FF000000FF000000FF000000FF000000FF000000FF000000FF000000FF000000FF000000FFFFFFFFFF000000FF000000FF000000FF000000FF000000FFFFFFFFFF000000FF000000FF000000FF000000FF000000FF000000FF000000FF000000FF000000FF000000FF000000FF000000FF000000FF000000FF000000
310
FF000000FF000000FF000000FF000000FF000000FF000000FF000000FF000000FF000000FF000000FF000000FFFFFFFFFF000000FF000000FF000000FF000000FF000000FFFFFFFFFF000000FF000000FF000000FF000000FF000000FF000000FF000000FF000000FF000000FF000000FF000000FF000000FF000000FF0000
310
00FF000000FF000000FF000000FF000000FF000000FF000000FF000000FF000000FF000000FF000000FF000000FF000000FFFFFFFFFF000000FF000000FF000000FFFFFFFFFF000000FF000000FF000000FF000000FF000000FF000000FF000000FF000000FF000000FF000000FF000000FF000000FF000000FF000000FF00
310
0000FF000000FF000000FF000000FF000000FF000000FF000000FF000000FF000000FF000000FF000000FF000000FF000000FF000000FFFFFFFFFF000000FFFFFFFFFF000000FF000000FF000000FF000000FF000000FF000000FF000000FF000000FF000000FF000000FF000000FF000000FF000000FF000000FF000000FF
310
000000FF000000FF000000FF000000FF000000FF000000FF000000FF000000FF000000FF000000FF000000FF000000FF000000FF000000FF000000FFFFFFFFFF000000FF000000FF
 70
     0
280
     1
281
     0
  0
BLOCK_RECORD
  5
33
330
1
100
AcDbSymbolTableRecord
100
AcDbBlockTableRecord
  2
huseyin1_ArchTick
340
0
310
2800000020000000200000000100080000000000000400000000000000000000000000000000000000000000000080000080000000808000800000008000800080800000C0C0C000C0DCC000F0CAA6000020400000206000002080000020A0000020C0000020E00000400000004020000040400000406000004080000040A0
310
000040C0000040E00000600000006020000060400000606000006080000060A0000060C0000060E00000800000008020000080400000806000008080000080A0000080C0000080E00000A0000000A0200000A0400000A0600000A0800000A0A00000A0C00000A0E00000C0000000C0200000C0400000C0600000C0800000C0
310
A00000C0C00000C0E00000E0000000E0200000E0400000E0600000E0800000E0A00000E0C00000E0E00040000000400020004000400040006000400080004000A0004000C0004000E00040200000402020004020400040206000402080004020A0004020C0004020E000404000004040200040404000404060004040800040
310
40A0004040C0004040E00040600000406020004060400040606000406080004060A0004060C0004060E00040800000408020004080400040806000408080004080A0004080C0004080E00040A0000040A0200040A0400040A0600040A0800040A0A00040A0C00040A0E00040C0000040C0200040C0400040C0600040C08000
310
40C0A00040C0C00040C0E00040E0000040E0200040E0400040E0600040E0800040E0A00040E0C00040E0E00080000000800020008000400080006000800080008000A0008000C0008000E00080200000802020008020400080206000802080008020A0008020C0008020E00080400000804020008040400080406000804080
310
008040A0008040C0008040E00080600000806020008060400080606000806080008060A0008060C0008060E00080800000808020008080400080806000808080008080A0008080C0008080E00080A0000080A0200080A0400080A0600080A0800080A0A00080A0C00080A0E00080C0000080C0200080C0400080C0600080C0
310
800080C0A00080C0C00080C0E00080E0000080E0200080E0400080E0600080E0800080E0A00080E0C00080E0E000C0000000C0002000C0004000C0006000C0008000C000A000C000C000C000E000C0200000C0202000C0204000C0206000C0208000C020A000C020C000C020E000C0400000C0402000C0404000C0406000C0
310
408000C040A000C040C000C040E000C0600000C0602000C0604000C0606000C0608000C060A000C060C000C060E000C0800000C0802000C0804000C0806000C0808000C080A000C080C000C080E000C0A00000C0A02000C0A04000C0A06000C0A08000C0A0A000C0A0C000C0A0E000C0C00000C0C02000C0C04000C0C06000
310
C0C08000C0C0A000F0FBFF00A4A0A000808080000000FF0000FF000000FFFF00FF000000FF00FF00FFFF0000FFFFFF00000000FF000000000000000000000000000000000000000000000000000000000000FF00FF00000000000000000000000000000000000000000000000000000000FF000000FF000000000000000000
310
0000000000000000000000000000000000FF0000000000FF0000000000000000000000000000000000000000000000000000FF0000000000FF0000000000000000000000000000000000000000000000000000FF0000000000FF0000000000000000000000000000000000000000000000000000FF0000000000FF00000000
310
00000000000000000000000000000000000000000000FF0000000000FF0000000000000000000000000000000000000000000000000000FF0000000000FF0000000000000000000000000000000000000000000000000000FF0000000000FF0000000000000000000000000000000000000000000000000000FF0000000000
310
FF0000000000000000000000000000000000000000000000000000FF0000000000FF0000000000000000000000000000000000000000000000000000FF0000000000FF0000000000000000000000000000000000000000000000000000FF0000000000FF0000000000000000000000000000000000000000000000000000FF
310
0000000000FF0000000000000000000000000000000000000000000000000000FF0000000000FF0000000000000000000000000000000000000000000000000000FF0000000000FF0000000000000000000000000000000000000000000000000000FF0000000000FF00000000000000000000000000000000000000000000
310
00000000FF0000000000FF0000000000000000000000000000000000000000000000000000FF0000000000FF0000000000000000000000000000000000000000000000000000FF0000000000FF0000000000000000000000000000000000000000000000000000FF0000000000FF0000000000000000000000000000000000
310
000000000000000000FF0000000000FF0000000000000000000000000000000000000000000000000000FF0000000000FF0000000000000000000000000000000000000000000000000000FF0000000000FF0000000000000000000000000000000000000000000000000000FF0000000000FF000000000000000000000000
310
0000000000000000000000000000FF0000000000FF0000000000000000000000000000000000000000000000000000FF0000000000FF0000000000000000000000000000000000000000000000000000FF0000000000FF0000000000000000000000000000000000000000000000000000FF000000FF000000000000000000
310
00000000000000000000000000000000000000FF00FF000000000000000000000000000000000000000000000000000000000000FF000000
 70
     0
280
     1
281
     0
  0
BLOCK_RECORD
  5
76
102
{ACAD_XDICTIONARY
360
77
102
}
330
1
100
AcDbSymbolTableRecord
100
AcDbBlockTableRecord
  2
Tas_yunu_50
340
0
310
2800000020000000200000000100080000000000000400000000000000000000000000000000000000000000000080000080000000808000800000008000800080800000C0C0C000C0DCC000F0CAA6000020400000206000002080000020A0000020C0000020E00000400000004020000040400000406000004080000040A0
310
000040C0000040E00000600000006020000060400000606000006080000060A0000060C0000060E00000800000008020000080400000806000008080000080A0000080C0000080E00000A0000000A0200000A0400000A0600000A0800000A0A00000A0C00000A0E00000C0000000C0200000C0400000C0600000C0800000C0
310
A00000C0C00000C0E00000E0000000E0200000E0400000E0600000E0800000E0A00000E0C00000E0E00040000000400020004000400040006000400080004000A0004000C0004000E00040200000402020004020400040206000402080004020A0004020C0004020E000404000004040200040404000404060004040800040
310
40A0004040C0004040E00040600000406020004060400040606000406080004060A0004060C0004060E00040800000408020004080400040806000408080004080A0004080C0004080E00040A0000040A0200040A0400040A0600040A0800040A0A00040A0C00040A0E00040C0000040C0200040C0400040C0600040C08000
310
40C0A00040C0C00040C0E00040E0000040E0200040E0400040E0600040E0800040E0A00040E0C00040E0E00080000000800020008000400080006000800080008000A0008000C0008000E00080200000802020008020400080206000802080008020A0008020C0008020E00080400000804020008040400080406000804080
310
008040A0008040C0008040E00080600000806020008060400080606000806080008060A0008060C0008060E00080800000808020008080400080806000808080008080A0008080C0008080E00080A0000080A0200080A0400080A0600080A0800080A0A00080A0C00080A0E00080C0000080C0200080C0400080C0600080C0
310
800080C0A00080C0C00080C0E00080E0000080E0200080E0400080E0600080E0800080E0A00080E0C00080E0E000C0000000C0002000C0004000C0006000C0008000C000A000C000C000C000E000C0200000C0202000C0204000C0206000C0208000C020A000C020C000C020E000C0400000C0402000C0404000C0406000C0
310
408000C040A000C040C000C040E000C0600000C0602000C0604000C0606000C0608000C060A000C060C000C060E000C0800000C0802000C0804000C0806000C0808000C080A000C080C000C080E000C0A00000C0A02000C0A04000C0A06000C0A08000C0A0A000C0A0C000C0A0E000C0C00000C0C02000C0C04000C0C06000
310
C0C08000C0C0A000F0FBFF00A4A0A000808080000000FF0000FF000000FFFF00FF000000FF00FF00FFFF0000FFFFFF0000000000000000000000000000000000000000000000000000000000000000000000000000000000000000C0C0000000000000C0C0000000000000000000000000000000000000000000000000C0C0
310
0000C0C0000000000000000000000000000000000000000000000000000000C00000C00000000000000000000000000000000000000000000000000000000000C0C0000000000000000000000000000000000000000000000000000000000000C0C00000000000000000000000000000000000000000000000000000000000
310
00C000000000000000000000000000000000000000000000000000000000000000C000000000000000000000000000000000000000000000000000000000000000C0C00000000000000000000000000000000000000000000000000000000000C000C000000000000000000000000000000000000000000000000000000000
310
00C000C00000000000000000000000000000000000000000000000000000000000C000C00000000000000000000000000000000000000000000000000000000000C00000C0000000000000000000000000000000000000000000000000000000C0000000C00000000000000000000000000000000000000000000000000000
310
00C0000000C0000000000000000000000000000000000000000000000000000000C0000000C0000000000000000000000000000000000000000000000000000000C000000000C00000000000000000000000000000000000000000000000000000C000000000C0000000000000000000000000000000000000000000000000
310
00C00000000000C000000000000000000000000000000000000000000000000000C0000000000000C0000000000000000000000000000000000000000000000000C0000000000000C0000000000000000000000000000000000000000000000000C0000000000000C000000000000000000000000000000000000000000000
310
00C000000000000000C00000000000000000000000000000000000000000000000C00000000000000000C000000000000000000000000000000000000000000000C00000000000000000C000000000000000000000000000000000000000000000C00000000000000000C00000000000000000000000000000000000000000
310
0000C00000000000000000C000000000000000000000000000000000000000000000C00000000000000000C00000000000000000000000000000000000000000000000C0000000000000C000000000000000000000000000000000000000000000000000C0C00000C0C0000000000000000000000000000000000000000000
310
00000000000000C0C00000000000000000000000000000000000000000000000000000000000000000000000000000000000000000000000
 70
     4
280
     1
281
     0
1001
ACDBBLOCKREPETAG
1070
     1
1071
        1
1001
AcDbDynamicBlockTrueName
1000
Tas_yunu_50
1001
AcDbDynamicBlockGUID
1000
{BBB7D377-6665-41FE-A034-1F6AFF16935F}
  0
BLOCK_RECORD
  5
98
102
{ACAD_XDICTIONARY
360
99
102
}
330
1
100
AcDbSymbolTableRecord
100
AcDbBlockTableRecord
  2
*U4
340
0
102
{BLKREFS
331
72
102
}
 70
     0
280
     1
281
     0
1001
AcDbBlockRepBTag
1070
     1
1005
76
  0
BLOCK_RECORD
  5
C4
330
1
100
AcDbSymbolTableRecord
100
AcDbBlockTableRecord
  2
vida-p1
340
0
310
28000000200000002000000001000800000000000004000000000000000000000000000000000000000000004000000080000000FF000000002000004020000080200000FF200000004000004040000080400000FF400000006000004060000080600000FF600000008000004080000080800000FF80000000A0000040A000
310
0080A00000FFA0000000C0000040C0000080C00000FFC0000000FF000040FF000080FF0000FFFF0000000020004000200080002000FF002000002020004020200080202000FF202000004020004040200080402000FF402000006020004060200080602000FF602000008020004080200080802000FF80200000A0200040A0
310
200080A02000FFA0200000C0200040C0200080C02000FFC0200000FF200040FF200080FF2000FFFF2000000040004000400080004000FF004000002040004020400080204000FF204000004040004040400080404000FF404000006040004060400080604000FF604000008040004080400080804000FF80400000A0400040
310
A0400080A04000FFA0400000C0400040C0400080C04000FFC0400000FF400040FF400080FF4000FFFF4000000060004000600080006000FF006000002060004020600080206000FF206000004060004040600080406000FF406000006060004060600080606000FF606000008060004080600080806000FF80600000A06000
310
40A0600080A06000FFA0600000C0600040C0600080C06000FFC0600000FF600040FF600080FF6000FFFF6000000080004000800080008000FF008000002080004020800080208000FF208000004080004040800080408000FF408000006080004060800080608000FF608000008080004080800080808000FF80800000A080
310
0040A0800080A08000FFA0800000C0800040C0800080C08000FFC0800000FF800040FF800080FF8000FFFF80000000A0004000A0008000A000FF00A0000020A0004020A0008020A000FF20A0000040A0004040A0008040A000FF40A0000060A0004060A0008060A000FF60A0000080A0004080A0008080A000FF80A00000A0
310
A00040A0A00080A0A000FFA0A00000C0A00040C0A00080C0A000FFC0A00000FFA00040FFA00080FFA000FFFFA0000000C0004000C0008000C000FF00C0000020C0004020C0008020C000FF20C0000040C0004040C0008040C000FF40C0000060C0004060C0008060C000FF60C0000080C0004080C0008080C000FF80C00000
310
A0C00040A0C00080A0C000FFA0C00000C0C00040C0C00080C0C000FFC0C00000FFC00040FFC00080FFC000FFFFC0000000FF004000FF008000FF00FF00FF000020FF004020FF008020FF00FF20FF000040FF004040FF008040FF00FF40FF000060FF004060FF008060FF00FF60FF000080FF004080FF008080FF00FF80FF00
310
00A0FF0040A0FF0080A0FF00FFA0FF0000C0FF0040C0FF0080C0FF00FFC0FF0000FFFF0040FFFF0080FFFF00FFFFFF000000000000000000000000000000000000000000000000000000000000000000000000000000000000000000000000FFFFFF000000000000000000000000000000000000000000000000FFFFFFFFFF
310
000000FFFF0000000000000000000000000000000000000000FFFF00000000000000000000FFFFFF00000000000000000000000000000000FF000000000000000000000000000000FFFF00000000000000000000000000FF000000000000000000000000000000000000FF0000000000000000000000FF0000000000000000
310
000000000000000000000000FF000000000000000000FF00000000000000000000FFFF00000000000000000000FF0000000000000000FF000000000000000000FF0000FF000000000000000000FF00000000000000FF00000000000000000000FF0000FF00000000000000000000FF000000000000FF000000000000000000
310
00FF0000FF0000000000000000000000FF00000000FF0000000000000000000000FF0000FF0000000000000000000000FF00000000FF0000000000000000000000FF0000FF0000000000000000000000FF00000000FF0000000000000000000000FF0000FF0000000000000000000000FF000000FF000000000000FFFFFFFF
310
FFFFFF0000FFFFFFFFFFFFFF0000000000FF000000FF0000000000FF00000000000000000000000000000000FF0000000000FF0000FF0000000000FF00000000000000000000000000000000FF0000000000FF0000FF000000000000FFFFFFFFFFFFFF0000FFFFFFFFFFFFFF000000000000FF000000FF0000000000000000
310
000000FF0000FF0000000000000000000000FF00000000FF0000000000000000000000FF0000FF0000000000000000000000FF00000000FF0000000000000000000000FF0000FF0000000000000000000000FF0000000000FF00000000000000000000FF0000FF0000000000000000000000FF0000000000FF000000000000
310
00000000FF0000FF00000000000000000000FF00000000000000FF000000000000000000FF0000FF000000000000000000FF0000000000000000FF00000000000000000000FFFF00000000000000000000FF000000000000000000FF0000000000000000000000000000000000000000FF0000000000000000000000FF0000
310
00000000000000000000000000000000FF00000000000000000000000000FF000000000000000000000000000000FFFF000000000000000000000000000000FFFF0000000000000000000000FFFF00000000000000000000000000000000000000FFFFFFFFFF000000FFFFFF00000000000000000000000000000000000000
310
00000000000000FFFFFF00000000000000000000000000000000000000000000000000000000000000000000000000000000000000000000
102
{BLKREFS
331
C1
331
C9
102
}
 70
     4
280
     1
281
     0
  0
BLOCK_RECORD
  5
CD
102
{ACAD_XDICTIONARY
360
CE
102
}
330
1
100
AcDbSymbolTableRecord
100
AcDbBlockTableRecord
  2
63SB-22
340
0
102
{BLKREFS
331
CC
331
E1
102
}
 70
     0
280
     1
281
     0
1001
AcDbDynamicBlockGUID
1000
{C6386B14-CF00-4F02-A66D-70F0000C0E6A}
1001
ACDBBLOCKREPETAG
1070
     1
1071
       16
  0
BLOCK_RECORD
  5
E7
102
{ACAD_XDICTIONARY
360
E8
102
}
330
1
100
AcDbSymbolTableRecord
100
AcDbBlockTableRecord
  2
kutu profil
340
0
310
2800000020000000200000000100080000000000000400000000000000000000000000000000000000000000000080000080000000808000800000008000800080800000C0C0C000C0DCC000F0CAA6000020400000206000002080000020A0000020C0000020E00000400000004020000040400000406000004080000040A0
310
000040C0000040E00000600000006020000060400000606000006080000060A0000060C0000060E00000800000008020000080400000806000008080000080A0000080C0000080E00000A0000000A0200000A0400000A0600000A0800000A0A00000A0C00000A0E00000C0000000C0200000C0400000C0600000C0800000C0
310
A00000C0C00000C0E00000E0000000E0200000E0400000E0600000E0800000E0A00000E0C00000E0E00040000000400020004000400040006000400080004000A0004000C0004000E00040200000402020004020400040206000402080004020A0004020C0004020E000404000004040200040404000404060004040800040
310
40A0004040C0004040E00040600000406020004060400040606000406080004060A0004060C0004060E00040800000408020004080400040806000408080004080A0004080C0004080E00040A0000040A0200040A0400040A0600040A0800040A0A00040A0C00040A0E00040C0000040C0200040C0400040C0600040C08000
310
40C0A00040C0C00040C0E00040E0000040E0200040E0400040E0600040E0800040E0A00040E0C00040E0E00080000000800020008000400080006000800080008000A0008000C0008000E00080200000802020008020400080206000802080008020A0008020C0008020E00080400000804020008040400080406000804080
310
008040A0008040C0008040E00080600000806020008060400080606000806080008060A0008060C0008060E00080800000808020008080400080806000808080008080A0008080C0008080E00080A0000080A0200080A0400080A0600080A0800080A0A00080A0C00080A0E00080C0000080C0200080C0400080C0600080C0
310
800080C0A00080C0C00080C0E00080E0000080E0200080E0400080E0600080E0800080E0A00080E0C00080E0E000C0000000C0002000C0004000C0006000C0008000C000A000C000C000C000E000C0200000C0202000C0204000C0206000C0208000C020A000C020C000C020E000C0400000C0402000C0404000C0406000C0
310
408000C040A000C040C000C040E000C0600000C0602000C0604000C0606000C0608000C060A000C060C000C060E000C0800000C0802000C0804000C0806000C0808000C080A000C080C000C080E000C0A00000C0A02000C0A04000C0A06000C0A08000C0A0A000C0A0C000C0A0E000C0C00000C0C02000C0C04000C0C06000
310
C0C08000C0C0A000F0FBFF00A4A0A000808080000000FF0000FF000000FFFF00FF000000FF00FF00FFFF0000FFFFFF00000000000000000000000000000000000000000000000000000000000000000000C7C7C7C7C7C7C7C7C7C7C7C7C7C7C7C7C7C7C7C7C7C7C7C7C7C7C7C7C7C70000C700000000000000000000000000
310
000000000000000000000000000000C70000C700C7C7C7C7C7C7C7C7C7C7C7C7C7C7C7C7C7C7C7C7C7C7C7C7C7C700C70000C700C7000000000000000000000000000000000000000000000000C700C70000C700C7000000000000000000000000000000000000000000000000C700C70000C700C700000000000000000000
310
0000000000000000000000000000C700C70000C700C7000000000000000000000000000000000000000000000000C700C70000C700C7000000000000000000000000000000000000000000000000C700C70000C700C7000000000000000000000000000000000000000000000000C700C70000C700C7000000000000000000
310
000000000000000000000000000000C700C70000C700C7000000000000000000000000000000000000000000000000C700C70000C700C7000000000000000000000000000000000000000000000000C700C70000C700C7000000000000000000000000000000000000000000000000C700C70000C700C70000000000000000
310
00000000000000000000000000000000C700C70000C700C7000000000000000000000000000000000000000000000000C700C70000C700C7000000000000000000000000000000000000000000000000C700C70000C700C7000000000000000000000000000000000000000000000000C700C70000C700C700000000000000
310
0000000000000000000000000000000000C700C70000C700C7000000000000000000000000000000000000000000000000C700C70000C700C7000000000000000000000000000000000000000000000000C700C70000C700C7000000000000000000000000000000000000000000000000C700C70000C700C7000000000000
310
000000000000000000000000000000000000C700C70000C700C7000000000000000000000000000000000000000000000000C700C70000C700C7000000000000000000000000000000000000000000000000C700C70000C700C7000000000000000000000000000000000000000000000000C700C70000C700C70000000000
310
00000000000000000000000000000000000000C700C70000C700C7000000000000000000000000000000000000000000000000C700C70000C700C7C7C7C7C7C7C7C7C7C7C7C7C7C7C7C7C7C7C7C7C7C7C7C7C7C700C70000C700000000000000000000000000000000000000000000000000000000C70000C7C7C7C7C7C7C7
310
C7C7C7C7C7C7C7C7C7C7C7C7C7C7C7C7C7C7C7C7C7C7C7000000000000000000000000000000000000000000000000000000000000000000
 70
     4
280
     1
281
     0
1001
ACDBBLOCKREPETAG
1070
     1
1071
        2
1001
AcDbDynamicBlockTrueName
1000
kutu profil
1001
AcDbDynamicBlockGUID
1000
{9ACA09D4-3097-4965-9B6F-7B43EAB9EDC3}
  0
BLOCK_RECORD
  5
10E
102
{ACAD_XDICTIONARY
360
10F
102
}
330
1
100
AcDbSymbolTableRecord
100
AcDbBlockTableRecord
  2
PVC KUTU
340
0
310
2800000020000000200000000100080000000000000400000000000000000000000000000000000000000000000080000080000000808000800000008000800080800000C0C0C000C0DCC000F0CAA6000020400000206000002080000020A0000020C0000020E00000400000004020000040400000406000004080000040A0
310
000040C0000040E00000600000006020000060400000606000006080000060A0000060C0000060E00000800000008020000080400000806000008080000080A0000080C0000080E00000A0000000A0200000A0400000A0600000A0800000A0A00000A0C00000A0E00000C0000000C0200000C0400000C0600000C0800000C0
310
A00000C0C00000C0E00000E0000000E0200000E0400000E0600000E0800000E0A00000E0C00000E0E00040000000400020004000400040006000400080004000A0004000C0004000E00040200000402020004020400040206000402080004020A0004020C0004020E000404000004040200040404000404060004040800040
310
40A0004040C0004040E00040600000406020004060400040606000406080004060A0004060C0004060E00040800000408020004080400040806000408080004080A0004080C0004080E00040A0000040A0200040A0400040A0600040A0800040A0A00040A0C00040A0E00040C0000040C0200040C0400040C0600040C08000
310
40C0A00040C0C00040C0E00040E0000040E0200040E0400040E0600040E0800040E0A00040E0C00040E0E00080000000800020008000400080006000800080008000A0008000C0008000E00080200000802020008020400080206000802080008020A0008020C0008020E00080400000804020008040400080406000804080
310
008040A0008040C0008040E00080600000806020008060400080606000806080008060A0008060C0008060E00080800000808020008080400080806000808080008080A0008080C0008080E00080A0000080A0200080A0400080A0600080A0800080A0A00080A0C00080A0E00080C0000080C0200080C0400080C0600080C0
310
800080C0A00080C0C00080C0E00080E0000080E0200080E0400080E0600080E0800080E0A00080E0C00080E0E000C0000000C0002000C0004000C0006000C0008000C000A000C000C000C000E000C0200000C0202000C0204000C0206000C0208000C020A000C020C000C020E000C0400000C0402000C0404000C0406000C0
310
408000C040A000C040C000C040E000C0600000C0602000C0604000C0606000C0608000C060A000C060C000C060E000C0800000C0802000C0804000C0806000C0808000C080A000C080C000C080E000C0A00000C0A02000C0A04000C0A06000C0A08000C0A0A000C0A0C000C0A0E000C0C00000C0C02000C0C04000C0C06000
310
C0C08000C0C0A000F0FBFF00A4A0A000808080000000FF0000FF000000FFFF00FF000000FF00FF00FFFF0000FFFFFF00000000000000000000000000000000000000000000000000000000000000000000C7C7C7C7C7C7C7C7C7C7C7C7C7C7C7C7C7C7C7C7C7C7C7C7C7C7C7C7C7C70000C700000000000000000000000000
310
000000000000000000000000000000C70000C700C7C7C7C7C7C7C7C7C7C7C7C7C7C7C7C7C7C7C7C7C7C7C7C7C7C700C70000C700C7000000000000000000000000000000000000000000000000C700C70000C700C7000000000000000000000000000000000000000000000000C700C70000C700C700000000000000000000
310
0000000000000000000000000000C700C70000C700C7000000000000000000000000000000000000000000000000C700C70000C700C7000000000000000000000000000000000000000000000000C700C70000C700C7000000000000000000000000000000000000000000000000C700C70000C700C7000000000000000000
310
000000000000000000000000000000C700C70000C700C7000000000000000000000000000000000000000000000000C700C70000C700C7000000000000000000000000000000000000000000000000C700C70000C700C7000000000000000000000000000000000000000000000000C700C70000C700C70000000000000000
310
00000000000000000000000000000000C700C70000C700C7000000000000000000000000000000000000000000000000C700C70000C700C7000000000000000000000000000000000000000000000000C700C70000C700C7000000000000000000000000000000000000000000000000C700C70000C700C700000000000000
310
0000000000000000000000000000000000C700C70000C700C7000000000000000000000000000000000000000000000000C700C70000C700C7000000000000000000000000000000000000000000000000C700C70000C700C7000000000000000000000000000000000000000000000000C700C70000C700C7000000000000
310
000000000000000000000000000000000000C700C70000C700C7000000000000000000000000000000000000000000000000C700C70000C700C7000000000000000000000000000000000000000000000000C700C70000C700C7000000000000000000000000000000000000000000000000C700C70000C700C70000000000
310
00000000000000000000000000000000000000C700C70000C700C7000000000000000000000000000000000000000000000000C700C70000C700C7C7C7C7C7C7C7C7C7C7C7C7C7C7C7C7C7C7C7C7C7C7C7C7C7C700C70000C700000000000000000000000000000000000000000000000000000000C70000C7C7C7C7C7C7C7
310
C7C7C7C7C7C7C7C7C7C7C7C7C7C7C7C7C7C7C7C7C7C7C7000000000000000000000000000000000000000000000000000000000000000000
 70
     4
280
     1
281
     0
1001
ACDBBLOCKREPETAG
1070
     1
1071
        2
1001
AcDbDynamicBlockTrueName
1000
PVC KUTU
1001
AcDbDynamicBlockGUID
1000
{9B3C3DD4-6846-48BE-B0B3-E74A55AC0957}
  0
BLOCK_RECORD
  5
12B
102
{ACAD_XDICTIONARY
360
12C
102
}
330
1
100
AcDbSymbolTableRecord
100
AcDbBlockTableRecord
  2
*U9
340
0
102
{BLKREFS
331
10A
102
}
 70
     0
280
     1
281
     0
1001
AcDbBlockRepBTag
1070
     1
1005
10E
  0
BLOCK_RECORD
  5
104
102
{ACAD_XDICTIONARY
360
105
102
}
330
1
100
AcDbSymbolTableRecord
100
AcDbBlockTableRecord
  2
*U10
340
0
102
{BLKREFS
331
E3
102
}
 70
     0
280
     1
281
     0
1001
AcDbBlockRepBTag
1070
     1
1005
E7
  0
BLOCK_RECORD
  5
21A
330
1
100
AcDbSymbolTableRecord
100
AcDbBlockTableRecord
  2
*D11
340
0
 70
     0
280
     1
281
     0
  0
BLOCK_RECORD
  5
229
330
1
100
AcDbSymbolTableRecord
100
AcDbBlockTableRecord
  2
*D12
340
0
 70
     0
280
     1
281
     0
  0
BLOCK_RECORD
  5
238
330
1
100
AcDbSymbolTableRecord
100
AcDbBlockTableRecord
  2
*D13
340
0
 70
     0
280
     1
281
     0
  0
BLOCK_RECORD
  5
24B
330
1
100
AcDbSymbolTableRecord
100
AcDbBlockTableRecord
  2
*D14
340
0
 70
     0
280
     1
281
     0
  0
BLOCK_RECORD
  5
176
330
1
100
AcDbSymbolTableRecord
100
AcDbBlockTableRecord
  2
*D15
340
0
 70
     0
280
     1
281
     0
  0
BLOCK_RECORD
  5
1D2
330
1
100
AcDbSymbolTableRecord
100
AcDbBlockTableRecord
  2
*D16
340
0
 70
     0
280
     1
281
     0
  0
BLOCK_RECORD
  5
1E1
330
1
100
AcDbSymbolTableRecord
100
AcDbBlockTableRecord
  2
*D17
340
0
 70
     0
280
     1
281
     0
  0
BLOCK_RECORD
  5
1F0
330
1
100
AcDbSymbolTableRecord
100
AcDbBlockTableRecord
  2
*D18
340
0
 70
     0
280
     1
281
     0
  0
BLOCK_RECORD
  5
20B
330
1
100
AcDbSymbolTableRecord
100
AcDbBlockTableRecord
  2
*D19
340
0
 70
     0
280
     1
281
     0
  0
ENDTAB
  0
ENDSEC
  0
SECTION
  2
BLOCKS
  0
BLOCK
  5
5
330
2
100
AcDbEntity
  8
0
100
AcDbBlockBegin
  2
*Model_Space
 70
     0
 10
0.0
 20
0.0
 30
0.0
  3
*Model_Space
  1

  0
ENDBLK
  5
15
330
2
100
AcDbEntity
  8
0
100
AcDbBlockEnd
  0
BLOCK
  5
1B
330
1A
100
AcDbEntity
 67
     1
  8
0
100
AcDbBlockBegin
  2
*Paper_Space
 70
     0
 10
0.0
 20
0.0
 30
0.0
  3
*Paper_Space
  1

  0
ENDBLK
  5
1C
330
1A
100
AcDbEntity
 67
     1
  8
0
100
AcDbBlockEnd
  0
BLOCK
  5
3E
330
3B
100
AcDbEntity
  8
0
100
AcDbBlockBegin
  2
_OBLIQUE
 70
     0
 10
0.0
 20
0.0
 30
0.0
  3
_OBLIQUE
  1

  0
LINE
  5
3F
330
3B
100
AcDbEntity
  8
0
  6
ByBlock
 62
     0
380
     1
100
AcDbLine
 10
-0.5
 20
-0.5
 30
0.0
 11
0.5
 21
0.5
 31
0.0
  0
ENDBLK
  5
40
330
3B
100
AcDbEntity
  8
0
100
AcDbBlockEnd
  0
BLOCK
  5
47
330
44
100
AcDbEntity
  8
0
100
AcDbBlockBegin
  2
_ArchTick
 70
     0
 10
0.0
 20
0.0
 30
0.0
  3
_ArchTick
  1

  0
LWPOLYLINE
  5
48
330
44
100
AcDbEntity
  8
0
 62
     0
100
AcDbPolyline
 90
        2
 70
     0
 43
0.15
 10
-0.5
 20
-0.5
 10
0.5
 20
0.5
  0
ENDBLK
  5
49
330
44
100
AcDbEntity
  8
0
100
AcDbBlockEnd
  0
BLOCK
  5
34
330
33
100
AcDbEntity
  8
0
100
AcDbBlockBegin
  2
huseyin1_ArchTick
 70
     0
 10
0.0
 20
0.0
 30
0.0
  3
huseyin1_ArchTick
  1

  0
LWPOLYLINE
  5
35
330
33
100
AcDbEntity
  8
0
  6
ByBlock
 62
     0
100
AcDbPolyline
 90
        2
 70
     0
 43
0.15
 10
-0.5
 20
-0.5
 10
0.5
 20
0.5
  0
ENDBLK
  5
36
330
33
100
AcDbEntity
  8
0
100
AcDbBlockEnd
  0
BLOCK
  5
88
330
76
100
AcDbEntity
  8
0
100
AcDbBlockBegin
  2
Tas_yunu_50
 70
     0
 10
0.0
 20
0.0
 30
0.0
  3
Tas_yunu_50
  1

  0
LWPOLYLINE
  5
89
330
76
100
AcDbEntity
  8
ART-TASYUNU
100
AcDbPolyline
 90
        6
 70
     0
 43
0.0
 10
-8.246211251235317
 20
-50.24242160489055
 42
0.4232581950813036
 10
0.0
 20
-42.24621125124396
 10
-8.0
 20
-10.24621125124395
 42
-1.25047370579418
 10
8.0
 20
-10.24621125124395
 10
0.0
 20
-42.24621125124396
 42
0.4232581950814309
 10
8.246211251235317
 20
-50.24242160489048
 42
0.7807764064044555
1001
ACDBBLOCKREPETAG
1070
     1
1071
        0
1005
89
  0
ENDBLK
  5
8D
330
76
100
AcDbEntity
  8
0
100
AcDbBlockEnd
  0
BLOCK
  5
9B
330
98
100
AcDbEntity
  8
0
100
AcDbBlockBegin
  2
*U4
 70
     1
 10
0.0
 20
0.0
 30
0.0
  3
*U4
  1

  0
LWPOLYLINE
  5
9C
330
98
100
AcDbEntity
  8
ART-TASYUNU
100
AcDbPolyline
 90
        6
 70
     0
 43
0.0
 10
-8.246211251235317
 20
-50.24242160489055
 42
0.4232581950813036
 10
0.0
 20
-42.24621125124396
 10
-8.0
 20
-10.24621125124395
 42
-1.25047370579418
 10
8.0
 20
-10.24621125124395
 10
0.0
 20
-42.24621125124396
 42
0.4232581950814309
 10
8.246211251235317
 20
-50.24242160489048
 42
0.7807764064044555
1001
ACDBBLOCKREPETAG
1070
     1
1071
        0
1005
9C
  0
LWPOLYLINE
  5
9D
330
98
100
AcDbEntity
  8
ART-TASYUNU
100
AcDbPolyline
 90
        6
 70
     0
 43
0.0
 10
8.246211251235315
 20
-50.24242160489055
 42
0.4232581950813036
 10
16.49242250247063
 20
-42.24621125124396
 10
8.492422502470635
 20
-10.24621125124395
 42
-1.25047370579418
 10
24.49242250247064
 20
-10.24621125124395
 10
16.49242250247063
 20
-42.24621125124396
 42
0.4232581950814309
 10
24.73863375370596
 20
-50.24242160489048
 42
0.7807764064044555
1001
ACDBBLOCKREPETAG
1070
     1
1071
        0
1005
9D
1001
AcDbBlockArrayActionTag
1070
     1
  0
LWPOLYLINE
  5
9F
330
98
100
AcDbEntity
  8
ART-TASYUNU
100
AcDbPolyline
 90
        6
 70
     0
 43
0.0
 10
24.73863375370595
 20
-50.24242160489055
 42
0.4232581950813036
 10
32.98484500494127
 20
-42.24621125124396
 10
24.98484500494127
 20
-10.24621125124395
 42
-1.25047370579418
 10
40.98484500494127
 20
-10.24621125124395
 10
32.98484500494127
 20
-42.24621125124396
 42
0.4232581950814309
 10
41.23105625617657
 20
-50.24242160489048
 42
0.7807764064044555
1001
ACDBBLOCKREPETAG
1070
     1
1071
        0
1005
9F
1001
AcDbBlockArrayActionTag
1070
     1
  0
LWPOLYLINE
  5
A0
330
98
100
AcDbEntity
  8
ART-TASYUNU
100
AcDbPolyline
 90
        6
 70
     0
 43
0.0
 10
41.23105625617657
 20
-50.24242160489055
 42
0.4232581950813036
 10
49.47726750741191
 20
-42.24621125124396
 10
41.4772675074119
 20
-10.24621125124395
 42
-1.25047370579418
 10
57.47726750741191
 20
-10.24621125124395
 10
49.47726750741191
 20
-42.24621125124396
 42
0.4232581950814309
 10
57.72347875864722
 20
-50.2424216048905
 42
0.7807764064044555
1001
ACDBBLOCKREPETAG
1070
     1
1071
        0
1005
A0
1001
AcDbBlockArrayActionTag
1070
     1
  0
LWPOLYLINE
  5
A1
330
98
100
AcDbEntity
  8
ART-TASYUNU
100
AcDbPolyline
 90
        6
 70
     0
 43
0.0
 10
57.72347875864721
 20
-50.24242160489055
 42
0.4232581950813036
 10
65.96969000988254
 20
-42.24621125124396
 10
57.96969000988253
 20
-10.24621125124395
 42
-1.25047370579418
 10
73.96969000988254
 20
-10.24621125124395
 10
65.96969000988254
 20
-42.24621125124396
 42
0.4232581950814309
 10
74.21590126111786
 20
-50.2424216048905
 42
0.7807764064044555
1001
ACDBBLOCKREPETAG
1070
     1
1071
        0
1005
A1
1001
AcDbBlockArrayActionTag
1070
     1
  0
LWPOLYLINE
  5
A2
330
98
100
AcDbEntity
  8
ART-TASYUNU
100
AcDbPolyline
 90
        6
 70
     0
 43
0.0
 10
74.21590126111786
 20
-50.24242160489055
 42
0.4232581950813036
 10
82.46211251235319
 20
-42.24621125124396
 10
74.46211251235318
 20
-10.24621125124395
 42
-1.25047370579418
 10
90.46211251235318
 20
-10.24621125124395
 10
82.46211251235319
 20
-42.24621125124396
 42
0.4232581950814309
 10
90.7083237635885
 20
-50.2424216048905
 42
0.7807764064044555
1001
ACDBBLOCKREPETAG
1070
     1
1071
        0
1005
A2
1001
AcDbBlockArrayActionTag
1070
     1
  0
LWPOLYLINE
  5
A3
330
98
100
AcDbEntity
  8
ART-TASYUNU
100
AcDbPolyline
 90
        6
 70
     0
 43
0.0
 10
90.70832376358849
 20
-50.24242160489056
 42
0.4232581950813036
 10
98.95453501482382
 20
-42.24621125124396
 10
90.9545350148238
 20
-10.24621125124396
 42
-1.25047370579418
 10
106.9545350148238
 20
-10.24621125124396
 10
98.95453501482382
 20
-42.24621125124396
 42
0.4232581950814309
 10
107.2007462660591
 20
-50.24242160489051
 42
0.7807764064044555
1001
ACDBBLOCKREPETAG
1070
     1
1071
        0
1005
A3
1001
AcDbBlockArrayActionTag
1070
     1
  0
LWPOLYLINE
  5
A4
330
98
100
AcDbEntity
  8
ART-TASYUNU
100
AcDbPolyline
 90
        6
 70
     0
 43
0.0
 10
107.2007462660591
 20
-50.24242160489056
 42
0.4232581950813036
 10
115.4469575172944
 20
-42.24621125124396
 10
107.4469575172944
 20
-10.24621125124396
 42
-1.25047370579418
 10
123.4469575172944
 20
-10.24621125124396
 10
115.4469575172944
 20
-42.24621125124396
 42
0.4232581950814309
 10
123.6931687685298
 20
-50.24242160489051
 42
0.7807764064044555
1001
ACDBBLOCKREPETAG
1070
     1
1071
        0
1005
A4
1001
AcDbBlockArrayActionTag
1070
     1
  0
LWPOLYLINE
  5
A5
330
98
100
AcDbEntity
  8
ART-TASYUNU
100
AcDbPolyline
 90
        6
 70
     0
 43
0.0
 10
123.6931687685297
 20
-50.24242160489056
 42
0.4232581950813036
 10
131.9393800197651
 20
-42.24621125124396
 10
123.939380019765
 20
-10.24621125124396
 42
-1.25047370579418
 10
139.9393800197651
 20
-10.24621125124396
 10
131.9393800197651
 20
-42.24621125124396
 42
0.4232581950814309
 10
140.1855912710004
 20
-50.24242160489051
 42
0.7807764064044555
1001
ACDBBLOCKREPETAG
1070
     1
1071
        0
1005
A5
1001
AcDbBlockArrayActionTag
1070
     1
  0
ENDBLK
  5
A6
330
98
100
AcDbEntity
  8
0
100
AcDbBlockEnd
  0
BLOCK
  5
C5
330
C4
100
AcDbEntity
  8
0
 48
10.0
100
AcDbBlockBegin
  2
vida-p1
 70
     0
 10
0.0
 20
0.0
 30
0.0
  3
vida-p1
  1

  0
CIRCLE
  5
C6
330
C4
100
AcDbEntity
  8
0
100
AcDbCircle
 10
0.0
 20
0.0
 30
0.0
 40
5.399999999999636
  0
LWPOLYLINE
  5
C7
330
C4
100
AcDbEntity
  8
0
100
AcDbPolyline
 90
       12
 70
     1
 43
0.0
 10
0.5
 20
0.5
 10
0.5
 20
3.039607805437071
 42
0.1207843891258717
 10
-0.5
 20
3.039607805436843
 10
-0.5
 20
0.5
 10
-3.039607805436388
 20
0.5
 42
0.1207843891257872
 10
-3.039607805438206
 20
-0.5
 10
-0.5
 20
-0.5
 10
-0.5
 20
-3.039607805437981
 42
0.1207843891258717
 10
0.5
 20
-3.039607805437071
 10
0.5
 20
-0.5
 10
3.039607805438206
 20
-0.5
 42
0.120784389125787
 10
3.039607805436388
 20
0.5
  0
ENDBLK
  5
C8
330
C4
100
AcDbEntity
  8
0
 48
10.0
100
AcDbBlockEnd
  0
BLOCK
  5
CF
330
CD
100
AcDbEntity
  8
0
100
AcDbBlockBegin
  2
63SB-22
 70
     0
 10
0.0
 20
0.0
 30
0.0
  3
63SB-22
  1

  0
LINE
  5
D0
330
CD
100
AcDbEntity
  8
ART_VIDA
100
AcDbLine
 10
0.0
 20
-2.350000000000363
 30
0.0
 11
0.0
 21
2.350000000000363
 31
0.0
1001
ACDBBLOCKREPETAG
1070
     1
1071
        0
1005
D0
  0
LINE
  5
D1
330
CD
100
AcDbEntity
  8
ART_VIDA
100
AcDbLine
 10
-0.6631640960672485
 20
1.850000000000361
 30
0.0
 11
-1.000000000000227
 21
3.150000000000544
 31
0.0
1001
ACDBBLOCKREPETAG
1070
     1
1071
        1
1005
D1
  0
LINE
  5
D2
330
CD
100
AcDbEntity
  8
ART_VIDA
100
AcDbLine
 10
-1.000000000000227
 20
3.150000000000544
 30
0.0
 11
-1.473161304546238
 21
1.850000000000361
 31
0.0
1001
ACDBBLOCKREPETAG
1070
     1
1071
        2
1005
D2
  0
LINE
  5
D3
330
CD
100
AcDbEntity
  8
ART_VIDA
100
AcDbLine
 10
-0.5
 20
-1.850000000000361
 30
0.0
 11
-1.826838695453943
 21
-1.850000000000361
 31
0.0
1001
ACDBBLOCKREPETAG
1070
     1
1071
        3
1005
D3
  0
LINE
  5
D4
330
CD
100
AcDbEntity
  8
ART_VIDA
100
AcDbLine
 10
-0.657656690023714
 20
1.849999999999679
 30
0.0
 11
-0.6631640960670211
 21
1.849999999999679
 31
0.0
1001
ACDBBLOCKREPETAG
1070
     1
1071
        4
1005
D4
  0
LINE
  5
D5
330
CD
100
AcDbEntity
  8
ART_VIDA
100
AcDbLine
 10
0.0
 20
-6.200000000000272
 30
0.0
 11
0.0
 21
-2.350000000000363
 31
0.0
1001
ACDBBLOCKREPETAG
1070
     1
1071
        5
1005
D5
  0
LINE
  5
D6
330
CD
100
AcDbEntity
  8
ART_VIDA
100
AcDbLine
 10
3.65000000000009
 20
-3.864737795292285
 30
0.0
 11
3.65000000000009
 21
3.86473779529183
 31
0.0
1001
ACDBBLOCKREPETAG
1070
     1
1071
        6
1005
D6
  0
LINE
  5
D7
330
CD
100
AcDbEntity
  8
ART_VIDA
100
AcDbLine
 10
0.0
 20
6.199999999999817
 30
0.0
 11
1.641742634044931
 21
6.056366131093682
 31
0.0
1001
ACDBBLOCKREPETAG
1070
     1
1071
        7
1005
D7
  0
LINE
  5
D8
330
CD
100
AcDbEntity
  8
ART_VIDA
100
AcDbLine
 10
0.0
 20
-6.200000000000272
 30
0.0
 11
1.641742634044931
 21
-6.056366131094137
 31
0.0
1001
ACDBBLOCKREPETAG
1070
     1
1071
        8
1005
D8
  0
LINE
  5
D9
330
CD
100
AcDbEntity
  8
ART_VIDA
100
AcDbLine
 10
-0.6631640960670211
 20
1.850000000000361
 30
0.0
 11
-0.5
 21
1.850000000000361
 31
0.0
1001
ACDBBLOCKREPETAG
1070
     1
1071
        9
1005
D9
  0
ARC
  5
DA
330
CD
100
AcDbEntity
  8
ART_VIDA
100
AcDbCircle
 10
1.450000000000045
 20
-3.864737795292285
 30
0.0
 40
2.2
100
AcDbArc
 50
274.9999999999995
 51
0.0
1001
ACDBBLOCKREPETAG
1070
     1
1071
       10
1005
DA
  0
ARC
  5
DB
330
CD
100
AcDbEntity
  8
ART_VIDA
100
AcDbCircle
 10
1.450000000000045
 20
3.86473779529183
 30
0.0
 40
2.2
100
AcDbArc
 50
0.0
 51
85.00000000000055
1001
ACDBBLOCKREPETAG
1070
     1
1071
       11
1005
DB
  0
LINE
  5
DC
330
CD
100
AcDbEntity
  8
ART_VIDA
100
AcDbLine
 10
0.0
 20
2.350000000000363
 30
0.0
 11
0.0
 21
6.199999999999817
 31
0.0
1001
ACDBBLOCKREPETAG
1070
     1
1071
       12
1005
DC
  0
ARC
  5
DD
330
CD
100
AcDbEntity
  8
ART_VIDA
100
AcDbCircle
 10
-0.5
 20
2.350000000000363
 30
0.0
 40
0.5
100
AcDbArc
 50
270.0
 51
0.0
1001
ACDBBLOCKREPETAG
1070
     1
1071
       13
1005
DD
  0
ARC
  5
DE
330
CD
100
AcDbEntity
  8
ART_VIDA
100
AcDbCircle
 10
-0.5
 20
-2.350000000000363
 30
0.0
 40
0.5
100
AcDbArc
 50
0.0
 51
90.0
1001
ACDBBLOCKREPETAG
1070
     1
1071
       14
1005
DE
  0
LWPOLYLINE
  5
DF
330
CD
100
AcDbEntity
  8
ART_VIDA
100
AcDbPolyline
 90
       44
 70
     0
 43
0.0
 10
-1.473161304546009
 20
1.850000000000361
 10
-3.138978060817635
 20
1.850000000000361
 10
-3.599999999999681
 20
3.150000000001
 10
-4.073161304545918
 20
1.850000000000818
 10
-5.738978060817316
 20
1.850000000000818
 10
-6.199999999999588
 20
3.150000000001453
 10
-6.673161304545374
 20
1.850000000000818
 10
-8.338978060816996
 20
1.850000000000818
 10
-8.799999999999045
 20
3.150000000001453
 10
-9.273161304545057
 20
1.850000000001728
 10
-10.93897806081668
 20
1.850000000001728
 10
-11.39999999999872
 20
3.150000000002363
 10
-11.87316130454496
 20
1.850000000002181
 10
-13.53897806081659
 20
1.850000000002181
 10
-13.99999999999863
 20
3.150000000002818
 10
-14.47316130454487
 20
1.850000000002635
 10
-16.13897806081627
 20
1.850000000002635
 10
-16.59999999999854
 20
3.150000000003274
 10
-17.07316130454455
 20
1.850000000003545
 10
-19.09683645482869
 20
1.149997034596252
 10
-19.35198672947194
 20
1.869475499383952
 10
-19.71766724916733
 20
0.8647765287869333
 10
-22.00000000000068
 20
-0.0000000000034106
 10
-19.10431193799741
 20
-0.8647765287871607
 10
-18.64686487768927
 20
-2.154696005191452
 10
-18.2811843579941
 20
-1.149997034594434
 10
-15.76102193918041
 20
-1.849999999996724
 10
-15.29999999999859
 20
-3.149999999996451
 10
-14.82683869545235
 20
-1.849999999996724
 10
-13.16102193918095
 20
-1.849999999996724
 10
-12.69999999999868
 20
-3.149999999997362
 10
-12.22683869545267
 20
-1.849999999997178
 10
-10.56102193918082
 20
-1.849999999997633
 10
-10.09999999999877
 20
-3.149999999997816
 10
-9.626838695452759
 20
-1.849999999997633
 10
-7.961021939181362
 20
-1.849999999997633
 10
-7.49999999999909
 20
-3.149999999998271
 10
-7.026838695453077
 20
-1.849999999998543
 10
-5.361021939181455
 20
-1.849999999998543
 10
-4.899999999999637
 20
-3.149999999998271
 10
-4.426838695453624
 20
-1.849999999998543
 10
-2.761021939181773
 20
-1.849999999998997
 10
-2.299999999999727
 20
-3.149999999999181
 10
-1.826838695453714
 20
-1.849999999998997
1001
ACDBBLOCKREPETAG
1070
     1
1071
       15
1005
DF
  0
ENDBLK
  5
E0
330
CD
100
AcDbEntity
  8
0
100
AcDbBlockEnd
  0
BLOCK
  5
F7
330
E7
100
AcDbEntity
  8
0
100
AcDbBlockBegin
  2
kutu profil
 70
     0
 10
0.0
 20
0.0
 30
0.0
  3
kutu profil
  1

  0
LWPOLYLINE
  5
F8
330
E7
100
AcDbEntity
  8
ART_ALU KUTU PROFIL
100
AcDbPolyline
 90
        4
 70
     1
 43
0.0
 10
95364.55342996706
 20
6389.214813152241
 10
95364.55342996706
 20
6359.214813152241
 10
95394.55342996706
 20
6359.214813152241
 10
95394.55342996706
 20
6389.214813152241
1001
ACDBBLOCKREPETAG
1070
     1
1071
        0
1005
F8
  0
LWPOLYLINE
  5
FA
330
E7
100
AcDbEntity
  8
ART_ALU KUTU PROFIL
100
AcDbPolyline
 90
        4
 70
     1
 43
0.0
 10
95366.55342996708
 20
6387.21481315224
 10
95366.55342996708
 20
6361.214813152241
 10
95392.55342996707
 20
6361.214813152241
 10
95392.55342996707
 20
6387.21481315224
1001
ACDBBLOCKREPETAG
1070
     1
1071
        1
1005
FA
  0
ENDBLK
  5
FB
330
E7
100
AcDbEntity
  8
0
100
AcDbBlockEnd
  0
BLOCK
  5
120
330
10E
100
AcDbEntity
  8
0
100
AcDbBlockBegin
  2
PVC KUTU
 70
     0
 10
0.0
 20
0.0
 30
0.0
  3
PVC KUTU
  1

  0
LWPOLYLINE
  5
121
330
10E
100
AcDbEntity
  8
ART_PVC KUTU
100
AcDbPolyline
 90
        4
 70
     1
 43
0.0
 10
95364.55342996706
 20
6389.214813152241
 10
95364.55342996706
 20
6359.214813152241
 10
95384.55342996707
 20
6359.214813152241
 10
95384.55342996707
 20
6389.214813152241
1001
ACDBBLOCKREPETAG
1070
     1
1071
        0
1005
121
  0
LWPOLYLINE
  5
123
330
10E
100
AcDbEntity
  8
ART_PVC KUTU
100
AcDbPolyline
 90
        4
 70
     1
 43
0.0
 10
95365.55342996706
 20
6388.214813152241
 10
95365.55342996706
 20
6360.214813152241
 10
95383.55342996707
 20
6360.214813152241
 10
95383.55342996707
 20
6388.214813152241
1001
ACDBBLOCKREPETAG
1070
     1
1071
        1
1005
0
  0
ENDBLK
  5
124
330
10E
100
AcDbEntity
  8
0
100
AcDbBlockEnd
  0
BLOCK
  5
12E
330
12B
100
AcDbEntity
  8
0
100
AcDbBlockBegin
  2
*U9
 70
     1
 10
0.0
 20
0.0
 30
0.0
  3
*U9
  1

  0
LWPOLYLINE
  5
12F
330
12B
100
AcDbEntity
  8
ART_PVC KUTU
100
AcDbPolyline
 90
        4
 70
     1
 43
0.0
 10
95364.55342996706
 20
6389.214813152241
 10
95364.55342996706
 20
6359.214813152241
 10
95384.55342996707
 20
6359.214813152241
 10
95384.55342996707
 20
6389.214813152241
1001
ACDBBLOCKREPETAG
1070
     1
1071
        0
1005
12F
  0
LWPOLYLINE
  5
130
330
12B
100
AcDbEntity
  8
ART_PVC KUTU
100
AcDbPolyline
 90
        4
 70
     1
 43
0.0
 10
95365.55342996706
 20
6388.214813152241
 10
95365.55342996706
 20
6360.214813152241
 10
95383.55342996707
 20
6360.214813152241
 10
95383.55342996707
 20
6388.214813152241
1001
ACDBBLOCKREPETAG
1070
     1
1071
        1
1005
0
  0
ENDBLK
  5
131
330
12B
100
AcDbEntity
  8
0
100
AcDbBlockEnd
  0
BLOCK
  5
106
330
104
100
AcDbEntity
  8
0
100
AcDbBlockBegin
  2
*U10
 70
     1
 10
0.0
 20
0.0
 30
0.0
  3
*U10
  1

  0
LWPOLYLINE
  5
107
330
104
100
AcDbEntity
  8
ART_ALU KUTU PROFIL
100
AcDbPolyline
 90
        4
 70
     1
 43
0.0
 10
95364.55342996706
 20
6389.214813152241
 10
95364.55342996706
 20
6359.214813152241
 10
95394.55342996706
 20
6359.214813152241
 10
95394.55342996706
 20
6389.214813152241
1001
ACDBBLOCKREPETAG
1070
     1
1071
        0
1005
107
  0
LWPOLYLINE
  5
108
330
104
100
AcDbEntity
  8
ART_ALU KUTU PROFIL
100
AcDbPolyline
 90
        4
 70
     1
 43
0.0
 10
95366.55342996708
 20
6387.21481315224
 10
95366.55342996708
 20
6361.214813152241
 10
95392.55342996707
 20
6361.214813152241
 10
95392.55342996707
 20
6387.21481315224
1001
ACDBBLOCKREPETAG
1070
     1
1071
        1
1005
108
  0
ENDBLK
  5
109
330
104
100
AcDbEntity
  8
0
100
AcDbBlockEnd
  0
BLOCK
  5
21B
330
21A
100
AcDbEntity
  8
0
100
AcDbBlockBegin
  2
*D11
 70
     1
 10
0.0
 20
0.0
 30
0.0
  3
*D11
  1

  0
LINE
  5
21C
330
21A
100
AcDbEntity
  8
DIM-DTY
 62
     0
440
 16777216
370
     5
100
AcDbLine
 10
-74566.72672366987
 20
44603.03184667078
 30
0.0
 11
-74554.5284668879
 21
44603.03184667078
 31
0.0
  0
LINE
  5
21D
330
21A
100
AcDbEntity
  8
DIM-DTY
 62
     0
440
 16777216
370
     5
100
AcDbLine
 10
-74566.72672366987
 20
44619.03184667078
 30
0.0
 11
-74554.5284668879
 21
44619.03184667078
 31
0.0
  0
LINE
  5
21E
330
21A
100
AcDbEntity
  8
DIM-DTY
 62
     0
440
 16777216
370
     5
100
AcDbLine
 10
-74556.0284668879
 20
44601.53184667078
 30
0.0
 11
-74556.0284668879
 21
44620.53184667078
 31
0.0
  0
INSERT
  5
21F
330
21A
100
AcDbEntity
  8
DIM-DTY
 62
     0
440
 16777216
370
     5
100
AcDbBlockReference
  2
_OBLIQUE
 10
-74556.0284668879
 20
44603.03184667078
 30
0.0
 41
1.5
 42
1.5
 43
1.5
 50
270.0
  0
INSERT
  5
220
330
21A
100
AcDbEntity
  8
DIM-DTY
 62
     0
440
 16777216
370
     5
100
AcDbBlockReference
  2
_OBLIQUE
 10
-74556.0284668879
 20
44619.03184667078
 30
0.0
 41
1.5
 42
1.5
 43
1.5
 50
90.0
  0
MTEXT
  5
221
330
21A
100
AcDbEntity
  8
DIM-DTY
440
 16777216
100
AcDbMText
 10
-74557.90346688787
 20
44611.0318466708
 30
0.0
 40
2.25
 41
0.0
 46
0.0
 71
     5
 72
     1
  1
\A1;16
  7
YZ
 11
0.0000000000000001
 21
1.0
 31
0.0
 73
     1
 44
1.0
  0
POINT
  5
222
330
21A
100
AcDbEntity
  8
Defpoints
 62
     0
440
 16777216
100
AcDbPoint
 10
-74568.22672366986
 20
44603.03184667078
 30
0.0
  0
POINT
  5
223
330
21A
100
AcDbEntity
  8
Defpoints
 62
     0
440
 16777216
100
AcDbPoint
 10
-74568.22672366986
 20
44619.03184667078
 30
0.0
  0
POINT
  5
224
330
21A
100
AcDbEntity
  8
Defpoints
 62
     0
440
 16777216
100
AcDbPoint
 10
-74556.0284668879
 20
44619.03184667078
 30
0.0
  0
ENDBLK
  5
225
330
21A
100
AcDbEntity
  8
0
100
AcDbBlockEnd
  0
BLOCK
  5
22A
330
229
100
AcDbEntity
  8
0
100
AcDbBlockBegin
  2
*D12
 70
     1
 10
0.0
 20
0.0
 30
0.0
  3
*D12
  1

  0
LINE
  5
22B
330
229
100
AcDbEntity
  8
DIM-DTY
 62
     0
440
 16777216
370
     5
100
AcDbLine
 10
-74566.72672366987
 20
44619.03184667078
 30
0.0
 11
-74554.5284668879
 21
44619.03184667078
 31
0.0
  0
LINE
  5
22C
330
229
100
AcDbEntity
  8
DIM-DTY
 62
     0
440
 16777216
370
     5
100
AcDbLine
 10
-74566.72672366987
 20
44625.03184667078
 30
0.0
 11
-74554.5284668879
 21
44625.03184667078
 31
0.0
  0
LINE
  5
22D
330
229
100
AcDbEntity
  8
DIM-DTY
 62
     0
440
 16777216
370
     5
100
AcDbLine
 10
-74556.0284668879
 20
44617.53184667078
 30
0.0
 11
-74556.0284668879
 21
44626.53184667078
 31
0.0
  0
INSERT
  5
22E
330
229
100
AcDbEntity
  8
DIM-DTY
 62
     0
440
 16777216
370
     5
100
AcDbBlockReference
  2
_OBLIQUE
 10
-74556.0284668879
 20
44619.03184667078
 30
0.0
 41
1.5
 42
1.5
 43
1.5
 50
270.0
  0
INSERT
  5
22F
330
229
100
AcDbEntity
  8
DIM-DTY
 62
     0
440
 16777216
370
     5
100
AcDbBlockReference
  2
_OBLIQUE
 10
-74556.0284668879
 20
44625.03184667078
 30
0.0
 41
1.5
 42
1.5
 43
1.5
 50
90.0
  0
MTEXT
  5
230
330
229
100
AcDbEntity
  8
DIM-DTY
440
 16777216
100
AcDbMText
 10
-74557.90346688787
 20
44622.03184667079
 30
0.0
 40
2.25
 41
0.0
 46
0.0
 71
     5
 72
     1
  1
\A1;6
  7
YZ
 11
0.0000000000000001
 21
1.0
 31
0.0
 73
     1
 44
1.0
  0
POINT
  5
231
330
229
100
AcDbEntity
  8
Defpoints
 62
     0
440
 16777216
100
AcDbPoint
 10
-74568.22672366986
 20
44619.03184667078
 30
0.0
  0
POINT
  5
232
330
229
100
AcDbEntity
  8
Defpoints
 62
     0
440
 16777216
100
AcDbPoint
 10
-74568.22672366986
 20
44625.03184667078
 30
0.0
  0
POINT
  5
233
330
229
100
AcDbEntity
  8
Defpoints
 62
     0
440
 16777216
100
AcDbPoint
 10
-74556.0284668879
 20
44625.03184667078
 30
0.0
  0
ENDBLK
  5
234
330
229
100
AcDbEntity
  8
0
100
AcDbBlockEnd
  0
BLOCK
  5
239
330
238
100
AcDbEntity
  8
0
100
AcDbBlockBegin
  2
*D13
 70
     1
 10
0.0
 20
0.0
 30
0.0
  3
*D13
  1

  0
LINE
  5
23A
330
238
100
AcDbEntity
  8
DIM-DTY
 62
     0
440
 16777216
370
     5
100
AcDbLine
 10
-74566.72672366987
 20
44625.03184667078
 30
0.0
 11
-74554.5284668879
 21
44625.03184667078
 31
0.0
  0
LINE
  5
23B
330
238
100
AcDbEntity
  8
DIM-DTY
 62
     0
440
 16777216
370
     5
100
AcDbLine
 10
-74566.72672366987
 20
44625.79184667079
 30
0.0
 11
-74554.5284668879
 21
44625.79184667079
 31
0.0
  0
LINE
  5
23C
330
238
100
AcDbEntity
  8
DIM-DTY
 62
     0
440
 16777216
370
     5
100
AcDbLine
 10
-74556.0284668879
 20
44625.03184667078
 30
0.0
 11
-74556.0284668879
 21
44623.53184667078
 31
0.0
  0
LINE
  5
23D
330
238
100
AcDbEntity
  8
DIM-DTY
 62
     0
440
 16777216
370
     5
100
AcDbLine
 10
-74556.0284668879
 20
44625.79184667079
 30
0.0
 11
-74556.0284668879
 21
44627.29184667079
 31
0.0
  0
LINE
  5
23E
330
238
100
AcDbEntity
  8
DIM-DTY
 62
     0
440
 16777216
370
     5
100
AcDbLine
 10
-74556.0284668879
 20
44625.41184667077
 30
0.0
 11
-74550.0284668879
 21
44627.21184667079
 31
0.0
  0
LINE
  5
23F
330
238
100
AcDbEntity
  8
DIM-DTY
 62
     0
440
 16777216
370
     5
100
AcDbLine
 10
-74550.0284668879
 20
44627.21184667079
 30
0.0
 11
-74550.0284668879
 21
44633.43684667079
 31
0.0
  0
MTEXT
  5
240
330
238
100
AcDbEntity
  8
DIM-DTY
440
 16777216
100
AcDbMText
 10
-74551.90346688787
 20
44630.32434667081
 30
0.0
 40
2.25
 41
0.0
 46
0.0
 71
     5
 72
     1
  1
\A1;0.76
  7
YZ
 11
0.0000000000000001
 21
1.0
 31
0.0
 73
     1
 44
1.0
  0
LINE
  5
241
330
238
100
AcDbEntity
  8
DIM-DTY
 62
     0
440
 16777216
370
     5
100
AcDbLine
 10
-74556.0284668879
 20
44625.03184667078
 30
0.0
 11
-74556.0284668879
 21
44625.79184667079
 31
0.0
  0
INSERT
  5
242
330
238
100
AcDbEntity
  8
DIM-DTY
 62
     0
440
 16777216
370
     5
100
AcDbBlockReference
  2
_OBLIQUE
 10
-74556.0284668879
 20
44625.03184667078
 30
0.0
 41
1.5
 42
1.5
 43
1.5
 50
90.0
  0
INSERT
  5
243
330
238
100
AcDbEntity
  8
DIM-DTY
 62
     0
440
 16777216
370
     5
100
AcDbBlockReference
  2
_OBLIQUE
 10
-74556.0284668879
 20
44625.79184667079
 30
0.0
 41
1.5
 42
1.5
 43
1.5
 50
270.0
  0
POINT
  5
244
330
238
100
AcDbEntity
  8
Defpoints
 62
     0
440
 16777216
100
AcDbPoint
 10
-74568.22672366986
 20
44625.03184667078
 30
0.0
  0
POINT
  5
245
330
238
100
AcDbEntity
  8
Defpoints
 62
     0
440
 16777216
100
AcDbPoint
 10
-74568.22672366986
 20
44625.79184667079
 30
0.0
  0
POINT
  5
246
330
238
100
AcDbEntity
  8
Defpoints
 62
     0
440
 16777216
100
AcDbPoint
 10
-74556.0284668879
 20
44625.79184667079
 30
0.0
  0
ENDBLK
  5
247
330
238
100
AcDbEntity
  8
0
100
AcDbBlockEnd
  0
BLOCK
  5
24C
330
24B
100
AcDbEntity
  8
0
100
AcDbBlockBegin
  2
*D14
 70
     1
 10
0.0
 20
0.0
 30
0.0
  3
*D14
  1

  0
LINE
  5
24D
330
24B
100
AcDbEntity
  8
DIM-DTY
 62
     0
440
 16777216
370
     5
100
AcDbLine
 10
-74566.72672366987
 20
44625.79184667079
 30
0.0
 11
-74554.5284668879
 21
44625.79184667079
 31
0.0
  0
LINE
  5
24E
330
24B
100
AcDbEntity
  8
DIM-DTY
 62
     0
440
 16777216
370
     5
100
AcDbLine
 10
-74566.72672366987
 20
44631.79184667078
 30
0.0
 11
-74554.5284668879
 21
44631.79184667078
 31
0.0
  0
LINE
  5
24F
330
24B
100
AcDbEntity
  8
DIM-DTY
 62
     0
440
 16777216
370
     5
100
AcDbLine
 10
-74556.0284668879
 20
44624.29184667079
 30
0.0
 11
-74556.0284668879
 21
44633.29184667077
 31
0.0
  0
INSERT
  5
250
330
24B
100
AcDbEntity
  8
DIM-DTY
 62
     0
440
 16777216
370
     5
100
AcDbBlockReference
  2
_OBLIQUE
 10
-74556.0284668879
 20
44625.79184667079
 30
0.0
 41
1.5
 42
1.5
 43
1.5
 50
270.0
  0
INSERT
  5
251
330
24B
100
AcDbEntity
  8
DIM-DTY
 62
     0
440
 16777216
370
     5
100
AcDbBlockReference
  2
_OBLIQUE
 10
-74556.0284668879
 20
44631.79184667078
 30
0.0
 41
1.5
 42
1.5
 43
1.5
 50
90.0
  0
MTEXT
  5
252
330
24B
100
AcDbEntity
  8
DIM-DTY
440
 16777216
100
AcDbMText
 10
-74557.90346688787
 20
44628.79184667079
 30
0.0
 40
2.25
 41
0.0
 46
0.0
 71
     5
 72
     1
  1
\A1;6
  7
YZ
 11
0.0000000000000001
 21
1.0
 31
0.0
 73
     1
 44
1.0
  0
POINT
  5
253
330
24B
100
AcDbEntity
  8
Defpoints
 62
     0
440
 16777216
100
AcDbPoint
 10
-74568.22672366986
 20
44625.79184667079
 30
0.0
  0
POINT
  5
254
330
24B
100
AcDbEntity
  8
Defpoints
 62
     0
440
 16777216
100
AcDbPoint
 10
-74568.22672366986
 20
44631.79184667078
 30
0.0
  0
POINT
  5
255
330
24B
100
AcDbEntity
  8
Defpoints
 62
     0
440
 16777216
100
AcDbPoint
 10
-74556.0284668879
 20
44631.79184667078
 30
0.0
  0
ENDBLK
  5
256
330
24B
100
AcDbEntity
  8
0
100
AcDbBlockEnd
  0
BLOCK
  5
177
330
176
100
AcDbEntity
  8
0
100
AcDbBlockBegin
  2
*D15
 70
     1
 10
0.0
 20
0.0
 30
0.0
  3
*D15
  1

  0
LINE
  5
178
330
176
100
AcDbEntity
  8
DIM-DTY
 62
     0
440
 16777216
370
     5
100
AcDbLine
 10
-73569.32955152725
 20
44192.60868557381
 30
0.0
 11
-73569.32955152725
 21
44186.28862763847
 31
0.0
  0
LINE
  5
179
330
176
100
AcDbEntity
  8
DIM-DTY
 62
     0
440
 16777216
370
     5
100
AcDbLine
 10
-73557.67535959282
 20
44192.60868557381
 30
0.0
 11
-73557.67535959282
 21
44186.28862763847
 31
0.0
  0
LINE
  5
17A
330
176
100
AcDbEntity
  8
DIM-DTY
 62
     0
440
 16777216
370
     5
100
AcDbLine
 10
-73570.82955152725
 20
44187.78862763846
 30
0.0
 11
-73556.17535959281
 21
44187.78862763846
 31
0.0
  0
INSERT
  5
17B
330
176
100
AcDbEntity
  8
DIM-DTY
 62
     0
440
 16777216
370
     5
100
AcDbBlockReference
  2
_OBLIQUE
 10
-73569.32955152725
 20
44187.78862763846
 30
0.0
 41
1.5
 42
1.5
 43
1.5
 50
180.0
  0
INSERT
  5
17C
330
176
100
AcDbEntity
  8
DIM-DTY
 62
     0
440
 16777216
370
     5
100
AcDbBlockReference
  2
_OBLIQUE
 10
-73557.67535959282
 20
44187.78862763846
 30
0.0
 41
1.5
 42
1.5
 43
1.5
  0
MTEXT
  5
17D
330
176
100
AcDbEntity
  8
DIM-DTY
440
 16777216
100
AcDbMText
 10
-73563.50245556003
 20
44189.66362763846
 30
0.0
 40
2.25
 41
0.0
 46
0.0
 71
     5
 72
     1
  1
\A1;12
  7
YZ
 73
     1
 44
1.0
  0
POINT
  5
17E
330
176
100
AcDbEntity
  8
Defpoints
 62
     0
440
 16777216
100
AcDbPoint
 10
-73569.32955152725
 20
44194.10868557381
 30
0.0
  0
POINT
  5
180
330
176
100
AcDbEntity
  8
Defpoints
 62
     0
440
 16777216
100
AcDbPoint
 10
-73557.67535959282
 20
44194.10868557381
 30
0.0
  0
POINT
  5
181
330
176
100
AcDbEntity
  8
Defpoints
 62
     0
440
 16777216
100
AcDbPoint
 10
-73557.67535959282
 20
44187.78862763846
 30
0.0
  0
ENDBLK
  5
182
330
176
100
AcDbEntity
  8
0
100
AcDbBlockEnd
  0
BLOCK
  5
1D3
330
1D2
100
AcDbEntity
  8
0
100
AcDbBlockBegin
  2
*D16
 70
     1
 10
0.0
 20
0.0
 30
0.0
  3
*D16
  1

  0
LINE
  5
1D4
330
1D2
100
AcDbEntity
  8
DIM-DTY
 62
     0
440
 16777216
370
     5
100
AcDbLine
 10
-74781.69452780849
 20
44629.03184667078
 30
0.0
 11
-74772.93898575427
 21
44629.03184667078
 31
0.0
  0
LINE
  5
1D5
330
1D2
100
AcDbEntity
  8
DIM-DTY
 62
     0
440
 16777216
370
     5
100
AcDbLine
 10
-74781.69452780849
 20
44623.03184667078
 30
0.0
 11
-74772.93898575427
 21
44623.03184667078
 31
0.0
  0
LINE
  5
1D6
330
1D2
100
AcDbEntity
  8
DIM-DTY
 62
     0
440
 16777216
370
     5
100
AcDbLine
 10
-74774.43898575427
 20
44630.53184667078
 30
0.0
 11
-74774.43898575427
 21
44621.53184667078
 31
0.0
  0
INSERT
  5
1D7
330
1D2
100
AcDbEntity
  8
DIM-DTY
 62
     0
440
 16777216
370
     5
100
AcDbBlockReference
  2
_OBLIQUE
 10
-74774.43898575427
 20
44629.03184667078
 30
0.0
 41
1.5
 42
1.5
 43
1.5
 50
90.0
  0
INSERT
  5
1D8
330
1D2
100
AcDbEntity
  8
DIM-DTY
 62
     0
440
 16777216
370
     5
100
AcDbBlockReference
  2
_OBLIQUE
 10
-74774.43898575427
 20
44623.03184667078
 30
0.0
 41
1.5
 42
1.5
 43
1.5
 50
270.0
  0
MTEXT
  5
1D9
330
1D2
100
AcDbEntity
  8
DIM-DTY
440
 16777216
100
AcDbMText
 10
-74776.31398575424
 20
44626.0318466708
 30
0.0
 40
2.25
 41
0.0
 46
0.0
 71
     5
 72
     1
  1
\A1;6
  7
YZ
 11
0.0000000000000001
 21
1.0
 31
0.0
 73
     1
 44
1.0
  0
POINT
  5
1DA
330
1D2
100
AcDbEntity
  8
Defpoints
 62
     0
440
 16777216
100
AcDbPoint
 10
-74783.19452780849
 20
44629.03184667078
 30
0.0
  0
POINT
  5
1DB
330
1D2
100
AcDbEntity
  8
Defpoints
 62
     0
440
 16777216
100
AcDbPoint
 10
-74783.19452780849
 20
44623.03184667078
 30
0.0
  0
POINT
  5
1DC
330
1D2
100
AcDbEntity
  8
Defpoints
 62
     0
440
 16777216
100
AcDbPoint
 10
-74774.43898575427
 20
44623.03184667078
 30
0.0
  0
ENDBLK
  5
1DD
330
1D2
100
AcDbEntity
  8
0
100
AcDbBlockEnd
  0
BLOCK
  5
1E2
330
1E1
100
AcDbEntity
  8
0
100
AcDbBlockBegin
  2
*D17
 70
     1
 10
0.0
 20
0.0
 30
0.0
  3
*D17
  1

  0
LINE
  5
1E3
330
1E1
100
AcDbEntity
  8
DIM-DTY
 62
     0
440
 16777216
370
     5
100
AcDbLine
 10
-74781.69452780849
 20
44623.03184667078
 30
0.0
 11
-74772.93898575427
 21
44623.03184667078
 31
0.0
  0
LINE
  5
1E4
330
1E1
100
AcDbEntity
  8
DIM-DTY
 62
     0
440
 16777216
370
     5
100
AcDbLine
 10
-74781.69452780849
 20
44603.03184667078
 30
0.0
 11
-74772.93898575427
 21
44603.03184667078
 31
0.0
  0
LINE
  5
1E5
330
1E1
100
AcDbEntity
  8
DIM-DTY
 62
     0
440
 16777216
370
     5
100
AcDbLine
 10
-74774.43898575427
 20
44624.53184667078
 30
0.0
 11
-74774.43898575427
 21
44601.53184667078
 31
0.0
  0
INSERT
  5
1E6
330
1E1
100
AcDbEntity
  8
DIM-DTY
 62
     0
440
 16777216
370
     5
100
AcDbBlockReference
  2
_OBLIQUE
 10
-74774.43898575427
 20
44623.03184667078
 30
0.0
 41
1.5
 42
1.5
 43
1.5
 50
90.0
  0
INSERT
  5
1E7
330
1E1
100
AcDbEntity
  8
DIM-DTY
 62
     0
440
 16777216
370
     5
100
AcDbBlockReference
  2
_OBLIQUE
 10
-74774.43898575427
 20
44603.03184667078
 30
0.0
 41
1.5
 42
1.5
 43
1.5
 50
270.0
  0
MTEXT
  5
1E8
330
1E1
100
AcDbEntity
  8
DIM-DTY
440
 16777216
100
AcDbMText
 10
-74776.31398575424
 20
44613.03184667078
 30
0.0
 40
2.25
 41
0.0
 46
0.0
 71
     5
 72
     1
  1
\A1;20
  7
YZ
 11
0.0000000000000001
 21
1.0
 31
0.0
 73
     1
 44
1.0
  0
POINT
  5
1E9
330
1E1
100
AcDbEntity
  8
Defpoints
 62
     0
440
 16777216
100
AcDbPoint
 10
-74783.19452780849
 20
44623.03184667078
 30
0.0
  0
POINT
  5
1EA
330
1E1
100
AcDbEntity
  8
Defpoints
 62
     0
440
 16777216
100
AcDbPoint
 10
-74783.19452780849
 20
44603.03184667078
 30
0.0
  0
POINT
  5
1EB
330
1E1
100
AcDbEntity
  8
Defpoints
 62
     0
440
 16777216
100
AcDbPoint
 10
-74774.43898575427
 20
44603.03184667078
 30
0.0
  0
ENDBLK
  5
1EC
330
1E1
100
AcDbEntity
  8
0
100
AcDbBlockEnd
  0
BLOCK
  5
1F1
330
1F0
100
AcDbEntity
  8
0
100
AcDbBlockBegin
  2
*D18
 70
     1
 10
0.0
 20
0.0
 30
0.0
  3
*D18
  1

  0
LINE
  5
1F2
330
1F0
100
AcDbEntity
  8
DIM-DTY
 62
     0
440
 16777216
370
     5
100
AcDbLine
 10
-74781.69452780849
 20
44603.03184667078
 30
0.0
 11
-74772.93898575427
 21
44603.03184667078
 31
0.0
  0
LINE
  5
1F3
330
1F0
100
AcDbEntity
  8
DIM-DTY
 62
     0
440
 16777216
370
     5
100
AcDbLine
 10
-74781.69452780849
 20
44597.03184667079
 30
0.0
 11
-74772.93898575427
 21
44597.03184667079
 31
0.0
  0
LINE
  5
1F4
330
1F0
100
AcDbEntity
  8
DIM-DTY
 62
     0
440
 16777216
370
     5
100
AcDbLine
 10
-74774.43898575427
 20
44604.53184667078
 30
0.0
 11
-74774.43898575427
 21
44595.53184667079
 31
0.0
  0
INSERT
  5
1F5
330
1F0
100
AcDbEntity
  8
DIM-DTY
 62
     0
440
 16777216
370
     5
100
AcDbBlockReference
  2
_OBLIQUE
 10
-74774.43898575427
 20
44603.03184667078
 30
0.0
 41
1.5
 42
1.5
 43
1.5
 50
90.0
  0
INSERT
  5
1F6
330
1F0
100
AcDbEntity
  8
DIM-DTY
 62
     0
440
 16777216
370
     5
100
AcDbBlockReference
  2
_OBLIQUE
 10
-74774.43898575427
 20
44597.03184667079
 30
0.0
 41
1.5
 42
1.5
 43
1.5
 50
270.0
  0
MTEXT
  5
1F7
330
1F0
100
AcDbEntity
  8
DIM-DTY
440
 16777216
100
AcDbMText
 10
-74776.31398575424
 20
44600.03184667081
 30
0.0
 40
2.25
 41
0.0
 46
0.0
 71
     5
 72
     1
  1
\A1;6
  7
YZ
 11
0.0000000000000001
 21
1.0
 31
0.0
 73
     1
 44
1.0
  0
POINT
  5
1F8
330
1F0
100
AcDbEntity
  8
Defpoints
 62
     0
440
 16777216
100
AcDbPoint
 10
-74783.19452780849
 20
44603.03184667078
 30
0.0
  0
POINT
  5
1F9
330
1F0
100
AcDbEntity
  8
Defpoints
 62
     0
440
 16777216
100
AcDbPoint
 10
-74783.19452780849
 20
44597.03184667079
 30
0.0
  0
POINT
  5
1FA
330
1F0
100
AcDbEntity
  8
Defpoints
 62
     0
440
 16777216
100
AcDbPoint
 10
-74774.43898575427
 20
44597.03184667079
 30
0.0
  0
ENDBLK
  5
1FB
330
1F0
100
AcDbEntity
  8
0
100
AcDbBlockEnd
  0
BLOCK
  5
20C
330
20B
100
AcDbEntity
  8
0
100
AcDbBlockBegin
  2
*D19
 70
     1
 10
0.0
 20
0.0
 30
0.0
  3
*D19
  1

  0
LINE
  5
20D
330
20B
100
AcDbEntity
  8
DIM-DTY
 62
     0
440
 16777216
370
     5
100
AcDbLine
 10
-74566.72672366987
 20
44597.03184667079
 30
0.0
 11
-74554.5284668879
 21
44597.03184667079
 31
0.0
  0
LINE
  5
20E
330
20B
100
AcDbEntity
  8
DIM-DTY
 62
     0
440
 16777216
370
     5
100
AcDbLine
 10
-74566.72672366987
 20
44603.03184667078
 30
0.0
 11
-74554.5284668879
 21
44603.03184667078
 31
0.0
  0
LINE
  5
20F
330
20B
100
AcDbEntity
  8
DIM-DTY
 62
     0
440
 16777216
370
     5
100
AcDbLine
 10
-74556.0284668879
 20
44595.53184667079
 30
0.0
 11
-74556.0284668879
 21
44604.53184667078
 31
0.0
  0
INSERT
  5
210
330
20B
100
AcDbEntity
  8
DIM-DTY
 62
     0
440
 16777216
370
     5
100
AcDbBlockReference
  2
_OBLIQUE
 10
-74556.0284668879
 20
44597.03184667079
 30
0.0
 41
1.5
 42
1.5
 43
1.5
 50
270.0
  0
INSERT
  5
211
330
20B
100
AcDbEntity
  8
DIM-DTY
 62
     0
440
 16777216
370
     5
100
AcDbBlockReference
  2
_OBLIQUE
 10
-74556.0284668879
 20
44603.03184667078
 30
0.0
 41
1.5
 42
1.5
 43
1.5
 50
90.0
  0
MTEXT
  5
212
330
20B
100
AcDbEntity
  8
DIM-DTY
440
 16777216
100
AcDbMText
 10
-74557.90346688787
 20
44600.03184667081
 30
0.0
 40
2.25
 41
0.0
 46
0.0
 71
     5
 72
     1
  1
\A1;6
  7
YZ
 11
0.0000000000000001
 21
1.0
 31
0.0
 73
     1
 44
1.0
  0
POINT
  5
213
330
20B
100
AcDbEntity
  8
Defpoints
 62
     0
440
 16777216
100
AcDbPoint
 10
-74568.22672366986
 20
44597.03184667079
 30
0.0
  0
POINT
  5
214
330
20B
100
AcDbEntity
  8
Defpoints
 62
     0
440
 16777216
100
AcDbPoint
 10
-74568.22672366986
 20
44603.03184667078
 30
0.0
  0
POINT
  5
215
330
20B
100
AcDbEntity
  8
Defpoints
 62
     0
440
 16777216
100
AcDbPoint
 10
-74556.0284668879
 20
44603.03184667078
 30
0.0
  0
ENDBLK
  5
216
330
20B
100
AcDbEntity
  8
0
100
AcDbBlockEnd
  0
ENDSEC
  0
SECTION
  2
ENTITIES
  0
INSERT
  5
72
102
{ACAD_XDICTIONARY
360
73
102
}
330
2
100
AcDbEntity
  8
ART-TASYUNU
100
AcDbBlockReference
  2
*U4
 10
-73351.15483207179
 20
44200.68252755566
 30
0.0
 41
-1.0
 50
180.0
  0
LINE
  5
A8
330
2
100
AcDbEntity
  8
ART_KOMPOZIT
100
AcDbLine
 10
-74260.41022659976
 20
44481.97056688583
 30
0.0
 11
-74370.07549520089
 21
44481.97056688583
 31
0.0
1001
ACDBBLOCKREPETAG
1070
     1
1071
      413
1005
A8
  0
LINE
  5
AB
330
2
100
AcDbEntity
  8
ART_TARAMA
100
AcDbLine
 10
-74260.21809094233
 20
44481.47056688583
 30
0.0
 11
-74370.07549520089
 21
44481.47056688583
 31
0.0
1001
ACDBBLOCKREPETAG
1070
     1
1071
      414
1005
AB
  0
LINE
  5
AD
330
2
100
AcDbEntity
  8
ART_KOMPOZIT
100
AcDbLine
 10
-74370.07549520089
 20
44477.9705668941
 30
0.0
 11
-74256.51312120807
 21
44477.97056689513
 31
0.0
1001
ACDBBLOCKREPETAG
1070
     1
1071
      415
1005
AD
  0
LINE
  5
AE
330
2
100
AcDbEntity
  8
ART_KOMPOZIT
100
AcDbLine
 10
-74370.07549520089
 20
44507.97056689418
 30
0.0
 11
-74259.17963870191
 21
44507.97056688646
 31
0.0
1001
ACDBBLOCKREPETAG
1070
     1
1071
      416
1005
AE
  0
LINE
  5
AF
330
2
100
AcDbEntity
  8
ART_TARAMA
100
AcDbLine
 10
-74370.07549520089
 20
44478.4705668941
 30
0.0
 11
-74256.52970381952
 21
44478.47056689513
 31
0.0
1001
ACDBBLOCKREPETAG
1070
     1
1071
      417
1005
AF
  0
LINE
  5
B0
330
2
100
AcDbEntity
  8
ART_KOMPOZIT
100
AcDbLine
 10
-74255.17963870191
 20
44507.97056688575
 30
0.0
 11
-74255.17963870191
 21
44479.30389988675
 31
0.0
1001
ACDBBLOCKREPETAG
1070
     1
1071
      418
1005
B0
  0
LINE
  5
B1
330
2
100
AcDbEntity
  8
ART_TARAMA
100
AcDbLine
 10
-74255.67963870191
 20
44507.97056688584
 30
0.0
 11
-74255.67963870191
 21
44479.30389988675
 31
0.0
1001
ACDBBLOCKREPETAG
1070
     1
1071
      419
1005
B1
  0
LINE
  5
B2
330
2
100
AcDbEntity
  8
ART_TARAMA
100
AcDbLine
 10
-74258.67963870191
 20
44507.97056688637
 30
0.0
 11
-74258.67963870191
 21
44483.1046363823
 31
0.0
1001
ACDBBLOCKREPETAG
1070
     1
1071
      420
1005
B2
  0
LINE
  5
B3
330
2
100
AcDbEntity
  8
ART_KOMPOZIT
100
AcDbLine
 10
-74259.17963870191
 20
44507.97056688646
 30
0.0
 11
-74259.17963870191
 21
44483.29654461002
 31
0.0
1001
ACDBBLOCKREPETAG
1070
     1
1071
      421
1005
B3
  0
ARC
  5
B4
330
2
100
AcDbEntity
  8
ART_TARAMA
100
AcDbCircle
 10
-74255.98334370199
 20
44483.38477488674
 30
0.0
 40
4.647287
100
AcDbArc
 50
197.716556998419
 51
270.4517349956322
1001
ACDBBLOCKREPETAG
1070
     1
1071
      422
1005
B4
  0
ARC
  5
B5
330
2
100
AcDbEntity
  8
ART_TARAMA
100
AcDbCircle
 10
-74260.59213070193
 20
44478.86911388672
 30
0.0
 40
4.647287
100
AcDbArc
 50
358.378774994734
 51
72.30564899345688
1001
ACDBBLOCKREPETAG
1070
     1
1071
      423
1005
B5
  0
ARC
  5
B6
330
2
100
AcDbEntity
  8
ART_KOMPOZIT
100
AcDbCircle
 10
-74256.51297170198
 20
44479.30389988675
 30
0.0
 40
1.333333
100
AcDbArc
 50
269.9889933435179
 51
0.0
1001
ACDBBLOCKREPETAG
1070
     1
1071
      424
1005
B6
  0
ARC
  5
B7
330
2
100
AcDbEntity
  8
ART_TARAMA
100
AcDbCircle
 10
-74256.51324894188
 20
44479.30401472327
 30
0.0
 40
0.833610247785096
100
AcDbArc
 50
268.8689802113608
 51
359.9921070460434
1001
ACDBBLOCKREPETAG
1070
     1
1071
      425
1005
B7
  0
TEXT
  5
B8
330
2
100
AcDbEntity
  8
ART_YZ
100
AcDbText
 10
-74355.08153890562
 20
44448.51194923306
 30
0.0
 40
6.0
  1
KOMPOZIT LEVHA
  7
YZ
100
AcDbText
  0
LINE
  5
BB
330
2
100
AcDbEntity
  8
ART_KOMPOZIT
100
AcDbLine
 10
-74259.17963870191
 20
44507.97056688646
 30
0.0
 11
-74255.17963870191
 21
44507.97056688575
 31
0.0
  0
LWPOLYLINE
  5
BC
330
2
100
AcDbEntity
  8
ART_KOSEBENT
100
AcDbPolyline
 90
        4
 70
     1
 43
0.0
 10
-74345.51508238588
 20
44566.12590304286
 10
-74305.51508238589
 20
44566.12590304286
 10
-74305.51508238592
 20
44549.15763587075
 10
-74345.51508238588
 20
44549.15763587075
1001
ACDBBLOCKREPETAG
1070
     1
1071
     1915
1005
BC
  0
LWPOLYLINE
  5
BF
330
2
100
AcDbEntity
  8
ART_KOSEBENT
100
AcDbPolyline
 90
        4
 70
     1
 43
0.0
 10
-74345.51508238588
 20
44566.12590304286
 10
-74305.51508238589
 20
44566.12590304286
 10
-74305.51508238581
 20
44564.12590304286
 10
-74345.51508238575
 20
44564.12590304286
1001
ACDBBLOCKREPETAG
1070
     1
1071
     1916
1005
BF
  0
LWPOLYLINE
  5
C0
330
2
100
AcDbEntity
  8
ART_KOSEBENT
100
AcDbPolyline
 90
        4
 70
     1
 43
0.0
 10
-74345.51508238588
 20
44566.12590304286
 10
-74305.51508238589
 20
44566.12590304286
 10
-74305.51508238581
 20
44567.12590304286
 10
-74345.51508238575
 20
44567.12590304286
1001
ACDBBLOCKREPETAG
1070
     1
1071
     1917
1005
C0
  0
INSERT
  5
C1
330
2
100
AcDbEntity
  8
ART_VIDA
 48
10.0
100
AcDbBlockReference
  2
vida-p1
 10
-74335.51508238588
 20
44554.29341686878
 30
0.0
 41
-0.7090909091507731
 42
0.7090909091057256
 43
0.7090909091057256
 50
270.5729386976835
1001
ACDBBLOCKREPETAG
1070
     1
1071
     1918
1005
C1
  0
INSERT
  5
C9
330
2
100
AcDbEntity
  8
ART_VIDA
 48
10.0
100
AcDbBlockReference
  2
vida-p1
 10
-74315.51508238588
 20
44554.21518388425
 30
0.0
 41
-0.7090909091507731
 42
0.7090909091057256
 43
0.7090909091057256
 50
270.5729386976835
1001
ACDBBLOCKREPETAG
1070
     1
1071
     1919
1005
C9
  0
LINE
  5
CA
330
2
100
AcDbEntity
  8
ART_KOSEBENT
100
AcDbLine
 10
-74345.51508238575
 20
44567.12590304286
 30
0.0
 11
-74305.51508238589
 21
44566.12590304286
 31
0.0
1001
ACDBBLOCKREPETAG
1070
     1
1071
     1920
1005
CA
  0
LINE
  5
CB
330
2
100
AcDbEntity
  8
ART_KOSEBENT
100
AcDbLine
 10
-74305.51508238581
 20
44567.12590304286
 30
0.0
 11
-74345.51508238588
 21
44566.12590304286
 31
0.0
1001
ACDBBLOCKREPETAG
1070
     1
1071
     1921
1005
CB
  0
INSERT
  5
CC
330
2
100
AcDbEntity
  8
ART_VIDA
100
AcDbBlockReference
  2
63SB-22
 10
-74315.5221729405
 20
44564.12590304286
 30
0.0
 41
0.6031746030785145
 42
0.6031746030785145
 43
0.6031746030785145
 50
270.0
1001
ACDBBLOCKREPETAG
1070
     1
1071
     1922
1005
CC
  0
INSERT
  5
E1
330
2
100
AcDbEntity
  8
ART_VIDA
100
AcDbBlockReference
  2
63SB-22
 10
-74335.51508238588
 20
44564.12590304286
 30
0.0
 41
0.6031746030785145
 42
0.6031746030785145
 43
0.6031746030785145
 50
270.0
1001
ACDBBLOCKREPETAG
1070
     1
1071
     1923
1005
E1
  0
TEXT
  5
E2
330
2
100
AcDbEntity
  8
ART_YZ
100
AcDbText
 10
-74346.56364389625
 20
44529.52159586671
 30
0.0
 40
6.0
  1
KOSEBENT
  7
YZ
100
AcDbText
  0
INSERT
  5
E3
102
{ACAD_XDICTIONARY
360
E4
102
}
330
2
100
AcDbEntity
  8
ART_ALU KUTU PROFIL
100
AcDbBlockReference
  2
*U10
 10
-169704.6563650111
 20
38251.72147298441
 30
0.0
  0
INSERT
  5
10A
102
{ACAD_XDICTIONARY
360
10B
102
}
330
2
100
AcDbEntity
  8
ART_PVC KUTU
100
AcDbBlockReference
  2
*U9
 10
-169658.6640104466
 20
38250.73346869312
 30
0.0
  0
TEXT
  5
132
330
2
100
AcDbEntity
  8
ART_YZ
100
AcDbText
 10
-74356.27490485924
 20
44177.42706633196
 30
0.0
 40
6.0
  1
BANT TARAMA
  7
YZ
100
AcDbText
  0
HATCH
  5
133
330
2
100
AcDbEntity
  8
ART_TARAMA
100
AcDbHatch
 10
0.0
 20
0.0
 30
0.0
210
0.0
220
0.0
230
1.0
  2
ANSI32
 70
     0
 71
     0
 91
        1
 92
        1
 93
       32
 72
     1
 10
-74207.21673686688
 20
44219.27507058028
 11
-74207.21673686688
 21
44220.09413047261
 72
     2
 10
-74206.81673686686
 20
44220.09413047261
 40
0.4000000000025353
 50
180.0000000017099
 51
240.0000000017136
 73
     0
 72
     1
 10
-74207.01673686686
 20
44220.44054063412
 11
-74206.21673686687
 21
44220.90242084948
 72
     1
 10
-74206.21673686687
 20
44220.90242084948
 11
-74206.21673686687
 21
44221.10426065592
 72
     2
 10
-74206.06673686688
 20
44221.47507058028
 40
0.3999999999975047
 50
112.0243128371393
 51
247.9756871628607
 73
     0
 72
     1
 10
-74206.21673686687
 20
44221.84588050463
 11
-74206.21673686687
 21
44230.90426065593
 72
     2
 10
-74206.06673686688
 20
44231.27507058028
 40
0.3999999999975047
 50
112.0243128371393
 51
247.9756871628607
 73
     0
 72
     1
 10
-74206.21673686687
 20
44231.64588050464
 11
-74206.21673686687
 21
44231.8477203111
 72
     1
 10
-74206.21673686687
 20
44231.8477203111
 11
-74207.01673686686
 21
44232.30960052644
 72
     2
 10
-74206.81673686686
 20
44232.65601068798
 40
0.4000000000025094
 50
119.9999999982862
 51
179.9999999982901
 73
     0
 72
     1
 10
-74207.21673686688
 20
44232.65601068796
 11
-74207.21673686688
 21
44233.47507058028
 72
     2
 10
-74206.81673686686
 20
44233.47507058028
 40
0.3999999999990678
 50
179.9999999993159
 51
298.9550243713008
 73
     0
 72
     1
 10
-74206.62308769957
 20
44233.82507058028
 11
-74205.66395046237
 21
44233.82507058028
 72
     2
 10
-74205.21673686687
 20
44233.42507058031
 40
0.6000000000001772
 50
138.1896851042394
 51
401.8103148957605
 73
     1
 72
     1
 10
-74204.76952327137
 20
44233.82507058028
 11
-74203.81038603418
 21
44233.82507058028
 72
     2
 10
-74203.61673686687
 20
44233.47507058028
 40
0.3999999999990361
 50
241.0449756286992
 51
360.0000000006839
 73
     0
 72
     1
 10
-74203.21673686688
 20
44233.47507058028
 11
-74203.21673686688
 21
44232.65601068796
 72
     2
 10
-74203.61673686687
 20
44232.65601068798
 40
0.4000000000025353
 50
0.0000000017098662
 51
60.00000000171372
 73
     0
 72
     1
 10
-74203.41673686689
 20
44232.30960052644
 11
-74204.21673686687
 21
44231.8477203111
 72
     1
 10
-74204.21673686687
 20
44231.8477203111
 11
-74204.21673686687
 21
44231.64588050464
 72
     2
 10
-74204.36673686687
 20
44231.27507058028
 40
0.3999999999975047
 50
292.0243128371394
 51
427.9756871628607
 73
     0
 72
     1
 10
-74204.21673686687
 20
44230.90426065593
 11
-74204.21673686687
 21
44221.84588050463
 72
     2
 10
-74204.36673686687
 20
44221.47507058028
 40
0.3999999999975047
 50
292.0243128371394
 51
427.9756871628607
 73
     0
 72
     1
 10
-74204.21673686687
 20
44221.10426065592
 11
-74204.21673686687
 21
44220.90242084948
 72
     1
 10
-74204.21673686687
 20
44220.90242084948
 11
-74203.41673686689
 21
44220.44054063412
 72
     2
 10
-74203.61673686687
 20
44220.09413047261
 40
0.4000000000025094
 50
299.9999999982863
 51
359.9999999982902
 73
     0
 72
     1
 10
-74203.21673686688
 20
44220.09413047261
 11
-74203.21673686688
 21
44219.27507058028
 72
     2
 10
-74203.61673686687
 20
44219.27507058028
 40
0.3999999999969361
 50
359.9999999998372
 51
478.9550243718203
 73
     0
 72
     1
 10
-74203.81038603418
 20
44218.92507058029
 11
-74204.76952327137
 21
44218.92507058029
 72
     2
 10
-74205.21673686687
 20
44219.32507058028
 40
0.6000000000001772
 50
318.1896851042395
 51
581.8103148957605
 73
     1
 72
     1
 10
-74205.66395046237
 20
44218.92507058029
 11
-74206.62308769957
 21
44218.92507058029
 72
     2
 10
-74206.81673686688
 20
44219.27507058028
 40
0.3999999999968847
 50
61.04497562817972
 51
180.0000000001628
 73
     0
 97
        0
 75
     0
 76
     1
 52
0.0
 41
0.3
 77
     0
 78
     2
 53
45.0
 43
-74435.12741034122
 44
43556.46160612612
 45
-2.020557627240559
 46
2.020557627240559
 79
     0
 53
45.0
 43
-74433.78037134121
 44
43556.46160612612
 45
-2.020557627240559
 46
2.020557627240559
 79
     0
 98
        1
 10
-74435.12741034122
 20
43556.46160612612
1001
ACAD
1010
0.0
1020
0.0
1030
0.0
  0
HATCH
  5
134
330
2
100
AcDbEntity
  8
ART_TARAMA
100
AcDbHatch
 10
0.0
 20
0.0
 30
0.0
210
0.0
220
0.0
230
1.0
  2
ANSI32
 70
     0
 71
     0
 91
        1
 92
        1
 93
       32
 72
     1
 10
-74214.91673686689
 20
44219.27507058028
 11
-74214.91673686689
 21
44220.09413047261
 72
     2
 10
-74215.31673686686
 20
44220.09413047263
 40
0.3999999999879833
 50
359.999999998111
 51
419.9999999981089
 73
     1
 72
     1
 10
-74215.11673686687
 20
44220.44054063412
 11
-74215.91673686687
 21
44220.90242084948
 72
     1
 10
-74215.91673686687
 20
44220.90242084948
 11
-74215.91673686687
 21
44221.10426065592
 72
     2
 10
-74216.06673686688
 20
44221.47507058028
 40
0.3999999999975047
 50
292.0243128371394
 51
427.9756871628607
 73
     1
 72
     1
 10
-74215.91673686687
 20
44221.84588050463
 11
-74215.91673686687
 21
44230.90426065593
 72
     2
 10
-74216.06673686688
 20
44231.27507058028
 40
0.3999999999975047
 50
292.0243128371394
 51
427.9756871628607
 73
     1
 72
     1
 10
-74215.91673686687
 20
44231.64588050464
 11
-74215.91673686687
 21
44231.8477203111
 72
     1
 10
-74215.91673686687
 20
44231.8477203111
 11
-74215.11673686687
 21
44232.30960052644
 72
     2
 10
-74215.31673686686
 20
44232.65601068795
 40
0.3999999999880266
 50
300.0000000018909
 51
360.000000001889
 73
     1
 72
     1
 10
-74214.91673686689
 20
44232.65601068796
 11
-74214.91673686689
 21
44233.47507058028
 72
     2
 10
-74215.31673686688
 20
44233.47507058028
 40
0.3999999999990678
 50
359.9999999993161
 51
478.9550243713008
 73
     1
 72
     1
 10
-74215.51038603419
 20
44233.82507058028
 11
-74216.46952327137
 21
44233.82507058028
 72
     2
 10
-74216.91673686687
 20
44233.42507058031
 40
0.6000000000001772
 50
318.1896851042395
 51
581.8103148957605
 73
     0
 72
     1
 10
-74217.36395046239
 20
44233.82507058028
 11
-74218.32308769955
 21
44233.82507058028
 72
     2
 10
-74218.51673686687
 20
44233.47507058028
 40
0.4000000000136411
 50
61.04497562747448
 51
179.9999999994463
 73
     1
 72
     1
 10
-74218.91673686689
 20
44233.47507058028
 11
-74218.91673686689
 21
44232.65601068796
 72
     2
 10
-74218.51673686687
 20
44232.65601068798
 40
0.4000000000025353
 50
180.0000000017099
 51
240.0000000017136
 73
     1
 72
     1
 10
-74218.71673686688
 20
44232.30960052644
 11
-74217.91673686689
 21
44231.8477203111
 72
     1
 10
-74217.91673686689
 20
44231.8477203111
 11
-74217.91673686689
 21
44231.64588050464
 72
     2
 10
-74217.76673686688
 20
44231.27507058028
 40
0.3999999999975047
 50
112.0243128371393
 51
247.9756871628607
 73
     1
 72
     1
 10
-74217.91673686689
 20
44230.90426065593
 11
-74217.91673686689
 21
44221.84588050463
 72
     2
 10
-74217.76673686688
 20
44221.47507058028
 40
0.3999999999975047
 50
112.0243128371393
 51
247.9756871628607
 73
     1
 72
     1
 10
-74217.91673686689
 20
44221.10426065592
 11
-74217.91673686689
 21
44220.90242084948
 72
     1
 10
-74217.91673686689
 20
44220.90242084948
 11
-74218.71673686688
 21
44220.44054063412
 72
     2
 10
-74218.51673686687
 20
44220.09413047261
 40
0.4000000000025094
 50
119.9999999982862
 51
179.9999999982901
 73
     1
 72
     1
 10
-74218.91673686689
 20
44220.09413047261
 11
-74218.91673686689
 21
44219.27507058028
 72
     2
 10
-74218.51673686687
 20
44219.2750705803
 40
0.4000000000114882
 50
180.0000000010746
 51
298.955024373045
 73
     1
 72
     1
 10
-74218.32308769955
 20
44218.92507058029
 11
-74217.36395046239
 21
44218.92507058029
 72
     2
 10
-74216.91673686687
 20
44219.32507058028
 40
0.6000000000001772
 50
138.1896851042394
 51
401.8103148957605
 73
     0
 72
     1
 10
-74216.46952327137
 20
44218.92507058029
 11
-74215.51038603419
 21
44218.92507058029
 72
     2
 10
-74215.31673686688
 20
44219.27507058028
 40
0.3999999999968847
 50
241.0449756281797
 51
360.0000000001629
 73
     1
 97
        0
 75
     0
 76
     1
 52
0.0
 41
0.3
 77
     0
 78
     2
 53
45.0
 43
-74435.12741034122
 44
43556.46160612612
 45
-2.020557627240559
 46
2.020557627240559
 79
     0
 53
45.0
 43
-74433.78037134121
 44
43556.46160612612
 45
-2.020557627240559
 46
2.020557627240559
 79
     0
 98
        1
 10
-74435.12741034122
 20
43556.46160612612
1001
ACAD
1010
0.0
1020
0.0
1030
0.0
  0
LWPOLYLINE
  5
135
330
2
100
AcDbEntity
  8
ART_BARIYER
100
AcDbPolyline
 90
       32
 70
     1
 43
0.0
 10
-74214.91673686689
 20
44219.27507058028
 10
-74214.91673686689
 20
44220.09413047261
 42
0.2679491924311255
 10
-74215.11673686687
 20
44220.44054063412
 10
-74215.91673686687
 20
44220.90242084948
 10
-74215.91673686687
 20
44221.10426065592
 42
0.674199862462004
 10
-74215.91673686687
 20
44221.84588050463
 10
-74215.91673686687
 20
44230.90426065593
 42
0.674199862462004
 10
-74215.91673686687
 20
44231.64588050464
 10
-74215.91673686687
 20
44231.8477203111
 10
-74215.11673686687
 20
44232.30960052644
 42
0.2679491924311255
 10
-74214.91673686689
 20
44232.65601068796
 10
-74214.91673686689
 20
44233.47507058028
 42
0.571286767367038
 10
-74215.51038603419
 20
44233.82507058028
 10
-74216.46952327137
 20
44233.82507058028
 42
-2.236067977498799
 10
-74217.36395046239
 20
44233.82507058028
 10
-74218.32308769955
 20
44233.82507058028
 42
0.571286767367038
 10
-74218.91673686689
 20
44233.47507058028
 10
-74218.91673686689
 20
44232.65601068796
 42
0.2679491924311255
 10
-74218.71673686688
 20
44232.30960052644
 10
-74217.91673686689
 20
44231.8477203111
 10
-74217.91673686689
 20
44231.64588050464
 42
0.674199862462004
 10
-74217.91673686689
 20
44230.90426065593
 10
-74217.91673686689
 20
44221.84588050463
 42
0.674199862462004
 10
-74217.91673686689
 20
44221.10426065592
 10
-74217.91673686689
 20
44220.90242084948
 10
-74218.71673686688
 20
44220.44054063412
 42
0.2679491924311255
 10
-74218.91673686689
 20
44220.09413047261
 10
-74218.91673686689
 20
44219.27507058028
 42
0.571286767367038
 10
-74218.32308769955
 20
44218.92507058029
 10
-74217.36395046239
 20
44218.92507058029
 42
-2.236067977498799
 10
-74216.46952327137
 20
44218.92507058029
 10
-74215.51038603419
 20
44218.92507058029
 42
0.571286767367038
  0
LWPOLYLINE
  5
138
330
2
100
AcDbEntity
  8
ART_BARIYER
100
AcDbPolyline
 90
       32
 70
     1
 43
0.0
 10
-74207.21673686688
 20
44219.27507058028
 10
-74207.21673686688
 20
44220.09413047261
 42
-0.2679491924311255
 10
-74207.01673686686
 20
44220.44054063412
 10
-74206.21673686687
 20
44220.90242084948
 10
-74206.21673686687
 20
44221.10426065592
 42
-0.674199862462004
 10
-74206.21673686687
 20
44221.84588050463
 10
-74206.21673686687
 20
44230.90426065593
 42
-0.674199862462004
 10
-74206.21673686687
 20
44231.64588050464
 10
-74206.21673686687
 20
44231.8477203111
 10
-74207.01673686686
 20
44232.30960052644
 42
-0.2679491924311255
 10
-74207.21673686688
 20
44232.65601068796
 10
-74207.21673686688
 20
44233.47507058028
 42
-0.571286767367038
 10
-74206.62308769957
 20
44233.82507058028
 10
-74205.66395046237
 20
44233.82507058028
 42
2.236067977498799
 10
-74204.76952327137
 20
44233.82507058028
 10
-74203.81038603418
 20
44233.82507058028
 42
-0.571286767367038
 10
-74203.21673686688
 20
44233.47507058028
 10
-74203.21673686688
 20
44232.65601068796
 42
-0.2679491924311255
 10
-74203.41673686689
 20
44232.30960052644
 10
-74204.21673686687
 20
44231.8477203111
 10
-74204.21673686687
 20
44231.64588050464
 42
-0.674199862462004
 10
-74204.21673686687
 20
44230.90426065593
 10
-74204.21673686687
 20
44221.84588050463
 42
-0.674199862462004
 10
-74204.21673686687
 20
44221.10426065592
 10
-74204.21673686687
 20
44220.90242084948
 10
-74203.41673686689
 20
44220.44054063412
 42
-0.2679491924311255
 10
-74203.21673686688
 20
44220.09413047261
 10
-74203.21673686688
 20
44219.27507058028
 42
-0.571286767367038
 10
-74203.81038603418
 20
44218.92507058029
 10
-74204.76952327137
 20
44218.92507058029
 42
2.236067977498799
 10
-74205.66395046237
 20
44218.92507058029
 10
-74206.62308769957
 20
44218.92507058029
 42
-0.571286767367038
  0
TEXT
  5
139
330
2
100
AcDbEntity
  8
ART_YZ
100
AcDbText
 10
-74249.16154259141
 20
44177.42706633196
 30
0.0
 40
6.0
  1
BARIYER TARAMA
  7
YZ
100
AcDbText
  0
HATCH
  5
13A
330
2
100
AcDbEntity
  8
ART_TARAMA
100
AcDbHatch
 10
0.0
 20
0.0
 30
0.0
210
0.0
220
0.0
230
1.0
  2
ANSI37
 70
     0
 71
     0
 91
        4
 92
       16
 93
        8
 72
     1
 10
-74110.48526946562
 20
44224.11250486676
 11
-74113.48177426789
 21
44222.71831119465
 72
     2
 10
-74113.62319562414
 20
44222.85973255097
 40
0.2000000000633158
 50
45.00000001768678
 51
98.45039732755495
 73
     0
 72
     1
 10
-74113.65258625119
 20
44222.66190385973
 11
-74113.95902517408
 21
44222.70743027967
 72
     2
 10
-74113.92963454702
 20
44222.90525897087
 40
0.2000000000708249
 50
98.45039732878021
 51
179.9999999833247
 73
     0
 72
     1
 10
-74114.12963454719
 20
44222.90525897083
 11
-74114.12963454719
 21
44224.25392622299
 72
     2
 10
-74113.92963454702
 20
44224.25392622291
 40
0.2000000001862645
 50
-179.9999999749871
 51
-90.0
 73
     0
 72
     1
 10
-74113.92963454702
 20
44224.45392622301
 11
-74110.62669082188
 21
44224.45392622301
 72
     2
 10
-74110.62669082188
 20
44224.25392622299
 40
0.2000000000116415
 50
-90.0
 51
45.0
 73
     0
 97
        0
 92
       16
 93
        8
 72
     1
 10
-74108.78821319077
 20
44224.39534757923
 11
-74112.04081625553
 21
44222.7450556448
 72
     2
 10
-74111.89939489976
 20
44222.60363428853
 40
0.1999999996928845
 50
494.9999998997749
 51
621.5496027994977
 73
     1
 72
     1
 10
-74111.92878552635
 20
44222.4058055974
 11
-74108.45902517407
 21
44221.89031701211
 72
     2
 10
-74108.42963454702
 20
44222.0881457032
 40
0.1999999999268856
 50
261.5496026650936
 51
360.0000000250129
 73
     1
 72
     1
 10
-74108.2296345473
 20
44222.08814570327
 11
-74108.2296345473
 21
44224.25392622299
 72
     2
 10
-74108.42963454749
 20
44224.25392622313
 40
0.2000000001862645
 50
359.9999999583118
 51
449.9999998665979
 73
     1
 72
     1
 10
-74108.42963454702
 20
44224.45392622301
 11
-74108.64679183454
 21
44224.45392622301
 72
     2
 10
-74108.64679183454
 20
44224.25392622299
 40
0.2000000000116415
 50
450.0
 51
494.9999999999998
 73
     1
 97
        0
 92
        1
 93
       42
 72
     1
 10
-74108.71697360293
 20
44225.48075025735
 11
-74107.8221442552
 21
44225.93246699551
 72
     2
 10
-74107.73201549999
 20
44225.75392622237
 40
0.2000000004640625
 50
-116.784995386517
 51
-89.99999986659785
 73
     0
 72
     1
 10
-74107.73201549954
 20
44225.95392622301
 11
-74106.92963454702
 21
44225.95392622301
 72
     2
 10
-74106.92963454747
 20
44225.75392622313
 40
0.1999999998661224
 50
-89.99999986659785
 51
0.0000000416881663
 73
     0
 72
     1
 10
-74106.7296345473
 20
44225.753926223
 11
-74106.7296345473
 21
44222.40982719152
 72
     2
 10
-74106.52963454758
 20
44222.4098271916
 40
0.1999999997206032
 50
180.0000000250129
 51
210.0000000609709
 73
     1
 72
     1
 10
-74106.70283962802
 20
44222.30982719155
 11
-74104.43466722702
 21
44218.29302610151
 72
     2
 10
-74104.73777611849
 20
44218.11802610156
 40
0.3500000001075106
 50
-29.99999998213683
 51
134.8027728997318
 73
     0
 72
     1
 10
-74104.98441011102
 20
44217.86968827949
 11
-74107.64289495272
 21
44220.59814467994
 72
     2
 10
-74107.7838286624
 20
44220.45623735327
 40
0.1999999997227409
 50
405.1972271233937
 51
450.0
 73
     1
 72
     1
 10
-74107.7838286624
 20
44220.65623735302
 11
-74108.74284106509
 21
44220.65623735302
 72
     2
 10
-74108.74284106554
 20
44220.45623735306
 40
0.1999999999534339
 50
449.9999998665979
 51
494.9849561341373
 73
     1
 72
     1
 10
-74108.88422528437
 20
44220.59769583648
 11
-74112.03952799148
 21
44217.44404962788
 72
     2
 10
-74112.25160432017
 20
44217.65623735304
 40
0.2999999998272083
 50
45.01504380688902
 51
209.9999999551882
 73
     0
 72
     1
 10
-74112.51141194177
 20
44217.80623735303
 11
-74111.03905774298
 21
44220.35642963178
 72
     2
 10
-74111.34216663444
 20
44220.53142963184
 40
0.3500000001511663
 50
330.0000000054851
 51
445.1071671330183
 73
     1
 72
     1
 10
-74111.31231433309
 20
44220.88015422245
 11
-74114.43649825982
 21
44221.14759759055
 72
     2
 10
-74114.45355671753
 20
44220.94832639581
 40
0.2000000000658731
 50
445.1071671921156
 51
498.8297434027575
 73
     1
 72
     1
 10
-74114.60410806692
 20
44221.07998615138
 11
-74117.77094362692
 21
44217.45874771978
 72
     2
 10
-74117.99677065124
 20
44217.65623735304
 40
0.3000000002587513
 50
41.17025655332514
 51
210.0000000441229
 73
     0
 72
     1
 10
-74118.2565782719
 20
44217.80623735303
 11
-74115.65642946649
 21
44222.30982719155
 72
     2
 10
-74115.8296345474
 20
44222.4098271916
 40
0.200000000162701
 50
330.0000000057301
 51
359.9999999749871
 73
     1
 72
     1
 10
-74115.62963454722
 20
44222.40982719152
 11
-74115.62963454722
 21
44225.753926223
 72
     2
 10
-74115.42963454702
 20
44225.75392622291
 40
0.2000000001862645
 50
-179.9999999749871
 51
-90.0
 73
     0
 72
     1
 10
-74115.42963454702
 20
44225.95392622301
 11
-74114.62725359497
 21
44225.95392622301
 72
     2
 10
-74114.62725359497
 20
44225.75392622237
 40
0.200000000622822
 50
-90.0
 51
-63.21500449439435
 73
     0
 72
     1
 10
-74114.53712483932
 20
44225.93246699551
 11
-74113.64229549158
 21
44225.48075025735
 72
     2
 10
-74113.52963454711
 20
44225.7039262231
 40
0.2500000001858648
 50
243.2150044483261
 51
359.9999999799897
 73
     1
 72
     1
 10
-74113.27963454711
 20
44225.70392622301
 11
-74113.27963454711
 21
44227.05392622297
 72
     2
 10
-74113.4796345473
 20
44227.05392622289
 40
0.2000000001862645
 50
360.0000000250129
 51
450.0
 73
     1
 72
     1
 10
-74113.4796345473
 20
44227.25392622298
 11
-74113.7296345473
 21
44227.25392622298
 72
     2
 10
-74113.7296345473
 20
44227.45392622299
 40
0.2000000000116415
 50
90.0
 51
225.0
 73
     0
 72
     1
 10
-74113.87105590354
 20
44227.59534757925
 11
-74112.5053704783
 21
44228.96103300419
 72
     2
 10
-74111.79826369711
 20
44228.253926223
 40
1.000000000007885
 50
-135.0
 51
-90.0
 73
     0
 72
     1
 10
-74111.79826369711
 20
44229.253926223
 11
-74110.56100539693
 21
44229.253926223
 72
     2
 10
-74110.56100539693
 20
44228.253926223
 40
1.0
 50
-90.0
 51
-45.0
 73
     0
 72
     1
 10
-74109.85389861574
 20
44228.96103300419
 11
-74108.48821319096
 21
44227.59534757925
 72
     2
 10
-74108.62963454722
 20
44227.45392622299
 40
0.2000000000015772
 50
-45.0
 51
90.0
 73
     0
 72
     1
 10
-74108.62963454722
 20
44227.25392622298
 11
-74108.87963454722
 21
44227.25392622298
 72
     2
 10
-74108.87963454722
 20
44227.05392622289
 40
0.200000000098953
 50
450.0
 51
539.999999974987
 73
     1
 72
     1
 10
-74109.07963454738
 20
44227.05392622297
 11
-74109.07963454738
 21
44225.70392622301
 72
     2
 10
-74108.82963454738
 20
44225.7039262231
 40
0.25
 50
180.0000000200103
 51
296.7849955516738
 73
     1
 97
        0
 92
       16
 93
        4
 72
     1
 10
-74110.17963454702
 20
44226.953926223
 11
-74110.17963454702
 21
44227.25392622298
 72
     2
 10
-74111.17963454702
 20
44227.25392622298
 40
1.0
 50
360.0
 51
540.0
 73
     1
 72
     1
 10
-74112.17963454702
 20
44227.25392622298
 11
-74112.17963454702
 21
44226.953926223
 72
     2
 10
-74111.17963454702
 20
44226.953926223
 40
1.0
 50
540.0
 51
720.0
 73
     1
 97
        0
 75
     0
 76
     1
 52
0.0
 41
10.0
 77
     0
 78
     2
 53
135.0
 43
3007767.888785227
 44
-148567.5681987796
 45
0.8838834764831842
 46
0.8838834764831844
 79
     0
 53
45.0
 43
3007767.888785227
 44
-148567.5681987796
 45
0.8838834764831844
 46
-0.8838834764831842
 79
     0
 98
        1
 10
3007767.888785227
 20
-148567.5681987796
1001
ACAD
1010
0.0
1020
0.0
1030
0.0
  0
LWPOLYLINE
  5
13B
330
2
100
AcDbEntity
  8
ART_FITIL
100
AcDbPolyline
 90
       42
 70
     1
 43
0.0
 10
-74108.71697360293
 20
44225.48075025735
 10
-74107.8221442552
 20
44225.93246699551
 42
-0.1174066289845992
 10
-74107.73201549954
 20
44225.95392622301
 10
-74106.92963454702
 20
44225.95392622301
 42
-0.4142135623730577
 10
-74106.7296345473
 20
44225.753926223
 10
-74106.7296345473
 20
44222.40982719152
 42
0.1316524975874049
 10
-74106.70283962802
 20
44222.30982719155
 10
-74104.43466722702
 20
44218.29302610151
 42
-0.8754551945273142
 10
-74104.98441011102
 20
44217.86968827949
 10
-74107.64289495272
 20
44220.59814467994
 42
0.1980179053303339
 10
-74107.7838286624
 20
44220.65623735302
 10
-74108.74284106509
 20
44220.65623735302
 42
0.1988441302903026
 10
-74108.88422528437
 20
44220.59769583648
 10
-74112.03952799148
 20
44217.44404962788
 42
-0.8768603452966502
 10
-74112.51141194177
 20
44217.80623735303
 10
-74111.03905774298
 20
44220.35642963178
 42
0.5492272888039477
 10
-74111.31231433309
 20
44220.88015422245
 10
-74114.43649825982
 20
44221.14759759055
 42
0.2387988708083341
 10
-74114.60410806692
 20
44221.07998615138
 10
-74117.77094362692
 20
44217.45874771978
 42
-0.9069811408879086
 10
-74118.2565782719
 20
44217.80623735303
 10
-74115.65642946649
 20
44222.30982719155
 42
0.1316524975873992
 10
-74115.62963454722
 20
44222.40982719152
 10
-74115.62963454722
 20
44225.753926223
 42
-0.4142135623731325
 10
-74115.42963454702
 20
44225.95392622301
 10
-74114.62725359497
 20
44225.95392622301
 42
-0.1174066289845434
 10
-74114.53712483932
 20
44225.93246699551
 10
-74113.64229549158
 20
44225.48075025735
 42
0.5587951940364646
 10
-74113.27963454711
 20
44225.70392622301
 10
-74113.27963454711
 20
44227.05392622297
 42
0.4142135623730951
 10
-74113.4796345473
 20
44227.25392622298
 10
-74113.7296345473
 20
44227.25392622298
 42
-0.6681786379193717
 10
-74113.87105590354
 20
44227.59534757925
 10
-74112.5053704783
 20
44228.96103300419
 42
-0.1989123673796536
 10
-74111.79826369711
 20
44229.253926223
 10
-74110.56100539693
 20
44229.253926223
 42
-0.1989123673796632
 10
-74109.85389861574
 20
44228.96103300419
 10
-74108.48821319096
 20
44227.59534757925
 42
-0.6681786379192626
 10
-74108.62963454722
 20
44227.25392622298
 10
-74108.87963454722
 20
44227.25392622298
 42
0.4142135623730951
 10
-74109.07963454738
 20
44227.05392622297
 10
-74109.07963454738
 20
44225.70392622301
 42
0.5587951940363984
  0
LWPOLYLINE
  5
13E
330
2
100
AcDbEntity
  8
ART_FITIL
100
AcDbPolyline
 90
        8
 70
     1
 43
0.0
 10
-74108.78821319077
 20
44224.39534757923
 10
-74112.04081625553
 20
44222.7450556448
 42
0.6161042871409173
 10
-74111.92878552635
 20
44222.4058055974
 10
-74108.45902517407
 20
44221.89031701211
 42
0.4581017664579558
 10
-74108.2296345473
 20
44222.08814570327
 10
-74108.2296345473
 20
44224.25392622299
 42
0.4142135623731036
 10
-74108.42963454702
 20
44224.45392622301
 10
-74108.64679183454
 20
44224.45392622301
 42
0.1989123673796624
  0
LWPOLYLINE
  5
13F
330
2
100
AcDbEntity
  8
ART_FITIL
100
AcDbPolyline
 90
        8
 70
     1
 43
0.0
 10
-74110.48526946562
 20
44224.11250486676
 10
-74113.48177426789
 20
44222.71831119465
 42
-0.2375438985674832
 10
-74113.65258625119
 20
44222.66190385973
 10
-74113.95902517408
 20
44222.70743027967
 42
-0.3716463733929877
 10
-74114.12963454719
 20
44222.90525897083
 10
-74114.12963454719
 20
44224.25392622299
 42
-0.4142135623730951
 10
-74113.92963454702
 20
44224.45392622301
 10
-74110.62669082188
 20
44224.45392622301
 42
-0.6681786379192626
  0
LWPOLYLINE
  5
140
330
2
100
AcDbEntity
  8
ART_FITIL
100
AcDbPolyline
 90
        4
 70
     1
 43
0.0
 10
-74110.17963454702
 20
44226.953926223
 10
-74110.17963454702
 20
44227.25392622298
 42
1.0
 10
-74112.17963454702
 20
44227.25392622298
 10
-74112.17963454702
 20
44226.953926223
 42
1.0
  0
TEXT
  5
141
330
2
100
AcDbEntity
  8
ART_YZ
100
AcDbText
 10
-74140.6674030709
 20
44177.42706633196
 30
0.0
 40
6.0
  1
FITIL TARAMA
  7
YZ
100
AcDbText
  0
HATCH
  5
142
330
2
100
AcDbEntity
  8
ART_TARAMA
100
AcDbHatch
 10
0.0
 20
0.0
 30
0.0
210
0.0
220
0.0
230
1.0
  2
ANSI32
 70
     0
 71
     0
 91
        2
 92
       16
 93
        8
 72
     1
 10
-74033.54188826009
 20
44209.54824154396
 11
-74011.54188826009
 21
44209.54824154396
 72
     2
 10
-74011.54188826009
 20
44211.54824154396
 40
2.0
 50
270.0
 51
360.0
 73
     1
 72
     1
 10
-74009.54188826009
 20
44211.54824154396
 11
-74009.54188826009
 21
44243.54824154396
 72
     2
 10
-74011.54188826009
 20
44243.54824154396
 40
2.0
 50
0.0
 51
90.0
 73
     1
 72
     1
 10
-74011.54188826009
 20
44245.54824154396
 11
-74033.54188826009
 21
44245.54824154396
 72
     2
 10
-74033.54188826009
 20
44243.54824154396
 40
2.0
 50
90.0
 51
180.0
 73
     1
 72
     1
 10
-74035.54188826009
 20
44243.54824154396
 11
-74035.54188826009
 21
44211.54824154396
 72
     2
 10
-74033.54188826009
 20
44211.54824154396
 40
2.0
 50
180.0
 51
270.0
 73
     1
 97
        0
 92
        1
 93
        8
 72
     1
 10
-74035.54188826009
 20
44207.54824154396
 11
-74009.54188826009
 21
44207.54824154396
 72
     2
 10
-74009.54188826009
 20
44209.54824154396
 40
2.0
 50
270.0
 51
360.0
 73
     1
 72
     1
 10
-74007.54188826009
 20
44209.54824154396
 11
-74007.54188826009
 21
44245.54824154396
 72
     2
 10
-74009.54188826009
 20
44245.54824154396
 40
2.0
 50
0.0
 51
90.0
 73
     1
 72
     1
 10
-74009.54188826009
 20
44247.54824154396
 11
-74035.54188826009
 21
44247.54824154396
 72
     2
 10
-74035.54188826009
 20
44245.54824154396
 40
2.0
 50
90.0
 51
180.0
 73
     1
 72
     1
 10
-74037.5418882601
 20
44245.54824154396
 11
-74037.5418882601
 21
44209.54824154396
 72
     2
 10
-74035.54188826009
 20
44209.54824154396
 40
2.0
 50
180.0
 51
270.0
 73
     1
 97
        0
 75
     0
 76
     1
 52
0.0
 41
0.2
 77
     0
 78
     2
 53
45.0
 43
-73470.36183107046
 44
45866.52715173644
 45
-1.347038418160372
 46
1.347038418160372
 79
     0
 53
45.0
 43
-73469.46380507045
 44
45866.52715173644
 45
-1.347038418160372
 46
1.347038418160372
 79
     0
 98
        1
 10
-73470.36183107046
 20
45866.52715173644
1001
ACAD
1010
0.0
1020
0.0
1030
0.0
  0
LWPOLYLINE
  5
143
330
2
100
AcDbEntity
  8
ART_CELIK
100
AcDbPolyline
 90
        8
 70
     1
 43
0.0
 10
-74035.54188826009
 20
44207.54824154396
 10
-74009.54188826009
 20
44207.54824154396
 42
0.4142135623730951
 10
-74007.54188826009
 20
44209.54824154396
 10
-74007.54188826009
 20
44245.54824154396
 42
0.4142135623730951
 10
-74009.54188826009
 20
44247.54824154396
 10
-74035.54188826009
 20
44247.54824154396
 42
0.4142135623730951
 10
-74037.5418882601
 20
44245.54824154396
 10
-74037.5418882601
 20
44209.54824154396
 42
0.4142135623730951
  0
LWPOLYLINE
  5
146
330
2
100
AcDbEntity
  8
ART_CELIK
100
AcDbPolyline
 90
        8
 70
     1
 43
0.0
 10
-74033.54188826009
 20
44209.54824154396
 10
-74011.54188826009
 20
44209.54824154396
 42
0.4142135623730951
 10
-74009.54188826009
 20
44211.54824154396
 10
-74009.54188826009
 20
44243.54824154396
 42
0.4142135623730951
 10
-74011.54188826009
 20
44245.54824154396
 10
-74033.54188826009
 20
44245.54824154396
 42
0.4142135623730951
 10
-74035.54188826009
 20
44243.54824154396
 10
-74035.54188826009
 20
44211.54824154396
 42
0.4142135623730951
  0
TEXT
  5
147
330
2
100
AcDbEntity
  8
ART_YZ
100
AcDbText
 10
-74050.28791288228
 20
44177.42706633196
 30
0.0
 40
6.0
  1
CELIK TARAMA
  7
YZ
100
AcDbText
  0
HATCH
  5
148
330
2
100
AcDbEntity
  8
ART_TARAMA
100
AcDbHatch
 10
0.0
 20
0.0
 30
0.0
210
0.0
220
0.0
230
1.0
  2
ANSI37
 70
     0
 71
     0
 91
        1
 92
        7
 72
     1
 73
     1
 93
        6
 10
-73936.97155834835
 20
44211.04148740901
 42
0.0
 10
-73936.97155834835
 20
44212.54148740898
 42
0.0
 10
-73938.84793515055
 20
44212.54148740898
 42
-0.1875281510433235
 10
-73939.52333043324
 20
44212.8040315038
 42
0.0
 10
-73950.72850336527
 20
44223.06623279156
 42
-0.4412285344669085
 10
-73953.87146144263
 20
44211.04148740901
 42
0.0
 97
        0
 75
     0
 76
     1
 52
-41.68471875138584
 41
0.3
 77
     0
 78
     2
 53
3.315281248614115
 43
-66335.48271187601
 44
98733.26572999577
 45
-0.0550833519491305
 46
0.9509059229692745
 79
     0
 53
93.31528124861399
 43
-66335.48271187601
 44
98733.26572999577
 45
-0.9509059229692745
 46
-0.0550833519491305
 79
     0
 47
0.0615637491397079
 98
        1
 10
-73946.21995395109
 20
44213.1054202245
1001
ACAD
1010
0.0
1020
0.0
1030
0.0
  0
HATCH
  5
149
330
2
100
AcDbEntity
  8
ART_TARAMA
100
AcDbHatch
 10
0.0
 20
0.0
 30
0.0
210
0.0
220
0.0
230
1.0
  2
ANSI32
 70
     0
 71
     0
 91
        1
 92
        1
 93
       10
 72
     1
 10
-73857.40451318925
 20
44247.90545996518
 11
-73858.90451318925
 21
44247.90545996518
 72
     1
 10
-73858.90451318925
 20
44247.90545996518
 11
-73858.90451318925
 21
44214.041487409
 72
     1
 10
-73858.90451318925
 20
44214.041487409
 11
-73938.65357186321
 21
44214.04148740898
 72
     1
 10
-73938.65357186317
 20
44214.04148740898
 11
-73949.71541044122
 21
44224.17241664937
 72
     1
 10
-73949.71541044122
 20
44224.17241664937
 11
-73950.72850336527
 21
44223.06623279156
 72
     1
 10
-73950.72850336527
 20
44223.06623279156
 11
-73939.52333043324
 21
44212.8040315038
 72
     2
 10
-73938.84793515055
 20
44213.54148740898
 40
1.000000000000776
 50
227.5151462991493
 51
270.0000000000301
 73
     1
 72
     1
 10
-73938.84793515055
 20
44212.54148740898
 11
-73858.40451318923
 21
44212.54148740898
 72
     2
 10
-73858.40451318925
 20
44213.54148740898
 40
1.000000000000383
 50
270.0000000000301
 51
360.0000000000301
 73
     1
 72
     1
 10
-73857.40451318925
 20
44213.54148740898
 11
-73857.40451318926
 21
44247.90545996516
 97
        0
 75
     0
 76
     1
 52
-86.68471875138584
 41
0.2
 77
     0
 78
     2
 53
318.3152812486141
 43
-66335.48271187601
 44
98733.26572999577
 45
1.266884429416623
 46
1.422683676191485
 79
     0
 53
318.3152812486141
 43
-66335.43077877133
 44
98732.36920690665
 45
1.266884429416623
 46
1.422683676191485
 79
     0
 98
        1
 10
-66335.48271187601
 20
98733.26572999577
1001
ACAD
1010
0.0
1020
0.0
1030
0.0
  0
LWPOLYLINE
  5
14A
330
2
100
AcDbEntity
  8
ART_GALVANIZ
100
AcDbPolyline
 90
       11
 70
     0
 43
0.0
 10
-73857.40451318925
 20
44247.90545996518
 10
-73858.90451318925
 20
44247.90545996518
 10
-73858.90451318925
 20
44214.041487409
 10
-73938.65357186317
 20
44214.04148740898
 10
-73949.71541044122
 20
44224.17241664937
 10
-73950.72850336527
 20
44223.06623279156
 10
-73939.52333043324
 20
44212.8040315038
 42
0.1875281510433235
 10
-73938.84793515055
 20
44212.54148740898
 10
-73858.40451318925
 20
44212.54148740898
 42
0.4142135623730966
 10
-73857.40451318925
 20
44213.54148740898
 10
-73857.40451318925
 20
44247.90545996518
  0
ARC
  5
14D
330
2
100
AcDbEntity
  8
ART_SILIKON
100
AcDbCircle
 10
-73957.78678555394
 20
44218.48796882613
 30
0.0
 40
8.413076036274642
100
AcDbArc
 50
297.7351777506145
 51
32.96893974215719
  0
TEXT
  5
150
330
2
100
AcDbEntity
  8
ART_YZ
100
AcDbText
 10
-73956.50785879047
 20
44177.42706633196
 30
0.0
 40
6.0
  1
GALVANIZ LEVHA TARAMA
  7
YZ
100
AcDbText
  0
HATCH
  5
151
330
2
100
AcDbEntity
  8
ART_TARAMA
100
AcDbHatch
 10
0.0
 20
0.0
 30
0.0
210
0.0
220
0.0
230
1.0
  2
ANSI37
 70
     0
 71
     1
 91
        1
 92
        1
 93
        4
 72
     2
 10
-73563.49535066907
 20
44218.38566798728
 40
5.823689717465219
 50
166.8983449383847
 51
373.1016550616153
 73
     0
 72
     1
 10
-73557.82325497409
 20
44217.06555725246
 11
-73557.82325497409
 21
44211.6938797706
 72
     2
 10
-73563.49535066907
 20
44210.37376903576
 40
5.823689717465219
 50
346.8983449383848
 51
553.1016550616151
 73
     0
 72
     1
 10
-73569.16744636406
 20
44211.6938797706
 11
-73569.16744636406
 21
44217.06555725247
 97
        1
330
152
 75
     0
 76
     1
 52
180.0
 41
1.05249375
 77
     0
 78
     2
 53
315.0
 43
-104330.6839852981
 44
1360211.08960393
 45
2.36291586020613
 46
2.362915860206129
 79
     0
 53
44.99999999999998
 43
-104330.6839852981
 44
1360211.08960393
 45
-2.36291586020613
 46
2.36291586020613
 79
     0
 98
        1
 10
1356289.983791098
 20
-2522575.420345106
1001
ACAD
1010
0.0
1020
0.0
1030
0.0
1001
ACDBBLOCKREPETAG
1070
     1
1071
      431
1005
151
  0
LWPOLYLINE
  5
152
102
{ACAD_REACTORS
330
151
102
}
330
2
100
AcDbEntity
  8
ART_TARAMA
100
AcDbPolyline
 90
        4
 70
     1
 43
0.0
 10
-73569.16744636406
 20
44217.06555725246
 42
-1.259464021140139
 10
-73557.82325497409
 20
44217.06555725246
 10
-73557.82325497409
 20
44211.6938797706
 42
-1.259464021140139
 10
-73569.16744636406
 20
44211.6938797706
1001
ACDBBLOCKREPETAG
1070
     1
1071
      432
1005
152
  0
HATCH
  5
153
330
2
100
AcDbEntity
  8
ART_TARAMA
100
AcDbHatch
 10
0.0
 20
0.0
 30
0.0
210
0.0
220
0.0
230
1.0
  2
ANSI37
 70
     0
 71
     0
 91
        1
 92
        1
 93
        5
 72
     2
 10
-73563.49535066907
 20
44210.37376903583
 40
5.823689717465264
 50
2.042126337803286
 51
177.9578736621967
 73
     0
 72
     1
 10
-73569.31534174533
 20
44210.16624603062
 11
-73569.32955152726
 21
44210.16624603062
 72
     1
 10
-73569.32955152726
 20
44210.16624603062
 11
-73569.32955152725
 21
44194.10868557381
 72
     2
 10
-73563.50245556001
 20
44189.5656577857
 40
7.388785346377809
 50
217.9413474670777
 51
322.0586525322973
 73
     0
 72
     1
 10
-73557.67535959282
 20
44194.10868557386
 11
-73557.67535959282
 21
44210.16624603062
 97
        0
 75
     0
 76
     1
 52
45.0
 41
0.3
 77
     0
 78
     2
 53
90.0
 43
-74987.35567473286
 44
45191.80602329261
 45
-0.9524999999999998
 46
0.0000000000000002
 79
     0
 53
180.0
 43
-74987.35567473286
 44
45191.80602329261
 45
-0.0000000000000002
 46
-0.9524999999999998
 79
     0
 98
        1
 10
-74987.35567473286
 20
45191.80602329261
1001
ACAD
1010
0.0
1020
0.0
1030
0.0
  0
LWPOLYLINE
  5
154
102
{ACAD_REACTORS
330
173
102
}
330
2
100
AcDbEntity
  8
ART_SILIKON
100
AcDbPolyline
 90
        6
 70
     1
 43
0.0
 10
-73557.67535959282
 20
44210.16624603062
 10
-73557.67535959282
 20
44210.16624603062
 42
-0.9649785779162428
 10
-73569.31534174533
 20
44210.16624603062
 10
-73569.32955152726
 20
44210.16624603062
 10
-73569.32955152725
 20
44194.10868557381
 42
-0.4883663447889405
 10
-73557.67535959282
 20
44194.10868557386
1001
ACDBBLOCKREPETAG
1070
     1
1071
      434
1005
154
  0
TEXT
  5
155
330
2
100
AcDbEntity
  8
ART_YZ
100
AcDbText
 10
-73601.41833358853
 20
44177.42706633196
 30
0.0
 40
6.0
  1
SOSIS FITIL TARAMA
  7
YZ
100
AcDbText
  0
TEXT
  5
156
330
2
100
AcDbEntity
  8
ART_YZ
100
AcDbText
 10
-73601.41833358853
 20
44165.51060199702
 30
0.0
 40
6.0
  1
SILIKON TARAMA
  7
YZ
100
AcDbText
  0
HATCH
  5
157
330
2
100
AcDbEntity
  8
ART_TARAMA
100
AcDbHatch
 10
0.0
 20
0.0
 30
0.0
210
0.0
220
0.0
230
1.0
  2
ANSI31
 70
     0
 71
     0
 91
        1
 92
        1
 93
        7
 72
     1
 10
-73790.87305949237
 20
44201.40321787141
 11
-73790.87305949237
 21
44229.40321787143
 72
     2
 10
-73788.87305949237
 20
44229.40321787143
 40
2.0
 50
180.0
 51
270.0
 73
     0
 72
     1
 10
-73788.87305949237
 20
44231.40321787141
 11
-73649.03105646513
 21
44231.40321787141
 72
     1
 10
-73649.03105646513
 20
44231.40321787141
 11
-73649.03105646513
 21
44229.40321787143
 72
     1
 10
-73649.03105646513
 20
44229.40321787143
 11
-73788.87305949237
 21
44229.40321787143
 72
     1
 10
-73788.87305949237
 20
44229.40321787143
 11
-73788.87305949237
 21
44201.40321787141
 72
     1
 10
-73788.87305949237
 20
44201.40321787141
 11
-73790.87305949237
 21
44201.40321787141
 97
        0
 75
     0
 76
     1
 52
0.0
 41
0.1
 77
     0
 78
     1
 53
45.0
 43
-75329.13399633464
 44
45191.80602329261
 45
-0.2245064030267288
 46
0.2245064030267288
 79
     0
 98
        1
 10
-75329.13399633464
 20
45191.80602329261
1001
ACAD
1010
0.0
1020
0.0
1030
0.0
  0
LWPOLYLINE
  5
158
330
2
100
AcDbEntity
  8
ART_ALU LEVHA
100
AcDbPolyline
 90
        7
 70
     1
 43
0.0
 10
-73790.87305949237
 20
44201.40321787141
 10
-73790.87305949237
 20
44229.40321787143
 42
-0.4142135623730951
 10
-73788.87305949237
 20
44231.40321787141
 10
-73649.03105646513
 20
44231.40321787141
 10
-73649.03105646513
 20
44229.40321787143
 10
-73788.87305949237
 20
44229.40321787143
 10
-73788.87305949237
 20
44201.40321787141
  0
TEXT
  5
15B
330
2
100
AcDbEntity
  8
ART_YZ
100
AcDbText
 10
-73773.51957882641
 20
44177.42706633196
 30
0.0
 40
6.0
  1
ALUMINYUM LEVHA TARAMA
  7
YZ
100
AcDbText
  0
HATCH
  5
15C
330
2
100
AcDbEntity
  8
ART_TARAMA
100
AcDbHatch
 10
0.0
 20
0.0
 30
0.0
210
0.0
220
0.0
230
1.0
  2
ANSI37
 70
     0
 71
     0
 91
        2
 92
        1
 93
       39
 72
     2
 10
-73432.92938829867
 20
44208.79284211103
 40
0.2999999999992724
 50
90.0
 51
180.0
 73
     1
 72
     1
 10
-73433.22938829867
 20
44208.79284211103
 11
-73433.22938829867
 21
44207.91228764405
 72
     2
 10
-73433.72938829867
 20
44207.91228764403
 40
0.5
 50
359.9999999995831
 51
481.187622495865
 73
     0
 72
     1
 10
-73433.98830940593
 20
44207.48454956971
 11
-73436.53547130418
 21
44209.02641366511
 72
     2
 10
-73434.98194466071
 20
44211.59284211103
 40
2.999999999998198
 50
121.1876224961497
 51
270.0
 73
     0
 72
     1
 10
-73434.98194466071
 20
44214.59284211104
 11
-73433.72938829867
 21
44214.59284211104
 72
     2
 10
-73433.72938829867
 20
44214.09284211105
 40
0.5
 50
270.0
 51
360.0
 73
     0
 72
     1
 10
-73433.22938829867
 20
44214.09284211105
 11
-73433.22938829867
 21
44213.39284211105
 72
     2
 10
-73432.92938829867
 20
44213.39284211105
 40
0.3000000000029104
 50
180.0
 51
270.0
 73
     1
 72
     1
 10
-73432.92938829867
 20
44213.09284211103
 11
-73432.62938829866
 21
44213.09284211103
 72
     2
 10
-73432.62938829866
 20
44213.59284211104
 40
0.5
 50
270.0
 51
360.0
 73
     1
 72
     1
 10
-73432.12938829866
 20
44213.59284211104
 11
-73432.12938829866
 21
44215.79284211103
 72
     2
 10
-73432.42938829867
 20
44215.79284211103
 40
0.3000000000029104
 50
0.0
 51
90.0
 73
     1
 72
     1
 10
-73432.42938829867
 20
44216.09284211103
 11
-73451.82938829868
 21
44216.09284211103
 72
     2
 10
-73451.82938829868
 20
44215.79284211103
 40
0.2999999999992724
 50
90.0
 51
180.0
 73
     1
 72
     1
 10
-73452.12938829867
 20
44215.79284211103
 11
-73452.12938829867
 21
44213.59284211104
 72
     2
 10
-73451.62938829866
 20
44213.59284211104
 40
0.5
 50
180.0
 51
270.0
 73
     1
 72
     1
 10
-73451.62938829866
 20
44213.09284211103
 11
-73451.32938829867
 21
44213.09284211103
 72
     2
 10
-73451.32938829867
 20
44213.39284211105
 40
0.3000000000029104
 50
270.0
 51
360.0
 73
     1
 72
     1
 10
-73451.02938829867
 20
44213.39284211105
 11
-73451.02938829867
 21
44214.09284211105
 72
     2
 10
-73450.52938829867
 20
44214.09284211105
 40
0.5
 50
180.0
 51
270.0
 73
     0
 72
     1
 10
-73450.52938829867
 20
44214.59284211104
 11
-73449.27683193664
 21
44214.59284211104
 72
     2
 10
-73449.27683193661
 20
44211.59284211103
 40
3.0
 50
270.0
 51
418.8123775038503
 73
     0
 72
     1
 10
-73447.72330529317
 20
44209.02641366511
 11
-73450.27046719144
 21
44207.48454956971
 72
     2
 10
-73450.52938829867
 20
44207.91228764403
 40
0.4999999999967784
 50
58.81237750413493
 51
180.0000000004169
 73
     0
 72
     1
 10
-73451.02938829867
 20
44207.91228764405
 11
-73451.02938829867
 21
44208.79284211103
 72
     2
 10
-73451.32938829867
 20
44208.79284211103
 40
0.3000000000029104
 50
0.0
 51
90.0
 73
     1
 72
     1
 10
-73451.32938829867
 20
44209.09284211103
 11
-73451.62938829866
 21
44209.09284211103
 72
     2
 10
-73451.62938829866
 20
44208.59284211103
 40
0.5
 50
90.0
 51
180.0
 73
     1
 72
     1
 10
-73452.12938829867
 20
44208.59284211103
 11
-73452.12938829867
 21
44201.59284211103
 72
     2
 10
-73451.62938829866
 20
44201.59284211103
 40
0.5
 50
180.0
 51
270.0
 73
     1
 72
     1
 10
-73451.62938829866
 20
44201.09284211103
 11
-73442.32938829867
 21
44201.09284211103
 72
     1
 10
-73442.32938829867
 20
44201.09284211103
 11
-73442.12938829866
 21
44201.29284211103
 72
     1
 10
-73442.12938829866
 20
44201.29284211103
 11
-73441.92938829866
 21
44201.09284211103
 72
     1
 10
-73441.92938829866
 20
44201.09284211103
 11
-73432.62938829866
 21
44201.09284211103
 72
     2
 10
-73432.62938829866
 20
44201.59284211103
 40
0.5
 50
270.0
 51
360.0
 73
     1
 72
     1
 10
-73432.12938829866
 20
44201.59284211103
 11
-73432.12938829866
 21
44208.59284211103
 72
     2
 10
-73432.62938829866
 20
44208.59284211103
 40
0.5
 50
0.0
 51
90.0
 73
     1
 72
     1
 10
-73432.62938829866
 20
44209.09284211103
 11
-73432.92938829867
 21
44209.09284211103
 97
        0
 92
       16
 93
       20
 72
     2
 10
-73442.12938829866
 20
44211.09284211103
 40
3.750000000007556
 50
227.9638457934061
 51
236.1254033984734
 73
     1
 72
     2
 10
-73443.82938829867
 20
44208.56055065862
 40
0.7000000000004568
 50
236.1254033985348
 51
360.0
 73
     1
 72
     1
 10
-73443.12938829866
 20
44208.56055065862
 11
-73443.12938829866
 21
44208.78795599672
 72
     2
 10
-73443.62938829866
 20
44208.78795599672
 40
0.4999999999963621
 50
0.0
 51
56.94426884933033
 73
     1
 72
     2
 10
-73442.12938829866
 20
44211.09284211103
 40
2.250000000001593
 50
123.055731150918
 51
416.9442688491596
 73
     0
 72
     2
 10
-73440.62938829866
 20
44208.78795599671
 40
0.4999999999980794
 50
123.0557311500929
 51
179.9999999995831
 73
     1
 72
     1
 10
-73441.12938829867
 20
44208.78795599672
 11
-73441.12938829867
 21
44208.56055065862
 72
     2
 10
-73440.42938829867
 20
44208.56055065862
 40
0.7000000000007276
 50
180.0
 51
303.8745966014652
 73
     1
 72
     2
 10
-73442.12938829866
 20
44211.09284211103
 40
3.750000000007648
 50
303.8745966015266
 51
312.0361542065938
 73
     1
 72
     2
 10
-73438.94879112546
 20
44207.56491047596
 40
0.9999999999996703
 50
227.9638457934721
 51
301.1876224961138
 73
     0
 72
     1
 10
-73438.43094891097
 20
44208.42038662461
 11
-73433.87046719143
 21
44205.65980708475
 72
     2
 10
-73434.12938829867
 20
44205.23206901042
 40
0.5000000000036584
 50
301.1876224963624
 51
360.0
 73
     0
 72
     1
 10
-73433.62938829867
 20
44205.23206901042
 11
-73433.62938829867
 21
44203.09284211104
 72
     2
 10
-73434.12938829867
 20
44203.09284211104
 40
0.5
 50
360.0
 51
450.0
 73
     0
 72
     1
 10
-73434.12938829867
 20
44202.59284211105
 11
-73450.12938829866
 21
44202.59284211105
 72
     2
 10
-73450.12938829866
 20
44203.09284211104
 40
0.5
 50
90.0
 51
180.0
 73
     0
 72
     1
 10
-73450.62938829866
 20
44203.09284211104
 11
-73450.62938829866
 21
44205.23206901042
 72
     2
 10
-73450.12938829866
 20
44205.23206901042
 40
0.5
 50
179.9999999995831
 51
238.8123775034217
 73
     0
 72
     1
 10
-73450.38830940591
 20
44205.65980708475
 11
-73445.82782768637
 21
44208.42038662461
 72
     2
 10
-73445.30998547189
 20
44207.56491047596
 40
1.000000000000435
 50
238.8123775038863
 51
312.036154206528
 73
     0
 97
        0
 75
     0
 76
     1
 52
0.0
 41
0.1
 77
     0
 78
     2
 53
45.0
 43
-91920.6908601509
 44
61968.35496088558
 45
-0.2245064030267288
 46
0.2245064030267288
 79
     0
 53
135.0
 43
-91920.6908601509
 44
61968.35496088558
 45
-0.2245064030267288
 46
-0.2245064030267288
 79
     0
 98
        1
 10
-91920.6908601509
 20
61968.35496088558
1001
ACAD
1010
0.0
1020
0.0
1030
0.0
1001
ACDBBLOCKREPETAG
1070
     1
1071
      151
1005
15C
  0
LWPOLYLINE
  5
15D
330
2
100
AcDbEntity
  8
ART_PVC
100
AcDbPolyline
 90
       20
 70
     1
 43
0.0
 10
-73444.640386067
 20
44208.30763292546
 42
0.0356265746498536
 10
-73444.2195522331
 20
44207.97936901379
 42
0.6001161394769281
 10
-73443.12938829866
 20
44208.56055065862
 10
-73443.12938829866
 20
44208.78795599672
 42
0.2537088048817857
 10
-73443.35666102594
 20
44209.20702619931
 42
-3.369924076215381
 10
-73440.9021155714
 20
44209.20702619931
 42
0.2537088048817857
 10
-73441.12938829867
 20
44208.78795599672
 10
-73441.12938829867
 20
44208.56055065862
 42
0.6001161394768971
 10
-73440.03922436424
 20
44207.97936901379
 42
0.0356265746498528
 10
-73439.61839053035
 20
44208.30763292546
 42
-0.3308334765815833
 10
-73438.43094891097
 20
44208.42038662461
 10
-73433.87046719143
 20
44205.65980708475
 42
-0.2624028137917227
 10
-73433.62938829867
 20
44205.23206901042
 10
-73433.62938829867
 20
44203.09284211104
 42
-0.4142135623731054
 10
-73434.12938829867
 20
44202.59284211105
 10
-73450.12938829866
 20
44202.59284211105
 42
-0.4142135623730951
 10
-73450.62938829866
 20
44203.09284211104
 10
-73450.62938829866
 20
44205.23206901042
 42
-0.2624028137916707
 10
-73450.38830940591
 20
44205.65980708475
 10
-73445.82782768637
 20
44208.42038662461
 42
-0.3308334765816032
1001
ACDBBLOCKREPETAG
1070
     1
1071
      152
1005
15D
  0
LWPOLYLINE
  5
160
330
2
100
AcDbEntity
  8
ART_PVC
100
AcDbPolyline
 90
       39
 70
     1
 43
0.0
 10
-73432.92938829867
 20
44209.09284211103
 42
0.4142135623730951
 10
-73433.22938829867
 20
44208.79284211103
 10
-73433.22938829867
 20
44207.91228764405
 42
-0.5842803724374722
 10
-73433.98830940593
 20
44207.48454956971
 10
-73436.53547130418
 20
44209.02641366511
 42
-0.75912643941284
 10
-73434.98194466071
 20
44214.59284211104
 10
-73433.72938829867
 20
44214.59284211104
 42
-0.4142135623731618
 10
-73433.22938829867
 20
44214.09284211105
 10
-73433.22938829867
 20
44213.39284211105
 42
0.4142135623729843
 10
-73432.92938829867
 20
44213.09284211103
 10
-73432.62938829866
 20
44213.09284211103
 42
0.4142135623730284
 10
-73432.12938829866
 20
44213.59284211104
 10
-73432.12938829866
 20
44215.79284211103
 42
0.4142135623730951
 10
-73432.42938829867
 20
44216.09284211103
 10
-73451.82938829868
 20
44216.09284211103
 42
0.4142135623730951
 10
-73452.12938829867
 20
44215.79284211103
 10
-73452.12938829867
 20
44213.59284211104
 42
0.4142135623730284
 10
-73451.62938829866
 20
44213.09284211103
 10
-73451.32938829867
 20
44213.09284211103
 42
0.4142135623729843
 10
-73451.02938829867
 20
44213.39284211105
 10
-73451.02938829867
 20
44214.09284211105
 42
-0.4142135623731618
 10
-73450.52938829867
 20
44214.59284211104
 10
-73449.27683193661
 20
44214.59284211104
 42
-0.7591264394128732
 10
-73447.72330529317
 20
44209.02641366511
 10
-73450.27046719143
 20
44207.48454956971
 42
-0.5842803724374722
 10
-73451.02938829867
 20
44207.91228764405
 10
-73451.02938829867
 20
44208.79284211103
 42
0.4142135623730951
 10
-73451.32938829867
 20
44209.09284211103
 10
-73451.62938829866
 20
44209.09284211103
 42
0.4142135623730951
 10
-73452.12938829867
 20
44208.59284211103
 10
-73452.12938829867
 20
44201.59284211103
 42
0.4142135623730784
 10
-73451.62938829866
 20
44201.09284211103
 10
-73442.32938829867
 20
44201.09284211103
 10
-73442.12938829866
 20
44201.29284211103
 10
-73441.92938829866
 20
44201.09284211103
 10
-73432.62938829866
 20
44201.09284211103
 42
0.4142135623731062
 10
-73432.12938829866
 20
44201.59284211103
 10
-73432.12938829866
 20
44208.59284211103
 42
0.4142135623730951
 10
-73432.62938829866
 20
44209.09284211103
1001
ACDBBLOCKREPETAG
1070
     1
1071
      153
1005
160
  0
TEXT
  5
161
330
2
100
AcDbEntity
  8
ART_YZ
100
AcDbText
 10
-73471.15935593164
 20
44177.42706633196
 30
0.0
 40
6.0
  1
PVC TARAMA
  7
YZ
100
AcDbText
  0
HATCH
  5
162
330
2
100
AcDbEntity
  8
ART_V.CAM TARAMA
100
AcDbHatch
 10
0.0
 20
0.0
 30
0.0
210
0.0
220
0.0
230
1.0
  2
SOLID
 70
     1
 71
     0
 91
        1
 92
        1
 93
        4
 72
     1
 10
-72409.15371317481
 20
43869.44796504926
 11
-71774.17759124466
 21
43869.44796504926
 72
     1
 10
-71774.17759124468
 20
43869.44796504926
 11
-71774.17759124468
 21
43702.88079320466
 72
     1
 10
-71774.17759124468
 20
43702.88079320466
 11
-72409.15371317485
 21
43702.88079320466
 72
     1
 10
-72409.15371317481
 20
43702.88079320466
 11
-72409.15371317481
 21
43869.44796504926
 97
        0
 75
     0
 76
     1
 98
        1
 10
-73221.34314301937
 20
43168.37634909327
450
        0
451
        0
460
0.0
461
0.0
452
        0
462
0.0
453
        0
470

1001
ACAD
1010
0.0
1020
0.0
1030
0.0
  0
LWPOLYLINE
  5
165
330
2
100
AcDbEntity
  8
ART_CAM
100
AcDbPolyline
 90
        4
 70
     1
 43
0.0
 10
-72409.15371317481
 20
43869.44796504926
 10
-71774.17759124468
 20
43869.44796504926
 10
-71774.17759124468
 20
43702.88079320466
 10
-72409.15371317481
 20
43702.88079320466
  0
TEXT
  5
168
330
2
100
AcDbEntity
  8
ART_YZ
100
AcDbText
 10
-72355.75543370875
 20
43641.90507801058
 30
0.0
 40
30.0
  1
VIZYON CAM TARAMA
  7
YZ
100
AcDbText
  0
HATCH
  5
169
330
2
100
AcDbEntity
  8
ART_TARAMA
100
AcDbHatch
 10
0.0
 20
0.0
 30
0.0
210
0.0
220
0.0
230
1.0
  2
ANSI35
 70
     0
 71
     0
 91
        1
 92
        1
 93
        4
 72
     1
 10
-73191.12224946222
 20
44352.91456090483
 11
-72691.12224946222
 21
44352.91456090483
 72
     1
 10
-72691.12224946222
 20
44352.91456090483
 11
-72691.12224946222
 21
44152.91456090483
 72
     1
 10
-72691.12224946222
 20
44152.91456090483
 11
-73191.12224946222
 21
44152.91456090483
 72
     1
 10
-73191.12224946222
 20
44152.91456090483
 11
-73191.12224946222
 21
44352.91456090483
 97
        0
 75
     0
 76
     1
 52
0.0
 41
3.0
 77
     0
 78
     2
 53
45.0
 43
-75092.03634601472
 44
45191.80602329261
 45
-13.47038418160372
 46
13.47038418160373
 79
     0
 53
45.0
 43
-75078.56595601473
 44
45191.80602329261
 45
-13.47038418160372
 46
13.47038418160373
 79
     4
 49
23.8125
 49
-4.762499999999998
 49
0.0
 49
-4.762499999999998
 98
        1
 10
-75092.03634601472
 20
45191.80602329261
1001
ACAD
1010
0.0
1020
0.0
1030
0.0
  0
LWPOLYLINE
  5
16A
330
2
100
AcDbEntity
  8
ART_BINA
100
AcDbPolyline
 90
        4
 70
     1
 43
0.0
 10
-73191.12224946222
 20
44352.91456090483
 10
-72691.12224946222
 20
44352.91456090483
 10
-72691.12224946222
 20
44152.91456090483
 10
-73191.12224946222
 20
44152.91456090483
  0
HATCH
  5
16D
330
2
100
AcDbEntity
  8
ART_TARAMA
100
AcDbHatch
 10
0.0
 20
0.0
 30
0.0
210
0.0
220
0.0
230
1.0
  2
ANSI31
 70
     0
 71
     0
 91
        1
 92
        1
 93
        4
 72
     1
 10
-72618.58368873983
 20
44352.91456090483
 11
-72118.58368873985
 21
44352.91456090483
 72
     1
 10
-72118.58368873985
 20
44352.91456090483
 11
-72118.58368873985
 21
44152.91456090483
 72
     1
 10
-72118.58368873985
 20
44152.91456090483
 11
-72618.58368873983
 21
44152.91456090483
 72
     1
 10
-72618.58368873983
 20
44152.91456090483
 11
-72618.58368873983
 21
44352.91456090483
 97
        0
 75
     0
 76
     1
 52
0.0
 41
3.0
 77
     0
 78
     1
 53
45.0
 43
-75092.03634601472
 44
45191.80602329261
 45
-6.735192090801862
 46
6.735192090801865
 79
     0
 98
        1
 10
-74519.49778529233
 20
45191.80602329261
1001
ACAD
1010
0.0
1020
0.0
1030
0.0
  0
LWPOLYLINE
  5
16E
330
2
100
AcDbEntity
  8
ART_BINA
100
AcDbPolyline
 90
        4
 70
     1
 43
0.0
 10
-72618.58368873983
 20
44352.91456090483
 10
-72118.58368873985
 20
44352.91456090483
 10
-72118.58368873985
 20
44152.91456090483
 10
-72618.58368873983
 20
44152.91456090483
  0
TEXT
  5
16F
330
2
100
AcDbEntity
  8
ART_YZ
100
AcDbText
 10
-72977.00830113121
 20
44131.29269745403
 30
0.0
 40
6.0
  1
BETON TARAMA
  7
YZ
100
AcDbText
  0
TEXT
  5
170
330
2
100
AcDbEntity
  8
ART_YZ
100
AcDbText
 10
-72408.555950824
 20
44131.29269745403
 30
0.0
 40
6.0
  1
TUGLA TARAMA
  7
YZ
100
AcDbText
  0
DIMENSION
  5
171
102
{ACAD_XDICTIONARY
360
172
102
}
102
{ACAD_REACTORS
330
173
102
}
330
2
100
AcDbEntity
  8
DIM-DTY
100
AcDbDimension
280
     0
  2
*D15
 10
-73557.67535959282
 20
44187.78862763846
 30
0.0
 11
-73563.50245556003
 21
44189.66362763846
 31
0.0
 71
     5
 42
11.6541919344163
 73
     0
 74
     0
 75
     0
  3
1-1
100
AcDbAlignedDimension
 13
-73569.32955152725
 23
44194.10868557381
 33
0.0
 14
-73557.67535959282
 24
44194.10868557381
 34
0.0
100
AcDbRotatedDimension
  0
LWPOLYLINE
  5
183
330
2
100
AcDbEntity
  8
ART_ALU LEVHA
100
AcDbPolyline
 90
        7
 70
     1
 43
0.0
 10
-76067.34410000658
 20
44522.97472174977
 10
-76067.34410000658
 20
44550.97472174976
 42
-0.4142135623730951
 10
-76065.34410000658
 20
44552.97472174976
 10
-75925.50209697934
 20
44552.97472174976
 10
-75925.50209697934
 20
44550.97472174976
 10
-76065.34410000658
 20
44550.97472174976
 10
-76065.34410000658
 20
44522.97472174977
  0
HATCH
  5
184
330
2
100
AcDbEntity
  8
ART_P.CAM TARAMA
100
AcDbHatch
 10
0.0
 20
0.0
 30
0.0
210
0.0
220
0.0
230
1.0
  2
SOLID
 70
     1
 71
     0
 91
        1
 92
        1
 93
        4
 72
     1
 10
-73223.09594212843
 20
43865.17609334481
 11
-72588.11982019827
 21
43865.17609334481
 72
     1
 10
-72588.11982019829
 20
43865.17609334481
 11
-72588.11982019829
 21
43698.60892150018
 72
     1
 10
-72588.11982019829
 20
43698.60892150018
 11
-73223.09594212846
 21
43698.60892150018
 72
     1
 10
-73223.09594212843
 20
43698.60892150018
 11
-73223.09594212843
 21
43865.17609334481
 97
        0
 75
     0
 76
     1
 98
        1
 10
-74035.28537197299
 20
43164.1044773888
450
        0
451
        0
460
0.0
461
0.0
452
        0
462
0.0
453
        0
470

1001
ACAD
1010
0.0
1020
0.0
1030
0.0
  0
LWPOLYLINE
  5
187
330
2
100
AcDbEntity
  8
ART_CAM
100
AcDbPolyline
 90
        4
 70
     1
 43
0.0
 10
-73223.09594212843
 20
43865.17609334481
 10
-72588.11982019829
 20
43865.17609334481
 10
-72588.11982019829
 20
43698.60892150018
 10
-73223.09594212843
 20
43698.60892150018
  0
TEXT
  5
188
330
2
100
AcDbEntity
  8
ART_YZ
100
AcDbText
 10
-73169.69766266236
 20
43637.63320630613
 30
0.0
 40
30.0
  1
PARAPET CAM TARAMA
  7
YZ
100
AcDbText
  0
HATCH
  5
189
330
2
100
AcDbEntity
  8
ART_LEVHA TARAMA
100
AcDbHatch
 10
0.0
 20
0.0
 30
0.0
210
0.0
220
0.0
230
1.0
  2
ANSI31
 70
     0
 71
     0
 91
        1
 92
        1
 93
        4
 72
     1
 10
-75774.89733365768
 20
44586.48471150571
 11
-75139.92121172751
 21
44586.48471150571
 72
     1
 10
-75139.92121172753
 20
44586.48471150571
 11
-75139.92121172753
 21
44419.91753966108
 72
     1
 10
-75139.92121172753
 20
44419.91753966108
 11
-75774.89733365768
 21
44419.91753966108
 72
     1
 10
-75774.89733365768
 20
44419.91753966108
 11
-75774.89733365768
 21
44586.48471150571
 97
        0
 75
     0
 76
     1
 52
0.0
 41
1.0
 77
     0
 78
     1
 53
45.0
 43
-76587.08676350223
 44
43164.1044773888
 45
-2.245064030267287
 46
2.245064030267287
 79
     0
 98
        1
 10
-76587.08676350223
 20
43885.4130955497
1001
ACAD
1010
0.0
1020
0.0
1030
0.0
  0
LWPOLYLINE
  5
18C
330
2
100
AcDbEntity
  8
GORUNUS
100
AcDbPolyline
 90
        4
 70
     1
 43
0.0
 10
-75774.89733365768
 20
44586.48471150571
 10
-75139.92121172753
 20
44586.48471150571
 10
-75139.92121172753
 20
44419.91753966108
 10
-75774.89733365768
 20
44419.91753966108
  0
TEXT
  5
18F
330
2
100
AcDbEntity
  8
ART_YZ
100
AcDbText
 10
-75665.42369068261
 20
44358.941824467
 30
0.0
 40
30.0
  1
LEVHA TARAMA
  7
YZ
100
AcDbText
  0
TEXT
  5
190
330
2
100
AcDbEntity
  8
ART_YZ
100
AcDbText
 10
-74070.04090011131
 20
44511.7781219197
 30
0.0
 40
30.0
  1
MEMBRAN
  7
YZ
100
AcDbText
  0
LWPOLYLINE
  5
191
330
2
100
AcDbEntity
  8
ART_MEMBRAN
100
AcDbPolyline
 90
        2
 70
     0
 43
0.0
 10
-73786.07758894268
 20
44568.60223529324
 10
-74119.3298343971
 20
44568.60223529324
1001
ACDBBLOCKREPETAG
1070
     1
1071
       57
1005
0
  0
LWPOLYLINE
  5
195
330
2
100
AcDbEntity
  8
ART_MEMBRAN
 48
5.0
100
AcDbPolyline
 90
        2
 70
     0
 43
0.75
 10
-73786.07758894268
 20
44568.10223529324
 10
-74119.3298343971
 20
44568.10223529324
1001
ACDBBLOCKREPETAG
1070
     1
1071
       57
1005
0
  0
LWPOLYLINE
  5
196
330
2
100
AcDbEntity
  8
ART_MEMBRAN
100
AcDbPolyline
 90
        2
 70
     0
 43
0.0
 10
-73786.07758894268
 20
44567.60223529323
 10
-74119.3298343971
 20
44567.60223529323
1001
ACDBBLOCKREPETAG
1070
     1
1071
       58
1005
196
  0
LINE
  5
197
102
{ACAD_REACTORS
330
1EF
102
}
330
2
100
AcDbEntity
  8
ART_CAM
100
AcDbLine
 10
-74857.28041715463
 20
44597.03184667077
 30
0.0
 11
-74783.19452780847
 21
44597.03184667077
 31
0.0
1001
ACDBBLOCKREPETAG
1070
     1
1071
       30
1005
197
  0
LINE
  5
198
102
{ACAD_REACTORS
330
1E0
330
1EF
102
}
330
2
100
AcDbEntity
  8
ART_CAM
100
AcDbLine
 10
-74857.28041715463
 20
44603.03184667075
 30
0.0
 11
-74783.19452780847
 21
44603.03184667075
 31
0.0
1001
ACDBBLOCKREPETAG
1070
     1
1071
       31
1005
198
  0
LINE
  5
199
330
2
100
AcDbEntity
  8
ART_TARAMA
100
AcDbLine
 10
-74857.78041715463
 20
44602.03184667077
 30
0.0
 11
-74783.19452780847
 21
44602.03184667077
 31
0.0
1001
ACDBBLOCKREPETAG
1070
     1
1071
       32
1005
199
  0
LINE
  5
19A
330
2
100
AcDbEntity
  8
ART_TARAMA
100
AcDbLine
 10
-74857.78041715463
 20
44601.03184667077
 30
0.0
 11
-74783.19452780847
 21
44601.03184667077
 31
0.0
1001
ACDBBLOCKREPETAG
1070
     1
1071
       33
1005
19A
  0
LINE
  5
19B
330
2
100
AcDbEntity
  8
ART_TARAMA
100
AcDbLine
 10
-74857.78041715463
 20
44600.03184667076
 30
0.0
 11
-74783.19452780847
 21
44600.03184667076
 31
0.0
1001
ACDBBLOCKREPETAG
1070
     1
1071
       34
1005
19B
  0
LINE
  5
19C
330
2
100
AcDbEntity
  8
ART_TARAMA
100
AcDbLine
 10
-74857.78041715463
 20
44599.03184667076
 30
0.0
 11
-74783.19452780847
 21
44599.03184667076
 31
0.0
1001
ACDBBLOCKREPETAG
1070
     1
1071
       35
1005
19C
  0
LINE
  5
19D
330
2
100
AcDbEntity
  8
ART_TARAMA
100
AcDbLine
 10
-74857.78041715463
 20
44598.03184667077
 30
0.0
 11
-74783.19452780847
 21
44598.03184667077
 31
0.0
1001
ACDBBLOCKREPETAG
1070
     1
1071
       36
1005
19D
  0
LWPOLYLINE
  5
19E
330
2
100
AcDbEntity
  8
ART_BOND CITASI
100
AcDbPolyline
 90
        7
 70
     0
 43
0.0
 10
-74845.78041715463
 20
44604.03184667076
 10
-74845.78041715463
 20
44622.03184667075
 10
-74849.07331037389
 20
44622.03184667075
 10
-74850.78041715461
 20
44620.32473988958
 10
-74850.78041715461
 20
44605.73895345196
 10
-74849.07331037389
 20
44604.03184667076
 10
-74845.78041715463
 20
44604.03184667076
1001
ACDBBLOCKREPETAG
1070
     1
1071
       37
1005
19E
  0
LWPOLYLINE
  5
1A1
330
2
100
AcDbEntity
  8
ART_BOND CITASI
100
AcDbPolyline
 90
        7
 70
     0
 43
0.0
 10
-74845.28041715463
 20
44603.53184667076
 10
-74849.28041715555
 20
44603.53184667076
 10
-74851.28041715461
 20
44605.53184667077
 10
-74851.28041715461
 20
44620.53184667077
 10
-74849.28041715555
 20
44622.53184667076
 10
-74845.28041715463
 20
44622.53184667076
 10
-74845.28041715463
 20
44603.53184667076
1001
ACDBBLOCKREPETAG
1070
     1
1071
       38
1005
1A1
  0
LWPOLYLINE
  5
1A2
330
2
100
AcDbEntity
  8
ART_BOND CITASI
100
AcDbPolyline
 90
        4
 70
     1
 43
0.0
 10
-74845.28041715463
 20
44603.53184667076
 10
-74845.28041715463
 20
44603.03184667075
 10
-74849.28041715555
 20
44603.03184667075
 10
-74849.28041715555
 20
44603.53184667076
1001
ACDBBLOCKREPETAG
1070
     1
1071
       39
1005
1A2
  0
LWPOLYLINE
  5
1A3
330
2
100
AcDbEntity
  8
ART_BOND CITASI
100
AcDbPolyline
 90
        4
 70
     1
 43
0.0
 10
-74845.28041715463
 20
44622.53184667076
 10
-74845.28041715463
 20
44623.03184667076
 10
-74849.28041715555
 20
44623.03184667076
 10
-74849.28041715555
 20
44622.53184667076
1001
ACDBBLOCKREPETAG
1070
     1
1071
       40
1005
1A3
  0
HATCH
  5
1A4
330
2
100
AcDbEntity
  8
ART_TARAMA
100
AcDbHatch
 10
0.0
 20
0.0
 30
0.0
210
0.0
220
0.0
230
1.0
  2
_USER
 70
     0
 71
     0
 91
        1
 92
        1
 93
        8
 72
     1
 10
-74857.28041715463
 20
44623.03184667076
 11
-74849.28041715555
 21
44623.03184667076
 72
     1
 10
-74849.28041715555
 20
44623.03184667076
 11
-74849.28041715555
 21
44622.53184667076
 72
     1
 10
-74849.28041715555
 20
44622.53184667076
 11
-74851.28041715461
 21
44620.53184667077
 72
     1
 10
-74851.28041715461
 20
44620.53184667077
 11
-74851.28041715461
 21
44605.53184667077
 72
     1
 10
-74851.28041715461
 20
44605.53184667077
 11
-74849.28041715555
 21
44603.53184667076
 72
     1
 10
-74849.28041715555
 20
44603.53184667076
 11
-74849.28041715555
 21
44603.03184667075
 72
     1
 10
-74849.28041715555
 20
44603.03184667075
 11
-74857.28041715463
 21
44603.03184667075
 72
     1
 10
-74857.28041715463
 20
44603.03184667075
 11
-74857.28041715463
 21
44623.03184667076
 97
        0
 75
     0
 76
     0
 52
270.0
 41
1.0
 77
     1
 78
     2
 53
270.0
 43
-69188.00383692162
 44
38450.4496291061
 45
1.0
 46
-0.0000000000000002
 79
     0
 53
360.0
 43
-69188.00383692162
 44
38450.4496291061
 45
0.0
 46
1.0
 79
     0
 98
        1
 10
-69188.00383692162
 20
38450.4496291061
1001
ACAD
1010
-7.999999999998181
1020
0.0
1030
0.0
1001
ACDBBLOCKREPETAG
1070
     1
1071
       41
1005
1A4
  0
LWPOLYLINE
  5
1A5
330
2
100
AcDbEntity
  8
ART_BOND CITASI
100
AcDbPolyline
 90
        8
 70
     1
 43
0.0
 10
-74857.28041715463
 20
44623.03184667076
 10
-74849.28041715555
 20
44623.03184667076
 10
-74849.28041715555
 20
44622.53184667076
 10
-74851.28041715461
 20
44620.53184667077
 10
-74851.28041715461
 20
44605.53184667077
 10
-74849.28041715555
 20
44603.53184667076
 10
-74849.28041715555
 20
44603.03184667075
 10
-74857.28041715463
 20
44603.03184667075
1001
ACDBBLOCKREPETAG
1070
     1
1071
       42
1005
1A5
  0
LINE
  5
1A6
330
2
100
AcDbEntity
  8
ART_CAM
100
AcDbLine
 10
-74857.28041715463
 20
44629.03184667077
 30
0.0
 11
-74857.78041715463
 21
44628.53184667077
 31
0.0
1001
ACDBBLOCKREPETAG
1070
     1
1071
       43
1005
1A6
  0
LINE
  5
1A7
102
{ACAD_REACTORS
330
1D1
102
}
330
2
100
AcDbEntity
  8
ART_CAM
100
AcDbLine
 10
-74857.28041715463
 20
44629.03184667077
 30
0.0
 11
-74783.19452780847
 21
44629.03184667077
 31
0.0
1001
ACDBBLOCKREPETAG
1070
     1
1071
       44
1005
1A7
  0
LINE
  5
1A8
102
{ACAD_REACTORS
330
1D1
330
1E0
102
}
330
2
100
AcDbEntity
  8
ART_CAM
100
AcDbLine
 10
-74857.28041715463
 20
44623.03184667076
 30
0.0
 11
-74783.19452780847
 21
44623.03184667076
 31
0.0
1001
ACDBBLOCKREPETAG
1070
     1
1071
       45
1005
1A8
  0
LINE
  5
1A9
330
2
100
AcDbEntity
  8
ART_TARAMA
100
AcDbLine
 10
-74857.78041715463
 20
44624.03184667077
 30
0.0
 11
-74783.19452780847
 21
44624.03184667077
 31
0.0
1001
ACDBBLOCKREPETAG
1070
     1
1071
       46
1005
1A9
  0
LINE
  5
1AA
330
2
100
AcDbEntity
  8
ART_TARAMA
100
AcDbLine
 10
-74857.78041715463
 20
44625.03184667077
 30
0.0
 11
-74783.19452780847
 21
44625.03184667077
 31
0.0
1001
ACDBBLOCKREPETAG
1070
     1
1071
       47
1005
1AA
  0
LINE
  5
1AB
330
2
100
AcDbEntity
  8
ART_TARAMA
100
AcDbLine
 10
-74857.78041715463
 20
44626.03184667075
 30
0.0
 11
-74783.19452780847
 21
44626.03184667075
 31
0.0
1001
ACDBBLOCKREPETAG
1070
     1
1071
       48
1005
1AB
  0
LINE
  5
1AC
330
2
100
AcDbEntity
  8
ART_TARAMA
100
AcDbLine
 10
-74857.78041715463
 20
44627.03184667077
 30
0.0
 11
-74783.19452780847
 21
44627.03184667077
 31
0.0
1001
ACDBBLOCKREPETAG
1070
     1
1071
       49
1005
1AC
  0
LINE
  5
1AD
330
2
100
AcDbEntity
  8
ART_TARAMA
100
AcDbLine
 10
-74857.78041715463
 20
44628.03184667077
 30
0.0
 11
-74783.19452780847
 21
44628.03184667078
 31
0.0
1001
ACDBBLOCKREPETAG
1070
     1
1071
       50
1005
1AD
  0
LINE
  5
1AE
330
2
100
AcDbEntity
  8
ART_CAM
100
AcDbLine
 10
-74857.78041715463
 20
44623.53184667077
 30
0.0
 11
-74857.78041715463
 21
44628.53184667077
 31
0.0
1001
ACDBBLOCKREPETAG
1070
     1
1071
       51
1005
1AE
  0
LINE
  5
1AF
330
2
100
AcDbEntity
  8
ART_CAM
100
AcDbLine
 10
-74857.28041715463
 20
44623.03184667076
 30
0.0
 11
-74857.78041715463
 21
44623.53184667077
 31
0.0
1001
ACDBBLOCKREPETAG
1070
     1
1071
       52
1005
1AF
  0
LINE
  5
1B0
330
2
100
AcDbEntity
  8
ART_CAM
100
AcDbLine
 10
-74857.28041715463
 20
44597.03184667077
 30
0.0
 11
-74857.78041715463
 21
44597.53184667077
 31
0.0
1001
ACDBBLOCKREPETAG
1070
     1
1071
       53
1005
1B0
  0
LINE
  5
1B1
330
2
100
AcDbEntity
  8
ART_CAM
100
AcDbLine
 10
-74857.78041715463
 20
44602.53184667076
 30
0.0
 11
-74857.78041715463
 21
44597.53184667077
 31
0.0
1001
ACDBBLOCKREPETAG
1070
     1
1071
       54
1005
1B1
  0
LINE
  5
1B2
330
2
100
AcDbEntity
  8
ART_CAM
100
AcDbLine
 10
-74857.28041715463
 20
44603.03184667075
 30
0.0
 11
-74857.78041715463
 21
44602.53184667076
 31
0.0
1001
ACDBBLOCKREPETAG
1070
     1
1071
       55
1005
1B2
  0
TEXT
  5
1B3
330
2
100
AcDbEntity
  8
ART_YZ
100
AcDbText
 10
-74865.31954418235
 20
44566.48896022393
 30
0.0
 40
6.0
  1
6+20+6 mm ISICAM
  7
YZ
100
AcDbText
  0
LINE
  5
1B4
102
{ACAD_REACTORS
330
20A
102
}
330
2
100
AcDbEntity
  8
ART_CAM
100
AcDbLine
 10
-74642.31261301597
 20
44597.03184667077
 30
0.0
 11
-74568.22672366985
 21
44597.03184667077
 31
0.0
1001
ACDBBLOCKREPETAG
1070
     1
1071
       30
1005
197
  0
LINE
  5
1B5
102
{ACAD_REACTORS
330
20A
330
219
102
}
330
2
100
AcDbEntity
  8
ART_CAM
100
AcDbLine
 10
-74642.31261301597
 20
44603.03184667075
 30
0.0
 11
-74568.22672366985
 21
44603.03184667075
 31
0.0
1001
ACDBBLOCKREPETAG
1070
     1
1071
       31
1005
198
  0
LINE
  5
1B6
330
2
100
AcDbEntity
  8
ART_TARAMA
100
AcDbLine
 10
-74642.81261301598
 20
44602.03184667077
 30
0.0
 11
-74568.22672366984
 21
44602.03184667077
 31
0.0
1001
ACDBBLOCKREPETAG
1070
     1
1071
       32
1005
199
  0
LINE
  5
1B7
330
2
100
AcDbEntity
  8
ART_TARAMA
100
AcDbLine
 10
-74642.81261301598
 20
44601.03184667077
 30
0.0
 11
-74568.22672366984
 21
44601.03184667077
 31
0.0
1001
ACDBBLOCKREPETAG
1070
     1
1071
       33
1005
19A
  0
LINE
  5
1B8
330
2
100
AcDbEntity
  8
ART_TARAMA
100
AcDbLine
 10
-74642.81261301598
 20
44600.03184667076
 30
0.0
 11
-74568.22672366984
 21
44600.03184667076
 31
0.0
1001
ACDBBLOCKREPETAG
1070
     1
1071
       34
1005
19B
  0
LINE
  5
1B9
330
2
100
AcDbEntity
  8
ART_TARAMA
100
AcDbLine
 10
-74642.81261301598
 20
44599.03184667076
 30
0.0
 11
-74568.22672366984
 21
44599.03184667076
 31
0.0
1001
ACDBBLOCKREPETAG
1070
     1
1071
       35
1005
19C
  0
LINE
  5
1BA
330
2
100
AcDbEntity
  8
ART_TARAMA
100
AcDbLine
 10
-74642.81261301598
 20
44598.03184667077
 30
0.0
 11
-74568.22672366984
 21
44598.03184667077
 31
0.0
1001
ACDBBLOCKREPETAG
1070
     1
1071
       36
1005
19D
  0
LWPOLYLINE
  5
1BB
330
2
100
AcDbEntity
  8
ART_BOND CITASI
100
AcDbPolyline
 90
        7
 70
     0
 43
0.0
 10
-74630.81261301597
 20
44604.03184667076
 10
-74630.81261301597
 20
44618.03184667076
 10
-74634.10550623525
 20
44618.03184667076
 10
-74635.81261301598
 20
44616.32473988958
 10
-74635.81261301598
 20
44605.73895345196
 10
-74634.10550623525
 20
44604.03184667076
 10
-74630.81261301597
 20
44604.03184667076
1001
ACDBBLOCKREPETAG
1070
     1
1071
       37
1005
19E
  0
LWPOLYLINE
  5
1BC
330
2
100
AcDbEntity
  8
ART_BOND CITASI
100
AcDbPolyline
 90
        7
 70
     0
 43
0.0
 10
-74630.31261301598
 20
44603.53184667076
 10
-74634.31261301691
 20
44603.53184667076
 10
-74636.31261301598
 20
44605.53184667077
 10
-74636.31261301598
 20
44616.53184667077
 10
-74634.31261301691
 20
44618.53184667075
 10
-74630.31261301598
 20
44618.53184667075
 10
-74630.31261301598
 20
44603.53184667076
1001
ACDBBLOCKREPETAG
1070
     1
1071
       38
1005
1A1
  0
LWPOLYLINE
  5
1BD
330
2
100
AcDbEntity
  8
ART_BOND CITASI
100
AcDbPolyline
 90
        4
 70
     1
 43
0.0
 10
-74630.31261301598
 20
44603.53184667076
 10
-74630.31261301598
 20
44603.03184667075
 10
-74634.31261301691
 20
44603.03184667075
 10
-74634.31261301691
 20
44603.53184667076
1001
ACDBBLOCKREPETAG
1070
     1
1071
       39
1005
1A2
  0
LWPOLYLINE
  5
1BE
330
2
100
AcDbEntity
  8
ART_BOND CITASI
100
AcDbPolyline
 90
        4
 70
     1
 43
0.0
 10
-74630.31261301598
 20
44618.53184667075
 10
-74630.31261301598
 20
44619.03184667076
 10
-74634.31261301691
 20
44619.03184667076
 10
-74634.31261301691
 20
44618.53184667075
1001
ACDBBLOCKREPETAG
1070
     1
1071
       40
1005
1A3
  0
HATCH
  5
1BF
330
2
100
AcDbEntity
  8
ART_TARAMA
100
AcDbHatch
 10
0.0
 20
0.0
 30
0.0
210
0.0
220
0.0
230
1.0
  2
_USER
 70
     0
 71
     0
 91
        1
 92
        1
 93
        8
 72
     1
 10
-74642.31261301597
 20
44619.03184667076
 11
-74634.31261301691
 21
44619.03184667076
 72
     1
 10
-74634.31261301691
 20
44619.03184667076
 11
-74634.31261301691
 21
44618.53184667075
 72
     1
 10
-74634.31261301691
 20
44618.53184667075
 11
-74636.31261301598
 21
44616.53184667077
 72
     1
 10
-74636.31261301598
 20
44616.53184667077
 11
-74636.31261301598
 21
44605.53184667077
 72
     1
 10
-74636.31261301598
 20
44605.53184667077
 11
-74634.31261301691
 21
44603.53184667076
 72
     1
 10
-74634.31261301691
 20
44603.53184667076
 11
-74634.31261301691
 21
44603.03184667075
 72
     1
 10
-74634.31261301691
 20
44603.03184667075
 11
-74642.31261301597
 21
44603.03184667075
 72
     1
 10
-74642.31261301597
 20
44603.03184667075
 11
-74642.31261301597
 21
44619.03184667076
 97
        0
 75
     0
 76
     0
 52
270.0
 41
1.0
 77
     1
 78
     2
 53
270.0
 43
-75857.5918150105
 44
39750.25580412972
 45
1.0
 46
-0.0000000000000002
 79
     0
 53
0.0
 43
-75857.5918150105
 44
39750.25580412972
 45
0.0
 46
1.0
 79
     0
 98
        1
 10
-75857.5918150105
 20
39750.25580412972
1001
ACAD
1010
-7.999999999998181
1020
0.0
1030
0.0
  0
LWPOLYLINE
  5
1C0
330
2
100
AcDbEntity
  8
ART_BOND CITASI
100
AcDbPolyline
 90
        8
 70
     1
 43
0.0
 10
-74642.31261301597
 20
44619.03184667076
 10
-74634.31261301691
 20
44619.03184667076
 10
-74634.31261301691
 20
44618.53184667075
 10
-74636.31261301598
 20
44616.53184667077
 10
-74636.31261301598
 20
44605.53184667077
 10
-74634.31261301691
 20
44603.53184667076
 10
-74634.31261301691
 20
44603.03184667075
 10
-74642.31261301597
 20
44603.03184667075
1001
ACDBBLOCKREPETAG
1070
     1
1071
       42
1005
1A5
  0
LINE
  5
1C1
330
2
100
AcDbEntity
  8
ART_CAM
100
AcDbLine
 10
-74642.31261301597
 20
44625.03184667077
 30
0.0
 11
-74642.81261301598
 21
44624.53184667077
 31
0.0
1001
ACDBBLOCKREPETAG
1070
     1
1071
       43
1005
1A6
  0
LINE
  5
1C2
102
{ACAD_REACTORS
330
228
330
237
102
}
330
2
100
AcDbEntity
  8
ART_CAM
100
AcDbLine
 10
-74642.31261301597
 20
44625.03184667077
 30
0.0
 11
-74568.22672366985
 21
44625.03184667077
 31
0.0
1001
ACDBBLOCKREPETAG
1070
     1
1071
       44
1005
1A7
  0
LINE
  5
1C3
102
{ACAD_REACTORS
330
219
330
228
102
}
330
2
100
AcDbEntity
  8
ART_CAM
100
AcDbLine
 10
-74642.31261301597
 20
44619.03184667076
 30
0.0
 11
-74568.22672366985
 21
44619.03184667076
 31
0.0
1001
ACDBBLOCKREPETAG
1070
     1
1071
       45
1005
1A8
  0
LINE
  5
1C4
330
2
100
AcDbEntity
  8
ART_TARAMA
100
AcDbLine
 10
-74642.81261301598
 20
44620.03184667077
 30
0.0
 11
-74568.22672366984
 21
44620.03184667077
 31
0.0
1001
ACDBBLOCKREPETAG
1070
     1
1071
       46
1005
1A9
  0
LINE
  5
1C5
330
2
100
AcDbEntity
  8
ART_TARAMA
100
AcDbLine
 10
-74642.81261301598
 20
44621.03184667077
 30
0.0
 11
-74568.22672366984
 21
44621.03184667077
 31
0.0
1001
ACDBBLOCKREPETAG
1070
     1
1071
       47
1005
1AA
  0
LINE
  5
1C6
330
2
100
AcDbEntity
  8
ART_TARAMA
100
AcDbLine
 10
-74642.81261301598
 20
44622.03184667075
 30
0.0
 11
-74568.22672366984
 21
44622.03184667075
 31
0.0
1001
ACDBBLOCKREPETAG
1070
     1
1071
       48
1005
1AB
  0
LINE
  5
1C7
330
2
100
AcDbEntity
  8
ART_TARAMA
100
AcDbLine
 10
-74642.81261301598
 20
44623.03184667076
 30
0.0
 11
-74568.22672366984
 21
44623.03184667076
 31
0.0
1001
ACDBBLOCKREPETAG
1070
     1
1071
       49
1005
1AC
  0
LINE
  5
1C8
330
2
100
AcDbEntity
  8
ART_TARAMA
100
AcDbLine
 10
-74642.81261301598
 20
44624.03184667077
 30
0.0
 11
-74568.22672366984
 21
44624.03184667078
 31
0.0
1001
ACDBBLOCKREPETAG
1070
     1
1071
       50
1005
1AD
  0
LINE
  5
1C9
330
2
100
AcDbEntity
  8
ART_CAM
100
AcDbLine
 10
-74642.81261301598
 20
44619.53184667077
 30
0.0
 11
-74642.81261301598
 21
44624.53184667077
 31
0.0
1001
ACDBBLOCKREPETAG
1070
     1
1071
       51
1005
1AE
  0
LINE
  5
1CA
330
2
100
AcDbEntity
  8
ART_CAM
100
AcDbLine
 10
-74642.31261301597
 20
44619.03184667076
 30
0.0
 11
-74642.81261301598
 21
44619.53184667077
 31
0.0
1001
ACDBBLOCKREPETAG
1070
     1
1071
       52
1005
1AF
  0
LINE
  5
1CB
330
2
100
AcDbEntity
  8
ART_CAM
100
AcDbLine
 10
-74642.31261301597
 20
44597.03184667077
 30
0.0
 11
-74642.81261301598
 21
44597.53184667077
 31
0.0
1001
ACDBBLOCKREPETAG
1070
     1
1071
       53
1005
1B0
  0
LINE
  5
1CC
330
2
100
AcDbEntity
  8
ART_CAM
100
AcDbLine
 10
-74642.81261301598
 20
44602.53184667076
 30
0.0
 11
-74642.81261301598
 21
44597.53184667077
 31
0.0
1001
ACDBBLOCKREPETAG
1070
     1
1071
       54
1005
1B1
  0
LINE
  5
1CD
330
2
100
AcDbEntity
  8
ART_CAM
100
AcDbLine
 10
-74642.31261301597
 20
44603.03184667075
 30
0.0
 11
-74642.81261301598
 21
44602.53184667076
 31
0.0
1001
ACDBBLOCKREPETAG
1070
     1
1071
       55
1005
1B2
  0
TEXT
  5
1CE
330
2
100
AcDbEntity
  8
ART_YZ
100
AcDbText
 10
-74650.35174004371
 20
44566.48896022393
 30
0.0
 40
6.0
  1
6+16+(6+0,76PVB+6) mm ISICAM
  7
YZ
100
AcDbText
  0
DIMENSION
  5
1CF
102
{ACAD_XDICTIONARY
360
1D0
102
}
102
{ACAD_REACTORS
330
1D1
102
}
330
2
100
AcDbEntity
  8
DIM-DTY
100
AcDbDimension
280
     0
  2
*D16
 10
-74774.43898575427
 20
44623.03184667078
 30
0.0
 11
-74776.31398575424
 21
44626.0318466708
 31
0.0
 71
     5
 42
6.0
 73
     0
 74
     0
 75
     0
  3
1-1
100
AcDbAlignedDimension
 13
-74783.19452780847
 23
44629.03184667077
 33
0.0
 14
-74783.19452780847
 24
44623.03184667076
 34
0.0
 50
90.0
100
AcDbRotatedDimension
  0
DIMENSION
  5
1DE
102
{ACAD_XDICTIONARY
360
1DF
102
}
102
{ACAD_REACTORS
330
1E0
102
}
330
2
100
AcDbEntity
  8
DIM-DTY
100
AcDbDimension
280
     0
  2
*D17
 10
-74774.43898575427
 20
44603.03184667078
 30
0.0
 11
-74776.31398575424
 21
44613.03184667078
 31
0.0
 71
     5
 42
20.0
 73
     0
 74
     0
 75
     0
  3
1-1
100
AcDbAlignedDimension
 13
-74783.19452780847
 23
44623.03184667076
 33
0.0
 14
-74783.19452780847
 24
44603.03184667075
 34
0.0
 50
90.0
100
AcDbRotatedDimension
  0
DIMENSION
  5
1ED
102
{ACAD_XDICTIONARY
360
1EE
102
}
102
{ACAD_REACTORS
330
1EF
102
}
330
2
100
AcDbEntity
  8
DIM-DTY
100
AcDbDimension
280
     0
  2
*D18
 10
-74774.43898575427
 20
44597.03184667079
 30
0.0
 11
-74776.31398575424
 21
44600.03184667081
 31
0.0
 71
     5
 42
5.999999999992723
 73
     0
 74
     0
 75
     0
  3
1-1
100
AcDbAlignedDimension
 13
-74783.19452780847
 23
44603.03184667075
 33
0.0
 14
-74783.19452780847
 24
44597.03184667077
 34
0.0
 50
90.0
100
AcDbRotatedDimension
  0
LINE
  5
1FC
330
2
100
AcDbEntity
  8
ART_CAM
100
AcDbLine
 10
-74642.31261301597
 20
44631.79184667078
 30
0.0
 11
-74642.81261301598
 21
44631.29184667078
 31
0.0
1001
ACDBBLOCKREPETAG
1070
     1
1071
       43
1005
1A6
  0
LINE
  5
1FD
102
{ACAD_REACTORS
330
24A
102
}
330
2
100
AcDbEntity
  8
ART_CAM
100
AcDbLine
 10
-74642.31261301597
 20
44631.79184667078
 30
0.0
 11
-74568.22672366985
 21
44631.79184667077
 31
0.0
1001
ACDBBLOCKREPETAG
1070
     1
1071
       44
1005
1A7
  0
LINE
  5
1FE
102
{ACAD_REACTORS
330
237
330
24A
102
}
330
2
100
AcDbEntity
  8
ART_CAM
100
AcDbLine
 10
-74642.31261301597
 20
44625.79184667077
 30
0.0
 11
-74568.22672366985
 21
44625.79184667077
 31
0.0
1001
ACDBBLOCKREPETAG
1070
     1
1071
       45
1005
1A8
  0
LINE
  5
1FF
330
2
100
AcDbEntity
  8
ART_TARAMA
100
AcDbLine
 10
-74642.81261301598
 20
44626.79184667077
 30
0.0
 11
-74568.22672366984
 21
44626.79184667077
 31
0.0
1001
ACDBBLOCKREPETAG
1070
     1
1071
       46
1005
1A9
  0
LINE
  5
200
330
2
100
AcDbEntity
  8
ART_TARAMA
100
AcDbLine
 10
-74642.81261301598
 20
44627.79184667078
 30
0.0
 11
-74568.22672366984
 21
44627.79184667076
 31
0.0
1001
ACDBBLOCKREPETAG
1070
     1
1071
       47
1005
1AA
  0
LINE
  5
201
330
2
100
AcDbEntity
  8
ART_TARAMA
100
AcDbLine
 10
-74642.81261301598
 20
44628.79184667078
 30
0.0
 11
-74568.22672366984
 21
44628.79184667078
 31
0.0
1001
ACDBBLOCKREPETAG
1070
     1
1071
       48
1005
1AB
  0
LINE
  5
202
330
2
100
AcDbEntity
  8
ART_TARAMA
100
AcDbLine
 10
-74642.81261301598
 20
44629.79184667076
 30
0.0
 11
-74568.22672366984
 21
44629.79184667076
 31
0.0
1001
ACDBBLOCKREPETAG
1070
     1
1071
       49
1005
1AC
  0
LINE
  5
203
330
2
100
AcDbEntity
  8
ART_TARAMA
100
AcDbLine
 10
-74642.81261301598
 20
44630.79184667077
 30
0.0
 11
-74568.22672366984
 21
44630.79184667077
 31
0.0
1001
ACDBBLOCKREPETAG
1070
     1
1071
       50
1005
1AD
  0
LINE
  5
204
330
2
100
AcDbEntity
  8
ART_CAM
100
AcDbLine
 10
-74642.81261301598
 20
44626.29184667076
 30
0.0
 11
-74642.81261301598
 21
44631.29184667078
 31
0.0
1001
ACDBBLOCKREPETAG
1070
     1
1071
       51
1005
1AE
  0
LINE
  5
205
330
2
100
AcDbEntity
  8
ART_CAM
100
AcDbLine
 10
-74642.31261301597
 20
44625.79184667077
 30
0.0
 11
-74642.81261301598
 21
44626.29184667076
 31
0.0
1001
ACDBBLOCKREPETAG
1070
     1
1071
       52
1005
1AF
  0
LINE
  5
206
330
2
100
AcDbEntity
  8
ART_CAM
100
AcDbLine
 10
-74642.31261301597
 20
44625.03184667077
 30
0.0
 11
-74642.31261301597
 21
44625.79184667077
 31
0.0
  0
LWPOLYLINE
  5
207
330
2
100
AcDbEntity
  8
ART_CAM
  6
HIDDEN
 48
2.0
100
AcDbPolyline
 90
        2
 70
     0
 43
0.5
 10
-74642.31261301597
 20
44625.41184667077
 10
-74568.22672366985
 20
44625.41184667077
  0
DIMENSION
  5
208
102
{ACAD_XDICTIONARY
360
209
102
}
102
{ACAD_REACTORS
330
20A
102
}
330
2
100
AcDbEntity
  8
DIM-DTY
100
AcDbDimension
280
     0
  2
*D19
 10
-74556.0284668879
 20
44603.03184667078
 30
0.0
 11
-74557.90346688787
 21
44600.03184667081
 31
0.0
 71
     5
 42
5.999999999992723
 73
     0
 74
     0
 75
     0
  3
1-1
100
AcDbAlignedDimension
 13
-74568.22672366985
 23
44597.03184667077
 33
0.0
 14
-74568.22672366985
 24
44603.03184667075
 34
0.0
 50
90.0
100
AcDbRotatedDimension
  0
DIMENSION
  5
217
102
{ACAD_XDICTIONARY
360
218
102
}
102
{ACAD_REACTORS
330
219
102
}
330
2
100
AcDbEntity
  8
DIM-DTY
100
AcDbDimension
280
     0
  2
*D11
 10
-74556.0284668879
 20
44619.03184667078
 30
0.0
 11
-74557.90346688787
 21
44611.0318466708
 31
0.0
 71
     5
 42
16.0
 73
     0
 74
     0
 75
     0
  3
1-1
100
AcDbAlignedDimension
 13
-74568.22672366985
 23
44603.03184667075
 33
0.0
 14
-74568.22672366985
 24
44619.03184667076
 34
0.0
 50
90.0
100
AcDbRotatedDimension
  0
DIMENSION
  5
226
102
{ACAD_XDICTIONARY
360
227
102
}
102
{ACAD_REACTORS
330
228
102
}
330
2
100
AcDbEntity
  8
DIM-DTY
100
AcDbDimension
280
     0
  2
*D12
 10
-74556.0284668879
 20
44625.03184667078
 30
0.0
 11
-74557.90346688787
 21
44622.03184667079
 31
0.0
 71
     5
 42
6.0
 73
     0
 74
     0
 75
     0
  3
1-1
100
AcDbAlignedDimension
 13
-74568.22672366985
 23
44619.03184667076
 33
0.0
 14
-74568.22672366985
 24
44625.03184667077
 34
0.0
 50
90.0
100
AcDbRotatedDimension
  0
DIMENSION
  5
235
102
{ACAD_XDICTIONARY
360
236
102
}
102
{ACAD_REACTORS
330
237
102
}
330
2
100
AcDbEntity
  8
DIM-DTY
100
AcDbDimension
280
     0
  2
*D13
 10
-74556.0284668879
 20
44625.79184667079
 30
0.0
 11
-74551.90346688787
 21
44627.96184667079
 31
0.0
 71
     5
 42
0.7600000000093134
 73
     0
 74
     0
 75
     0
  3
1-1
100
AcDbAlignedDimension
 13
-74568.22672366985
 23
44625.03184667077
 33
0.0
 14
-74568.22672366985
 24
44625.79184667077
 34
0.0
 50
90.0
100
AcDbRotatedDimension
1001
ACAD
1000
DSTYLE
1002
{
1070
   271
1070
     2
1002
}
  0
DIMENSION
  5
248
102
{ACAD_XDICTIONARY
360
249
102
}
102
{ACAD_REACTORS
330
24A
102
}
330
2
100
AcDbEntity
  8
DIM-DTY
100
AcDbDimension
280
     0
  2
*D14
 10
-74556.0284668879
 20
44631.79184667078
 30
0.0
 11
-74557.90346688787
 21
44628.79184667079
 31
0.0
 71
     5
 42
5.999999999992723
 73
     0
 74
     0
 75
     0
  3
1-1
100
AcDbAlignedDimension
 13
-74568.22672366985
 23
44625.79184667077
 33
0.0
 14
-74568.22672366985
 24
44631.79184667077
 34
0.0
 50
90.0
100
AcDbRotatedDimension
  0
TEXT
  5
257
330
2
100
AcDbEntity
  8
ART_YZ
100
AcDbText
 10
-73335.26609921688
 20
44177.42706633196
 30
0.0
 40
6.0
  1
TASYUNU
  7
YZ
100
AcDbText
  0
ENDSEC
  0
SECTION
  2
OBJECTS
  0
DICTIONARY
  5
A
330
0
100
AcDbDictionary
281
     1
  3
ACAD_COLOR
350
55
  3
ACAD_GROUP
350
4C
  3
ACAD_LAYOUT
350
17
  3
ACAD_MATERIAL
350
C
  3
ACAD_MLEADERSTYLE
350
58
  3
ACAD_MLINESTYLE
350
4D
  3
ACAD_PLOTSETTINGS
350
4E
  3
ACAD_PLOTSTYLENAME
350
9
  3
ACAD_SCALELIST
350
56
  3
ACAD_TABLESTYLE
350
57
  3
ACAD_VISUALSTYLE
350
2C
  3
ACDB_RECOMPOSE_DATA
350
267
  3
AcDbVariableDictionary
350
25F
  0
DICTIONARY
  5
1F
330
1E
100
AcDbDictionary
280
     1
281
     1
  3
ACAD_LAYERSTATES
360
20
  0
DICTIONARY
  5
7
330
6
100
AcDbDictionary
280
     1
281
     1
  0
DICTIONARY
  5
C3
330
C2
100
AcDbDictionary
280
     1
281
     1
  0
DICTIONARY
  5
167
330
166
100
AcDbDictionary
280
     1
281
     1
  0
DICTIONARY
  5
14F
330
14E
100
AcDbDictionary
280
     1
281
     1
  0
DICTIONARY
  5
13D
330
13C
100
AcDbDictionary
280
     1
281
     1
  0
DICTIONARY
  5
137
330
136
100
AcDbDictionary
280
     1
281
     1
  0
DICTIONARY
  5
1A0
330
19F
100
AcDbDictionary
280
     1
281
     1
  0
DICTIONARY
  5
8B
330
8A
100
AcDbDictionary
280
     1
281
     1
  0
DICTIONARY
  5
AA
330
A9
100
AcDbDictionary
280
     1
281
     1
  0
DICTIONARY
  5
BA
330
B9
100
AcDbDictionary
280
     1
281
     1
  0
DICTIONARY
  5
BE
330
BD
100
AcDbDictionary
280
     1
281
     1
  0
DICTIONARY
  5
145
330
144
100
AcDbDictionary
280
     1
281
     1
  0
DICTIONARY
  5
164
330
163
100
AcDbDictionary
280
     1
281
     1
  0
DICTIONARY
  5
14C
330
14B
100
AcDbDictionary
280
     1
281
     1
  0
DICTIONARY
  5
15A
330
159
100
AcDbDictionary
280
     1
281
     1
  0
DICTIONARY
  5
16C
330
16B
100
AcDbDictionary
280
     1
281
     1
  0
DICTIONARY
  5
175
330
174
100
AcDbDictionary
280
     1
281
     1
  0
DICTIONARY
  5
15F
330
15E
100
AcDbDictionary
280
     1
281
     1
  0
DICTIONARY
  5
186
330
185
100
AcDbDictionary
280
     1
281
     1
  0
DICTIONARY
  5
18E
330
18D
100
AcDbDictionary
280
     1
281
     1
  0
DICTIONARY
  5
18B
330
18A
100
AcDbDictionary
280
     1
281
     1
  0
DICTIONARY
  5
193
330
192
100
AcDbDictionary
280
     1
281
     1
  0
DICTIONARY
  5
3
330
2
100
AcDbDictionary
280
     1
281
     1
  3
ACAD_SORTENTS
360
25E
  0
DICTIONARY
  5
3C
330
3B
100
AcDbDictionary
280
     1
281
     1
  3
ACAD_SORTENTS
360
259
  0
DICTIONARY
  5
45
330
44
100
AcDbDictionary
280
     1
281
     1
  3
ACAD_SORTENTS
360
258
  0
DICTIONARY
  5
77
330
76
100
AcDbDictionary
280
     1
281
     1
  3
ACAD_ENHANCEDBLOCK
360
78
  3
ACAD_SORTENTS
360
25A
  3
AcDbDynamicBlockRoundTripPurgePreventer
360
87
  0
DICTIONARY
  5
99
330
98
100
AcDbDictionary
280
     1
281
     1
  3
ACAD_SORTENTS
360
25B
  0
DICTIONARY
  5
CE
330
CD
100
AcDbDictionary
280
     1
281
     1
  0
DICTIONARY
  5
E8
330
E7
100
AcDbDictionary
280
     1
281
     1
  3
ACAD_ENHANCEDBLOCK
360
E9
  3
AcDbDynamicBlockRoundTripPurgePreventer
360
F6
  0
DICTIONARY
  5
10F
330
10E
100
AcDbDictionary
280
     1
281
     1
  3
ACAD_ENHANCEDBLOCK
360
110
  3
ACAD_SORTENTS
360
25C
  3
AcDbDynamicBlockRoundTripPurgePreventer
360
11F
  0
DICTIONARY
  5
12C
330
12B
100
AcDbDictionary
280
     1
281
     1
  3
ACAD_SORTENTS
360
25D
  0
DICTIONARY
  5
105
330
104
100
AcDbDictionary
280
     1
281
     1
  0
DICTIONARY
  5
73
330
72
100
AcDbDictionary
280
     1
281
     1
  3
AcDbBlockRepresentation
360
74
  0
DICTIONARY
  5
E4
330
E3
100
AcDbDictionary
280
     1
281
     1
  3
AcDbBlockRepresentation
360
E5
  0
DICTIONARY
  5
10B
330
10A
100
AcDbDictionary
280
     1
281
     1
  3
AcDbBlockRepresentation
360
10C
  0
DICTIONARY
  5
172
330
171
100
AcDbDictionary
280
     1
281
     1
  3
ACAD_DIMASSOC
360
173
  0
DICTIONARY
  5
1D0
330
1CF
100
AcDbDictionary
280
     1
281
     1
  3
ACAD_DIMASSOC
360
1D1
  0
DICTIONARY
  5
1DF
330
1DE
100
AcDbDictionary
280
     1
281
     1
  3
ACAD_DIMASSOC
360
1E0
  0
DICTIONARY
  5
1EE
330
1ED
100
AcDbDictionary
280
     1
281
     1
  3
ACAD_DIMASSOC
360
1EF
  0
DICTIONARY
  5
209
330
208
100
AcDbDictionary
280
     1
281
     1
  3
ACAD_DIMASSOC
360
20A
  0
DICTIONARY
  5
218
330
217
100
AcDbDictionary
280
     1
281
     1
  3
ACAD_DIMASSOC
360
219
  0
DICTIONARY
  5
227
330
226
100
AcDbDictionary
280
     1
281
     1
  3
ACAD_DIMASSOC
360
228
  0
DICTIONARY
  5
236
330
235
100
AcDbDictionary
280
     1
281
     1
  3
ACAD_DIMASSOC
360
237
  0
DICTIONARY
  5
249
330
248
100
AcDbDictionary
280
     1
281
     1
  3
ACAD_DIMASSOC
360
24A
  0
DICTIONARY
  5
55
102
{ACAD_REACTORS
330
A
102
}
330
A
100
AcDbDictionary
281
     1
  0
DICTIONARY
  5
4C
102
{ACAD_REACTORS
330
A
102
}
330
A
100
AcDbDictionary
281
     1
  0
DICTIONARY
  5
17
102
{ACAD_REACTORS
330
A
102
}
330
A
100
AcDbDictionary
281
     1
  3
Layout1
350
1D
  3
Model
350
16
  0
DICTIONARY
  5
C
102
{ACAD_REACTORS
330
A
102
}
330
A
100
AcDbDictionary
281
     1
  3
ByBlock
350
52
  3
ByLayer
350
4F
  3
Global
350
B
  0
DICTIONARY
  5
58
102
{ACAD_REACTORS
330
A
102
}
330
A
100
AcDbDictionary
281
     1
  0
DICTIONARY
  5
4D
102
{ACAD_REACTORS
330
A
102
}
330
A
100
AcDbDictionary
281
     1
  3
Standard
350
5C
  0
DICTIONARY
  5
4E
102
{ACAD_REACTORS
330
A
102
}
330
A
100
AcDbDictionary
281
     1
  0
ACDBDICTIONARYWDFLT
  5
9
102
{ACAD_REACTORS
330
A
102
}
330
A
100
AcDbDictionary
281
     1
  3
Normal
350
8
100
AcDbDictionaryWithDefault
340
8
  0
DICTIONARY
  5
56
102
{ACAD_REACTORS
330
A
102
}
330
A
100
AcDbDictionary
281
     1
  3
A0
350
61
  3
A1
350
62
  3
A2
350
63
  3
A3
350
64
  3
A4
350
65
  3
A5
350
66
  3
A6
350
67
  3
A7
350
68
  3
A8
350
69
  3
A9
350
6A
  3
B0
350
6B
  3
B1
350
6C
  3
B2
350
6D
  3
B3
350
6E
  3
B4
350
6F
  3
B5
350
70
  3
B6
350
71
  0
DICTIONARY
  5
57
102
{ACAD_REACTORS
330
A
102
}
330
A
100
AcDbDictionary
281
     1
  3
Standard
350
5D
  0
DICTIONARY
  5
2C
102
{ACAD_REACTORS
330
A
102
}
330
A
100
AcDbDictionary
281
     1
  3
2dWireframe
350
2B
  3
Realistic
350
5F
  3
Wireframe
350
60
  0
XRECORD
  5
267
102
{ACAD_REACTORS
330
A
102
}
330
A
100
AcDbXrecord
280
     1
 90
        1
330
5D
  0
DICTIONARY
  5
25F
102
{ACAD_REACTORS
330
A
102
}
330
A
100
AcDbDictionary
281
     1
  3
CANNOSCALE
350
264
  3
CMLEADERSTYLE
350
261
  3
CTABLESTYLE
350
260
  3
CVIEWDETAILSTYLE
350
262
  3
CVIEWSECTIONSTYLE
350
263
  0
DICTIONARY
  5
20
102
{ACAD_REACTORS
330
1F
102
}
330
1F
100
AcDbDictionary
281
     1
  0
SORTENTSTABLE
  5
25E
102
{ACAD_REACTORS
330
3
102
}
330
3
100
AcDbSortentsTable
330
2
  0
SORTENTSTABLE
  5
259
102
{ACAD_REACTORS
330
3C
102
}
330
3C
100
AcDbSortentsTable
330
3B
  0
SORTENTSTABLE
  5
258
102
{ACAD_REACTORS
330
45
102
}
330
45
100
AcDbSortentsTable
330
44
  0
ACAD_EVALUATION_GRAPH
  5
78
102
{ACAD_REACTORS
330
77
102
}
330
77
100
AcDbEvalGraph
 96
       28
 97
       28
 91
        0
 93
       32
 95
        2
360
79
 92
        2
 92
        2
 92
        0
 92
        4
 91
        1
 93
       32
 95
        3
360
7B
 92
       -1
 92
       -1
 92
        2
 92
        2
 91
        2
 93
       32
 95
        4
360
7C
 92
        0
 92
        0
 92
       -1
 92
       -1
 91
        3
 93
       32
 95
        5
360
7D
 92
        1
 92
        1
 92
       -1
 92
       -1
 91
        4
 93
       32
 95
        6
360
7E
 92
        3
 92
        3
 92
       -1
 92
       -1
 91
        5
 93
       32
 95
        7
360
7F
 92
        4
 92
        4
 92
       -1
 92
       -1
 91
        6
 93
       32
 95
       23
360
80
 92
        7
 92
        7
 92
        5
 92
        9
 91
        7
 93
       32
 95
       24
360
81
 92
       -1
 92
       -1
 92
        7
 92
        7
 91
        8
 93
       32
 95
       25
360
82
 92
        5
 92
        5
 92
       -1
 92
       -1
 91
        9
 93
       32
 95
       26
360
83
 92
        6
 92
        6
 92
       -1
 92
       -1
 91
       10
 93
       32
 95
       27
360
84
 92
        8
 92
        8
 92
       -1
 92
       -1
 91
       11
 93
       32
 95
       28
360
85
 92
        9
 92
        9
 92
       -1
 92
       -1
 92
        0
 93
        0
 94
        1
 91
        0
 91
        2
 92
       -1
 92
       -1
 92
       -1
 92
        1
 92
       -1
 92
        1
 93
        0
 94
        1
 91
        0
 91
        3
 92
       -1
 92
       -1
 92
        0
 92
        3
 92
       -1
 92
        2
 93
        0
 94
        2
 91
        1
 91
        0
 92
       -1
 92
       -1
 92
       -1
 92
       -1
 92
       -1
 92
        3
 93
        0
 94
        4
 91
        0
 91
        4
 92
       -1
 92
       -1
 92
        1
 92
        4
 92
       -1
 92
        4
 93
        0
 94
        4
 91
        0
 91
        5
 92
       -1
 92
       -1
 92
        3
 92
       -1
 92
       -1
 92
        5
 93
        0
 94
        1
 91
        6
 91
        8
 92
       -1
 92
       -1
 92
       -1
 92
        6
 92
       -1
 92
        6
 93
        0
 94
        1
 91
        6
 91
        9
 92
       -1
 92
       -1
 92
        5
 92
        8
 92
       -1
 92
        7
 93
        0
 94
        2
 91
        7
 91
        6
 92
       -1
 92
       -1
 92
       -1
 92
       -1
 92
       -1
 92
        8
 93
        0
 94
        2
 91
        6
 91
       10
 92
       -1
 92
       -1
 92
        6
 92
        9
 92
       -1
 92
        9
 93
        0
 94
        2
 91
        6
 91
       11
 92
       -1
 92
       -1
 92
        8
 92
       -1
 92
       -1
  0
SORTENTSTABLE
  5
25A
102
{ACAD_REACTORS
330
77
102
}
330
77
100
AcDbSortentsTable
330
76
  0
ACDB_DYNAMICBLOCKPURGEPREVENTER_VERSION
  5
87
102
{ACAD_REACTORS
330
77
102
}
330
77
100
AcDbDynamicBlockPurgePreventer
 70
     1
  0
SORTENTSTABLE
  5
25B
102
{ACAD_REACTORS
330
99
102
}
330
99
100
AcDbSortentsTable
330
98
  0
ACAD_EVALUATION_GRAPH
  5
E9
102
{ACAD_REACTORS
330
E8
102
}
330
E8
100
AcDbEvalGraph
 96
       12
 97
       12
 91
        0
 93
       32
 95
        1
360
EA
 92
        2
 92
        2
 92
        0
 92
        8
 91
        1
 93
       32
 95
        2
360
EB
 92
       -1
 92
       -1
 92
        2
 92
        2
 91
        2
 93
       32
 95
        3
360
EC
 92
        0
 92
        0
 92
       -1
 92
       -1
 91
        3
 93
       32
 95
        4
360
ED
 92
        1
 92
        1
 92
       -1
 92
       -1
 91
        4
 93
       32
 95
        5
360
EE
 92
        3
 92
        3
 92
       -1
 92
       -1
 91
        5
 93
       32
 95
        6
360
EF
 92
        6
 92
        6
 92
        4
 92
        9
 91
        6
 93
       32
 95
        7
360
F0
 92
       -1
 92
       -1
 92
        6
 92
        6
 91
        7
 93
       32
 95
        8
360
F1
 92
        4
 92
        4
 92
       -1
 92
       -1
 91
        8
 93
       32
 95
        9
360
F2
 92
        5
 92
        5
 92
       -1
 92
       -1
 91
        9
 93
       32
 95
       10
360
F3
 92
        7
 92
        7
 92
       -1
 92
       -1
 91
       10
 93
       32
 95
       11
360
F4
 92
        8
 92
        8
 92
       -1
 92
       -1
 91
       11
 93
       32
 95
       12
360
F5
 92
        9
 92
        9
 92
       -1
 92
       -1
 92
        0
 93
        0
 94
        1
 91
        0
 91
        2
 92
       -1
 92
       -1
 92
       -1
 92
        1
 92
       -1
 92
        1
 93
        0
 94
        1
 91
        0
 91
        3
 92
       -1
 92
       -1
 92
        0
 92
        3
 92
       -1
 92
        2
 93
        0
 94
        2
 91
        1
 91
        0
 92
       -1
 92
       -1
 92
       -1
 92
       -1
 92
       -1
 92
        3
 93
        0
 94
        2
 91
        0
 91
        4
 92
       -1
 92
       -1
 92
        1
 92
        8
 92
       -1
 92
        4
 93
        0
 94
        1
 91
        5
 91
        7
 92
       -1
 92
       -1
 92
       -1
 92
        5
 92
       -1
 92
        5
 93
        0
 94
        1
 91
        5
 91
        8
 92
       -1
 92
       -1
 92
        4
 92
        7
 92
       -1
 92
        6
 93
        0
 94
        2
 91
        6
 91
        5
 92
       -1
 92
       -1
 92
       -1
 92
       -1
 92
       -1
 92
        7
 93
        0
 94
        2
 91
        5
 91
        9
 92
       -1
 92
       -1
 92
        5
 92
        9
 92
       -1
 92
        8
 93
        0
 94
        2
 91
        0
 91
       10
 92
       -1
 92
       -1
 92
        3
 92
       -1
 92
       -1
 92
        9
 93
        0
 94
        2
 91
        5
 91
       11
 92
       -1
 92
       -1
 92
        7
 92
       -1
 92
       -1
  0
ACDB_DYNAMICBLOCKPURGEPREVENTER_VERSION
  5
F6
102
{ACAD_REACTORS
330
E8
102
}
330
E8
100
AcDbDynamicBlockPurgePreventer
 70
     1
  0
ACAD_EVALUATION_GRAPH
  5
110
102
{ACAD_REACTORS
330
10F
102
}
330
10F
100
AcDbEvalGraph
 96
       37
 97
       37
 91
        0
 93
       32
 95
        1
360
111
 92
        2
 92
        2
 92
        0
 92
        3
 91
        1
 93
       32
 95
        2
360
112
 92
       -1
 92
       -1
 92
        2
 92
        2
 91
        2
 93
       32
 95
        3
360
113
 92
        0
 92
        0
 92
       -1
 92
       -1
 91
        3
 93
       32
 95
        4
360
114
 92
        1
 92
        1
 92
       -1
 92
       -1
 91
        4
 93
       32
 95
       15
360
115
 92
        3
 92
        3
 92
       -1
 92
       -1
 91
        5
 93
       32
 95
       30
360
116
 92
        6
 92
        9
 92
        4
 92
       10
 91
        6
 93
       32
 95
       31
360
117
 92
       -1
 92
       -1
 92
        6
 92
        6
 91
        7
 93
       32
 95
       32
360
118
 92
        4
 92
        4
 92
       -1
 92
       -1
 91
        8
 93
       32
 95
       33
360
119
 92
        5
 92
        5
 92
       -1
 92
       -1
 91
        9
 93
       32
 95
       34
360
11A
 92
       -1
 92
       -1
 92
        9
 92
        9
 91
       10
 93
       32
 95
       35
360
11B
 92
        7
 92
        7
 92
       -1
 92
       -1
 91
       11
 93
       32
 95
       36
360
11C
 92
        8
 92
        8
 92
       -1
 92
       -1
 91
       12
 93
       32
 95
       37
360
11D
 92
       10
 92
       10
 92
       -1
 92
       -1
 92
        0
 93
        0
 94
        1
 91
        0
 91
        2
 92
       -1
 92
       -1
 92
       -1
 92
        1
 92
       -1
 92
        1
 93
        0
 94
        1
 91
        0
 91
        3
 92
       -1
 92
       -1
 92
        0
 92
        3
 92
       -1
 92
        2
 93
        0
 94
        2
 91
        1
 91
        0
 92
       -1
 92
       -1
 92
       -1
 92
       -1
 92
       -1
 92
        3
 93
        0
 94
        2
 91
        0
 91
        4
 92
       -1
 92
       -1
 92
        1
 92
       -1
 92
       -1
 92
        4
 93
        0
 94
        1
 91
        5
 91
        7
 92
       -1
 92
       -1
 92
       -1
 92
        5
 92
       -1
 92
        5
 93
        0
 94
        1
 91
        5
 91
        8
 92
       -1
 92
       -1
 92
        4
 92
        7
 92
       -1
 92
        6
 93
        0
 94
        2
 91
        6
 91
        5
 92
       -1
 92
        9
 92
       -1
 92
       -1
 92
       -1
 92
        7
 93
        0
 94
        1
 91
        5
 91
       10
 92
       -1
 92
       -1
 92
        5
 92
        8
 92
       -1
 92
        8
 93
        0
 94
        1
 91
        5
 91
       11
 92
       -1
 92
       -1
 92
        7
 92
       10
 92
       -1
 92
        9
 93
        0
 94
        2
 91
        9
 91
        5
 92
        6
 92
       -1
 92
       -1
 92
       -1
 92
       -1
 92
       10
 93
        0
 94
        2
 91
        5
 91
       12
 92
       -1
 92
       -1
 92
        8
 92
       -1
 92
       -1
  0
SORTENTSTABLE
  5
25C
102
{ACAD_REACTORS
330
10F
102
}
330
10F
100
AcDbSortentsTable
330
10E
  0
ACDB_DYNAMICBLOCKPURGEPREVENTER_VERSION
  5
11F
102
{ACAD_REACTORS
330
10F
102
}
330
10F
100
AcDbDynamicBlockPurgePreventer
 70
     1
  0
SORTENTSTABLE
  5
25D
102
{ACAD_REACTORS
330
12C
102
}
330
12C
100
AcDbSortentsTable
330
12B
  0
DICTIONARY
  5
74
102
{ACAD_REACTORS
330
73
102
}
330
73
100
AcDbDictionary
280
     1
281
     1
  3
AcDbRepData
360
75
  3
AppDataCache
360
90
  0
DICTIONARY
  5
E5
102
{ACAD_REACTORS
330
E4
102
}
330
E4
100
AcDbDictionary
280
     1
281
     1
  3
AcDbRepData
360
E6
  3
AppDataCache
360
FC
  0
DICTIONARY
  5
10C
102
{ACAD_REACTORS
330
10B
102
}
330
10B
100
AcDbDictionary
280
     1
281
     1
  3
AcDbRepData
360
10D
  3
AppDataCache
360
125
  0
DIMASSOC
  5
173
102
{ACAD_REACTORS
330
172
102
}
330
172
100
AcDbDimAssoc
330
171
 90
        3
 70
     0
 71
     0
  1
AcDbOsnapPointRef
 72
     6
331
154
 73
     2
 91
        4
 40
1.0
 10
0.0
 20
0.0
 30
0.0
332
154
 74
     2
 92
        5
 75
     0
  1
AcDbOsnapPointRef
 72
     8
331
154
 73
     2
 91
        6
 40
0.0
 10
0.0
 20
0.0
 30
0.0
 75
     1
  1
AcDbOsnapPointRef
 72
     6
331
154
 73
     2
 91
        4
 40
1.0
 10
0.0
 20
0.0
 30
0.0
332
154
 74
     2
 92
        5
 75
     0
  0
DIMASSOC
  5
1D1
102
{ACAD_REACTORS
330
1D0
102
}
330
1D0
100
AcDbDimAssoc
330
1CF
 90
        3
 70
     0
 71
     0
  1
AcDbOsnapPointRef
 72
     1
331
1A7
 73
     2
 91
        0
 40
1.0
 10
0.0
 20
0.0
 30
2.000000000000000E+50
 75
     0
  1
AcDbOsnapPointRef
 72
     1
331
1A8
 73
     2
 91
        0
 40
1.0
 10
0.0
 20
0.0
 30
2.000000000000000E+50
 75
     0
  0
DIMASSOC
  5
1E0
102
{ACAD_REACTORS
330
1DF
102
}
330
1DF
100
AcDbDimAssoc
330
1DE
 90
        3
 70
     0
 71
     0
  1
AcDbOsnapPointRef
 72
     1
331
1A8
 73
     2
 91
        0
 40
1.0
 10
0.0
 20
0.0
 30
2.000000000000000E+50
 75
     0
  1
AcDbOsnapPointRef
 72
     1
331
198
 73
     2
 91
        0
 40
1.0
 10
0.0
 20
0.0
 30
2.000000000000000E+50
 75
     0
  0
DIMASSOC
  5
1EF
102
{ACAD_REACTORS
330
1EE
102
}
330
1EE
100
AcDbDimAssoc
330
1ED
 90
        3
 70
     0
 71
     0
  1
AcDbOsnapPointRef
 72
     1
331
198
 73
     2
 91
        0
 40
1.0
 10
0.0
 20
0.0
 30
2.000000000000000E+50
 75
     0
  1
AcDbOsnapPointRef
 72
     1
331
197
 73
     2
 91
        0
 40
1.0
 10
0.0
 20
0.0
 30
2.000000000000000E+50
 75
     0
  0
DIMASSOC
  5
20A
102
{ACAD_REACTORS
330
209
102
}
330
209
100
AcDbDimAssoc
330
208
 90
        3
 70
     0
 71
     0
  1
AcDbOsnapPointRef
 72
     1
331
1B4
 73
     2
 91
        0
 40
1.0
 10
0.0
 20
0.0
 30
2.000000000000000E+50
 75
     0
  1
AcDbOsnapPointRef
 72
     1
331
1B5
 73
     2
 91
        0
 40
1.0
 10
0.0
 20
0.0
 30
2.000000000000000E+50
 75
     0
  0
DIMASSOC
  5
219
102
{ACAD_REACTORS
330
218
102
}
330
218
100
AcDbDimAssoc
330
217
 90
        3
 70
     0
 71
     0
  1
AcDbOsnapPointRef
 72
     1
331
1B5
 73
     2
 91
        0
 40
1.0
 10
0.0
 20
0.0
 30
2.000000000000000E+50
 75
     0
  1
AcDbOsnapPointRef
 72
     1
331
1C3
 73
     2
 91
        0
 40
1.0
 10
0.0
 20
0.0
 30
2.000000000000000E+50
 75
     0
  0
DIMASSOC
  5
228
102
{ACAD_REACTORS
330
227
102
}
330
227
100
AcDbDimAssoc
330
226
 90
        3
 70
     0
 71
     0
  1
AcDbOsnapPointRef
 72
     1
331
1C3
 73
     2
 91
        0
 40
1.0
 10
0.0
 20
0.0
 30
2.000000000000000E+50
 75
     0
  1
AcDbOsnapPointRef
 72
     1
331
1C2
 73
     2
 91
        0
 40
1.0
 10
0.0
 20
0.0
 30
2.000000000000000E+50
 75
     0
  0
DIMASSOC
  5
237
102
{ACAD_REACTORS
330
236
102
}
330
236
100
AcDbDimAssoc
330
235
 90
        3
 70
     0
 71
     0
  1
AcDbOsnapPointRef
 72
     1
331
1C2
 73
     2
 91
        0
 40
1.0
 10
0.0
 20
0.0
 30
2.000000000000000E+50
 75
     0
  1
AcDbOsnapPointRef
 72
     1
331
1FE
 73
     2
 91
        0
 40
1.0
 10
0.0
 20
0.0
 30
2.000000000000000E+50
 75
     0
  0
DIMASSOC
  5
24A
102
{ACAD_REACTORS
330
249
102
}
330
249
100
AcDbDimAssoc
330
248
 90
        3
 70
     0
 71
     0
  1
AcDbOsnapPointRef
 72
     1
331
1FE
 73
     2
 91
        0
 40
1.0
 10
0.0
 20
0.0
 30
2.000000000000000E+50
 75
     0
  1
AcDbOsnapPointRef
 72
     1
331
1FD
 73
     2
 91
        0
 40
1.0
 10
0.0
 20
0.0
 30
2.000000000000000E+50
 75
     0
  0
LAYOUT
  5
1D
102
{ACAD_REACTORS
330
17
102
}
330
17
100
AcDbPlotSettings
  1

  2
Adobe PDF
  4
A4
  6

 40
3.174999952316283
 41
3.174999952316283
 42
3.175003051757812
 43
3.17498779296875
 44
209.9733276367186
 45
297.0318298339844
 46
0.0
 47
0.0
 48
0.0
 49
0.0
140
0.0
141
0.0
142
1.0
143
1.0
 70
   688
 72
     1
 73
     1
 74
     5
  7

 75
    16
147
1.0
 76
     0
 77
     2
 78
   300
148
0.0
149
0.0
100
AcDbLayout
  1
Layout1
 70
     1
 71
     1
 10
-3.17498779296875
 20
-3.174999952316283
 11
293.8568420410156
 21
206.7983276844024
 12
0.0
 22
0.0
 32
0.0
 14
29.06818420886992
 24
20.36233246326446
 34
0.0
 15
261.6136578798294
 25
183.2609921693802
 35
0.0
146
0.0
 13
0.0
 23
0.0
 33
0.0
 16
1.0
 26
0.0
 36
0.0
 17
0.0
 27
1.0
 37
0.0
 76
     0
330
1A
1001
ACAD_PSEXT
1000
Adobe PDF
1000
Adobe PDF Converter
1000
Documents\*.pdf
1000

1070
     0
  0
LAYOUT
  5
16
102
{ACAD_XDICTIONARY
360
18
102
}
102
{ACAD_REACTORS
330
17
102
}
330
17
100
AcDbPlotSettings
  1

  2
none_device
  4
ISO_A4_(210.00_x_297.00_MM)
  6

 40
7.5
 41
20.0
 42
7.5
 43
20.0
 44
210.0
 45
297.0
 46
11.54999923706054
 47
-13.65000009536743
 48
0.0
 49
0.0
140
0.0
141
0.0
142
1.0
143
8.704084754739808
 70
 11952
 72
     1
 73
     0
 74
     0
  7

 75
     0
147
0.1148885871608098
 76
     0
 77
     2
 78
   300
148
0.0
149
0.0
100
AcDbLayout
  1
Model
 70
     1
 71
     0
 10
0.0
 20
0.0
 11
12.0
 21
9.0
 12
0.0
 22
0.0
 32
0.0
 14
0.0
 24
0.0
 34
0.0
 15
0.0
 25
0.0
 35
0.0
146
0.0
 13
0.0
 23
0.0
 33
0.0
 16
1.0
 26
0.0
 36
0.0
 17
0.0
 27
1.0
 37
0.0
 76
     0
330
2
331
2A
1001
ACAD_PSEXT
1000
None
1000
None
1000
Not applicable
1000
The layout will not be plotted unless a new plotter configuration name is selected.
1070
     0
  0
MATERIAL
  5
52
102
{ACAD_XDICTIONARY
360
53
102
}
102
{ACAD_REACTORS
330
C
102
}
330
C
100
AcDbMaterial
  1
ByBlock
 94
       63
  0
MATERIAL
  5
4F
102
{ACAD_XDICTIONARY
360
50
102
}
102
{ACAD_REACTORS
330
C
102
}
330
C
100
AcDbMaterial
  1
ByLayer
 94
       63
  0
MATERIAL
  5
B
102
{ACAD_XDICTIONARY
360
D
102
}
102
{ACAD_REACTORS
330
C
102
}
330
C
100
AcDbMaterial
  1
Global
 43
0.0007999999797903
 43
0.0
 43
0.0
 43
0.0
 43
0.0
 43
0.0007999999797903
 43
0.0
 43
0.0
 43
0.0
 43
0.0
 43
1.0
 43
0.0
 43
0.0
 43
0.0
 43
0.0
 43
1.0
 49
0.0007999999797903
 49
0.0
 49
0.0
 49
0.0
 49
0.0
 49
0.0007999999797903
 49
0.0
 49
0.0
 49
0.0
 49
0.0
 49
1.0
 49
0.0
 49
0.0
 49
0.0
 49
0.0
 49
1.0
142
0.0007999999797903
142
0.0
142
0.0
142
0.0
142
0.0
142
0.0007999999797903
142
0.0
142
0.0
142
0.0
142
0.0
142
1.0
142
0.0
142
0.0
142
0.0
142
0.0
142
1.0
144
0.0007999999797903
144
0.0
144
0.0
144
0.0
144
0.0
144
0.0007999999797903
144
0.0
144
0.0
144
0.0
144
0.0
144
1.0
144
0.0
144
0.0
144
0.0
144
0.0
144
1.0
 94
       63
1001
ACAD
1070
    -1
1070
     3
1070
     0
1000

1071
        0
1070
     0
  0
MLINESTYLE
  5
5C
102
{ACAD_REACTORS
330
4D
102
}
330
4D
100
AcDbMlineStyle
  2
STANDARD
 70
     0
  3

 62
   256
 51
90.0
 52
90.0
 71
     2
 49
0.5
 62
   256
  6
BYLAYER
 49
-0.5
 62
   256
  6
BYLAYER
  0
ACDBPLACEHOLDER
  5
8
102
{ACAD_REACTORS
330
9
102
}
330
9
  0
SCALE
  5
61
102
{ACAD_REACTORS
330
56
102
}
330
56
100
AcDbScale
 70
     0
300
1:1
140
1.0
141
1.0
290
     1
  0
SCALE
  5
62
102
{ACAD_REACTORS
330
56
102
}
330
56
100
AcDbScale
 70
     0
300
1:2
140
1.0
141
2.0
290
     0
  0
SCALE
  5
63
102
{ACAD_REACTORS
330
56
102
}
330
56
100
AcDbScale
 70
     0
300
1:4
140
1.0
141
4.0
290
     0
  0
SCALE
  5
64
102
{ACAD_REACTORS
330
56
102
}
330
56
100
AcDbScale
 70
     0
300
1:5
140
1.0
141
5.0
290
     0
  0
SCALE
  5
65
102
{ACAD_REACTORS
330
56
102
}
330
56
100
AcDbScale
 70
     0
300
1:8
140
1.0
141
8.0
290
     0
  0
SCALE
  5
66
102
{ACAD_REACTORS
330
56
102
}
330
56
100
AcDbScale
 70
     0
300
1:10
140
1.0
141
10.0
290
     0
  0
SCALE
  5
67
102
{ACAD_REACTORS
330
56
102
}
330
56
100
AcDbScale
 70
     0
300
1:16
140
1.0
141
16.0
290
     0
  0
SCALE
  5
68
102
{ACAD_REACTORS
330
56
102
}
330
56
100
AcDbScale
 70
     0
300
1:20
140
1.0
141
20.0
290
     0
  0
SCALE
  5
69
102
{ACAD_REACTORS
330
56
102
}
330
56
100
AcDbScale
 70
     0
300
1:30
140
1.0
141
30.0
290
     0
  0
SCALE
  5
6A
102
{ACAD_REACTORS
330
56
102
}
330
56
100
AcDbScale
 70
     0
300
1:40
140
1.0
141
40.0
290
     0
  0
SCALE
  5
6B
102
{ACAD_REACTORS
330
56
102
}
330
56
100
AcDbScale
 70
     0
300
1:50
140
1.0
141
50.0
290
     0
  0
SCALE
  5
6C
102
{ACAD_REACTORS
330
56
102
}
330
56
100
AcDbScale
 70
     0
300
1:100
140
1.0
141
100.0
290
     0
  0
SCALE
  5
6D
102
{ACAD_REACTORS
330
56
102
}
330
56
100
AcDbScale
 70
     0
300
2:1
140
2.0
141
1.0
290
     0
  0
SCALE
  5
6E
102
{ACAD_REACTORS
330
56
102
}
330
56
100
AcDbScale
 70
     0
300
4:1
140
4.0
141
1.0
290
     0
  0
SCALE
  5
6F
102
{ACAD_REACTORS
330
56
102
}
330
56
100
AcDbScale
 70
     0
300
8:1
140
8.0
141
1.0
290
     0
  0
SCALE
  5
70
102
{ACAD_REACTORS
330
56
102
}
330
56
100
AcDbScale
 70
     0
300
10:1
140
10.0
141
1.0
290
     0
  0
SCALE
  5
71
102
{ACAD_REACTORS
330
56
102
}
330
56
100
AcDbScale
 70
     0
300
100:1
140
100.0
141
1.0
290
     0
  0
TABLESTYLE
  5
5D
102
{ACAD_XDICTIONARY
360
5E
102
}
102
{ACAD_REACTORS
330
57
102
}
330
57
100
AcDbTableStyle
280
     0
  3
Standard
 70
     0
 71
     0
 40
1.5
 41
1.5
280
     0
281
     0
  7
Standard
140
4.5
170
     2
 62
     0
 63
     7
283
     0
 90
      512
 91
        0
  1

274
    -2
284
     1
 64
     0
275
    -2
285
     1
 65
     0
276
    -2
286
     1
 66
     0
277
    -2
287
     1
 67
     0
278
    -2
288
     1
 68
     0
279
    -2
289
     1
 69
     0
  7
Standard
140
6.0
170
     5
 62
     0
 63
     7
283
     0
 90
      512
 91
        0
  1

274
    -2
284
     1
 64
     0
275
    -2
285
     1
 65
     0
276
    -2
286
     1
 66
     0
277
    -2
287
     1
 67
     0
278
    -2
288
     1
 68
     0
279
    -2
289
     1
 69
     0
  7
Standard
140
4.5
170
     5
 62
     0
 63
     7
283
     0
 90
      512
 91
        0
  1

274
    -2
284
     1
 64
     0
275
    -2
285
     1
 65
     0
276
    -2
286
     1
 66
     0
277
    -2
287
     1
 67
     0
278
    -2
288
     1
 68
     0
279
    -2
289
     1
 69
     0
  0
VISUALSTYLE
  5
2B
102
{ACAD_REACTORS
330
2C
102
}
330
2C
100
AcDbVisualStyle
  2
2dWireframe
 70
     4
177
     3
291
     0
 70
    58
 90
        0
176
     1
 90
        2
176
     1
 90
        1
176
     1
 90
        0
176
     1
 40
0.6
176
     1
 40
30.0
176
     1
 62
     7
420
 16777215
176
     1
 90
        1
176
     1
 90
        4
176
     1
 62
     7
176
     1
 62
   257
176
     1
 90
        1
176
     1
 90
        1
176
     1
 40
1.0
176
     1
 90
        0
176
     1
 62
   257
176
     1
 40
1.0
176
     1
 90
        1
176
     1
 90
        6
176
     1
 90
        2
176
     1
 62
     7
176
     1
 90
        5
176
     1
 90
        0
176
     1
 90
        0
176
     1
290
     0
176
     1
 90
        1
176
     1
 40
0.0
176
     1
 90
        0
176
     1
290
     1
176
     1
290
     1
176
     1
290
     0
176
     1
290
     0
176
     1
290
     0
176
     1
290
     0
176
     1
290
     0
176
     1
290
     0
176
     1
290
     0
176
     1
 90
       50
176
     1
 40
0.0
176
     1
 40
1.0
176
     1
 90
        0
176
     1
 62
    18
176
     1
 90
       50
176
     1
 90
        3
176
     1
 62
     5
420
      255
176
     1
290
     0
176
     1
 90
       50
176
     1
 90
       50
176
     1
 90
       50
176
     1
290
     0
176
     1
 90
       50
176
     1
 62
   256
176
     0
 40
1.0
176
     0
 90
        2
176
     1
  1
strokes_ogs.tif
176
     1
290
     0
176
     1
 40
1.0
176
     1
 40
1.0
176
     1
1001
ACAD
1000
AcDbSavedByObjectVersion
1070
     0
  0
VISUALSTYLE
  5
5F
102
{ACAD_REACTORS
330
2C
102
}
330
2C
100
AcDbVisualStyle
  2
Realistic
 70
     8
177
     3
291
     0
 70
    58
 90
        2
176
     1
 90
        2
176
     1
 90
        0
176
     1
 90
        2
176
     1
 40
0.6
176
     1
 40
30.0
176
     1
 62
     7
420
 16777215
176
     1
 90
        0
176
     1
 90
        0
176
     1
 62
     7
176
     1
 62
   257
176
     1
 90
        1
176
     1
 90
        1
176
     1
 40
1.0
176
     1
 90
        8
176
     1
 62
   257
176
     1
 40
1.0
176
     1
 90
        1
176
     1
 90
        6
176
     1
 90
        2
176
     1
 62
     7
176
     1
 90
        3
176
     1
 90
        0
176
     1
 90
        0
176
     1
290
     0
176
     1
 90
       13
176
     1
 40
0.0
176
     1
 90
        0
176
     1
290
     0
176
     1
290
     1
176
     1
290
     1
176
     1
290
     0
176
     1
290
     0
176
     1
290
     0
176
     1
290
     0
176
     1
290
     0
176
     1
290
     0
176
     1
 90
       50
176
     1
 40
0.0
176
     1
 40
1.0
176
     1
 90
        0
176
     1
 62
    18
176
     1
 90
       50
176
     1
 90
        3
176
     1
 62
     5
420
      255
176
     1
290
     0
176
     1
 90
       50
176
     1
 90
       50
176
     1
 90
       50
176
     1
290
     0
176
     1
 90
       50
176
     1
 62
   256
176
     0
 40
1.0
176
     0
 90
        2
176
     1
  1
strokes_ogs.tif
176
     1
290
     0
176
     1
 40
1.0
176
     1
 40
1.0
176
     1
1001
ACAD
1000
AcDbSavedByObjectVersion
1070
     0
  0
VISUALSTYLE
  5
60
102
{ACAD_REACTORS
330
2C
102
}
330
2C
100
AcDbVisualStyle
  2
Wireframe
 70
     5
177
     3
291
     0
 70
    58
 90
        0
176
     1
 90
        2
176
     1
 90
        0
176
     1
 90
        0
176
     1
 40
0.6
176
     1
 40
30.0
176
     1
 62
     7
420
 16777215
176
     1
 90
        1
176
     1
 90
        4
176
     1
 62
     7
176
     1
 62
   257
176
     1
 90
        1
176
     1
 90
        1
176
     1
 40
1.0
176
     1
 90
        0
176
     1
 62
   257
176
     1
 40
1.0
176
     1
 90
        1
176
     1
 90
        6
176
     1
 90
        2
176
     1
 62
     7
176
     1
 90
        3
176
     1
 90
        0
176
     1
 90
        0
176
     1
290
     0
176
     1
 90
        1
176
     1
 40
0.0
176
     1
 90
        0
176
     1
290
     0
176
     1
290
     1
176
     1
290
     1
176
     1
290
     0
176
     1
290
     0
176
     1
290
     0
176
     1
290
     0
176
     1
290
     0
176
     1
290
     0
176
     1
 90
       50
176
     1
 40
0.0
176
     1
 40
1.0
176
     1
 90
        0
176
     1
 62
    18
176
     1
 90
       50
176
     1
 90
        3
176
     1
 62
     5
420
      255
176
     1
290
     0
176
     1
 90
       50
176
     1
 90
       50
176
     1
 90
       50
176
     1
290
     0
176
     1
 90
       50
176
     1
 62
   256
176
     0
 40
1.0
176
     0
 90
        2
176
     1
  1
strokes_ogs.tif
176
     1
290
     0
176
     1
 40
1.0
176
     1
 40
1.0
176
     1
1001
ACAD
1000
AcDbSavedByObjectVersion
1070
     0
  0
DICTIONARYVAR
  5
264
102
{ACAD_REACTORS
330
25F
102
}
330
25F
100
DictionaryVariables
280
     0
  1
1:1
  0
DICTIONARYVAR
  5
261
102
{ACAD_REACTORS
330
25F
102
}
330
25F
100
DictionaryVariables
280
     0
  1
STANDARD
  0
DICTIONARYVAR
  5
260
102
{ACAD_REACTORS
330
25F
102
}
330
25F
100
DictionaryVariables
280
     0
  1
STANDARD
  0
DICTIONARYVAR
  5
262
102
{ACAD_REACTORS
330
25F
102
}
330
25F
100
DictionaryVariables
280
     0
  1

  0
DICTIONARYVAR
  5
263
102
{ACAD_REACTORS
330
25F
102
}
330
25F
100
DictionaryVariables
280
     0
  1

  0
BLOCKLINEARPARAMETER
  5
79
330
78
100
AcDbEvalExpr
 90
        2
 98
       31
 99
        8
100
AcDbBlockElement
300
Linear
 98
       31
 99
        8
1071
        0
100
AcDbBlockParameter
280
     1
281
     0
100
AcDbBlock2PtParameter
1010
-8.246211251235317
1020
-8.24621125124395
1030
0.0
1011
8.246211251235317
1021
-8.246211251243952
1031
0.0
170
     4
 91
        0
 91
        3
 91
        0
 91
        0
171
     0
172
     0
173
     1
 94
        3
303
DisplacementX
174
     1
 95
        3
304
DisplacementY
177
     0
100
AcDbBlockLinearParameter
305
Distance1
306

140
-0.12190770235011
307

 96
        1
141
0.0
142
0.0
143
0.0
175
     0
1001
ACAUTHENVIRON
1010
10.03686527720113
1020
-10.15877297955987
1030
0.0
  0
BLOCKLINEARGRIP
  5
7B
330
78
100
AcDbEvalExpr
 90
        3
 98
       31
 99
        8
100
AcDbBlockElement
300
End Grip
 98
       31
 99
        8
1071
        0
100
AcDbBlockGrip
 91
        4
 92
        5
1010
8.246211251235317
1020
-8.246211251243952
1030
0.0
280
     1
 93
       -1
100
AcDbBlockLinearGrip
140
16.49242250247064
141
-0.0000000000000018
142
0.0
  0
BLOCKGRIPLOCATIONCOMPONENT
  5
7C
330
78
100
AcDbEvalExpr
 90
        4
 98
       31
 99
        8
  1

 70
    40
140
1.797693134862313E+99
100
AcDbBlockGripExpr
 91
        2
300
UpdatedEndX
  0
BLOCKGRIPLOCATIONCOMPONENT
  5
7D
330
78
100
AcDbEvalExpr
 90
        5
 98
       31
 99
        8
  1

 70
    40
140
1.797693134862313E+99
100
AcDbBlockGripExpr
 91
        2
300
UpdatedEndY
  0
BLOCKARRAYACTION
  5
7E
330
78
100
AcDbEvalExpr
 90
        6
 98
       31
 99
        8
100
AcDbBlockElement
300
Array
 98
       31
 99
        8
1071
        1
100
AcDbBlockAction
 70
     0
 71
     0
1010
-5.094172234497311
1020
-11.39825026798195
1030
0.0
100
AcDbBlockArrayAction
 92
        2
 93
        2
 94
        2
 95
        2
301
Base
302
End
303
UpdatedBase
304
UpdatedEnd
140
1.0
141
1.0
  0
BLOCKARRAYACTION
  5
7F
330
78
100
AcDbEvalExpr
 90
        7
 98
       31
 99
        8
100
AcDbBlockElement
300
Array1
 98
       31
 99
        8
1071
        0
100
AcDbBlockAction
 70
     0
 71
     1
330
89
1010
14.33443493951907
1020
-10.15877297955987
1030
0.0
100
AcDbBlockArrayAction
 92
        2
 93
        2
 94
        2
 95
        2
301
Base
302
End
303
UpdatedBase
304
UpdatedEnd
140
1.0
141
16.49242250247064
  0
BLOCKLINEARPARAMETER
  5
80
330
78
100
AcDbEvalExpr
 90
       23
 98
       31
 99
        8
100
AcDbBlockElement
300
Linear1
 98
       31
 99
        8
1071
        0
100
AcDbBlockParameter
280
     1
281
     0
100
AcDbBlock2PtParameter
1010
-8.246211251235317
1020
-8.24621125124395
1030
0.0
1011
-8.246211251235317
1021
-50.24242160489055
1031
0.0
170
     4
 91
        0
 91
       24
 91
        0
 91
        0
171
     0
172
     0
173
     1
 94
       24
303
DisplacementX
174
     1
 95
       24
304
DisplacementY
177
     0
100
AcDbBlockLinearParameter
305
Distance2
306

140
-9.649695519741033
307

 96
        1
141
0.0
142
0.0
143
0.0
175
     0
1001
ACAUTHENVIRON
1010
-15.73806441227965
1020
-52.40026396358724
1030
0.0
  0
BLOCKLINEARGRIP
  5
81
330
78
100
AcDbEvalExpr
 90
       24
 98
       31
 99
        8
100
AcDbBlockElement
300
End Grip
 98
       31
 99
        8
1071
        0
100
AcDbBlockGrip
 91
       25
 92
       26
1010
-8.246211251235317
1020
-50.24242160489055
1030
0.0
280
     1
 93
       -1
100
AcDbBlockLinearGrip
140
0.0
141
-41.9962103536466
142
0.0
  0
BLOCKGRIPLOCATIONCOMPONENT
  5
82
330
78
100
AcDbEvalExpr
 90
       25
 98
       31
 99
        8
  1

 70
    40
140
1.797693134862313E+99
100
AcDbBlockGripExpr
 91
       23
300
UpdatedEndX
  0
BLOCKGRIPLOCATIONCOMPONENT
  5
83
330
78
100
AcDbEvalExpr
 90
       26
 98
       31
 99
        8
  1

 70
    40
140
1.797693134862313E+99
100
AcDbBlockGripExpr
 91
       23
300
UpdatedEndY
  0
BLOCKSTRETCHACTION
  5
84
330
78
100
AcDbEvalExpr
 90
       27
 98
       31
 99
        8
100
AcDbBlockElement
300
Stretch
 98
       31
 99
        8
1071
        1
100
AcDbBlockAction
 70
     0
 71
     0
1010
-3.067389590363239
1020
-55.42124326576264
1030
0.0
100
AcDbBlockStretchAction
 92
       23
301
EndXDelta
 93
       23
302
EndYDelta
 72
     0
 73
     0
 75
     0
140
1.0
141
0.0
280
     0
  0
BLOCKSTRETCHACTION
  5
85
330
78
100
AcDbEvalExpr
 90
       28
 98
       31
 99
        8
100
AcDbBlockElement
300
Stretch1
 98
       31
 99
        8
1071
        0
100
AcDbBlockAction
 70
     0
 71
     1
330
89
1010
-10.55924275140757
1020
-52.40026396358724
1030
0.0
100
AcDbBlockStretchAction
 92
       23
301
EndXDelta
 93
       23
302
EndYDelta
 72
     2
1011
22.09610478019863
1021
-64.80390265577037
1011
-22.21159154867888
1021
-13.6280983781896
 73
     1
331
89
 74
     4
 94
        0
 94
        1
 94
        4
 94
        5
 75
     0
140
1.0
141
0.0
280
     0
  0
BLOCKLINEARPARAMETER
  5
EA
330
E9
100
AcDbEvalExpr
 90
        1
 98
       31
 99
        8
100
AcDbBlockElement
300
Linear
 98
       31
 99
        8
1071
        0
100
AcDbBlockParameter
280
     1
281
     0
100
AcDbBlock2PtParameter
1010
95364.55342996706
1020
6359.214813152241
1030
0.0
1011
95394.55342996706
1021
6359.214813152241
1031
0.0
170
     4
 91
        0
 91
        2
 91
        0
 91
        0
171
     0
172
     0
173
     1
 94
        2
303
DisplacementX
174
     1
 95
        2
304
DisplacementY
177
     0
100
AcDbBlockLinearParameter
305
Distance1
306

140
-2.834558901705348
307

 96
        1
141
0.0
142
0.0
143
0.0
175
     0
1001
ACAUTHENVIRON
1010
95395.76985013219
1020
6355.163834085431
1030
0.0
  0
BLOCKLINEARGRIP
  5
EB
330
E9
100
AcDbEvalExpr
 90
        2
 98
       31
 99
        8
100
AcDbBlockElement
300
End Grip
 98
       31
 99
        8
1071
        0
100
AcDbBlockGrip
 91
        3
 92
        4
1010
95394.55342996706
1020
6359.214813152241
1030
0.0
280
     1
 93
       -1
100
AcDbBlockLinearGrip
140
30.0
141
0.0
142
0.0
  0
BLOCKGRIPLOCATIONCOMPONENT
  5
EC
330
E9
100
AcDbEvalExpr
 90
        3
 98
       31
 99
        8
  1

 70
    40
140
1.797693134862313E+99
100
AcDbBlockGripExpr
 91
        1
300
UpdatedEndX
  0
BLOCKGRIPLOCATIONCOMPONENT
  5
ED
330
E9
100
AcDbEvalExpr
 90
        4
 98
       31
 99
        8
  1

 70
    40
140
1.797693134862313E+99
100
AcDbBlockGripExpr
 91
        1
300
UpdatedEndY
  0
BLOCKSTRETCHACTION
  5
EE
330
E9
100
AcDbEvalExpr
 90
        5
 98
       31
 99
        8
100
AcDbBlockElement
300
Stretch
 98
       31
 99
        8
1071
        1
100
AcDbBlockAction
 70
     0
 71
     0
1010
95396.40722849657
1020
6357.36101462276
1030
0.0
100
AcDbBlockStretchAction
 92
        1
301
EndXDelta
 93
        1
302
EndYDelta
 72
     0
 73
     0
 75
     0
140
1.0
141
0.0
280
     0
  0
BLOCKLINEARPARAMETER
  5
EF
330
E9
100
AcDbEvalExpr
 90
        6
 98
       31
 99
        8
100
AcDbBlockElement
300
Linear1
 98
       31
 99
        8
1071
        0
100
AcDbBlockParameter
280
     1
281
     0
100
AcDbBlock2PtParameter
1010
95364.55342996706
1020
6359.214813152241
1030
0.0
1011
95364.55342996706
1021
6389.214813152241
1031
0.0
170
     4
 91
        0
 91
        7
 91
        0
 91
        0
171
     0
172
     0
173
     1
 94
        7
303
DisplacementX
174
     1
 95
        7
304
DisplacementY
177
     0
100
AcDbBlockLinearParameter
305
Distance2
306

140
3.97568774994579
307

 96
        1
141
0.0
142
0.0
143
0.0
175
     0
1001
ACAUTHENVIRON
1010
95361.79416238224
1020
6387.998392987135
1030
0.0
  0
BLOCKLINEARGRIP
  5
F0
330
E9
100
AcDbEvalExpr
 90
        7
 98
       31
 99
        8
100
AcDbBlockElement
300
End Grip
 98
       31
 99
        8
1071
        0
100
AcDbBlockGrip
 91
        8
 92
        9
1010
95364.55342996706
1020
6389.214813152241
1030
0.0
280
     1
 93
       -1
100
AcDbBlockLinearGrip
140
0.0
141
30.0
142
0.0
  0
BLOCKGRIPLOCATIONCOMPONENT
  5
F1
330
E9
100
AcDbEvalExpr
 90
        8
 98
       31
 99
        8
  1

 70
    40
140
1.797693134862313E+99
100
AcDbBlockGripExpr
 91
        6
300
UpdatedEndX
  0
BLOCKGRIPLOCATIONCOMPONENT
  5
F2
330
E9
100
AcDbEvalExpr
 90
        9
 98
       31
 99
        8
  1

 70
    40
140
1.797693134862313E+99
100
AcDbBlockGripExpr
 91
        6
300
UpdatedEndY
  0
BLOCKSTRETCHACTION
  5
F3
330
E9
100
AcDbEvalExpr
 90
       10
 98
       31
 99
        8
100
AcDbBlockElement
300
Stretch1
 98
       31
 99
        8
1071
        1
100
AcDbBlockAction
 70
     0
 71
     0
1010
95366.40722849657
1020
6387.361014622761
1030
0.0
100
AcDbBlockStretchAction
 92
        6
301
EndXDelta
 93
        6
302
EndYDelta
 72
     0
 73
     0
 75
     0
140
1.0
141
0.0
280
     0
  0
BLOCKSTRETCHACTION
  5
F4
330
E9
100
AcDbEvalExpr
 90
       11
 98
       31
 99
        8
100
AcDbBlockElement
300
Stretch2
 98
       31
 99
        8
1071
        0
100
AcDbBlockAction
 70
     0
 71
     3
330
EB
330
FA
330
F8
1010
95398.68925852843
1020
6355.163834085431
1030
0.0
100
AcDbBlockStretchAction
 92
        1
301
EndXDelta
 93
        1
302
EndYDelta
 72
     2
1011
95401.96029217485
1021
6349.976244382694
1011
95388.33638629188
1021
6393.585003296656
 73
     2
331
F8
 74
     2
 94
        2
 94
        3
331
FA
 74
     2
 94
        2
 94
        3
 75
     0
140
1.0
141
0.0
280
     0
  0
BLOCKSTRETCHACTION
  5
F5
330
E9
100
AcDbEvalExpr
 90
       12
 98
       31
 99
        8
100
AcDbBlockElement
300
Stretch3
 98
       31
 99
        8
1071
        0
100
AcDbBlockAction
 70
     0
 71
     3
330
F0
330
FA
330
F8
1010
95364.71357077848
1020
6387.998392987135
1030
0.0
100
AcDbBlockStretchAction
 92
        6
301
EndXDelta
 93
        6
302
EndYDelta
 72
     2
1011
95398.55431566484
1021
6381.345370222391
1011
95355.97960983944
1021
6393.990289172345
 73
     2
331
F8
 74
     2
 94
        0
 94
        3
331
FA
 74
     2
 94
        0
 94
        3
 75
     0
140
1.0
141
0.0
280
     0
  0
BLOCKLINEARPARAMETER
  5
111
330
110
100
AcDbEvalExpr
 90
        1
 98
       31
 99
        8
100
AcDbBlockElement
300
Linear
 98
       31
 99
        8
1071
        0
100
AcDbBlockParameter
280
     1
281
     0
100
AcDbBlock2PtParameter
1010
95364.55342996706
1020
6359.214813152241
1030
0.0
1011
95384.55342996707
1021
6359.214813152241
1031
0.0
170
     4
 91
        0
 91
        2
 91
        0
 91
        0
171
     0
172
     0
173
     1
 94
        2
303
DisplacementX
174
     1
 95
        2
304
DisplacementY
177
     0
100
AcDbBlockLinearParameter
305
Distance1
306

140
-2.834558901705348
307

 96
        1
141
0.0
142
0.0
143
0.0
175
     0
1001
ACAUTHENVIRON
1010
95395.76985013219
1020
6355.163834085431
1030
0.0
  0
BLOCKLINEARGRIP
  5
112
330
110
100
AcDbEvalExpr
 90
        2
 98
       31
 99
        8
100
AcDbBlockElement
300
End Grip
 98
       31
 99
        8
1071
        0
100
AcDbBlockGrip
 91
        3
 92
        4
1010
95384.55342996707
1020
6359.214813152241
1030
0.0
280
     1
 93
       -1
100
AcDbBlockLinearGrip
140
20.0
141
0.0
142
0.0
  0
BLOCKGRIPLOCATIONCOMPONENT
  5
113
330
110
100
AcDbEvalExpr
 90
        3
 98
       31
 99
        8
  1

 70
    40
140
1.797693134862313E+99
100
AcDbBlockGripExpr
 91
        1
300
UpdatedEndX
  0
BLOCKGRIPLOCATIONCOMPONENT
  5
114
330
110
100
AcDbEvalExpr
 90
        4
 98
       31
 99
        8
  1

 70
    40
140
1.797693134862313E+99
100
AcDbBlockGripExpr
 91
        1
300
UpdatedEndY
  0
BLOCKSTRETCHACTION
  5
115
330
110
100
AcDbEvalExpr
 90
       15
 98
       31
 99
        8
100
AcDbBlockElement
300
Stretch6
 98
       31
 99
        8
1071
        0
100
AcDbBlockAction
 70
     0
 71
     3
330
112
330
123
330
121
1010
95406.32392320032
1020
6355.163834085431
1030
0.0
100
AcDbBlockStretchAction
 92
        1
301
EndXDelta
 93
        1
302
EndYDelta
 72
     2
1011
95391.6630797835
1021
6350.486937743917
1011
95379.44771728547
1021
6392.476498975952
 73
     2
331
121
 74
     2
 94
        2
 94
        3
331
123
 74
     2
 94
        2
 94
        3
 75
     0
140
1.0
141
0.0
280
     0
  0
BLOCKLINEARPARAMETER
  5
116
330
110
100
AcDbEvalExpr
 90
       30
 98
       31
 99
        8
100
AcDbBlockElement
300
Linear1
 98
       31
 99
        8
1071
        1
100
AcDbBlockParameter
280
     1
281
     0
100
AcDbBlock2PtParameter
1010
95364.55342996706
1020
6389.214813152241
1030
0.0
1011
95364.55342996706
1021
6359.214813152241
1031
0.0
170
     4
 91
       34
 91
       31
 91
        0
 91
        0
171
     1
 92
       34
301
DisplacementX
172
     1
 93
       34
302
DisplacementY
173
     1
 94
       31
303
DisplacementX
174
     1
 95
       31
304
DisplacementY
177
     0
100
AcDbBlockLinearParameter
305
Distance2
306

140
-5.223499749859911
307

 96
        1
141
0.0
142
0.0
143
0.0
175
     0
1001
ACAUTHENVIRON
1010
95360.79305559427
1020
6357.751687775191
1030
0.0
  0
BLOCKLINEARGRIP
  5
117
330
110
100
AcDbEvalExpr
 90
       31
 98
       31
 99
        8
100
AcDbBlockElement
300
End Grip
 98
       31
 99
        8
1071
        0
100
AcDbBlockGrip
 91
       32
 92
       33
1010
95364.55342996706
1020
6359.214813152241
1030
0.0
280
     1
 93
       -1
100
AcDbBlockLinearGrip
140
0.0
141
-30.0
142
0.0
  0
BLOCKGRIPLOCATIONCOMPONENT
  5
118
330
110
100
AcDbEvalExpr
 90
       32
 98
       31
 99
        8
  1

 70
    40
140
1.797693134862313E+99
100
AcDbBlockGripExpr
 91
       30
300
UpdatedEndX
  0
BLOCKGRIPLOCATIONCOMPONENT
  5
119
330
110
100
AcDbEvalExpr
 90
       33
 98
       31
 99
        8
  1

 70
    40
140
1.797693134862313E+99
100
AcDbBlockGripExpr
 91
       30
300
UpdatedEndY
  0
BLOCKLINEARGRIP
  5
11A
330
110
100
AcDbEvalExpr
 90
       34
 98
       31
 99
        8
100
AcDbBlockElement
300
Base Grip
 98
       31
 99
        8
1071
        0
100
AcDbBlockGrip
 91
       35
 92
       36
1010
95364.55342996706
1020
6389.214813152241
1030
0.0
280
     1
 93
       -1
100
AcDbBlockLinearGrip
140
0.0
141
30.0
142
0.0
  0
BLOCKGRIPLOCATIONCOMPONENT
  5
11B
330
110
100
AcDbEvalExpr
 90
       35
 98
       31
 99
        8
  1

 70
    40
140
0.0
100
AcDbBlockGripExpr
 91
       30
300
UpdatedBaseX
  0
BLOCKGRIPLOCATIONCOMPONENT
  5
11C
330
110
100
AcDbEvalExpr
 90
       36
 98
       31
 99
        8
  1

 70
    40
140
0.0
100
AcDbBlockGripExpr
 91
       30
300
UpdatedBaseY
  0
BLOCKSTRETCHACTION
  5
11D
330
110
100
AcDbEvalExpr
 90
       37
 98
       31
 99
        8
100
AcDbBlockElement
300
Stretch
 98
       31
 99
        8
1071
        0
100
AcDbBlockAction
 70
     0
 71
     3
330
11A
330
123
330
121
1010
95360.79305559427
1020
6357.751687775191
1030
0.0
100
AcDbBlockStretchAction
 92
       30
301
BaseXDelta
 93
       30
302
BaseYDelta
 72
     2
1011
95352.01430306885
1021
6395.653492651295
1011
95391.81131340098
1021
6382.20276087816
 73
     2
331
121
 74
     2
 94
        0
 94
        3
331
123
 74
     2
 94
        0
 94
        3
 75
     0
140
1.0
141
0.0
280
     0
  0
ACDB_BLOCKREPRESENTATION_DATA
  5
75
102
{ACAD_REACTORS
330
74
102
}
330
74
100
AcDbBlockRepresentationData
 70
     1
340
76
  0
DICTIONARY
  5
90
102
{ACAD_REACTORS
330
74
102
}
330
74
100
AcDbDictionary
280
     1
281
     1
  3
ACAD_ENHANCEDBLOCKDATA
360
91
  3
ACAD_ENHANCEDBLOCKHDATA
360
96
  3
ACAD_ENHANCEDBLOCKHISTORY
360
97
  0
ACDB_BLOCKREPRESENTATION_DATA
  5
E6
102
{ACAD_REACTORS
330
E5
102
}
330
E5
100
AcDbBlockRepresentationData
 70
     1
340
E7
  0
DICTIONARY
  5
FC
102
{ACAD_REACTORS
330
E5
102
}
330
E5
100
AcDbDictionary
280
     1
281
     1
  3
ACAD_ENHANCEDBLOCKDATA
360
FD
  0
ACDB_BLOCKREPRESENTATION_DATA
  5
10D
102
{ACAD_REACTORS
330
10C
102
}
330
10C
100
AcDbBlockRepresentationData
 70
     1
340
10E
  0
DICTIONARY
  5
125
102
{ACAD_REACTORS
330
10C
102
}
330
10C
100
AcDbDictionary
280
     1
281
     1
  3
ACAD_ENHANCEDBLOCKDATA
360
126
  0
DICTIONARY
  5
18
330
16
100
AcDbDictionary
280
     1
281
     1
  0
DICTIONARY
  5
53
330
52
100
AcDbDictionary
280
     1
281
     1
  3
FBXASSET
360
54
  0
DICTIONARY
  5
50
330
4F
100
AcDbDictionary
280
     1
281
     1
  3
FBXASSET
360
51
  0
DICTIONARY
  5
D
330
B
100
AcDbDictionary
280
     1
281
     1
  3
BUMPTILE
360
E
  3
DIFFUSETILE
360
F
  3
FBXASSET
360
10
  3
OPACITYTILE
360
11
  3
REFLECTIONTILE
360
12
  0
DICTIONARY
  5
5E
330
5D
100
AcDbDictionary
280
     1
281
     1
  3
ACAD_ROUNDTRIP_2008_TABLESTYLE_CELLSTYLEMAP
360
265
  0
DICTIONARY
  5
91
102
{ACAD_REACTORS
330
90
102
}
330
90
100
AcDbDictionary
280
     1
281
     1
  3
2
360
92
  3
23
360
93
  3
27
360
94
  3
28
360
95
  0
DICTIONARY
  5
96
102
{ACAD_REACTORS
330
90
102
}
330
90
100
AcDbDictionary
281
     1
  0
XRECORD
  5
97
102
{ACAD_REACTORS
330
90
102
}
330
90
100
AcDbXrecord
280
     1
1070
     3
1071
        3
300
GRIPLOC
 11
132.7599824672652
 21
-0.0000000000000142
 31
0.0
  0
DICTIONARY
  5
FD
102
{ACAD_REACTORS
330
FC
102
}
330
FC
100
AcDbDictionary
280
     1
281
     1
  3
1
360
FE
  3
10
360
FF
  3
11
360
100
  3
12
360
101
  3
5
360
102
  3
6
360
103
  0
DICTIONARY
  5
126
102
{ACAD_REACTORS
330
125
102
}
330
125
100
AcDbDictionary
280
     1
281
     1
  3
1
360
127
  3
15
360
128
  3
30
360
129
  3
37
360
12A
  0
XRECORD
  5
54
102
{ACAD_REACTORS
330
53
102
}
330
53
100
AcDbXrecord
280
     1
 70
     1
 90
429727718
  1
D62C5603-E3A1-4AEA-B7FB-FE5D8D0755AF
310
504B03040A0000080000CC70623B3DEE336E79000000790000001B0000006175746F6465736B2D64657369676E2D7061636B6167652E786D6C3C3F786D6C2076657273696F6E3D22312E302220656E636F64696E673D227574662D3822203F3E3C666F726D6174733E3C666F726D61743E687474703A2F2F736368656D612E
310
6175746F6465736B2E636F6D2F64657369676E2D7061636B6167652F323030393C2F666F726D61743E3C2F666F726D6174733E504B0304140006080800CC70623BD486FD9CA0000000F4000000130000005B436F6E74656E745F54797065735D2E786D6C7D8EC10E82300C865F65E91D8A1E8C310C0EEA1BF002731658846E
310
D98AC1B77784ABF1D8FE5FBFBF75BBCE937A534CCEB38643598122B6FEE978D0B0485F9C41B54DDD7D022595594E1A469170414C76A4D9A4D207E29CF43ECE46F218070CC6BECC4078ACAA135ACF422C856C0E68EA1BF5669944DDD7BCDE7B1F8E415D77AECB980613C2E4AC91FC167A2B244592486606FC29C8FD7F045B9A
310
EF7053A7E60B504B0304140006080800CC70623B853B8169EB0000007C01000008000000636F72652E786D6C8D90416EC3201045AF62CDB6C206821CC7C244919D9CA01740401C94182C03558F5F9C3852BBEB6A467FFE9B197D7EFC9E1EC5975982F5AE035262288C535E5B377690E21535501C055FBC8FBF6C503839990E
310
5619041F179FE64D52DE45E362569DD7661365082642A11EB9E920A89B99642953CC8E702F67A9EE7234257977194EC9EAE275C4EABCCF5EAD5940D4AC6F0E35A568B8F43562CD7046CD199FD07E60174276A7BE677B5EADB0E0D14EEFFB6A31321A0D82627C4084204C3F096B71DD52F6819B16635EADF63F509AF53FA164
310
5DDCD1EDDD17164090FCC8732078B56691CB33A85CD7DCC40F504B0304140006080800CC70623B55019EA25F0000007C00000007000000636E782E786D6C4DCB3B0E80201045D1AD90E915ED2CF8AC45050C11660C8261F98AB1B07AC9C97D42D718D865D3E909258CFD00CCE24AC6E326A164D74DC0B4128928FF32603847
310
2BA13128B1252AC747C6BAB984FC68F0B87FE8960A5C09FE86CFB69FBA01504B0304140006080800CC70623BDBABAAF470010000D40300000C0000006662782F636F72652E786D6CC553D16E823014FD95A6AF4B694182CC941A83FA05FB810A9511A125A5257EFE2E82712ECEB8A7F100CD39F7F69E734AF9FADC366850B6
310
AF8DCE7018308C942E4C59EB2AC3DE1D498AD15A706B8CFB56869196ADCAF00863C12B6B7C374385D14E6907A836A59A41D9F7CA615434B0C8705F7CAA5606D23BA8E84F41278B93AC54100640439DE0BDB320004D43C63716C7C399D30917DCFBBA9CD9BA8469F5B156168B24CED3F7248AC8769F27244EB73B92EED8862C
310
B7F13E0C179B3C8F979C8ECD82BBBABDAA2BAC924E9558448CBD9330242CFA08E3154B5651FCC6D215639C8EE5774DBE2B5F6CF2B5768B68963BB5F5588420E442FC700B1139D4CB01F450C1E918227C2E09DF070D8140C84E1E9AAB8F1340832A9CB13130A5F1376A908D57309505ECF2A0DF179C4E9D30F5B239B87E3823
310
7A79C6F31DE1A8A5AEC08474B03C7837EAE4938639B44E5932B833D2C6B6B279CDC613877FA26EE21F4A2A4C63EC7F29A2F301D1F9F7A0E37D145F504B0304140006080800CC70623B9C113CC27E0000009D0000000B0000006662782F636E782E786D6C4DCCDF0A83201C86E15B91DFB94BFB330DD428C8FB886521330DA7
310
6397BF1A1DECE883878F57749FCDA1B7892F1BBC047A23808C7F84D9FA55424E0BE6803A256208E9EF06C84F9B91703228B1C690F78B66B34CD9A5439DF5CF0BFBF65E35BCA1B8D6A5C6F540381E886698B5741C695F9503EBA150A2F8958E3DC3EA0B504B0304140006080800CC70623B7DF2F77C2A010000120200003100
310
00006662782F41393633353835312D344632462D344230382D423046372D3739314545314133324237412F636F72652E786D6C8D51DB8EC22014FC15C2939B0D2DB4B45643319AE817EC0F6041255A68B86CFCFC856D4D76DF7CE190393373060EDB3DC707F856CE6B6B7A480A0C81328395DA5C7B18C3057510EC3873D686
310
3F34088C18550F330C39BB3A1BA7051AAC09CA84841A2BD5020AEF55806078A44B0FFD7053A328440C89E1EFC52486BBB8AA8214A99D789CF9E05200300FC927E4FB4D5B375D43103D5527440FB843077C5AA3F5861C8F645F5787F59E95B390B318B55CE45AA638FAA2957BD7248B390B7A7CC51F9C124149C82B8C378810
310
84AB2F42B7B8DD56F413775B8C5999E9FF4471926F8AA236A1AE96B8B3CC434E5839373893369E1FAF30EA395917409EB7F26AF8801C171837A4A6AC9C89E9F9C9B1A58BA30FD6A5EF5DDDCF894B9AD9B6A59C957943A9FCAE2FD5BC4DFE03504B0304140006080800CC70623BAD7543B64E01000033030000300000006662
310
782F41393633353835312D344632462D344230382D423046372D3739314545314133324237412F636E782E786D6CD593CD6EC32010845F0571AD6CE3D48AD20813A9873E410FBD12D82434182C7EAAE6EDBB2424CD25871E7B41D6EC30B3FA84F9E67BB2E40B4234DE8DB46F1925E094D7C6ED479AD3AE5951B2113C789FEE
310
6C943839C1488B4C05DF079FE72A69D8C96C13AAD6B8631503449F83828872B949AC57D26200B826A308D316B4064D6E46FCDA41C05550DC9E483A00797BFD207EFB092A45DE9514C1BBD22178396BD39D891265658C238DEA00936C654E5E433CB65A26D9F6EDB5EBC14EBF49A45CB856E66048291F6939A9A81BB5C89177
310
38143CA680F4AA299D66A042CEB3354A2684DC9D8D178FE0D9B8B41CAAD720F880EE7EF93C0C18769E099ECC04D5A102C8049A8A05632F4DDF376CF1DE0F6BB65C2F8627B65A33C6BB62177CEBBDAD973006829F89F22E814B54F4BC2BE347F8AA8F681390B50FA73F804400B5F542E796F19FF974E7F78DB802FE05E20750
310
4B0304140006080800CC70623BE75B7789680500003C100000340000006662782F41393633353835312D344632462D344230382D423046372D3739314545314133324237412F6F626A656374732E786D6CAD575B8F9B3818FD2B887D06C22499CB8AA1CA655245D5B455A356FB305264C061D8018C6C3393D95FBFC7600890
310
A4CD5EF210B0B1BFEBF98E3F7B1FF6596ABC522E1296DF9BAE3D320D9A872C4AF2F8DE2CE5CEBA358D0FBEC719939D65A691938CDE9B6ADAF4BD98B3B2D05311DD91329583D9D5FC0F438434A7A611A644887B5384CF34233629258BA878B12322891DEFF6B66BD70BFB62634E8AE781D082709A4B588AF91C528CDA28B73F
310
1C998EEF39EABBEFA97FBD6A7C7E9553F9D3D79FE442923C3C523610337627CB87ABE99D359D4CC6D6E4FACAB5E6ABF9D2726FC6A3C5F56271377BB88362213924694B38DD99FE47C48627A1E7D49F5A8BB5E1A74C0A599ED3B0F21F1E56366B89112D681E218F0915D0D6F17AD41FBA2A369DCF6335D62ABBD39779D5DDD1
310
11D4D8DE3CBB96B2E04FB8202E41051754A1AA8E8F76B4C6DFE810B580B1547F4B84911149794252234D024EF8BBE963A95AE27B3D310A9D5C215C7960FAEE415ED75694C6AFB17BCACA5D99A60A9AA65F217B0BFC53292ACB92BF283FAD0D3621576592CB5BED907C2FA8E9DF794E35E97BEA31BED21FEB401ABB94C44839
310
DCACBF0E1C5DA8DA5B2F4DFFD32AD86F543D9E565E7056502E157C00AD2671CD534549AB752FCA9CDA00677A313F04E51B22FF19E57B300579E3C97EB29F682D92935CEC18CF901B7B54FD8C51F362B56FC72FE0B3C1EAE335EDCCBF5AEC39ADB17DC238973F804BA5E6F6BFE7AF1FB32E523BE9F3BD571418E3631DCA4D48
310
5250CF639223210A9446CA30052EDF057BD35F8329C1ECD84552BF0DC8D18BE7BCE23BFE6BD960AB4A7DE79923A103BEBD80F911CBAA2C60DB19B01CF164A5583B772EE6D3FFA56666CBCDA74DC97724A48F9A58967497E489C4D979006FD7A05E227A1EBDD0F737C623387A9C844D3709995625106D157315F8B8392CD4E0
310
A0B9A720C4BE9829CEF37EA1E13111214D53925356365ADA634861B52519DD27A00AEB808EAF0628E6F435519D446F45CF2C9CF5214F0A15B2F6D06B79DA3EE3CBF7F56780D2F4E7EF73A0F5E5B02A38D07DC852C6B7C1FBB6664213E0C39E3EBA7FF4E1AD23EA2829407C85E586727488B751B2DB9502BC7B228A3FD68B6E
310
A65A22397E690AA8D158D7E404EC8CDA235CC3B7D1898680131CEC2CDF2638C65196279577750F15884AEE19F94199155B92B13297978469D4F8D358DF0AEF7631E28DC8F0D9F437D5D39A83B2231A1D52D543813A824EF8D44BCFF2FA6A31BD1E8DAD87F1CCB526B3879935BF59CDADD5C37479BB1CDD4CA7B3556B516589
310
EF352754B706114D9C885EC9131DE6EFEB43D99AFE2391C2F958179413D7CFEF6B1B6DB1E7600F00DE6E5C67454A339A4BA2E0FBA85ED26F045D454F463DBFCE484C2F90F2E5E3666003662ED8F755951A7D1BECD5B30B550B2785C8E7320B7292A4838DDA71BBC863ED7613CAF659337A3354231D4FF4A182A54904C2898C
310
98B28C4AD0CE056CCF332A80986E571EE9DBC305BB5FEB7E509220A58D25CF042D712A806AC0AD0C657FDEF80D2D9CEAA2EE4D1C76F60BFE74219A06527D6F82DF6412526107381E55E353090704D085B52408A8913C4ED159D79BDA71BB4BC506F4831350EB6F975CD22D69BF7AC49B91A2C0A9DDA3D5CA36AD20FC478E37
310
E61844E2352865EBCB61A275A65283CAAA9DD27703B4102F5AF51EF5F573B75CBB5AD38BC845F7A49F82A0966A49C2E3EA5EA0ECD326CD965F1DB402C6FA8B51A4658C5C5E2EC9E214602E55810345408596591009A82E7E7FFACA19EEA299B14A0081A705CB3296EBC14CDF658DCD336EA6D1136881AAEB87B81AB9EE53D5
310
F5EB8BC8362082DA24122F98680A4E7930C01A0079749CEA14382A0783E5EBA5A10F8C098456A03D6A4AEB6BB881E2513747552A5DB22C7EDAF83BD5528081A365F7FF06504B0304140006080000CC70623B000000000000000000000000350000006662782F41393633353835312D344632462D344230382D423046372D37
310
39314545314133324237412F76657274696365732E62696E504B0304140006080800CC70623BF270F1330600000004000000360000006662782F41393633353835312D344632462D344230382D423046372D3739314545314133324237412F747269616E676C65732E62696E636660600000504B0304140006080000CC7062
310
3B000000000000000000000000370000006662782F41393633353835312D344632462D344230382D423046372D3739314545314133324237412F617474726962757465732E62696E504B0304140006080800CC70623B08DA0BD19000000041010000360000006662782F41393633353835312D344632462D344230382D4230
310
46372D3739314545314133324237412F6469726563746F72792E786D6C858F410AC3201045AF22B36F53E9A60B35CBEEBAE80D244E44489C6234F4F835464A48035D0DF398FF9F8AF63D0E6CC63039F212F8F9020C7D47C6792B21C5FE7403D62A1188E2E60C98D7234A5830286103A55745067B9D86B8A3CF9C7F90C11DE6
310
07FB144396D7B6A82D282E9A152AD114D5EF2CB866EEE831B8EEA07A7BB5A8D7D61A2BAAEB7FD5F70921FF497D00504B0304140006080800CC70623BEDD1DC58FD000000A00100003B0000006662782F41393633353835312D344632462D344230382D423046372D3739314545314133324237412F7265736F75726365732F
310
636F72652E786D6C8D504B6E833010BD0A9A6D65B00922041947112427E8052C33A156828DFCA97AFC9A40A576D7CDCCE87D344F8F9FBFE667F689CE6B6B3A6039850C8DB2A336530731DC4903D95970676DF82583CCC8193B5861107C72362E3BA4AC096842428D1D7107A5F7182053CF7474E0D507CE32973124857FE48B
310
540F3961CEF244279DE03EB81420DB9EAC1384436FA353E879B1B182C7A8C75DA3C7F453DF353A1075D537A7BA6464B8F535A99AE14A9A2BBD90E350DD183B5CFABE3AF262350B1EF4FC9351399401471025A527C218A1E53BAB5A5AB765F5469B96525EACF23FA6B88CFF34456DC2A1DCE36E360F82A5202F42F062ED2BAD
310
579969AFDD8A6F504B010214000A0000080000CC70623B3DEE336E79000000790000001B00000000000000000000000000000000006175746F6465736B2D64657369676E2D7061636B6167652E786D6C504B01021400140006080800CC70623BD486FD9CA0000000F40000001300000000000000000000000000B20000005B
310
436F6E74656E745F54797065735D2E786D6C504B01021400140006080800CC70623B853B8169EB0000007C010000080000000000000000000000000083010000636F72652E786D6C504B01021400140006080800CC70623B55019EA25F0000007C000000070000000000000000000000000094020000636E782E786D6C504B
310
01021400140006080800CC70623BDBABAAF470010000D40300000C00000000000000000000000000180300006662782F636F72652E786D6C504B01021400140006080800CC70623B9C113CC27E0000009D0000000B00000000000000000000000000B20400006662782F636E782E786D6C504B01021400140006080800CC70
310
623B7DF2F77C2A010000120200003100000000000000000000000000590500006662782F41393633353835312D344632462D344230382D423046372D3739314545314133324237412F636F72652E786D6C504B01021400140006080800CC70623BAD7543B64E010000330300003000000000000000000000000000D2060000
310
6662782F41393633353835312D344632462D344230382D423046372D3739314545314133324237412F636E782E786D6C504B01021400140006080800CC70623BE75B7789680500003C10000034000000000000000000000000006E0800006662782F41393633353835312D344632462D344230382D423046372D3739314545
310
314133324237412F6F626A656374732E786D6C504B01021400140006080000CC70623B0000000000000000000000003500000000000000000000000000280E00006662782F41393633353835312D344632462D344230382D423046372D3739314545314133324237412F76657274696365732E62696E504B01021400140006
310
080800CC70623BF270F133060000000400000036000000000000000000000000007B0E00006662782F41393633353835312D344632462D344230382D423046372D3739314545314133324237412F747269616E676C65732E62696E504B01021400140006080000CC70623B0000000000000000000000003700000000000000
310
000000000000D50E00006662782F41393633353835312D344632462D344230382D423046372D3739314545314133324237412F617474726962757465732E62696E504B01021400140006080800CC70623B08DA0BD1900000004101000036000000000000000000000000002A0F00006662782F41393633353835312D344632
310
462D344230382D423046372D3739314545314133324237412F6469726563746F72792E786D6C504B01021400140006080800CC70623BEDD1DC58FD000000A00100003B000000000000000000000000000E1000006662782F41393633353835312D344632462D344230382D423046372D3739314545314133324237412F7265
310
736F75726365732F636F72652E786D6C504B0506000000000E000E0080040000641100000000
  0
XRECORD
  5
51
102
{ACAD_REACTORS
330
50
102
}
330
50
100
AcDbXrecord
280
     1
 70
     1
 90
429727718
  1
30362254-06B7-45E0-A893-8CFA70E3D6BC
310
504B03040A0000080000CC70623B3DEE336E79000000790000001B0000006175746F6465736B2D64657369676E2D7061636B6167652E786D6C3C3F786D6C2076657273696F6E3D22312E302220656E636F64696E673D227574662D3822203F3E3C666F726D6174733E3C666F726D61743E687474703A2F2F736368656D612E
310
6175746F6465736B2E636F6D2F64657369676E2D7061636B6167652F323030393C2F666F726D61743E3C2F666F726D6174733E504B0304140006080800CC70623BD486FD9CA0000000F4000000130000005B436F6E74656E745F54797065735D2E786D6C7D8EC10E82300C865F65E91D8A1E8C310C0EEA1BF002731658846E
310
D98AC1B77784ABF1D8FE5FBFBF75BBCE937A534CCEB38643598122B6FEE978D0B0485F9C41B54DDD7D022595594E1A469170414C76A4D9A4D207E29CF43ECE46F218070CC6BECC4078ACAA135ACF422C856C0E68EA1BF5669944DDD7BCDE7B1F8E415D77AECB980613C2E4AC91FC167A2B244592486606FC29C8FD7F045B9A
310
EF7053A7E60B504B0304140006080800CC70623B1EC5D7A3EB0000007C01000008000000636F72652E786D6C8D90416EC3201045AF82665B6103C6756C6122AB4D4ED00B204C5C94182C03558F5F9C3852BBEB6A467FFE9B197D71FC9E6FE8CBACC17AD7032D0820E3B41FAD9B7A48F1820F808E52ACDEC75F36404ECDA687
310
4D0629A6D5A76597B477D1B89855E747B38B2A041301E95B6E7A08FAD3CCAA50296647B8168BD2573599823EBB0CA76447F43862C7BCCF5EAC59410E4DDD9C7973C2755553CCCFA4C603E3040F1565ED3B1FDE4E432BCA0D9622DAF9795FAF464533826484B498524CD807E51D79ED187F21878E10516EF63F505AC67F42C9
310
BA58B1FDDD071640D2FCC87D2045B96591CB3DA85CB7DCE40F504B0304140006080800CC70623B55019EA25F0000007C00000007000000636E782E786D6C4DCB3B0E80201045D1AD90E915ED2CF8AC45050C11660C8261F98AB1B07AC9C97D42D718D865D3E909258CFD00CCE24AC6E326A164D74DC0B4128928FF32603847
310
2BA13128B1252AC747C6BAB984FC68F0B87FE8960A5C09FE86CFB69FBA01504B0304140006080800CC70623B8C9102E971010000D40300000C0000006662782F636F72652E786D6CC5535B6E833010BC8AE5DF0A6C08340F1947A84D4ED00B38C6A128602363A31CBFCB234A53A551FA553EC09AD9F5CE8C31DB9E9B1AF5CA
310
7695D1198E428A91D2D214952E33ECDD315861B4E5CC1AE3BE9561A445A3323CC098B3D21ADFCE9034DA29ED00D5A6503328BA4E398C640D8B0C77F253352214DE4145770A5B214FA2546114020D759C75CE8200340D19DE981F0F6746269C33EFAB6266AB02A655C74A59CCF365BADC27CB5D902ED22848F6340DF238A141
310
BE88E2F57B92BFEDF23523433367AE6A2EEAA455C2A902F398D2751045018D3FA264435F3771F242571B4A1919CA6F9A7C5B3CD9E42BED16F12C776AEB308F40C848FC700B1139D4891EF410CEC810227CC6846F8386402064270EF5C5C709A05E49676C024C61FC95EA45ED154CA5211D1FF4FB8291A913A68E9B83EBBB33
310
E2A7673CDE118E5AE8124C0807CB8377834E366998436B950D7A7746DAD846D4CFD978E0F04FD455FC5D49D2D4C6FE9722321F10997F0F32DC47FE05504B0304140006080800CC70623BFFEA85907E0000009D0000000B0000006662782F636E782E786D6C4DCCD10A83201886E15B91FFDC95D95A811AB6F23E625948A6C3
310
E9D8E5AF46073BFAE0E1E365ED67B3E8ADC3CB78C7815C7240DA3DFC64DCC221C519D7805AC182F7F1EF06C88D9BE6703008B6049F9E274D7A1E938DBB5AE3D6131B2589BA0D3D965551E0B2EA732C9B9A624AAEB41E3A557677029960D9AFB4EF11165F504B0304140006080800CC70623B4FEEA4082C0100001202000031
310
0000006662782F39464131463745442D413632322D343644302D413938332D3331353338454246344243312F636F72652E786D6C8D515B6EC32010BC0AE2AB55850DD871ED0813254D72825EC00192A2C460F1A872FC42ED48ED5F7E00CDCECCCEB26C731F6FE05B39AFADE921293004CA082BB5B9F43086336A21D870E6AC
310
0D7F68109861543DCC30E4ECE26C9C164858139409093556AA051CBC570102714B8F1E7AF1A5C6A11862480C7F2DA6415C878B2A4891CA89C7990F2E050073937C42DE1DB7E4F87ED8A36D4329AA9B3D46DBAEAD504556557BD81DEBDD0761E52CE42C462D17B996298E3E6BE59E35C962CE821E1FF18553435012728A7187
310
0841987E927A8D9B35ADDF70BBC6989599FE4F1427F9A4286A132ABAC49D651EF234CD5CE04CDA78BA3DC2A8FB645D00B9DF8B57E215725C60BCA2A463E54C4CE327C7A65E1C7DB02E7DEFCBF594B864C5CA6CDBD49C957943E9FA5D5FBAF336F90F504B0304140006080800CC70623BAD7543B64E01000033030000300000
310
006662782F39464131463745442D413632322D343644302D413938332D3331353338454246344243312F636E782E786D6CD593CD6EC32010845F0571AD6CE3D48AD20813A9873E410FBD12D82434182C7EAAE6EDBB2424CD25871E7B41D6EC30B3FA84F9E67BB2E40B4234DE8DB46F1925E094D7C6ED479AD3AE5951B2113C
310
789FEE6C943839C1488B4C05DF079FE72A69D8C96C13AAD6B8631503449F83828872B949AC57D26200B826A308D316B4064D6E46FCDA41C05550DC9E483A00797BFD207EFB092A45DE9514C1BBD22178396BD39D891265658C238DEA00936C654E5E433CB65A26D9F6EDB5EBC14EBF49A45CB856E66048291F6939A9A81BB5
310
C8917738143CA680F4AA299D66A042CEB3354A2684DC9D8D178FE0D9B8B41CAAD720F880EE7EF93C0C18769E099ECC04D5A102C8049A8A05632F4DDF376CF1DE0F6BB65C2F8627B65A33C6BB62177CEBBDAD973006829F89F22E814B54F4BC2BE347F8AA8F681390B50FA73F804400B5F542E796F19FF974E7F78DB802FE05
310
E207504B0304140006080800CC70623B16AB87BA640500003C100000340000006662782F39464131463745442D413632322D343644302D413938332D3331353338454246344243312F6F626A656374732E786D6CAD575B6FA33818FD2B887DE6924B3BED8A326A92B68A663B534DD4D13E548A0C38942D60649B369D5FBFC7
310
600890A493BDE42160637FD7F31D7FF63E6FB3D478A55C242CBF3247B66B1A340F5994E4F19559CA8D75611A9F7D8F33263BCB4C232719BD32D5B4E97B316765A1A722BA21652A07B3B7B33F0D11D29C9A46981221AE4C113ED38CD8A4942CA2E2C58E882476BCD9DA23BB5ED8171B73523C0F841684D35CC252CCE79062D4
310
468DFA43D7747CCF51DF7D4FFDEB5593E3AB9CCA9FBEFE241792E4E19EB28198C968BAB8199F5D5A67D3E9C49A9E8F47D6EC76B6B0469F26EEFC7C3EBFBCBEB98462213924694B38DD98FE1D62C393D073EA4FADC5DAF04326852CCF6958F90F0F2B9BB5C48816348F90C7840A68EB78EDF68723159BCEE7891A6B95DDE9D3
310
BCEAEEE8086A6C6F9E5D4B59F0175C10A7A0820BAA5055C7473B5AE3CFDD452D602CD5DF12616444529E90D448938013FE6EFA58AA96F85E4F8C42275708571E98FE6827AF6B2B4AE3D7D83D64E5A64C53054DD3AF90BD06FEA9149565C94FCA0F6B834DC85599E4F2423B24DF0B6AFA979E534DFA9E7A4CC6FA631D486393
310
921829879BF5D781A373557BCB85E97FB90DB62B558F8795179C15944B051F40AB495CF35451D26A4727654E6D8033BD98EF82F21D91FF8AF2DD9982BCF1643BDD4EB516C9492E368C67C88DED563FC36D5EACF66DFF057C3658BDBFA69DF9578B3DA735B64F18C7F20770A9D45CFCF7FCF563D6456A277DBEF78A02637CA2
310
43B90A490AEAB94F72244481D24819A6C0E59B606BFA4B3025981DBB48EAB701D97BF19C577CC77F2D1B6C55A9EF3C732474C0B727303F625995056C3B02963D9EAC146BE78EC5FCEC7FA999EBC5EACBAAE41B12D27B4D2C0BBA49F244E2ECDC81B76B502F113D8F5EE8FB1BE3111CDD4FC2AA9B844CAB1288B68AB90A7CDC
310
1C166AB0D3DC5310625FCC14E779BFD0709F8890A629C9292B1B2DED31A4B0DA928CEE135085754027E3018A397D4D5427D15BD1330B677DC8934285AC3DF45A9EB68FF8F2B8FC0A509AFEECFD0FF2DE25CC6047F7214B195F07EFEB9A094D800F7BFAE8FED187B78EA8A3A400F115961BCAD1215E47C966530AF0EE8128FE
310
58CEBB996A8964FFA529A046635D9353B0336A8F700DDF46271A024E70B0B37C9DE01847591E54DED53D54202AB947E4076556AC49C6CA5C9E1226B7F1A7B1BE15DEED62C41B91E1B3E9AFAAA735036547343A925075041DF0A9979E893B391F8FCFA6967B3EFB644DCF6E5CEBFAE272625DCC6FAF3FB93793C5F90CE1EF57
310
407342756B10D1C489E8953CD1617E5CEECAD6F4EF8914CE5D5D504E5C3F1F9736DA62CFC11E00BCDDB8CC8A9466349744C1F75EBDA4DF09BA8A9E8C7A7E9991989E20E5DBDD6A6003664ED8F7A04A8DBE0DF6EAD9B9AA858342E47399053949D2C146EDB85DE4B176BB0965FBAC19BD19AA918E27FA50C1D22402E144464C
310
59462568E704B6E71915404CB72B8FF4EDE184DDAF753F284990D2C6926782963815403548A70C657FDEF80D2D9CEAA2AE4C1C76F60BFE74219A06527D6582DF6412526107381E55E353090704D085B52408D0933C4ED159D79BDA71BB4BC506F4831350EB6F979CD22D69BF7AC49B91A2C0A9DDA3D5CA36AD20FC478E37E6
310
1844E2352865EBCB6EA275A652E3836BE04EFB400BF1A2556F515F1FBB35B2AB35BD889C744FFA1004B5544B121E57F70215746DD2F5E2C1412B602CBF19455AC6C8E5E9922C4E01E65215385004546899059180EAFCF7A707CE7017CD8CDB0410789AB32C63B91E5CEBBBACB17AC6CD347A022D5075FD106377347AAABA7E
310
7D11590744509B44E205134DC1290F06580320F78E537D3D73540E06CB970B431F185308AD40BBD794D6D77003C5A36E8EAA54BA64597CD8F83BD552A080A365F7FF06504B0304140006080000CC70623B000000000000000000000000350000006662782F39464131463745442D413632322D343644302D413938332D3331
310
353338454246344243312F76657274696365732E62696E504B0304140006080800CC70623BF270F1330600000004000000360000006662782F39464131463745442D413632322D343644302D413938332D3331353338454246344243312F747269616E676C65732E62696E636660600000504B0304140006080000CC70623B
310
000000000000000000000000370000006662782F39464131463745442D413632322D343644302D413938332D3331353338454246344243312F617474726962757465732E62696E504B0304140006080800CC70623B08DA0BD19000000041010000360000006662782F39464131463745442D413632322D343644302D413938
310
332D3331353338454246344243312F6469726563746F72792E786D6C858F410AC3201045AF22B36F53E9A60B35CBEEBAE80D244E44489C6234F4F835464A48035D0DF398FF9F8AF63D0E6CC63039F212F8F9020C7D47C6792B21C5FE7403D62A1188E2E60C98D7234A5830286103A55745067B9D86B8A3CF9C7F90C11DE607
310
FB144396D7B6A82D282E9A152AD114D5EF2CB866EEE831B8EEA07A7BB5A8D7D61A2BAAEB7FD5F70921FF497D00504B0304140006080800CC70623B0D6EF93BFE000000A00100003B0000006662782F39464131463745442D413632322D343644302D413938332D3331353338454246344243312F7265736F75726365732F63
310
6F72652E786D6C8D50596E833010BD0A9ADFCA60B334011947A8694ED00B586642AC041B79A97AFC9A40A5F6AF3F33A3B7689E1E3F7DCD8FEC139DD7D6F4C0720A191A65476DA61E62B892236427C19DB5E1970C322367EC618541F0C9D9B8EC90B226A009093576C41D94DE63804C3DD2D18357379C652E63480A7FCF17A9
310
EE72C29CE5894E3AC17D702940B63D59270887DE46A7D0F36263058F518FBB468FE9A7BE6A7420864373B8D4873369AA8691FA421B3294352543C5CAF65C0F6FEF43CB8BD52C78D0F34F46E550061C419494B6843142CB0F5677F4B52BEB177AEC28E5C52AFF638ACBF84F53D42654E51E77B379102C05791282176B5F693D
310
CB4C7BED567C03504B010214000A0000080000CC70623B3DEE336E79000000790000001B00000000000000000000000000000000006175746F6465736B2D64657369676E2D7061636B6167652E786D6C504B01021400140006080800CC70623BD486FD9CA0000000F40000001300000000000000000000000000B20000005B
310
436F6E74656E745F54797065735D2E786D6C504B01021400140006080800CC70623B1EC5D7A3EB0000007C010000080000000000000000000000000083010000636F72652E786D6C504B01021400140006080800CC70623B55019EA25F0000007C000000070000000000000000000000000094020000636E782E786D6C504B
310
01021400140006080800CC70623B8C9102E971010000D40300000C00000000000000000000000000180300006662782F636F72652E786D6C504B01021400140006080800CC70623BFFEA85907E0000009D0000000B00000000000000000000000000B30400006662782F636E782E786D6C504B01021400140006080800CC70
310
623B4FEEA4082C0100001202000031000000000000000000000000005A0500006662782F39464131463745442D413632322D343644302D413938332D3331353338454246344243312F636F72652E786D6C504B01021400140006080800CC70623BAD7543B64E010000330300003000000000000000000000000000D5060000
310
6662782F39464131463745442D413632322D343644302D413938332D3331353338454246344243312F636E782E786D6C504B01021400140006080800CC70623B16AB87BA640500003C1000003400000000000000000000000000710800006662782F39464131463745442D413632322D343644302D413938332D3331353338
310
454246344243312F6F626A656374732E786D6C504B01021400140006080000CC70623B0000000000000000000000003500000000000000000000000000270E00006662782F39464131463745442D413632322D343644302D413938332D3331353338454246344243312F76657274696365732E62696E504B01021400140006
310
080800CC70623BF270F133060000000400000036000000000000000000000000007A0E00006662782F39464131463745442D413632322D343644302D413938332D3331353338454246344243312F747269616E676C65732E62696E504B01021400140006080000CC70623B0000000000000000000000003700000000000000
310
000000000000D40E00006662782F39464131463745442D413632322D343644302D413938332D3331353338454246344243312F617474726962757465732E62696E504B01021400140006080800CC70623B08DA0BD190000000410100003600000000000000000000000000290F00006662782F39464131463745442D413632
310
322D343644302D413938332D3331353338454246344243312F6469726563746F72792E786D6C504B01021400140006080800CC70623B0D6EF93BFE000000A00100003B000000000000000000000000000D1000006662782F39464131463745442D413632322D343644302D413938332D3331353338454246344243312F7265
310
736F75726365732F636F72652E786D6C504B0506000000000E000E0080040000641100000000
  0
XRECORD
  5
E
102
{ACAD_REACTORS
330
D
102
}
330
D
100
AcDbXrecord
280
     1
270
     1
271
     1
  0
XRECORD
  5
F
102
{ACAD_REACTORS
330
D
102
}
330
D
100
AcDbXrecord
280
     1
270
     1
271
     1
  0
XRECORD
  5
10
102
{ACAD_REACTORS
330
D
102
}
330
D
100
AcDbXrecord
280
     1
 70
     0
 90
1673772943
  1
ECE7A1D2-D628-4531-984C-D00F80459256
310
504B03040A0000080000CC70623B3DEE336E79000000790000001B0000006175746F6465736B2D64657369676E2D7061636B6167652E786D6C3C3F786D6C2076657273696F6E3D22312E302220656E636F64696E673D227574662D3822203F3E3C666F726D6174733E3C666F726D61743E687474703A2F2F736368656D612E
310
6175746F6465736B2E636F6D2F64657369676E2D7061636B6167652F323030393C2F666F726D61743E3C2F666F726D6174733E504B0304140006080800CC70623BD486FD9CA0000000F4000000130000005B436F6E74656E745F54797065735D2E786D6C7D8EC10E82300C865F65E91D8A1E8C310C0EEA1BF002731658846E
310
D98AC1B77784ABF1D8FE5FBFBF75BBCE937A534CCEB38643598122B6FEE978D0B0485F9C41B54DDD7D022595594E1A469170414C76A4D9A4D207E29CF43ECE46F218070CC6BECC4078ACAA135ACF422C856C0E68EA1BF5669944DDD7BCDE7B1F8E415D77AECB980613C2E4AC91FC167A2B244592486606FC29C8FD7F045B9A
310
EF7053A7E60B504B0304140006080800CC70623BD9DDAED0EC0000007C01000008000000636F72652E786D6C8D90416EC3201045AF82665B61836D9CD8C2444DD39CA01740405C94182C03558F5F9C3852BBEB6A467FFE9B197D7EF89E6EE8CB2CC17A37002D0820E394D7D68D03A478C17B4007C117EFE32F1B20272733C0
310
2A83E0E3E2D3BC49CABB685CCCAAF3DA6CA20CC14440EA969B0182FA34932C648AD911AEC52CD5558EA6A0CF2EC329598D1E47ACCEFBECC59A050463A7EA5833865FEBDD0E37353BE3EE8DBDE3F6786A48D375FBF6CC78B9C282473B3DEFABC5C86834888A900E538A49F5419B9EB47DD5BC907D4F082F57FB1F28CDFA9F50
310
B22ED6D5F6EE030B20687EE43E10BC5CB3C8E51E54AE6B6EE207504B0304140006080800CC70623B55019EA25F0000007C00000007000000636E782E786D6C4DCB3B0E80201045D1AD90E915ED2CF8AC45050C11660C8261F98AB1B07AC9C97D42D718D865D3E909258CFD00CCE24AC6E326A164D74DC0B4128928FF326038
310
472BA13128B1252AC747C6BAB984FC68F0B87FE8960A5C09FE86CFB69FBA01504B0304140006080800CC70623BA24EB22D72010000D40300000C0000006662782F636F72652E786D6CC5535B6E833010BC8AE5DF0A6C5E49888CA3A6694ED00B38E05014B091B1518EDFE511A5A9D228FD2A1F60CDEC7A67C6986DCE4D8D7A
310
69BA4AAB0C073EC548AA5C17952A33ECECD15B61B4E1CC686DBF9561A44423333CC098B3D268D7CE50AE9595CA02AA74216750749DB418E5352C32DCE59FB211BE70162ABA93DF8AFC244AE9073ED050C759670D0840D390E18DF9F1706664C23973AE2A66B62A605A75ACA4C13C4976E1364A12EF355A2EBD384AF65EFA96
310
BC7B8BED2EA6719AAE16FB8491A199335B351775B991C2CA02F390D2D40B028F861F41BCA68B7518BFD0D59A524686F29B26D7164F36B94AD9289CE54E6D1DE6010819891F6E21228B3AD1831EC219194284CF98F06DD01008846CC5A1BEF83801D4CBDC6A1303536877A57A513B0953A94FC707FDBE6064EA84A9E3E6E0FA
310
EE8CF0E9198F7784A316AA0413C2C2F2E0ECA0934D1AE6D05A69BCDE9E91D2A611F573361E38FC1375157F5752AE6B6DFE4B11990F88CCBF0719EE23FF02504B0304140006080800CC70623B408A7D3B7C0000009D0000000B0000006662782F636E782E786D6C4DCCD10A83201886E15B91FFDC552A92A0064DBC8F581632
310
D3703A76F9ABD1C18E3E78F878E5F0D9027ABBFCF2292AE86E2D20171F69F6715550CB827B40839639A5F2770314A7CD293819B45C73AAFB45B35BA61ACAA1C1C7E7855C58C15BC331339661262CC762340413D68D77DA5B42298546CBE6573AF60CEB2F504B0304140006080800CC70623B449FB9BD290100001202000031
310
0000006662782F36394639363044362D344446342D343946362D394244322D3234314243333846323333332F636F72652E786D6C8D515B6EC32010BC0AE22B55850D98B871848994463E412FE002495162B07854397EA176A4F62F3F2C9A9D991D587EB84F37F0AD7D30CEF6905418026DA553C65E7A98E219ED203808EE9D
310
8B7F6810D871D23D2C3014FCE25D9A57483A1BB58D19B54EE9151C43D0110279CB971E06F9A5A7B11A53CC8C70ADE6515EC78BAE4895DB992778883E0700CB907242D17643D7E2538BD869608875438BBAE38922CAC8F1BDD90DB4691A5E2F42C153326A951B95E398B3D1FE599322163C9AE9115F7A3D46ADA0A018778810
310
84E907617BDCEE297BC5BB3DC6BC2EF47FA234AB2745C9D8D8D035EE220B50105E2F0DC1954B9FB747187D9F9D8FA0CCDB042D5FA0C015C65B42DF78BD10F3F3B363CB56C7109DCFDFBBB97E662ED92EB62D13BC2E1BCAE5777DB9966D8A1F504B0304140006080800CC70623BAD7543B64E01000033030000300000006662
310
782F36394639363044362D344446342D343946362D394244322D3234314243333846323333332F636E782E786D6CD593CD6EC32010845F0571AD6CE3D48AD20813A9873E410FBD12D82434182C7EAAE6EDBB2424CD25871E7B41D6EC30B3FA84F9E67BB2E40B4234DE8DB46F1925E094D7C6ED479AD3AE5951B2113C789FEE
310
6C943839C1488B4C05DF079FE72A69D8C96C13AAD6B8631503449F83828872B949AC57D26200B826A308D316B4064D6E46FCDA41C05550DC9E483A00797BFD207EFB092A45DE9514C1BBD22178396BD39D891265658C238DEA00936C654E5E433CB65A26D9F6EDB5EBC14EBF49A45CB856E66048291F6939A9A81BB5C89177
310
38143CA680F4AA299D66A042CEB3354A2684DC9D8D178FE0D9B8B41CAAD720F880EE7EF93C0C18769E099ECC04D5A102C8049A8A05632F4DDF376CF1DE0F6BB65C2F8627B65A33C6BB62177CEBBDAD973006829F89F22E814B54F4BC2BE347F8AA8F681390B50FA73F804400B5F542E796F19FF974E7F78DB802FE05E20750
310
4B0304140006080800CC70623B8D05915C650500003B100000340000006662782F36394639363044362D344446342D343946362D394244322D3234314243333846323333332F6F626A656374732E786D6CAD575B6FA33814FE2B887D06429276DA1565D4266D158D3A339A6846FB502932E050B66023DB74D2FDF5FB190C01
310
9276B2973C046C8ECFF53B17071F77456EBD502133CEAE6CDF9DD81665314F32965ED995DA3A17B6F5310C04E7AA47665B8C14F4CAD6DB7618A48257A5D94AE89654B91AEDDEDDFC61C998326A5B714EA4BCB265FC440BE2924AF184CA6737218AB8E976E7FA6E4338649B0A523E8D98964450A6A029F619B8588D52FE7039
310
B1BD30F0F4F730D0FF866AF6369557DB33949F31A9088B0F848DD8CCFCF9F2767A76E99CCDE733677E3EF59D9BBB9BA5E37F984D16E78BC5E5F5ED25044B25C0C96822E8D60EEFE11B91C581D77CEA34368A1F5329E68CD1B8B61F16D63A1B8E092D294B10C78C4A48EB593D192E7DED9BDEE7995E1B91FDEDD3ACEA9FE831
310
6A756F9F7D4D79F4274C90A7A04248AA51D5F8C718DAE06FB2F75AC4796EBE65D22A88A22223B995679120E2D50E41AA49C260C046A35368846B0BECD0DFF3EBEB8AD4F835768F69B9ADF25C43D30E6B646F807FAA64AD59F61715C7A54127C4AACA98BA3006A9D792DAE165E0D59B61A01FB3A9F9D838D2DAE62445C86166
310
F37564E842E7DE6A69879FEEA2DD5AE7E371E1A5E025154AC307D06A03D73EB5978C58FFA4C8E9033066E0F3BD53BEC1F39F91BE7B55103791EDE6BBB991A2046172CB4581D8B893FA674DDA17A77B3B7C413D1B511FD2743BFF8A38F03A658705E3ADF8015C3A3417FF3D7E439FF591DA0B5F18BC20C1B8981957AE6392A3
310
F43C640C01D1A0B4728E2DD4F26DB4B3C3152A252A3B4E913CEC1C72F012782FF88EFF8637AA552DBEF76408E8A8DE9E50F9E1CB3A2DA0DB1B6039A893B56063DC5B3E3FFB5F72E67AB9FEB4AEC496C4F4C1149625DD662C53E89D7BF0F6151A046260D1337DFDC94502430F83B0EE07A130A224BCAD7DAE1D9FB6CD422FF6
310
920702629C4BB9AE79C12F243C6432A6794E18E5552BA56B431AAB5D91317302B2B071E86C3A42B1A02F999E24061403B5D0EB639195DA655DD3EBEAB4FB862DDF579F014AD0E73C22F99E28DA57FB98E75C6CA2D74D53086D600F4786E0FE3144B771A8A7B900F03594DB8A633CBC49B2EDB69228BB479CF863B5E807AAAB
310
23872F6DFEB4129B949CA33823F58830E86D65621E10047D9DB34D862E8EAC3C2ABC2F7B2C40D67CDFE01F5545B92105AF983AC54D93D69E56FB8E797F88913F898A9FEC705D3F9D1B54EC8426FB500D40A03BD0119B06E1B95DDC7EB8F6975367793EBD70E66733DFB9BC982F9CE564727731999F5D4ECFCE3B8D6A4DC2A0
310
6D50FD148437D110834A64C6CDDF57FBACB5C307A2A477DFE4939736CFEF2B175371E0E10CF0DD1D5C15654E0BCA14D1E87DD02FF93782A162C0A3D95F1524A52770F972BF1EE9809D13CE7DD599467F8ECE9ADD85CE85A34CD45355448C64F9E8A031DC2D596ACC6E5DD93D9B82DE2EF5CAF81363A8E47996A0DE24564A79
310
4115AACE09C55E14540231FDA13C319787134EBF34E3A022514E5B4D9E0826E25C02D5805B15ABE1BEF51B26383D445DD9E875EE33FE4C22DA16427D65A3BCA92CA6D28DD01DF5DC53330704308475351050232CCD31583787BA75774AFB06E5070DD0C8EF484E19968C5D83BA5B90B244D31E54D55A372320FE4786B7EA58
310
44E135AA5467CB7EA333A61683CC6A8C3257034C10CF46F40EF9F5BE59BE5BD30C3C72D235E95D10345C1D45445A5F0BB47E46A5EBE5570F9380B5FA629579952296A773720405982B9DE04011506178964401AA8BDF1FBF0A8EAB6861DD6580C0E38217056766716DAEB2D6FA0917D3E4116581EADB879C4E7CFFB11EFACD
310
3D641311495D92C8676CB409A72D18610D803CE8A626049E8EC1887CB5B44CC39883690DDA8399B4B9855B481E7D71D4A9D22F96E5BB73BF5793020C02137BF837504B0304140006080000CC70623B000000000000000000000000350000006662782F36394639363044362D344446342D343946362D394244322D32343142
310
43333846323333332F76657274696365732E62696E504B0304140006080800CC70623BF270F1330600000004000000360000006662782F36394639363044362D344446342D343946362D394244322D3234314243333846323333332F747269616E676C65732E62696E636660600000504B0304140006080000CC70623B0000
310
00000000000000000000370000006662782F36394639363044362D344446342D343946362D394244322D3234314243333846323333332F617474726962757465732E62696E504B0304140006080800CC70623B08DA0BD19000000041010000360000006662782F36394639363044362D344446342D343946362D394244322D
310
3234314243333846323333332F6469726563746F72792E786D6C858F410AC3201045AF22B36F53E9A60B35CBEEBAE80D244E44489C6234F4F835464A48035D0DF398FF9F8AF63D0E6CC63039F212F8F9020C7D47C6792B21C5FE7403D62A1188E2E60C98D7234A5830286103A55745067B9D86B8A3CF9C7F90C11DE607FB14
310
4396D7B6A82D282E9A152AD114D5EF2CB866EEE831B8EEA07A7BB5A8D7D61A2BAAEB7FD5F70921FF497D00504B0304140006080800CC70623BCA768048FE000000A00100003B0000006662782F36394639363044362D344446342D343946362D394244322D3234314243333846323333332F7265736F75726365732F636F72
310
652E786D6C8D50596E833010BD0A9ADFCA60D600328E9AA639412F609909B1126CE4A5EAF16B0295DABFFECC8CDEA2797AECF8353F924FB44E193D409E5248504B332A3D0D10FC95B4901C39B3C6F85F3248B49871801506CE266BC2B243D2688FDA47549B11775038871E12F988C7004EDE7016A9083E2ADC3D5D84BC8B09
310
D33C8D74D471E6BC8D0192EDC93A815B742658898E651BCB59086ADC356A8C3FD555A1055ED7E7E254D615792D0F075295F585746FF53B694EE78A565DD736979A65AB9933AFE69F8CD2A2F038022F28ED489E135A7CE4554F9BBEA85E68DB53CAB255FEC71496F19FA6A0B42F8B3DEE6673C0F318E4497096AD7DC5F52C33
310
EEB55BFE0D504B010214000A0000080000CC70623B3DEE336E79000000790000001B00000000000000000000000000000000006175746F6465736B2D64657369676E2D7061636B6167652E786D6C504B01021400140006080800CC70623BD486FD9CA0000000F40000001300000000000000000000000000B20000005B436F
310
6E74656E745F54797065735D2E786D6C504B01021400140006080800CC70623BD9DDAED0EC0000007C010000080000000000000000000000000083010000636F72652E786D6C504B01021400140006080800CC70623B55019EA25F0000007C000000070000000000000000000000000095020000636E782E786D6C504B0102
310
1400140006080800CC70623BA24EB22D72010000D40300000C00000000000000000000000000190300006662782F636F72652E786D6C504B01021400140006080800CC70623B408A7D3B7C0000009D0000000B00000000000000000000000000B50400006662782F636E782E786D6C504B01021400140006080800CC70623B
310
449FB9BD290100001202000031000000000000000000000000005A0500006662782F36394639363044362D344446342D343946362D394244322D3234314243333846323333332F636F72652E786D6C504B01021400140006080800CC70623BAD7543B64E010000330300003000000000000000000000000000D20600006662
310
782F36394639363044362D344446342D343946362D394244322D3234314243333846323333332F636E782E786D6C504B01021400140006080800CC70623B8D05915C650500003B10000034000000000000000000000000006E0800006662782F36394639363044362D344446342D343946362D394244322D32343142433338
310
46323333332F6F626A656374732E786D6C504B01021400140006080000CC70623B0000000000000000000000003500000000000000000000000000250E00006662782F36394639363044362D344446342D343946362D394244322D3234314243333846323333332F76657274696365732E62696E504B010214001400060808
310
00CC70623BF270F13306000000040000003600000000000000000000000000780E00006662782F36394639363044362D344446342D343946362D394244322D3234314243333846323333332F747269616E676C65732E62696E504B01021400140006080000CC70623B00000000000000000000000037000000000000000000
310
00000000D20E00006662782F36394639363044362D344446342D343946362D394244322D3234314243333846323333332F617474726962757465732E62696E504B01021400140006080800CC70623B08DA0BD190000000410100003600000000000000000000000000270F00006662782F36394639363044362D344446342D
310
343946362D394244322D3234314243333846323333332F6469726563746F72792E786D6C504B01021400140006080800CC70623BCA768048FE000000A00100003B000000000000000000000000000B1000006662782F36394639363044362D344446342D343946362D394244322D3234314243333846323333332F7265736F
310
75726365732F636F72652E786D6C504B0506000000000E000E0080040000621100000000
  0
XRECORD
  5
11
102
{ACAD_REACTORS
330
D
102
}
330
D
100
AcDbXrecord
280
     1
270
     1
271
     1
  0
XRECORD
  5
12
102
{ACAD_REACTORS
330
D
102
}
330
D
100
AcDbXrecord
280
     1
270
     1
271
     1
  0
CELLSTYLEMAP
  5
265
102
{ACAD_REACTORS
330
5E
102
}
330
5E
100
AcDbCellStyleMap
 90
        3
300
CELLSTYLE
  1
TABLEFORMAT_BEGIN
 90
        5
170
     1
 91
        0
 92
    32768
 62
   257
 93
        1
300
CONTENTFORMAT
  1
CONTENTFORMAT_BEGIN
 90
        0
 91
        0
 92
      512
 93
        0
300

 40
0.0
140
1.0
 94
        5
 62
     0
340
22
144
6.0
309
CONTENTFORMAT_END
171
     1
301
MARGIN
  1
CELLMARGIN_BEGIN
 40
1.5
 40
1.5
 40
1.5
 40
1.5
 40
0.18
 40
0.18
309
CELLMARGIN_END
 94
        6
 95
        1
302
GRIDFORMAT
  1
GRIDFORMAT_BEGIN
 90
        0
 91
        1
 62
     0
 92
       -2
340
25
 93
        0
 40
1.125
309
GRIDFORMAT_END
 95
        2
302
GRIDFORMAT
  1
GRIDFORMAT_BEGIN
 90
        0
 91
        1
 62
     0
 92
       -2
340
25
 93
        0
 40
1.125
309
GRIDFORMAT_END
 95
        4
302
GRIDFORMAT
  1
GRIDFORMAT_BEGIN
 90
        0
 91
        1
 62
     0
 92
       -2
340
25
 93
        0
 40
1.125
309
GRIDFORMAT_END
 95
        8
302
GRIDFORMAT
  1
GRIDFORMAT_BEGIN
 90
        0
 91
        1
 62
     0
 92
       -2
340
25
 93
        0
 40
1.125
309
GRIDFORMAT_END
 95
       16
302
GRIDFORMAT
  1
GRIDFORMAT_BEGIN
 90
        0
 91
        1
 62
     0
 92
       -2
340
25
 93
        0
 40
1.125
309
GRIDFORMAT_END
 95
       32
302
GRIDFORMAT
  1
GRIDFORMAT_BEGIN
 90
        0
 91
        1
 62
     0
 92
       -2
340
25
 93
        0
 40
1.125
309
GRIDFORMAT_END
309
TABLEFORMAT_END
  1
CELLSTYLE_BEGIN
 90
        1
 91
        1
300
_TITLE
309
CELLSTYLE_END
300
CELLSTYLE
  1
TABLEFORMAT_BEGIN
 90
        5
170
     1
 91
        0
 92
        0
 62
   257
 93
        1
300
CONTENTFORMAT
  1
CONTENTFORMAT_BEGIN
 90
        0
 91
        0
 92
      512
 93
        0
300

 40
0.0
140
1.0
 94
        5
 62
     0
340
22
144
4.5
309
CONTENTFORMAT_END
171
     1
301
MARGIN
  1
CELLMARGIN_BEGIN
 40
1.5
 40
1.5
 40
1.5
 40
1.5
 40
0.18
 40
0.18
309
CELLMARGIN_END
 94
        6
 95
        1
302
GRIDFORMAT
  1
GRIDFORMAT_BEGIN
 90
        0
 91
        1
 62
     0
 92
       -2
340
25
 93
        0
 40
1.125
309
GRIDFORMAT_END
 95
        2
302
GRIDFORMAT
  1
GRIDFORMAT_BEGIN
 90
        0
 91
        1
 62
     0
 92
       -2
340
25
 93
        0
 40
1.125
309
GRIDFORMAT_END
 95
        4
302
GRIDFORMAT
  1
GRIDFORMAT_BEGIN
 90
        0
 91
        1
 62
     0
 92
       -2
340
25
 93
        0
 40
1.125
309
GRIDFORMAT_END
 95
        8
302
GRIDFORMAT
  1
GRIDFORMAT_BEGIN
 90
        0
 91
        1
 62
     0
 92
       -2
340
25
 93
        0
 40
1.125
309
GRIDFORMAT_END
 95
       16
302
GRIDFORMAT
  1
GRIDFORMAT_BEGIN
 90
        0
 91
        1
 62
     0
 92
       -2
340
25
 93
        0
 40
1.125
309
GRIDFORMAT_END
 95
       32
302
GRIDFORMAT
  1
GRIDFORMAT_BEGIN
 90
        0
 91
        1
 62
     0
 92
       -2
340
25
 93
        0
 40
1.125
309
GRIDFORMAT_END
309
TABLEFORMAT_END
  1
CELLSTYLE_BEGIN
 90
        2
 91
        1
300
_HEADER
309
CELLSTYLE_END
300
CELLSTYLE
  1
TABLEFORMAT_BEGIN
 90
        5
170
     1
 91
        0
 92
        0
 62
   257
 93
        1
300
CONTENTFORMAT
  1
CONTENTFORMAT_BEGIN
 90
        0
 91
        0
 92
      512
 93
        0
300

 40
0.0
140
1.0
 94
        2
 62
     0
340
22
144
4.5
309
CONTENTFORMAT_END
171
     1
301
MARGIN
  1
CELLMARGIN_BEGIN
 40
1.5
 40
1.5
 40
1.5
 40
1.5
 40
0.18
 40
0.18
309
CELLMARGIN_END
 94
        6
 95
        1
302
GRIDFORMAT
  1
GRIDFORMAT_BEGIN
 90
        0
 91
        1
 62
     0
 92
       -2
340
25
 93
        0
 40
1.125
309
GRIDFORMAT_END
 95
        2
302
GRIDFORMAT
  1
GRIDFORMAT_BEGIN
 90
        0
 91
        1
 62
     0
 92
       -2
340
25
 93
        0
 40
1.125
309
GRIDFORMAT_END
 95
        4
302
GRIDFORMAT
  1
GRIDFORMAT_BEGIN
 90
        0
 91
        1
 62
     0
 92
       -2
340
25
 93
        0
 40
1.125
309
GRIDFORMAT_END
 95
        8
302
GRIDFORMAT
  1
GRIDFORMAT_BEGIN
 90
        0
 91
        1
 62
     0
 92
       -2
340
25
 93
        0
 40
1.125
309
GRIDFORMAT_END
 95
       16
302
GRIDFORMAT
  1
GRIDFORMAT_BEGIN
 90
        0
 91
        1
 62
     0
 92
       -2
340
25
 93
        0
 40
1.125
309
GRIDFORMAT_END
 95
       32
302
GRIDFORMAT
  1
GRIDFORMAT_BEGIN
 90
        0
 91
        1
 62
     0
 92
       -2
340
25
 93
        0
 40
1.125
309
GRIDFORMAT_END
309
TABLEFORMAT_END
  1
CELLSTYLE_BEGIN
 90
        3
 91
        2
300
_DATA
309
CELLSTYLE_END
  0
XRECORD
  5
92
102
{ACAD_REACTORS
330
91
102
}
330
91
100
AcDbXrecord
280
     1
1071
 18597260
1071
 25303744
 70
    25
 70
   104
 10
-8.246211251235317
 20
-8.24621125124395
 30
0.0
 10
141.0061937185005
 20
-8.246211251243964
 30
0.0
 10
0.0
 20
0.0
 30
-1.0
  0
XRECORD
  5
93
102
{ACAD_REACTORS
330
91
102
}
330
91
100
AcDbXrecord
280
     1
1071
 18597260
1071
 25303744
 70
    25
 70
   104
 10
-8.246211251235317
 20
-8.24621125124395
 30
0.0
 10
-8.246211251235317
 20
-50.24242160489055
 30
0.0
 10
0.0
 20
0.0
 30
-1.0
  0
XRECORD
  5
94
102
{ACAD_REACTORS
330
91
102
}
330
91
100
AcDbXrecord
280
     1
1071
  6895636
1071
  9291323
 70
    25
 70
   104
 40
0.0
  0
XRECORD
  5
95
102
{ACAD_REACTORS
330
91
102
}
330
91
100
AcDbXrecord
280
     1
1071
  6895636
1071
  9291323
 70
    25
 70
   104
 40
0.0
  0
XRECORD
  5
FE
102
{ACAD_REACTORS
330
FD
102
}
330
FD
100
AcDbXrecord
280
     1
1071
 18597260
1071
 25303744
 70
    25
 70
   104
 10
95364.55342996706
 20
6359.214813152241
 30
0.0
 10
95394.55342996706
 20
6359.214813152241
 30
0.0
 10
0.0
 20
0.0
 30
-1.0
  0
XRECORD
  5
FF
102
{ACAD_REACTORS
330
FD
102
}
330
FD
100
AcDbXrecord
280
     1
1071
  6895636
1071
  9291323
 70
    25
 70
   104
 40
0.0
  0
XRECORD
  5
100
102
{ACAD_REACTORS
330
FD
102
}
330
FD
100
AcDbXrecord
280
     1
1071
  6895636
1071
  9291323
 70
    25
 70
   104
 40
0.0
  0
XRECORD
  5
101
102
{ACAD_REACTORS
330
FD
102
}
330
FD
100
AcDbXrecord
280
     1
1071
  6895636
1071
  9291323
 70
    25
 70
   104
 40
0.0
  0
XRECORD
  5
102
102
{ACAD_REACTORS
330
FD
102
}
330
FD
100
AcDbXrecord
280
     1
1071
  6895636
1071
  9291323
 70
    25
 70
   104
 40
0.0
  0
XRECORD
  5
103
102
{ACAD_REACTORS
330
FD
102
}
330
FD
100
AcDbXrecord
280
     1
1071
 18597260
1071
 25303744
 70
    25
 70
   104
 10
95364.55342996706
 20
6359.214813152241
 30
0.0
 10
95364.55342996706
 20
6389.214813152241
 30
0.0
 10
0.0
 20
0.0
 30
-1.0
  0
XRECORD
  5
127
102
{ACAD_REACTORS
330
126
102
}
330
126
100
AcDbXrecord
280
     1
1071
 18597260
1071
 25303744
 70
    25
 70
   104
 10
95364.55342996706
 20
6359.214813152241
 30
0.0
 10
95384.55342996707
 20
6359.214813152241
 30
0.0
 10
0.0
 20
0.0
 30
-1.0
  0
XRECORD
  5
128
102
{ACAD_REACTORS
330
126
102
}
330
126
100
AcDbXrecord
280
     1
1071
  6895636
1071
  9291323
 70
    25
 70
   104
 40
0.0
  0
XRECORD
  5
129
102
{ACAD_REACTORS
330
126
102
}
330
126
100
AcDbXrecord
280
     1
1071
 18597260
1071
 25303744
 70
    25
 70
   104
 10
95364.55342996706
 20
6389.214813152241
 30
0.0
 10
95364.55342996706
 20
6359.214813152241
 30
0.0
 10
0.0
 20
0.0
 30
-1.0
  0
XRECORD
  5
12A
102
{ACAD_REACTORS
330
126
102
}
330
126
100
AcDbXrecord
280
     1
1071
  6895636
1071
  9291323
 70
    25
 70
   104
 40
0.0
  0
ENDSEC
  0
SECTION
  2
ACDSDATA
 70
     2
 71
     2
  0
ACDSSCHEMA
 90
        0
  1
AcDb_Thumbnail_Schema
  2
AcDbDs::ID
280
    10
 91
        8
  2
Thumbnail_Data
280
    15
 91
        0
101
ACDSRECORD
 95
        0
 90
        1
  2
AcDbDs::TreatedAsObjectData
280
     1
291
     1
101
ACDSRECORD
 95
        0
 90
        2
  2
AcDbDs::Legacy
280
     1
291
     1
101
ACDSRECORD
  1
AcDbDs::ID
 90
        3
  2
AcDs:Indexable
280
     1
291
     1
101
ACDSRECORD
  1
AcDbDs::ID
 90
        4
  2
AcDbDs::HandleAttribute
280
     7
282
     1
  0
ACDSSCHEMA
 90
        1
  1
AcDbDs::TreatedAsObjectDataSchema
  2
AcDbDs::TreatedAsObjectData
280
     1
 91
        0
  0
ACDSSCHEMA
 90
        2
  1
AcDbDs::LegacySchema
  2
AcDbDs::Legacy
280
     1
 91
        0
  0
ACDSSCHEMA
 90
        3
  1
AcDbDs::IndexedPropertySchema
  2
AcDs:Indexable
280
     1
 91
        0
  0
ACDSSCHEMA
 90
        4
  1
AcDbDs::HandleAttributeSchema
  2
AcDbDs::HandleAttribute
280
     7
 91
        1
284
     1
  0
ACDSRECORD
 90
        0
  2
AcDbDs::ID
280
    10
320
16
  2
Thumbnail_Data
280
    15
 94
     1836
310
89504E470D0A1A0A0000000D4948445200000100000000670803000000D82A6C0200000300504C5445FFFFFFFFFFFFFFFFFF0000000000000000000000000000000000000000000000000000330000660000990000CC0000FF0033000033330033660033990033CC0033FF0066000066330066660066990066CC0066FF0099
310
000099330099660099990099CC0099FF00CC0000CC3300CC6600CC9900CCCC00CCFF00FF0000FF3300FF6600FF9900FFCC00FFFF3300003300333300663300993300CC3300FF3333003333333333663333993333CC3333FF3366003366333366663366993366CC3366FF3399003399333399663399993399CC3399FF33CC00
310
33CC3333CC6633CC9933CCCC33CCFF33FF0033FF3333FF6633FF9933FFCC33FFFF6600006600336600666600996600CC6600FF6633006633336633666633996633CC6633FF6666006666336666666666996666CC6666FF6699006699336699666699996699CC6699FF66CC0066CC3366CC6666CC9966CCCC66CCFF66FF0066
310
FF3366FF6666FF9966FFCC66FFFF9900009900339900669900999900CC9900FF9933009933339933669933999933CC9933FF9966009966339966669966999966CC9966FF9999009999339999669999999999CC9999FF99CC0099CC3399CC6699CC9999CCCC99CCFF99FF0099FF3399FF6699FF9999FFCC99FFFFCC0000CC00
310
33CC0066CC0099CC00CCCC00FFCC3300CC3333CC3366CC3399CC33CCCC33FFCC6600CC6633CC6666CC6699CC66CCCC66FFCC9900CC9933CC9966CC9999CC99CCCC99FFCCCC00CCCC33CCCC66CCCC99CCCCCCCCCCFFCCFF00CCFF33CCFF66CCFF99CCFFCCCCFFFFFF0000FF0033FF0066FF0099FF00CCFF00FFFF3300FF3333
310
FF3366FF3399FF33CCFF33FFFF6600FF6633FF6666FF6699FF66CCFF66FFFF9900FF9933FF9966FF9999FF99CCFF99FFFFCC00FFCC33FFCC66FFCC99FFCCCCFFCCFFFFFF00FFFF33FFFF66FFFF99FFFFCCFFFFFF0000000D0D0D1A1A1A2828283535354343435050505D5D5D6B6B6B787878868686939393A1A1A1AEAEAEBB
310
BBBBC9C9C9D6D6D6E4E4E4F1F1F1FFFFFF000000000000000000000000000000000000000000000000000000000000AD4AB4E40000011B4944415478DAEDD8B10DC2301484616F60D12131004B64840CF13648C73EEC9249AEA6A507E38224988886C6F77F52A22454777A38869400000000000000007F92539A26D7F0C330
310
152A27CB028EC75CF3CBB480F359D2ACC8926701392BE25980ED02783848A125BF55D0FD25389CBE7CA01F9E7441B734CFAB07FBFA9F098DD2588EE779E5F5C8A800EB09781D650234D641A895F43901512DD7809D76D45FFCEDC56E01DD4D407C5E5BED88A271B759F4AE5DAF7FAD02EE5F0BE8AF8568DD3B6D847E29A0EF
310
09B8695EED83E35DC0C5A08012D7BE8075B64601EABC806815905CB6FEB1FD916F5840F32DB0F86A18166025CCF353405AFC0F108EF9DFB95DE3D7ECE11C1F000000000000000000000000000000000000F8BF075A5E97D1850EAF140000000049454E44AE4260824260820026C15A47440002501C00134091037E08F9E139
310
A0D0B20002AED947014222B49224382B80AA0E0849CE42006C25C8120129D2C1510E059000A036802B01370C26094E301600E4E5B0A56783BD27842C876F791E0F5F5E4603B85C04805D925C569E03CEAA44CBF62E00E505D07C97579FF28AE8EA007C7E7E3200D75A673962A062D01003C7DF42FD01F061902F17F3A1BCB9
310
698D0E6803408A8D7F078EA0250062DAA491F10ADA6221A0560F23424001206E6B8B1FA403C080D6D1EABC291848D91905D8D7E954749530121C86280356EB80C10014BFDC58A7E8E5E15439400010CF69B853079CCBFBCC6775B10940AE312B88934FE83A47811EFA42BBF7F73C1203468E3E78413104C081850129362C0B
310
6023352E36A47011287D4240AE320065AF0971AA1456124623776800ACBE0EB03D17507B3906C071D1DBE8CB03B8CA99A31B007A6E6A8803B07F60CF42F300303F1EE246086C55B5D749EFAB058FABED732D01E0B59607B0DA87A46C02504AA36D735D84C43AF5A794C5B953397D6AADCA4CAE8A807BB8B2D561F000A807E0
310
01B8A3280A6E050480B8B1021900BFB217A9007C089818B80B204D8103A86FAF965520F851C0942D06BEBD48107011B71C30FCAF12EDA30B11B5A4C107B4370D84CD1430E86D92110EF8A6169AE9F7988AE7498B200C6988EE3BF964110D77C093C103E8EDCDAEF9D75AF39A00BC8100C01CB0070D8039E09A020F81BD3107
310
A000440C740800001E029503E258FDC73918E3661D547CBB1C028DFE473A002E9A41C9004D07CCF2FAE52AEA80AAF7692B0270A097630E908550DC3CFFAD6C685C71B812C418413040F864DA821104006168EC120C0784A171139010E89001009CFEBB0820D6C9B0AF93377AEBDEEA969A4A53E49EFDE3B8BF07E6790B7F66
310
651FB7EAAA001D0470EBE40C16004D9B07E00178001E8007E00178001E8007E00178000EE81F503E2EA04532A6A00000000049454E44AE426082
  0
ENDSEC
  0
EOF
