  0
SECTION
  2
HEADER
  9
$ACADVER
  1
AC1027
  9
$ACADMAINTVER
 70
     8
  9
$DWGCODEPAGE
  3
ANSI_1254
  9
$REQUIREDVERSIONS
160
                 0
  9
$INSBASE
 10
0.0
 20
0.0
 30
0.0
  9
$EXTMIN
 10
-84895.69519469284
 20
-16016.59571391443
 30
-70.63299790526267
  9
$EXTMAX
 10
34856.17922438902
 20
53953.11707225569
 30
0.1670391624793321
  9
$LIMMIN
 10
0.0
 20
0.0
  9
$LIMMAX
 10
420.0
 20
297.0
  9
$ORTHOMODE
 70
     0
  9
$REGENMODE
 70
     1
  9
$FILLMODE
 70
     1
  9
$QTEXTMODE
 70
     0
  9
$MIRRTEXT
 70
     0
  9
$LTSCALE
 40
1.0
  9
$ATTMODE
 70
     1
  9
$TEXTSIZE
 40
2.5
  9
$TRACEWID
 40
1.0
  9
$TEXTSTYLE
  7
Standard
  9
$CLAYER
  8
KOMPOZIT
  9
$CELTYPE
  6
ByLayer
  9
$CECOLOR
 62
   256
  9
$CELTSCALE
 40
1.0
  9
$DISPSILH
 70
     0
  9
$DIMSCALE
 40
1.0
  9
$DIMASZ
 40
2.5
  9
$DIMEXO
 40
0.625
  9
$DIMDLI
 40
3.75
  9
$DIMRND
 40
0.0
  9
$DIMDLE
 40
0.0
  9
$DIMEXE
 40
1.25
  9
$DIMTP
 40
0.0
  9
$DIMTM
 40
0.0
  9
$DIMTXT
 40
2.5
  9
$DIMCEN
 40
2.5
  9
$DIMTSZ
 40
0.0
  9
$DIMTOL
 70
     0
  9
$DIMLIM
 70
     0
  9
$DIMTIH
 70
     0
  9
$DIMTOH
 70
     0
  9
$DIMSE1
 70
     0
  9
$DIMSE2
 70
     0
  9
$DIMTAD
 70
     1
  9
$DIMZIN
 70
     8
  9
$DIMBLK
  1

  9
$DIMASO
 70
     1
  9
$DIMSHO
 70
     1
  9
$DIMPOST
  1

  9
$DIMAPOST
  1

  9
$DIMALT
 70
     0
  9
$DIMALTD
 70
     3
  9
$DIMALTF
 40
0.03937007874016
  9
$DIMLFAC
 40
1.0
  9
$DIMTOFL
 70
     1
  9
$DIMTVP
 40
0.0
  9
$DIMTIX
 70
     0
  9
$DIMSOXD
 70
     0
  9
$DIMSAH
 70
     0
  9
$DIMBLK1
  1

  9
$DIMBLK2
  1

  9
$DIMSTYLE
  2
ISO-25
  9
$DIMCLRD
 70
     0
  9
$DIMCLRE
 70
     0
  9
$DIMCLRT
 70
     0
  9
$DIMTFAC
 40
1.0
  9
$DIMGAP
 40
0.625
  9
$DIMJUST
 70
     0
  9
$DIMSD1
 70
     0
  9
$DIMSD2
 70
     0
  9
$DIMTOLJ
 70
     0
  9
$DIMTZIN
 70
     8
  9
$DIMALTZ
 70
     0
  9
$DIMALTTZ
 70
     0
  9
$DIMUPT
 70
     0
  9
$DIMDEC
 70
     2
  9
$DIMTDEC
 70
     2
  9
$DIMALTU
 70
     2
  9
$DIMALTTD
 70
     3
  9
$DIMTXSTY
  7
Standard
  9
$DIMAUNIT
 70
     0
  9
$DIMADEC
 70
     0
  9
$DIMALTRND
 40
0.0
  9
$DIMAZIN
 70
     0
  9
$DIMDSEP
 70
    44
  9
$DIMATFIT
 70
     3
  9
$DIMFRAC
 70
     0
  9
$DIMLDRBLK
  1

  9
$DIMLUNIT
 70
     2
  9
$DIMLWD
 70
    -2
  9
$DIMLWE
 70
    -2
  9
$DIMTMOVE
 70
     0
  9
$DIMFXL
 40
1.0
  9
$DIMFXLON
 70
     0
  9
$DIMJOGANG
 40
0.7853981633974483
  9
$DIMTFILL
 70
     0
  9
$DIMTFILLCLR
 70
     0
  9
$DIMARCSYM
 70
     0
  9
$DIMLTYPE
  6

  9
$DIMLTEX1
  6

  9
$DIMLTEX2
  6

  9
$DIMTXTDIRECTION
 70
     0
  9
$LUNITS
 70
     2
  9
$LUPREC
 70
     4
  9
$SKETCHINC
 40
1.0
  9
$FILLETRAD
 40
0.0
  9
$AUNITS
 70
     0
  9
$AUPREC
 70
     0
  9
$MENU
  1
.
  9
$ELEVATION
 40
0.0
  9
$PELEVATION
 40
0.0
  9
$THICKNESS
 40
0.0
  9
$LIMCHECK
 70
     0
  9
$CHAMFERA
 40
0.0
  9
$CHAMFERB
 40
0.0
  9
$CHAMFERC
 40
0.0
  9
$CHAMFERD
 40
0.0
  9
$SKPOLY
 70
     0
  9
$TDCREATE
 40
2455827.480789155
  9
$TDUCREATE
 40
2455827.355789155
  9
$TDUPDATE
 40
2461292.873229167
  9
$TDUUPDATE
 40
2461292.748229167
  9
$TDINDWG
 40
37.9621975463
  9
$TDUSRTIMER
 40
37.9621974190
  9
$USRTIMER
 70
     1
  9
$ANGBASE
 50
0.0
  9
$ANGDIR
 70
     0
  9
$PDMODE
 70
     0
  9
$PDSIZE
 40
0.0
  9
$PLINEWID
 40
0.0
  9
$SPLFRAME
 70
     0
  9
$SPLINETYPE
 70
     6
  9
$SPLINESEGS
 70
     8
  9
$HANDSEED
  5
17E
  9
$SURFTAB1
 70
     6
  9
$SURFTAB2
 70
     6
  9
$SURFTYPE
 70
     6
  9
$SURFU
 70
     6
  9
$SURFV
 70
     6
  9
$UCSBASE
  2

  9
$UCSNAME
  2

  9
$UCSORG
 10
0.0
 20
0.0
 30
0.0
  9
$UCSXDIR
 10
1.0
 20
0.0
 30
0.0
  9
$UCSYDIR
 10
0.0
 20
1.0
 30
0.0
  9
$UCSORTHOREF
  2

  9
$UCSORTHOVIEW
 70
     0
  9
$UCSORGTOP
 10
0.0
 20
0.0
 30
0.0
  9
$UCSORGBOTTOM
 10
0.0
 20
0.0
 30
0.0
  9
$UCSORGLEFT
 10
0.0
 20
0.0
 30
0.0
  9
$UCSORGRIGHT
 10
0.0
 20
0.0
 30
0.0
  9
$UCSORGFRONT
 10
0.0
 20
0.0
 30
0.0
  9
$UCSORGBACK
 10
0.0
 20
0.0
 30
0.0
  9
$PUCSBASE
  2

  9
$PUCSNAME
  2

  9
$PUCSORG
 10
0.0
 20
0.0
 30
0.0
  9
$PUCSXDIR
 10
1.0
 20
0.0
 30
0.0
  9
$PUCSYDIR
 10
0.0
 20
1.0
 30
0.0
  9
$PUCSORTHOREF
  2

  9
$PUCSORTHOVIEW
 70
     0
  9
$PUCSORGTOP
 10
0.0
 20
0.0
 30
0.0
  9
$PUCSORGBOTTOM
 10
0.0
 20
0.0
 30
0.0
  9
$PUCSORGLEFT
 10
0.0
 20
0.0
 30
0.0
  9
$PUCSORGRIGHT
 10
0.0
 20
0.0
 30
0.0
  9
$PUCSORGFRONT
 10
0.0
 20
0.0
 30
0.0
  9
$PUCSORGBACK
 10
0.0
 20
0.0
 30
0.0
  9
$USERI1
 70
     0
  9
$USERI2
 70
     0
  9
$USERI3
 70
     0
  9
$USERI4
 70
     0
  9
$USERI5
 70
     0
  9
$USERR1
 40
0.0
  9
$USERR2
 40
0.0
  9
$USERR3
 40
0.0
  9
$USERR4
 40
0.0
  9
$USERR5
 40
0.0
  9
$WORLDVIEW
 70
     1
  9
$SHADEDGE
 70
     3
  9
$SHADEDIF
 70
    70
  9
$TILEMODE
 70
     1
  9
$MAXACTVP
 70
    64
  9
$PINSBASE
 10
0.0
 20
0.0
 30
0.0
  9
$PLIMCHECK
 70
     0
  9
$PEXTMIN
 10
29.06818420886992
 20
20.36233246326446
 30
0.0
  9
$PEXTMAX
 10
261.6136578798294
 20
183.2609921693802
 30
0.0
  9
$PLIMMIN
 10
-3.17498779296875
 20
-3.174999952316283
  9
$PLIMMAX
 10
293.8568420410156
 20
206.7983276844024
  9
$UNITMODE
 70
     0
  9
$VISRETAIN
 70
     1
  9
$PLINEGEN
 70
     0
  9
$PSLTSCALE
 70
     1
  9
$TREEDEPTH
 70
  3020
  9
$CMLSTYLE
  2
Standard
  9
$CMLJUST
 70
     0
  9
$CMLSCALE
 40
20.0
  9
$PROXYGRAPHICS
 70
     1
  9
$MEASUREMENT
 70
     1
  9
$CELWEIGHT
370
    -1
  9
$ENDCAPS
280
     0
  9
$JOINSTYLE
280
     0
  9
$LWDISPLAY
290
     0
  9
$INSUNITS
 70
     4
  9
$HYPERLINKBASE
  1

  9
$STYLESHEET
  1

  9
$XEDIT
290
     1
  9
$CEPSNTYPE
380
     0
  9
$PSTYLEMODE
290
     1
  9
$FINGERPRINTGUID
  2
{9AF98C94-A762-4BA5-BDCE-36B0B6BFB905}
  9
$VERSIONGUID
  2
{E7778DAC-DB55-E54C-939E-1653FE1F07BA}
  9
$EXTNAMES
290
     1
  9
$PSVPSCALE
 40
0.0
  9
$OLESTARTUP
290
     0
  9
$SORTENTS
280
   127
  9
$INDEXCTL
280
     0
  9
$HIDETEXT
280
     1
  9
$XCLIPFRAME
280
     2
  9
$HALOGAP
280
     0
  9
$OBSCOLOR
 70
   257
  9
$OBSLTYPE
280
     0
  9
$INTERSECTIONDISPLAY
280
     0
  9
$INTERSECTIONCOLOR
 70
   257
  9
$DIMASSOC
280
     2
  9
$PROJECTNAME
  1

  9
$CAMERADISPLAY
290
     0
  9
$LENSLENGTH
 40
50.0
  9
$CAMERAHEIGHT
 40
0.0
  9
$STEPSPERSEC
 40
2.0
  9
$STEPSIZE
 40
6.0
  9
$3DDWFPREC
 40
2.0
  9
$PSOLWIDTH
 40
5.0
  9
$PSOLHEIGHT
 40
80.0
  9
$LOFTANG1
 40
1.570796326794896
  9
$LOFTANG2
 40
1.570796326794896
  9
$LOFTMAG1
 40
0.0
  9
$LOFTMAG2
 40
0.0
  9
$LOFTPARAM
 70
     7
  9
$LOFTNORMALS
280
     1
  9
$LATITUDE
 40
37.795
  9
$LONGITUDE
 40
-122.394
  9
$NORTHDIRECTION
 40
0.0
  9
$TIMEZONE
 70
 -8000
  9
$LIGHTGLYPHDISPLAY
280
     1
  9
$TILEMODELIGHTSYNCH
280
     1
  9
$CMATERIAL
347
4F
  9
$SOLIDHIST
280
     1
  9
$SHOWHIST
280
     1
  9
$DWFFRAME
280
     2
  9
$DGNFRAME
280
     0
  9
$REALWORLDSCALE
290
     1
  9
$INTERFERECOLOR
 62
     1
  9
$INTERFEREOBJVS
345
5F
  9
$INTERFEREVPVS
346
60
  9
$CSHADOW
280
     0
  9
$SHADOWPLANELOCATION
 40
0.0
  0
ENDSEC
  0
SECTION
  2
CLASSES
  0
CLASS
  1
ACDBDICTIONARYWDFLT
  2
AcDbDictionaryWithDefault
  3
ObjectDBX Classes
 90
        0
 91
        1
280
     0
281
     0
  0
CLASS
  1
DICTIONARYVAR
  2
AcDbDictionaryVar
  3
ObjectDBX Classes
 90
        0
 91
        5
280
     0
281
     0
  0
CLASS
  1
TABLESTYLE
  2
AcDbTableStyle
  3
ObjectDBX Classes
 90
     4095
 91
        1
280
     0
281
     0
  0
CLASS
  1
MATERIAL
  2
AcDbMaterial
  3
ObjectDBX Classes
 90
     1153
 91
        3
280
     0
281
     0
  0
CLASS
  1
VISUALSTYLE
  2
AcDbVisualStyle
  3
ObjectDBX Classes
 90
     4095
 91
        3
280
     0
281
     0
  0
CLASS
  1
SCALE
  2
AcDbScale
  3
ObjectDBX Classes
 90
     1153
 91
       17
280
     0
281
     0
  0
CLASS
  1
MLEADERSTYLE
  2
AcDbMLeaderStyle
  3
ACDB_MLEADERSTYLE_CLASS
 90
     4095
 91
        0
280
     0
281
     0
  0
CLASS
  1
CELLSTYLEMAP
  2
AcDbCellStyleMap
  3
ObjectDBX Classes
 90
     1152
 91
        1
280
     0
281
     0
  0
CLASS
  1
EXACXREFPANELOBJECT
  2
ExAcXREFPanelObject
  3
EXAC_ESW
 90
     1025
 91
        0
280
     1
281
     0
  0
CLASS
  1
NPOCOLLECTION
  2
AcDbImpNonPersistentObjectsCollection
  3
ObjectDBX Classes
 90
     1153
 91
        0
280
     0
281
     0
  0
CLASS
  1
LAYER_INDEX
  2
AcDbLayerIndex
  3
ObjectDBX Classes
 90
        0
 91
        0
280
     0
281
     0
  0
CLASS
  1
SPATIAL_INDEX
  2
AcDbSpatialIndex
  3
ObjectDBX Classes
 90
        0
 91
        0
280
     0
281
     0
  0
CLASS
  1
IDBUFFER
  2
AcDbIdBuffer
  3
ObjectDBX Classes
 90
        0
 91
        0
280
     0
281
     0
  0
CLASS
  1
ACAD_EVALUATION_GRAPH
  2
AcDbEvalGraph
  3
ObjectDBX Classes
 90
     1153
 91
        0
280
     0
281
     0
  0
CLASS
  1
BLOCKLINEARPARAMETER
  2
AcDbBlockLinearParameter
  3
ObjectDBX Classes
 90
     1153
 91
        0
280
     0
281
     0
  0
CLASS
  1
BLOCKLINEARGRIP
  2
AcDbBlockLinearGrip
  3
ObjectDBX Classes
 90
     1153
 91
        0
280
     0
281
     0
  0
CLASS
  1
BLOCKGRIPLOCATIONCOMPONENT
  2
AcDbBlockGripExpr
  3
ObjectDBX Classes
 90
     1153
 91
        0
280
     0
281
     0
  0
CLASS
  1
BLOCKARRAYACTION
  2
AcDbBlockArrayAction
  3
ObjectDBX Classes
 90
     1153
 91
        0
280
     0
281
     0
  0
CLASS
  1
ACDB_DYNAMICBLOCKPURGEPREVENTER_VERSION
  2
AcDbDynamicBlockPurgePreventer
  3
ObjectDBX Classes
 90
     1153
 91
        0
280
     0
281
     0
  0
CLASS
  1
ACDB_BLOCKREPRESENTATION_DATA
  2
AcDbBlockRepresentationData
  3
ObjectDBX Classes
 90
     1153
 91
        0
280
     0
281
     0
  0
CLASS
  1
SORTENTSTABLE
  2
AcDbSortentsTable
  3
ObjectDBX Classes
 90
        0
 91
       10
280
     0
281
     0
  0
CLASS
  1
AEC_REFEDIT_STATUS_TRACKER
  2
AecDbRefEditStatusTracker
  3
AecArchBase80|Product Desc: Autodesk Architectural Desktop 2007 |Company: Autodesk,Inc. |WEB Address: www.autodesk.com
 90
      129
 91
        0
280
     1
281
     0
  0
CLASS
  1
BLOCKSTRETCHACTION
  2
AcDbBlockStretchAction
  3
ObjectDBX Classes
 90
     1153
 91
        0
280
     0
281
     0
  0
CLASS
  1
ACDBSECTIONVIEWSTYLE
  2
AcDbSectionViewStyle
  3
ObjectDBX Classes
 90
     1025
 91
        0
280
     0
281
     0
  0
CLASS
  1
ACDBDETAILVIEWSTYLE
  2
AcDbDetailViewStyle
  3
ObjectDBX Classes
 90
     1025
 91
        0
280
     0
281
     0
  0
CLASS
  1
ACAECUSTOBJ
  2
AcAeEditorObj
  3
AcAeEditorObj
 90
     1024
 91
        0
280
     1
281
     0
  0
CLASS
  1
LINEARPARAMETERENTITY
  2
AcDbBlockLinearParameterEntity
  3
ObjectDBX Classes
 90
     1025
 91
        0
280
     0
281
     1
  0
CLASS
  1
ACAEEEMGROBJ
  2
AcAeEEMgrObj
  3
AcAeEEMgrObj
 90
     1024
 91
        0
280
     0
281
     0
  0
CLASS
  1
LINEARGRIPENTITY
  2
AcDbBlockLinearGripEntity
  3
ObjectDBX Classes
 90
     1025
 91
        0
280
     0
281
     1
  0
CLASS
  1
ARRAYACTIONENTITY
  2
AcDbBlockArrayActionEntity
  3
ObjectDBX Classes
 90
     1025
 91
        0
280
     0
281
     1
  0
CLASS
  1
STRETCHACTIONENTITY
  2
AcDbBlockStretchActionEntity
  3
ObjectDBX Classes
 90
     1025
 91
        0
280
     0
281
     1
  0
CLASS
  1
BLOCKMOVEACTION
  2
AcDbBlockMoveAction
  3
ObjectDBX Classes
 90
     1153
 91
        0
280
     0
281
     0
  0
CLASS
  1
DIMASSOC
  2
AcDbDimAssoc
  3
"AcDbDimAssoc|Product Desc:     AcDim ARX App For Dimension|Company:          Autodesk, Inc.|WEB Address:      www.autodesk.com"
 90
        0
 91
        0
280
     0
281
     0
  0
CLASS
  1
BLOCKSCALEACTION
  2
AcDbBlockScaleAction
  3
ObjectDBX Classes
 90
     1153
 91
        0
280
     0
281
     0
  0
CLASS
  1
MULTILEADER
  2
AcDbMLeader
  3
ACDB_MLEADER_CLASS
 90
     1025
 91
        0
280
     0
281
     1
  0
CLASS
  1
BLOCKBASEPOINTPARAMETER
  2
AcDbBlockBasepointParameter
  3
ObjectDBX Classes
 90
     1153
 91
        0
280
     0
281
     0
  0
CLASS
  1
DBCOLOR
  2
AcDbColor
  3
ObjectDBX Classes
 90
        0
 91
        0
280
     0
281
     0
  0
CLASS
  1
BASEPOINTPARAMETERENTITY
  2
AcDbBlockBasepointParameterEntity
  3
ObjectDBX Classes
 90
     1025
 91
        0
280
     0
281
     1
  0
CLASS
  1
IMAGEDEF
  2
AcDbRasterImageDef
  3
ISM
 90
        0
 91
        0
280
     0
281
     0
  0
CLASS
  1
RASTERVARIABLES
  2
AcDbRasterVariables
  3
ISM
 90
        0
 91
        0
280
     0
281
     0
  0
CLASS
  1
IMAGEDEF_REACTOR
  2
AcDbRasterImageDefReactor
  3
ISM
 90
        1
 91
        0
280
     0
281
     0
  0
CLASS
  1
IMAGE
  2
AcDbRasterImage
  3
ISM
 90
     2175
 91
        0
280
     0
281
     1
  0
CLASS
  1
WIPEOUT
  2
AcDbWipeout
  3
WipeOut|Product Desc: Object Enabler for WipeOut entity | Company: Autodesk, Inc. | WEB Address: www.autodesk.com
 90
     2175
 91
        1
280
     0
281
     1
  0
CLASS
  1
WIPEOUTVARIABLES
  2
AcDbWipeoutVariables
  3
"WipeOut|Product Desc:     WipeOut Dbx Application|Company:          Autodesk, Inc.|WEB Address:      www.autodesk.com"
 90
        0
 91
        0
280
     0
281
     0
  0
CLASS
  1
MOVEACTIONENTITY
  2
AcDbBlockMoveActionEntity
  3
ObjectDBX Classes
 90
     1025
 91
        0
280
     0
281
     1
  0
CLASS
  1
BLOCKVISIBILITYPARAMETER
  2
AcDbBlockVisibilityParameter
  3
ObjectDBX Classes
 90
     1153
 91
        0
280
     0
281
     0
  0
CLASS
  1
BLOCKVISIBILITYGRIP
  2
AcDbBlockVisibilityGrip
  3
ObjectDBX Classes
 90
     1153
 91
        0
280
     0
281
     0
  0
CLASS
  1
VISIBILITYPARAMETERENTITY
  2
AcDbBlockVisibilityParameterEntity
  3
ObjectDBX Classes
 90
     1025
 91
        0
280
     0
281
     1
  0
CLASS
  1
VISIBILITYGRIPENTITY
  2
AcDbBlockVisibilityGripEntity
  3
ObjectDBX Classes
 90
     1025
 91
        0
280
     0
281
     1
  0
CLASS
  1
BLOCKLOOKUPPARAMETER
  2
AcDbBlockLookupParameter
  3
ObjectDBX Classes
 90
     1153
 91
        0
280
     0
281
     0
  0
CLASS
  1
BLOCKLOOKUPGRIP
  2
AcDbBlockLookupGrip
  3
ObjectDBX Classes
 90
     1153
 91
        0
280
     0
281
     0
  0
CLASS
  1
BLOCKLOOKUPACTION
  2
AcDbBlockLookupAction
  3
ObjectDBX Classes
 90
     1153
 91
        0
280
     0
281
     0
  0
CLASS
  1
LOOKUPPARAMETERENTITY
  2
AcDbBlockLookupParameterEntity
  3
ObjectDBX Classes
 90
     1025
 91
        0
280
     0
281
     1
  0
CLASS
  1
LOOKUPGRIPENTITY
  2
AcDbBlockLookupGripEntity
  3
ObjectDBX Classes
 90
     1025
 91
        0
280
     0
281
     1
  0
CLASS
  1
LOOKUPACTIONENTITY
  2
AcDbBlockLookupActionEntity
  3
ObjectDBX Classes
 90
     1025
 91
        0
280
     0
281
     1
  0
CLASS
  1
RAPIDRTRENDERSETTINGS
  2
AcDbRapidRTRenderSettings
  3
ObjectDBX Classes
 90
     1024
 91
        0
280
     1
281
     0
  0
CLASS
  1
MENTALRAYRENDERSETTINGS
  2
AcDbMentalRayRenderSettings
  3
SCENEOE
 90
     1024
 91
        0
280
     1
281
     0
  0
CLASS
  1
ACDBASSOCPERSSUBENTMANAGER
  2
AcDbAssocPersSubentManager
  3
ObjectDBX Classes
 90
     1024
 91
        1
280
     0
281
     0
  0
CLASS
  1
ACAD_TABLE
  2
AcDbTable
  3
ObjectDBX Classes
 90
     1025
 91
        0
280
     0
281
     1
  0
CLASS
  1
TABLECONTENT
  2
AcDbTableContent
  3
ObjectDBX Classes
 90
     1152
 91
        0
280
     0
281
     0
  0
CLASS
  1
TABLEGEOMETRY
  2
AcDbTableGeometry
  3
ObjectDBX Classes
 90
     1152
 91
        0
280
     0
281
     0
  0
ENDSEC
  0
SECTION
  2
TABLES
  0
TABLE
  2
VPORT
  5
29
330
0
100
AcDbSymbolTable
 70
     1
1001
ACAD
1000
DbSaveVer
1071
      247
  0
VPORT
  5
2A
330
29
100
AcDbSymbolTableRecord
100
AcDbViewportTableRecord
  2
*Active
 70
     0
 10
0.0
 20
0.0
 11
1.0
 21
1.0
 12
-74183.15143745625
 22
4411.21576057912
 13
0.0
 23
0.0
 14
10.0
 24
10.0
 15
10.0
 25
10.0
 16
0.0
 26
0.0
 36
1.0
 17
0.0
 27
0.0
 37
0.0
 40
922.1949173580332
 41
2.580896686159844
 42
50.0
 43
0.0
 44
0.0
 50
0.0
 51
0.0
 71
     0
 72
  1000
 73
     1
 74
     3
 75
     0
 76
     0
 77
     0
 78
     2
281
     0
 65
     1
110
0.0
120
0.0
130
0.0
111
1.0
121
0.0
131
0.0
112
0.0
122
1.0
132
0.0
 79
     0
146
0.0
348
2B
 60
     3
 61
     5
292
     1
282
     1
141
0.0
142
0.0
 63
   250
421
  3355443
1001
ACAD_NAV_VCDISPLAY
1070
     1
  0
ENDTAB
  0
TABLE
  2
LTYPE
  5
24
330
0
100
AcDbSymbolTable
 70
     4
  0
LTYPE
  5
25
330
24
100
AcDbSymbolTableRecord
100
AcDbLinetypeTableRecord
  2
ByBlock
 70
     0
  3

 72
    65
 73
     0
 40
0.0
  0
LTYPE
  5
26
330
24
100
AcDbSymbolTableRecord
100
AcDbLinetypeTableRecord
  2
ByLayer
 70
     0
  3

 72
    65
 73
     0
 40
0.0
  0
LTYPE
  5
14
330
24
100
AcDbSymbolTableRecord
100
AcDbLinetypeTableRecord
  2
Continuous
 70
     0
  3
Solid line
 72
    65
 73
     0
 40
0.0
  0
LTYPE
  5
97
330
24
100
AcDbSymbolTableRecord
100
AcDbLinetypeTableRecord
  2
HIDDEN
 70
     0
  3
Hidden __ __ __ __ __ __ __ __ __ __ __ __ __ _
 72
    65
 73
     2
 40
0.375
 49
0.25
 74
     0
 49
-0.125
 74
     0
  0
LTYPE
  5
8E
330
24
100
AcDbSymbolTableRecord
100
AcDbLinetypeTableRecord
  2
DASHDOT
 70
     0
  3
__ . __ . __ . __ . __ . __ . __ . __ .__
 72
    65
 73
     4
 40
1.0
 49
0.5
 74
     0
 49
-0.25
 74
     0
 49
0.0
 74
     0
 49
-0.25
 74
     0
  0
LTYPE
  5
91
330
24
100
AcDbSymbolTableRecord
100
AcDbLinetypeTableRecord
  2
DASHED2
 70
     0
  3
Dashed (.5x) _ _ _ _ _ _ _ _ _ _ _ _ _ _ _ _ _
 72
    65
 73
     2
 40
9.524999999999996
 49
6.349999999999997
 74
     0
 49
-3.174999999999998
 74
     0
  0
ENDTAB
  0
TABLE
  2
LAYER
  5
1E
102
{ACAD_XDICTIONARY
360
1F
102
}
330
0
100
AcDbSymbolTable
 70
     9
  0
LAYER
  5
6
102
{ACAD_XDICTIONARY
360
7
102
}
330
1E
100
AcDbSymbolTableRecord
100
AcDbLayerTableRecord
  2
0
 70
     0
 62
     7
  6
Continuous
370
    -3
390
8
347
B
348
0
  0
LAYER
  5
59
330
1E
100
AcDbSymbolTableRecord
100
AcDbLayerTableRecord
  2
KOMPOZIT
 70
     0
 62
   117
420
  5667680
  6
Continuous
370
    -3
390
8
347
B
348
0
1001
AcAecLayerStandard
1000

1000

1001
AcCmTransparency
1071
        0
  0
LAYER
  5
8A
102
{ACAD_XDICTIONARY
360
8B
102
}
330
1E
100
AcDbSymbolTableRecord
100
AcDbLayerTableRecord
  2
profiller
 70
     0
 62
     7
  6
Continuous
370
    -3
390
8
347
B
348
0
  0
LAYER
  5
A5
330
1E
100
AcDbSymbolTableRecord
100
AcDbLayerTableRecord
  2
PROFİL HATCH
 70
     0
 62
     7
  6
Continuous
370
    -3
390
8
347
B
348
0
  0
LAYER
  5
95
330
1E
100
AcDbSymbolTableRecord
100
AcDbLayerTableRecord
  2
ISIBARİYERİ HATCH
 70
     0
 62
   253
420
 11384504
  6
Continuous
370
    20
390
8
347
B
348
0
1001
AcCmTransparency
1071
        0
1001
AcAecLayerStandard
1000

1000
9162
  0
LAYER
  5
79
330
1E
100
AcDbSymbolTableRecord
100
AcDbLayerTableRecord
  2
epdm hatch
 70
     0
 62
   253
  6
Continuous
370
     9
390
8
347
B
348
0
1001
AcAecLayerStandard
1000

1000

1001
AcCmTransparency
1071
        0
  0
LAYER
  5
7D
102
{ACAD_XDICTIONARY
360
7E
102
}
330
1E
100
AcDbSymbolTableRecord
100
AcDbLayerTableRecord
  2
aksesuarlar
 70
     0
 62
    61
  6
Continuous
370
     5
390
8
347
B
348
0
  0
LAYER
  5
90
330
1E
100
AcDbSymbolTableRecord
100
AcDbLayerTableRecord
  2
KÖŞE TAKOZU
 70
     0
 62
     7
  6
Continuous
370
    20
390
8
347
B
348
0
1001
AcCmTransparency
1071
        0
1001
AcAecLayerStandard
1000

1000
9162
  0
LAYER
  5
C7
102
{ACAD_XDICTIONARY
360
C8
102
}
330
1E
100
AcDbSymbolTableRecord
100
AcDbLayerTableRecord
  2
IZ
 70
     0
 62
     8
  6
Continuous
370
    -3
390
8
347
B
348
0
  0
ENDTAB
  0
TABLE
  2
STYLE
  5
21
330
0
100
AcDbSymbolTable
 70
     4
  0
STYLE
  5
22
330
21
100
AcDbSymbolTableRecord
100
AcDbTextStyleTableRecord
  2
Standard
 70
     0
 40
0.0
 41
1.0
 50
0.0
 71
     0
 42
2.5
  3
arial.ttf
  4

1001
ACAD
1000
Arial
1071
       34
  0
STYLE
  5
3A
330
21
100
AcDbSymbolTableRecord
100
AcDbTextStyleTableRecord
  2
YZ
 70
     0
 40
0.0
 41
0.7
 50
0.0
 71
     0
 42
5.0
  3
archs.shx
  4

  0
STYLE
  5
32
330
21
100
AcDbSymbolTableRecord
100
AcDbTextStyleTableRecord
  2
S5
 70
     0
 40
0.0
 41
0.6
 50
0.0
 71
     0
 42
2.5
  3
romand.shx
  4

  0
STYLE
  5
43
330
21
100
AcDbSymbolTableRecord
100
AcDbTextStyleTableRecord
  2
S2
 70
     0
 40
0.0
 41
0.5
 50
0.0
 71
     0
 42
400.0
  3
romand.shx
  4

  0
ENDTAB
  0
TABLE
  2
VIEW
  5
27
330
0
100
AcDbSymbolTable
 70
     0
  0
ENDTAB
  0
TABLE
  2
UCS
  5
28
330
0
100
AcDbSymbolTable
 70
     0
  0
ENDTAB
  0
TABLE
  2
APPID
  5
2E
330
0
100
AcDbSymbolTable
 70
    12
  0
APPID
  5
13
330
2E
100
AcDbSymbolTableRecord
100
AcDbRegAppTableRecord
  2
ACAD
 70
     0
  0
APPID
  5
19
330
2E
100
AcDbSymbolTableRecord
100
AcDbRegAppTableRecord
  2
ACAD_PSEXT
 70
     0
  0
APPID
  5
AD
330
2E
100
AcDbSymbolTableRecord
100
AcDbRegAppTableRecord
  2
AcDbDynamicBlockGUID
 70
     0
  0
APPID
  5
2D
330
2E
100
AcDbSymbolTableRecord
100
AcDbRegAppTableRecord
  2
ACAD_NAV_VCDISPLAY
 70
     0
  0
APPID
  5
5A
330
2E
100
AcDbSymbolTableRecord
100
AcDbRegAppTableRecord
  2
AcAecLayerStandard
 70
     0
  0
APPID
  5
5B
330
2E
100
AcDbSymbolTableRecord
100
AcDbRegAppTableRecord
  2
AcCmTransparency
 70
     0
  0
APPID
  5
37
330
2E
100
AcDbSymbolTableRecord
100
AcDbRegAppTableRecord
  2
ACAD_DSTYLE_DIMJAG
 70
     0
  0
APPID
  5
38
330
2E
100
AcDbSymbolTableRecord
100
AcDbRegAppTableRecord
  2
ACAD_DSTYLE_DIMTALN
 70
     0
  0
APPID
  5
4A
330
2E
100
AcDbSymbolTableRecord
100
AcDbRegAppTableRecord
  2
ACAD_DSTYLE_DIMBREAK
 70
     0
  0
APPID
  5
7A
330
2E
100
AcDbSymbolTableRecord
100
AcDbRegAppTableRecord
  2
GradientColor1ACI
 70
     0
  0
APPID
  5
7B
330
2E
100
AcDbSymbolTableRecord
100
AcDbRegAppTableRecord
  2
GradientColor2ACI
 70
     0
  0
APPID
  5
85
330
2E
100
AcDbSymbolTableRecord
100
AcDbRegAppTableRecord
  2
ACAD_STEPID
 70
     0
  0
ENDTAB
  0
TABLE
  2
DIMSTYLE
  5
2F
330
0
100
AcDbSymbolTable
 70
     5
100
AcDbDimStyleTable
 71
     5
340
30
340
31
340
39
340
41
340
42
  0
DIMSTYLE
105
30
330
2F
100
AcDbSymbolTableRecord
100
AcDbDimStyleTableRecord
  2
ISO-25
 70
     0
 41
2.5
 42
0.625
 43
3.75
 44
1.25
 73
     0
 74
     0
 77
     1
 78
     8
140
2.5
141
2.5
143
0.03937007874016
147
0.625
171
     3
172
     1
271
     2
272
     2
274
     3
278
    44
283
     0
284
     8
340
22
  0
DIMSTYLE
105
39
330
2F
100
AcDbSymbolTableRecord
100
AcDbDimStyleTableRecord
  2
1-1
 70
     0
 40
0.75
 41
2.0
 42
2.0
 43
2.0
 44
2.0
 46
2.0
 73
     0
 74
     0
 77
     1
140
3.0
141
1.0
144
-1.0
147
1.0
178
   256
271
     0
272
     0
279
     1
340
3A
342
3B
371
     5
372
     5
1001
ACAD_DSTYLE_DIMJAG
1070
   388
1040
1.5
1001
ACAD_DSTYLE_DIMTALN
1070
   392
1070
     0
  0
DIMSTYLE
105
41
330
2F
100
AcDbSymbolTableRecord
100
AcDbDimStyleTableRecord
  2
1-10
 70
     0
 40
5.0
 41
2.0
 42
2.0
 43
5.0
 44
2.0
 46
2.0
 73
     0
 74
     0
 77
     1
140
3.0
141
1.0
144
-1.0
147
1.0
271
     0
272
     0
279
     1
340
3A
342
3B
371
     5
372
     5
  0
DIMSTYLE
105
31
330
2F
100
AcDbSymbolTableRecord
100
AcDbDimStyleTableRecord
  2
SAR_1-2
 70
     0
 40
1.5
 41
2.0
 42
2.0
 43
2.0
 44
2.0
 73
     0
 74
     0
140
5.0
141
1.0
147
1.0
172
     1
176
     5
177
     5
178
     7
271
     0
272
     0
284
     8
285
     8
286
     8
289
     1
340
32
342
33
1001
ACAD_DSTYLE_DIMJAG
1070
   388
1040
1.5
1001
ACAD_DSTYLE_DIMTALN
1070
   392
1070
     0
  0
DIMSTYLE
105
42
330
2F
100
AcDbSymbolTableRecord
100
AcDbDimStyleTableRecord
  2
SAR_1-250
 70
     0
 40
250.0
 41
0.75
 42
1.0
 43
10.0
 44
1.0
 46
1.0
 73
     0
 74
     0
 78
     8
140
3.0
141
1.0
143
0.03937007874016
147
0.1
171
     3
172
     1
176
     5
177
     5
178
     7
271
     0
272
     0
274
     3
278
    44
283
     0
284
     8
340
43
342
44
371
    -1
372
    -1
1001
ACAD_DSTYLE_DIMBREAK
1070
   391
1040
3.75
1001
ACAD_DSTYLE_DIMJAG
1070
   388
1040
1.5
1001
ACAD_DSTYLE_DIMTALN
1070
   392
1070
     0
  0
ENDTAB
  0
TABLE
  2
BLOCK_RECORD
  5
1
330
0
100
AcDbSymbolTable
 70
     9
  0
BLOCK_RECORD
  5
2
102
{ACAD_XDICTIONARY
360
3
102
}
330
1
100
AcDbSymbolTableRecord
100
AcDbBlockTableRecord
  2
*Model_Space
340
16
 70
     0
280
     1
281
     0
  0
BLOCK_RECORD
  5
1A
330
1
100
AcDbSymbolTableRecord
100
AcDbBlockTableRecord
  2
*Paper_Space
340
1D
 70
     0
280
     1
281
     0
  0
BLOCK_RECORD
  5
3B
102
{ACAD_XDICTIONARY
360
3C
102
}
330
1
100
AcDbSymbolTableRecord
100
AcDbBlockTableRecord
  2
_OBLIQUE
340
0
 70
     0
280
     1
281
     0
  0
BLOCK_RECORD
  5
44
102
{ACAD_XDICTIONARY
360
45
102
}
330
1
100
AcDbSymbolTableRecord
100
AcDbBlockTableRecord
  2
_ArchTick
340
0
310
2800000020000000200000000100200000000000001000000100000001000000000000000000000000000000000000FF000000FF000000FFFFFFFFFF000000FF000000FF000000FF000000FF000000FF000000FF000000FF000000FF000000FF000000FF000000FF000000FF000000FF000000FF000000FF000000FF000000
310
FF000000FF000000FF000000FF000000FF000000FF000000FF000000FF000000FF000000FF000000FF000000FF000000FF000000FFFFFFFFFF000000FFFFFFFFFF000000FF000000FF000000FF000000FF000000FF000000FF000000FF000000FF000000FF000000FF000000FF000000FF000000FF000000FF000000FF0000
310
00FF000000FF000000FF000000FF000000FF000000FF000000FF000000FF000000FF000000FF000000FF000000FF000000FFFFFFFFFF000000FF000000FF000000FFFFFFFFFF000000FF000000FF000000FF000000FF000000FF000000FF000000FF000000FF000000FF000000FF000000FF000000FF000000FF000000FF00
310
0000FF000000FF000000FF000000FF000000FF000000FF000000FF000000FF000000FF000000FF000000FF000000FFFFFFFFFF000000FF000000FF000000FF000000FF000000FFFFFFFFFF000000FF000000FF000000FF000000FF000000FF000000FF000000FF000000FF000000FF000000FF000000FF000000FF000000FF
310
000000FF000000FF000000FF000000FF000000FF000000FF000000FF000000FF000000FF000000FF000000FF000000FF000000FFFFFFFFFF000000FF000000FF000000FF000000FF000000FFFFFFFFFF000000FF000000FF000000FF000000FF000000FF000000FF000000FF000000FF000000FF000000FF000000FF000000
310
FF000000FF000000FF000000FF000000FF000000FF000000FF000000FF000000FF000000FF000000FF000000FF000000FF000000FF000000FFFFFFFFFF000000FF000000FF000000FF000000FF000000FFFFFFFFFF000000FF000000FF000000FF000000FF000000FF000000FF000000FF000000FF000000FF000000FF0000
310
00FF000000FF000000FF000000FF000000FF000000FF000000FF000000FF000000FF000000FF000000FF000000FF000000FF000000FF000000FF000000FFFFFFFFFF000000FF000000FF000000FF000000FF000000FFFFFFFFFF000000FF000000FF000000FF000000FF000000FF000000FF000000FF000000FF000000FF00
310
0000FF000000FF000000FF000000FF000000FF000000FF000000FF000000FF000000FF000000FF000000FF000000FF000000FF000000FF000000FF000000FF000000FFFFFFFFFF000000FF000000FF000000FF000000FF000000FFFFFFFFFF000000FF000000FF000000FF000000FF000000FF000000FF000000FF000000FF
310
000000FF000000FF000000FF000000FF000000FF000000FF000000FF000000FF000000FF000000FF000000FF000000FF000000FF000000FF000000FF000000FF000000FF000000FFFFFFFFFF000000FF000000FF000000FF000000FF000000FFFFFFFFFF000000FF000000FF000000FF000000FF000000FF000000FF000000
310
FF000000FF000000FF000000FF000000FF000000FF000000FF000000FF000000FF000000FF000000FF000000FF000000FF000000FF000000FF000000FF000000FF000000FF000000FF000000FFFFFFFFFF000000FF000000FF000000FF000000FF000000FFFFFFFFFF000000FF000000FF000000FF000000FF000000FF0000
310
00FF000000FF000000FF000000FF000000FF000000FF000000FF000000FF000000FF000000FF000000FF000000FF000000FF000000FF000000FF000000FF000000FF000000FF000000FF000000FF000000FFFFFFFFFF000000FF000000FF000000FF000000FF000000FFFFFFFFFF000000FF000000FF000000FF000000FF00
310
0000FF000000FF000000FF000000FF000000FF000000FF000000FF000000FF000000FF000000FF000000FF000000FF000000FF000000FF000000FF000000FF000000FF000000FF000000FF000000FF000000FF000000FFFFFFFFFF000000FF000000FF000000FF000000FF000000FFFFFFFFFF000000FF000000FF000000FF
310
000000FF000000FF000000FF000000FF000000FF000000FF000000FF000000FF000000FF000000FF000000FF000000FF000000FF000000FF000000FF000000FF000000FF000000FF000000FF000000FF000000FF000000FF000000FFFFFFFFFF000000FF000000FF000000FF000000FF000000FFFFFFFFFF000000FF000000
310
FF000000FF000000FF000000FF000000FF000000FF000000FF000000FF000000FF000000FF000000FF000000FF000000FF000000FF000000FF000000FF000000FF000000FF000000FF000000FF000000FF000000FF000000FF000000FF000000FFFFFFFFFF000000FF000000FF000000FF000000FF000000FFFFFFFFFF0000
310
00FF000000FF000000FF000000FF000000FF000000FF000000FF000000FF000000FF000000FF000000FF000000FF000000FF000000FF000000FF000000FF000000FF000000FF000000FF000000FF000000FF000000FF000000FF000000FF000000FF000000FFFFFFFFFF000000FF000000FF000000FF000000FF000000FFFF
310
FFFFFF000000FF000000FF000000FF000000FF000000FF000000FF000000FF000000FF000000FF000000FF000000FF000000FF000000FF000000FF000000FF000000FF000000FF000000FF000000FF000000FF000000FF000000FF000000FF000000FF000000FF000000FFFFFFFFFF000000FF000000FF000000FF000000FF
310
000000FFFFFFFFFF000000FF000000FF000000FF000000FF000000FF000000FF000000FF000000FF000000FF000000FF000000FF000000FF000000FF000000FF000000FF000000FF000000FF000000FF000000FF000000FF000000FF000000FF000000FF000000FF000000FF000000FFFFFFFFFF000000FF000000FF000000
310
FF000000FF000000FFFFFFFFFF000000FF000000FF000000FF000000FF000000FF000000FF000000FF000000FF000000FF000000FF000000FF000000FF000000FF000000FF000000FF000000FF000000FF000000FF000000FF000000FF000000FF000000FF000000FF000000FF000000FF000000FFFFFFFFFF000000FF0000
310
00FF000000FF000000FF000000FFFFFFFFFF000000FF000000FF000000FF000000FF000000FF000000FF000000FF000000FF000000FF000000FF000000FF000000FF000000FF000000FF000000FF000000FF000000FF000000FF000000FF000000FF000000FF000000FF000000FF000000FF000000FF000000FFFFFFFFFF00
310
0000FF000000FF000000FF000000FF000000FFFFFFFFFF000000FF000000FF000000FF000000FF000000FF000000FF000000FF000000FF000000FF000000FF000000FF000000FF000000FF000000FF000000FF000000FF000000FF000000FF000000FF000000FF000000FF000000FF000000FF000000FF000000FF000000FF
310
FFFFFFFF000000FF000000FF000000FF000000FF000000FFFFFFFFFF000000FF000000FF000000FF000000FF000000FF000000FF000000FF000000FF000000FF000000FF000000FF000000FF000000FF000000FF000000FF000000FF000000FF000000FF000000FF000000FF000000FF000000FF000000FF000000FF000000
310
FF000000FFFFFFFFFF000000FF000000FF000000FF000000FF000000FFFFFFFFFF000000FF000000FF000000FF000000FF000000FF000000FF000000FF000000FF000000FF000000FF000000FF000000FF000000FF000000FF000000FF000000FF000000FF000000FF000000FF000000FF000000FF000000FF000000FF0000
310
00FF000000FF000000FFFFFFFFFF000000FF000000FF000000FF000000FF000000FFFFFFFFFF000000FF000000FF000000FF000000FF000000FF000000FF000000FF000000FF000000FF000000FF000000FF000000FF000000FF000000FF000000FF000000FF000000FF000000FF000000FF000000FF000000FF000000FF00
310
0000FF000000FF000000FF000000FFFFFFFFFF000000FF000000FF000000FF000000FF000000FFFFFFFFFF000000FF000000FF000000FF000000FF000000FF000000FF000000FF000000FF000000FF000000FF000000FF000000FF000000FF000000FF000000FF000000FF000000FF000000FF000000FF000000FF000000FF
310
000000FF000000FF000000FF000000FF000000FFFFFFFFFF000000FF000000FF000000FF000000FF000000FFFFFFFFFF000000FF000000FF000000FF000000FF000000FF000000FF000000FF000000FF000000FF000000FF000000FF000000FF000000FF000000FF000000FF000000FF000000FF000000FF000000FF000000
310
FF000000FF000000FF000000FF000000FF000000FF000000FFFFFFFFFF000000FF000000FF000000FF000000FF000000FFFFFFFFFF000000FF000000FF000000FF000000FF000000FF000000FF000000FF000000FF000000FF000000FF000000FF000000FF000000FF000000FF000000FF000000FF000000FF000000FF0000
310
00FF000000FF000000FF000000FF000000FF000000FF000000FF000000FFFFFFFFFF000000FF000000FF000000FF000000FF000000FFFFFFFFFF000000FF000000FF000000FF000000FF000000FF000000FF000000FF000000FF000000FF000000FF000000FF000000FF000000FF000000FF000000FF000000FF000000FF00
310
0000FF000000FF000000FF000000FF000000FF000000FF000000FF000000FF000000FFFFFFFFFF000000FF000000FF000000FF000000FF000000FFFFFFFFFF000000FF000000FF000000FF000000FF000000FF000000FF000000FF000000FF000000FF000000FF000000FF000000FF000000FF000000FF000000FF000000FF
310
000000FF000000FF000000FF000000FF000000FF000000FF000000FF000000FF000000FF000000FFFFFFFFFF000000FF000000FF000000FF000000FF000000FFFFFFFFFF000000FF000000FF000000FF000000FF000000FF000000FF000000FF000000FF000000FF000000FF000000FF000000FF000000FF000000FF000000
310
FF000000FF000000FF000000FF000000FF000000FF000000FF000000FF000000FF000000FF000000FF000000FFFFFFFFFF000000FF000000FF000000FF000000FF000000FFFFFFFFFF000000FF000000FF000000FF000000FF000000FF000000FF000000FF000000FF000000FF000000FF000000FF000000FF000000FF0000
310
00FF000000FF000000FF000000FF000000FF000000FF000000FF000000FF000000FF000000FF000000FF000000FF000000FFFFFFFFFF000000FF000000FF000000FFFFFFFFFF000000FF000000FF000000FF000000FF000000FF000000FF000000FF000000FF000000FF000000FF000000FF000000FF000000FF000000FF00
310
0000FF000000FF000000FF000000FF000000FF000000FF000000FF000000FF000000FF000000FF000000FF000000FF000000FF000000FFFFFFFFFF000000FFFFFFFFFF000000FF000000FF000000FF000000FF000000FF000000FF000000FF000000FF000000FF000000FF000000FF000000FF000000FF000000FF000000FF
310
000000FF000000FF000000FF000000FF000000FF000000FF000000FF000000FF000000FF000000FF000000FF000000FF000000FF000000FF000000FFFFFFFFFF000000FF000000FF
 70
     0
280
     1
281
     0
  0
BLOCK_RECORD
  5
33
330
1
100
AcDbSymbolTableRecord
100
AcDbBlockTableRecord
  2
huseyin1_ArchTick
340
0
310
2800000020000000200000000100080000000000000400000000000000000000000000000000000000000000000080000080000000808000800000008000800080800000C0C0C000C0DCC000F0CAA6000020400000206000002080000020A0000020C0000020E00000400000004020000040400000406000004080000040A0
310
000040C0000040E00000600000006020000060400000606000006080000060A0000060C0000060E00000800000008020000080400000806000008080000080A0000080C0000080E00000A0000000A0200000A0400000A0600000A0800000A0A00000A0C00000A0E00000C0000000C0200000C0400000C0600000C0800000C0
310
A00000C0C00000C0E00000E0000000E0200000E0400000E0600000E0800000E0A00000E0C00000E0E00040000000400020004000400040006000400080004000A0004000C0004000E00040200000402020004020400040206000402080004020A0004020C0004020E000404000004040200040404000404060004040800040
310
40A0004040C0004040E00040600000406020004060400040606000406080004060A0004060C0004060E00040800000408020004080400040806000408080004080A0004080C0004080E00040A0000040A0200040A0400040A0600040A0800040A0A00040A0C00040A0E00040C0000040C0200040C0400040C0600040C08000
310
40C0A00040C0C00040C0E00040E0000040E0200040E0400040E0600040E0800040E0A00040E0C00040E0E00080000000800020008000400080006000800080008000A0008000C0008000E00080200000802020008020400080206000802080008020A0008020C0008020E00080400000804020008040400080406000804080
310
008040A0008040C0008040E00080600000806020008060400080606000806080008060A0008060C0008060E00080800000808020008080400080806000808080008080A0008080C0008080E00080A0000080A0200080A0400080A0600080A0800080A0A00080A0C00080A0E00080C0000080C0200080C0400080C0600080C0
310
800080C0A00080C0C00080C0E00080E0000080E0200080E0400080E0600080E0800080E0A00080E0C00080E0E000C0000000C0002000C0004000C0006000C0008000C000A000C000C000C000E000C0200000C0202000C0204000C0206000C0208000C020A000C020C000C020E000C0400000C0402000C0404000C0406000C0
310
408000C040A000C040C000C040E000C0600000C0602000C0604000C0606000C0608000C060A000C060C000C060E000C0800000C0802000C0804000C0806000C0808000C080A000C080C000C080E000C0A00000C0A02000C0A04000C0A06000C0A08000C0A0A000C0A0C000C0A0E000C0C00000C0C02000C0C04000C0C06000
310
C0C08000C0C0A000F0FBFF00A4A0A000808080000000FF0000FF000000FFFF00FF000000FF00FF00FFFF0000FFFFFF00000000FF000000000000000000000000000000000000000000000000000000000000FF00FF00000000000000000000000000000000000000000000000000000000FF000000FF000000000000000000
310
0000000000000000000000000000000000FF0000000000FF0000000000000000000000000000000000000000000000000000FF0000000000FF0000000000000000000000000000000000000000000000000000FF0000000000FF0000000000000000000000000000000000000000000000000000FF0000000000FF00000000
310
00000000000000000000000000000000000000000000FF0000000000FF0000000000000000000000000000000000000000000000000000FF0000000000FF0000000000000000000000000000000000000000000000000000FF0000000000FF0000000000000000000000000000000000000000000000000000FF0000000000
310
FF0000000000000000000000000000000000000000000000000000FF0000000000FF0000000000000000000000000000000000000000000000000000FF0000000000FF0000000000000000000000000000000000000000000000000000FF0000000000FF0000000000000000000000000000000000000000000000000000FF
310
0000000000FF0000000000000000000000000000000000000000000000000000FF0000000000FF0000000000000000000000000000000000000000000000000000FF0000000000FF0000000000000000000000000000000000000000000000000000FF0000000000FF00000000000000000000000000000000000000000000
310
00000000FF0000000000FF0000000000000000000000000000000000000000000000000000FF0000000000FF0000000000000000000000000000000000000000000000000000FF0000000000FF0000000000000000000000000000000000000000000000000000FF0000000000FF0000000000000000000000000000000000
310
000000000000000000FF0000000000FF0000000000000000000000000000000000000000000000000000FF0000000000FF0000000000000000000000000000000000000000000000000000FF0000000000FF0000000000000000000000000000000000000000000000000000FF0000000000FF000000000000000000000000
310
0000000000000000000000000000FF0000000000FF0000000000000000000000000000000000000000000000000000FF0000000000FF0000000000000000000000000000000000000000000000000000FF0000000000FF0000000000000000000000000000000000000000000000000000FF000000FF000000000000000000
310
00000000000000000000000000000000000000FF00FF000000000000000000000000000000000000000000000000000000000000FF000000
 70
     0
280
     1
281
     0
  0
BLOCK_RECORD
  5
A0
102
{ACAD_XDICTIONARY
360
A1
102
}
330
1
100
AcDbSymbolTableRecord
100
AcDbBlockTableRecord
  2
E50 R 12
340
0
102
{BLKREFS
331
9F
331
B3
102
}
 70
     0
280
     1
281
     0
1001
AcDbDynamicBlockGUID
1000
{9874E319-0316-2D46-BF6E-7BEE8C541556}
  0
BLOCK_RECORD
  5
169
330
1
100
AcDbSymbolTableRecord
100
AcDbBlockTableRecord
  2
E50 T 04
340
0
102
{BLKREFS
331
168
102
}
 70
     0
280
     1
281
     0
  0
BLOCK_RECORD
  5
B9
102
{ACAD_XDICTIONARY
360
BA
102
}
330
1
100
AcDbSymbolTableRecord
100
AcDbBlockTableRecord
  2
01.03.24
340
0
310
2800000020000000200000000100200000000000001000000100000001000000000000000000000000000000FFFFFFFFFFFFFFFFFFFFFFFFFFFFFFFFFFFFFFFFFFFFFFFFFFFFFFFFFFFFFFFFFFFFFFFFFFFFFFFFFFFFFFFFFFFFFFFFFFFFFFFFFFFFFFFFFFFFFFFFFFFFFFFFFFFFFFFFFFFFFFFFFFFFFFFFFFFFFFFFFFFFFF
310
FFFFFFFFFFFFFFFFFFFFFFFFFFFFFFFFFFFFFFFFFFFFFFFFFFFFFFFFFFFFFFFFFFFFFFFFFFFFFFFFFFFFFFFFFFFFFFFFFFFFFFFFFFFFFFFFFFFFFFFFFF000000FF000000FFFFFFFFFFFFFFFFFFFFFFFFFFFFFFFFFFFFFFFFFFFFFFFFFFFFFFFFFFFFFFFFFFFFFFFFFFFFFFFFFFFFFFFFFFFFFFFFFFFFFFFFFFFFFFFFFFFFFF
310
FFFFFFFFFFFFFFFFFFFFFFFFFFFFFFFFFFFFFFFFFFFF000000FF000000FFFFFFFFFFFFFFFFFFFFFFFFFFFFFFFFFFFFFFFFFFFFFFFFFFFFFFFFFF000000FF000000FF000000FFFFFFFFFFFFFFFFFFFFFFFFFFFFFFFFFFFFFFFFFFFFFFFFFFFFFFFFFFFFFFFFFFFFFFFFFFFFFFFFFFFFFFFFFFFFFFFFFFFFFFFFFFFFFFFFFFFF
310
FFFFFFFFFFFFFFFFFFFFFFFFFFFFFFFFFFFFFFFFFFFFFF000000FF000000FF000000FFFFFFFFFFFFFFFFFFFFFFFFFFFFFFFFFFFFFFFFFFFFFFFFFF000000FFFFFFFFFF898989FF000000FFFFFFFFFFFFFFFFFFFFFFFFFFFFFFFFFFFFFFFFFFFFFFFFFFFFFFFFFFFFFFFFFFFFFFFFFFFFFFFFFFFFFFFFFFFFFFFFFFFFFFFFFF
310
FFFFFFFFFFFFFFFFFFFFFFFFFFFFFFFF898989FF000000FFFFFFFFFFFFFFFFFF000000FFFFFFFFFFFFFFFFFFFFFFFFFFFFFFFFFFFFFFFFFFFFFFFFFFFFFFFFFF000000FFFFFFFFFFFFFFFFFF000000FF000000FFFFFFFFFFFFFFFFFFFFFFFFFFFFFFFFFFFFFFFFFFFFFFFFFFFFFFFFFFFFFFFFFFFFFFFFFFFFFFFFFFFFFFFF
310
FFFFFFFFFFFFFFFFFFFFFFFFFF000000FF000000FF898989FFFFFFFFFF000000FFFFFFFFFFFFFFFFFFFFFFFFFFFFFFFFFFFFFFFFFFFFFFFFFFFFFFFFFFFFFFFFFFFFFFFFFF000000FFFFFFFFFFFFFFFFFFFFFFFFFF000000FF000000FFFFFFFFFFFFFFFFFFFFFFFFFFFFFFFFFFFFFFFFFFFFFFFFFFFFFFFFFFFFFFFFFFFFFF
310
FFFFFFFFFFFF000000FF000000FFFFFFFFFFFFFFFFFF898989FF000000FFFFFFFFFFFFFFFFFFFFFFFFFFFFFFFFFFFFFFFFFFFFFFFFFFFFFFFFFFFFFFFFFFFFFFFFFFFFFFFFFFFFFFFFFF000000FFFFFFFFFF898989FFFFFFFFFFFFFFFFFF000000FF000000FFFFFFFFFFFFFFFFFFFFFFFFFFFFFFFFFFFFFFFFFFFFFFFFFF00
310
0000FF000000FF898989FFFFFFFFFFFFFFFFFF898989FF000000FFFFFFFFFFFFFFFFFFFFFFFFFFFFFFFFFFFFFFFFFFFFFFFFFFFFFFFFFFFFFFFFFFFFFFFFFFFFFFFFFFFFFFFFFFFFFFFFFFFFFFFFFF000000FFFFFFFFFFFFFFFFFFFFFFFFFFFFFFFFFF898989FF000000FF000000FF000000FF000000FF000000FF000000FF
310
FFFFFFFFFFFFFFFFFFFFFFFF898989FF898989FF000000FFFFFFFFFFFFFFFFFFFFFFFFFFFFFFFFFFFFFFFFFFFFFFFFFFFFFFFFFFFFFFFFFFFFFFFFFFFFFFFFFFFFFFFFFF000000FF000000FF000000FF000000FF000000FFFFFFFFFFFFFFFFFFFFFFFFFF898989FF898989FFFFFFFFFFFFFFFFFFFFFFFFFF898989FF898989
310
FFFFFFFFFFFFFFFFFFFFFFFFFFFFFFFFFF000000FF000000FF000000FF000000FF000000FFFFFFFFFFFFFFFFFFFFFFFFFFFFFFFFFFFFFFFFFFFFFFFFFFFFFFFFFF000000FF000000FF898989FFFFFFFFFFFFFFFFFFFFFFFFFF898989FFFFFFFFFF898989FFFFFFFFFFFFFFFFFF898989FFFFFFFFFF898989FFFFFFFFFFFFFF
310
FFFF898989FFFFFFFFFFFFFFFFFF898989FFFFFFFFFFFFFFFFFF898989FFFFFFFFFF000000FF000000FFFFFFFFFFFFFFFFFFFFFFFFFFFFFFFFFFFFFFFFFFFFFFFFFF000000FF898989FFFFFFFFFFFFFFFFFFFFFFFFFFFFFFFFFFFFFFFFFF898989FFFFFFFFFFFFFFFFFFFFFFFFFFFFFFFFFF898989FFFFFFFFFFFFFFFFFFFF
310
FFFFFFFFFFFFFF898989FF898989FFFFFFFFFFFFFFFFFFFFFFFFFFFFFFFFFF898989FFFFFFFFFF000000FFFFFFFFFFFFFFFFFFFFFFFFFFFFFFFFFFFFFFFFFFFFFFFFFF000000FF898989FFFFFFFFFFFFFFFFFFFFFFFFFFFFFFFFFF898989FF898989FFFFFFFFFFFFFFFFFFFFFFFFFF898989FFFFFFFFFF898989FFFFFFFFFF
310
FFFFFFFFFFFFFFFF898989FF898989FFFFFFFFFFFFFFFFFFFFFFFFFF898989FFFFFFFFFF898989FF000000FFFFFFFFFFFFFFFFFFFFFFFFFFFFFFFFFFFFFFFFFFFFFFFFFF000000FFFFFFFFFF898989FFFFFFFFFF898989FF898989FFFFFFFFFFFFFFFFFF000000FF000000FF000000FF000000FF000000FF000000FF000000
310
FF000000FF000000FF000000FFFFFFFFFF898989FFFFFFFFFF898989FFFFFFFFFFFFFFFFFFFFFFFFFF000000FFFFFFFFFFFFFFFFFFFFFFFFFFFFFFFFFFFFFFFFFFFFFFFFFF000000FFFFFFFFFFFFFFFFFF898989FFFFFFFFFF000000FF000000FF000000FFFFFFFFFFFFFFFFFFFFFFFFFFFFFFFFFFFFFFFFFFFFFFFFFFFFFF
310
FFFFFFFFFFFFFFFFFFFFFFFFFFFF000000FF000000FF000000FFFFFFFFFFFFFFFFFFFFFFFFFFFFFFFFFF000000FFFFFFFFFFFFFFFFFFFFFFFFFFFFFFFFFFFFFFFFFFFFFFFFFF000000FFFFFFFFFF898989FFFFFFFFFF898989FF000000FFFFFFFFFFFFFFFFFFFFFFFFFFFFFFFFFFFFFFFFFFFFFFFFFFFFFFFFFFFFFFFFFFFF
310
FFFFFFFFFFFFFFFFFFFFFFFFFFFFFFFFFFFFFFFFFFFFFF000000FF898989FFFFFFFFFFFFFFFFFFFFFFFFFF000000FFFFFFFFFFFFFFFFFFFFFFFFFFFFFFFFFFFFFFFFFFFFFFFFFF000000FF898989FFFFFFFFFFFFFFFFFFFFFFFFFF000000FFFFFFFFFFFFFFFFFFFFFFFFFFFFFFFFFFFFFFFFFFFFFFFFFFFFFFFFFFFFFFFFFF
310
FFFFFFFFFFFFFFFFFFFFFFFFFFFFFFFFFFFFFFFFFFFFFFFF000000FFFFFFFFFF898989FFFFFFFFFF898989FF000000FFFFFFFFFFFFFFFFFFFFFFFFFFFFFFFFFFFFFFFFFFFFFFFFFF000000FF898989FFFFFFFFFFFFFFFFFFFFFFFFFF000000FF000000FF000000FF000000FF000000FF000000FF000000FF000000FF000000
310
FF000000FF000000FF000000FF000000FF000000FF000000FF000000FFFFFFFFFFFFFFFFFF898989FFFFFFFFFF000000FFFFFFFFFFFFFFFFFFFFFFFFFFFFFFFFFFFFFFFFFFFFFFFFFF000000FFFFFFFFFF898989FFFFFFFFFFFFFFFFFF898989FFFFFFFFFFFFFFFFFF898989FFFFFFFFFF898989FFFFFFFFFFFFFFFFFF8989
310
89FFFFFFFFFFFFFFFFFF898989FFFFFFFFFFFFFFFFFF898989FFFFFFFFFFFFFFFFFF898989FFFFFFFFFF898989FF000000FFFFFFFFFFFFFFFFFFFFFFFFFFFFFFFFFFFFFFFFFFFFFFFFFF000000FFFFFFFFFFFFFFFFFF898989FF898989FFFFFFFFFFFFFFFFFFFFFFFFFFFFFFFFFF898989FFFFFFFFFFFFFFFFFFFFFFFFFFFF
310
FFFFFF898989FF898989FFFFFFFFFFFFFFFFFFFFFFFFFFFFFFFFFF898989FF898989FFFFFFFFFFFFFFFFFFFFFFFFFF000000FFFFFFFFFFFFFFFFFFFFFFFFFFFFFFFFFFFFFFFFFFFFFFFFFF000000FFFFFFFFFFFFFFFFFF898989FF898989FFFFFFFFFFFFFFFFFFFFFFFFFFFFFFFFFF898989FFFFFFFFFFFFFFFFFFFFFFFFFF
310
FFFFFFFF898989FF898989FFFFFFFFFFFFFFFFFFFFFFFFFF898989FFFFFFFFFF898989FFFFFFFFFFFFFFFFFFFFFFFFFF000000FFFFFFFFFFFFFFFFFFFFFFFFFFFFFFFFFFFFFFFFFFFFFFFFFF000000FFFFFFFFFF898989FFFFFFFFFFFFFFFFFF898989FFFFFFFFFFFFFFFFFF898989FFFFFFFFFF898989FFFFFFFFFFFFFFFF
310
FF898989FFFFFFFFFFFFFFFFFF898989FFFFFFFFFF898989FFFFFFFFFFFFFFFFFFFFFFFFFF898989FFFFFFFFFF898989FF000000FFFFFFFFFFFFFFFFFFFFFFFFFFFFFFFFFFFFFFFFFFFFFFFFFF000000FF000000FF000000FF000000FF000000FF000000FF000000FF000000FF000000FFFFFFFFFF000000FF000000FF0000
310
00FF000000FF000000FF000000FFFFFFFFFF000000FF000000FF000000FF000000FF000000FF000000FF000000FF000000FF000000FFFFFFFFFFFFFFFFFFFFFFFFFFFFFFFFFFFFFFFFFFFFFFFFFFFFFFFFFFFFFFFFFFFFFFFFFFFFFFFFFFFFFFFFFFFFFFFFFFFFFFFFFFFFFFFFFF000000FFFFFFFFFF000000FFFFFFFFFFFF
310
FFFFFFFFFFFFFFFFFFFFFF000000FF898989FF000000FFFFFFFFFFFFFFFFFFFFFFFFFFFFFFFFFFFFFFFFFFFFFFFFFFFFFFFFFFFFFFFFFFFFFFFFFFFFFFFFFFFFFFFFFFFFFFFFFFFFFFFFFFFFFFFFFFFFFFFFFFFFFFFFFFFFFFFFFFFFFFFFFFFFFFFFFFFFFFFFFFFFFFFFFFFFFFFFFF000000FF898989FF000000FFFFFFFFFF
310
FFFFFFFFFFFFFFFFFFFFFFFF000000FF898989FF000000FFFFFFFFFFFFFFFFFFFFFFFFFFFFFFFFFFFFFFFFFFFFFFFFFFFFFFFFFFFFFFFFFFFFFFFFFFFFFFFFFFFFFFFFFFFFFFFFFFFFFFFFFFFFFFFFFFFFFFFFFFFFFFFFFFFFFFFFFFFFFFFFFFFFFFFFFFFFFFFFFF000000FF000000FF000000FF898989FF000000FFFFFFFF
310
FFFFFFFFFFFFFFFFFFFFFFFFFF000000FFFFFFFFFF000000FF000000FF000000FFFFFFFFFFFFFFFFFFFFFFFFFFFFFFFFFFFFFFFFFFFFFFFFFFFFFFFFFFFFFFFFFFFFFFFFFFFFFFFFFFFFFFFFFFFFFFFFFFFFFFFFFFFFFFFFFFFFFFFFFFFFFFFFFFFFFFFFFFFFFFFFFF000000FFFFFFFFFF898989FFFFFFFFFF000000FFFFFF
310
FFFFFFFFFFFFFFFFFFFFFFFFFFFF000000FF898989FFFFFFFFFFFFFFFFFF000000FFFFFFFFFFFFFFFFFFFFFFFFFFFFFFFFFFFFFFFFFFFFFFFFFFFFFFFFFFFFFFFFFFFFFFFFFFFFFFFFFFFFFFFFFFFFFFFFFFFFFFFFFFFFFFFFFFFFFFFFFFFFFFFFFFFFFFFFFFFFFFFFFF000000FF898989FFFFFFFFFFFFFFFFFF000000FFFF
310
FFFFFFFFFFFFFFFFFFFFFFFFFFFFFF000000FFFFFFFFFF898989FF898989FF000000FFFFFFFFFFFFFFFFFFFFFFFFFFFFFFFFFFFFFFFFFFFFFFFFFFFFFFFFFFFFFFFFFFFFFFFFFFFFFFFFFFFFFFFFFFFFFFFFFFFFFFFFFFFFFFFFFFFFFFFFFFFFFFFFFFFFFFFFFFFFFFFFFF898989FF000000FFFFFFFFFFFFFFFFFF000000FF
310
000000FF000000FF000000FF000000FF000000FFFFFFFFFF898989FF000000FFFFFFFFFFFFFFFFFFFFFFFFFFFFFFFFFFFFFFFFFFFFFFFFFFFFFFFFFFFFFFFFFFFFFFFFFFFFFFFFFFFFFFFFFFFFFFFFFFFFFFFFFFFFFFFFFFFFFFFFFFFFFFFFFFFFFFFFFFFFFFFFFFFFFFFFFFFFFFFFFFFFFFFFFF000000FFFFFFFFFF898989
310
FFFFFFFFFFFFFFFFFF898989FFFFFFFFFFFFFFFFFF898989FF000000FFFFFFFFFFFFFFFFFFFFFFFFFFFFFFFFFFFFFFFFFFFFFFFFFFFFFFFFFFFFFFFFFFFFFFFFFFFFFFFFFFFFFFFFFFFFFFFFFFFFFFFFFFFFFFFFFFFFFFFFFFFFFFFFFFFFFFFFFFFFFFFFFFFFFFFFFFFFFFFFFFFFFFFFFFFFFFFFFFFFFFFFFF000000FFFFFF
310
FFFFFFFFFFFFFFFFFFFFFFFFFFFF898989FF898989FF000000FFFFFFFFFFFFFFFFFFFFFFFFFFFFFFFFFFFFFFFFFFFFFFFFFFFFFFFFFFFFFFFFFFFFFFFFFFFFFFFFFFFFFFFFFFFFFFFFFFFFFFFFFFFFFFFFFFFFFFFFFFFFFFFFFFFFFFFFFFFFFFFFFFFFFFFFFFFFFFFFFFFFFFFFFFFFFFFFFFFFFFFFFFFFFFFFFFFFFFFFFF00
310
0000FF000000FF000000FF000000FF000000FF000000FFFFFFFFFFFFFFFFFFFFFFFFFFFFFFFFFFFFFFFFFFFFFFFFFFFFFFFFFFFFFFFFFFFFFFFFFFFFFFFFFFFFFFFFFFFFFFFFFFFFFFFFFFFFFFFFFFFFFFFFFFFFFFFFFFFFFFFFFFFFFFFFFFFFFFFFFFFFFFFFFFFFFFFFFFFFFFFFFFFFFFFFFFFFFFFFFFFFFFFFFFFFFFFFFF
310
FFFFFFFFFFFFFFFFFFFFFFFFFFFFFFFFFFFFFFFFFFFFFFFFFFFFFFFFFFFFFFFFFFFFFFFFFFFFFFFFFFFFFFFFFFFFFFFFFFFFFFFFFFFFFFFFFFFFFFFFFFFFFFFFFFFFFFFFFFFFFFFF
102
{BLKREFS
331
B8
331
C2
102
}
 70
     4
280
     1
281
     0
1001
AcDbDynamicBlockGUID
1000
{4B88597A-E8CC-8A4E-8B8B-EB3E0B788BDC}
  0
BLOCK_RECORD
  5
C9
102
{ACAD_XDICTIONARY
360
CA
102
}
330
1
100
AcDbSymbolTableRecord
100
AcDbBlockTableRecord
  2
dfvdfvbfgvb
340
0
310
2800000020000000200000000100200000000000001000000100000001000000000000000000000000000000FFFFFFFFFFFFFFFFFFFFFFFFFFFFFFFFFFFFFFFFFFFFFFFFFFFFFFFFFFFFFFFFFFFFFFFFFFFFFFFFFFFFFFFFFFFFFFFFFFFFFFFFFFFFFFFFFFFFFFFFFFFFFFFFFFFFFFFFFFFFFFFFFFFFFFFFFFFFFFFFFFFFFF
310
FFFFFFFFFFFFFFFFFFFFFFFFFFFFFFFFFFFFFFFFFFFFFFFFFFFFFFFFFFFFFFFFFFFFFFFFFFFFFFFFFFFFFFFFFFFFFFFFFFFFFFFFFFFFFFFFFFFFFFFFFFFFFFFFFFFFFFFFFFFFFFFFFFFFFFFFFFFFFFFFFFFFFFFFFFFFFFFFFFFFFFFFFFFFFFFFFFFFFFFFFFFFFFFFFFFFFFFFFFFFFFFFFFFFFFFFFFFFFFFFFF898989FF8989
310
89FF898989FFFFFFFFFFFFFFFFFFFFFFFFFFFFFFFFFFFFFFFFFFFFFFFFFFFFFFFFFFFFFFFFFFFFFFFFFFFFFFFFFFFFFFFFFFFFFFFFFFFFFFFFFFFFFFFFFFFFFFFFFFFFFFFFFFFFFFFFFFFFFFFFFFFFFFFFFFFFFFFFFFFFFFFFFFFFFFFFFFFFFFFFFFFFFFFFFFFFFFFFFFFFFFFFFFFFFFFFFFFFFFFFFFFFFFFFFF898989FFFF
310
FFFFFF898989FFFFFFFFFFFFFFFFFFFFFFFFFFFFFFFFFFFFFFFFFFFFFFFFFFFFFFFFFFFFFFFFFFFFFFFFFFFFFFFFFFFFFFFFFFFFFFFFFFFFFFFFFFFFFFFFFFFFFFFFFFFFFFFFFFFFFFFFFFFFFFFFFFFFFFFFFFFFFFFFFFFFFFFFFFFFFFFFFFFFFFFFFFFFFFFFFFFFFFFFFFFFFFFFFFFFFFFFFFFFFFFFFF898989FFFFFFFFFF
310
FFFFFFFFFFFFFFFF898989FFFFFFFFFFFFFFFFFFFFFFFFFFFFFFFFFFFFFFFFFFFFFFFFFFFFFFFFFFFFFFFFFFFFFFFFFFFFFFFFFFFFFFFFFFFFFFFFFFFFFFFFFFFFFFFFFFFFFFFFFFFFFFFFFFFFFFFFFFFFFFFFFFFFFFFFFFFFFFFFFFFFFFFFFFFFFFFFFFFFFFFFFFFFFFFFFFFFFFFFFFFFFFFFFFFFFFFFFF898989FFFFFFFF
310
FFFFFFFFFFFFFFFFFF898989FFFFFFFFFFFFFFFFFFFFFFFFFFFFFFFFFFFFFFFFFFFFFFFFFFFFFFFFFFFFFFFFFFFFFFFFFFFFFFFFFFFFFFFFFFFFFFFFFFFFFFFFFFFFFFFFFFFFFFFFFFFFFFFFFFFFFFFFFFFFFFFFFFFFFFFFFFFFFFFFFFFFFFFFFFFFFFFFFFFFFFFFFFFFFFFFFFFFFFFFFFFFFFFFFFFFFFFFFF898989FFFFFF
310
FFFFFFFFFFFFFFFFFFFF898989FFFFFFFFFFFFFFFFFFFFFFFFFFFFFFFFFFFFFFFFFFFFFFFFFFFFFFFFFFFFFFFFFFFFFFFFFFFFFFFFFFFFFFFFFFFFFFFFFFFFFFFFFFFFFFFFFFFFFFFFFFFFFFFFFFFFFFFFFFFFFFFFFFFFFFFFFFFFFFFFFFFFFFFFFFFFFFFFFFFFFFFFFFFFFFFFFFFFFFFFFFFFFFFFFFFFFFFFFF898989FFFF
310
FFFFFFFFFFFFFFFFFFFFFF898989FFFFFFFFFFFFFFFFFFFFFFFFFFFFFFFFFFFFFFFFFFFFFFFFFFFFFFFFFFFFFFFFFFFFFFFFFFFFFFFFFFFFFFFFFFFFFFFFFFFFFFFFFFFFFFFFFFFFFFFFFFFFFFFFFFFFFFFFFFFFFFFFFFFFFFFFFFFFFFFFFFFFFFFFFFFFFFFFFFFFFFFFFFFFFFFFFFFFFFFFFFFFFFFFFFFFFFFFFFFFFFFFFF
310
898989FFFFFFFFFF898989FFFFFFFFFFFFFFFFFFFFFFFFFFFFFFFFFFFFFFFFFFFFFFFFFFFFFFFFFFFFFFFFFFFFFFFFFFFFFFFFFFFFFFFFFFFFFFFFFFFFFFFFFFFFFFFFFFFFFFFFFFFFFFFFFFFFFFFFFFFFFFFFFFFFFFFFFFFFFFFFFFFFFFFFFFFFFFFFFFFFFFFFFFFFFFFFFFFFFFFFFFFFFFFFFFFFFFFFFFFFFFFFFFFFFFFF
310
FF898989FFFFFFFFFF898989FFFFFFFFFFFFFFFFFFFFFFFFFFFFFFFFFFFFFFFFFFFFFFFFFFFFFFFFFFFFFFFFFFFFFFFFFFFFFFFFFFFFFFFFFFFFFFFFFFFFFFFFFFFFFFFFFFFFFFFFFFFFFFFFFFFFFFFFFFFFFFFFFFFFFFFFFFFFFFFFFFFFFFFFFFFFFFFFFFFFFFFFFFFFFFFFFFFFFFFFFFFFFFFFFFFFFFFFFFFFFFFFFFFFFF
310
FFFF898989FFFFFFFFFF898989FFFFFFFFFFFFFFFFFFFFFFFFFFFFFFFFFFFFFFFFFFFFFFFFFFFFFFFFFFFFFFFFFFFFFFFFFFFFFFFFFFFFFFFFFFFFFFFFFFFFFFFFFFFFFFFFFFFFFFFFFFFFFFFFFFFFFFFFFFFFFFFFFFFFFFFFFFFFFFFFFFFFFFFFFFFFFFFFFFFFFFFFFFFFFFFFFFFFFFFFFFFFFFFFFFFFFFFFFFFFFFFFFFFF
310
FFFFFF898989FFFFFFFFFF898989FFFFFFFFFFFFFFFFFFFFFFFFFFFFFFFFFFFFFFFFFFFFFFFFFFFFFFFFFFFFFFFFFFFFFFFFFFFFFFFFFFFFFFFFFFFFFFFFFFFFFFFFFFFFFFFFFFFFFFFFFFFFFFFFFFFFFFFFFFFFFFFFFFFFFFFFFFFFFFFFFFFFFFFFFFFFFFFFFFFFFFFFFF000000FF000000FF000000FF000000FF000000FF
310
898989FF000000FF000000FF898989FFFFFFFFFFFFFFFFFFFFFFFFFFFFFFFFFFFFFFFFFFFFFFFFFFFFFFFFFFFFFFFFFFFFFFFFFFFFFFFFFFFFFFFFFFFFFFFFFFFFFFFFFFFFFFFFFFFFFFFFFFFFFFFFFFFFFFFFFFFFFFFFFFFFFFFFFFFFFFFFFFFFFFFFFFFFFFFFFFFFFFFFFF000000FFFFFFFFFFFFFFFFFFFFFFFFFFFFFFFF
310
FFFFFFFFFFFFFFFFFFFFFFFFFF000000FFFFFFFFFFFFFFFFFFFFFFFFFFFFFFFFFFFFFFFFFFFFFFFFFFFFFFFFFFFFFFFFFFFFFFFFFFFFFFFFFFFFFFFFFFFFFFFFFFFFFFFFFFFFFFFFFFFFFFFFFFFFFFFFFFFFFFFFFFFFFFFFFFFFFFFFFFFFFFFFFFFFFFFFFFFFFFFFFF000000FF000000FFFFFFFFFFFFFFFFFFFFFFFFFFFFFF
310
FFFF000000FF000000FF000000FF000000FFFFFFFFFFFFFFFFFFFFFFFFFFFFFFFFFFFFFFFFFFFFFFFFFFFFFFFFFFFFFFFFFFFFFFFFFFFFFFFFFFFFFFFFFFFFFFFFFFFFFFFFFFFFFFFFFFFFFFFFFFFFFFFFFFFFFFFFFFFFFFFFFFFFFFFFFF000000FF000000FF000000FF000000FFFFFFFFFFFFFFFFFFFFFFFFFFFFFFFFFF00
310
0000FF000000FFFFFFFFFF000000FFFFFFFFFFFFFFFFFFFFFFFFFFFFFFFFFFFFFFFFFFFFFFFFFFFFFFFFFFFFFFFFFFFFFFFFFFFFFFFFFFFFFFFFFFFFFFFFFFFFFFFFFFFFFFFFFFFFFFFFFFFFFFFFFFFFFFFFFFFFFFFFFFFFFFFFFFFFFFFFFF000000FFFFFFFFFFFFFFFFFFFFFFFFFFFFFFFFFFFFFFFFFFFFFFFFFFFFFFFFFF
310
000000FFFFFFFFFFFFFFFFFFFFFFFFFFFFFFFFFFFFFFFFFFFFFFFFFFFFFFFFFFFFFFFFFFFFFFFFFFFFFFFFFFFFFFFFFFFFFFFFFFFFFFFFFFFFFFFFFFFFFFFFFFFFFFFFFFFFFFFFFFFFFFFFFFFFFFFFFFFFFFFFFFFFFFFFFFFFFFFFFFFFFFFFFF000000FFFFFFFFFFFFFFFFFFFFFFFFFFFFFFFFFFFFFFFFFFFFFFFFFFFFFFFF
310
FF000000FFFFFFFFFFFFFFFFFFFFFFFFFFFFFFFFFFFFFFFFFFFFFFFFFFFFFFFFFFFFFFFFFFFFFFFFFFFFFFFFFFFFFFFFFFFFFFFFFFFFFFFFFFFFFFFFFFFFFFFFFFFFFFFFFFFFFFFFFFFFFFFFFFFFFFFFFFFFFFFFFFFFFFFFFFFFFFFFFFFFFFFFFF000000FF000000FF000000FF000000FFFFFFFFFFFFFFFFFFFFFFFFFFFFFF
310
FFFF000000FF000000FFFFFFFFFF000000FFFFFFFFFFFFFFFFFFFFFFFFFFFFFFFFFFFFFFFFFFFFFFFFFFFFFFFFFFFFFFFFFFFFFFFFFFFFFFFFFFFFFFFFFFFFFFFFFFFFFFFFFFFFFFFFFFFFFFFFFFFFFFFFFFFFFFFFFFFFFFFFFFFFFFFFFFFFFFFFFFFFFFFFFFFFFFFFFFFFFFFFFF000000FF000000FFFFFFFFFFFFFFFFFFFF
310
FFFFFFFFFFFFFF000000FF000000FF000000FF000000FFFFFFFFFFFFFFFFFFFFFFFFFFFFFFFFFFFFFFFFFFFFFFFFFFFFFFFFFFFFFFFFFFFFFFFFFFFFFFFFFFFFFFFFFFFFFFFFFFFFFFFFFFFFFFFFFFFFFFFFFFFFFFFFFFFFFFFFFFFFFFFFFFFFFFFFFFFFFFFFFFFFFFFFFFFFFFFFFFFFFFFFFF000000FFFFFFFFFFFFFFFFFF
310
FFFFFFFFFFFFFFFFFFFFFFFFFFFFFFFFFFFFFFFF000000FFFFFFFFFFFFFFFFFFFFFFFFFFFFFFFFFFFFFFFFFFFFFFFFFFFFFFFFFFFFFFFFFFFFFFFFFFFFFFFFFFFFFFFFFFFFFFFFFFFFFFFFFFFFFFFFFFFFFFFFFFFFFFFFFFFFFFFFFFFFFFFFFFFFFFFFFFFFFFFFFFFFFFFFFFFFFFFFFFFFFFFFFF000000FF000000FF000000
310
FF000000FF000000FF000000FFFFFFFFFFFFFFFFFF000000FFFFFFFFFFFFFFFFFFFFFFFFFFFFFFFFFFFFFFFFFFFFFFFFFFFFFFFFFFFFFFFFFFFFFFFFFFFFFFFFFFFFFFFFFFFFFFFFFFFFFFFFFFFFFFFFFFFFFFFFFFFFFFFFFFFFFFFFFFFFFFFFFFFFFFFFFFFFFFFFFFFFFFFFFFFFFFFFFFFFFFFFFFFFFFFFFFFFFFFFFFFFFF
310
FFFFFFFFFFFFFFFFFFFFFFFFFFFF000000FFFFFFFFFF000000FFFFFFFFFFFFFFFFFFFFFFFFFFFFFFFFFFFFFFFFFFFFFFFFFFFFFFFFFFFFFFFFFFFFFFFFFFFFFFFFFFFFFFFFFFFFFFFFFFFFFFFFFFFFFFFFFFFFFFFFFFFFFFFFFFFFFFFFFFFFFFFFFFFFFFFFFFFFFFFFFFFFFFFFFFFFFFFFFFFFFFFFFFFFFFFFFFFFFFFFFFFF
310
FFFFFFFFFFFFFFFFFFFFFFFFFFFFFF000000FFFFFFFFFF000000FFFFFFFFFFFFFFFFFFFFFFFFFFFFFFFFFFFFFFFFFFFFFFFFFFFFFFFFFFFFFFFFFFFFFFFFFFFFFFFFFFFFFFFFFFFFFFFFFFFFFFFFFFFFFFFFFFFFFFFFFFFFFFFFFFFFFFFFFFFFFFFFFFFFFFFFFFFFFFFFFFFFFFFFFFFFFFFFFFFFFFFFFFFFFFFFFFFFFFFFFF
310
FFFFFFFFFFFFFFFFFFFFFFFFFFFFFFFF000000FFFFFFFFFF000000FFFFFFFFFFFFFFFFFFFFFFFFFFFFFFFFFFFFFFFFFFFFFFFFFFFFFFFFFFFFFFFFFFFFFFFFFFFFFFFFFFFFFFFFFFFFFFFFFFFFFFFFFFFFFFFFFFFFFFFFFFFFFFFFFFFFFFFFFFFFFFFFFFFFFFFFFFFFFFFFFFFFFFFFFFFFFFFFFFFFFFFFFFFFFFFFFFFFFFFF
310
FFFFFFFFFFFFFFFFFFFFFFFFFFFFFFFFFF000000FFFFFFFFFF000000FFFFFFFFFFFFFFFFFFFFFFFFFFFFFFFFFFFFFFFFFFFFFFFFFFFFFFFFFFFFFFFFFFFFFFFFFFFFFFFFFFFFFFFFFFFFFFFFFFFFFFFFFFFFFFFFFFFFFFFFFFFFFFFFFFFFFFFFFFFFFFFFFFFFFFFFFFFFFFFFFFFFFFFFFFFFFFFFFFFFFFFFFFFFFFFFFFFFFF
310
FFFFFFFFFFFFFFFFFFFFFFFFFFFF000000FFFFFFFFFFFFFFFFFFFFFFFFFF000000FFFFFFFFFFFFFFFFFFFFFFFFFFFFFFFFFFFFFFFFFFFFFFFFFFFFFFFFFFFFFFFFFFFFFFFFFFFFFFFFFFFFFFFFFFFFFFFFFFFFFFFFFFFFFFFFFFFFFFFFFFFFFFFFFFFFFFFFFFFFFFFFFFFFFFFFFFFFFFFFFFFFFFFFFFFFFFFFFFFFFFFFFFFF
310
FFFFFFFFFFFFFFFFFFFFFFFFFFFFFF000000FFFFFFFFFFFFFFFFFFFFFFFFFF000000FFFFFFFFFFFFFFFFFFFFFFFFFFFFFFFFFFFFFFFFFFFFFFFFFFFFFFFFFFFFFFFFFFFFFFFFFFFFFFFFFFFFFFFFFFFFFFFFFFFFFFFFFFFFFFFFFFFFFFFFFFFFFFFFFFFFFFFFFFFFFFFFFFFFFFFFFFFFFFFFFFFFFFFFFFFFFFFFFFFFFFFFFF
310
FFFFFFFFFFFFFFFFFFFFFFFFFFFFFFFF000000FFFFFFFFFFFFFFFFFFFFFFFFFF000000FFFFFFFFFFFFFFFFFFFFFFFFFFFFFFFFFFFFFFFFFFFFFFFFFFFFFFFFFFFFFFFFFFFFFFFFFFFFFFFFFFFFFFFFFFFFFFFFFFFFFFFFFFFFFFFFFFFFFFFFFFFFFFFFFFFFFFFFFFFFFFFFFFFFFFFFFFFFFFFFFFFFFFFFFFFFFFFFFFFFFFFF
310
FFFFFFFFFFFFFFFFFFFFFFFFFFFFFFFFFF000000FFFFFFFFFFFFFFFFFFFFFFFFFF000000FFFFFFFFFFFFFFFFFFFFFFFFFFFFFFFFFFFFFFFFFFFFFFFFFFFFFFFFFFFFFFFFFFFFFFFFFFFFFFFFFFFFFFFFFFFFFFFFFFFFFFFFFFFFFFFFFFFFFFFFFFFFFFFFFFFFFFFFFFFFFFFFFFFFFFFFFFFFFFFFFFFFFFFFFFFFFFFFFFFFFF
310
FFFFFFFFFFFFFFFFFFFFFFFFFFFFFFFFFFFFFFFFFFFF000000FFFFFFFFFF000000FFFFFFFFFFFFFFFFFFFFFFFFFFFFFFFFFFFFFFFFFFFFFFFFFFFFFFFFFFFFFFFFFFFFFFFFFFFFFFFFFFFFFFFFFFFFFFFFFFFFFFFFFFFFFFFFFFFFFFFFFFFFFFFFFFFFFFFFFFFFFFFFFFFFFFFFFFFFFFFFFFFFFFFFFFFFFFFFFFFFFFFFFFFF
310
FFFFFFFFFFFFFFFFFFFFFFFFFFFFFFFFFFFFFFFFFFFFFF000000FF000000FF000000FFFFFFFFFFFFFFFFFFFFFFFFFFFFFFFFFFFFFFFFFFFFFFFFFFFFFFFFFFFFFFFFFFFFFFFFFFFFFFFFFFFFFFFFFFFFFFFFFFFFFFFFFFFFFFFFFFFFFFFFFFFFFFFFFFFFFFFFFFFFFFFFFFFFFFFFFFFFFFFFFFFFFFFFFFFFFFFFFFFFFFFFFF
310
FFFFFFFFFFFFFFFFFFFFFFFFFFFFFFFFFFFFFFFFFFFFFFFFFFFFFFFFFFFFFFFFFFFFFFFFFFFFFFFFFFFFFFFFFFFFFFFFFFFFFFFFFFFFFFFFFFFFFFFFFFFFFFFFFFFFFFFFFFFFFFFF
102
{BLKREFS
331
C6
102
}
 70
     4
280
     1
281
     1
  0
BLOCK_RECORD
  5
D0
102
{ACAD_XDICTIONARY
360
D1
102
}
330
1
100
AcDbSymbolTableRecord
100
AcDbBlockTableRecord
  2
4.8 x 25
340
0
310
28000000200000002000000001002000000000000010000001000000010000000000000000000000C098E01AFFFFFFFFFFFFFFFFFFFFFFFFFFFFFFFFFFFFFFFFFFFFFFFFFFFFFFFFFFFFFFFFFFFFFFFFFFFFFFFFFFFFFFFFFFFFFFFFFFFFFFFFFFFFFFFFFFFFFFFFFFFFFFFFFFFFFFFFFFFFFFFFFFFFFFFFFFFFFFFFFFFFFF
310
FFFFFFFFFFFFFFFFFFFFFFFFFFFFFFFFFFFFFFFFFFFFFFFFFFFFFFFFFFFFFFFFFFFFFFFFFFFFFFFFFFFFFFFFFFFFFFFFFFFFFFFFFFFFFFFFFFFFFFFFFFFFFFFFFFFFFFFFFFFFFFFFFFFFFFFFFFFFFFFFFFFFFFFFFF000000FF000000FF000000FF000000FF000000FF000000FF000000FF000000FF000000FF000000FF0000
310
00FF000000FFFFFFFFFFFFFFFFFFFFFFFFFFFFFFFFFFFFFFFFFFFFFFFFFFFFFFFFFFFFFFFFFFFFFFFFFFFFFFFFFFFFFFFFFFFFFFFFFFFFFFFFFFFFFFFFFFFFFFFFFFFFFFFFFFFFFFFFFFFFFFFFFFFFFFFFFFFFFFFFFF000000FF000000FF000000FF000000FF000000FF000000FF000000FF000000FF000000FF000000FF00
310
0000FF000000FFFFFFFFFFFFFFFFFFFFFFFFFFFFFFFFFFFFFFFFFFFFFFFFFFFFFFFFFFFFFFFFFFFFFFFFFFFFFFFFFFFFFFFFFFFFFFFFFFFFFFFFFFFFFFFFFFFFFFFFFFFFFFFFFFFFFFFFFFFFFFFFFFFFFFFFFFFFFFFFFFFFFFFFFF000000FFFFFFFFFFFFFFFFFFFFFFFFFFFFFFFFFFFFFFFFFFFFFFFFFFFFFFFFFFFFFFFFFF
310
000000FFFFFFFFFFFFFFFFFFFFFFFFFFFFFFFFFFFFFFFFFFFFFFFFFFFFFFFFFFFFFFFFFFFFFFFFFFFFFFFFFFFFFFFFFFFFFFFFFFFFFFFFFFFFFFFFFFFFFFFFFFFFFFFFFFFFFFFFFFFFFFFFFFFFFFFFFFFFFFFFFFFFFFFFFFFFFFFFFFFFFFFFFF000000FFFFFFFFFFFFFFFFFFFFFFFFFFFFFFFFFFFFFFFFFFFFFFFFFF000000
310
FFFFFFFFFFFFFFFFFFFFFFFFFFFFFFFFFFFFFFFFFFFFFFFFFFFFFFFFFFFFFFFFFFFFFFFFFFFFFFFFFFFFFFFFFFFFFFFFFFFFFFFFFFFFFFFFFFFFFFFFFFFFFFFFFFFFFFFFFFFFFFFFFFFFFFFFFFFFFFFFFFFFFFFFFFFFFFFFFFFFFFFFFFFFFFFFFFFFFFFFFF000000FF000000FF000000FF000000FF000000FF000000FFFFFF
310
FFFFFFFFFFFFFFFFFFFFFFFFFFFFFFFFFFFFFFFFFFFFFFFFFFFFFFFFFFFFFFFFFFFFFFFFFFFFFFFFFFFFFFFFFFFFFFFFFFFFFFFFFFFFFFFFFFFFFFFFFFFFFFFFFFFFFFFFFFFFFFFFFFFFFFFFFFFFFFFFFFFFFFFFFFFFFFFFFFFFFFFFFFFFFFFFFFFFFFFFFFFF000000FF000000FF000000FF000000FF000000FF000000FFFF
310
FFFFFFFFFFFFFFFFFFFFFFFFFFFFFFFFFFFFFFFFFFFFFFFFFFFFFFFFFFFFFFFFFFFFFFFFFFFFFFFFFFFFFFFFFFFFFFFFFFFFFFFFFFFFFFFFFFFFFFFFFFFFFFFFFFFFFFFFFFFFFFFFFFFFFFFFFFFFFFFFFFFFFFFFFFFFFFFFFFFFFFFFFFFFFFFFFFFFFFFFFFFFFF000000FF000000FF000000FF000000FF000000FF000000FF
310
FFFFFFFFFFFFFFFFFFFFFFFFFFFFFFFFFFFFFFFFFFFFFFFFFFFFFFFFFFFFFFFFFFFFFFFFFFFFFFFFFFFFFFFFFFFFFFFFFFFFFFFFFFFFFFFFFFFFFFFFFFFFFFFFFFFFFFFFFFFFFFFFFFFFFFFFFFFFFFFFFFFFFFFFFFFFFFFFFFFFFFFFFFFFFFFFFFFFFFFFFFFFFFFF000000FF000000FF000000FF000000FF000000FF000000
310
FFFFFFFFFFFFFFFFFFFFFFFFFFFFFFFFFFFFFFFFFFFFFFFFFFFFFFFFFFFFFFFFFFFFFFFFFFFFFFFFFFFFFFFFFFFFFFFFFFFFFFFFFFFFFFFFFFFFFFFFFFFFFFFFFFFFFFFFFFFFFFFFFFFFFFFFFFFFFFFFFFFFFFFFFFFFFFFFFFFFFFFFFFFFFFFFFFFFFFFFFFFFFFFFFF000000FF000000FF000000FF000000FF000000FF0000
310
00FFFFFFFFFFFFFFFFFFFFFFFFFFFFFFFFFFFFFFFFFFFFFFFFFFFFFFFFFFFFFFFFFFFFFFFFFFFFFFFFFFFFFFFFFFFFFFFFFFFFFFFFFFFFFFFFFFFFFFFFFFFFFFFFFFFFFFFFFFFFFFFFFFFFFFFFFFFFFFFFFFFFFFFFFFFFFFFFFFFFFFFFFFFFFFFFFFFFFFFFFFFFFFFFFF000000FF000000FF000000FF000000FF000000FF00
310
0000FFFFFFFFFFFFFFFFFFFFFFFFFFFFFFFFFFFFFFFFFFFFFFFFFFFFFFFFFFFFFFFFFFFFFFFFFFFFFFFFFFFFFFFFFFFFFFFFFFFFFFFFFFFFFFFFFFFFFFFFFFFFFFFFFFFFFFFFFFFFFFFFFFFFFFFFFFFFFFFFFFFFFFFFFFFFFFFFFFFFFFFFFFFFFFFFFFFFFFFFFFFFFFFFFF000000FF000000FF000000FF000000FF000000FF
310
000000FFFFFFFFFFFFFFFFFFFFFFFFFFFFFFFFFFFFFFFFFFFFFFFFFFFFFFFFFFFFFFFFFFFFFFFFFFFFFFFFFFFFFFFFFFFFFFFFFFFFFFFFFFFFFFFFFFFFFFFFFFFFFFFFFFFFFFFFFFFFFFFFFFFFFFFFFFFFFFFFFFFFFFFFFFFFFFFFFFFFFFFFFFFFFFFFFFFFFFFFFFFFFFFFFF000000FF000000FF000000FF000000FF000000
310
FF000000FFFFFFFFFFFFFFFFFFFFFFFFFFFFFFFFFFFFFFFFFFFFFFFFFFFFFFFFFFFFFFFFFFFFFFFFFFFFFFFFFFFFFFFFFFFFFFFFFFFFFFFFFFFFFFFFFFFFFFFFFFFFFFFFFFFFFFFFFFFFFFFFFFFFFFFFFFFFFFFFFFFFFFFFFFFFFFFFFFFFFFFFFFFFFFFFFFFFFFFFFFFFFFFFFF000000FF000000FF000000FF000000FF0000
310
00FF000000FFFFFFFFFFFFFFFFFFFFFFFFFFFFFFFFFFFFFFFFFFFFFFFFFFFFFFFFFFFFFFFFFFFFFFFFFFFFFFFFFFFFFFFFFFFFFFFFFFFFFFFFFFFFFFFFFFFFFFFFFFFFFFFFFFFFFFFFFFFFFFFFFFFFFFFFFFFFFFFFFFFFFFFFFFFFFFFFFFFFFFFFFFFFFFFFFFFFFFFFFFFFFFFFFF000000FF000000FF000000FF000000FF00
310
0000FF000000FFFFFFFFFFFFFFFFFFFFFFFFFFFFFFFFFFFFFFFFFFFFFFFFFFFFFFFFFFFFFFFFFFFFFFFFFFFFFFFFFFFFFFFFFFFFFFFFFFFFFFFFFFFFFFFFFFFFFFFFFFFFFFFFFFFFFFFFFFFFFFFFFFFFFFFFFFFFFFFFFFFFFFFFFFFFFFFFFFFFFFFFFFFFFFFFFFFFFFFFFFFFFFFFFF000000FF000000FF000000FF000000FF
310
000000FF000000FFFFFFFFFFFFFFFFFFFFFFFFFFFFFFFFFFFFFFFFFFFFFFFFFFFFFFFFFFFFFFFFFFFFFFFFFFFFFFFFFFFFFFFFFFFFFFFFFFFFFFFFFFFFFFFFFFFFFFFFFFFFFFFFFFFFFFFFFFFFFFFFFFFFFFFFFFFFFFFFFFFFFFFFFFFFFFFFFFFFFFFFFFFFFFFFFFFFFFFFFFFFFFFFFF000000FF000000FF000000FF000000
310
FF000000FF000000FFFFFFFFFFFFFFFFFFFFFFFFFFFFFFFFFFFFFFFFFFFFFFFFFFFFFFFFFFFFFFFFFFFFFFFFFFFFFFFFFFFFFFFFFFFFFFFFFFFFFFFFFFFFFFFFFFFFFFFFFFFFFFFFFFFFFFFFFFFFFFFFFFFFFFFFFFFFFFFFFFFFFFFFFFFFFFFFFFFFFFFFFFFFFFFFFFFFFFFFFFFFFFFFFF000000FF000000FF000000FF0000
310
00FF000000FF000000FFFFFFFFFFFFFFFFFFFFFFFFFFFFFFFFFFFFFFFFFFFFFFFFFFFFFFFFFFFFFFFFFFFFFFFFFFFFFFFFFFFFFFFFFFFFFFFFFFFFFFFFFFFFFFFFFFFFFFFFFFFFFFFFFFFFFFFFFFFFFFFFFFFFFFFFFFFFFFFFFFFFFFFFFFFFFFFFFFFFFFFFFFFFFFFFFFFFFFFFFFFFFFFFFF000000FF000000FF000000FF00
310
0000FF000000FF000000FFFFFFFFFFFFFFFFFFFFFFFFFFFFFFFFFFFFFFFFFFFFFFFFFFFFFFFFFFFFFFFFFFFFFFFFFFFFFFFFFFFFFFFFFFFFFFFFFFFFFFFFFFFFFFFFFFFFFFFFFFFFFFFFFFFFFFFFFFFFFFFFFFFFFFFFFFFFFFFFFFFFFFFFFFFFFFFFFFFFFFFFFFFFFFFFFFFFFFFFFFFFFFFFFF000000FF000000FF000000FF
310
000000FF000000FF000000FFFFFFFFFFFFFFFFFFFFFFFFFFFFFFFFFFFFFFFFFFFFFFFFFFFFFFFFFFFFFFFFFFFFFFFFFFFFFFFFFFFFFFFFFFFFFFFFFFFFFFFFFFFFFFFFFFFFFFFFFFFFFFFFFFFFFFFFFFFFFFFFFFFFFFFFFFFFFFFFFFFFFFFFFFFFFFFFFFFFFFFFFFFFFFFFFFFFFFFFFFFFFFFFFF000000FF000000FF000000
310
FF000000FF000000FF000000FFFFFFFFFFFFFFFFFFFFFFFFFFFFFFFFFFFFFFFFFFFFFFFFFFFFFFFFFFFFFFFFFFFFFFFFFFFFFFFFFFFFFFFFFFFFFFFFFFFFFFFFFFFFFFFFFFFFFFFFFFFFFFFFFFFFFFFFFFFFFFFFFFFFFFFFFFFFFFFFFFFFFFFFFFFFFFFFFFFFFFFFFFFFFFFFFFFFFFFFFFFFFFFFFF000000FF000000FF0000
310
00FF000000FF000000FF000000FFFFFFFFFFFFFFFFFFFFFFFFFFFFFFFFFFFFFFFFFFFFFFFFFFFFFFFFFFFFFFFFFFFFFFFFFFFFFFFFFFFFFFFFFFFFFFFFFFFFFFFFFFFFFFFFFFFFFFFFFFFFFFFFFFFFFFFFFFFFFFFFFFFFFFFFFFFFFFFFFFFFFFFFFFFFFFFFFFFFFFFFFFFFFFFFFFFFFFFFFFFFFFFFFF000000FF000000FF00
310
0000FF000000FF000000FF000000FFFFFFFFFFFFFFFFFFFFFFFFFFFFFFFFFFFFFFFFFFFFFFFFFFFFFFFFFFFFFFFFFFFFFFFFFFFFFFFFFFFFFFFFFFFFFFFFFFFFFFFFFFFFFFFFFFFFFFFFFFFFFFFFFFFFFFFFFFFFFFFFFFFFFFFFFFFFFFFFFFFFFFFFFFFFFFFFFFFFFFFFFFFFFFFFFFFFFFFFFFFFFFFFFF000000FF000000FF
310
000000FF000000FF000000FF000000FFFFFFFFFFFFFFFFFFFFFFFFFFFFFFFFFFFFFFFFFFFFFFFFFFFFFFFFFFFFFFFFFFFFFFFFFFFFFFFFFFFFFFFFFFFFFFFFFFFFFFFFFFFFFFFFFFFFFFFFFFFFFFFFFFFFFFFFFFFFFFFFFFFFFFFFFFFFFFFFFFFFFFFFFFFFFFFFFFFFFFFFFFFFFFFFFFFFFFFFFFFFFFFFFF000000FF000000
310
FF000000FF000000FF000000FF000000FFFFFFFFFFFFFFFFFFFFFFFFFFFFFFFFFFFFFFFFFFFFFFFFFFFFFFFFFFFFFFFFFFFFFFFFFFFFFFFFFFFFFFFFFFFFFFFFFFFFFFFFFFFFFFFFFFFFFFFFFFFFFFFFFFFFFFFFFFFFFFFFFFFFFFFFFFFFFFFFFFFFFFFFFFFFFFFFFFFFFFFFFFFFFFFFFFFFFFFFFFFFFFFFFF000000FF0000
310
00FF000000FF000000FF000000FF000000FFFFFFFFFFFFFFFFFFFFFFFFFFFFFFFFFFFFFFFFFFFFFFFFFFFFFFFFFFFFFFFFFFFFFFFFFFFFFFFFFFFFFFFFFFFFFFFFFFFFFFFFFFFFFFFFFFFFFFFFFFFFFFFFFFFFFFFFFFFFFFFFFFFFFFFFFFFFFFFFFFFFFFFFFFFFFFFFFFFFFFFFFFFFFFFFFFFFFFFFFFFFFFFFFF000000FF00
310
0000FF000000FF000000FF000000FF000000FFFFFFFFFFFFFFFFFFFFFFFFFFFFFFFFFFFFFFFFFFFFFFFFFFFFFFFFFFFFFFFFFFFFFFFFFFFFFFFFFFFFFFFFFFFFFFFFFFFFFFFFFFFFFFFFFFFFFFFFFFFFFFFFFFFFFFFFFFFFFFFFFFFFFFFFFFFFFFFFFFFFFFFFFFFFFFFFFFFFFFFFFFFFFFFFFFFFFFFFFFFFFFFFFFFFFFFFFF
310
000000FFFFFFFFFFFFFFFFFFFFFFFFFF000000FFFFFFFFFFFFFFFFFFFFFFFFFFFFFFFFFFFFFFFFFFFFFFFFFFFFFFFFFFFFFFFFFFFFFFFFFFFFFFFFFFFFFFFFFFFFFFFFFFFFFFFFFFFFFFFFFFFFFFFFFFFFFFFFFFFFFFFFFFFFFFFFFFFFFFFFFFFFFFFFFFFFFFFFFFFFFFFFFFFFFFFFFFFFFFFFFFFFFFFFFFFFFFFFFFFFFFFF
310
FF000000FFFFFFFFFFFFFFFFFF000000FFFFFFFFFFFFFFFFFFFFFFFFFFFFFFFFFFFFFFFFFFFFFFFFFFFFFFFFFFFFFFFFFFFFFFFFFFFFFFFFFFFFFFFFFFFFFFFFFFFFFFFFFFFFFFFFFFFFFFFFFFFFFFFFFFFFFFFFFFFFFFFFFFFFFFFFFFFFFFFFFFFFFFFFFFFFFFFFFFFFFFFFFFFFFFFFFFFFFFFFFFFFFFFFFFFFFFFFFFFFFF
310
FFFFFFFFFFFF000000FFFFFFFFFF000000FFFFFFFFFFFFFFFFFFFFFFFFFFFFFFFFFFFFFFFFFFFFFFFFFFFFFFFFFFFFFFFFFFFFFFFFFFFFFFFFFFFFFFFFFFFFFFFFFFFFFFFFFFFFFFFFFFFFFFFFFFFFFFFFFFFFFFFFFFFFFFFFFFFFFFFFFFFFFFFFFFFFFFFFFFFFFFFFFFFFFFFFFFFFFFFFFFFFFFFFFFFFFFFFFFFFFFFFFFFF
310
FFFFFFFFFFFFFF000000FF000000FFFFFFFFFFFFFFFFFFFFFFFFFFFFFFFFFFFFFFFFFFFFFFFFFFFFFFFFFFFFFFFFFFFFFFFFFFFFFFFFFFFFFFFFFFFFFFFFFFFFFFFFFFFFFFFFFFFFFFFFFFFFFFFFFFFFFFFFFFFFFFFFFFFFFFFFFFFFFFFFFFFFFFFFFFFFFFFFFFFFFFFFFFFFFFFFFFFFFFFFFFFFFFFFFFFFFFFFFFFFFFFFFF
310
FFFFFFFFFFFFFFFFFFFFFFFFFFFFFFFFFFFFFFFFFFFFFFFFFFFFFFFFFFFFFFFFFFFFFFFFFFFFFFFFFFFFFFFFFFFFFFFFFFFFFFFFFFFFFFFFFFFFFFFFFFFFFFFFFFFFFFFFFFFFFFFF
102
{BLKREFS
331
CF
102
}
 70
     4
280
     1
281
     1
  0
BLOCK_RECORD
  5
73
330
1
100
AcDbSymbolTableRecord
100
AcDbBlockTableRecord
  2
yatay orta
340
0
310
28000000200000002000000001002000000000000010000001000000010000000000000000000000FFFFFFFFFFFFFFFFFFFFFFFFFFFFFFFFFFFFFFFFFFFFFFFFFFFFFFFFFFFFFFFFFFFFFFFFFFFFFFFFFFFFFFFFFFFFFFFFFFFFFFFFFFFFFFFFFFFFFFFFFFFFFFFFFFFFFFFFFFFFFFFFFFFFFFFFFFFFFFFFFFFFFFFFFFFFFF
310
FFFFFFFFFFFFFFFFFFFFFFFFFFFFFFFFFFFFFFFFFFFFFFFFFFFFFFFFFFFFFFFFFFFFFFFFFFFFFFFFFFFFFFFFFFFFFFFFFFFFFFFFFFFFFFFFFFFFFFFFFFFFFFFFFFFFFFFFFFFFFFFFFFFFFFFFFFFFFFFFFFFFFFFFFFFFFFFFFFFFFFFFFFFFFFFFFFFFFFFFFFFFFFFFFFFFFFFFFFFFFFFFFFFFFFFFFFFFFFFFFFFFFFFFFFFFFF
310
FFFFFFFFFFFFFFFFFFFFFFFFFFFFFFFFFFFFFFFFFFFFFFFFFFFFFFFFFFFFFFFFFFFFFFFFFFFFFFFFFFFFFFFFFFFFFFFFFFFFFFFFFFFFFFFFFFFFFFFFFFFFFFFFFFFFFFFFFFFFFFFFFFFFFFFFFFFFFFFFFFFFFFFFFFFFFFFFFFFFFFFFFFFFFFFFFFFFFFFFFFFFFFFFFFFFFFFFFFFFFFFFFFFFFFFFFFFFFFFFFFFFFFFFFFFFFF
310
FFFFFFFFFFFFFFFFFFFFFFFFFFFFFFFFFFFFFFFFFFFFFFFFFFFFFFFFFFFFFFFFFFFFFFFFFFFFFFFFFFFFFFFFFFFFFFFFFFFFFFFFFFFFFFFFFFFFFFFFFFFFFFFFFFFFFFFFFFFFFFFFFFFFFFFFFFFFFFFFFFFFFFFFFFFFFFFFFFFFFFFFFFFFFFFFFFFFFFFFFFFFFFFFFFFFFFFFFFFFFFFFFFFFFFFFFFFFFFFFFFFFFFFFFFFFFF
310
FFFFFFFFFFFFFFFFFFFFFFFFFFFFFFFFFFFFFFFFFFFFFFFFFFFFFFFFFFFFFFFFFFFFFFFFFFFFFFFFFFFFFFFFFFFFFFFFFFFFFFFFFFFFFFFFFFFFFFFFFFFFFFFFFFFFFFFFFFFFFFFFFFFFFFFFFFFFFFFFFFFFFFFFFFFFFFFFFFFFFFFFFFFFFFFFFFFFFFFFFFFFFFFFFFFFFFFFFFFFFFFFFFFFFFFFFFFFFFFFFFFFFFFFFFFFFF
310
FFFFFFFFFFFFFFFFFFFFFFFFFFFFFFFFFFFFFFFFFFFFFFFFFFFFFFFFFFFFFFFFFFFFFFFFFFFFFFFFFFFFFFFFFFFFFFFFFFFFFFFFFFFFFFFFFFFFFFFFFFFFFFFFFFFFFFFFFFFFFFFFFFFFFFFFFFFFFFFFFFFFFFFFFFFFFFFFFFFFFFFFFFFFFFFFFFFFFFFFFFFFFFFFFFFFFFFFFFFFFFFFFFFFFFFFFFFFFFFFFFFFFFFFFFFFFF
310
FFFFFFFFFFFFFFFFFFFFFFFFFFFFFFFFFFFFFFFFFFFFFFFFFFFFFFFFFFFFFFFFFFFFFFFFFFFFFFFFFFFFFFFFFFFFFFFFFFFFFFFFFFFFFFFFFFFFFFFFFFFFFFFFFFFFFFFFFFFFFFFFFFFFFFFFFFFFFFFFFFFFFFFFFFFFFFFFFFFFFFFFFFFFFFFFFFFFFFFFFFFFFFFFFFFFFFFFFFFFFFFFFFFFFFFFFFFFFFFFFFFFFFFFFFFFFF
310
FFFFFFFFFFFFFFFFFFFFFFFFFFFFFFFFFFFFFFFFFFFFFFFFFFFFFFFFFFFFFFFFFFFFFFFFFFFFFFFFFFFFFFFFFFFFFFFFFFFFFFFFFFFFFFFFFFFFFFFFFFFFFFFFFFFFFFB8B6ADFFFFFFFFFFFFFFFFFFFFFFFFFFFFFFFFFFFFFFFFFFFFFFFFFFFFFFFFFFFFFFFFFFFFFFFFFFFFFFFFFFFFFFFFFFFFFFFFFFFFFFFFFFFFFFFFFF
310
FFFFFFFF898989FFFFFFFFFF000000FF000000FFFFFFFFFF000000FF000000FFFFFFFFFFFFFFFFFFFFFFFFFFFFFFFFFFFFFFFFFFFFFFFFFFFFFFFFFFFFFFFFFFFFFFFFFFB8B6ADFFFFFFFFFFFFFFFFFFFFFFFFFFFFFFFFFFFFFFFFFFFFFFFFFFFFFFFFFFFFFFFFFFFFFFFFFFFFFFFFFFFFFFFFFFFFFFFFFFFFFFFFFFFFFFFF
310
FFFFFFFFFF898989FFFFFFFFFF000000FF000000FFFFFFFFFF000000FF000000FFFFFFFFFFFFFFFFFFFFFFFFFFFFFFFFFFFFFFFFFFFFFFFFFFFFFFFFFFFFFFFFFFFFFFFFFFB8B6ADFFFFFFFFFFFFFFFFFFFFFFFFFFFFFFFFFFFFFFFFFFFFFFFFFFFFFFFFFFFFFFFFFFFFFFFFFFFFFFFFFFFFFFFFFFFFFFFFFFFFFFFFFFFFFF
310
FFFFFFFFFFFF898989FFFFFFFFFF000000FF000000FFFFFFFFFF000000FF000000FFFFFFFFFFFFFFFFFFFFFFFFFFFFFFFFFFFFFFFFFFFFFFFFFFFFFFFFFFFFFFFFFFFFFFFFFFB8B6ADFFFFFFFFFFFFFFFFFFFFFFFFFFFFFFFFFFFFFFFFFFFFFFFFFFFFFFFFFFFFFFFFFFFFFFFFFFFFFFFFFFFFFFFFFFFFFFFFFFFFFFFFFFFF
310
FFFFFFFFFFFFFF898989FFFFFFFFFF000000FF000000FFFFFFFFFF000000FF000000FFFFFFFFFFFFFFFFFFFFFFFFFFFFFFFFFFFFFFFFFFFFFFFFFFFFFFFFFFFFFFFFFFFFFFFFFFB8B6ADFFFFFFFFFFFFFFFFFFFFFFFFFFFFFFFFFFFFFFFFFFFFFFFFFFFFFFFFFFFFFFFFFFFFFFFFFFFFFFFFFFFFFFFFFFFFFFFFFFFFFFFFFF
310
FFFFFFFFFFFFFFFF898989FFFFFFFFFF000000FF000000FFFFFFFFFF000000FF000000FFFFFFFFFFFFFFFFFFFFFFFFFFFFFFFFFFFFFFFFFFFFFFFFFFFFFFFFFFFFFFFFFFFFFFFFFFB8B6ADFFFFFFFFFFFFFFFFFFFFFFFFFFFFFFFFFFFFFFFFFFFFFFFFFFFFFFFFFFFFFFFFFFFFFFFFFFFFFFFFFFFFFFFFFFFFFFFFFFFFFFFF
310
FFFFFFFFFFFFFFFFFF898989FFFFFFFFFF000000FF000000FF000000FF000000FF000000FFFFFFFFFFFFFFFFFFFFFFFFFFFFFFFFFFFFFFFFFFFFFFFFFFFFFFFFFFFFFFFFFFFFFFFFFFB8B6ADFFFFFFFFFFFFFFFFFFFFFFFFFFFFFFFFFFFFFFFFFF000000FF000000FF000000FF000000FF000000FF000000FF000000FF0000
310
00FF000000FF000000FF000000FF000000FF000000FF000000FF898989FF000000FF000000FFFFFFFFFFFFFFFFFFFFFFFFFFFFFFFFFFFFFFFFFFFFFFFFFFFFFFFFFFFFFFFFFFFFFFFFFFB8B6ADFFFFFFFFFFFFFFFFFFFFFFFFFFFFFFFFFFFFFFFFFF000000FFFFFFFFFFFFFFFFFFFFFFFFFFFFFFFFFFFFFFFFFFFFFFFFFFFF
310
FFFFFFFFFFFFFFFFFFFFFF000000FF000000FF000000FF000000FF898989FF000000FF000000FFFFFFFFFFFFFFFFFFFFFFFFFFFFFFFFFFFFFFFFFFFFFFFFFFFFFFFFFFFFFFFFFFFFFFFFFFB8B6ADFFFFFFFFFFFFFFFFFFFFFFFFFFFFFFFFFFFFFFFFFF000000FFFFFFFFFFFFFFFFFFFFFFFFFFFFFFFFFFFFFFFFFFFFFFFFFF
310
FFFFFFFFFFFFFFFFFFFFFFFF000000FF000000FF000000FF000000FF000000FF000000FF000000FFFFFFFFFFFFFFFFFFFFFFFFFFFFFFFFFFFFFFFFFF808080FF808080FF808080FF808080FFB8B6ADFF808080FF808080FF808080FF808080FF808080FF000000FF808080FF808080FF808080FF808080FF808080FF808080
310
FF808080FF808080FF808080FF000000FF000000FF000000FF000000FF000000FF808080FF808080FF808080FF808080FF808080FFFFFFFFFFFFFFFFFFFFFFFFFFFFFFFFFFFFFFFFFFFFFFFFFFB8B6ADFFFFFFFFFFFFFFFFFFFFFFFFFFFFFFFFFFFFFFFFFF000000FFFFFFFFFFFFFFFFFFFFFFFFFFFFFFFFFFFFFFFFFFFFFF
310
FFFFFFFFFFFFFFFFFFFFFFFFFFFF000000FF000000FF000000FF808080FF808080FF000000FF000000FFFFFFFFFFFFFFFFFFFFFFFFFFFFFFFFFFFFFFFFFFFFFFFFFFFFFFFFFFFFFFFFFFFFFFFFFFB8B6ADFFFFFFFFFFFFFFFFFFFFFFFFFFFFFFFFFFFFFFFFFF000000FFFFFFFFFFFFFFFFFFFFFFFFFFFFFFFFFFFFFFFFFFFF
310
FFFFFFFFFFFFFFFFFFFFFFFFFFFFFF000000FF000000FF000000FF000000FF808080FF000000FF000000FFFFFFFFFFFFFFFFFFFFFFFFFFFFFFFFFFFFFFFFFFFFFFFFFFFFFFFFFFFFFFFFFFFFFFFFFFB8B6ADFFFFFFFFFFFFFFFFFFFFFFFFFFFFFFFFFFFFFFFFFF000000FF000000FF000000FF000000FF000000FF000000FF
310
000000FF000000FF000000FF000000FF000000FF000000FF000000FF000000FF000000FF000000FF000000FFFFFFFFFFFFFFFFFFFFFFFFFFFFFFFFFFFFFFFFFFFFFFFFFFFFFFFFFFFFFFFFFFFFFFFFFFB8B6ADFFFFFFFFFFFFFFFFFFFFFFFFFFFFFFFFFFFFFFFFFFFFFFFFFFFFFFFFFFFFFFFFFFFFFFFFFFFFFFFFFFFFFFFF
310
FFFFFFFFFFFFFFFFFFFFFFFFFFFFFFFFFF898989FFFFFFFFFF000000FF000000FF000000FF666463FF000000FFFFFFFFFFFFFFFFFFFFFFFFFFFFFFFFFFFFFFFFFFFFFFFFFFFFFFFFFFFFFFFFFFFFFFFFFFB8B6ADFFFFFFFFFFFFFFFFFFFFFFFFFFFFFFFFFFFFFFFFFFFFFFFFFFFFFFFFFFFFFFFFFFFFFFFFFFFFFFFFFFFFFF
310
FFFFFFFFFFFFFFFFFFFFFFFFFFFFFFFFFFFF898989FFFFFFFFFF000000FF000000FFFFFFFFFF000000FF000000FFFFFFFFFFFFFFFFFFFFFFFFFFFFFFFFFFFFFFFFFFFFFFFFFFFFFFFFFFFFFFFFFFFFFFFFFFB8B6ADFFFFFFFFFFFFFFFFFFFFFFFFFFFFFFFFFFFFFFFFFFFFFFFFFFFFFFFFFFFFFFFFFFFFFFFFFFFFFFFFFFFF
310
FFFFFFFFFFFFFFFFFFFFFFFFFFFFFFFFFFFFFF898989FFFFFFFFFF000000FF000000FFFFFFFFFF000000FF000000FFFFFFFFFFFFFFFFFFFFFFFFFFFFFFFFFFFFFFFFFFFFFFFFFFFFFFFFFFFFFFFFFFFFFFFFFFB8B6ADFFFFFFFFFFFFFFFFFFFFFFFFFFFFFFFFFFFFFFFFFFFFFFFFFFFFFFFFFFFFFFFFFFFFFFFFFFFFFFFFFF
310
FFFFFFFFFFFFFFFFFFFFFFFFFFFFFFFFFFFFFFFF898989FFFFFFFFFF000000FF000000FFFFFFFFFF000000FF000000FFFFFFFFFFFFFFFFFFFFFFFFFFFFFFFFFFFFFFFFFFFFFFFFFFFFFFFFFFFFFFFFFFFFFFFFFFB8B6ADFFFFFFFFFFFFFFFFFFFFFFFFFFFFFFFFFFFFFFFFFFFFFFFFFFFFFFFFFFFFFFFFFFFFFFFFFFFFFFFF
310
FFFFFFFFFFFFFFFFFFFFFFFFFFFFFFFFFFFFFFFFFF898989FFFFFFFFFF000000FF000000FFFFFFFFFF000000FF000000FFFFFFFFFFFFFFFFFFFFFFFFFFFFFFFFFFFFFFFFFFFFFFFFFFFFFFFFFFFFFFFFFFFFFFFFFFFFFFFFFFFFFFFFFFFFFFFFFFFFFFFFFFFFFFFFFFFFFFFFFFFFFFFFFFFFFFFFFFFFFFFFFFFFFFFFFFFFFF
310
FFFFFFFFFFFFFFFFFFFFFFFFFFFFFFFFFFFFFFFFFFFFFFFFFFFFFFFFFFFFFFFFFFFFFFFFFFFFFFFFFFFFFFFFFFFFFFFFFFFFFFFFFFFFFFFFFFFFFFFFFFFFFFFFFFFFFFFFFFFFFFFFFFFFFFFFFFFFFFFFFFFFFFFFFFFFFFFFFFFFFFFFFFFFFFFFFFFFFFFFFFFFFFFFFFFFFFFFFFFFFFFFFFFFFFFFFFFFFFFFFFFFFFFFFFFFFF
310
FFFFFFFFFFFFFFFFFFFFFFFFFFFFFFFFFFFFFFFFFFFFFFFFFFFFFFFFFFFFFFFFFFFFFFFFFFFFFFFFFFFFFFFFFFFFFFFFFFFFFFFFFFFFFFFFFFFFFFFFFFFFFFFFFFFFFFFFFFFFFFFFFFFFFFFFFFFFFFFFFFFFFFFFFFFFFFFFFFFFFFFFFFFFFFFFFFFFFFFFFFFFFFFFFFFFFFFFFFFFFFFFFFFFFFFFFFFFFFFFFFFFFFFFFFFFFF
310
FFFFFFFFFFFFFFFFFFFFFFFFFFFFFFFFFFFFFFFFFFFFFFFFFFFFFFFFFFFFFFFFFFFFFFFFFFFFFFFFFFFFFFFFFFFFFFFFFFFFFFFFFFFFFFFFFFFFFFFFFFFFFFFFFFFFFFFFFFFFFFFFFFFFFFFFFFFFFFFFFFFFFFFFFFFFFFFFFFFFFFFFFFFFFFFFFFFFFFFFFFFFFFFFFFFFFFFFFFFFFFFFFFFFFFFFFFFFFFFFFFFFFFFFFFFFFF
310
FFFFFFFFFFFFFFFFFFFFFFFFFFFFFFFFFFFFFFFFFFFFFFFFFFFFFFFFFFFFFFFFFFFFFFFFFFFFFFFFFFFFFFFFFFFFFFFFFFFFFFFFFFFFFFFFFFFFFFFFFFFFFFFFFFFFFFFFFFFFFFFFFFFFFFFFFFFFFFFFFFFFFFFFFFFFFFFFFFFFFFFFFFFFFFFFFFFFFFFFFFFFFFFFFFFFFFFFFFFFFFFFFFFFFFFFFFFFFFFFFFFFFFFFFFFFFF
310
FFFFFFFFFFFFFFFFFFFFFFFFFFFFFFFFFFFFFFFFFFFFFFFFFFFFFFFFFFFFFFFFFFFFFFFFFFFFFFFFFFFFFFFFFFFFFFFFFFFFFFFFFFFFFFFFFFFFFFFFFFFFFFFFFFFFFFFFFFFFFFFFFFFFFFFFFFFFFFFFFFFFFFFFFFFFFFFFFFFFFFFFFFFFFFFFFFFFFFFFFFFFFFFFFFFFFFFFFFFFFFFFFFFFFFFFFFFFFFFFFFFFFFFFFFFFFF
310
FFFFFFFFFFFFFFFFFFFFFFFFFFFFFFFFFFFFFFFFFFFFFFFFFFFFFFFFFFFFFFFFFFFFFFFFFFFFFFFFFFFFFFFFFFFFFFFFFFFFFFFFFFFFFFFFFFFFFFFFFFFFFFFFFFFFFFFFFFFFFFFFFFFFFFFFFFFFFFFFFFFFFFFFFFFFFFFFFFFFFFFFFFFFFFFFFFFFFFFFFFFFFFFFFFFFFFFFFFFFFFFFFFFFFFFFFFFFFFFFFFFFFFFFFFFFFF
310
FFFFFFFFFFFFFFFFFFFFFFFFFFFFFFFFFFFFFFFFFFFFFFFFFFFFFFFFFFFFFFFFFFFFFFFFFFFFFFFFFFFFFFFFFFFFFFFFFFFFFFFFFFFFFFFFFFFFFFFFFFFFFFFFFFFFFFFFFFFFFFFF
102
{BLKREFS
331
72
102
}
 70
     4
280
     1
281
     0
  0
ENDTAB
  0
ENDSEC
  0
SECTION
  2
BLOCKS
  0
BLOCK
  5
5
330
2
100
AcDbEntity
  8
0
100
AcDbBlockBegin
  2
*Model_Space
 70
     0
 10
0.0
 20
0.0
 30
0.0
  3
*Model_Space
  1

  0
ENDBLK
  5
15
330
2
100
AcDbEntity
  8
0
100
AcDbBlockEnd
  0
BLOCK
  5
1B
330
1A
100
AcDbEntity
 67
     1
  8
0
100
AcDbBlockBegin
  2
*Paper_Space
 70
     0
 10
0.0
 20
0.0
 30
0.0
  3
*Paper_Space
  1

  0
ENDBLK
  5
1C
330
1A
100
AcDbEntity
 67
     1
  8
0
100
AcDbBlockEnd
  0
BLOCK
  5
3E
330
3B
100
AcDbEntity
  8
0
100
AcDbBlockBegin
  2
_OBLIQUE
 70
     0
 10
0.0
 20
0.0
 30
0.0
  3
_OBLIQUE
  1

  0
LINE
  5
3F
330
3B
100
AcDbEntity
  8
0
  6
ByBlock
 62
     0
380
     1
100
AcDbLine
 10
-0.5
 20
-0.5
 30
0.0
 11
0.5
 21
0.5
 31
0.0
  0
ENDBLK
  5
40
330
3B
100
AcDbEntity
  8
0
100
AcDbBlockEnd
  0
BLOCK
  5
47
330
44
100
AcDbEntity
  8
0
100
AcDbBlockBegin
  2
_ArchTick
 70
     0
 10
0.0
 20
0.0
 30
0.0
  3
_ArchTick
  1

  0
LWPOLYLINE
  5
48
330
44
100
AcDbEntity
  8
0
 62
     0
100
AcDbPolyline
 90
        2
 70
     0
 43
0.15
 10
-0.5
 20
-0.5
 10
0.5
 20
0.5
  0
ENDBLK
  5
49
330
44
100
AcDbEntity
  8
0
100
AcDbBlockEnd
  0
BLOCK
  5
34
330
33
100
AcDbEntity
  8
0
100
AcDbBlockBegin
  2
huseyin1_ArchTick
 70
     0
 10
0.0
 20
0.0
 30
0.0
  3
huseyin1_ArchTick
  1

  0
LWPOLYLINE
  5
35
330
33
100
AcDbEntity
  8
0
  6
ByBlock
 62
     0
100
AcDbPolyline
 90
        2
 70
     0
 43
0.15
 10
-0.5
 20
-0.5
 10
0.5
 20
0.5
  0
ENDBLK
  5
36
330
33
100
AcDbEntity
  8
0
100
AcDbBlockEnd
  0
BLOCK
  5
A3
330
A0
100
AcDbEntity
  8
0
100
AcDbBlockBegin
  2
E50 R 12
 70
     0
 10
0.0
 20
0.0
 30
0.0
  3
E50 R 12
  1

  0
HATCH
  5
A4
330
A0
100
AcDbEntity
  8
PROFİL HATCH
100
AcDbHatch
 10
0.0
 20
0.0
 30
0.0
210
0.0
220
0.0
230
1.0
  2
SOLID
 70
     1
 71
     1
 91
        2
 92
        1
 93
       74
 72
     2
 10
1742.678375585034
 20
267.2607587926226
 40
0.250000000000002
 50
315.0000000001566
 51
360.000000000013
 73
     1
 72
     1
 10
1742.928375585034
 20
267.2607587926226
 11
1742.928375585034
 21
267.4071587926205
 72
     2
 10
1742.678375585034
 20
267.4071587926205
 40
0.25
 50
0.0
 51
90.0
 73
     1
 72
     1
 10
1742.678375585034
 20
267.6571587926205
 11
1733.25827558503
 21
267.6571587926205
 72
     2
 10
1733.243383557297
 20
267.8708896070628
 40
0.2142489989057926
 50
86.01426890741384
 51
139.0457566552485
 73
     0
 72
     1
 10
1733.081575585034
 20
267.7304587926242
 11
1731.601598889742
 21
269.21028209733
 72
     2
 10
1731.777644413712
 20
269.386755931546
 40
0.2492690126603852
 50
134.9303857879635
 51
180.0696142122253
 73
     0
 72
     1
 10
1731.52837558504
 20
269.3870587926262
 11
1731.52837558504
 21
272.4799587926295
 72
     2
 10
1731.255437151534
 20
272.4705082647329
 40
0.2731019973591946
 50
1.983081384777529
 51
42.99868434957438
 73
     1
 72
     1
 10
1731.45517558504
 20
272.6567587926306
 11
1730.527952280331
 21
273.5839354879167
 72
     2
 10
1730.3511529432
 20
273.4172157912723
 40
0.2430091826647388
 50
43.31929196104083
 51
136.6731551586375
 73
     1
 72
     1
 10
1730.174375585033
 20
273.5839587926216
 11
1729.747675585036
 21
273.1571587926205
 72
     1
 10
1729.747675585036
 20
273.1571587926205
 11
1729.320852280331
 21
273.5839354879167
 72
     2
 10
1729.144053036882
 20
273.4186371197042
 40
0.2420362018753071
 50
43.07451585491533
 51
136.9179312647522
 73
     1
 72
     1
 10
1728.967275585033
 20
273.5839587926216
 11
1728.540575585037
 21
273.1571587926205
 72
     1
 10
1728.540575585037
 20
273.1571587926205
 11
1728.113752280332
 21
273.5839354879167
 72
     2
 10
1727.936953113652
 20
273.4198018725439
 40
0.2412421792181927
 50
42.87245723750325
 51
137.1199898821826
 73
     1
 72
     1
 10
1727.760175585034
 20
273.5839587926216
 11
1727.333475585037
 21
273.1571587926205
 72
     1
 10
1727.333475585037
 20
273.1571587926205
 11
1726.906652280332
 21
273.5839354879167
 72
     2
 10
1726.729852941468
 20
273.4171895034589
 40
0.2430272197833105
 50
43.32380067964987
 51
136.6686464400533
 73
     1
 72
     1
 10
1726.553075585034
 20
273.5839587926216
 11
1726.126375585038
 21
273.1571587926205
 72
     1
 10
1726.126375585038
 20
273.1571587926205
 11
1725.699552280332
 21
273.5839354879167
 72
     2
 10
1725.522753175014
 20
273.4207328376604
 40
0.2406097019907994
 50
42.70999819736299
 51
137.2824489223136
 73
     1
 72
     1
 10
1725.345975585034
 20
273.5839587926216
 11
1724.919175585033
 21
273.1571587926205
 72
     1
 10
1724.919175585033
 20
273.1571587926205
 11
1724.492475585037
 21
273.5839587926216
 72
     2
 10
1724.323518499494
 20
273.4259892198867
 40
0.2313025781635707
 50
43.07509963407222
 51
91.94313463160041
 73
     1
 72
     1
 10
1724.315675585036
 20
273.6571587926205
 11
1722.878375585031
 21
273.6571587926205
 72
     2
 10
1722.878375585031
 20
273.4071587926205
 40
0.25
 50
90.0
 51
180.0
 73
     1
 72
     1
 10
1722.628375585031
 20
273.4071587926205
 11
1722.628375585031
 21
265.1163587926326
 72
     2
 10
1722.863786558067
 20
265.104227550133
 40
0.2357233405301765
 50
177.0500325549751
 51
262.8080836680195
 73
     1
 72
     1
 10
1722.834275585032
 20
264.8703587926188
 11
1723.622465106484
 21
264.7291403118288
 72
     2
 10
1723.578375585028
 20
264.4830587926166
 40
0.2500000000000397
 50
280.1576999997687
 51
359.999999999974
 73
     0
 72
     1
 10
1723.828375585028
 20
264.4830587926167
 11
1723.828375585028
 21
263.8313587926291
 72
     2
 10
1723.578375585028
 20
263.8313587926292
 40
0.25
 50
0.0000000000260551
 51
79.84230000023129
 73
     0
 72
     1
 10
1723.622465106484
 20
263.585277273417
 11
1722.834275585032
 21
263.444058792627
 72
     2
 10
1722.86338472204
 20
263.2105263686015
 40
0.2353396161477807
 50
97.10510629604693
 51
183.0367774776542
 73
     1
 72
     1
 10
1722.628375585031
 20
263.1980587926278
 11
1722.628375585031
 21
254.9071587926205
 72
     2
 10
1722.878375585031
 20
254.9071587926205
 40
0.25
 50
180.0
 51
270.0
 73
     1
 72
     1
 10
1722.878375585031
 20
254.6571587926205
 11
1724.315675585036
 21
254.6571587926205
 72
     2
 10
1724.315675585036
 20
254.9071587926205
 40
0.25
 50
270.0
 51
315.0000000001473
 73
     1
 72
     1
 10
1724.492452280333
 20
254.7303820973243
 11
1724.919175585033
 21
255.1571587926205
 72
     1
 10
1724.919175585033
 20
255.1571587926205
 11
1725.346008542491
 21
254.730372445099
 72
     2
 10
1725.522775585035
 20
254.8987413934403
 40
0.2441202369644063
 50
223.6061134296657
 51
316.3938865703343
 73
     1
 72
     1
 10
1725.69954262758
 20
254.730372445099
 11
1726.126375585038
 21
255.1571587926205
 72
     1
 10
1726.126375585038
 20
255.1571587926205
 11
1726.553098889738
 21
254.7303820973243
 72
     2
 10
1726.729848325823
 20
254.9098085176515
 40
0.2518614767444135
 50
225.4306215824179
 51
314.5942347896554
 73
     1
 72
     1
 10
1726.906675585035
 20
254.7304587926246
 11
1727.333475585037
 21
255.1571587926205
 72
     1
 10
1727.333475585037
 20
255.1571587926205
 11
1727.760198889737
 21
254.7303820973243
 72
     2
 10
1727.936948459034
 20
254.909194395332
 40
0.2514244382818108
 50
225.3323875096359
 51
314.692468862295
 73
     1
 72
     1
 10
1728.113775585036
 20
254.7304587926242
 11
1728.540575585037
 21
255.1571587926205
 72
     1
 10
1728.540575585037
 20
255.1571587926205
 11
1728.967298889737
 21
254.7303820973243
 72
     2
 10
1729.144048343294
 20
254.9097279735141
 40
0.2518041156113755
 50
225.4177572971955
 51
314.6070990747682
 73
     1
 72
     1
 10
1729.320875585035
 20
254.7304587926242
 11
1729.747675585036
 21
255.1571587926205
 72
     1
 10
1729.747675585036
 20
255.1571587926205
 11
1730.174398889737
 21
254.7303820973243
 72
     2
 10
1730.351148363075
 20
254.9096367774917
 40
0.2517391838536089
 50
225.4031846467526
 51
314.6216717251607
 73
     1
 72
     1
 10
1730.527975585035
 20
254.7304587926242
 11
1731.455152280337
 21
255.6576820973346
 72
     2
 10
1731.27837558504
 20
255.8344587926308
 40
0.2500000000000221
 50
315.000000000152
 51
360.0000000000065
 73
     1
 72
     1
 10
1731.52837558504
 20
255.8344587926308
 11
1731.52837558504
 21
258.9272587926294
 72
     2
 10
1731.801445081947
 20
258.9176409808594
 40
0.2732388194317173
 50
182.0171873095069
 51
223.0198970539495
 73
     0
 72
     1
 10
1731.601675585029
 20
259.1040587926304
 11
1733.081498889734
 21
260.5839354879167
 72
     2
 10
1733.25827558503
 20
260.4071587926205
 40
0.2500000000000422
 50
224.9999999998526
 51
270.0
 73
     0
 72
     1
 10
1733.25827558503
 20
260.6571587926205
 11
1742.678375585603
 21
260.6571584584185
 72
     2
 10
1742.679165000232
 20
260.906369044277
 40
0.2492118361543147
 50
269.8185070062517
 51
360.1815697175296
 73
     1
 72
     1
 10
1742.928375585034
 20
260.9071587926205
 11
1742.928375585034
 21
261.0536587926231
 72
     2
 10
1742.678375585034
 20
261.0536587926231
 40
0.25
 50
359.999999999987
 51
404.9999999998433
 73
     1
 72
     1
 10
1742.855152280331
 20
261.2304354879193
 11
1742.501675585037
 21
261.5839587926216
 72
     2
 10
1742.36438409258
 20
261.5024711441718
 40
0.1596533455677157
 50
30.69071962870284
 51
104.3275146369044
 73
     1
 72
     1
 10
1742.324875585036
 20
261.6571587926205
 11
1731.778375585039
 21
261.6571587926205
 72
     2
 10
1731.778375585039
 20
261.9071587926205
 40
0.25
 50
90.0
 51
180.0
 73
     0
 72
     1
 10
1731.52837558504
 20
261.9071587926205
 11
1731.52837558504
 21
266.4071587926205
 72
     2
 10
1731.778375585039
 20
266.4071587926205
 40
0.25
 50
180.0
 51
270.0
 73
     0
 72
     1
 10
1731.778375585039
 20
266.6571587926205
 11
1742.324875585036
 21
266.6571587926205
 72
     2
 10
1742.323874705883
 20
266.9094442009939
 40
0.2522873937341576
 50
270.227305458418
 51
314.8097789130596
 73
     1
 72
     1
 10
1742.501675585037
 20
266.7304587926242
 11
1742.855152280331
 21
267.0839820973265
 97
        1
330
A7
 92
       16
 93
        8
 72
     2
 10
1724.478375585037
 20
271.9071587926205
 40
0.25
 50
180.0
 51
270.0
 73
     0
 72
     1
 10
1724.478375585037
 20
272.1571587926205
 11
1729.678375585034
 21
272.1571587926205
 72
     2
 10
1729.678375585034
 20
271.9071587926205
 40
0.25
 50
270.0
 51
360.0
 73
     0
 72
     1
 10
1729.928375585034
 20
271.9071587926205
 11
1729.928375585034
 21
256.4071587926205
 72
     2
 10
1729.678375585034
 20
256.4071587926205
 40
0.25
 50
360.0
 51
450.0
 73
     0
 72
     1
 10
1729.678375585034
 20
256.1571587926205
 11
1724.478375585037
 21
256.1571587926205
 72
     2
 10
1724.478375585037
 20
256.4071587926205
 40
0.25
 50
90.0
 51
180.0
 73
     0
 72
     1
 10
1724.228375585036
 20
256.4071587926205
 11
1724.228375585036
 21
271.9071587926205
 97
        1
330
A6
 75
     1
 76
     1
 98
        1
 10
2972.88551307684
 20
689.8879792299773
450
        0
451
        0
460
0.0
461
0.0
452
        0
462
0.0
453
        0
470

1001
GradientColor1ACI
1070
     5
1001
GradientColor2ACI
1070
     2
1001
ACAD
1010
0.0
1020
0.0
1030
0.0
  0
LWPOLYLINE
  5
A6
102
{ACAD_REACTORS
330
A4
102
}
330
A0
100
AcDbEntity
  8
0
100
AcDbPolyline
 90
        8
 70
     1
 43
0.0
 10
1724.228375585036
 20
271.9071587926205
 42
-0.4142135623730951
 10
1724.478375585037
 20
272.1571587926205
 10
1729.678375585034
 20
272.1571587926205
 42
-0.4142135623730951
 10
1729.928375585034
 20
271.9071587926205
 10
1729.928375585034
 20
256.4071587926205
 42
-0.4142135623730951
 10
1729.678375585034
 20
256.1571587926205
 10
1724.478375585037
 20
256.1571587926205
 42
-0.4142135623730951
 10
1724.228375585036
 20
256.4071587926205
  0
LWPOLYLINE
  5
A7
102
{ACAD_REACTORS
330
A4
102
}
330
A0
100
AcDbEntity
  8
0
100
AcDbPolyline
 90
       74
 70
     1
 43
0.0
 10
1742.855152280331
 20
267.0839820973265
 42
0.198912367378959
 10
1742.928375585034
 20
267.2607587926226
 10
1742.928375585034
 20
267.4071587926205
 42
0.4142135623730951
 10
1742.678375585034
 20
267.6571587926205
 10
1733.25827558503
 20
267.6571587926205
 42
-0.2356137571228661
 10
1733.081575585034
 20
267.7304587926242
 10
1731.601598889742
 20
269.21028209733
 42
-0.199543978753291
 10
1731.52837558504
 20
269.3870587926262
 10
1731.52837558504
 20
272.4799587926295
 42
0.1808997652960896
 10
1731.45517558504
 20
272.6567587926306
 10
1730.527952280331
 20
273.5839354879167
 42
0.4314641442962607
 10
1730.174375585033
 20
273.5839587926216
 10
1729.747675585036
 20
273.1571587926205
 10
1729.320852280331
 20
273.5839354879167
 42
0.4340002144077237
 10
1728.967275585033
 20
273.5839587926216
 10
1728.540575585037
 20
273.1571587926205
 10
1728.113752280332
 20
273.5839354879167
 42
0.4360972427995542
 10
1727.760175585034
 20
273.5839587926216
 10
1727.333475585037
 20
273.1571587926205
 10
1726.906652280332
 20
273.5839354879167
 42
0.4314174743948147
 10
1726.553075585034
 20
273.5839587926216
 10
1726.126375585038
 20
273.1571587926205
 10
1725.699552280332
 20
273.5839354879167
 42
0.4377856339995973
 10
1725.345975585034
 20
273.5839587926216
 10
1724.919175585033
 20
273.1571587926205
 10
1724.492475585037
 20
273.5839587926216
 42
0.2165184084597082
 10
1724.315675585036
 20
273.6571587926205
 10
1722.878375585031
 20
273.6571587926205
 42
0.4142135623730951
 10
1722.628375585031
 20
273.4071587926205
 10
1722.628375585031
 20
265.1163587926326
 42
0.3926914725504326
 10
1722.834275585032
 20
264.8703587926188
 10
1723.622465106484
 20
264.7291403118288
 42
-0.3631911781333301
 10
1723.828375585028
 20
264.4830587926167
 10
1723.828375585028
 20
263.8313587926291
 42
-0.3631911781333301
 10
1723.622465106484
 20
263.585277273417
 10
1722.834275585032
 20
263.444058792627
 42
0.3935661141912528
 10
1722.628375585031
 20
263.1980587926278
 10
1722.628375585031
 20
254.9071587926205
 42
0.4142135623730951
 10
1722.878375585031
 20
254.6571587926205
 10
1724.315675585036
 20
254.6571587926205
 42
0.198912367380357
 10
1724.492452280333
 20
254.7303820973243
 10
1724.919175585033
 20
255.1571587926205
 10
1725.346008542491
 20
254.730372445099
 42
0.4285373988986301
 10
1725.69954262758
 20
254.730372445099
 10
1726.126375585038
 20
255.1571587926205
 10
1726.553098889738
 20
254.7303820973243
 42
0.4099444284986186
 10
1726.906675585035
 20
254.7304587926246
 10
1727.333475585037
 20
255.1571587926205
 10
1727.760198889737
 20
254.7303820973243
 42
0.4109461000978513
 10
1728.113775585036
 20
254.7304587926242
 10
1728.540575585037
 20
255.1571587926205
 10
1728.967298889737
 20
254.7303820973243
 42
0.410075562738184
 10
1729.320875585035
 20
254.7304587926242
 10
1729.747675585036
 20
255.1571587926205
 10
1730.174398889737
 20
254.7303820973243
 42
0.4102241260705357
 10
1730.527975585035
 20
254.7304587926242
 10
1731.455152280337
 20
255.6576820973346
 42
0.198912367378959
 10
1731.52837558504
 20
255.8344587926308
 10
1731.52837558504
 20
258.9272587926294
 42
-0.180841667596414
 10
1731.601675585029
 20
259.1040587926304
 10
1733.081498889734
 20
260.5839354879167
 42
-0.1989123673803572
 10
1733.25827558503
 20
260.6571587926205
 10
1742.678375585603
 20
260.6571584584185
 42
0.4160707413704657
 10
1742.928375585034
 20
260.9071587926205
 10
1742.928375585034
 20
261.0536587926231
 42
0.1989123673789588
 10
1742.855152280331
 20
261.2304354879193
 10
1742.501675585037
 20
261.5839587926216
 42
0.3328340486306098
 10
1742.324875585036
 20
261.6571587926205
 10
1731.778375585039
 20
261.6571587926205
 42
-0.4142135623730951
 10
1731.52837558504
 20
261.9071587926205
 10
1731.52837558504
 20
266.4071587926205
 42
-0.4142135623730951
 10
1731.778375585039
 20
266.6571587926205
 10
1742.324875585036
 20
266.6571587926205
 42
0.1970191664056957
 10
1742.501675585037
 20
266.7304587926242
  0
LWPOLYLINE
  5
A8
330
A0
100
AcDbEntity
  8
0
 62
   251
420
  6513766
100
AcDbPolyline
 90
        4
 70
     1
 43
0.0
 10
1722.878375585031
 20
274.1571586260998
 10
1730.527952280332
 20
274.1571586260998
 10
1730.527952280332
 20
273.6602167227143
 10
1722.878375585031
 20
273.6602167227143
  0
HATCH
  5
A9
330
A0
100
AcDbEntity
  8
0
 62
   251
420
  6513766
100
AcDbHatch
 10
0.0
 20
0.0
 30
0.0
210
0.0
220
0.0
230
1.0
  2
SOLID
 70
     1
 71
     0
 91
        1
 92
        1
 93
       10
 72
     1
 10
1730.527952280332
 20
274.1571586260998
 11
1722.878375585031
 21
274.1571586260998
 72
     1
 10
1722.878375585031
 20
274.1571586260998
 11
1722.878375585031
 21
273.6602167227143
 72
     1
 10
1722.878375585031
 20
273.6602167227143
 11
1725.499504573087
 21
273.6602167227143
 72
     2
 10
1725.522753175014
 20
273.4207328376601
 40
0.2406097019909945
 50
264.4552185064043
 51
275.5447814935957
 73
     0
 72
     1
 10
1725.546001776941
 20
273.6602167227143
 11
1727.916990928114
 21
273.6602167227143
 72
     2
 10
1727.936953113652
 20
273.4198018725433
 40
0.2412421792187349
 50
265.2534906646148
 51
274.7465093354928
 73
     0
 72
     1
 10
1727.956915299191
 20
273.6602167227143
 11
1729.129193076327
 21
273.6602167227143
 72
     2
 10
1729.144053036881
 20
273.4186371197052
 40
0.2420362018742161
 50
266.4800768841351
 51
273.5199231159723
 73
     0
 72
     1
 10
1729.158912997436
 20
273.6602167227143
 11
1730.527952280332
 21
273.6602167227143
 72
     1
 10
1730.527952280332
 20
273.6602167227143
 11
1730.527952280332
 21
274.1571586260998
 97
        0
 75
     1
 76
     1
 98
        1
 10
1727.135515277934
 20
273.8379557655062
450
        0
451
        0
460
0.0
461
0.0
452
        0
462
0.0
453
        0
470

1001
GradientColor1ACI
1070
     5
1001
GradientColor2ACI
1070
     2
1001
ACAD
1010
0.0
1020
0.0
1030
0.0
  0
HATCH
  5
AA
330
A0
100
AcDbEntity
  8
0
 62
   251
420
  6513766
100
AcDbHatch
 10
0.0
 20
0.0
 30
0.0
210
0.0
220
0.0
230
1.0
  2
SOLID
 70
     1
 71
     0
 91
        1
 92
        1
 93
       10
 72
     1
 10
1730.527952280332
 20
254.157158959144
 11
1722.878375585031
 21
254.157158959144
 72
     1
 10
1722.878375585031
 20
254.157158959144
 11
1722.878375585031
 21
254.6541008625295
 72
     1
 10
1722.878375585031
 20
254.6541008625295
 11
1725.499504573087
 21
254.6541008625295
 72
     2
 10
1725.522753175014
 20
254.8935847475836
 40
0.2406097019909945
 50
264.4552185064043
 51
275.5447814935957
 73
     1
 72
     1
 10
1725.546001776941
 20
254.6541008625295
 11
1727.916990928114
 21
254.6541008625295
 72
     2
 10
1727.936953113652
 20
254.8945157127004
 40
0.2412421792187349
 50
265.2534906646148
 51
274.7465093354928
 73
     1
 72
     1
 10
1727.956915299191
 20
254.6541008625295
 11
1729.129193076327
 21
254.6541008625295
 72
     2
 10
1729.144053036881
 20
254.8956804655386
 40
0.2420362018742161
 50
266.4800768841351
 51
273.5199231159723
 73
     1
 72
     1
 10
1729.158912997436
 20
254.6541008625295
 11
1730.527952280332
 21
254.6541008625295
 72
     1
 10
1730.527952280332
 20
254.6541008625295
 11
1730.527952280332
 21
254.157158959144
 97
        0
 75
     1
 76
     1
 98
        1
 10
1727.135515277934
 20
254.4763618197376
450
        0
451
        0
460
0.0
461
0.0
452
        0
462
0.0
453
        0
470

1001
GradientColor1ACI
1070
     5
1001
GradientColor2ACI
1070
     2
1001
ACAD
1010
0.0
1020
0.0
1030
0.0
  0
LWPOLYLINE
  5
AB
330
A0
100
AcDbEntity
  8
0
 62
   251
420
  6513766
100
AcDbPolyline
 90
        4
 70
     1
 43
0.0
 10
1722.878375585031
 20
254.157158959144
 10
1730.527952280332
 20
254.157158959144
 10
1730.527952280332
 20
254.6541008625295
 10
1722.878375585031
 20
254.6541008625295
  0
ENDBLK
  5
AC
330
A0
100
AcDbEntity
  8
0
100
AcDbBlockEnd
  0
BLOCK
  5
16A
330
169
100
AcDbEntity
  8
0
100
AcDbBlockBegin
  2
E50 T 04
 70
     0
 10
0.0
 20
0.0
 30
0.0
  3
E50 T 04
  1

  0
HATCH
  5
16B
330
169
100
AcDbEntity
  8
PROFİL HATCH
100
AcDbHatch
 10
0.0
 20
0.0
 30
0.0
210
0.0
220
0.0
230
1.0
  2
SOLID
 70
     1
 71
     1
 91
        2
 92
       16
 93
       12
 72
     1
 10
938.6954602827032
 20
288.9818865462491
 11
913.995460282692
 21
288.9818865462491
 72
     1
 10
913.995460282692
 20
288.9818865462491
 11
890.4954602826919
 21
288.9818865462491
 72
     1
 10
890.4954602826919
 20
288.9818865462491
 11
861.0954602826689
 21
288.9818865462491
 72
     2
 10
861.0954602827272
 20
289.2818865462374
 40
0.2999999999883016
 50
90.00000001111686
 51
180.0000000111277
 73
     0
 72
     1
 10
860.7954602827387
 20
289.2818865462957
 11
860.7954602827387
 21
335.0818865462259
 72
     2
 10
861.0954602827272
 20
335.0818865462841
 40
0.2999999999882448
 50
179.9999999888723
 51
269.9999999888831
 73
     0
 72
     1
 10
861.0954602826689
 20
335.3818865462724
 11
890.4954602826919
 21
335.3818865462724
 72
     1
 10
890.4954602826919
 20
335.3818865462724
 11
913.995460282692
 21
335.3818865462724
 72
     1
 10
913.995460282692
 20
335.3818865462724
 11
938.6954602827032
 21
335.3818865462724
 72
     2
 10
938.6954602826742
 20
335.0818865462547
 40
0.3000000000176897
 50
270.000000005515
 51
360.000000005515
 73
     0
 72
     1
 10
938.995460282692
 20
335.0818865462259
 11
938.995460282692
 21
289.2818865462957
 72
     2
 10
938.6954602826742
 20
289.2818865462668
 40
0.3000000000176897
 50
359.999999994485
 51
449.999999994485
 73
     0
 97
        1
330
16D
 92
        1
 93
      114
 72
     1
 10
851.6954602827038
 20
307.9818865462491
 11
851.9954602826921
 21
307.6818865462608
 72
     1
 10
851.9954602826921
 20
307.6818865462608
 11
858.495460282692
 21
307.6818865462608
 72
     2
 10
858.495460282692
 20
307.1818865462608
 40
0.5
 50
270.0
 51
360.0
 73
     0
 72
     1
 10
858.9954602826921
 20
307.1818865462608
 11
858.9954602826921
 21
302.7504768315755
 72
     1
 10
858.9954602826921
 20
302.7504768315755
 11
859.2954602827377
 21
302.4504768316453
 72
     1
 10
859.2954602827377
 20
302.4504768316453
 11
858.9954602826921
 21
302.1504768315988
 72
     1
 10
858.9954602826921
 20
302.1504768315988
 11
858.9954602826921
 21
297.6818865462608
 72
     2
 10
858.495460282692
 20
297.6818865462608
 40
0.5
 50
0.0000000000065138
 51
90.0
 73
     0
 72
     1
 10
858.495460282692
 20
297.1818865462608
 11
855.995460282692
 21
297.1818865462608
 72
     1
 10
855.995460282692
 20
297.1818865462608
 11
855.995460282692
 21
298.6818865462608
 72
     1
 10
855.995460282692
 20
298.6818865462608
 11
855.7954602827377
 21
298.6818865462608
 72
     2
 10
855.7954602827377
 20
297.6818865462608
 40
1.0
 50
90.0
 51
180.0
 73
     1
 72
     1
 10
854.7954602827378
 20
297.6818865462608
 11
854.7954602827378
 21
295.1818865462608
 72
     2
 10
855.7954602827381
 20
295.1818865462611
 40
1.00000000000034
 50
180.0000000000195
 51
269.9999999999804
 73
     1
 72
     1
 10
855.7954602827377
 20
294.1818865462608
 11
855.995460282692
 21
294.1818865462608
 72
     1
 10
855.995460282692
 20
294.1818865462608
 11
855.995460282692
 21
295.6818865462608
 72
     1
 10
855.995460282692
 20
295.6818865462608
 11
858.495460282692
 21
295.6818865462608
 72
     2
 10
858.495460282692
 20
295.1818865462608
 40
0.5
 50
270.0
 51
360.0
 73
     0
 72
     1
 10
858.9954602826921
 20
295.1818865462608
 11
858.9954602826921
 21
292.4818865462492
 72
     1
 10
858.9954602826921
 20
292.4818865462492
 11
859.2954602827377
 21
292.1818865462608
 72
     1
 10
859.2954602827377
 20
292.1818865462608
 11
858.9954602826921
 21
291.8818865462725
 72
     1
 10
858.9954602826921
 20
291.8818865462725
 11
858.9954602826921
 21
289.1818865462608
 72
     2
 10
858.495460282692
 20
289.1818865462608
 40
0.5
 50
360.0
 51
450.0
 73
     0
 72
     1
 10
858.495460282692
 20
288.6818865462608
 11
855.995460282692
 21
288.6818865462608
 72
     1
 10
855.995460282692
 20
288.6818865462608
 11
855.995460282692
 21
290.1818865462608
 72
     1
 10
855.995460282692
 20
290.1818865462608
 11
855.7954602827377
 21
290.1818865462608
 72
     2
 10
855.7954602827381
 20
289.1818865462605
 40
1.00000000000034
 50
90.00000000001952
 51
179.9999999999804
 73
     1
 72
     1
 10
854.7954602827378
 20
289.1818865462608
 11
854.7954602827378
 21
287.4818865462491
 72
     2
 10
855.0954602826974
 20
287.4818865462205
 40
0.2999999999597094
 50
179.9999999945284
 51
269.9999999945067
 73
     1
 72
     1
 10
855.0954602826688
 20
287.1818865462608
 11
940.4954602826919
 21
287.1818865462608
 72
     2
 10
940.4954602827206
 20
287.4818865462779
 40
0.3000000000171781
 50
269.9999999945283
 51
359.9999999944959
 73
     1
 72
     1
 10
940.7954602827381
 20
287.4818865462491
 11
940.7954602827381
 21
336.8818865462724
 72
     2
 10
940.4954602827206
 20
336.8818865462436
 40
0.3000000000172349
 50
0.0000000055041407
 51
90.00000000547155
 73
     1
 72
     1
 10
940.4954602826919
 20
337.1818865462608
 11
855.0954602826688
 21
337.1818865462608
 72
     2
 10
855.0954602826974
 20
336.8818865463012
 40
0.2999999999595388
 50
90.00000000544984
 51
180.0000000055041
 73
     1
 72
     1
 10
854.7954602827378
 20
336.8818865462724
 11
854.7954602827378
 21
335.1818865462608
 72
     2
 10
855.7954602827377
 20
335.1818865462608
 40
1.0
 50
180.0
 51
270.0
 73
     1
 72
     1
 10
855.7954602827377
 20
334.1818865462608
 11
855.995460282692
 21
334.1818865462608
 72
     1
 10
855.995460282692
 20
334.1818865462608
 11
855.995460282692
 21
335.6818865462608
 72
     1
 10
855.995460282692
 20
335.6818865462608
 11
858.495460282692
 21
335.6818865462608
 72
     2
 10
858.495460282692
 20
335.1818865462608
 40
0.5
 50
270.0
 51
360.0
 73
     0
 72
     1
 10
858.9954602826921
 20
335.1818865462608
 11
858.9954602826921
 21
332.4818865462491
 72
     1
 10
858.9954602826921
 20
332.4818865462491
 11
859.2954602827377
 21
332.1818865462608
 72
     1
 10
859.2954602827377
 20
332.1818865462608
 11
858.9954602826921
 21
331.8818865462724
 72
     1
 10
858.9954602826921
 20
331.8818865462724
 11
858.9954602826921
 21
329.1818865462608
 72
     2
 10
858.495460282692
 20
329.1818865462608
 40
0.5
 50
360.0
 51
450.0
 73
     0
 72
     1
 10
858.495460282692
 20
328.6818865462608
 11
855.995460282692
 21
328.6818865462608
 72
     1
 10
855.995460282692
 20
328.6818865462608
 11
855.995460282692
 21
330.1818865462608
 72
     1
 10
855.995460282692
 20
330.1818865462608
 11
855.7954602827377
 21
330.1818865462608
 72
     2
 10
855.7954602827381
 20
329.1818865462604
 40
1.00000000000034
 50
90.00000000001952
 51
179.9999999999804
 73
     1
 72
     1
 10
854.7954602827378
 20
329.1818865462608
 11
854.7954602827378
 21
326.6818865462608
 72
     2
 10
855.7954602827381
 20
326.681886546261
 40
1.000000000000227
 50
180.000000000013
 51
269.999999999987
 73
     1
 72
     1
 10
855.7954602827377
 20
325.6818865462608
 11
855.995460282692
 21
325.6818865462608
 72
     1
 10
855.995460282692
 20
325.6818865462608
 11
855.995460282692
 21
327.1818865462608
 72
     1
 10
855.995460282692
 20
327.1818865462608
 11
858.495460282692
 21
327.1818865462608
 72
     2
 10
858.495460282692
 20
326.6818865462608
 40
0.4999999999999433
 50
270.0
 51
360.0000000000065
 73
     0
 72
     1
 10
858.9954602826921
 20
326.6818865462608
 11
858.9954602826921
 21
322.2132962609228
 72
     1
 10
858.9954602826921
 20
322.2132962609228
 11
859.2954602827377
 21
321.9132962609344
 72
     1
 10
859.2954602827377
 20
321.9132962609344
 11
858.9954602826921
 21
321.6132962609463
 72
     1
 10
858.9954602826921
 20
321.6132962609463
 11
858.9954602826921
 21
317.1818865462608
 72
     2
 10
858.495460282692
 20
317.1818865462608
 40
0.5
 50
360.0
 51
450.0
 73
     0
 72
     1
 10
858.495460282692
 20
316.6818865462608
 11
851.9954602826921
 21
316.6818865462608
 72
     1
 10
851.9954602826921
 20
316.6818865462608
 11
851.6954602827038
 21
316.3818865462724
 72
     1
 10
851.6954602827038
 20
316.3818865462724
 11
851.3954602827146
 21
316.6818865462608
 72
     1
 10
851.3954602827146
 20
316.6818865462608
 11
846.1542955768461
 21
316.6818865462608
 72
     2
 10
846.1542955768315
 20
316.1818865462753
 40
0.4999999999855051
 50
89.99999999833248
 51
179.9999999983259
 73
     1
 72
     1
 10
845.654295576846
 20
316.1818865462899
 11
845.654295576846
 21
315.888993327482
 72
     2
 10
846.1542955768479
 20
315.888993327477
 40
0.5000000000019327
 50
179.9999999994268
 51
224.9999999994196
 73
     1
 72
     1
 10
845.8007421862497
 20
315.535439936886
 11
846.5078489674423
 21
314.8283331556938
 72
     2
 10
846.8614023580331
 20
315.1818865462912
 40
0.5000000000012501
 50
225.000000000502
 51
270.0000000005341
 73
     1
 72
     1
 10
846.8614023580379
 20
314.6818865462899
 11
847.654295576846
 21
314.6818865462899
 72
     1
 10
847.654295576846
 20
314.6818865462899
 11
847.654295576846
 21
314.9818865462783
 72
     2
 10
847.9542955768343
 20
314.9818865463366
 40
0.2999999999882448
 50
179.9999999888614
 51
269.9999999888614
 73
     0
 72
     1
 10
847.954295576776
 20
315.2818865463248
 11
849.7333637877911
 21
315.2818865462957
 72
     2
 10
849.7333637877913
 20
314.9818865462953
 40
0.3000000000003524
 50
269.9999999999566
 51
326.7666257153044
 73
     0
 72
     1
 10
849.9842973540276
 20
315.1463017078102
 11
850.6161955768481
 21
314.1818865462753
 72
     1
 10
850.6161955768481
 20
314.1818865462753
 11
851.0054602827171
 21
314.1818865462753
 72
     1
 10
851.0054602827171
 20
314.1818865462753
 11
851.295460282717
 21
314.6818865462754
 72
     1
 10
851.295460282717
 20
314.6818865462754
 11
851.585460282717
 21
314.1818865462753
 72
     1
 10
851.585460282717
 20
314.1818865462753
 11
852.805460282717
 21
314.1818865462753
 72
     1
 10
852.805460282717
 20
314.1818865462753
 11
853.095460282717
 21
314.6818865462754
 72
     1
 10
853.095460282717
 20
314.6818865462754
 11
853.3854602827169
 21
314.1818865462753
 72
     1
 10
853.3854602827169
 20
314.1818865462753
 11
854.6054602827169
 21
314.1818865462753
 72
     1
 10
854.6054602827169
 20
314.1818865462753
 11
854.8954602827167
 21
314.6818865462754
 72
     1
 10
854.8954602827167
 20
314.6818865462754
 11
855.1854602827166
 21
314.1818865462753
 72
     1
 10
855.1854602827166
 20
314.1818865462753
 11
856.405460282717
 21
314.1818865462753
 72
     1
 10
856.405460282717
 20
314.1818865462753
 11
856.6954602827166
 21
314.6818865462754
 72
     1
 10
856.6954602827166
 20
314.6818865462754
 11
856.985460282717
 21
314.1818865462753
 72
     1
 10
856.985460282717
 20
314.1818865462753
 11
857.790988169361
 21
314.1818865462753
 72
     1
 10
857.790988169361
 20
314.1818865462753
 11
858.9954602826921
 21
312.0956796496809
 72
     1
 10
858.9954602826921
 20
312.0956796496809
 11
857.595460282717
 21
309.6818865462753
 72
     1
 10
857.595460282717
 20
309.6818865462753
 11
857.305460282717
 21
310.1818865462754
 72
     1
 10
857.305460282717
 20
310.1818865462754
 11
856.085460282717
 21
310.1818865462754
 72
     1
 10
856.085460282717
 20
310.1818865462754
 11
855.795460282717
 21
309.6818865462753
 72
     1
 10
855.795460282717
 20
309.6818865462753
 11
855.5054602827171
 21
310.1818865462754
 72
     1
 10
855.5054602827171
 20
310.1818865462754
 11
854.2854602827171
 21
310.1818865462754
 72
     1
 10
854.2854602827171
 20
310.1818865462754
 11
853.9954602827171
 21
309.6818865462753
 72
     1
 10
853.9954602827171
 20
309.6818865462753
 11
853.7054602827161
 21
310.1818865462754
 72
     1
 10
853.7054602827161
 20
310.1818865462754
 11
852.4754602827169
 21
310.1818865462754
 72
     1
 10
852.4754602827169
 20
310.1818865462754
 11
852.1954602827166
 21
309.6818865462753
 72
     1
 10
852.1954602827166
 20
309.6818865462753
 11
851.905460282717
 21
310.1818865462754
 72
     1
 10
851.905460282717
 20
310.1818865462754
 11
850.6161955768481
 21
310.1818865462462
 72
     1
 10
850.6161955768481
 20
310.1818865462462
 11
849.8954602827147
 21
309.0818865462259
 72
     1
 10
849.8954602827147
 20
309.0818865462259
 11
847.954295576776
 21
309.081886546255
 72
     2
 10
847.9542955768343
 20
309.3818865462432
 40
0.2999999999882448
 50
90.00000001113855
 51
180.0000000111385
 73
     0
 72
     1
 10
847.654295576846
 20
309.3818865463015
 11
847.654295576846
 21
309.6818865462899
 72
     1
 10
847.654295576846
 20
309.6818865462899
 11
846.8614023580379
 21
309.6818865462899
 72
     2
 10
846.8614023580332
 20
309.1818865462885
 40
0.5000000000014211
 50
89.99999999947892
 51
134.9999999994887
 73
     1
 72
     1
 10
846.5078489674423
 20
309.535439936886
 11
845.8007421862497
 21
308.8283331556938
 72
     2
 10
846.1542955768475
 20
308.4747797651028
 40
0.5000000000017324
 50
135.0000000005665
 51
180.0000000005797
 73
     1
 72
     1
 10
845.654295576846
 20
308.4747797650978
 11
845.654295576846
 21
308.1818865462899
 72
     2
 10
846.1542955768461
 20
308.1818865462898
 40
0.5
 50
179.9999999999935
 51
270.0
 73
     1
 72
     1
 10
846.1542955768461
 20
307.6818865462899
 11
851.3954602827146
 21
307.6818865462608
 72
     1
 10
851.3954602827146
 20
307.6818865462608
 11
851.6954602827038
 21
307.9818865462491
 97
        1
330
16C
 75
     0
 76
     1
 98
        1
 10
-89.44352121590464
 20
-1195.276824979345
450
        0
451
        0
460
0.0
461
0.0
452
        0
462
0.0
453
        0
470

1001
ACAD
1010
0.0
1020
0.0
1030
0.0
  0
LWPOLYLINE
  5
16C
102
{ACAD_REACTORS
330
16B
102
}
330
169
100
AcDbEntity
  8
profiller
 48
0.5
370
    -2
100
AcDbPolyline
 90
      114
 70
     1
 43
0.0
 10
851.6954602827038
 20
307.9818865462491
 10
851.9954602826921
 20
307.6818865462608
 10
858.495460282692
 20
307.6818865462608
 42
-0.4142135623730951
 10
858.9954602826921
 20
307.1818865462608
 10
858.9954602826921
 20
302.7504768315755
 10
859.2954602827377
 20
302.4504768316453
 10
858.9954602826921
 20
302.1504768315988
 10
858.9954602826921
 20
297.6818865462608
 42
-0.4142135623730508
 10
858.495460282692
 20
297.1818865462608
 10
855.995460282692
 20
297.1818865462608
 10
855.995460282692
 20
298.6818865462608
 10
855.7954602827377
 20
298.6818865462608
 42
0.4142135623730951
 10
854.7954602827378
 20
297.6818865462608
 10
854.7954602827378
 20
295.1818865462608
 42
0.4142135623728953
 10
855.7954602827377
 20
294.1818865462608
 10
855.995460282692
 20
294.1818865462608
 10
855.995460282692
 20
295.6818865462608
 10
858.495460282692
 20
295.6818865462608
 42
-0.4142135623730951
 10
858.9954602826921
 20
295.1818865462608
 10
858.9954602826921
 20
292.4818865462492
 10
859.2954602827377
 20
292.1818865462608
 10
858.9954602826921
 20
291.8818865462725
 10
858.9954602826921
 20
289.1818865462608
 42
-0.4142135623730951
 10
858.495460282692
 20
288.6818865462608
 10
855.995460282692
 20
288.6818865462608
 10
855.995460282692
 20
290.1818865462608
 10
855.7954602827377
 20
290.1818865462608
 42
0.4142135623728953
 10
854.7954602827378
 20
289.1818865462608
 10
854.7954602827378
 20
287.4818865462491
 42
0.4142135623729288
 10
855.0954602826688
 20
287.1818865462608
 10
940.4954602826919
 20
287.1818865462608
 42
0.4142135623729288
 10
940.7954602827381
 20
287.4818865462491
 10
940.7954602827381
 20
336.8818865462724
 42
0.4142135623729288
 10
940.4954602826919
 20
337.1818865462608
 10
855.0954602826688
 20
337.1818865462608
 42
0.4142135623732619
 10
854.7954602827378
 20
336.8818865462724
 10
854.7954602827378
 20
335.1818865462608
 42
0.4142135623730951
 10
855.7954602827377
 20
334.1818865462608
 10
855.995460282692
 20
334.1818865462608
 10
855.995460282692
 20
335.6818865462608
 10
858.495460282692
 20
335.6818865462608
 42
-0.4142135623730951
 10
858.9954602826921
 20
335.1818865462608
 10
858.9954602826921
 20
332.4818865462491
 10
859.2954602827377
 20
332.1818865462608
 10
858.9954602826921
 20
331.8818865462724
 10
858.9954602826921
 20
329.1818865462608
 42
-0.4142135623730951
 10
858.495460282692
 20
328.6818865462608
 10
855.995460282692
 20
328.6818865462608
 10
855.995460282692
 20
330.1818865462608
 10
855.7954602827377
 20
330.1818865462608
 42
0.4142135623728953
 10
854.7954602827378
 20
329.1818865462608
 10
854.7954602827378
 20
326.6818865462608
 42
0.4142135623729619
 10
855.7954602827377
 20
325.6818865462608
 10
855.995460282692
 20
325.6818865462608
 10
855.995460282692
 20
327.1818865462608
 10
858.495460282692
 20
327.1818865462608
 42
-0.4142135623731395
 10
858.9954602826921
 20
326.6818865462608
 10
858.9954602826921
 20
322.2132962609228
 10
859.2954602827377
 20
321.9132962609344
 10
858.9954602826921
 20
321.6132962609463
 10
858.9954602826921
 20
317.1818865462608
 42
-0.4142135623730951
 10
858.495460282692
 20
316.6818865462608
 10
851.9954602826921
 20
316.6818865462608
 10
851.6954602827038
 20
316.3818865462724
 10
851.3954602827146
 20
316.6818865462608
 10
846.1542955768461
 20
316.6818865462608
 42
0.4142135623730454
 10
845.654295576846
 20
316.1818865462899
 10
845.654295576846
 20
315.888993327482
 42
0.1989123673796328
 10
845.8007421862497
 20
315.535439936886
 10
846.5078489674423
 20
314.8283331556938
 42
0.1989123673798216
 10
846.8614023580379
 20
314.6818865462899
 10
847.654295576846
 20
314.6818865462899
 10
847.654295576846
 20
314.9818865462783
 42
-0.4142135623730951
 10
847.954295576776
 20
315.2818865463248
 10
849.7333637877911
 20
315.2818865462957
 42
-0.2528839598449247
 10
849.9842973540276
 20
315.1463017078102
 10
850.6161955768481
 20
314.1818865462753
 10
851.0054602827171
 20
314.1818865462753
 10
851.295460282717
 20
314.6818865462754
 10
851.585460282717
 20
314.1818865462753
 10
852.805460282717
 20
314.1818865462753
 10
853.095460282717
 20
314.6818865462754
 10
853.3854602827169
 20
314.1818865462753
 10
854.6054602827169
 20
314.1818865462753
 10
854.8954602827167
 20
314.6818865462754
 10
855.1854602827166
 20
314.1818865462753
 10
856.405460282717
 20
314.1818865462753
 10
856.6954602827166
 20
314.6818865462754
 10
856.985460282717
 20
314.1818865462753
 10
857.790988169361
 20
314.1818865462753
 10
858.9954602826921
 20
312.0956796496809
 10
857.595460282717
 20
309.6818865462753
 10
857.305460282717
 20
310.1818865462754
 10
856.085460282717
 20
310.1818865462754
 10
855.795460282717
 20
309.6818865462753
 10
855.5054602827171
 20
310.1818865462754
 10
854.2854602827171
 20
310.1818865462754
 10
853.9954602827171
 20
309.6818865462753
 10
853.7054602827161
 20
310.1818865462754
 10
852.4754602827169
 20
310.1818865462754
 10
852.1954602827166
 20
309.6818865462753
 10
851.905460282717
 20
310.1818865462754
 10
850.6161955768481
 20
310.1818865462462
 10
849.8954602827147
 20
309.0818865462259
 10
847.954295576776
 20
309.081886546255
 42
-0.4142135623730951
 10
847.654295576846
 20
309.3818865463015
 10
847.654295576846
 20
309.6818865462899
 10
846.8614023580379
 20
309.6818865462899
 42
0.198912367379725
 10
846.5078489674423
 20
309.535439936886
 10
845.8007421862497
 20
308.8283331556938
 42
0.1989123673797058
 10
845.654295576846
 20
308.4747797650978
 10
845.654295576846
 20
308.1818865462899
 42
0.4142135623731284
 10
846.1542955768461
 20
307.6818865462899
 10
851.3954602827146
 20
307.6818865462608
  0
LWPOLYLINE
  5
16D
102
{ACAD_REACTORS
330
16B
102
}
330
169
100
AcDbEntity
  8
profiller
 48
0.5
370
    -2
100
AcDbPolyline
 90
       12
 70
     1
 43
0.0
 10
938.6954602827032
 20
288.9818865462491
 10
913.995460282692
 20
288.9818865462491
 10
890.4954602826919
 20
288.9818865462491
 10
861.0954602826689
 20
288.9818865462491
 42
-0.4142135623730955
 10
860.7954602827387
 20
289.2818865462957
 10
860.7954602827387
 20
335.0818865462259
 42
-0.4142135623730896
 10
861.0954602826689
 20
335.3818865462724
 10
890.4954602826919
 20
335.3818865462724
 10
913.995460282692
 20
335.3818865462724
 10
938.6954602827032
 20
335.3818865462724
 42
-0.4142135623730953
 10
938.995460282692
 20
335.0818865462259
 10
938.995460282692
 20
289.2818865462957
 42
-0.4142135623730951
  0
ENDBLK
  5
16E
330
169
100
AcDbEntity
  8
0
100
AcDbBlockEnd
  0
BLOCK
  5
BC
330
B9
100
AcDbEntity
  8
0
100
AcDbBlockBegin
  2
01.03.24
 70
     0
 10
0.0
 20
0.0
 30
0.0
  3
01.03.24
  1

  0
REGION
  5
BD
102
{ACAD_REACTORS
330
C0
102
}
330
B9
100
AcDbEntity
  8
0
100
AcDbModelerGeometry
290
     1
  2
{0B0E81BA-6676-42F0-A77C-61DC2730E42B}
  0
REGION
  5
BE
102
{ACAD_REACTORS
330
C0
102
}
330
B9
100
AcDbEntity
  8
0
100
AcDbModelerGeometry
290
     1
  2
{62BC0E41-3967-4087-A873-2CD8DF602D3E}
  0
REGION
  5
BF
102
{ACAD_REACTORS
330
C0
102
}
330
B9
100
AcDbEntity
  8
0
100
AcDbModelerGeometry
290
     1
  2
{09D3035C-FB40-4E6D-8E2B-60E89881B781}
  0
HATCH
  5
C0
330
B9
100
AcDbEntity
  8
epdm hatch
370
    -2
100
AcDbHatch
 10
0.0
 20
0.0
 30
0.0
210
0.0
220
0.0
230
1.0
  2
ANSI37
 70
     0
 71
     1
 91
        3
 92
       16
 93
        8
 72
     2
 10
3795.962933234244
 20
2631.112572446779
 40
0.2999999999994998
 50
90.0
 51
180.0000000000868
 73
     1
 72
     1
 10
3795.662933234242
 20
2631.112572446778
 11
3795.662933234242
 21
2629.012572446777
 72
     2
 10
3795.962933234243
 20
2629.012572446778
 40
0.3000000000001819
 50
180.0000000001302
 51
269.9999999998263
 73
     1
 72
     1
 10
3795.962933234241
 20
2628.712572446778
 11
3797.362933234242
 21
2628.712572446778
 72
     2
 10
3797.362933234241
 20
2629.012572446777
 40
0.2999999999994998
 50
270.0000000000868
 51
360.0000000000868
 73
     1
 72
     1
 10
3797.662933234241
 20
2629.012572446778
 11
3797.662933234241
 21
2631.112572446778
 72
     2
 10
3797.362933234242
 20
2631.112572446778
 40
0.3000000000001819
 50
359.9999999999566
 51
450.0
 73
     1
 72
     1
 10
3797.362933234242
 20
2631.412572446778
 11
3795.962933234244
 21
2631.412572446778
 97
        1
330
BF
 92
       16
 93
       10
 72
     2
 10
3793.962933234388
 20
2626.612572446778
 40
0.2999999999994998
 50
90.00000000008686
 51
180.0000000000868
 73
     1
 72
     1
 10
3793.662933234388
 20
2626.612572446778
 11
3793.662933234388
 21
2625.959803537588
 72
     2
 10
3793.962933234387
 20
2625.959803537588
 40
0.3000000000006366
 50
180.0000000001737
 51
258.2070198954649
 73
     1
 72
     2
 10
3793.451992936418
 20
2623.512572446757
 40
2.200000000020117
 50
281.7929801042362
 51
316.7054872504426
 73
     0
 72
     2
 10
3796.662933234242
 20
2618.20881317583
 40
6.999999999995226
 50
256.7054872499269
 51
283.2945127500316
 73
     0
 72
     2
 10
3799.873873532064
 20
2623.512572446757
 40
2.200000000019843
 50
223.2945127495254
 51
258.2070198957442
 73
     0
 72
     2
 10
3799.362933234095
 20
2625.959803537588
 40
0.3000000000009162
 50
281.7929801043912
 51
359.9999999998697
 73
     1
 72
     1
 10
3799.662933234097
 20
2625.959803537588
 11
3799.662933234097
 21
2626.612572446777
 72
     2
 10
3799.362933234096
 20
2626.612572446777
 40
0.3000000000001819
 50
0.0000000000868503
 51
89.9999999998263
 73
     1
 72
     1
 10
3799.362933234097
 20
2626.912572446777
 11
3793.962933234387
 21
2626.912572446777
 97
        1
330
BE
 92
        1
 93
       26
 72
     2
 10
3796.662933234241
 20
2618.208813175826
 40
5.000000000000186
 50
214.6744305514062
 51
325.3255694485939
 73
     0
 72
     2
 10
3801.186122300978
 20
2621.33783229794
 40
0.4999999999996188
 50
214.6744305514101
 51
394.6744305514529
 73
     1
 72
     2
 10
3796.662933234248
 20
2618.208813175833
 40
5.999999999989658
 50
34.67443055138248
 51
58.80893612055636
 73
     1
 72
     2
 10
3799.873873532063
 20
2623.51257244676
 40
0.2000000000166437
 50
121.191063880652
 51
270.0000000015633
 73
     0
 72
     1
 10
3799.873873532068
 20
2623.712572446777
 11
3801.362933234095
 21
2623.712572446777
 72
     2
 10
3801.362933234095
 20
2624.012572446777
 40
0.2999999999994998
 50
270.0
 51
360.0000000000869
 73
     1
 72
     1
 10
3801.662933234098
 20
2624.012572446777
 11
3801.662933234096
 21
2628.612572446777
 72
     2
 10
3801.362933234095
 20
2628.612572446777
 40
0.3000000000001819
 50
0.0
 51
90.0
 73
     1
 72
     1
 10
3801.362933234095
 20
2628.912572446778
 11
3798.66293323424
 21
2628.912572446778
 72
     1
 10
3798.66293323424
 20
2628.912572446778
 11
3798.662933234242
 21
2630.51257040832
 72
     1
 10
3798.662933234242
 20
2630.51257040832
 11
3799.062933234241
 21
2630.51257040832
 72
     2
 10
3799.062933234241
 20
2630.91257040832
 40
0.400000000000091
 50
270.0
 51
409.9371731836803
 73
     1
 72
     1
 10
3799.320384121229
 20
2631.218706065814
 11
3797.662933234241
 21
2632.612572446778
 72
     1
 10
3797.662933234241
 20
2632.612572446778
 11
3795.662933234242
 21
2632.612572446778
 72
     1
 10
3795.662933234242
 20
2632.612572446778
 11
3794.005482347252
 21
2631.218706065814
 72
     2
 10
3794.262933234241
 20
2630.912570408321
 40
0.4000000000001517
 50
130.0628268163195
 51
270.0
 73
     1
 72
     1
 10
3794.262933234241
 20
2630.51257040832
 11
3794.662933234241
 21
2630.51257040832
 72
     1
 10
3794.662933234241
 20
2630.51257040832
 11
3794.662933234241
 21
2628.912572446778
 72
     1
 10
3794.662933234241
 20
2628.912572446778
 11
3791.962933234387
 21
2628.912572446778
 72
     2
 10
3791.962933234387
 20
2628.612572446778
 40
0.2999999999994998
 50
90.0
 51
180.0000000000868
 73
     1
 72
     1
 10
3791.662933234388
 20
2628.612572446778
 11
3791.662933234388
 21
2624.012572446777
 72
     2
 10
3791.962933234387
 20
2624.012572446777
 40
0.3000000000001819
 50
180.0
 51
270.0
 73
     1
 72
     1
 10
3791.962933234387
 20
2623.712572446777
 11
3793.451992936417
 21
2623.712572446777
 72
     2
 10
3793.45199293642
 20
2623.51257244676
 40
0.2000000000165052
 50
269.9999999986973
 51
418.8089361202189
 73
     0
 72
     2
 10
3796.662933234237
 20
2618.208813175831
 40
5.999999999992576
 50
121.1910638794774
 51
145.3255694486156
 73
     1
 72
     2
 10
3792.139744167506
 20
2621.33783229794
 40
0.4999999999998634
 50
145.3255694486195
 51
325.3255694485899
 73
     1
 97
        1
330
BD
 75
     1
 76
     1
 52
0.0
 41
0.5
 77
     0
 78
     2
 53
45.0
 43
-24.34566390812506
 44
4.270153686231423
 45
-1.122532015133643
 46
1.122532015133643
 79
     0
 53
135.0
 43
-24.34566390812506
 44
4.270153686231423
 45
-1.122532015133643
 46
-1.122532015133643
 79
     0
 98
        1
 10
-24.34566390812506
 20
4.270153686231423
1001
GradientColor1ACI
1070
     5
1001
GradientColor2ACI
1070
     2
1001
ACAD
1010
0.0
1020
0.0
1030
0.0
  0
ENDBLK
  5
C1
330
B9
100
AcDbEntity
  8
0
100
AcDbBlockEnd
  0
BLOCK
  5
CB
330
C9
100
AcDbEntity
  8
0
100
AcDbBlockBegin
  2
dfvdfvbfgvb
 70
     0
 10
0.0
 20
0.0
 30
0.0
  3
dfvdfvbfgvb
  1

  0
LWPOLYLINE
  5
CC
330
C9
100
AcDbEntity
  8
0
100
AcDbPolyline
 90
       58
 70
     1
 43
0.0
 10
3513.41366226262
 20
2545.382329779637
 42
-0.1989123673797251
 10
3513.060108872024
 20
2545.235883170233
 10
3512.400813837031
 20
2545.235883170234
 42
0.4142135623734835
 10
3512.100813837032
 20
2544.935883170234
 10
3512.100813837032
 20
2540.535883170234
 42
0.4142135623729288
 10
3512.400813837031
 20
2540.235883170233
 10
3513.060108872024
 20
2540.235883170233
 42
-0.198912367379725
 10
3513.41366226262
 20
2540.089436560829
 10
3513.867215653223
 20
2539.635883170257
 10
3515.567215653175
 20
2539.635883170257
 42
0.4142135623727068
 10
3515.867215653222
 20
2539.935883170187
 10
3515.867215653222
 20
2540.235883170233
 10
3516.66010887203
 20
2540.235883170233
 42
-0.198912367379725
 10
3517.013662262626
 20
2540.089436560829
 10
3517.720769043818
 20
2539.382329779637
 42
-0.1989123673770189
 10
3517.867215653222
 20
2539.028776389046
 10
3517.867215653222
 20
2537.235497022027
 42
-0.4142135623731229
 10
3517.567215653222
 20
2536.935497022027
 10
3507.608380359116
 20
2536.935497022027
 42
-0.4142135623730451
 10
3506.608380359115
 20
2537.935497022028
 10
3506.608380359115
 20
2539.435883170234
 42
0.4142135623730951
 10
3505.608380359114
 20
2540.435883170233
 10
3503.367215653245
 20
2540.435883170233
 42
-0.4142135623730951
 10
3502.367215653246
 20
2541.435883170233
 10
3502.367215653246
 20
2544.035883170233
 42
-0.4142135623730951
 10
3503.367215653245
 20
2545.035883170234
 10
3505.608380359114
 20
2545.035883170234
 42
0.4142135623730951
 10
3506.608380359115
 20
2546.035883170234
 10
3506.608380359115
 20
2547.536269318438
 42
-0.4142135623731368
 10
3507.608380359114
 20
2548.536269318437
 10
3512.538788528476
 20
2548.536269318438
 42
0.1989123673796443
 10
3513.953002090848
 20
2549.122055756066
 10
3514.574322434408
 20
2549.743376099625
 42
0.1989123673796789
 10
3514.867215653222
 20
2550.450482880812
 10
3514.867215653229
 20
2552.928490112211
 42
0.065543462815944
 10
3514.764993132097
 20
2553.704947247527
 10
3514.269438174382
 20
2555.554383527661
 42
-0.065543462815235
 10
3514.167215653249
 20
2556.330840662967
 10
3514.167215653249
 20
2558.540925677442
 42
-0.0655434628152217
 10
3514.269438174382
 20
2559.31738281275
 10
3514.558105038287
 20
2560.394702215309
 42
-0.3394542588633927
 10
3515.524030864578
 20
2561.135883170206
 10
3517.210400441867
 20
2561.135883170206
 42
-0.3394542588633935
 10
3518.176326268156
 20
2560.394702215309
 10
3518.464993132062
 20
2559.31738281275
 42
-0.065543462815221
 10
3518.567215653194
 20
2558.540925677442
 10
3518.567215653194
 20
2556.330840662967
 42
-0.0655434628152335
 10
3518.464993132062
 20
2555.554383527661
 10
3517.969438174375
 20
2553.70494724763
 42
0.0655434628144335
 10
3517.867215653242
 20
2552.928490112332
 10
3517.867215653222
 20
2546.442989951425
 42
-0.1989123673796609
 10
3517.720769043818
 20
2546.089436560829
 10
3517.013662262626
 20
2545.382329779637
 42
-0.1989123673797251
 10
3516.66010887203
 20
2545.235883170233
 10
3515.867215653222
 20
2545.235883170233
 10
3515.867215653222
 20
2545.535883170163
 42
0.4142135623730951
 10
3515.567215653175
 20
2545.835883170211
 10
3513.867215653223
 20
2545.835883170211
  0
LWPOLYLINE
  5
CD
330
C9
100
AcDbEntity
  8
0
  6
HIDDEN
 62
   253
 48
0.1
370
    -2
100
AcDbPolyline
 90
       21
 70
     0
 43
0.0
 10
3513.57721171625
 20
2536.644788478478
 42
-0.0599391182428468
 10
3513.953002090848
 20
2536.349710584401
 10
3514.574322434408
 20
2535.728390240841
 42
-0.1989123673796789
 10
3514.867215653222
 20
2535.021283459655
 10
3514.867215653229
 20
2532.543276228257
 42
-0.065543462815944
 10
3514.764993132097
 20
2531.76681909294
 10
3514.269438174382
 20
2529.917382812807
 42
0.065543462815235
 10
3514.167215653249
 20
2529.1409256775
 10
3514.167215653249
 20
2526.930840663024
 42
0.0655434628152217
 10
3514.269438174382
 20
2526.154383527717
 10
3514.558105038287
 20
2525.077064125157
 42
0.3394542588633927
 10
3515.524030864578
 20
2524.33588317026
 10
3517.210400441867
 20
2524.33588317026
 42
0.3394542588633935
 10
3518.176326268156
 20
2525.077064125157
 10
3518.464993132062
 20
2526.154383527717
 42
0.065543462815221
 10
3518.567215653194
 20
2526.930840663024
 10
3518.567215653194
 20
2529.1409256775
 42
0.0655434628152335
 10
3518.464993132062
 20
2529.917382812807
 10
3517.969438174375
 20
2531.766819092836
 42
-0.0655434628144335
 10
3517.867215653242
 20
2532.543276228134
 10
3517.867215653229
 20
2536.854631350854
  0
ENDBLK
  5
CE
330
C9
100
AcDbEntity
  8
0
100
AcDbBlockEnd
  0
BLOCK
  5
D2
330
D0
100
AcDbEntity
  8
0
100
AcDbBlockBegin
  2
4.8 x 25
 70
     0
 10
0.0
 20
0.0
 30
0.0
  3
4.8 x 25
  1

  0
LINE
  5
D3
330
D0
100
AcDbEntity
  8
0
  6
Continuous
 62
     7
370
    15
100
AcDbLine
 10
47.32199783895511
 20
58.45332973159186
 30
0.0
 11
47.32199783895511
 21
59.1033297315919
 31
0.0
  0
LINE
  5
D4
330
D0
100
AcDbEntity
  8
0
  6
Continuous
 62
     7
370
    15
100
AcDbLine
 10
37.82199783895513
 20
59.1033297315919
 30
0.0
 11
37.82199783895513
 21
58.45332973159186
 31
0.0
  0
LINE
  5
D5
330
D0
100
AcDbEntity
  8
0
  6
Continuous
 62
     7
370
    15
100
AcDbLine
 10
47.32199783895511
 20
59.1033297315919
 30
0.0
 11
44.97199783895513
 21
61.45332973159188
 31
0.0
  0
LINE
  5
D6
330
D0
100
AcDbEntity
  8
0
  6
Continuous
 62
     7
370
    15
100
AcDbLine
 10
40.17199783895511
 20
61.45332973159188
 30
0.0
 11
37.82199783895513
 21
59.1033297315919
 31
0.0
  0
LINE
  5
D7
330
D0
100
AcDbEntity
  8
0
  6
Continuous
 62
     7
370
    15
100
AcDbLine
 10
44.97199783895513
 20
61.45332973159188
 30
0.0
 11
44.45238259668446
 21
61.75332973159188
 31
0.0
  0
LINE
  5
D8
330
D0
100
AcDbEntity
  8
0
  6
Continuous
 62
     7
370
    15
100
AcDbLine
 10
40.69161308122579
 20
61.75332973159188
 30
0.0
 11
40.17199783895511
 21
61.45332973159188
 31
0.0
  0
LINE
  5
D9
330
D0
100
AcDbEntity
  8
0
  6
Continuous
 62
     7
370
    15
100
AcDbLine
 10
40.17199783895511
 20
62.85332973159189
 30
0.0
 11
40.69161308122579
 21
62.55332973159188
 31
0.0
  0
LINE
  5
DA
330
D0
100
AcDbEntity
  8
0
  6
Continuous
 62
     7
370
    15
100
AcDbLine
 10
44.45238259668446
 20
62.55332973159188
 30
0.0
 11
44.97199783895513
 21
62.85332973159189
 31
0.0
  0
LINE
  5
DB
330
D0
100
AcDbEntity
  8
0
  6
Continuous
 62
     7
370
    15
100
AcDbLine
 10
40.17199783895511
 20
63.05332973159188
 30
0.0
 11
40.17199783895511
 21
62.85332973159189
 31
0.0
  0
LINE
  5
DC
330
D0
100
AcDbEntity
  8
0
  6
Continuous
 62
     7
370
    15
100
AcDbLine
 10
44.97199783895513
 20
62.85332973159189
 30
0.0
 11
44.97199783895513
 21
63.05332973159188
 31
0.0
  0
LINE
  5
DD
330
D0
100
AcDbEntity
  8
0
  6
Continuous
 62
     7
370
    15
100
AcDbLine
 10
44.97199783895513
 20
63.05332973159188
 30
0.0
 11
44.45238259668446
 21
63.35332973159188
 31
0.0
  0
LINE
  5
DE
330
D0
100
AcDbEntity
  8
0
  6
Continuous
 62
     7
370
    15
100
AcDbLine
 10
40.69161308122579
 20
63.35332973159188
 30
0.0
 11
40.17199783895511
 21
63.05332973159188
 31
0.0
  0
LINE
  5
DF
330
D0
100
AcDbEntity
  8
0
  6
Continuous
 62
     7
370
    15
100
AcDbLine
 10
40.17199783895511
 20
64.45332973159188
 30
0.0
 11
40.69161308122579
 21
64.15332973159188
 31
0.0
  0
LINE
  5
E0
330
D0
100
AcDbEntity
  8
0
  6
Continuous
 62
     7
370
    15
100
AcDbLine
 10
44.45238259668446
 20
64.15332973159188
 30
0.0
 11
44.97199783895513
 21
64.45332973159188
 31
0.0
  0
LINE
  5
E1
330
D0
100
AcDbEntity
  8
0
  6
Continuous
 62
     7
370
    15
100
AcDbLine
 10
40.17199783895511
 20
64.65332973159188
 30
0.0
 11
40.17199783895511
 21
64.45332973159188
 31
0.0
  0
LINE
  5
E2
330
D0
100
AcDbEntity
  8
0
  6
Continuous
 62
     7
370
    15
100
AcDbLine
 10
44.97199783895513
 20
64.45332973159188
 30
0.0
 11
44.97199783895513
 21
64.65332973159188
 31
0.0
  0
LINE
  5
E3
330
D0
100
AcDbEntity
  8
0
  6
Continuous
 62
     7
370
    15
100
AcDbLine
 10
44.97199783895513
 20
64.65332973159188
 30
0.0
 11
44.45238259668446
 21
64.95332973159188
 31
0.0
  0
LINE
  5
E4
330
D0
100
AcDbEntity
  8
0
  6
Continuous
 62
     7
370
    15
100
AcDbLine
 10
40.69161308122579
 20
64.95332973159188
 30
0.0
 11
40.17199783895511
 21
64.65332973159188
 31
0.0
  0
LINE
  5
E5
330
D0
100
AcDbEntity
  8
0
  6
Continuous
 62
     7
370
    15
100
AcDbLine
 10
40.17199783895511
 20
66.05332973159185
 30
0.0
 11
40.69161308122579
 21
65.75332973159189
 31
0.0
  0
LINE
  5
E6
330
D0
100
AcDbEntity
  8
0
  6
Continuous
 62
     7
370
    15
100
AcDbLine
 10
44.45238259668446
 20
65.75332973159189
 30
0.0
 11
44.97199783895513
 21
66.05332973159185
 31
0.0
  0
LINE
  5
E7
330
D0
100
AcDbEntity
  8
0
  6
Continuous
 62
     7
370
    15
100
AcDbLine
 10
40.17199783895511
 20
66.25332973159189
 30
0.0
 11
40.17199783895511
 21
66.05332973159185
 31
0.0
  0
LINE
  5
E8
330
D0
100
AcDbEntity
  8
0
  6
Continuous
 62
     7
370
    15
100
AcDbLine
 10
44.97199783895513
 20
66.05332973159185
 30
0.0
 11
44.97199783895513
 21
66.25332973159189
 31
0.0
  0
LINE
  5
E9
330
D0
100
AcDbEntity
  8
0
  6
Continuous
 62
     7
370
    15
100
AcDbLine
 10
44.97199783895513
 20
66.25332973159189
 30
0.0
 11
44.45238259668446
 21
66.55332973159186
 31
0.0
  0
LINE
  5
EA
330
D0
100
AcDbEntity
  8
0
  6
Continuous
 62
     7
370
    15
100
AcDbLine
 10
40.69161308122579
 20
66.55332973159186
 30
0.0
 11
40.17199783895511
 21
66.25332973159189
 31
0.0
  0
LINE
  5
EB
330
D0
100
AcDbEntity
  8
0
  6
Continuous
 62
     7
370
    15
100
AcDbLine
 10
40.17199783895511
 20
67.65332973159188
 30
0.0
 11
40.69161308122579
 21
67.35332973159187
 31
0.0
  0
LINE
  5
EC
330
D0
100
AcDbEntity
  8
0
  6
Continuous
 62
     7
370
    15
100
AcDbLine
 10
44.45238259668446
 20
67.35332973159187
 30
0.0
 11
44.97199783895513
 21
67.65332973159188
 31
0.0
  0
LINE
  5
ED
330
D0
100
AcDbEntity
  8
0
  6
Continuous
 62
     7
370
    15
100
AcDbLine
 10
40.17199783895511
 20
67.8533297315919
 30
0.0
 11
40.17199783895511
 21
67.65332973159188
 31
0.0
  0
LINE
  5
EE
330
D0
100
AcDbEntity
  8
0
  6
Continuous
 62
     7
370
    15
100
AcDbLine
 10
44.97199783895513
 20
67.65332973159188
 30
0.0
 11
44.97199783895513
 21
67.8533297315919
 31
0.0
  0
LINE
  5
EF
330
D0
100
AcDbEntity
  8
0
  6
Continuous
 62
     7
370
    15
100
AcDbLine
 10
44.97199783895513
 20
67.8533297315919
 30
0.0
 11
44.45238259668446
 21
68.15332973159188
 31
0.0
  0
LINE
  5
F0
330
D0
100
AcDbEntity
  8
0
  6
Continuous
 62
     7
370
    15
100
AcDbLine
 10
40.69161308122579
 20
68.15332973159188
 30
0.0
 11
40.17199783895511
 21
67.8533297315919
 31
0.0
  0
LINE
  5
F1
330
D0
100
AcDbEntity
  8
0
  6
Continuous
 62
     7
370
    15
100
AcDbLine
 10
40.17199783895511
 20
69.25332973159186
 30
0.0
 11
40.69161308122579
 21
68.95332973159188
 31
0.0
  0
LINE
  5
F2
330
D0
100
AcDbEntity
  8
0
  6
Continuous
 62
     7
370
    15
100
AcDbLine
 10
44.45238259668446
 20
68.95332973159188
 30
0.0
 11
44.97199783895513
 21
69.25332973159186
 31
0.0
  0
LINE
  5
F3
330
D0
100
AcDbEntity
  8
0
  6
Continuous
 62
     7
370
    15
100
AcDbLine
 10
40.17199783895511
 20
69.45332973159188
 30
0.0
 11
40.17199783895511
 21
69.25332973159186
 31
0.0
  0
LINE
  5
F4
330
D0
100
AcDbEntity
  8
0
  6
Continuous
 62
     7
370
    15
100
AcDbLine
 10
44.97199783895513
 20
69.25332973159186
 30
0.0
 11
44.97199783895513
 21
69.45332973159188
 31
0.0
  0
LINE
  5
F5
330
D0
100
AcDbEntity
  8
0
  6
Continuous
 62
     7
370
    15
100
AcDbLine
 10
44.97199783895513
 20
69.45332973159188
 30
0.0
 11
44.45238259668446
 21
69.75332973159186
 31
0.0
  0
LINE
  5
F6
330
D0
100
AcDbEntity
  8
0
  6
Continuous
 62
     7
370
    15
100
AcDbLine
 10
40.69161308122579
 20
69.75332973159186
 30
0.0
 11
40.17199783895511
 21
69.45332973159188
 31
0.0
  0
LINE
  5
F7
330
D0
100
AcDbEntity
  8
0
  6
Continuous
 62
     7
370
    15
100
AcDbLine
 10
40.17199783895511
 20
70.85332973159187
 30
0.0
 11
40.69161308122579
 21
70.55332973159187
 31
0.0
  0
LINE
  5
F8
330
D0
100
AcDbEntity
  8
0
  6
Continuous
 62
     7
370
    15
100
AcDbLine
 10
44.45238259668446
 20
70.55332973159187
 30
0.0
 11
44.97199783895513
 21
70.85332973159187
 31
0.0
  0
LINE
  5
F9
330
D0
100
AcDbEntity
  8
0
  6
Continuous
 62
     7
370
    15
100
AcDbLine
 10
40.17199783895511
 20
71.05332973159189
 30
0.0
 11
40.17199783895511
 21
70.85332973159187
 31
0.0
  0
LINE
  5
FA
330
D0
100
AcDbEntity
  8
0
  6
Continuous
 62
     7
370
    15
100
AcDbLine
 10
44.97199783895513
 20
70.85332973159187
 30
0.0
 11
44.97199783895513
 21
71.05332973159189
 31
0.0
  0
LINE
  5
FB
330
D0
100
AcDbEntity
  8
0
  6
Continuous
 62
     7
370
    15
100
AcDbLine
 10
44.97199783895513
 20
71.05332973159189
 30
0.0
 11
44.45238259668446
 21
71.35332973159187
 31
0.0
  0
LINE
  5
FC
330
D0
100
AcDbEntity
  8
0
  6
Continuous
 62
     7
370
    15
100
AcDbLine
 10
40.69161308122579
 20
71.35332973159187
 30
0.0
 11
40.17199783895511
 21
71.05332973159189
 31
0.0
  0
LINE
  5
FD
330
D0
100
AcDbEntity
  8
0
  6
Continuous
 62
     7
370
    15
100
AcDbLine
 10
40.17199783895511
 20
72.45332973159188
 30
0.0
 11
40.69161308122579
 21
72.15332973159187
 31
0.0
  0
LINE
  5
FE
330
D0
100
AcDbEntity
  8
0
  6
Continuous
 62
     7
370
    15
100
AcDbLine
 10
44.45238259668446
 20
72.15332973159187
 30
0.0
 11
44.97199783895513
 21
72.45332973159188
 31
0.0
  0
LINE
  5
FF
330
D0
100
AcDbEntity
  8
0
  6
Continuous
 62
     7
370
    15
100
AcDbLine
 10
40.17199783895511
 20
72.65332973159186
 30
0.0
 11
40.17199783895511
 21
72.45332973159188
 31
0.0
  0
LINE
  5
100
330
D0
100
AcDbEntity
  8
0
  6
Continuous
 62
     7
370
    15
100
AcDbLine
 10
44.97199783895513
 20
72.45332973159188
 30
0.0
 11
44.97199783895513
 21
72.65332973159186
 31
0.0
  0
LINE
  5
101
330
D0
100
AcDbEntity
  8
0
  6
Continuous
 62
     7
370
    15
100
AcDbLine
 10
44.97199783895513
 20
72.65332973159186
 30
0.0
 11
44.45238259668446
 21
72.95332973159188
 31
0.0
  0
LINE
  5
102
330
D0
100
AcDbEntity
  8
0
  6
Continuous
 62
     7
370
    15
100
AcDbLine
 10
40.69161308122579
 20
72.95332973159188
 30
0.0
 11
40.17199783895511
 21
72.65332973159186
 31
0.0
  0
LINE
  5
103
330
D0
100
AcDbEntity
  8
0
  6
Continuous
 62
     7
370
    15
100
AcDbLine
 10
40.17199783895511
 20
74.05332973159189
 30
0.0
 11
40.69161308122579
 21
73.75332973159188
 31
0.0
  0
LINE
  5
104
330
D0
100
AcDbEntity
  8
0
  6
Continuous
 62
     7
370
    15
100
AcDbLine
 10
44.45238259668446
 20
73.75332973159188
 30
0.0
 11
44.97199783895513
 21
74.05332973159189
 31
0.0
  0
LINE
  5
105
330
D0
100
AcDbEntity
  8
0
  6
Continuous
 62
     7
370
    15
100
AcDbLine
 10
40.17199783895511
 20
74.25332973159187
 30
0.0
 11
40.17199783895511
 21
74.05332973159189
 31
0.0
  0
LINE
  5
106
330
D0
100
AcDbEntity
  8
0
  6
Continuous
 62
     7
370
    15
100
AcDbLine
 10
44.97199783895513
 20
74.05332973159189
 30
0.0
 11
44.97199783895513
 21
74.25332973159187
 31
0.0
  0
LINE
  5
107
330
D0
100
AcDbEntity
  8
0
  6
Continuous
 62
     7
370
    15
100
AcDbLine
 10
44.97199783895513
 20
74.25332973159187
 30
0.0
 11
44.45238259668446
 21
74.55332973159189
 31
0.0
  0
LINE
  5
108
330
D0
100
AcDbEntity
  8
0
  6
Continuous
 62
     7
370
    15
100
AcDbLine
 10
40.69161308122579
 20
74.55332973159189
 30
0.0
 11
40.17199783895511
 21
74.25332973159187
 31
0.0
  0
LINE
  5
109
330
D0
100
AcDbEntity
  8
0
  6
Continuous
 62
     7
370
    15
100
AcDbLine
 10
40.17199783895511
 20
75.65332973159186
 30
0.0
 11
40.69161308122579
 21
75.3533297315919
 31
0.0
  0
LINE
  5
10A
330
D0
100
AcDbEntity
  8
0
  6
Continuous
 62
     7
370
    15
100
AcDbLine
 10
44.45238259668446
 20
75.3533297315919
 30
0.0
 11
44.97199783895513
 21
75.65332973159186
 31
0.0
  0
LINE
  5
10B
330
D0
100
AcDbEntity
  8
0
  6
Continuous
 62
     7
370
    15
100
AcDbLine
 10
40.17199783895511
 20
75.85332973159187
 30
0.0
 11
40.17199783895511
 21
75.65332973159186
 31
0.0
  0
LINE
  5
10C
330
D0
100
AcDbEntity
  8
0
  6
Continuous
 62
     7
370
    15
100
AcDbLine
 10
44.97199783895513
 20
75.65332973159186
 30
0.0
 11
44.97199783895513
 21
75.85332973159187
 31
0.0
  0
LINE
  5
10D
330
D0
100
AcDbEntity
  8
0
  6
Continuous
 62
     7
370
    15
100
AcDbLine
 10
44.97199783895513
 20
75.85332973159187
 30
0.0
 11
44.45238259668446
 21
76.15332973159187
 31
0.0
  0
LINE
  5
10E
330
D0
100
AcDbEntity
  8
0
  6
Continuous
 62
     7
370
    15
100
AcDbLine
 10
40.69161308122578
 20
76.15332973159187
 30
0.0
 11
40.17199783895511
 21
75.85332973159187
 31
0.0
  0
LINE
  5
10F
330
D0
100
AcDbEntity
  8
0
  6
Continuous
 62
     7
370
    15
100
AcDbLine
 10
40.17199783895511
 20
77.25332973159187
 30
0.0
 11
40.69161308122579
 21
76.95332973159188
 31
0.0
  0
LINE
  5
110
330
D0
100
AcDbEntity
  8
0
  6
Continuous
 62
     7
370
    15
100
AcDbLine
 10
44.45238259668446
 20
76.95332973159188
 30
0.0
 11
44.97199783895513
 21
77.25332973159187
 31
0.0
  0
LINE
  5
111
330
D0
100
AcDbEntity
  8
0
  6
Continuous
 62
     7
370
    15
100
AcDbLine
 10
40.17199783895511
 20
77.45332973159188
 30
0.0
 11
40.17199783895511
 21
77.25332973159187
 31
0.0
  0
LINE
  5
112
330
D0
100
AcDbEntity
  8
0
  6
Continuous
 62
     7
370
    15
100
AcDbLine
 10
44.97199783895513
 20
77.25332973159187
 30
0.0
 11
44.97199783895513
 21
77.45332973159188
 31
0.0
  0
LINE
  5
113
330
D0
100
AcDbEntity
  8
0
  6
Continuous
 62
     7
370
    15
100
AcDbLine
 10
44.97199783895513
 20
77.45332973159188
 30
0.0
 11
44.45238259668446
 21
77.75332973159187
 31
0.0
  0
LINE
  5
114
330
D0
100
AcDbEntity
  8
0
  6
Continuous
 62
     7
370
    15
100
AcDbLine
 10
40.69161308122579
 20
77.75332973159187
 30
0.0
 11
40.17199783895511
 21
77.45332973159188
 31
0.0
  0
LINE
  5
115
330
D0
100
AcDbEntity
  8
0
  6
Continuous
 62
     7
370
    15
100
AcDbLine
 10
40.17199783895511
 20
78.85332973159187
 30
0.0
 11
40.69161308122579
 21
78.55332973159187
 31
0.0
  0
LINE
  5
116
330
D0
100
AcDbEntity
  8
0
  6
Continuous
 62
     7
370
    15
100
AcDbLine
 10
44.45238259668446
 20
78.55332973159187
 30
0.0
 11
44.97199783895513
 21
78.85332973159187
 31
0.0
  0
LINE
  5
117
330
D0
100
AcDbEntity
  8
0
  6
Continuous
 62
     7
370
    15
100
AcDbLine
 10
40.17199783895511
 20
79.05332973159187
 30
0.0
 11
40.17199783895511
 21
78.85332973159187
 31
0.0
  0
LINE
  5
118
330
D0
100
AcDbEntity
  8
0
  6
Continuous
 62
     7
370
    15
100
AcDbLine
 10
44.97199783895513
 20
78.85332973159187
 30
0.0
 11
44.97199783895513
 21
79.05332973159187
 31
0.0
  0
LINE
  5
119
330
D0
100
AcDbEntity
  8
0
  6
Continuous
 62
     7
370
    15
100
AcDbLine
 10
44.97199783895513
 20
79.05332973159187
 30
0.0
 11
44.45238259668446
 21
79.35332973159187
 31
0.0
  0
LINE
  5
11A
330
D0
100
AcDbEntity
  8
0
  6
Continuous
 62
     7
370
    15
100
AcDbLine
 10
40.69161308122579
 20
79.35332973159187
 30
0.0
 11
40.17199783895511
 21
79.05332973159187
 31
0.0
  0
LINE
  5
11B
330
D0
100
AcDbEntity
  8
0
  6
Continuous
 62
     7
370
    15
100
AcDbLine
 10
40.69161308122579
 20
62.55332973159188
 30
0.0
 11
40.69161308122579
 21
61.75332973159188
 31
0.0
  0
LINE
  5
11C
330
D0
100
AcDbEntity
  8
0
  6
Continuous
 62
     7
370
    15
100
AcDbLine
 10
44.45238259668446
 20
61.75332973159188
 30
0.0
 11
44.45238259668446
 21
62.55332973159188
 31
0.0
  0
LINE
  5
11D
330
D0
100
AcDbEntity
  8
0
  6
Continuous
 62
     7
370
    15
100
AcDbLine
 10
40.69161308122579
 20
64.15332973159188
 30
0.0
 11
40.69161308122579
 21
63.35332973159188
 31
0.0
  0
LINE
  5
11E
330
D0
100
AcDbEntity
  8
0
  6
Continuous
 62
     7
370
    15
100
AcDbLine
 10
44.45238259668446
 20
63.35332973159188
 30
0.0
 11
44.45238259668446
 21
64.15332973159188
 31
0.0
  0
LINE
  5
11F
330
D0
100
AcDbEntity
  8
0
  6
Continuous
 62
     7
370
    15
100
AcDbLine
 10
40.69161308122579
 20
65.75332973159189
 30
0.0
 11
40.69161308122579
 21
64.95332973159188
 31
0.0
  0
LINE
  5
120
330
D0
100
AcDbEntity
  8
0
  6
Continuous
 62
     7
370
    15
100
AcDbLine
 10
44.45238259668446
 20
64.95332973159188
 30
0.0
 11
44.45238259668446
 21
65.75332973159189
 31
0.0
  0
LINE
  5
121
330
D0
100
AcDbEntity
  8
0
  6
Continuous
 62
     7
370
    15
100
AcDbLine
 10
40.69161308122579
 20
67.35332973159187
 30
0.0
 11
40.69161308122579
 21
66.55332973159186
 31
0.0
  0
LINE
  5
122
330
D0
100
AcDbEntity
  8
0
  6
Continuous
 62
     7
370
    15
100
AcDbLine
 10
44.45238259668446
 20
66.55332973159186
 30
0.0
 11
44.45238259668446
 21
67.35332973159187
 31
0.0
  0
LINE
  5
123
330
D0
100
AcDbEntity
  8
0
  6
Continuous
 62
     7
370
    15
100
AcDbLine
 10
40.69161308122579
 20
68.95332973159188
 30
0.0
 11
40.69161308122579
 21
68.15332973159188
 31
0.0
  0
LINE
  5
124
330
D0
100
AcDbEntity
  8
0
  6
Continuous
 62
     7
370
    15
100
AcDbLine
 10
44.45238259668446
 20
68.15332973159188
 30
0.0
 11
44.45238259668446
 21
68.95332973159188
 31
0.0
  0
LINE
  5
125
330
D0
100
AcDbEntity
  8
0
  6
Continuous
 62
     7
370
    15
100
AcDbLine
 10
40.69161308122579
 20
70.55332973159187
 30
0.0
 11
40.69161308122579
 21
69.75332973159186
 31
0.0
  0
LINE
  5
126
330
D0
100
AcDbEntity
  8
0
  6
Continuous
 62
     7
370
    15
100
AcDbLine
 10
44.45238259668446
 20
69.75332973159186
 30
0.0
 11
44.45238259668446
 21
70.55332973159187
 31
0.0
  0
LINE
  5
127
330
D0
100
AcDbEntity
  8
0
  6
Continuous
 62
     7
370
    15
100
AcDbLine
 10
40.69161308122579
 20
72.15332973159187
 30
0.0
 11
40.69161308122579
 21
71.35332973159187
 31
0.0
  0
LINE
  5
128
330
D0
100
AcDbEntity
  8
0
  6
Continuous
 62
     7
370
    15
100
AcDbLine
 10
44.45238259668446
 20
71.35332973159187
 30
0.0
 11
44.45238259668446
 21
72.15332973159187
 31
0.0
  0
LINE
  5
129
330
D0
100
AcDbEntity
  8
0
  6
Continuous
 62
     7
370
    15
100
AcDbLine
 10
40.69161308122579
 20
73.75332973159188
 30
0.0
 11
40.69161308122579
 21
72.95332973159188
 31
0.0
  0
LINE
  5
12A
330
D0
100
AcDbEntity
  8
0
  6
Continuous
 62
     7
370
    15
100
AcDbLine
 10
44.45238259668446
 20
72.95332973159188
 30
0.0
 11
44.45238259668446
 21
73.75332973159188
 31
0.0
  0
LINE
  5
12B
330
D0
100
AcDbEntity
  8
0
  6
Continuous
 62
     7
370
    15
100
AcDbLine
 10
40.69161308122579
 20
75.3533297315919
 30
0.0
 11
40.69161308122579
 21
74.55332973159189
 31
0.0
  0
LINE
  5
12C
330
D0
100
AcDbEntity
  8
0
  6
Continuous
 62
     7
370
    15
100
AcDbLine
 10
44.45238259668446
 20
74.55332973159189
 30
0.0
 11
44.45238259668446
 21
75.3533297315919
 31
0.0
  0
LINE
  5
12D
330
D0
100
AcDbEntity
  8
0
  6
Continuous
 62
     7
370
    15
100
AcDbLine
 10
40.69161308122579
 20
76.95332973159188
 30
0.0
 11
40.69161308122579
 21
76.15332973159187
 31
0.0
  0
LINE
  5
12E
330
D0
100
AcDbEntity
  8
0
  6
Continuous
 62
     7
370
    15
100
AcDbLine
 10
44.45238259668446
 20
76.15332973159187
 30
0.0
 11
44.45238259668446
 21
76.95332973159188
 31
0.0
  0
LINE
  5
12F
330
D0
100
AcDbEntity
  8
0
  6
Continuous
 62
     7
370
    15
100
AcDbLine
 10
40.69161308122579
 20
78.55332973159187
 30
0.0
 11
40.69161308122579
 21
77.75332973159187
 31
0.0
  0
LINE
  5
130
330
D0
100
AcDbEntity
  8
0
  6
Continuous
 62
     7
370
    15
100
AcDbLine
 10
44.45238259668446
 20
77.75332973159187
 30
0.0
 11
44.45238259668446
 21
78.55332973159187
 31
0.0
  0
LINE
  5
131
330
D0
100
AcDbEntity
  8
0
  6
Continuous
 62
     7
370
    15
100
AcDbLine
 10
40.69161308122579
 20
80.08813713207066
 30
0.0
 11
40.69161308122579
 21
79.35332973159187
 31
0.0
  0
LINE
  5
132
330
D0
100
AcDbEntity
  8
0
  6
Continuous
 62
     7
370
    15
100
AcDbLine
 10
44.45238259668446
 20
79.35332973159187
 30
0.0
 11
44.45238259668446
 21
80.08813713207066
 31
0.0
  0
LINE
  5
133
330
D0
100
AcDbEntity
  8
0
  6
Continuous
 62
     7
370
    15
100
AcDbLine
 10
44.45238259668446
 20
80.08813713207066
 30
0.0
 11
42.58183111517918
 21
83.45332973159187
 31
0.0
  0
LINE
  5
134
330
D0
100
AcDbEntity
  8
0
  6
Continuous
 62
     7
370
    15
100
AcDbLine
 10
42.56216456273107
 20
83.45332973159187
 30
0.0
 11
40.69161308122579
 21
80.08813713207066
 31
0.0
  0
LINE
  5
135
330
D0
100
AcDbEntity
  8
0
  6
Continuous
 62
     7
370
    15
100
AcDbLine
 10
47.32199783895511
 20
59.1033297315919
 30
0.0
 11
37.82199783895513
 21
59.1033297315919
 31
0.0
  0
LINE
  5
136
330
D0
100
AcDbEntity
  8
0
  6
Continuous
 62
     7
370
    15
100
AcDbLine
 10
47.32199783895511
 20
58.45332973159186
 30
0.0
 11
37.82199783895513
 21
58.45332973159186
 31
0.0
  0
LINE
  5
137
330
D0
100
AcDbEntity
  8
0
  6
Continuous
 62
     7
370
    15
100
AcDbLine
 10
44.97199783895513
 20
61.45332973159188
 30
0.0
 11
40.17199783895511
 21
61.45332973159188
 31
0.0
  0
LINE
  5
138
330
D0
100
AcDbEntity
  8
0
  6
Continuous
 62
     7
370
    15
100
AcDbLine
 10
40.69161308122579
 20
61.75332973159188
 30
0.0
 11
44.45238259668446
 21
61.75332973159188
 31
0.0
  0
LINE
  5
139
330
D0
100
AcDbEntity
  8
0
  6
Continuous
 62
     7
370
    15
100
AcDbLine
 10
40.69161308122579
 20
62.55332973159188
 30
0.0
 11
44.45238259668446
 21
62.55332973159188
 31
0.0
  0
LINE
  5
13A
330
D0
100
AcDbEntity
  8
0
  6
Continuous
 62
     7
370
    15
100
AcDbLine
 10
40.17199783895511
 20
62.85332973159189
 30
0.0
 11
44.97199783895513
 21
62.85332973159189
 31
0.0
  0
LINE
  5
13B
330
D0
100
AcDbEntity
  8
0
  6
Continuous
 62
     7
370
    15
100
AcDbLine
 10
40.17199783895511
 20
63.05332973159188
 30
0.0
 11
44.97199783895513
 21
63.05332973159188
 31
0.0
  0
LINE
  5
13C
330
D0
100
AcDbEntity
  8
0
  6
Continuous
 62
     7
370
    15
100
AcDbLine
 10
40.69161308122579
 20
63.35332973159188
 30
0.0
 11
44.45238259668446
 21
63.35332973159188
 31
0.0
  0
LINE
  5
13D
330
D0
100
AcDbEntity
  8
0
  6
Continuous
 62
     7
370
    15
100
AcDbLine
 10
40.69161308122579
 20
64.15332973159188
 30
0.0
 11
44.45238259668446
 21
64.15332973159188
 31
0.0
  0
LINE
  5
13E
330
D0
100
AcDbEntity
  8
0
  6
Continuous
 62
     7
370
    15
100
AcDbLine
 10
40.17199783895511
 20
64.45332973159188
 30
0.0
 11
44.97199783895513
 21
64.45332973159188
 31
0.0
  0
LINE
  5
13F
330
D0
100
AcDbEntity
  8
0
  6
Continuous
 62
     7
370
    15
100
AcDbLine
 10
40.17199783895511
 20
64.65332973159188
 30
0.0
 11
44.97199783895513
 21
64.65332973159188
 31
0.0
  0
LINE
  5
140
330
D0
100
AcDbEntity
  8
0
  6
Continuous
 62
     7
370
    15
100
AcDbLine
 10
40.69161308122579
 20
64.95332973159188
 30
0.0
 11
44.45238259668446
 21
64.95332973159188
 31
0.0
  0
LINE
  5
141
330
D0
100
AcDbEntity
  8
0
  6
Continuous
 62
     7
370
    15
100
AcDbLine
 10
40.69161308122579
 20
65.75332973159189
 30
0.0
 11
44.45238259668446
 21
65.75332973159189
 31
0.0
  0
LINE
  5
142
330
D0
100
AcDbEntity
  8
0
  6
Continuous
 62
     7
370
    15
100
AcDbLine
 10
40.17199783895511
 20
66.05332973159185
 30
0.0
 11
44.97199783895513
 21
66.05332973159185
 31
0.0
  0
LINE
  5
143
330
D0
100
AcDbEntity
  8
0
  6
Continuous
 62
     7
370
    15
100
AcDbLine
 10
40.17199783895511
 20
66.25332973159189
 30
0.0
 11
44.97199783895513
 21
66.25332973159189
 31
0.0
  0
LINE
  5
144
330
D0
100
AcDbEntity
  8
0
  6
Continuous
 62
     7
370
    15
100
AcDbLine
 10
40.69161308122579
 20
66.55332973159186
 30
0.0
 11
44.45238259668446
 21
66.55332973159186
 31
0.0
  0
LINE
  5
145
330
D0
100
AcDbEntity
  8
0
  6
Continuous
 62
     7
370
    15
100
AcDbLine
 10
40.69161308122579
 20
67.35332973159187
 30
0.0
 11
44.45238259668446
 21
67.35332973159187
 31
0.0
  0
LINE
  5
146
330
D0
100
AcDbEntity
  8
0
  6
Continuous
 62
     7
370
    15
100
AcDbLine
 10
40.17199783895511
 20
67.65332973159188
 30
0.0
 11
44.97199783895513
 21
67.65332973159188
 31
0.0
  0
LINE
  5
147
330
D0
100
AcDbEntity
  8
0
  6
Continuous
 62
     7
370
    15
100
AcDbLine
 10
40.17199783895511
 20
67.8533297315919
 30
0.0
 11
44.97199783895513
 21
67.8533297315919
 31
0.0
  0
LINE
  5
148
330
D0
100
AcDbEntity
  8
0
  6
Continuous
 62
     7
370
    15
100
AcDbLine
 10
40.69161308122579
 20
68.15332973159188
 30
0.0
 11
44.45238259668446
 21
68.15332973159188
 31
0.0
  0
LINE
  5
149
330
D0
100
AcDbEntity
  8
0
  6
Continuous
 62
     7
370
    15
100
AcDbLine
 10
40.69161308122579
 20
68.95332973159188
 30
0.0
 11
44.45238259668446
 21
68.95332973159188
 31
0.0
  0
LINE
  5
14A
330
D0
100
AcDbEntity
  8
0
  6
Continuous
 62
     7
370
    15
100
AcDbLine
 10
40.17199783895511
 20
69.25332973159186
 30
0.0
 11
44.97199783895513
 21
69.25332973159186
 31
0.0
  0
LINE
  5
14B
330
D0
100
AcDbEntity
  8
0
  6
Continuous
 62
     7
370
    15
100
AcDbLine
 10
40.17199783895511
 20
69.45332973159188
 30
0.0
 11
44.97199783895513
 21
69.45332973159188
 31
0.0
  0
LINE
  5
14C
330
D0
100
AcDbEntity
  8
0
  6
Continuous
 62
     7
370
    15
100
AcDbLine
 10
40.69161308122579
 20
69.75332973159186
 30
0.0
 11
44.45238259668446
 21
69.75332973159186
 31
0.0
  0
LINE
  5
14D
330
D0
100
AcDbEntity
  8
0
  6
Continuous
 62
     7
370
    15
100
AcDbLine
 10
40.69161308122579
 20
70.55332973159187
 30
0.0
 11
44.45238259668446
 21
70.55332973159187
 31
0.0
  0
LINE
  5
14E
330
D0
100
AcDbEntity
  8
0
  6
Continuous
 62
     7
370
    15
100
AcDbLine
 10
40.17199783895511
 20
70.85332973159187
 30
0.0
 11
44.97199783895513
 21
70.85332973159187
 31
0.0
  0
LINE
  5
14F
330
D0
100
AcDbEntity
  8
0
  6
Continuous
 62
     7
370
    15
100
AcDbLine
 10
40.17199783895511
 20
71.05332973159189
 30
0.0
 11
44.97199783895513
 21
71.05332973159189
 31
0.0
  0
LINE
  5
150
330
D0
100
AcDbEntity
  8
0
  6
Continuous
 62
     7
370
    15
100
AcDbLine
 10
40.69161308122579
 20
71.35332973159187
 30
0.0
 11
44.45238259668446
 21
71.35332973159187
 31
0.0
  0
LINE
  5
151
330
D0
100
AcDbEntity
  8
0
  6
Continuous
 62
     7
370
    15
100
AcDbLine
 10
40.69161308122579
 20
72.15332973159187
 30
0.0
 11
44.45238259668446
 21
72.15332973159187
 31
0.0
  0
LINE
  5
152
330
D0
100
AcDbEntity
  8
0
  6
Continuous
 62
     7
370
    15
100
AcDbLine
 10
40.17199783895511
 20
72.45332973159188
 30
0.0
 11
44.97199783895513
 21
72.45332973159188
 31
0.0
  0
LINE
  5
153
330
D0
100
AcDbEntity
  8
0
  6
Continuous
 62
     7
370
    15
100
AcDbLine
 10
40.17199783895511
 20
72.65332973159186
 30
0.0
 11
44.97199783895513
 21
72.65332973159186
 31
0.0
  0
LINE
  5
154
330
D0
100
AcDbEntity
  8
0
  6
Continuous
 62
     7
370
    15
100
AcDbLine
 10
40.69161308122579
 20
72.95332973159188
 30
0.0
 11
44.45238259668446
 21
72.95332973159188
 31
0.0
  0
LINE
  5
155
330
D0
100
AcDbEntity
  8
0
  6
Continuous
 62
     7
370
    15
100
AcDbLine
 10
40.69161308122579
 20
73.75332973159188
 30
0.0
 11
44.45238259668446
 21
73.75332973159188
 31
0.0
  0
LINE
  5
156
330
D0
100
AcDbEntity
  8
0
  6
Continuous
 62
     7
370
    15
100
AcDbLine
 10
40.17199783895511
 20
74.05332973159189
 30
0.0
 11
44.97199783895513
 21
74.05332973159189
 31
0.0
  0
LINE
  5
157
330
D0
100
AcDbEntity
  8
0
  6
Continuous
 62
     7
370
    15
100
AcDbLine
 10
40.17199783895511
 20
74.25332973159187
 30
0.0
 11
44.97199783895513
 21
74.25332973159187
 31
0.0
  0
LINE
  5
158
330
D0
100
AcDbEntity
  8
0
  6
Continuous
 62
     7
370
    15
100
AcDbLine
 10
40.69161308122579
 20
74.55332973159189
 30
0.0
 11
44.45238259668446
 21
74.55332973159189
 31
0.0
  0
LINE
  5
159
330
D0
100
AcDbEntity
  8
0
  6
Continuous
 62
     7
370
    15
100
AcDbLine
 10
40.69161308122579
 20
75.3533297315919
 30
0.0
 11
44.45238259668446
 21
75.3533297315919
 31
0.0
  0
LINE
  5
15A
330
D0
100
AcDbEntity
  8
0
  6
Continuous
 62
     7
370
    15
100
AcDbLine
 10
40.17199783895511
 20
75.65332973159186
 30
0.0
 11
44.97199783895513
 21
75.65332973159186
 31
0.0
  0
LINE
  5
15B
330
D0
100
AcDbEntity
  8
0
  6
Continuous
 62
     7
370
    15
100
AcDbLine
 10
40.17199783895511
 20
75.85332973159187
 30
0.0
 11
44.97199783895513
 21
75.85332973159187
 31
0.0
  0
LINE
  5
15C
330
D0
100
AcDbEntity
  8
0
  6
Continuous
 62
     7
370
    15
100
AcDbLine
 10
40.69161308122578
 20
76.15332973159187
 30
0.0
 11
44.45238259668446
 21
76.15332973159187
 31
0.0
  0
LINE
  5
15D
330
D0
100
AcDbEntity
  8
0
  6
Continuous
 62
     7
370
    15
100
AcDbLine
 10
40.69161308122579
 20
76.95332973159188
 30
0.0
 11
44.45238259668446
 21
76.95332973159188
 31
0.0
  0
LINE
  5
15E
330
D0
100
AcDbEntity
  8
0
  6
Continuous
 62
     7
370
    15
100
AcDbLine
 10
40.17199783895511
 20
77.25332973159187
 30
0.0
 11
44.97199783895513
 21
77.25332973159187
 31
0.0
  0
LINE
  5
15F
330
D0
100
AcDbEntity
  8
0
  6
Continuous
 62
     7
370
    15
100
AcDbLine
 10
40.17199783895511
 20
77.45332973159188
 30
0.0
 11
44.97199783895513
 21
77.45332973159188
 31
0.0
  0
LINE
  5
160
330
D0
100
AcDbEntity
  8
0
  6
Continuous
 62
     7
370
    15
100
AcDbLine
 10
40.69161308122579
 20
77.75332973159187
 30
0.0
 11
44.45238259668446
 21
77.75332973159187
 31
0.0
  0
LINE
  5
161
330
D0
100
AcDbEntity
  8
0
  6
Continuous
 62
     7
370
    15
100
AcDbLine
 10
40.69161308122579
 20
78.55332973159187
 30
0.0
 11
44.45238259668446
 21
78.55332973159187
 31
0.0
  0
LINE
  5
162
330
D0
100
AcDbEntity
  8
0
  6
Continuous
 62
     7
370
    15
100
AcDbLine
 10
40.17199783895511
 20
78.85332973159187
 30
0.0
 11
44.97199783895513
 21
78.85332973159187
 31
0.0
  0
LINE
  5
163
330
D0
100
AcDbEntity
  8
0
  6
Continuous
 62
     7
370
    15
100
AcDbLine
 10
40.17199783895511
 20
79.05332973159187
 30
0.0
 11
44.97199783895513
 21
79.05332973159187
 31
0.0
  0
LINE
  5
164
330
D0
100
AcDbEntity
  8
0
  6
Continuous
 62
     7
370
    15
100
AcDbLine
 10
40.69161308122579
 20
79.35332973159187
 30
0.0
 11
44.45238259668446
 21
79.35332973159187
 31
0.0
  0
LINE
  5
165
330
D0
100
AcDbEntity
  8
0
  6
Continuous
 62
     7
370
    15
100
AcDbLine
 10
44.45238259668446
 20
80.08813713207066
 30
0.0
 11
40.69161308122579
 21
80.08813713207066
 31
0.0
  0
LINE
  5
166
330
D0
100
AcDbEntity
  8
0
  6
Continuous
 62
     7
370
    15
100
AcDbLine
 10
42.56216456273107
 20
83.45332973159187
 30
0.0
 11
42.58183111517918
 21
83.45332973159187
 31
0.0
  0
ENDBLK
  5
167
330
D0
100
AcDbEntity
  8
0
100
AcDbBlockEnd
  0
BLOCK
  5
74
330
73
100
AcDbEntity
  8
0
100
AcDbBlockBegin
  2
yatay orta
 70
     0
 10
0.0
 20
0.0
 30
0.0
  3
yatay orta
  1

  0
WIPEOUT
  5
75
330
73
100
AcDbEntity
  8
0
160
               140
310
8C000000010000008400000006000000050000000000000000003E40FEBFDACF644E51C00000000000000000FE279316FB016940FEBFDACF644E51C00000000000000000FE279316FB016940FD7F70A24329504000000000000000000000000000003E40FD7F70A24329504000000000000000000000000000003E40FEBFDA
310
CF644E51C00000000000000000
100
AcDbWipeout
 90
        0
 10
30.0
 20
-105.4171473289025
 30
0.0
 11
170.0619004129548
 21
0.0
 31
0.0
 12
0.0
 22
170.0619004129548
 32
0.0
 13
1.0
 23
1.0
340
0
 70
     7
280
     1
281
    50
282
    50
283
     0
290
     0
360
0
 71
     2
 91
        5
 14
-0.5
 24
0.2871819368769808
 14
0.5
 24
0.2871819368769808
 14
0.5
 24
-0.5
 14
-0.5
 24
-0.5
 14
-0.5
 24
0.2871819368769808
  0
LWPOLYLINE
  5
76
330
73
100
AcDbEntity
  8
0
370
    -2
100
AcDbPolyline
 90
        4
 70
     0
 43
0.0
 10
164.3019004129454
 20
-68.89724380068947
 10
164.3019004129454
 20
-9.984511046204717
 10
168.3019004129454
 20
-9.984511046204717
 10
168.3019004129454
 20
-68.89724380068947
  0
LWPOLYLINE
  5
77
330
73
100
AcDbEntity
  8
0
370
    -2
100
AcDbPolyline
 90
        5
 70
     0
 43
0.0
 10
193.0619004129548
 20
-68.89724380068947
 10
193.0619004129548
 20
-9.984511046204717
 91
        1
 10
198.0619004129548
 20
-9.984511046204717
 91
        2
 10
199.0619004129548
 20
-10.98451104620471
 10
199.0619004129548
 20
-68.89724380068947
  0
HATCH
  5
78
330
73
100
AcDbEntity
  8
epdm hatch
370
    -2
100
AcDbHatch
 10
0.0
 20
0.0
 30
0.0
210
0.0
220
0.0
230
1.0
  2
PLASTI
 70
     0
 71
     0
 91
        2
 92
        7
 72
     1
 73
     1
 93
       50
 10
173.903066833227
 20
4.515489351120777
 42
0.4142135623730951
 10
173.403066833227
 20
4.015489351120777
 42
0.0
 10
173.403066833227
 20
3.315489351167343
 42
-0.4142135623730951
 10
172.403066833227
 20
2.315489351167343
 42
0.0
 10
171.0030668332328
 20
2.315489351167343
 42
0.0
 10
171.0030668332328
 20
2.815489351167343
 42
0.0
 10
170.5030668332329
 20
2.815489351167343
 42
0.4142135623730951
 10
169.5030668332329
 20
1.815489351167342
 42
0.0
 10
169.5030668332329
 20
1.315489351167342
 42
0.4142135623730951
 10
170.0030668332328
 20
0.8154893511673433
 42
0.0
 10
173.403066833227
 20
0.8154893511673433
 42
0.0
 10
173.403066833227
 20
-0.7845106489257887
 42
0.0
 10
170.0030668332328
 20
-0.7845106489257887
 42
0.4142135623730951
 10
169.5030668332329
 20
-1.284510648925788
 42
0.0
 10
169.5030668332329
 20
-1.784510648925787
 42
0.4142135623730951
 10
170.5030668332329
 20
-2.784510648925787
 42
0.0
 10
171.0030668332328
 20
-2.784510648925787
 42
0.0
 10
171.0030668332328
 20
-2.284510648925788
 42
0.0
 10
172.403066833227
 20
-2.284510648925788
 42
-0.4142135623730951
 10
173.403066833227
 20
-3.284510648925787
 42
0.0
 10
173.403066833227
 20
-3.984510648879221
 42
0.4142135623730951
 10
173.903066833227
 20
-4.484510648879221
 42
0.0
 10
184.1619021273363
 20
-4.484510648879221
 42
0.4142135623730951
 10
184.6619021273363
 20
-3.984510648879221
 42
0.0
 10
184.6619021273363
 20
-3.691617430066798
 42
0.1989123673796585
 10
184.5154555179324
 20
-3.338064039471646
 42
0.0
 10
183.8083487367403
 20
-2.630957258286798
 42
0.1989123673796584
 10
183.4547953461442
 20
-2.484510648879221
 42
0.0
 10
182.6619021273364
 20
-2.484510648879221
 42
0.0
 10
182.6619021273364
 20
-2.784510648896683
 42
-0.4142135623730943
 10
182.3619021273771
 20
-3.084510648855939
 42
0.0
 10
180.6619021273363
 20
-3.084510648855939
 42
0.0
 10
180.2083487367636
 20
-2.630957258286798
 42
0.1989123673796573
 10
179.8547953461675
 20
-2.484510648879221
 42
0.0
 10
179.3619021273625
 20
-2.484510648879221
 42
-0.4142135623730951
 10
179.0619021273305
 20
-2.184510648847207
 42
0.0
 10
179.0619021273305
 20
2.215489351088763
 42
-0.4142135623730951
 10
179.3619021273625
 20
2.515489351120776
 42
0.0
 10
179.8547953461675
 20
2.515489351120776
 42
0.1989123673796581
 10
180.2083487367636
 20
2.661935960528353
 42
0.0
 10
180.6619021273363
 20
3.115489351097493
 42
0.0
 10
182.3619021273771
 20
3.115489351097493
 42
-0.4142135623730952
 10
182.6619021273364
 20
2.815489351138238
 42
0.0
 10
182.6619021273364
 20
2.515489351120776
 42
0.0
 10
183.4547953461442
 20
2.515489351120776
 42
0.1989123673796578
 10
183.8083487367403
 20
2.661935960528353
 42
0.0
 10
184.5154555179324
 20
3.369042741713201
 42
0.1989123673796584
 10
184.6619021273363
 20
3.722596132308353
 42
0.0
 10
184.6619021273363
 20
4.015489351120777
 42
0.4142135623730951
 10
184.1619021273363
 20
4.515489351120777
 42
0.0
 97
        0
 92
       22
 72
     1
 73
     1
 93
        8
 10
175.903066833227
 20
2.515489351120776
 42
0.0
 10
176.5619021273305
 20
2.515489351120776
 42
-0.4142135623730951
 10
177.0619021273305
 20
2.015489351120776
 42
0.0
 10
177.0619021273305
 20
-1.984510648879221
 42
-0.4142135623730951
 10
176.5619021273305
 20
-2.484510648879221
 42
0.0
 10
175.903066833227
 20
-2.484510648879221
 42
-0.4142135623730951
 10
175.403066833227
 20
-1.984510648879221
 42
0.0
 10
175.403066833227
 20
2.015489351120776
 42
-0.4142135623731159
 97
        0
 75
     1
 76
     1
 52
0.0
 41
0.3
 77
     0
 78
     4
 53
0.0
 43
-4387.302592101579
 44
-3319.58052947477
 45
0.0
 46
1.904999999999999
 79
     0
 53
0.0
 43
-4387.302592101579
 44
-3319.342404474854
 45
0.0
 46
1.904999999999999
 79
     0
 53
0.0
 43
-4387.302592101579
 44
-3319.104279474821
 45
0.0
 46
1.904999999999999
 79
     0
 53
0.0
 43
-4387.302592101579
 44
-3318.38990447484
 45
0.0
 46
1.904999999999999
 79
     0
 47
0.0262004560638794
 98
        2
 10
175.7331609727989
 20
3.187871013302356
 10
175.7331609727989
 20
3.187871013302356
1001
GradientColor1ACI
1070
     5
1001
GradientColor2ACI
1070
     2
1001
ACAD
1010
0.0
1020
0.0
1030
0.0
  0
LWPOLYLINE
  5
7C
330
73
100
AcDbEntity
  8
aksesuarlar
 62
     7
370
    -2
100
AcDbPolyline
 90
       50
 70
     1
 43
0.0
 10
184.6619021273363
 20
3.722596132312901
 42
-0.198912367379658
 10
184.5154555179324
 20
3.369042741716838
 10
183.8083487367403
 20
2.661935960524715
 42
-0.1989123673798656
 10
183.4547953461442
 20
2.515489351120776
 10
182.6619021273364
 20
2.515489351120776
 10
182.6619021273364
 20
2.815489351167343
 42
0.4142135623726512
 10
182.3619021273479
 20
3.115489351097493
 10
180.6619021273363
 20
3.115489351097493
 10
180.2083487367636
 20
2.661935960524715
 42
-0.1989123673795313
 10
179.8547953461675
 20
2.515489351120776
 10
179.3619021273479
 20
2.515489351120776
 42
0.4142135623733169
 10
179.0619021273305
 20
2.21548935107421
 10
179.0619021273305
 20
-2.184510648832655
 42
0.414213562372873
 10
179.3619021273479
 20
-2.484510648879221
 10
179.8547953461675
 20
-2.484510648879221
 42
-0.1989123673798538
 10
180.2083487367636
 20
-2.63095725828316
 10
180.6619021273363
 20
-3.084510648855939
 10
182.3619021273479
 20
-3.084510648855939
 42
0.4142135623735391
 10
182.6619021273364
 20
-2.784510648925787
 10
182.6619021273364
 20
-2.484510648879221
 10
183.4547953461442
 20
-2.484510648879221
 42
-0.1989123673798538
 10
183.8083487367403
 20
-2.63095725828316
 10
184.5154555179324
 20
-3.338064039475283
 42
-0.198912367379658
 10
184.6619021273363
 20
-3.691617430071346
 10
184.6619021273363
 20
-3.984510648879221
 42
-0.4142135623730951
 10
184.1619021273363
 20
-4.484510648879221
 10
173.903066833227
 20
-4.484510648879221
 42
-0.4142135623730951
 10
173.403066833227
 20
-3.984510648879221
 10
173.403066833227
 20
-3.284510648925787
 42
0.4142135623731618
 10
172.403066833227
 20
-2.284510648925788
 10
171.0030668332328
 20
-2.284510648925788
 10
171.0030668332328
 20
-2.784510648925787
 10
170.5030668332329
 20
-2.784510648925787
 42
-0.4142135623729619
 10
169.5030668332329
 20
-1.784510648925787
 10
169.5030668332329
 20
-1.284510648925788
 42
-0.4142135623730951
 10
170.0030668332328
 20
-0.7845106489257887
 10
173.403066833227
 20
-0.7845106489257887
 10
173.403066833227
 20
0.8154893511673433
 10
170.0030668332328
 20
0.8154893511673433
 42
-0.4142135623732285
 10
169.5030668332329
 20
1.315489351167342
 10
169.5030668332329
 20
1.815489351167342
 42
-0.4142135623730284
 10
170.5030668332329
 20
2.815489351167343
 10
171.0030668332328
 20
2.815489351167343
 10
171.0030668332328
 20
2.315489351167343
 10
172.403066833227
 20
2.315489351167343
 42
0.4142135623730951
 10
173.403066833227
 20
3.315489351167343
 10
173.403066833227
 20
4.015489351120777
 42
-0.4142135623730951
 10
173.903066833227
 20
4.515489351120777
 10
184.1619021273363
 20
4.515489351120777
 42
-0.4142135623730951
 10
184.6619021273363
 20
4.015489351120777
  0
LWPOLYLINE
  5
7F
330
73
100
AcDbEntity
  8
aksesuarlar
 62
     7
370
    -2
100
AcDbPolyline
 90
        8
 70
     1
 43
0.0
 10
175.903066833227
 20
-2.484510648879221
 42
-0.4142135623730712
 10
175.403066833227
 20
-1.984510648879221
 10
175.403066833227
 20
2.015489351120776
 42
-0.4142135623731368
 10
175.903066833227
 20
2.515489351120776
 10
176.5619021273305
 20
2.515489351120776
 42
-0.4142135623730403
 10
177.0619021273305
 20
2.015489351120776
 10
177.0619021273305
 20
-1.984510648879221
 42
-0.414213562373138
 10
176.5619021273305
 20
-2.484510648879221
  0
LINE
  5
80
330
73
100
AcDbEntity
  8
0
370
    -2
100
AcDbLine
 10
168.3019004129454
 20
10.01548895379528
 30
0.0
 11
168.3019004129454
 21
64.64475308405235
 31
0.0
  0
LINE
  5
81
330
73
100
AcDbEntity
  8
0
370
    -2
100
AcDbLine
 10
169.0619004129548
 20
64.64475308405235
 30
0.0
 11
169.0619004129548
 21
10.01548935112078
 31
0.0
  0
LWPOLYLINE
  5
82
330
73
100
AcDbEntity
  8
0
370
    -2
100
AcDbPolyline
 90
        5
 70
     0
 43
0.0
 10
199.0619004129548
 20
64.64475308405235
 10
199.0619004129548
 20
11.01548935112077
 10
198.0619004129548
 20
10.01548935112078
 10
193.0619004129548
 20
10.01548935112078
 10
193.0619004129548
 20
64.64475308405235
  0
HATCH
  5
83
330
73
100
AcDbEntity
  8
0
370
    -2
100
AcDbHatch
 10
0.0
 20
0.0
 30
0.0
210
0.0
220
0.0
230
1.0
  2
ANGLE
 70
     0
 71
     0
 91
        4
 92
        7
 72
     1
 73
     1
 93
        8
 10
196.8730778967292
 20
-3.530702015734276
 42
0.0
 10
188.1740039347642
 20
-3.530702015734276
 42
-0.0468363234833975
 10
187.1859386930009
 20
-6.923268301179633
 42
0.0
 10
187.3289754884026
 20
-7.644762773183174
 42
0.0
 10
188.040313071062
 20
-7.89250677160453
 42
0.0
 10
194.8608006213471
 20
-8.654520244454031
 42
0.0
 10
194.8608006213471
 20
-9.984511046204717
 42
0.0
 10
198.0619004129548
 20
-9.984511046204717
 42
-0.0417824279411222
 97
        0
 92
        7
 72
     1
 73
     1
 93
        7
 10
196.6829172560683
 20
0.0536594587611035
 42
0.0
 10
188.5134462081914
 20
0.0536594587611035
 42
-0.0351949334739939
 10
188.3291469235992
 20
-2.597723895334638
 42
0.0
 10
188.3210273524164
 20
-2.726401495747268
 42
0.0
 10
188.2850809728843
 20
-2.893936645472421
 42
-0.0085495563727633
 10
188.1740039347642
 20
-3.530702015734276
 42
0.0
 10
196.8730778967292
 20
-3.530702015734276
 42
-0.0228256167009968
 97
        0
 92
        7
 72
     1
 73
     1
 93
       10
 10
196.8759048149222
 20
3.975574458483606
 42
0.0
 10
188.1916785629874
 20
3.975574458483606
 42
0.0
 10
188.3210273524164
 20
3.37271906447131
 42
0.0
 10
188.4026509393588
 20
2.07916216610465
 42
-0.0226603498752517
 10
188.5104928529908
 20
0.3701016291743144
 42
0.0
 10
188.5134549518261
 20
0.3231587843038142
 42
0.0
 10
188.511674169742
 20
0.2949372488074005
 42
-0.0031912205160936
 10
188.5134462081914
 20
0.0536594587611035
 42
0.0
 10
196.6829172560683
 20
0.0536594587611035
 42
-0.0017129177083436
 10
196.681857031217
 20
0.3231587843038142
 42
-0.0262352040072234
 97
        0
 92
        7
 72
     1
 73
     1
 93
       23
 10
197.3337688472529
 20
7.013431379338727
 42
0.0
 10
189.2927807780361
 20
7.013431379338727
 42
-0.4142135623730951
 10
189.0963522066158
 20
6.817002807976677
 42
-1.0
 10
189.0963522066158
 20
7.20985995081719
 42
-0.4142135623730951
 10
189.2927807780361
 20
7.013431379338727
 42
0.0
 10
197.3337688472529
 20
7.013431379338727
 42
-0.0221532864751728
 10
198.0619004129548
 20
10.01548935112078
 42
0.0
 10
194.8608006213471
 20
10.01548935112078
 42
0.0
 10
194.8608006213471
 20
9.096775597310623
 42
0.0
 10
194.4828740612429
 20
9.054552057059479
 42
0.0
 10
194.4502732230612
 20
9.042188189923763
 42
0.0
 10
194.3545484180213
 20
9.030565094319172
 42
0.0
 10
192.9089650800015
 20
8.878708345000633
 42
0.0
 10
188.2761924590013
 20
8.36111555888783
 42
0.0
 10
188.2761924590013
 20
8.015489351120777
 42
0.0
 10
188.4761924589984
 20
8.015489351120777
 42
-0.4142135623728089
 10
188.7761924590013
 20
7.715489351190625
 42
0.0
 10
188.7761924590013
 20
6.79651459492743
 42
-0.3952168671334328
 10
188.4957660055515
 20
6.497153815464116
 42
0.0
 10
187.5346921315213
 20
6.434314507641829
 42
0.0
 10
187.9102205614471
 20
5.287364659132435
 42
0.0
 10
188.1916785629874
 20
3.975574458483606
 42
0.0
 10
196.8759048149222
 20
3.975574458483606
 42
-0.0220317519158215
 97
        0
 75
     0
 76
     1
 52
0.0
 41
0.2
 77
     0
 78
     2
 53
0.0
 43
-4380.345172137968
 44
-3333.16324647516
 45
0.0
 46
1.396999999999999
 79
     2
 49
1.016
 49
-0.381
 53
90.0
 43
-4380.345172137968
 44
-3333.16324647516
 45
-1.396999999999999
 46
0.0000000000000001
 79
     2
 49
1.016
 49
-0.381
 47
0.0558016690758643
 98
        4
 10
195.1431937521847
 20
-5.090371244470587
 10
193.3564765745686
 20
-0.737841375754215
 10
193.2448105919902
 20
2.498656942858359
 10
192.965633817017
 20
5.511947976774536
1001
GradientColor1ACI
1070
     5
1001
GradientColor2ACI
1070
     2
1001
ACAD
1010
0.0
1020
0.0
1030
0.0
  0
LWPOLYLINE
  5
84
330
73
100
AcDbEntity
  8
0
370
    -2
100
AcDbPolyline
 90
       18
 70
     1
 43
0.0
 10
196.681857031217
 20
0.3231587843038142
 42
0.0663899927685813
 10
198.0619004129548
 20
-9.984511046204717
 10
194.8608006213471
 20
-9.984511046204717
 10
194.8608006213471
 20
-8.654520244454031
 10
188.040313071062
 20
-7.89250677160453
 10
187.3289754884026
 20
-7.644762773183174
 10
187.1772827944078
 20
-6.879606927395798
 10
187.9102205614471
 20
-4.641047090408391
 10
188.3210273524164
 20
-2.726401495747268
 10
188.5134549518261
 20
0.3231587843038142
 10
188.3210273524164
 20
3.37271906447131
 10
187.9102205614471
 20
5.287364659132435
 10
187.2153854906064
 20
7.409550133510491
 10
187.3501633023115
 20
8.089385317289268
 10
188.0615008849854
 20
8.33712931582704
 10
194.8608006213471
 20
9.096775597310623
 10
194.8608006213471
 20
10.01548935112078
 10
198.0619004129548
 20
10.01548935112078
 42
0.0705236097082928
1001
ACAD_STEPID
1071
        7
  0
HATCH
  5
86
330
73
100
AcDbEntity
  8
epdm hatch
370
    -2
100
AcDbHatch
 10
0.0
 20
0.0
 30
0.0
210
0.0
220
0.0
230
1.0
  2
ANSI37
 70
     0
 71
     0
 91
        2
 92
        7
 72
     1
 73
     1
 93
       48
 10
187.1278869149245
 20
7.139089496107771
 42
-0.4517582074477155
 10
187.9968214165419
 20
8.362693702918477
 42
0.0
 10
194.3545484180213
 20
9.030565094319172
 42
0.0
 10
194.4502732230612
 20
9.042188189923763
 42
0.0
 10
194.5404348503944
 20
9.076381984865292
 42
0.0
 10
194.6197934339288
 20
9.131159260054117
 42
0.0
 10
194.6837369412824
 20
9.203336559236047
 42
0.0
 10
194.728549208201
 20
9.288719200296327
 42
0.0
 10
194.7516259086405
 20
9.382345054298641
 42
0.0
 10
194.7516259086405
 20
9.478772927192039
 42
0.0
 10
194.728549208201
 20
9.572398781194351
 42
0.0
 10
194.6837369412824
 20
9.657781422254625
 42
0.0
 10
194.6197934339288
 20
9.72995872143656
 42
0.0
 10
194.5404348503944
 20
9.784735996625386
 42
0.0
 10
194.4502732230612
 20
9.818929791566915
 42
0.0
 10
194.3545484180213
 20
9.830552887287922
 42
0.0
 10
187.7346533002419
 20
9.830552887287922
 42
0.4196014364148137
 10
184.7351589340978
 20
6.775475234862824
 42
0.0
 10
184.7351589340978
 20
3.315489351167343
 42
-0.4142135623730951
 10
183.7351589340978
 20
2.315489351167343
 42
0.0
 10
182.5141480502643
 20
2.315489351167343
 42
0.0
 10
182.5141480502643
 20
2.91548935114406
 42
0.0
 10
181.9511036621405
 20
2.91548935114406
 42
0.3180171180307995
 10
180.0650503529905
 20
1.580923731918119
 42
0.1712365548921946
 10
180.0650503529905
 20
-1.549945029677473
 42
0.3180171180307689
 10
181.9511036621405
 20
-2.884510648902505
 42
0.0
 10
182.5141480502643
 20
-2.884510648902505
 42
0.0
 10
182.5141480502643
 20
-2.284510648925788
 42
0.0
 10
183.7351589340978
 20
-2.284510648925788
 42
-0.4142135623730951
 10
184.7351589340978
 20
-3.284510648925787
 42
0.0
 10
184.7351589340978
 20
-6.814673750544897
 42
0.4088461371543922
 10
187.7346533001691
 20
-9.759596098097972
 42
0.0
 10
194.3545484180213
 20
-9.759596098097972
 42
0.0
 10
194.4502732230612
 20
-9.747973002493379
 42
0.0
 10
194.5404348503944
 20
-9.713779207551851
 42
0.0
 10
194.6197934339288
 20
-9.659001932363024
 42
0.0
 10
194.6837369412824
 20
-9.586824633181095
 42
0.0
 10
194.728549208201
 20
-9.501441992120817
 42
0.0
 10
194.7516259086405
 20
-9.407816138118503
 42
0.0
 10
194.7516259086405
 20
-9.311388265225103
 42
0.0
 10
194.728549208201
 20
-9.217762411222793
 42
0.0
 10
194.6837369412824
 20
-9.132379770162515
 42
0.0
 10
194.6197934339288
 20
-9.060202470980582
 42
0.0
 10
194.5404348503944
 20
-9.005425195791758
 42
0.0
 10
194.4502732230612
 20
-8.971231400850227
 42
0.0
 10
194.3545484180213
 20
-8.959608305129222
 42
0.0
 10
187.9968214165565
 20
-8.291736913846762
 42
-0.4517582074530697
 10
187.1278869149245
 20
-7.068132707034237
 42
0.1950512235394747
 97
        0
 92
       22
 72
     1
 73
     1
 93
        6
 10
184.714148050276
 20
0.8154893510509282
 42
0.0
 10
184.714148050276
 20
-0.7845106489257887
 42
0.0
 10
182.4641480502759
 20
-0.7845106489257887
 42
-0.4142135623730951
 10
181.964148050276
 20
-0.2845106489257887
 42
0.0
 10
181.964148050276
 20
0.3154893510509282
 42
-0.4142135623730951
 10
182.4641480502759
 20
0.8154893510509282
 42
0.0
 97
        0
 75
     1
 76
     1
 52
0.0
 41
0.5
 77
     0
 78
     2
 53
45.0
 43
-4414.161405256846
 44
-3325.992337933509
 45
-1.122532015133643
 46
1.122532015133643
 79
     0
 53
135.0
 43
-4414.161405256846
 44
-3325.992337933509
 45
-1.122532015133643
 46
-1.122532015133643
 79
     0
 47
0.0258475175361554
 98
        2
 10
186.6410441536718
 20
5.104989855433813
 10
186.6410441536718
 20
5.104989855433813
1001
GradientColor1ACI
1070
     5
1001
GradientColor2ACI
1070
     2
1001
ACAD
1010
0.0
1020
0.0
1030
0.0
  0
LWPOLYLINE
  5
87
330
73
100
AcDbEntity
  8
aksesuarlar
 62
     7
370
    -2
100
AcDbPolyline
 90
        6
 70
     1
 43
0.0
 10
182.4641480502759
 20
-0.7845106489257887
 42
-0.4142135623730951
 10
181.964148050276
 20
-0.2845106489257887
 10
181.964148050276
 20
0.3154893510509282
 42
-0.4142135623730951
 10
182.4641480502759
 20
0.8154893510509282
 10
184.714148050276
 20
0.8154893510509282
 10
184.714148050276
 20
-0.7845106489257887
  0
LWPOLYLINE
  5
88
330
73
100
AcDbEntity
  8
aksesuarlar
 62
     7
370
    -2
100
AcDbPolyline
 90
       49
 70
     0
 43
0.0
 10
184.7351589340978
 20
6.885630539618432
 42
-0.4088461371550978
 10
187.7346533001837
 20
9.830552887287922
 10
194.3545484180213
 20
9.830552887287922
 10
194.4502732230612
 20
9.818929791566915
 10
194.5404348503944
 20
9.784735996625386
 10
194.6197934339288
 20
9.72995872143656
 10
194.6837369412824
 20
9.657781422254625
 10
194.728549208201
 20
9.572398781194351
 10
194.7516259086405
 20
9.478772927192039
 10
194.7516259086405
 20
9.382345054298641
 10
194.728549208201
 20
9.288719200296327
 10
194.6837369412824
 20
9.203336559236047
 10
194.6197934339288
 20
9.131159260054117
 10
194.5404348503944
 20
9.076381984865292
 10
194.4502732230612
 20
9.042188189923763
 10
194.3545484180213
 20
9.030565094319172
 10
187.9968214165419
 20
8.362693702918477
 42
0.4517582074474868
 10
187.1278869149245
 20
7.139089496107771
 42
-0.1950512235394689
 10
187.1278869149245
 20
-7.068132707034237
 42
0.4517582074475154
 10
187.9968214165419
 20
-8.291736913844941
 10
194.3545484180213
 20
-8.959608305129222
 10
194.4502732230612
 20
-8.971231400850227
 10
194.5404348503944
 20
-9.005425195791758
 10
194.6197934339288
 20
-9.060202470980582
 10
194.6837369412824
 20
-9.132379770162515
 10
194.728549208201
 20
-9.217762411222793
 10
194.7516259086405
 20
-9.311388265225103
 10
194.7516259086405
 20
-9.407816138118503
 10
194.728549208201
 20
-9.501441992120817
 10
194.6837369412824
 20
-9.586824633181095
 10
194.6197934339288
 20
-9.659001932363024
 10
194.5404348503944
 20
-9.713779207551851
 10
194.4502732230612
 20
-9.747973002493379
 10
194.3545484180213
 20
-9.759596098097972
 10
187.7346533001837
 20
-9.759596098097972
 42
-0.40884613715512
 10
184.7351589340978
 20
-6.814673750544897
 10
184.7351589340978
 20
-3.284510648925787
 42
0.4142135623730951
 10
183.7351589340978
 20
-2.284510648925788
 10
182.5141480502643
 20
-2.284510648925788
 10
182.5141480502643
 20
-2.884510648902505
 10
181.9511036621261
 20
-2.884510648902505
 42
-0.3180171180316686
 10
180.0650503529905
 20
-1.549945029662921
 42
-0.1712365548905705
 10
180.0650503529905
 20
1.580923731904475
 42
-0.3180171180315849
 10
181.9511036621261
 20
2.91548935114406
 10
182.5141480502643
 20
2.91548935114406
 10
182.5141480502643
 20
2.315489351167343
 10
183.7351589340978
 20
2.315489351167343
 42
0.4142135623730951
 10
184.7351589340978
 20
3.315489351167343
 10
184.7351589340978
 20
7.116380464402027
  0
HATCH
  5
89
330
73
100
AcDbEntity
  8
profiller
370
    -2
100
AcDbHatch
 10
0.0
 20
0.0
 30
0.0
210
0.0
220
0.0
230
1.0
  2
SOLID
 70
     1
 71
     1
 91
        1
 92
        1
 93
       58
 72
     2
 10
169.3240005296268
 20
-2.784504648916481
 40
0.300006536170986
 50
90.00031085853974
 51
146.7659806249012
 73
     0
 72
     1
 10
169.07306334744
 20
-2.948926217883126
 11
168.44116470584
 21
-1.984511190983538
 72
     1
 10
168.44116470584
 20
-1.984511190983538
 11
168.44116470584
 21
-0.2845124490340822
 72
     1
 10
168.44116470584
 20
-0.2845124490340822
 11
168.1411670781399
 21
0.0154889039677073
 72
     1
 10
168.1411670781399
 20
0.0154889039677073
 11
168.44116470584
 21
0.3154902569676778
 72
     1
 10
168.44116470584
 20
0.3154902569676778
 11
168.44116470584
 21
2.015488998918954
 72
     1
 10
168.44116470584
 20
2.015488998918954
 11
169.07306334744
 21
2.979904025818541
 72
     2
 10
169.3240005296268
 20
2.815482456851896
 40
0.300006536170986
 50
213.2340193750988
 51
269.9996891414603
 73
     0
 72
     1
 10
169.3239989019398
 20
3.115488993018516
 11
171.1030634380399
 21
3.115488993018516
 72
     2
 10
171.1030659942935
 20
2.815486470974065
 40
0.3000025220553419
 50
269.9995117956386
 51
359.9995544058844
 73
     0
 72
     1
 10
171.4030685163398
 20
2.815488804119013
 11
171.4030685163398
 21
2.51548884801923
 72
     1
 10
171.4030685163398
 20
2.51548884801923
 11
172.1959593034398
 21
2.51548884801923
 72
     2
 10
172.195961895765
 20
3.015479862317078
 40
0.4999910143054777
 50
269.99970293607
 51
315.0004492360403
 73
     1
 72
     1
 10
172.5495117045396
 20
2.661935597618139
 11
173.2566239572402
 21
3.369042262418587
 72
     2
 10
172.9030614285165
 20
3.722591733687294
 40
0.5000036903382003
 50
315.0010580177642
 51
360.0004424499188
 73
     1
 72
     1
 10
173.4030651188398
 20
3.722595594819721
 11
173.40306511884
 21
4.015489093919312
 72
     2
 10
172.9030685380733
 20
4.015492129461563
 40
0.4999965807759342
 50
359.9996521501024
 51
450.0005079344107
 73
     1
 72
     1
 10
172.9030641055397
 20
4.51548871021805
 11
167.1310646759856
 21
4.51548871021805
 72
     2
 10
166.64116812571
 20
4.015492127999094
 40
0.69999658013707
 50
314.4154226307879
 51
360.0002483440222
 73
     0
 72
     1
 10
167.3411647058406
 20
4.015489093919312
 11
167.3411647058403
 21
3.722595594819721
 72
     2
 10
166.6411610157763
 20
3.722591733625448
 40
0.7000036900746717
 50
359.999683958615
 51
404.9993089650427
 73
     0
 72
     1
 10
167.1361443416885
 20
3.227620347393893
 11
166.4290320889888
 21
2.520513682593445
 72
     2
 10
165.9340614827877
 20
3.015479862238862
 40
0.6999910142242497
 50
44.99974379883143
 51
90.0002121892558
 73
     0
 72
     1
 10
165.9340588904401
 20
2.315488848018502
 11
164.94116810334
 21
2.315488848018502
 72
     1
 10
164.94116810334
 20
2.315488848018502
 11
164.9411681033398
 21
2.815488804119013
 72
     2
 10
164.8411655812433
 20
2.815486470926771
 40
0.1000025221236926
 50
0.0013367869673321
 51
90.00146455953787
 73
     1
 72
     1
 10
164.8411630250401
 20
2.915488993017787
 11
163.56209848894
 21
2.915488993017787
 72
     2
 10
163.56209848894
 20
2.415488993017788
 40
0.5
 50
90.0
 51
180.0
 73
     1
 72
     1
 10
163.0620984889401
 20
2.415488993017788
 11
163.0620984889404
 21
1.615488848119639
 72
     2
 10
163.5620984889406
 20
1.615488848119639
 40
0.5000000000002274
 50
180.0
 51
269.9999999998958
 73
     1
 72
     1
 10
163.5620984889397
 20
1.115488848119639
 11
164.8411647058412
 21
1.11548884811782
 72
     2
 10
164.8411647058399
 20
0.1154888481178204
 40
1.0
 50
270.0000000000782
 51
360.0
 73
     0
 72
     1
 10
165.8411647058399
 20
0.1154888481178204
 11
165.8411647058401
 21
0.0154889039677073
 72
     1
 10
165.8411647058401
 20
0.0154889039677073
 11
165.8411647058399
 21
-0.0845110401842249
 72
     2
 10
164.8411647058399
 20
-0.0845110401842249
 40
1.0
 50
360.0
 51
449.9999999999217
 73
     0
 72
     1
 10
164.8411647058412
 20
-1.084511040184224
 11
163.5620984889397
 21
-1.084511040186042
 72
     2
 10
163.5620984889406
 20
-1.584511040186043
 40
0.5000000000002274
 50
90.0000000001042
 51
180.0
 73
     1
 72
     1
 10
163.0620984889404
 20
-1.584511040186043
 11
163.0620984889401
 21
-2.384511185084193
 72
     2
 10
163.56209848894
 20
-2.384511185084193
 40
0.5
 50
180.0
 51
270.0
 73
     1
 72
     1
 10
163.56209848894
 20
-2.884511185084193
 11
164.8411630250401
 21
-2.884511185084193
 72
     2
 10
164.8411655812433
 20
-2.784508662993174
 40
0.1000025221236926
 50
269.9985354404621
 51
359.9986632140748
 73
     1
 72
     1
 10
164.9411681033398
 20
-2.784510996183597
 11
164.94116810334
 21
-2.284511040084908
 72
     1
 10
164.94116810334
 20
-2.284511040084908
 11
165.9340588904401
 21
-2.284511040084908
 72
     2
 10
165.9340614827877
 20
-2.984502054303447
 40
0.6999910142242497
 50
269.9997878107442
 51
315.0002562012606
 73
     0
 72
     1
 10
166.4290320889886
 20
-2.489535874659849
 11
167.1361443416885
 21
-3.196642539460298
 72
     2
 10
166.6411610157763
 20
-3.691613925690035
 40
0.7000036900746717
 50
315.0006910350626
 51
360.000316041385
 73
     0
 72
     1
 10
167.3411647058403
 20
-3.691617786884306
 11
167.3411647058406
 21
-3.984511285983898
 72
     2
 10
166.64116812571
 20
-3.984514320063681
 40
0.69999658013707
 50
359.9997516559778
 51
405.5845773693163
 73
     0
 72
     1
 10
167.1310646759856
 20
-4.484510902284455
 11
172.9030641055397
 21
-4.484510902284455
 72
     2
 10
172.9030685380733
 20
-3.984514321527966
 40
0.4999965807759342
 50
269.9994920655892
 51
360.0003478501061
 73
     1
 72
     1
 10
173.40306511884
 20
-3.984511285983898
 11
173.4030651188398
 21
-3.691617786884306
 72
     2
 10
172.9030614285165
 20
-3.691613925751879
 40
0.5000036903382003
 50
359.9995575500811
 51
404.9989419822357
 73
     1
 72
     1
 10
173.2566239572402
 20
-3.338064454483173
 11
172.5495117045396
 21
-2.630957789684543
 72
     2
 10
172.195961895765
 20
-2.984502054383483
 40
0.4999910143054777
 50
44.99955076395976
 51
90.00029706392998
 73
     1
 72
     1
 10
172.1959593034398
 20
-2.484511040083816
 11
171.4030685163398
 21
-2.484511040083816
 72
     1
 10
171.4030685163398
 20
-2.484511040083816
 11
171.4030685163398
 21
-2.784510996183597
 72
     2
 10
171.1030659942935
 20
-2.784508663038649
 40
0.3000025220553419
 50
0.0004455941157104
 51
90.00048820436138
 73
     0
 72
     1
 10
171.1030634380399
 20
-3.0845111850831
 11
169.3239989019398
 21
-3.0845111850831
 97
        1
330
8C
 75
     1
 76
     1
 98
        1
 10
1860.194299785988
 20
4735.324254743288
450
        0
451
        0
460
0.0
461
0.0
452
        0
462
0.0
453
        0
470

1001
GradientColor1ACI
1070
     5
1001
GradientColor2ACI
1070
     2
1001
ACAD
1010
0.0
1020
0.0
1030
0.0
  0
REGION
  5
8C
102
{ACAD_REACTORS
330
89
102
}
330
73
100
AcDbEntity
  8
profiller
370
    -2
100
AcDbModelerGeometry
290
     1
  2
{397F42BC-2DB7-40E9-B03F-776E26668ACC}
1001
ACAD_STEPID
1071
        1
  0
LWPOLYLINE
  5
8D
330
73
100
AcDbEntity
  8
0
  6
DASHDOT
 62
     8
 48
0.3
370
    -2
100
AcDbPolyline
 90
        2
 70
     0
 43
0.0
 10
0.0
 20
0.0
 10
217.6220245674194
 20
0.0
  0
LWPOLYLINE
  5
8F
330
73
100
AcDbEntity
  8
KÖŞE TAKOZU
  6
DASHED2
 62
   253
 48
5.0
370
     5
100
AcDbPolyline
 90
        4
 70
     1
 43
0.0
 10
74.16462907555978
 20
22.84500678116456
 10
151.8500320343446
 20
22.84500678116456
 10
151.8500320343446
 20
-23.05003203439992
 10
74.16462907555978
 20
-23.05003203439992
  0
LINE
  5
92
330
73
100
AcDbEntity
  8
0
 62
   253
370
    -2
100
AcDbLine
 10
150.9999999999418
 20
25.01548895379528
 30
0.0
 11
150.9999999999418
 21
64.64475308405235
 31
0.0
  0
LINE
  5
93
330
73
100
AcDbEntity
  8
0
 62
   253
370
    -2
100
AcDbLine
 10
150.9999999999418
 20
-68.89724370103795
 30
0.0
 11
150.9999999999418
 21
-24.65685167524498
 31
0.0
  0
LINE
  5
94
330
73
100
AcDbEntity
  8
ISIBARİYERİ HATCH
370
     5
100
AcDbLine
 10
31.0
 20
-69.22490307199769
 30
0.0
 11
31.0
 21
64.64475308405235
 31
0.0
  0
LWPOLYLINE
  5
96
330
73
100
AcDbEntity
  8
0
  6
HIDDEN
 62
   253
 48
0.1
370
    -2
100
AcDbPolyline
 90
       24
 70
     0
 43
0.0
 10
173.4030651188368
 20
-4.38455824065022
 10
173.4030651188368
 20
-4.784897194360381
 42
0.4142135623730451
 10
174.4030651188368
 20
-5.784897194360382
 10
179.3334732882066
 20
-5.784897194360382
 42
-0.198912367379647
 10
180.7476868505764
 20
-6.370683631976135
 10
181.3690071941382
 20
-6.992003975552506
 42
-0.1989123673796789
 10
181.6619004129461
 20
-7.69911075674463
 10
181.6619004129607
 20
-10.17711798811797
 42
-0.065543462815944
 10
181.559677891826
 20
-10.95357512345072
 10
181.0641229341126
 20
-12.80301140353549
 42
0.065543462815235
 10
180.961900412978
 20
-13.57946853886824
 10
180.961900412978
 20
-15.78955355333164
 42
0.0655434628152217
 10
181.0641229341126
 20
-16.56601068866439
 10
181.3527897980093
 20
-17.6433300912613
 42
0.3394542588633927
 10
182.3187156243075
 20
-18.38451104611158
 10
184.0050852015993
 20
-18.38451104611158
 42
0.3394542588633935
 10
184.9710110278829
 20
-17.6433300912613
 10
185.2596778917941
 20
-16.56601068866439
 42
0.065543462815221
 10
185.3619004129285
 20
-15.78955355333164
 10
185.3619004129285
 20
-13.57946853886824
 42
0.0655434628152335
 10
185.2596778917941
 20
-12.80301140353549
 10
184.7641229341098
 20
-10.95357512356713
 42
-0.0655434628144335
 10
184.6619004129752
 20
-10.17711798823438
 10
184.6619004129607
 20
-5.865762865520081
  0
LWPOLYLINE
  5
98
330
73
100
AcDbEntity
  8
0
  6
HIDDEN
 62
   253
 48
0.1
370
    -2
100
AcDbPolyline
 90
       24
 70
     0
 43
0.0
 10
173.4030651188368
 20
4.38455824065022
 10
173.4030651188368
 20
4.784897194360381
 42
-0.4142135623730451
 10
174.4030651188368
 20
5.784897194360382
 10
179.3334732882066
 20
5.784897194360382
 42
0.198912367379647
 10
180.7476868505764
 20
6.370683631976135
 10
181.3690071941382
 20
6.992003975552506
 42
0.1989123673796789
 10
181.6619004129461
 20
7.69911075674463
 10
181.6619004129607
 20
10.17711798811797
 42
0.065543462815944
 10
181.559677891826
 20
10.95357512345072
 10
181.0641229341126
 20
12.80301140365191
 42
-0.065543462815235
 10
180.961900412978
 20
13.57946853886824
 10
180.961900412978
 20
15.78955355333164
 42
-0.0655434628152217
 10
181.0641229341126
 20
16.56601068866439
 10
181.3527897980093
 20
17.6433300912613
 42
-0.3394542588633927
 10
182.3187156243075
 20
18.38451104611158
 10
184.0050852015993
 20
18.38451104611158
 42
-0.3394542588633935
 10
184.9710110278829
 20
17.6433300912613
 10
185.2596778917941
 20
16.56601068866439
 42
-0.065543462815221
 10
185.3619004129285
 20
15.78955355333164
 10
185.3619004129285
 20
13.57946853886824
 42
-0.0655434628152335
 10
185.2596778917941
 20
12.80301140365191
 10
184.7641229341098
 20
10.95357512356713
 42
0.0655434628144335
 10
184.6619004129752
 20
10.17711798823438
 10
184.6619004129607
 20
5.865762865520081
  0
LWPOLYLINE
  5
99
330
73
100
AcDbEntity
  8
0
370
    -2
100
AcDbPolyline
 90
        2
 70
     1
 43
0.321428571428565
 10
165.9979116695176
 20
0.0536594587611035
 42
-1.0
 10
166.3907688123727
 20
0.0536594587611035
 42
-1.0
  0
LWPOLYLINE
  5
9A
330
73
100
AcDbEntity
  8
0
370
    -2
100
AcDbPolyline
 90
        2
 70
     1
 43
0.321428571428565
 10
196.2849949488591
 20
9.302459940663537
 42
1.0
 10
196.2849949488591
 20
8.909602797823024
 42
1.0
  0
HATCH
  5
9B
330
73
100
AcDbEntity
  8
profiller
370
    -2
100
AcDbHatch
 10
0.0
 20
0.0
 30
0.0
210
0.0
220
0.0
230
1.0
  2
SOLID
 70
     1
 71
     1
 91
        1
 92
        1
 93
       16
 72
     2
 10
195.6744865297294
 20
9.615489351177302
 40
0.299999999966758
 50
0.0000000069914529
 51
90.00000000690461
 73
     1
 72
     1
 10
195.6744865296932
 20
9.91548935114406
 11
158.4761924590566
 21
9.91548935114406
 72
     2
 10
158.4761924590566
 20
11.91548935114406
 40
2.0
 50
90.0
 51
180.0
 73
     0
 72
     1
 10
156.4761924590566
 20
11.91548935114406
 11
156.4761924590566
 21
14.31548935116734
 72
     2
 10
156.1761924590314
 20
14.31548935118871
 40
0.300000000025193
 50
359.9999999959181
 51
449.9999999957442
 73
     1
 72
     1
 10
156.1761924590537
 20
14.61548935121391
 11
154.5761924590479
 21
14.61548935121391
 72
     2
 10
154.5761924590479
 20
14.11548935121391
 40
0.5
 50
90.0
 51
180.0
 73
     1
 72
     1
 10
154.0761924590479
 20
14.11548935121391
 11
154.0761924590479
 21
6.715489351190625
 72
     2
 10
156.0761924590479
 20
6.715489351190625
 40
2.0
 50
180.0
 51
270.0
 73
     1
 72
     1
 10
156.0761924590479
 20
4.715489351190625
 11
166.6173571648978
 21
4.715489351190625
 72
     2
 10
166.6173571649095
 20
6.715489351180937
 40
1.99999999999031
 50
269.9999999996629
 51
314.9999999996631
 73
     1
 72
     1
 10
168.0315707272675
 20
5.301275788806377
 11
168.8599978520215
 21
6.129702913574874
 72
     2
 10
170.2742114143792
 20
4.715489351200703
 40
1.999999999989914
 50
225.0000000003324
 51
270.000000000342
 73
     0
 72
     1
 10
170.2742114143912
 20
6.715489351190625
 11
193.9744865296961
 21
6.715489351190625
 72
     2
 10
193.9744865296961
 20
8.715489351190624
 40
2.0
 50
270.0
 51
360.0
 73
     1
 72
     1
 10
195.9744865296961
 20
8.715489351190624
 11
195.9744865296961
 21
9.615489351213907
 97
        1
330
9C
 75
     0
 76
     1
 98
        1
 10
1798.347188554195
 20
459.3852522037923
450
        0
451
        0
460
0.0
461
0.0
452
        0
462
0.0
453
        0
470

1001
GradientColor1ACI
1070
     5
1001
GradientColor2ACI
1070
     2
1001
ACAD
1010
0.0
1020
0.0
1030
0.0
  0
LWPOLYLINE
  5
9C
102
{ACAD_REACTORS
330
9B
102
}
330
73
100
AcDbEntity
  8
profiller
370
    -2
100
AcDbPolyline
 90
       16
 70
     1
 43
0.0
 10
195.9744865296961
 20
9.615489351213907
 42
0.4142135623726511
 10
195.6744865296932
 20
9.91548935114406
 10
158.4761924590566
 20
9.91548935114406
 42
-0.4142135623730951
 10
156.4761924590566
 20
11.91548935114406
 10
156.4761924590566
 20
14.31548935116734
 42
0.4142135623722086
 10
156.1761924590537
 20
14.61548935121391
 10
154.5761924590479
 20
14.61548935121391
 42
0.4142135623730951
 10
154.0761924590479
 20
14.11548935121391
 10
154.0761924590479
 20
6.715489351190625
 42
0.4142135623730951
 10
156.0761924590479
 20
4.715489351190625
 10
166.6173571648978
 20
4.715489351190625
 42
0.1989123673796589
 10
168.0315707272675
 20
5.301275788806377
 10
168.8599978520215
 20
6.129702913574874
 42
-0.1989123673797008
 10
170.2742114143912
 20
6.715489351190625
 10
193.9744865296961
 20
6.715489351190625
 42
0.4142135623730951
 10
195.9744865296961
 20
8.715489351190624
  0
LINE
  5
9D
330
73
100
AcDbEntity
  8
0
100
AcDbLine
 10
156.0761924590479
 20
4.715489351190625
 30
0.0
 11
156.0761924590479
 21
5.158549809595568
 31
0.0
  0
LWPOLYLINE
  5
9E
330
73
100
AcDbEntity
  8
0
100
AcDbPolyline
 90
        4
 70
     1
 43
0.0
 10
175.261899621546
 20
23.21473829809111
 10
175.261899621546
 20
28.51548460836056
 10
190.8618996215518
 20
28.51548460836056
 10
190.8618996215518
 20
23.21473829809111
  0
INSERT
  5
9F
330
73
100
AcDbEntity
  8
profiller
370
    -2
100
AcDbBlockReference
  2
E50 R 12
 10
447.219058414179
 20
1752.943487038254
 30
0.0
 41
-1.0
 50
90.0
  0
HATCH
  5
AE
330
73
100
AcDbEntity
  8
0
100
AcDbHatch
 10
0.0
 20
0.0
 30
0.0
210
0.0
220
0.0
230
1.0
  2
ANSI34
 70
     0
 71
     1
 91
        1
 92
        1
 93
        6
 72
     1
 10
186.6618997880723
 20
10.11511134216562
 11
192.8618997880694
 21
10.11511134216562
 72
     1
 10
192.8618997880694
 20
10.11511134216562
 11
192.8618997880694
 21
21.29339190293103
 72
     1
 10
192.8618997880694
 20
21.29339190293103
 11
191.5581448495941
 21
21.2884125802666
 72
     1
 10
191.5581448495941
 20
21.2884125802666
 11
188.2520136493549
 21
21.2884125802666
 72
     1
 10
188.2520136493549
 20
21.2884125802666
 11
186.6646504967793
 21
19.73156156309414
 72
     1
 10
186.6646504967793
 20
19.73156156309414
 11
186.6618997880723
 21
10.11511134216562
 97
        1
330
AF
 75
     0
 76
     1
 52
180.0
 41
0.1
 77
     0
 78
     4
 53
225.0
 43
3107.727495641289
 44
-3289.165905732895
 45
1.347038418160372
 46
-1.347038418160372
 79
     0
 53
225.0
 43
3107.278482641283
 44
-3289.165905732895
 45
1.347038418160372
 46
-1.347038418160372
 79
     0
 53
225.0
 43
3106.829469641278
 44
-3289.165905732895
 45
1.347038418160372
 46
-1.347038418160372
 79
     0
 53
225.0
 43
3106.38045564128
 44
-3289.165905732895
 45
1.347038418160372
 46
-1.347038418160372
 79
     0
 98
        1
 10
3107.727495641289
 20
3289.196127523086
1001
GradientColor1ACI
1070
     5
1001
GradientColor2ACI
1070
     2
1001
ACAD
1010
0.0
1020
0.0
1030
0.0
  0
LWPOLYLINE
  5
AF
102
{ACAD_REACTORS
330
AE
102
}
330
73
100
AcDbEntity
  8
0
100
AcDbPolyline
 90
        7
 70
     1
 43
0.0
 10
186.6618997880723
 20
10.11511134216562
 10
192.8618997880694
 20
10.11511134216562
 10
192.8618997880694
 20
21.29339190293103
 10
191.5581448495941
 20
21.2884125802666
 10
191.5581448495941
 20
21.2884125802666
 10
188.2520136493549
 20
21.2884125802666
 10
186.6646504967793
 20
19.73156156309414
  0
HATCH
  5
B0
330
73
100
AcDbEntity
  8
0
100
AcDbHatch
 10
0.0
 20
0.0
 30
0.0
210
0.0
220
0.0
230
1.0
  2
ANSI34
 70
     0
 71
     1
 91
        1
 92
        1
 93
        6
 72
     1
 10
179.4618997880752
 20
10.11511134216562
 11
173.261899788078
 21
10.11511134216562
 72
     1
 10
173.261899788078
 20
10.11511134216562
 11
173.261899788078
 21
21.29339190293103
 72
     1
 10
173.261899788078
 20
21.29339190293103
 11
174.5656547265534
 21
21.2884125802666
 72
     1
 10
174.5656547265534
 20
21.2884125802666
 11
177.8717859267926
 21
21.2884125802666
 72
     1
 10
177.8717859267926
 20
21.2884125802666
 11
179.4591490793681
 21
19.73156156309414
 72
     1
 10
179.4591490793681
 20
19.73156156309414
 11
179.4618997880752
 21
10.11511134216562
 97
        1
330
B1
 75
     0
 76
     1
 52
180.0
 41
0.1
 77
     0
 78
     4
 53
225.0
 43
3107.727495641289
 44
-3289.165905732895
 45
1.347038418160372
 46
-1.347038418160372
 79
     0
 53
225.0
 43
3107.278482641283
 44
-3289.165905732895
 45
1.347038418160372
 46
-1.347038418160372
 79
     0
 53
225.0
 43
3106.829469641278
 44
-3289.165905732895
 45
1.347038418160372
 46
-1.347038418160372
 79
     0
 53
225.0
 43
3106.38045564128
 44
-3289.165905732895
 45
1.347038418160372
 46
-1.347038418160372
 79
     0
 98
        1
 10
-2741.60369606514
 20
3289.196127523086
1001
GradientColor1ACI
1070
     5
1001
GradientColor2ACI
1070
     2
1001
ACAD
1010
0.0
1020
0.0
1030
0.0
  0
LWPOLYLINE
  5
B1
102
{ACAD_REACTORS
330
B0
102
}
330
73
100
AcDbEntity
  8
0
100
AcDbPolyline
 90
        7
 70
     1
 43
0.0
 10
179.4618997880752
 20
10.11511134216562
 10
173.261899788078
 20
10.11511134216562
 10
173.261899788078
 20
21.29339190293103
 10
174.5656547265534
 20
21.2884125802666
 10
174.5656547265534
 20
21.2884125802666
 10
177.8717859267926
 20
21.2884125802666
 10
179.4591490793681
 20
19.73156156309414
  0
LWPOLYLINE
  5
B2
330
73
100
AcDbEntity
  8
0
100
AcDbPolyline
 90
        4
 70
     1
 43
0.0
 10
175.261899621546
 20
-23.18451516062487
 10
175.261899621546
 20
-28.48526147089433
 10
190.8618996215518
 20
-28.48526147089433
 10
190.8618996215518
 20
-23.18451516062487
  0
INSERT
  5
B3
330
73
100
AcDbEntity
  8
profiller
370
    -2
100
AcDbBlockReference
  2
E50 R 12
 10
447.219058414179
 20
-1752.913263900788
 30
0.0
 50
90.00000000000005
  0
HATCH
  5
B4
330
73
100
AcDbEntity
  8
0
100
AcDbHatch
 10
0.0
 20
0.0
 30
0.0
210
0.0
220
0.0
230
1.0
  2
ANSI34
 70
     0
 71
     1
 91
        1
 92
        1
 93
        6
 72
     1
 10
186.6618997880723
 20
-10.08488820469938
 11
192.8618997880694
 21
-10.08488820469938
 72
     1
 10
192.8618997880694
 20
-10.08488820469938
 11
192.8618997880694
 21
-21.2631687654648
 72
     1
 10
192.8618997880694
 20
-21.2631687654648
 11
191.5581448495941
 21
-21.25818944280036
 72
     1
 10
191.5581448495941
 20
-21.25818944280036
 11
188.2520136493549
 21
-21.25818944280036
 72
     1
 10
188.2520136493549
 20
-21.25818944280036
 11
186.6646504967793
 21
-19.70133842562791
 72
     1
 10
186.6646504967793
 20
-19.70133842562791
 11
186.6618997880723
 21
-10.08488820469938
 97
        1
330
B5
 75
     0
 76
     1
 52
180.0
 41
0.1
 77
     0
 78
     4
 53
225.0
 43
3107.727495641289
 44
-3289.165905732895
 45
1.347038418160372
 46
-1.347038418160372
 79
     0
 53
225.0
 43
3107.278482641283
 44
-3289.165905732895
 45
1.347038418160372
 46
-1.347038418160372
 79
     0
 53
225.0
 43
3106.829469641278
 44
-3289.165905732895
 45
1.347038418160372
 46
-1.347038418160372
 79
     0
 53
225.0
 43
3106.38045564128
 44
-3289.165905732895
 45
1.347038418160372
 46
-1.347038418160372
 79
     0
 98
        1
 10
3107.727495641289
 20
-3289.16590438562
1001
GradientColor1ACI
1070
     5
1001
GradientColor2ACI
1070
     2
1001
ACAD
1010
0.0
1020
0.0
1030
0.0
  0
LWPOLYLINE
  5
B5
102
{ACAD_REACTORS
330
B4
102
}
330
73
100
AcDbEntity
  8
0
100
AcDbPolyline
 90
        7
 70
     1
 43
0.0
 10
186.6618997880723
 20
-10.08488820469938
 10
192.8618997880694
 20
-10.08488820469938
 10
192.8618997880694
 20
-21.2631687654648
 10
191.5581448495941
 20
-21.25818944280036
 10
191.5581448495941
 20
-21.25818944280036
 10
188.2520136493549
 20
-21.25818944280036
 10
186.6646504967793
 20
-19.70133842562791
  0
HATCH
  5
B6
330
73
100
AcDbEntity
  8
0
100
AcDbHatch
 10
0.0
 20
0.0
 30
0.0
210
0.0
220
0.0
230
1.0
  2
ANSI34
 70
     0
 71
     1
 91
        1
 92
        1
 93
        6
 72
     1
 10
179.4618997880752
 20
-10.08488820469938
 11
173.261899788078
 21
-10.08488820469938
 72
     1
 10
173.261899788078
 20
-10.08488820469938
 11
173.261899788078
 21
-21.2631687654648
 72
     1
 10
173.261899788078
 20
-21.2631687654648
 11
174.5656547265534
 21
-21.25818944280036
 72
     1
 10
174.5656547265534
 20
-21.25818944280036
 11
177.8717859267926
 21
-21.25818944280036
 72
     1
 10
177.8717859267926
 20
-21.25818944280036
 11
179.4591490793681
 21
-19.70133842562791
 72
     1
 10
179.4591490793681
 20
-19.70133842562791
 11
179.4618997880752
 21
-10.08488820469938
 97
        1
330
B7
 75
     0
 76
     1
 52
180.0
 41
0.1
 77
     0
 78
     4
 53
225.0
 43
3107.727495641289
 44
-3289.165905732895
 45
1.347038418160372
 46
-1.347038418160372
 79
     0
 53
225.0
 43
3107.278482641283
 44
-3289.165905732895
 45
1.347038418160372
 46
-1.347038418160372
 79
     0
 53
225.0
 43
3106.829469641278
 44
-3289.165905732895
 45
1.347038418160372
 46
-1.347038418160372
 79
     0
 53
225.0
 43
3106.38045564128
 44
-3289.165905732895
 45
1.347038418160372
 46
-1.347038418160372
 79
     0
 98
        1
 10
-2741.60369606514
 20
-3289.16590438562
1001
GradientColor1ACI
1070
     5
1001
GradientColor2ACI
1070
     2
1001
ACAD
1010
0.0
1020
0.0
1030
0.0
  0
LWPOLYLINE
  5
B7
102
{ACAD_REACTORS
330
B6
102
}
330
73
100
AcDbEntity
  8
0
100
AcDbPolyline
 90
        7
 70
     1
 43
0.0
 10
179.4618997880752
 20
-10.08488820469938
 10
173.261899788078
 20
-10.08488820469938
 10
173.261899788078
 20
-21.2631687654648
 10
174.5656547265534
 20
-21.25818944280036
 10
174.5656547265534
 20
-21.25818944280036
 10
177.8717859267926
 20
-21.25818944280036
 10
179.4591490793681
 20
-19.70133842562791
  0
INSERT
  5
B8
330
73
100
AcDbEntity
  8
0
100
AcDbBlockReference
  2
01.03.24
 10
2786.91257244673
 20
-3776.64744428033
 30
0.0
 50
90.0
  0
INSERT
  5
C2
330
73
100
AcDbEntity
  8
0
100
AcDbBlockReference
  2
01.03.24
 10
2786.91257244673
 20
-3816.64744428033
 30
0.0
 50
90.0
  0
LWPOLYLINE
  5
C3
330
73
100
AcDbEntity
  8
0
100
AcDbPolyline
 90
        4
 70
     0
 43
0.0
 10
169.0619004129548
 20
-68.89724380068947
 10
169.0619004129548
 20
-9.984511046204717
 10
173.0619004129548
 20
-9.984511046204717
 10
173.0619004129548
 20
-68.89724380068947
  0
LWPOLYLINE
  5
C4
330
73
100
AcDbEntity
  8
0
100
AcDbPolyline
 90
        4
 70
     0
 43
0.0
 10
173.0619004129548
 20
64.64475308405235
 10
173.0619004129548
 20
9.91548935114406
 10
169.0619004129548
 20
9.91548935114406
 10
169.0619004129548
 20
64.64475308405235
  0
LWPOLYLINE
  5
C5
330
73
100
AcDbEntity
  8
0
370
    -2
100
AcDbPolyline
 90
        4
 70
     0
 43
0.0
 10
168.3019004129454
 20
64.64475308405235
 10
168.3019004129454
 20
9.91548935114406
 10
164.3019004129454
 20
9.91548935114406
 10
164.3019004129454
 20
64.64475308405235
  0
INSERT
  5
C6
330
73
100
AcDbEntity
  8
IZ
100
AcDbBlockReference
  2
dfvdfvbfgvb
 10
-3333.205315240266
 20
-2542.666734757601
 30
0.0
  0
INSERT
  5
CF
330
73
100
AcDbEntity
  8
0
100
AcDbBlockReference
  2
4.8 x 25
 10
237.9988283283456
 20
-42.51833838014863
 30
0.0
 50
90.0
  0
INSERT
  5
168
330
73
100
AcDbEntity
  8
profiller
370
    -2
100
AcDbBlockReference
  2
E50 T 04
 10
1012.795460282694
 20
-312.1663975925185
 30
0.0
 41
-1.0
  0
ENDBLK
  5
16F
330
73
100
AcDbEntity
  8
0
100
AcDbBlockEnd
  0
ENDSEC
  0
SECTION
  2
ENTITIES
  0
INSERT
  5
72
330
2
100
AcDbEntity
  8
KOMPOZIT
100
AcDbBlockReference
  2
yatay orta
 10
-73950.15931823204
 20
4160.676871159362
 30
0.0
  0
ENDSEC
  0
SECTION
  2
OBJECTS
  0
DICTIONARY
  5
A
330
0
100
AcDbDictionary
281
     1
  3
ACAD_ASSOCPERSSUBENTMANAGER
350
175
  3
ACAD_COLOR
350
55
  3
ACAD_GROUP
350
4C
  3
ACAD_LAYOUT
350
17
  3
ACAD_MATERIAL
350
C
  3
ACAD_MLEADERSTYLE
350
58
  3
ACAD_MLINESTYLE
350
4D
  3
ACAD_PLOTSETTINGS
350
4E
  3
ACAD_PLOTSTYLENAME
350
9
  3
ACAD_SCALELIST
350
56
  3
ACAD_TABLESTYLE
350
57
  3
ACAD_VISUALSTYLE
350
2C
  3
ACDB_RECOMPOSE_DATA
350
17D
  3
AcDbVariableDictionary
350
176
  0
DICTIONARY
  5
1F
330
1E
100
AcDbDictionary
280
     1
281
     1
  3
ACAD_LAYERSTATES
360
20
  0
DICTIONARY
  5
7
330
6
100
AcDbDictionary
280
     1
281
     1
  0
DICTIONARY
  5
8B
330
8A
100
AcDbDictionary
280
     1
281
     1
  0
DICTIONARY
  5
7E
330
7D
100
AcDbDictionary
280
     1
281
     1
  0
DICTIONARY
  5
C8
330
C7
100
AcDbDictionary
280
     1
281
     1
  0
DICTIONARY
  5
3
330
2
100
AcDbDictionary
280
     1
281
     1
  3
ACAD_SORTENTS
360
174
  0
DICTIONARY
  5
3C
330
3B
100
AcDbDictionary
280
     1
281
     1
  3
ACAD_SORTENTS
360
171
  0
DICTIONARY
  5
45
330
44
100
AcDbDictionary
280
     1
281
     1
  3
ACAD_SORTENTS
360
170
  0
DICTIONARY
  5
A1
330
A0
100
AcDbDictionary
280
     1
281
     1
  3
ACAD_SORTENTS
360
172
  0
DICTIONARY
  5
BA
330
B9
100
AcDbDictionary
280
     1
281
     1
  3
ACAD_SORTENTS
360
173
  0
DICTIONARY
  5
CA
330
C9
100
AcDbDictionary
280
     1
281
     1
  0
DICTIONARY
  5
D1
330
D0
100
AcDbDictionary
280
     1
281
     1
  0
ACDBASSOCPERSSUBENTMANAGER
  5
175
102
{ACAD_REACTORS
330
A
102
}
330
A
100
AcDbAssocPersSubentManager
 90
        2
 90
        3
 90
        0
 90
        2
 90
        1
 90
        0
 90
        1
 90
        1
 90
        0
 90
        0
290
     0
  0
DICTIONARY
  5
55
102
{ACAD_REACTORS
330
A
102
}
330
A
100
AcDbDictionary
281
     1
  0
DICTIONARY
  5
4C
102
{ACAD_REACTORS
330
A
102
}
330
A
100
AcDbDictionary
281
     1
  0
DICTIONARY
  5
17
102
{ACAD_REACTORS
330
A
102
}
330
A
100
AcDbDictionary
281
     1
  3
Layout1
350
1D
  3
Model
350
16
  0
DICTIONARY
  5
C
102
{ACAD_REACTORS
330
A
102
}
330
A
100
AcDbDictionary
281
     1
  3
ByBlock
350
52
  3
ByLayer
350
4F
  3
Global
350
B
  0
DICTIONARY
  5
58
102
{ACAD_REACTORS
330
A
102
}
330
A
100
AcDbDictionary
281
     1
  0
DICTIONARY
  5
4D
102
{ACAD_REACTORS
330
A
102
}
330
A
100
AcDbDictionary
281
     1
  3
Standard
350
5C
  0
DICTIONARY
  5
4E
102
{ACAD_REACTORS
330
A
102
}
330
A
100
AcDbDictionary
281
     1
  0
ACDBDICTIONARYWDFLT
  5
9
102
{ACAD_REACTORS
330
A
102
}
330
A
100
AcDbDictionary
281
     1
  3
Normal
350
8
100
AcDbDictionaryWithDefault
340
8
  0
DICTIONARY
  5
56
102
{ACAD_REACTORS
330
A
102
}
330
A
100
AcDbDictionary
281
     1
  3
A0
350
61
  3
A1
350
62
  3
A2
350
63
  3
A3
350
64
  3
A4
350
65
  3
A5
350
66
  3
A6
350
67
  3
A7
350
68
  3
A8
350
69
  3
A9
350
6A
  3
B0
350
6B
  3
B1
350
6C
  3
B2
350
6D
  3
B3
350
6E
  3
B4
350
6F
  3
B5
350
70
  3
B6
350
71
  0
DICTIONARY
  5
57
102
{ACAD_REACTORS
330
A
102
}
330
A
100
AcDbDictionary
281
     1
  3
Standard
350
5D
  0
DICTIONARY
  5
2C
102
{ACAD_REACTORS
330
A
102
}
330
A
100
AcDbDictionary
281
     1
  3
2dWireframe
350
2B
  3
Realistic
350
5F
  3
Wireframe
350
60
  0
XRECORD
  5
17D
102
{ACAD_REACTORS
330
A
102
}
330
A
100
AcDbXrecord
280
     1
 90
        1
330
5D
  0
DICTIONARY
  5
176
102
{ACAD_REACTORS
330
A
102
}
330
A
100
AcDbDictionary
281
     1
  3
CANNOSCALE
350
17B
  3
CMLEADERSTYLE
350
178
  3
CTABLESTYLE
350
177
  3
CVIEWDETAILSTYLE
350
179
  3
CVIEWSECTIONSTYLE
350
17A
  0
DICTIONARY
  5
20
102
{ACAD_REACTORS
330
1F
102
}
330
1F
100
AcDbDictionary
281
     1
  0
SORTENTSTABLE
  5
174
102
{ACAD_REACTORS
330
3
102
}
330
3
100
AcDbSortentsTable
330
2
  0
SORTENTSTABLE
  5
171
102
{ACAD_REACTORS
330
3C
102
}
330
3C
100
AcDbSortentsTable
330
3B
  0
SORTENTSTABLE
  5
170
102
{ACAD_REACTORS
330
45
102
}
330
45
100
AcDbSortentsTable
330
44
  0
SORTENTSTABLE
  5
172
102
{ACAD_REACTORS
330
A1
102
}
330
A1
100
AcDbSortentsTable
330
A0
331
A4
  5
A6
331
A6
  5
A7
331
A7
  5
A8
331
A8
  5
A9
331
A9
  5
A4
  0
SORTENTSTABLE
  5
173
102
{ACAD_REACTORS
330
BA
102
}
330
BA
100
AcDbSortentsTable
330
B9
331
BD
  5
BE
331
BE
  5
BF
331
BF
  5
C0
331
C0
  5
BD
  0
LAYOUT
  5
1D
102
{ACAD_REACTORS
330
17
102
}
330
17
100
AcDbPlotSettings
  1

  2
Adobe PDF
  4
A4
  6

 40
3.174999952316283
 41
3.174999952316283
 42
3.175003051757812
 43
3.17498779296875
 44
209.9733276367186
 45
297.0318298339844
 46
0.0
 47
0.0
 48
0.0
 49
0.0
140
0.0
141
0.0
142
1.0
143
1.0
 70
   688
 72
     1
 73
     1
 74
     5
  7

 75
    16
147
1.0
 76
     0
 77
     2
 78
   300
148
0.0
149
0.0
100
AcDbLayout
  1
Layout1
 70
     1
 71
     1
 10
-3.17498779296875
 20
-3.174999952316283
 11
293.8568420410156
 21
206.7983276844024
 12
0.0
 22
0.0
 32
0.0
 14
29.06818420886992
 24
20.36233246326446
 34
0.0
 15
261.6136578798294
 25
183.2609921693802
 35
0.0
146
0.0
 13
0.0
 23
0.0
 33
0.0
 16
1.0
 26
0.0
 36
0.0
 17
0.0
 27
1.0
 37
0.0
 76
     0
330
1A
1001
ACAD_PSEXT
1000
Adobe PDF
1000
Adobe PDF Converter
1000
Documents\*.pdf
1000

1070
     0
  0
LAYOUT
  5
16
102
{ACAD_XDICTIONARY
360
18
102
}
102
{ACAD_REACTORS
330
17
102
}
330
17
100
AcDbPlotSettings
  1

  2
none_device
  4
ISO_A4_(210.00_x_297.00_MM)
  6

 40
7.5
 41
20.0
 42
7.5
 43
20.0
 44
210.0
 45
297.0
 46
11.54999923706054
 47
-13.65000009536743
 48
0.0
 49
0.0
140
0.0
141
0.0
142
1.0
143
8.704084754739808
 70
 11952
 72
     1
 73
     0
 74
     0
  7

 75
     0
147
0.1148885871608098
 76
     0
 77
     2
 78
   300
148
0.0
149
0.0
100
AcDbLayout
  1
Model
 70
     1
 71
     0
 10
0.0
 20
0.0
 11
12.0
 21
9.0
 12
0.0
 22
0.0
 32
0.0
 14
0.0
 24
0.0
 34
0.0
 15
0.0
 25
0.0
 35
0.0
146
0.0
 13
0.0
 23
0.0
 33
0.0
 16
1.0
 26
0.0
 36
0.0
 17
0.0
 27
1.0
 37
0.0
 76
     0
330
2
331
2A
1001
ACAD_PSEXT
1000
None
1000
None
1000
Not applicable
1000
The layout will not be plotted unless a new plotter configuration name is selected.
1070
     0
  0
MATERIAL
  5
52
102
{ACAD_XDICTIONARY
360
53
102
}
102
{ACAD_REACTORS
330
C
102
}
330
C
100
AcDbMaterial
  1
ByBlock
 94
       63
  0
MATERIAL
  5
4F
102
{ACAD_XDICTIONARY
360
50
102
}
102
{ACAD_REACTORS
330
C
102
}
330
C
100
AcDbMaterial
  1
ByLayer
 94
       63
  0
MATERIAL
  5
B
102
{ACAD_XDICTIONARY
360
D
102
}
102
{ACAD_REACTORS
330
C
102
}
330
C
100
AcDbMaterial
  1
Global
 43
0.0007999999797903
 43
0.0
 43
0.0
 43
0.0
 43
0.0
 43
0.0007999999797903
 43
0.0
 43
0.0
 43
0.0
 43
0.0
 43
1.0
 43
0.0
 43
0.0
 43
0.0
 43
0.0
 43
1.0
 49
0.0007999999797903
 49
0.0
 49
0.0
 49
0.0
 49
0.0
 49
0.0007999999797903
 49
0.0
 49
0.0
 49
0.0
 49
0.0
 49
1.0
 49
0.0
 49
0.0
 49
0.0
 49
0.0
 49
1.0
142
0.0007999999797903
142
0.0
142
0.0
142
0.0
142
0.0
142
0.0007999999797903
142
0.0
142
0.0
142
0.0
142
0.0
142
1.0
142
0.0
142
0.0
142
0.0
142
0.0
142
1.0
144
0.0007999999797903
144
0.0
144
0.0
144
0.0
144
0.0
144
0.0007999999797903
144
0.0
144
0.0
144
0.0
144
0.0
144
1.0
144
0.0
144
0.0
144
0.0
144
0.0
144
1.0
 94
       63
1001
ACAD
1070
    -1
1070
     3
1070
     0
1000

1071
        0
1070
     0
  0
MLINESTYLE
  5
5C
102
{ACAD_REACTORS
330
4D
102
}
330
4D
100
AcDbMlineStyle
  2
STANDARD
 70
     0
  3

 62
   256
 51
90.0
 52
90.0
 71
     2
 49
0.5
 62
   256
  6
BYLAYER
 49
-0.5
 62
   256
  6
BYLAYER
  0
ACDBPLACEHOLDER
  5
8
102
{ACAD_REACTORS
330
9
102
}
330
9
  0
SCALE
  5
61
102
{ACAD_REACTORS
330
56
102
}
330
56
100
AcDbScale
 70
     0
300
1:1
140
1.0
141
1.0
290
     1
  0
SCALE
  5
62
102
{ACAD_REACTORS
330
56
102
}
330
56
100
AcDbScale
 70
     0
300
1:2
140
1.0
141
2.0
290
     0
  0
SCALE
  5
63
102
{ACAD_REACTORS
330
56
102
}
330
56
100
AcDbScale
 70
     0
300
1:4
140
1.0
141
4.0
290
     0
  0
SCALE
  5
64
102
{ACAD_REACTORS
330
56
102
}
330
56
100
AcDbScale
 70
     0
300
1:5
140
1.0
141
5.0
290
     0
  0
SCALE
  5
65
102
{ACAD_REACTORS
330
56
102
}
330
56
100
AcDbScale
 70
     0
300
1:8
140
1.0
141
8.0
290
     0
  0
SCALE
  5
66
102
{ACAD_REACTORS
330
56
102
}
330
56
100
AcDbScale
 70
     0
300
1:10
140
1.0
141
10.0
290
     0
  0
SCALE
  5
67
102
{ACAD_REACTORS
330
56
102
}
330
56
100
AcDbScale
 70
     0
300
1:16
140
1.0
141
16.0
290
     0
  0
SCALE
  5
68
102
{ACAD_REACTORS
330
56
102
}
330
56
100
AcDbScale
 70
     0
300
1:20
140
1.0
141
20.0
290
     0
  0
SCALE
  5
69
102
{ACAD_REACTORS
330
56
102
}
330
56
100
AcDbScale
 70
     0
300
1:30
140
1.0
141
30.0
290
     0
  0
SCALE
  5
6A
102
{ACAD_REACTORS
330
56
102
}
330
56
100
AcDbScale
 70
     0
300
1:40
140
1.0
141
40.0
290
     0
  0
SCALE
  5
6B
102
{ACAD_REACTORS
330
56
102
}
330
56
100
AcDbScale
 70
     0
300
1:50
140
1.0
141
50.0
290
     0
  0
SCALE
  5
6C
102
{ACAD_REACTORS
330
56
102
}
330
56
100
AcDbScale
 70
     0
300
1:100
140
1.0
141
100.0
290
     0
  0
SCALE
  5
6D
102
{ACAD_REACTORS
330
56
102
}
330
56
100
AcDbScale
 70
     0
300
2:1
140
2.0
141
1.0
290
     0
  0
SCALE
  5
6E
102
{ACAD_REACTORS
330
56
102
}
330
56
100
AcDbScale
 70
     0
300
4:1
140
4.0
141
1.0
290
     0
  0
SCALE
  5
6F
102
{ACAD_REACTORS
330
56
102
}
330
56
100
AcDbScale
 70
     0
300
8:1
140
8.0
141
1.0
290
     0
  0
SCALE
  5
70
102
{ACAD_REACTORS
330
56
102
}
330
56
100
AcDbScale
 70
     0
300
10:1
140
10.0
141
1.0
290
     0
  0
SCALE
  5
71
102
{ACAD_REACTORS
330
56
102
}
330
56
100
AcDbScale
 70
     0
300
100:1
140
100.0
141
1.0
290
     0
  0
TABLESTYLE
  5
5D
102
{ACAD_XDICTIONARY
360
5E
102
}
102
{ACAD_REACTORS
330
57
102
}
330
57
100
AcDbTableStyle
280
     0
  3
Standard
 70
     0
 71
     0
 40
1.5
 41
1.5
280
     0
281
     0
  7
Standard
140
4.5
170
     2
 62
     0
 63
     7
283
     0
 90
      512
 91
        0
  1

274
    -2
284
     1
 64
     0
275
    -2
285
     1
 65
     0
276
    -2
286
     1
 66
     0
277
    -2
287
     1
 67
     0
278
    -2
288
     1
 68
     0
279
    -2
289
     1
 69
     0
  7
Standard
140
6.0
170
     5
 62
     0
 63
     7
283
     0
 90
      512
 91
        0
  1

274
    -2
284
     1
 64
     0
275
    -2
285
     1
 65
     0
276
    -2
286
     1
 66
     0
277
    -2
287
     1
 67
     0
278
    -2
288
     1
 68
     0
279
    -2
289
     1
 69
     0
  7
Standard
140
4.5
170
     5
 62
     0
 63
     7
283
     0
 90
      512
 91
        0
  1

274
    -2
284
     1
 64
     0
275
    -2
285
     1
 65
     0
276
    -2
286
     1
 66
     0
277
    -2
287
     1
 67
     0
278
    -2
288
     1
 68
     0
279
    -2
289
     1
 69
     0
  0
VISUALSTYLE
  5
2B
102
{ACAD_REACTORS
330
2C
102
}
330
2C
100
AcDbVisualStyle
  2
2dWireframe
 70
     4
177
     3
291
     0
 70
    58
 90
        0
176
     1
 90
        2
176
     1
 90
        1
176
     1
 90
        0
176
     1
 40
0.6
176
     1
 40
30.0
176
     1
 62
     7
420
 16777215
176
     1
 90
        1
176
     1
 90
        4
176
     1
 62
     7
176
     1
 62
   257
176
     1
 90
        1
176
     1
 90
        1
176
     1
 40
1.0
176
     1
 90
        0
176
     1
 62
   257
176
     1
 40
1.0
176
     1
 90
        1
176
     1
 90
        6
176
     1
 90
        2
176
     1
 62
     7
176
     1
 90
        5
176
     1
 90
        0
176
     1
 90
        0
176
     1
290
     0
176
     1
 90
        1
176
     1
 40
0.0
176
     1
 90
        0
176
     1
290
     1
176
     1
290
     1
176
     1
290
     0
176
     1
290
     0
176
     1
290
     0
176
     1
290
     0
176
     1
290
     0
176
     1
290
     0
176
     1
290
     0
176
     1
 90
       50
176
     1
 40
0.0
176
     1
 40
1.0
176
     1
 90
        0
176
     1
 62
    18
176
     1
 90
       50
176
     1
 90
        3
176
     1
 62
     5
420
      255
176
     1
290
     0
176
     1
 90
       50
176
     1
 90
       50
176
     1
 90
       50
176
     1
290
     0
176
     1
 90
       50
176
     1
 62
   256
176
     0
 40
1.0
176
     0
 90
        2
176
     1
  1
strokes_ogs.tif
176
     1
290
     0
176
     1
 40
1.0
176
     1
 40
1.0
176
     1
1001
ACAD
1000
AcDbSavedByObjectVersion
1070
     0
  0
VISUALSTYLE
  5
5F
102
{ACAD_REACTORS
330
2C
102
}
330
2C
100
AcDbVisualStyle
  2
Realistic
 70
     8
177
     3
291
     0
 70
    58
 90
        2
176
     1
 90
        2
176
     1
 90
        0
176
     1
 90
        2
176
     1
 40
0.6
176
     1
 40
30.0
176
     1
 62
     7
420
 16777215
176
     1
 90
        0
176
     1
 90
        0
176
     1
 62
     7
176
     1
 62
   257
176
     1
 90
        1
176
     1
 90
        1
176
     1
 40
1.0
176
     1
 90
        8
176
     1
 62
   257
176
     1
 40
1.0
176
     1
 90
        1
176
     1
 90
        6
176
     1
 90
        2
176
     1
 62
     7
176
     1
 90
        3
176
     1
 90
        0
176
     1
 90
        0
176
     1
290
     0
176
     1
 90
       13
176
     1
 40
0.0
176
     1
 90
        0
176
     1
290
     0
176
     1
290
     1
176
     1
290
     1
176
     1
290
     0
176
     1
290
     0
176
     1
290
     0
176
     1
290
     0
176
     1
290
     0
176
     1
290
     0
176
     1
 90
       50
176
     1
 40
0.0
176
     1
 40
1.0
176
     1
 90
        0
176
     1
 62
    18
176
     1
 90
       50
176
     1
 90
        3
176
     1
 62
     5
420
      255
176
     1
290
     0
176
     1
 90
       50
176
     1
 90
       50
176
     1
 90
       50
176
     1
290
     0
176
     1
 90
       50
176
     1
 62
   256
176
     0
 40
1.0
176
     0
 90
        2
176
     1
  1
strokes_ogs.tif
176
     1
290
     0
176
     1
 40
1.0
176
     1
 40
1.0
176
     1
1001
ACAD
1000
AcDbSavedByObjectVersion
1070
     0
  0
VISUALSTYLE
  5
60
102
{ACAD_REACTORS
330
2C
102
}
330
2C
100
AcDbVisualStyle
  2
Wireframe
 70
     5
177
     3
291
     0
 70
    58
 90
        0
176
     1
 90
        2
176
     1
 90
        0
176
     1
 90
        0
176
     1
 40
0.6
176
     1
 40
30.0
176
     1
 62
     7
420
 16777215
176
     1
 90
        1
176
     1
 90
        4
176
     1
 62
     7
176
     1
 62
   257
176
     1
 90
        1
176
     1
 90
        1
176
     1
 40
1.0
176
     1
 90
        0
176
     1
 62
   257
176
     1
 40
1.0
176
     1
 90
        1
176
     1
 90
        6
176
     1
 90
        2
176
     1
 62
     7
176
     1
 90
        3
176
     1
 90
        0
176
     1
 90
        0
176
     1
290
     0
176
     1
 90
        1
176
     1
 40
0.0
176
     1
 90
        0
176
     1
290
     0
176
     1
290
     1
176
     1
290
     1
176
     1
290
     0
176
     1
290
     0
176
     1
290
     0
176
     1
290
     0
176
     1
290
     0
176
     1
290
     0
176
     1
 90
       50
176
     1
 40
0.0
176
     1
 40
1.0
176
     1
 90
        0
176
     1
 62
    18
176
     1
 90
       50
176
     1
 90
        3
176
     1
 62
     5
420
      255
176
     1
290
     0
176
     1
 90
       50
176
     1
 90
       50
176
     1
 90
       50
176
     1
290
     0
176
     1
 90
       50
176
     1
 62
   256
176
     0
 40
1.0
176
     0
 90
        2
176
     1
  1
strokes_ogs.tif
176
     1
290
     0
176
     1
 40
1.0
176
     1
 40
1.0
176
     1
1001
ACAD
1000
AcDbSavedByObjectVersion
1070
     0
  0
DICTIONARYVAR
  5
17B
102
{ACAD_REACTORS
330
176
102
}
330
176
100
DictionaryVariables
280
     0
  1
1:1
  0
DICTIONARYVAR
  5
178
102
{ACAD_REACTORS
330
176
102
}
330
176
100
DictionaryVariables
280
     0
  1
STANDARD
  0
DICTIONARYVAR
  5
177
102
{ACAD_REACTORS
330
176
102
}
330
176
100
DictionaryVariables
280
     0
  1
STANDARD
  0
DICTIONARYVAR
  5
179
102
{ACAD_REACTORS
330
176
102
}
330
176
100
DictionaryVariables
280
     0
  1

  0
DICTIONARYVAR
  5
17A
102
{ACAD_REACTORS
330
176
102
}
330
176
100
DictionaryVariables
280
     0
  1

  0
DICTIONARY
  5
18
330
16
100
AcDbDictionary
280
     1
281
     1
  0
DICTIONARY
  5
53
330
52
100
AcDbDictionary
280
     1
281
     1
  3
FBXASSET
360
54
  0
DICTIONARY
  5
50
330
4F
100
AcDbDictionary
280
     1
281
     1
  3
FBXASSET
360
51
  0
DICTIONARY
  5
D
330
B
100
AcDbDictionary
280
     1
281
     1
  3
BUMPTILE
360
E
  3
DIFFUSETILE
360
F
  3
FBXASSET
360
10
  3
OPACITYTILE
360
11
  3
REFLECTIONTILE
360
12
  0
DICTIONARY
  5
5E
330
5D
100
AcDbDictionary
280
     1
281
     1
  3
ACAD_ROUNDTRIP_2008_TABLESTYLE_CELLSTYLEMAP
360
17C
  0
XRECORD
  5
54
102
{ACAD_REACTORS
330
53
102
}
330
53
100
AcDbXrecord
280
     1
 70
     1
 90
429727718
  1
D62C5603-E3A1-4AEA-B7FB-FE5D8D0755AF
310
504B03040A0000080000CC70623B3DEE336E79000000790000001B0000006175746F6465736B2D64657369676E2D7061636B6167652E786D6C3C3F786D6C2076657273696F6E3D22312E302220656E636F64696E673D227574662D3822203F3E3C666F726D6174733E3C666F726D61743E687474703A2F2F736368656D612E
310
6175746F6465736B2E636F6D2F64657369676E2D7061636B6167652F323030393C2F666F726D61743E3C2F666F726D6174733E504B0304140006080800CC70623BD486FD9CA0000000F4000000130000005B436F6E74656E745F54797065735D2E786D6C7D8EC10E82300C865F65E91D8A1E8C310C0EEA1BF002731658846E
310
D98AC1B77784ABF1D8FE5FBFBF75BBCE937A534CCEB38643598122B6FEE978D0B0485F9C41B54DDD7D022595594E1A469170414C76A4D9A4D207E29CF43ECE46F218070CC6BECC4078ACAA135ACF422C856C0E68EA1BF5669944DDD7BCDE7B1F8E415D77AECB980613C2E4AC91FC167A2B244592486606FC29C8FD7F045B9A
310
EF7053A7E60B504B0304140006080800CC70623B853B8169EB0000007C01000008000000636F72652E786D6C8D90416EC3201045AF62CDB6C206821CC7C244919D9CA01740401C94182C03558F5F9C3852BBEB6A467FFE9B197D7EFC9E1EC5975982F5AE035262288C535E5B377690E21535501C055FBC8FBF6C503839990E
310
5619041F179FE64D52DE45E362569DD7661365082642A11EB9E920A89B99642953CC8E702F67A9EE7234257977194EC9EAE275C4EABCCF5EAD5940D4AC6F0E35A568B8F43562CD7046CD199FD07E60174276A7BE677B5EADB0E0D14EEFFB6A31321A0D82627C4084204C3F096B71DD52F6819B16635EADF63F509AF53FA164
310
5DDCD1EDDD17164090FCC8732078B56691CB33A85CD7DCC40F504B0304140006080800CC70623B55019EA25F0000007C00000007000000636E782E786D6C4DCB3B0E80201045D1AD90E915ED2CF8AC45050C11660C8261F98AB1B07AC9C97D42D718D865D3E909258CFD00CCE24AC6E326A164D74DC0B4128928FF32603847
310
2BA13128B1252AC747C6BAB984FC68F0B87FE8960A5C09FE86CFB69FBA01504B0304140006080800CC70623BDBABAAF470010000D40300000C0000006662782F636F72652E786D6CC553D16E823014FD95A6AF4B694182CC941A83FA05FB810A9511A125A5257EFE2E82712ECEB8A7F100CD39F7F69E734AF9FADC366850B6
310
AF8DCE7018308C942E4C59EB2AC3DE1D498AD15A706B8CFB56869196ADCAF00863C12B6B7C374385D14E6907A836A59A41D9F7CA615434B0C8705F7CAA5606D23BA8E84F41278B93AC54100640439DE0BDB320004D43C63716C7C399D30917DCFBBA9CD9BA8469F5B156168B24CED3F7248AC8769F27244EB73B92EED8862C
310
B7F13E0C179B3C8F979C8ECD82BBBABDAA2BAC924E9558448CBD9330242CFA08E3154B5651FCC6D215639C8EE5774DBE2B5F6CF2B5768B68963BB5F5588420E442FC700B1139D4CB01F450C1E918227C2E09DF070D8140C84E1E9AAB8F1340832A9CB13130A5F1376A908D57309505ECF2A0DF179C4E9D30F5B239B87E3823
310
7A79C6F31DE1A8A5AEC08474B03C7837EAE4938639B44E5932B833D2C6B6B279CDC613877FA26EE21F4A2A4C63EC7F29A2F301D1F9F7A0E37D145F504B0304140006080800CC70623B9C113CC27E0000009D0000000B0000006662782F636E782E786D6C4DCCDF0A83201C86E15B91DFB94BFB330DD428C8FB886521330DA7
310
6397BF1A1DECE883878F57749FCDA1B7892F1BBC047A23808C7F84D9FA55424E0BE6803A256208E9EF06C84F9B91703228B1C690F78B66B34CD9A5439DF5CF0BFBF65E35BCA1B8D6A5C6F540381E886698B5741C695F9503EBA150A2F8958E3DC3EA0B504B0304140006080800CC70623B7DF2F77C2A010000120200003100
310
00006662782F41393633353835312D344632462D344230382D423046372D3739314545314133324237412F636F72652E786D6C8D51DB8EC22014FC15C2939B0D2DB4B45643319AE817EC0F6041255A68B86CFCFC856D4D76DF7CE190393373060EDB3DC707F856CE6B6B7A480A0C81328395DA5C7B18C3057510EC3873D686
310
3F34088C18550F330C39BB3A1BA7051AAC09CA84841A2BD5020AEF55806078A44B0FFD7053A328440C89E1EFC52486BBB8AA8214A99D789CF9E05200300FC927E4FB4D5B375D43103D5527440FB843077C5AA3F5861C8F645F5787F59E95B390B318B55CE45AA638FAA2957BD7248B390B7A7CC51F9C124149C82B8C378810
310
84AB2F42B7B8DD56F413775B8C5999E9FF4471926F8AA236A1AE96B8B3CC434E5839373893369E1FAF30EA395917409EB7F26AF8801C171837A4A6AC9C89E9F9C9B1A58BA30FD6A5EF5DDDCF894B9AD9B6A59C957943A9FCAE2FD5BC4DFE03504B0304140006080800CC70623BAD7543B64E01000033030000300000006662
310
782F41393633353835312D344632462D344230382D423046372D3739314545314133324237412F636E782E786D6CD593CD6EC32010845F0571AD6CE3D48AD20813A9873E410FBD12D82434182C7EAAE6EDBB2424CD25871E7B41D6EC30B3FA84F9E67BB2E40B4234DE8DB46F1925E094D7C6ED479AD3AE5951B2113C789FEE
310
6C943839C1488B4C05DF079FE72A69D8C96C13AAD6B8631503449F83828872B949AC57D26200B826A308D316B4064D6E46FCDA41C05550DC9E483A00797BFD207EFB092A45DE9514C1BBD22178396BD39D891265658C238DEA00936C654E5E433CB65A26D9F6EDB5EBC14EBF49A45CB856E66048291F6939A9A81BB5C89177
310
38143CA680F4AA299D66A042CEB3354A2684DC9D8D178FE0D9B8B41CAAD720F880EE7EF93C0C18769E099ECC04D5A102C8049A8A05632F4DDF376CF1DE0F6BB65C2F8627B65A33C6BB62177CEBBDAD973006829F89F22E814B54F4BC2BE347F8AA8F681390B50FA73F804400B5F542E796F19FF974E7F78DB802FE05E20750
310
4B0304140006080800CC70623BE75B7789680500003C100000340000006662782F41393633353835312D344632462D344230382D423046372D3739314545314133324237412F6F626A656374732E786D6CAD575B8F9B3818FD2B887D06C22499CB8AA1CA655245D5B455A356FB305264C061D8018C6C3393D95FBFC7600890
310
A4CD5EF210B0B1BFEBF98E3F7B1FF6596ABC522E1296DF9BAE3D320D9A872C4AF2F8DE2CE5CEBA358D0FBEC719939D65A691938CDE9B6ADAF4BD98B3B2D05311DD91329583D9D5FC0F438434A7A611A644887B5384CF34233629258BA878B12322891DEFF6B66BD70BFB62634E8AE781D082709A4B588AF91C528CDA28B73F
310
1C998EEF39EABBEFA97FBD6A7C7E9553F9D3D79FE442923C3C523610337627CB87ABE99D359D4CC6D6E4FACAB5E6ABF9D2726FC6A3C5F56271377BB88362213924694B38DD99FE47C48627A1E7D49F5A8BB5E1A74C0A599ED3B0F21F1E56366B89112D681E218F0915D0D6F17AD41FBA2A369DCF6335D62ABBD39779D5DDD1
310
11D4D8DE3CBB96B2E04FB8202E41051754A1AA8E8F76B4C6DFE810B580B1547F4B84911149794252234D024EF8BBE963A95AE27B3D310A9D5C215C7960FAEE415ED75694C6AFB17BCACA5D99A60A9AA65F217B0BFC53292ACB92BF283FAD0D3621576592CB5BED907C2FA8E9DF794E35E97BEA31BED21FEB401ABB94C44839
310
DCACBF0E1C5DA8DA5B2F4DFFD32AD86F543D9E565E7056502E157C00AD2671CD534549AB752FCA9CDA00677A313F04E51B22FF19E57B300579E3C97EB29F682D92935CEC18CF901B7B54FD8C51F362B56FC72FE0B3C1EAE335EDCCBF5AEC39ADB17DC238973F804BA5E6F6BFE7AF1FB32E523BE9F3BD571418E3631DCA4D48
310
5250CF639223210A9446CA30052EDF057BD35F8329C1ECD84552BF0DC8D18BE7BCE23BFE6BD960AB4A7DE79923A103BEBD80F911CBAA2C60DB19B01CF164A5583B772EE6D3FFA56666CBCDA74DC97724A48F9A58967497E489C4D979006FD7A05E227A1EBDD0F737C623387A9C844D3709995625106D157315F8B8392CD4E0
310
A0B9A720C4BE9829CEF37EA1E13111214D53925356365ADA634861B52519DD27A00AEB808EAF0628E6F435519D446F45CF2C9CF5214F0A15B2F6D06B79DA3EE3CBF7F56780D2F4E7EF73A0F5E5B02A38D07DC852C6B7C1FBB6664213E0C39E3EBA7FF4E1AD23EA2829407C85E586727488B751B2DB9502BC7B228A3FD68B6E
310
A65A22397E690AA8D158D7E404EC8CDA235CC3B7D1898680131CEC2CDF2638C65196279577750F15884AEE19F94199155B92B13297978469D4F8D358DF0AEF7631E28DC8F0D9F437D5D39A83B2231A1D52D543813A824EF8D44BCFF2FA6A31BD1E8DAD87F1CCB526B3879935BF59CDADD5C37479BB1CDD4CA7B3556B516589
310
EF352754B706114D9C885EC9131DE6EFEB43D99AFE2391C2F958179413D7CFEF6B1B6DB1E7600F00DE6E5C67454A339A4BA2E0FBA85ED26F045D454F463DBFCE484C2F90F2E5E3666003662ED8F755951A7D1BECD5B30B550B2785C8E7320B7292A4838DDA71BBC863ED7613CAF659337A3354231D4FF4A182A54904C2898C
310
98B28C4AD0CE056CCF332A80986E571EE9DBC305BB5FEB7E509220A58D25CF042D712A806AC0AD0C657FDEF80D2D9CEAA2EE4D1C76F60BFE74219A06527D6F82DF6412526107381E55E353090704D085B52408A8913C4ED159D79BDA71BB4BC506F4831350EB6F975CD22D69BF7AC49B91A2C0A9DDA3D5CA36AD20FC478E37
310
E61844E2352865EBCB61A275A65283CAAA9DD27703B4102F5AF51EF5F573B75CBB5AD38BC845F7A49F82A0966A49C2E3EA5EA0ECD326CD965F1DB402C6FA8B51A4658C5C5E2EC9E214602E55810345408596591009A82E7E7FFACA19EEA299B14A0081A705CB3296EBC14CDF658DCD336EA6D1136881AAEB87B81AB9EE53D5
310
F5EB8BC8362082DA24122F98680A4E7930C01A0079749CEA14382A0783E5EBA5A10F8C098456A03D6A4AEB6BB881E2513747552A5DB22C7EDAF83BD5528081A365F7FF06504B0304140006080000CC70623B000000000000000000000000350000006662782F41393633353835312D344632462D344230382D423046372D37
310
39314545314133324237412F76657274696365732E62696E504B0304140006080800CC70623BF270F1330600000004000000360000006662782F41393633353835312D344632462D344230382D423046372D3739314545314133324237412F747269616E676C65732E62696E636660600000504B0304140006080000CC7062
310
3B000000000000000000000000370000006662782F41393633353835312D344632462D344230382D423046372D3739314545314133324237412F617474726962757465732E62696E504B0304140006080800CC70623B08DA0BD19000000041010000360000006662782F41393633353835312D344632462D344230382D4230
310
46372D3739314545314133324237412F6469726563746F72792E786D6C858F410AC3201045AF22B36F53E9A60B35CBEEBAE80D244E44489C6234F4F835464A48035D0DF398FF9F8AF63D0E6CC63039F212F8F9020C7D47C6792B21C5FE7403D62A1188E2E60C98D7234A5830286103A55745067B9D86B8A3CF9C7F90C11DE6
310
07FB144396D7B6A82D282E9A152AD114D5EF2CB866EEE831B8EEA07A7BB5A8D7D61A2BAAEB7FD5F70921FF497D00504B0304140006080800CC70623BEDD1DC58FD000000A00100003B0000006662782F41393633353835312D344632462D344230382D423046372D3739314545314133324237412F7265736F75726365732F
310
636F72652E786D6C8D504B6E833010BD0A9A6D65B00922041947112427E8052C33A156828DFCA97AFC9A40A576D7CDCCE87D344F8F9FBFE667F689CE6B6B3A6039850C8DB2A336530731DC4903D95970676DF82583CCC8193B5861107C72362E3BA4AC096842428D1D7107A5F7182053CF7474E0D507CE32973124857FE48B
310
540F3961CEF244279DE03EB81420DB9EAC1384436FA353E879B1B182C7A8C75DA3C7F453DF353A1075D537A7BA6464B8F535A99AE14A9A2BBD90E350DD183B5CFABE3AF262350B1EF4FC9351399401471025A527C218A1E53BAB5A5AB765F5469B96525EACF23FA6B88CFF34456DC2A1DCE36E360F82A5202F42F062ED2BAD
310
579969AFDD8A6F504B010214000A0000080000CC70623B3DEE336E79000000790000001B00000000000000000000000000000000006175746F6465736B2D64657369676E2D7061636B6167652E786D6C504B01021400140006080800CC70623BD486FD9CA0000000F40000001300000000000000000000000000B20000005B
310
436F6E74656E745F54797065735D2E786D6C504B01021400140006080800CC70623B853B8169EB0000007C010000080000000000000000000000000083010000636F72652E786D6C504B01021400140006080800CC70623B55019EA25F0000007C000000070000000000000000000000000094020000636E782E786D6C504B
310
01021400140006080800CC70623BDBABAAF470010000D40300000C00000000000000000000000000180300006662782F636F72652E786D6C504B01021400140006080800CC70623B9C113CC27E0000009D0000000B00000000000000000000000000B20400006662782F636E782E786D6C504B01021400140006080800CC70
310
623B7DF2F77C2A010000120200003100000000000000000000000000590500006662782F41393633353835312D344632462D344230382D423046372D3739314545314133324237412F636F72652E786D6C504B01021400140006080800CC70623BAD7543B64E010000330300003000000000000000000000000000D2060000
310
6662782F41393633353835312D344632462D344230382D423046372D3739314545314133324237412F636E782E786D6C504B01021400140006080800CC70623BE75B7789680500003C10000034000000000000000000000000006E0800006662782F41393633353835312D344632462D344230382D423046372D3739314545
310
314133324237412F6F626A656374732E786D6C504B01021400140006080000CC70623B0000000000000000000000003500000000000000000000000000280E00006662782F41393633353835312D344632462D344230382D423046372D3739314545314133324237412F76657274696365732E62696E504B01021400140006
310
080800CC70623BF270F133060000000400000036000000000000000000000000007B0E00006662782F41393633353835312D344632462D344230382D423046372D3739314545314133324237412F747269616E676C65732E62696E504B01021400140006080000CC70623B0000000000000000000000003700000000000000
310
000000000000D50E00006662782F41393633353835312D344632462D344230382D423046372D3739314545314133324237412F617474726962757465732E62696E504B01021400140006080800CC70623B08DA0BD1900000004101000036000000000000000000000000002A0F00006662782F41393633353835312D344632
310
462D344230382D423046372D3739314545314133324237412F6469726563746F72792E786D6C504B01021400140006080800CC70623BEDD1DC58FD000000A00100003B000000000000000000000000000E1000006662782F41393633353835312D344632462D344230382D423046372D3739314545314133324237412F7265
310
736F75726365732F636F72652E786D6C504B0506000000000E000E0080040000641100000000
  0
XRECORD
  5
51
102
{ACAD_REACTORS
330
50
102
}
330
50
100
AcDbXrecord
280
     1
 70
     1
 90
429727718
  1
30362254-06B7-45E0-A893-8CFA70E3D6BC
310
504B03040A0000080000CC70623B3DEE336E79000000790000001B0000006175746F6465736B2D64657369676E2D7061636B6167652E786D6C3C3F786D6C2076657273696F6E3D22312E302220656E636F64696E673D227574662D3822203F3E3C666F726D6174733E3C666F726D61743E687474703A2F2F736368656D612E
310
6175746F6465736B2E636F6D2F64657369676E2D7061636B6167652F323030393C2F666F726D61743E3C2F666F726D6174733E504B0304140006080800CC70623BD486FD9CA0000000F4000000130000005B436F6E74656E745F54797065735D2E786D6C7D8EC10E82300C865F65E91D8A1E8C310C0EEA1BF002731658846E
310
D98AC1B77784ABF1D8FE5FBFBF75BBCE937A534CCEB38643598122B6FEE978D0B0485F9C41B54DDD7D022595594E1A469170414C76A4D9A4D207E29CF43ECE46F218070CC6BECC4078ACAA135ACF422C856C0E68EA1BF5669944DDD7BCDE7B1F8E415D77AECB980613C2E4AC91FC167A2B244592486606FC29C8FD7F045B9A
310
EF7053A7E60B504B0304140006080800CC70623B1EC5D7A3EB0000007C01000008000000636F72652E786D6C8D90416EC3201045AF82665B6103C6756C6122AB4D4ED00B204C5C94182C03558F5F9C3852BBEB6A467FFE9B197D71FC9E6FE8CBACC17AD7032D0820E3B41FAD9B7A48F1820F808E52ACDEC75F36404ECDA687
310
4D0629A6D5A76597B477D1B89855E747B38B2A041301E95B6E7A08FAD3CCAA50296647B8168BD2573599823EBB0CA76447F43862C7BCCF5EAC59410E4DDD9C7973C2755553CCCFA4C603E3040F1565ED3B1FDE4E432BCA0D9622DAF9795FAF464533826484B498524CD807E51D79ED187F21878E10516EF63F505AC67F42C9
310
BA58B1FDDD071640D2FCC87D2045B96591CB3DA85CB7DCE40F504B0304140006080800CC70623B55019EA25F0000007C00000007000000636E782E786D6C4DCB3B0E80201045D1AD90E915ED2CF8AC45050C11660C8261F98AB1B07AC9C97D42D718D865D3E909258CFD00CCE24AC6E326A164D74DC0B4128928FF32603847
310
2BA13128B1252AC747C6BAB984FC68F0B87FE8960A5C09FE86CFB69FBA01504B0304140006080800CC70623B8C9102E971010000D40300000C0000006662782F636F72652E786D6CC5535B6E833010BC8AE5DF0A6C08340F1947A84D4ED00B38C6A128602363A31CBFCB234A53A551FA553EC09AD9F5CE8C31DB9E9B1AF5CA
310
7695D1198E428A91D2D214952E33ECDD315861B4E5CC1AE3BE9561A445A3323CC098B3D21ADFCE9034DA29ED00D5A6503328BA4E398C640D8B0C77F253352214DE4145770A5B214FA2546114020D759C75CE8200340D19DE981F0F6746269C33EFAB6266AB02A655C74A59CCF365BADC27CB5D902ED22848F6340DF238A141
310
BE88E2F57B92BFEDF23523433367AE6A2EEAA455C2A902F398D2751045018D3FA264435F3771F242571B4A1919CA6F9A7C5B3CD9E42BED16F12C776AEB308F40C848FC700B1139D4891EF410CEC810227CC6846F8386402064270EF5C5C709A05E49676C024C61FC95EA45ED154CA5211D1FF4FB8291A913A68E9B83EBBB33
310
E2A7673CDE118E5AE8124C0807CB8377834E366998436B950D7A7746DAD846D4CFD978E0F04FD455FC5D49D2D4C6FE9722321F10997F0F32DC47FE05504B0304140006080800CC70623BFFEA85907E0000009D0000000B0000006662782F636E782E786D6C4DCCD10A83201886E15B91FFDC95D95A811AB6F23E625948A6C3
310
E9D8E5AF46073BFAE0E1E365ED67B3E8ADC3CB78C7815C7240DA3DFC64DCC221C519D7805AC182F7F1EF06C88D9BE6703008B6049F9E274D7A1E938DBB5AE3D6131B2589BA0D3D965551E0B2EA732C9B9A624AAEB41E3A557677029960D9AFB4EF11165F504B0304140006080800CC70623B4FEEA4082C0100001202000031
310
0000006662782F39464131463745442D413632322D343644302D413938332D3331353338454246344243312F636F72652E786D6C8D515B6EC32010BC0AE2AB55850DD871ED0813254D72825EC00192A2C460F1A872FC42ED48ED5F7E00CDCECCCEB26C731F6FE05B39AFADE921293004CA082BB5B9F43086336A21D870E6AC
310
0D7F68109861543DCC30E4ECE26C9C164858139409093556AA051CBC570102714B8F1E7AF1A5C6A11862480C7F2DA6415C878B2A4891CA89C7990F2E050073937C42DE1DB7E4F87ED8A36D4329AA9B3D46DBAEAD504556557BD81DEBDD0761E52CE42C462D17B996298E3E6BE59E35C962CE821E1FF18553435012728A7187
310
0841987E927A8D9B35ADDF70BBC6989599FE4F1427F9A4286A132ABAC49D651EF234CD5CE04CDA78BA3DC2A8FB645D00B9DF8B57E215725C60BCA2A463E54C4CE327C7A65E1C7DB02E7DEFCBF594B864C5CA6CDBD49C957943E9FA5D5FBAF336F90F504B0304140006080800CC70623BAD7543B64E01000033030000300000
310
006662782F39464131463745442D413632322D343644302D413938332D3331353338454246344243312F636E782E786D6CD593CD6EC32010845F0571AD6CE3D48AD20813A9873E410FBD12D82434182C7EAAE6EDBB2424CD25871E7B41D6EC30B3FA84F9E67BB2E40B4234DE8DB46F1925E094D7C6ED479AD3AE5951B2113C
310
789FEE6C943839C1488B4C05DF079FE72A69D8C96C13AAD6B8631503449F83828872B949AC57D26200B826A308D316B4064D6E46FCDA41C05550DC9E483A00797BFD207EFB092A45DE9514C1BBD22178396BD39D891265658C238DEA00936C654E5E433CB65A26D9F6EDB5EBC14EBF49A45CB856E66048291F6939A9A81BB5
310
C8917738143CA680F4AA299D66A042CEB3354A2684DC9D8D178FE0D9B8B41CAAD720F880EE7EF93C0C18769E099ECC04D5A102C8049A8A05632F4DDF376CF1DE0F6BB65C2F8627B65A33C6BB62177CEBBDAD973006829F89F22E814B54F4BC2BE347F8AA8F681390B50FA73F804400B5F542E796F19FF974E7F78DB802FE05
310
E207504B0304140006080800CC70623B16AB87BA640500003C100000340000006662782F39464131463745442D413632322D343644302D413938332D3331353338454246344243312F6F626A656374732E786D6CAD575B6FA33818FD2B887DE6924B3BED8A326A92B68A663B534DD4D13E548A0C38942D60649B369D5FBFC7
310
600890A493BDE42160637FD7F31D7FF63E6FB3D478A55C242CBF3247B66B1A340F5994E4F19559CA8D75611A9F7D8F33263BCB4C232719BD32D5B4E97B316765A1A722BA21652A07B3B7B33F0D11D29C9A46981221AE4C113ED38CD8A4942CA2E2C58E882476BCD9DA23BB5ED8171B73523C0F841684D35CC252CCE79062D4
310
468DFA43D7747CCF51DF7D4FFDEB5593E3AB9CCA9FBEFE241792E4E19EB28198C968BAB8199F5D5A67D3E9C49A9E8F47D6EC76B6B0469F26EEFC7C3EBFBCBEB98462213924694B38DD98FE1D62C393D073EA4FADC5DAF04326852CCF6958F90F0F2B9BB5C48816348F90C7840A68EB78EDF68723159BCEE7891A6B95DDE9D3
310
BCEAEEE8086A6C6F9E5D4B59F0175C10A7A0820BAA5055C7473B5AE3CFDD452D602CD5DF12616444529E90D448938013FE6EFA58AA96F85E4F8C42275708571E98FE6827AF6B2B4AE3D7D83D64E5A64C53054DD3AF90BD06FEA9149565C94FCA0F6B834DC85599E4F2423B24DF0B6AFA979E534DFA9E7A4CC6FA631D486393
310
921829879BF5D781A373557BCB85E97FB90DB62B558F8795179C15944B051F40AB495CF35451D26A4727654E6D8033BD98EF82F21D91FF8AF2DD9982BCF1643BDD4EB516C9492E368C67C88DED563FC36D5EACF66DFF057C3658BDBFA69DF9578B3DA735B64F18C7F20770A9D45CFCF7FCF563D6456A277DBEF78A02637CA2
310
43B90A490AEAB94F72244481D24819A6C0E59B606BFA4B3025981DBB48EAB701D97BF19C577CC77F2D1B6C55A9EF3C732474C0B727303F625995056C3B02963D9EAC146BE78EC5FCEC7FA999EBC5EACBAAE41B12D27B4D2C0BBA49F244E2ECDC81B76B502F113D8F5EE8FB1BE3111CDD4FC2AA9B844CAB1288B68AB90A7CDC
310
1C166AB0D3DC5310625FCC14E779BFD0709F8890A629C9292B1B2DED31A4B0DA928CEE135085754027E3018A397D4D5427D15BD1330B677DC8934285AC3DF45A9EB68FF8F2B8FC0A509AFEECFD0FF2DE25CC6047F7214B195F07EFEB9A094D800F7BFAE8FED187B78EA8A3A400F115961BCAD1215E47C966530AF0EE8128FE
310
58CEBB996A8964FFA529A046635D9353B0336A8F700DDF46271A024E70B0B37C9DE01847591E54DED53D54202AB947E4076556AC49C6CA5C9E1226B7F1A7B1BE15DEED62C41B91E1B3E9AFAAA735036547343A925075041DF0A9979E893B391F8FCFA6967B3EFB644DCF6E5CEBFAE272625DCC6FAF3FB93793C5F90CE1EF57
310
407342756B10D1C489E8953CD1617E5CEECAD6F4EF8914CE5D5D504E5C3F1F9736DA62CFC11E00BCDDB8CC8A9466349744C1F75EBDA4DF09BA8A9E8C7A7E9991989E20E5DBDD6A6003664ED8F7A04A8DBE0DF6EAD9B9AA858342E47399053949D2C146EDB85DE4B176BB0965FBAC19BD19AA918E27FA50C1D22402E144464C
310
59462568E704B6E71915404CB72B8FF4EDE184DDAF753F284990D2C6926782963815403548A70C657FDEF80D2D9CEAA2AE4C1C76F60BFE74219A06527D6582DF6412526107381E55E353090704D085B52408D0933C4ED159D79BDA71BB4BC506F4831350EB6F979CD22D69BF7AC49B91A2C0A9DDA3D5CA36AD20FC478E37E6
310
1844E2352865EBCB6EA275A652E3836BE04EFB400BF1A2556F515F1FBB35B2AB35BD889C744FFA1004B5544B121E57F70215746DD2F5E2C1412B602CBF19455AC6C8E5E9922C4E01E65215385004546899059180EAFCF7A707CE7017CD8CDB0410789AB32C63B91E5CEBBBACB17AC6CD347A022D5075FD106377347AAABA7E
310
7D11590744509B44E205134DC1290F06580320F78E537D3D73540E06CB970B431F185308AD40BBD794D6D77003C5A36E8EAA54BA64597CD8F83BD552A080A365F7FF06504B0304140006080000CC70623B000000000000000000000000350000006662782F39464131463745442D413632322D343644302D413938332D3331
310
353338454246344243312F76657274696365732E62696E504B0304140006080800CC70623BF270F1330600000004000000360000006662782F39464131463745442D413632322D343644302D413938332D3331353338454246344243312F747269616E676C65732E62696E636660600000504B0304140006080000CC70623B
310
000000000000000000000000370000006662782F39464131463745442D413632322D343644302D413938332D3331353338454246344243312F617474726962757465732E62696E504B0304140006080800CC70623B08DA0BD19000000041010000360000006662782F39464131463745442D413632322D343644302D413938
310
332D3331353338454246344243312F6469726563746F72792E786D6C858F410AC3201045AF22B36F53E9A60B35CBEEBAE80D244E44489C6234F4F835464A48035D0DF398FF9F8AF63D0E6CC63039F212F8F9020C7D47C6792B21C5FE7403D62A1188E2E60C98D7234A5830286103A55745067B9D86B8A3CF9C7F90C11DE607
310
FB144396D7B6A82D282E9A152AD114D5EF2CB866EEE831B8EEA07A7BB5A8D7D61A2BAAEB7FD5F70921FF497D00504B0304140006080800CC70623B0D6EF93BFE000000A00100003B0000006662782F39464131463745442D413632322D343644302D413938332D3331353338454246344243312F7265736F75726365732F63
310
6F72652E786D6C8D50596E833010BD0A9ADFCA60B334011947A8694ED00B586642AC041B79A97AFC9A40A5F6AF3F33A3B7689E1E3F7DCD8FEC139DD7D6F4C0720A191A65476DA61E62B892236427C19DB5E1970C322367EC618541F0C9D9B8EC90B226A009093576C41D94DE63804C3DD2D18357379C652E63480A7FCF17A9
310
EE72C29CE5894E3AC17D702940B63D59270887DE46A7D0F36263058F518FBB468FE9A7BE6A7420864373B8D4873369AA8691FA421B3294352543C5CAF65C0F6FEF43CB8BD52C78D0F34F46E550061C419494B6843142CB0F5677F4B52BEB177AEC28E5C52AFF638ACBF84F53D42654E51E77B379102C05791282176B5F693D
310
CB4C7BED567C03504B010214000A0000080000CC70623B3DEE336E79000000790000001B00000000000000000000000000000000006175746F6465736B2D64657369676E2D7061636B6167652E786D6C504B01021400140006080800CC70623BD486FD9CA0000000F40000001300000000000000000000000000B20000005B
310
436F6E74656E745F54797065735D2E786D6C504B01021400140006080800CC70623B1EC5D7A3EB0000007C010000080000000000000000000000000083010000636F72652E786D6C504B01021400140006080800CC70623B55019EA25F0000007C000000070000000000000000000000000094020000636E782E786D6C504B
310
01021400140006080800CC70623B8C9102E971010000D40300000C00000000000000000000000000180300006662782F636F72652E786D6C504B01021400140006080800CC70623BFFEA85907E0000009D0000000B00000000000000000000000000B30400006662782F636E782E786D6C504B01021400140006080800CC70
310
623B4FEEA4082C0100001202000031000000000000000000000000005A0500006662782F39464131463745442D413632322D343644302D413938332D3331353338454246344243312F636F72652E786D6C504B01021400140006080800CC70623BAD7543B64E010000330300003000000000000000000000000000D5060000
310
6662782F39464131463745442D413632322D343644302D413938332D3331353338454246344243312F636E782E786D6C504B01021400140006080800CC70623B16AB87BA640500003C1000003400000000000000000000000000710800006662782F39464131463745442D413632322D343644302D413938332D3331353338
310
454246344243312F6F626A656374732E786D6C504B01021400140006080000CC70623B0000000000000000000000003500000000000000000000000000270E00006662782F39464131463745442D413632322D343644302D413938332D3331353338454246344243312F76657274696365732E62696E504B01021400140006
310
080800CC70623BF270F133060000000400000036000000000000000000000000007A0E00006662782F39464131463745442D413632322D343644302D413938332D3331353338454246344243312F747269616E676C65732E62696E504B01021400140006080000CC70623B0000000000000000000000003700000000000000
310
000000000000D40E00006662782F39464131463745442D413632322D343644302D413938332D3331353338454246344243312F617474726962757465732E62696E504B01021400140006080800CC70623B08DA0BD190000000410100003600000000000000000000000000290F00006662782F39464131463745442D413632
310
322D343644302D413938332D3331353338454246344243312F6469726563746F72792E786D6C504B01021400140006080800CC70623B0D6EF93BFE000000A00100003B000000000000000000000000000D1000006662782F39464131463745442D413632322D343644302D413938332D3331353338454246344243312F7265
310
736F75726365732F636F72652E786D6C504B0506000000000E000E0080040000641100000000
  0
XRECORD
  5
E
102
{ACAD_REACTORS
330
D
102
}
330
D
100
AcDbXrecord
280
     1
270
     1
271
     1
  0
XRECORD
  5
F
102
{ACAD_REACTORS
330
D
102
}
330
D
100
AcDbXrecord
280
     1
270
     1
271
     1
  0
XRECORD
  5
10
102
{ACAD_REACTORS
330
D
102
}
330
D
100
AcDbXrecord
280
     1
 70
     0
 90
1673772943
  1
ECE7A1D2-D628-4531-984C-D00F80459256
310
504B03040A0000080000CC70623B3DEE336E79000000790000001B0000006175746F6465736B2D64657369676E2D7061636B6167652E786D6C3C3F786D6C2076657273696F6E3D22312E302220656E636F64696E673D227574662D3822203F3E3C666F726D6174733E3C666F726D61743E687474703A2F2F736368656D612E
310
6175746F6465736B2E636F6D2F64657369676E2D7061636B6167652F323030393C2F666F726D61743E3C2F666F726D6174733E504B0304140006080800CC70623BD486FD9CA0000000F4000000130000005B436F6E74656E745F54797065735D2E786D6C7D8EC10E82300C865F65E91D8A1E8C310C0EEA1BF002731658846E
310
D98AC1B77784ABF1D8FE5FBFBF75BBCE937A534CCEB38643598122B6FEE978D0B0485F9C41B54DDD7D022595594E1A469170414C76A4D9A4D207E29CF43ECE46F218070CC6BECC4078ACAA135ACF422C856C0E68EA1BF5669944DDD7BCDE7B1F8E415D77AECB980613C2E4AC91FC167A2B244592486606FC29C8FD7F045B9A
310
EF7053A7E60B504B0304140006080800CC70623BD9DDAED0EC0000007C01000008000000636F72652E786D6C8D90416EC3201045AF82665B61836D9CD8C2444DD39CA01740405C94182C03558F5F9C3852BBEB6A467FFE9B197D7EF89E6EE8CB2CC17A37002D0820E394D7D68D03A478C17B4007C117EFE32F1B20272733C0
310
2A83E0E3E2D3BC49CABB685CCCAAF3DA6CA20CC14440EA969B0182FA34932C648AD911AEC52CD5558EA6A0CF2EC329598D1E47ACCEFBECC59A050463A7EA5833865FEBDD0E37353BE3EE8DBDE3F6786A48D375FBF6CC78B9C282473B3DEFABC5C86834888A900E538A49F5419B9EB47DD5BC907D4F082F57FB1F28CDFA9F50
310
B22ED6D5F6EE030B20687EE43E10BC5CB3C8E51E54AE6B6EE207504B0304140006080800CC70623B55019EA25F0000007C00000007000000636E782E786D6C4DCB3B0E80201045D1AD90E915ED2CF8AC45050C11660C8261F98AB1B07AC9C97D42D718D865D3E909258CFD00CCE24AC6E326A164D74DC0B4128928FF326038
310
472BA13128B1252AC747C6BAB984FC68F0B87FE8960A5C09FE86CFB69FBA01504B0304140006080800CC70623BA24EB22D72010000D40300000C0000006662782F636F72652E786D6CC5535B6E833010BC8AE5DF0A6C5E49888CA3A6694ED00B38E05014B091B1518EDFE511A5A9D228FD2A1F60CDEC7A67C6986DCE4D8D7A
310
69BA4AAB0C073EC548AA5C17952A33ECECD15B61B4E1CC686DBF9561A44423333CC098B3D268D7CE50AE9595CA02AA74216750749DB418E5352C32DCE59FB211BE70162ABA93DF8AFC244AE9073ED050C759670D0840D390E18DF9F1706664C23973AE2A66B62A605A75ACA4C13C4976E1364A12EF355A2EBD384AF65EFA96
310
BC7B8BED2EA6719AAE16FB8491A199335B351775B991C2CA02F390D2D40B028F861F41BCA68B7518BFD0D59A524686F29B26D7164F36B94AD9289CE54E6D1DE6010819891F6E21228B3AD1831EC219194284CF98F06DD01008846CC5A1BEF83801D4CBDC6A1303536877A57A513B0953A94FC707FDBE6064EA84A9E3E6E0FA
310
EE8CF0E9198F7784A316AA0413C2C2F2E0ECA0934D1AE6D05A69BCDE9E91D2A611F573361E38FC1375157F5752AE6B6DFE4B11990F88CCBF0719EE23FF02504B0304140006080800CC70623B408A7D3B7C0000009D0000000B0000006662782F636E782E786D6C4DCCD10A83201886E15B91FFDC552A92A0064DBC8F581632
310
D3703A76F9ABD1C18E3E78F878E5F0D9027ABBFCF2292AE86E2D20171F69F6715550CB827B40839639A5F2770314A7CD293819B45C73AAFB45B35BA61ACAA1C1C7E7855C58C15BC331339661262CC762340413D68D77DA5B42298546CBE6573AF60CEB2F504B0304140006080800CC70623B449FB9BD290100001202000031
310
0000006662782F36394639363044362D344446342D343946362D394244322D3234314243333846323333332F636F72652E786D6C8D515B6EC32010BC0AE22B55850D98B871848994463E412FE002495162B07854397EA176A4F62F3F2C9A9D991D587EB84F37F0AD7D30CEF6905418026DA553C65E7A98E219ED203808EE9D
310
8B7F6810D871D23D2C3014FCE25D9A57483A1BB58D19B54EE9151C43D0110279CB971E06F9A5A7B11A53CC8C70ADE6515EC78BAE4895DB992778883E0700CB907242D17643D7E2538BD869608875438BBAE38922CAC8F1BDD90DB4691A5E2F42C153326A951B95E398B3D1FE599322163C9AE9115F7A3D46ADA0A018778810
310
84E907617BDCEE297BC5BB3DC6BC2EF47FA234AB2745C9D8D8D035EE220B50105E2F0DC1954B9FB747187D9F9D8FA0CCDB042D5FA0C015C65B42DF78BD10F3F3B363CB56C7109DCFDFBBB97E662ED92EB62D13BC2E1BCAE5777DB9966D8A1F504B0304140006080800CC70623BAD7543B64E01000033030000300000006662
310
782F36394639363044362D344446342D343946362D394244322D3234314243333846323333332F636E782E786D6CD593CD6EC32010845F0571AD6CE3D48AD20813A9873E410FBD12D82434182C7EAAE6EDBB2424CD25871E7B41D6EC30B3FA84F9E67BB2E40B4234DE8DB46F1925E094D7C6ED479AD3AE5951B2113C789FEE
310
6C943839C1488B4C05DF079FE72A69D8C96C13AAD6B8631503449F83828872B949AC57D26200B826A308D316B4064D6E46FCDA41C05550DC9E483A00797BFD207EFB092A45DE9514C1BBD22178396BD39D891265658C238DEA00936C654E5E433CB65A26D9F6EDB5EBC14EBF49A45CB856E66048291F6939A9A81BB5C89177
310
38143CA680F4AA299D66A042CEB3354A2684DC9D8D178FE0D9B8B41CAAD720F880EE7EF93C0C18769E099ECC04D5A102C8049A8A05632F4DDF376CF1DE0F6BB65C2F8627B65A33C6BB62177CEBBDAD973006829F89F22E814B54F4BC2BE347F8AA8F681390B50FA73F804400B5F542E796F19FF974E7F78DB802FE05E20750
310
4B0304140006080800CC70623B8D05915C650500003B100000340000006662782F36394639363044362D344446342D343946362D394244322D3234314243333846323333332F6F626A656374732E786D6CAD575B6FA33814FE2B887D06429276DA1565D4266D158D3A339A6846FB502932E050B66023DB74D2FDF5FB190C01
310
9276B2973C046C8ECFF53B17071F77456EBD502133CEAE6CDF9DD81665314F32965ED995DA3A17B6F5310C04E7AA47665B8C14F4CAD6DB7618A48257A5D94AE89654B91AEDDEDDFC61C998326A5B714EA4BCB265FC440BE2924AF184CA6737218AB8E976E7FA6E4338649B0A523E8D98964450A6A029F619B8588D52FE7039
310
B1BD30F0F4F730D0FF866AF6369557DB33949F31A9088B0F848DD8CCFCF9F2767A76E99CCDE733677E3EF59D9BBB9BA5E37F984D16E78BC5E5F5ED25044B25C0C96822E8D60EEFE11B91C581D77CEA34368A1F5329E68CD1B8B61F16D63A1B8E092D294B10C78C4A48EB593D192E7DED9BDEE7995E1B91FDEDD3ACEA9FE831
310
6A756F9F7D4D79F4274C90A7A04248AA51D5F8C718DAE06FB2F75AC4796EBE65D22A88A22223B995679120E2D50E41AA49C260C046A35368846B0BECD0DFF3EBEB8AD4F835768F69B9ADF25C43D30E6B646F807FAA64AD59F61715C7A54127C4AACA98BA3006A9D792DAE165E0D59B61A01FB3A9F9D838D2DAE62445C86166
310
F37564E842E7DE6A69879FEEA2DD5AE7E371E1A5E025154AC307D06A03D73EB5978C58FFA4C8E9033066E0F3BD53BEC1F39F91BE7B55103791EDE6BBB991A2046172CB4581D8B893FA674DDA17A77B3B7C413D1B511FD2743BFF8A38F03A658705E3ADF8015C3A3417FF3D7E439FF591DA0B5F18BC20C1B8981957AE6392A3
310
F43C640C01D1A0B4728E2DD4F26DB4B3C3152A252A3B4E913CEC1C72F012782FF88EFF8637AA552DBEF76408E8A8DE9E50F9E1CB3A2DA0DB1B6039A893B56063DC5B3E3FFB5F72E67AB9FEB4AEC496C4F4C1149625DD662C53E89D7BF0F6151A046260D1337DFDC94502430F83B0EE07A130A224BCAD7DAE1D9FB6CD422FF6
310
920702629C4BB9AE79C12F243C6432A6794E18E5552BA56B431AAB5D91317302B2B071E86C3A42B1A02F999E24061403B5D0EB639195DA655DD3EBEAB4FB862DDF579F014AD0E73C22F99E28DA57FB98E75C6CA2D74D53086D600F4786E0FE3144B771A8A7B900F03594DB8A633CBC49B2EDB69228BB479CF863B5E807AAAB
310
23872F6DFEB4129B949CA33823F58830E86D65621E10047D9DB34D862E8EAC3C2ABC2F7B2C40D67CDFE01F5545B92105AF983AC54D93D69E56FB8E797F88913F898A9FEC705D3F9D1B54EC8426FB500D40A03BD0119B06E1B95DDC7EB8F6975367793EBD70E66733DFB9BC982F9CE564727731999F5D4ECFCE3B8D6A4DC2A0
310
6D50FD148437D110834A64C6CDDF57FBACB5C307A2A477DFE4939736CFEF2B175371E0E10CF0DD1D5C15654E0BCA14D1E87DD02FF93782A162C0A3D95F1524A52770F972BF1EE9809D13CE7DD599467F8ECE9ADD85CE85A34CD45355448C64F9E8A031DC2D596ACC6E5DD93D9B82DE2EF5CAF81363A8E47996A0DE24564A79
310
4115AACE09C55E14540231FDA13C319787134EBF34E3A022514E5B4D9E0826E25C02D5805B15ABE1BEF51B26383D445DD9E875EE33FE4C22DA16427D65A3BCA92CA6D28DD01DF5DC53330704308475351050232CCD31583787BA75774AFB06E5070DD0C8EF484E19968C5D83BA5B90B244D31E54D55A372320FE4786B7EA58
310
44E135AA5467CB7EA333A61683CC6A8C3257034C10CF46F40EF9F5BE59BE5BD30C3C72D235E95D10345C1D45445A5F0BB47E46A5EBE5570F9380B5FA629579952296A773720405982B9DE04011506178964401AA8BDF1FBF0A8EAB6861DD6580C0E38217056766716DAEB2D6FA0917D3E4116581EADB879C4E7CFFB11EFACD
310
3D641311495D92C8676CB409A72D18610D803CE8A626049E8EC1887CB5B44CC39883690DDA8399B4B9855B481E7D71D4A9D22F96E5BB73BF5793020C02137BF837504B0304140006080000CC70623B000000000000000000000000350000006662782F36394639363044362D344446342D343946362D394244322D32343142
310
43333846323333332F76657274696365732E62696E504B0304140006080800CC70623BF270F1330600000004000000360000006662782F36394639363044362D344446342D343946362D394244322D3234314243333846323333332F747269616E676C65732E62696E636660600000504B0304140006080000CC70623B0000
310
00000000000000000000370000006662782F36394639363044362D344446342D343946362D394244322D3234314243333846323333332F617474726962757465732E62696E504B0304140006080800CC70623B08DA0BD19000000041010000360000006662782F36394639363044362D344446342D343946362D394244322D
310
3234314243333846323333332F6469726563746F72792E786D6C858F410AC3201045AF22B36F53E9A60B35CBEEBAE80D244E44489C6234F4F835464A48035D0DF398FF9F8AF63D0E6CC63039F212F8F9020C7D47C6792B21C5FE7403D62A1188E2E60C98D7234A5830286103A55745067B9D86B8A3CF9C7F90C11DE607FB14
310
4396D7B6A82D282E9A152AD114D5EF2CB866EEE831B8EEA07A7BB5A8D7D61A2BAAEB7FD5F70921FF497D00504B0304140006080800CC70623BCA768048FE000000A00100003B0000006662782F36394639363044362D344446342D343946362D394244322D3234314243333846323333332F7265736F75726365732F636F72
310
652E786D6C8D50596E833010BD0A9ADFCA60D600328E9AA639412F609909B1126CE4A5EAF16B0295DABFFECC8CDEA2797AECF8353F924FB44E193D409E5248504B332A3D0D10FC95B4901C39B3C6F85F3248B49871801506CE266BC2B243D2688FDA47549B11775038871E12F988C7004EDE7016A9083E2ADC3D5D84BC8B09
310
D33C8D74D471E6BC8D0192EDC93A815B742658898E651BCB59086ADC356A8C3FD555A1055ED7E7E254D615792D0F075295F585746FF53B694EE78A565DD736979A65AB9933AFE69F8CD2A2F038022F28ED489E135A7CE4554F9BBEA85E68DB53CAB255FEC71496F19FA6A0B42F8B3DEE6673C0F318E4497096AD7DC5F52C33
310
EEB55BFE0D504B010214000A0000080000CC70623B3DEE336E79000000790000001B00000000000000000000000000000000006175746F6465736B2D64657369676E2D7061636B6167652E786D6C504B01021400140006080800CC70623BD486FD9CA0000000F40000001300000000000000000000000000B20000005B436F
310
6E74656E745F54797065735D2E786D6C504B01021400140006080800CC70623BD9DDAED0EC0000007C010000080000000000000000000000000083010000636F72652E786D6C504B01021400140006080800CC70623B55019EA25F0000007C000000070000000000000000000000000095020000636E782E786D6C504B0102
310
1400140006080800CC70623BA24EB22D72010000D40300000C00000000000000000000000000190300006662782F636F72652E786D6C504B01021400140006080800CC70623B408A7D3B7C0000009D0000000B00000000000000000000000000B50400006662782F636E782E786D6C504B01021400140006080800CC70623B
310
449FB9BD290100001202000031000000000000000000000000005A0500006662782F36394639363044362D344446342D343946362D394244322D3234314243333846323333332F636F72652E786D6C504B01021400140006080800CC70623BAD7543B64E010000330300003000000000000000000000000000D20600006662
310
782F36394639363044362D344446342D343946362D394244322D3234314243333846323333332F636E782E786D6C504B01021400140006080800CC70623B8D05915C650500003B10000034000000000000000000000000006E0800006662782F36394639363044362D344446342D343946362D394244322D32343142433338
310
46323333332F6F626A656374732E786D6C504B01021400140006080000CC70623B0000000000000000000000003500000000000000000000000000250E00006662782F36394639363044362D344446342D343946362D394244322D3234314243333846323333332F76657274696365732E62696E504B010214001400060808
310
00CC70623BF270F13306000000040000003600000000000000000000000000780E00006662782F36394639363044362D344446342D343946362D394244322D3234314243333846323333332F747269616E676C65732E62696E504B01021400140006080000CC70623B00000000000000000000000037000000000000000000
310
00000000D20E00006662782F36394639363044362D344446342D343946362D394244322D3234314243333846323333332F617474726962757465732E62696E504B01021400140006080800CC70623B08DA0BD190000000410100003600000000000000000000000000270F00006662782F36394639363044362D344446342D
310
343946362D394244322D3234314243333846323333332F6469726563746F72792E786D6C504B01021400140006080800CC70623BCA768048FE000000A00100003B000000000000000000000000000B1000006662782F36394639363044362D344446342D343946362D394244322D3234314243333846323333332F7265736F
310
75726365732F636F72652E786D6C504B0506000000000E000E0080040000621100000000
  0
XRECORD
  5
11
102
{ACAD_REACTORS
330
D
102
}
330
D
100
AcDbXrecord
280
     1
270
     1
271
     1
  0
XRECORD
  5
12
102
{ACAD_REACTORS
330
D
102
}
330
D
100
AcDbXrecord
280
     1
270
     1
271
     1
  0
CELLSTYLEMAP
  5
17C
102
{ACAD_REACTORS
330
5E
102
}
330
5E
100
AcDbCellStyleMap
 90
        3
300
CELLSTYLE
  1
TABLEFORMAT_BEGIN
 90
        5
170
     1
 91
        0
 92
    32768
 62
   257
 93
        1
300
CONTENTFORMAT
  1
CONTENTFORMAT_BEGIN
 90
        0
 91
        0
 92
      512
 93
        0
300

 40
0.0
140
1.0
 94
        5
 62
     0
340
22
144
6.0
309
CONTENTFORMAT_END
171
     1
301
MARGIN
  1
CELLMARGIN_BEGIN
 40
1.5
 40
1.5
 40
1.5
 40
1.5
 40
0.18
 40
0.18
309
CELLMARGIN_END
 94
        6
 95
        1
302
GRIDFORMAT
  1
GRIDFORMAT_BEGIN
 90
        0
 91
        1
 62
     0
 92
       -2
340
25
 93
        0
 40
1.125
309
GRIDFORMAT_END
 95
        2
302
GRIDFORMAT
  1
GRIDFORMAT_BEGIN
 90
        0
 91
        1
 62
     0
 92
       -2
340
25
 93
        0
 40
1.125
309
GRIDFORMAT_END
 95
        4
302
GRIDFORMAT
  1
GRIDFORMAT_BEGIN
 90
        0
 91
        1
 62
     0
 92
       -2
340
25
 93
        0
 40
1.125
309
GRIDFORMAT_END
 95
        8
302
GRIDFORMAT
  1
GRIDFORMAT_BEGIN
 90
        0
 91
        1
 62
     0
 92
       -2
340
25
 93
        0
 40
1.125
309
GRIDFORMAT_END
 95
       16
302
GRIDFORMAT
  1
GRIDFORMAT_BEGIN
 90
        0
 91
        1
 62
     0
 92
       -2
340
25
 93
        0
 40
1.125
309
GRIDFORMAT_END
 95
       32
302
GRIDFORMAT
  1
GRIDFORMAT_BEGIN
 90
        0
 91
        1
 62
     0
 92
       -2
340
25
 93
        0
 40
1.125
309
GRIDFORMAT_END
309
TABLEFORMAT_END
  1
CELLSTYLE_BEGIN
 90
        1
 91
        1
300
_TITLE
309
CELLSTYLE_END
300
CELLSTYLE
  1
TABLEFORMAT_BEGIN
 90
        5
170
     1
 91
        0
 92
        0
 62
   257
 93
        1
300
CONTENTFORMAT
  1
CONTENTFORMAT_BEGIN
 90
        0
 91
        0
 92
      512
 93
        0
300

 40
0.0
140
1.0
 94
        5
 62
     0
340
22
144
4.5
309
CONTENTFORMAT_END
171
     1
301
MARGIN
  1
CELLMARGIN_BEGIN
 40
1.5
 40
1.5
 40
1.5
 40
1.5
 40
0.18
 40
0.18
309
CELLMARGIN_END
 94
        6
 95
        1
302
GRIDFORMAT
  1
GRIDFORMAT_BEGIN
 90
        0
 91
        1
 62
     0
 92
       -2
340
25
 93
        0
 40
1.125
309
GRIDFORMAT_END
 95
        2
302
GRIDFORMAT
  1
GRIDFORMAT_BEGIN
 90
        0
 91
        1
 62
     0
 92
       -2
340
25
 93
        0
 40
1.125
309
GRIDFORMAT_END
 95
        4
302
GRIDFORMAT
  1
GRIDFORMAT_BEGIN
 90
        0
 91
        1
 62
     0
 92
       -2
340
25
 93
        0
 40
1.125
309
GRIDFORMAT_END
 95
        8
302
GRIDFORMAT
  1
GRIDFORMAT_BEGIN
 90
        0
 91
        1
 62
     0
 92
       -2
340
25
 93
        0
 40
1.125
309
GRIDFORMAT_END
 95
       16
302
GRIDFORMAT
  1
GRIDFORMAT_BEGIN
 90
        0
 91
        1
 62
     0
 92
       -2
340
25
 93
        0
 40
1.125
309
GRIDFORMAT_END
 95
       32
302
GRIDFORMAT
  1
GRIDFORMAT_BEGIN
 90
        0
 91
        1
 62
     0
 92
       -2
340
25
 93
        0
 40
1.125
309
GRIDFORMAT_END
309
TABLEFORMAT_END
  1
CELLSTYLE_BEGIN
 90
        2
 91
        1
300
_HEADER
309
CELLSTYLE_END
300
CELLSTYLE
  1
TABLEFORMAT_BEGIN
 90
        5
170
     1
 91
        0
 92
        0
 62
   257
 93
        1
300
CONTENTFORMAT
  1
CONTENTFORMAT_BEGIN
 90
        0
 91
        0
 92
      512
 93
        0
300

 40
0.0
140
1.0
 94
        2
 62
     0
340
22
144
4.5
309
CONTENTFORMAT_END
171
     1
301
MARGIN
  1
CELLMARGIN_BEGIN
 40
1.5
 40
1.5
 40
1.5
 40
1.5
 40
0.18
 40
0.18
309
CELLMARGIN_END
 94
        6
 95
        1
302
GRIDFORMAT
  1
GRIDFORMAT_BEGIN
 90
        0
 91
        1
 62
     0
 92
       -2
340
25
 93
        0
 40
1.125
309
GRIDFORMAT_END
 95
        2
302
GRIDFORMAT
  1
GRIDFORMAT_BEGIN
 90
        0
 91
        1
 62
     0
 92
       -2
340
25
 93
        0
 40
1.125
309
GRIDFORMAT_END
 95
        4
302
GRIDFORMAT
  1
GRIDFORMAT_BEGIN
 90
        0
 91
        1
 62
     0
 92
       -2
340
25
 93
        0
 40
1.125
309
GRIDFORMAT_END
 95
        8
302
GRIDFORMAT
  1
GRIDFORMAT_BEGIN
 90
        0
 91
        1
 62
     0
 92
       -2
340
25
 93
        0
 40
1.125
309
GRIDFORMAT_END
 95
       16
302
GRIDFORMAT
  1
GRIDFORMAT_BEGIN
 90
        0
 91
        1
 62
     0
 92
       -2
340
25
 93
        0
 40
1.125
309
GRIDFORMAT_END
 95
       32
302
GRIDFORMAT
  1
GRIDFORMAT_BEGIN
 90
        0
 91
        1
 62
     0
 92
       -2
340
25
 93
        0
 40
1.125
309
GRIDFORMAT_END
309
TABLEFORMAT_END
  1
CELLSTYLE_BEGIN
 90
        3
 91
        2
300
_DATA
309
CELLSTYLE_END
  0
ENDSEC
  0
SECTION
  2
ACDSDATA
 70
     2
 71
     2
  0
ACDSSCHEMA
 90
        0
  1
AcDb_Thumbnail_Schema
  2
AcDbDs::ID
280
    10
 91
        8
  2
Thumbnail_Data
280
    15
 91
        0
101
ACDSRECORD
 95
        0
 90
        2
  2
AcDbDs::TreatedAsObjectData
280
     1
291
     1
101
ACDSRECORD
 95
        0
 90
        3
  2
AcDbDs::Legacy
280
     1
291
     1
101
ACDSRECORD
  1
AcDbDs::ID
 90
        4
  2
AcDs:Indexable
280
     1
291
     1
101
ACDSRECORD
  1
AcDbDs::ID
 90
        5
  2
AcDbDs::HandleAttribute
280
     7
282
     1
  0
ACDSSCHEMA
 90
        1
  1
AcDb3DSolid_ASM_Data
  2
AcDbDs::ID
280
    10
 91
        8
  2
ASM_Data
280
    15
 91
        0
101
ACDSRECORD
 95
        1
 90
        2
  2
AcDbDs::TreatedAsObjectData
280
     1
291
     1
101
ACDSRECORD
 95
        1
 90
        3
  2
AcDbDs::Legacy
280
     1
291
     1
101
ACDSRECORD
  1
AcDbDs::ID
 90
        4
  2
AcDs:Indexable
280
     1
291
     1
101
ACDSRECORD
  1
AcDbDs::ID
 90
        5
  2
AcDbDs::HandleAttribute
280
     7
282
     1
  0
ACDSSCHEMA
 90
        2
  1
AcDbDs::TreatedAsObjectDataSchema
  2
AcDbDs::TreatedAsObjectData
280
     1
 91
        0
  0
ACDSSCHEMA
 90
        3
  1
AcDbDs::LegacySchema
  2
AcDbDs::Legacy
280
     1
 91
        0
  0
ACDSSCHEMA
 90
        4
  1
AcDbDs::IndexedPropertySchema
  2
AcDs:Indexable
280
     1
 91
        0
  0
ACDSSCHEMA
 90
        5
  1
AcDbDs::HandleAttributeSchema
  2
AcDbDs::HandleAttribute
280
     7
 91
        1
284
     1
  0
ACDSRECORD
 90
        0
  2
AcDbDs::ID
280
    10
320
16
  2
Thumbnail_Data
280
    15
 94
     1836
310
89504E470D0A1A0A0000000D4948445200000100000000670803000000D82A6C0200000300504C5445FFFFFFFFFFFFFFFFFF0000000000000000000000000000000000000000000000000000330000660000990000CC0000FF0033000033330033660033990033CC0033FF0066000066330066660066990066CC0066FF0099
310
000099330099660099990099CC0099FF00CC0000CC3300CC6600CC9900CCCC00CCFF00FF0000FF3300FF6600FF9900FFCC00FFFF3300003300333300663300993300CC3300FF3333003333333333663333993333CC3333FF3366003366333366663366993366CC3366FF3399003399333399663399993399CC3399FF33CC00
310
33CC3333CC6633CC9933CCCC33CCFF33FF0033FF3333FF6633FF9933FFCC33FFFF6600006600336600666600996600CC6600FF6633006633336633666633996633CC6633FF6666006666336666666666996666CC6666FF6699006699336699666699996699CC6699FF66CC0066CC3366CC6666CC9966CCCC66CCFF66FF0066
310
FF3366FF6666FF9966FFCC66FFFF9900009900339900669900999900CC9900FF9933009933339933669933999933CC9933FF9966009966339966669966999966CC9966FF9999009999339999669999999999CC9999FF99CC0099CC3399CC6699CC9999CCCC99CCFF99FF0099FF3399FF6699FF9999FFCC99FFFFCC0000CC00
310
33CC0066CC0099CC00CCCC00FFCC3300CC3333CC3366CC3399CC33CCCC33FFCC6600CC6633CC6666CC6699CC66CCCC66FFCC9900CC9933CC9966CC9999CC99CCCC99FFCCCC00CCCC33CCCC66CCCC99CCCCCCCCCCFFCCFF00CCFF33CCFF66CCFF99CCFFCCCCFFFFFF0000FF0033FF0066FF0099FF00CCFF00FFFF3300FF3333
310
FF3366FF3399FF33CCFF33FFFF6600FF6633FF6666FF6699FF66CCFF66FFFF9900FF9933FF9966FF9999FF99CCFF99FFFFCC00FFCC33FFCC66FFCC99FFCCCCFFCCFFFFFF00FFFF33FFFF66FFFF99FFFFCCFFFFFF0000000D0D0D1A1A1A2828283535354343435050505D5D5D6B6B6B787878868686939393A1A1A1AEAEAEBB
310
BBBBC9C9C9D6D6D6E4E4E4F1F1F1FFFFFF000000000000000000000000000000000000000000000000000000000000AD4AB4E40000011B4944415478DAEDD8B10DC2301484616F60D12131004B64840CF13648C73EEC9249AEA6A507E38224988886C6F77F52A22454777A38869400000000000000007F92539A26D7F0C330
310
152A27CB028EC75CF3CBB480F359D2ACC8926701392BE25980ED02783848A125BF55D0FD25389CBE7CA01F9E7441B734CFAB07FBFA9F098DD2588EE779E5F5C8A800EB09781D650234D641A895F43901512DD7809D76D45FFCEDC56E01DD4D407C5E5BED88A271B759F4AE5DAF7FAD02EE5F0BE8AF8568DD3B6D847E29A0EF
310
09B8695EED83E35DC0C5A08012D7BE8075B64601EABC806815905CB6FEB1FD916F5840F32DB0F86A18166025CCF353405AFC0F108EF9DFB95DE3D7ECE11C1F000000000000000000000000000000000000F8BF075A5E97D1850EAF140000000049454E44AE4260824260820026C15A47440002501C00134091037E08F9E139
310
A0D0B20002AED947014222B49224382B80AA0E0849CE42006C25C8120129D2C1510E059000A036802B01370C26094E301600E4E5B0A56783BD27842C876F791E0F5F5E4603B85C04805D925C569E03CEAA44CBF62E00E505D07C97579FF28AE8EA007C7E7E3200D75A673962A062D01003C7DF42FD01F061902F17F3A1BCB9
310
698D0E6803408A8D7F078EA0250062DAA491F10ADA6221A0560F23424001206E6B8B1FA403C080D6D1EABC291848D91905D8D7E954749530121C86280356EB80C10014BFDC58A7E8E5E15439400010CF69B853079CCBFBCC6775B10940AE312B88934FE83A47811EFA42BBF7F73C1203468E3E78413104C081850129362C0B
310
6023352E36A47011287D4240AE320065AF0971AA1456124623776800ACBE0EB03D17507B3906C071D1DBE8CB03B8CA99A31B007A6E6A8803B07F60CF42F300303F1EE246086C55B5D749EFAB058FABED732D01E0B59607B0DA87A46C02504AA36D735D84C43AF5A794C5B953397D6AADCA4CAE8A807BB8B2D561F000A807E0
310
01B8A3280A6E050480B8B1021900BFB217A9007C089818B80B204D8103A86FAF965520F851C0942D06BEBD48107011B71C30FCAF12EDA30B11B5A4C107B4370D84CD1430E86D92110EF8A6169AE9F7988AE7498B200C6988EE3BF964110D77C093C103E8EDCDAEF9D75AF39A00BC8100C01CB0070D8039E09A020F81BD3107
310
A000440C740800001E029503E258FDC73918E3661D547CBB1C028DFE473A002E9A41C9004D07CCF2FAE52AEA80AAF7692B0270A097630E908550DC3CFFAD6C685C71B812C418413040F864DA821104006168EC120C0784A171139010E89001009CFEBB0820D6C9B0AF93377AEBDEEA969A4A53E49EFDE3B8BF07E6790B7F66
310
651FB7EAAA001D0470EBE40C16004D9B07E00178001E8007E00178001E8007E00178000EE81F503E2EA04532A6A00000000049454E44AE426082
  0
ACDSRECORD
 90
        1
  2
AcDbDs::ID
280
    10
320
BD
  2
ASM_Data
280
    15
 94
     8781
310
414349532042696E61727946696C652855000000000000020000000C00000007104175746F6465736B204175746F434144071341534D203231382E302E302E35313136204E540718547565205365702030382032313A30373A3036203230323606000000000000F03F068DEDB5A0F7C6B03E06BBBDD7D9DF7CDB3D0D096173
310
6D6865616465720CFFFFFFFF04FFFFFFFF070C3231382E302E302E35313136110D04626F64790CFFFFFFFF04FFFFFFFF0CFFFFFFFF0C020000000CFFFFFFFF0CFFFFFFFF110D046C756D700CFFFFFFFF04FFFFFFFF0CFFFFFFFF0CFFFFFFFF0C030000000C01000000110D057368656C6C0CFFFFFFFF04FFFFFFFF0CFFFFFF
310
FF0CFFFFFFFF0CFFFFFFFF0C040000000CFFFFFFFF0C02000000110D04666163650CFFFFFFFF04FFFFFFFF0CFFFFFFFF0CFFFFFFFF0C050000000C030000000CFFFFFFFF0C060000000B0A0B110D046C6F6F700CFFFFFFFF04FFFFFFFF0CFFFFFFFF0CFFFFFFFF0C070000000C04000000110E05706C616E650D0773757266
310
6163650CFFFFFFFF04FFFFFFFF0CFFFFFFFF130121FC6B53A9AD4056851FDC3484A44000000000000000001400000000000000000000000000000000000000000000F03F14000000000000F03F075C143326A6B1BC00000000000000000B0B0B0B0B110D06636F656467650CFFFFFFFF04FFFFFFFF0CFFFFFFFF0C08000000
310
0C090000000CFFFFFFFF0C0A0000000A0C0500000004000000000CFFFFFFFF110D06636F656467650CFFFFFFFF04FFFFFFFF0CFFFFFFFF0C0B0000000C070000000CFFFFFFFF0C0C0000000B0C0500000004000000000CFFFFFFFF110D06636F656467650CFFFFFFFF04FFFFFFFF0CFFFFFFFF0C070000000C0D0000000CFF
310
FFFFFF0C0E0000000B0C0500000004000000000CFFFFFFFF110D04656467650CFFFFFFFF04FFFFFFFF0CFFFFFFFF0C0F000000066B8610B2A85DE33F0C10000000067D0BC027914A04400C070000000C110000000B0707756E6B6E6F776E110D06636F656467650CFFFFFFFF04FFFFFFFF0CFFFFFFFF0C120000000C080000
310
000CFFFFFFFF0C130000000B0C0500000004000000000CFFFFFFFF110D04656467650CFFFFFFFF04FFFFFFFF0CFFFFFFFF0C0F00000006E30AC027914A04C00C140000000627A310B2A85DE33F0C080000000C150000000B0707756E6B6E6F776E110D06636F656467650CFFFFFFFF04FFFFFFFF0CFFFFFFFF0C090000000C
310
160000000CFFFFFFFF0C170000000B0C0500000004000000000CFFFFFFFF110D04656467650CFFFFFFFF04FFFFFFFF0CFFFFFFFF0C1800000006700FC027914A04400C1000000006FD1B023E46B616400C090000000C190000000B0707756E6B6E6F776E110D067665727465780CFFFFFFFF04FFFFFFFF0CFFFFFFFF0C0A00
310
000004000000000C1A000000110D067665727465780CFFFFFFFF04FFFFFFFF0CFFFFFFFF0C0A00000004010000000C1B000000110E07656C6C697073650D0563757276650CFFFFFFFF04FFFFFFFF0CFFFFFFFF13FF20FC6B53A9AD404A828FE96A74A440000000000000000014000000000000000000000000000000000000
310
00000000F03F14D200000000001440F073D9BFAF0FD6BC000000000000000006000000000000F03F0B0B110D06636F656467650CFFFFFFFF04FFFFFFFF0CFFFFFFFF0C1C0000000C0B0000000CFFFFFFFF0C1D0000000A0C0500000004000000000CFFFFFFFF110D04656467650CFFFFFFFF04FFFFFFFF0CFFFFFFFF0C1400
310
000006E07710B2A85DE33F0C1E0000000688AA986F2C6CF03F0C0B0000000C1F0000000B0707756E6B6E6F776E110D067665727465780CFFFFFFFF04FFFFFFFF0CFFFFFFFF0C1300000004000000000C20000000110E07656C6C697073650D0563757276650CFFFFFFFF04FFFFFFFF0CFFFFFFFF1381176C4B5FB2AD405EDE
310
5AF8AC7AA44000000000000000001400000000000000000000000000000000000000000000F03F142CE5FFFFFFFFDF3F3B4D143326A6A1BC000000000000000006000000000000F03F0B0B110D06636F656467650CFFFFFFFF04FFFFFFFF0CFFFFFFFF0C0D0000000C210000000CFFFFFFFF0C220000000A0C050000000400
310
0000000CFFFFFFFF110D04656467650CFFFFFFFF04FFFFFFFF0CFFFFFFFF0C230000000603DD771CE5EB00400C1800000006D40EC027914A04400C0D0000000C240000000B0707756E6B6E6F776E110D067665727465780CFFFFFFFF04FFFFFFFF0CFFFFFFFF0C0E00000004000000000C25000000110E07656C6C69707365
310
0D0563757276650CFFFFFFFF04FFFFFFFF0CFFFFFFFF137D2A8C8C47A0AD405FDE5AF8AC7AA44000000000000000001400000000000000000000000000000000000000000000F03F1463F6FFFFFFFFDF3FBA56143326A6A1BC000000000000000006000000000000F03F0B0B110D05706F696E740CFFFFFFFF04FFFFFFFF0C
310
FFFFFFFF131901BFC28CB1AD4000D619541B7AA4400000000000000000110D05706F696E740CFFFFFFFF04FFFFFFFF0CFFFFFFFF13E54039151AA1AD4000D619541B7AA4400000000000000000110D06636F656467650CFFFFFFFF04FFFFFFFF0CFFFFFFFF0C260000000C120000000CFFFFFFFF0C270000000A0C05000000
310
04000000000CFFFFFFFF110D04656467650CFFFFFFFF04FFFFFFFF0CFFFFFFFF0C2800000006184D4254FB21F93F0C1E000000066CE407C608AC10400C120000000C290000000B0707756E6B6E6F776E110D067665727465780CFFFFFFFF04FFFFFFFF0CFFFFFFFF0C1D00000004010000000C2A000000110E07656C6C6970
310
73650D0563757276650CFFFFFFFF04FFFFFFFF0CFFFFFFFF130D21FC6B53A9AD405B828FE96A74A44000000000000000001400000000000000000000000000000000000000000000F03F1486D2FFFFFFFF1740E1579E4C3979DABC000000000000000006000000000000F03F0B0B110D05706F696E740CFFFFFFFF04FFFFFF
310
FF0CFFFFFFFF13E92D19D431B3AD40BEE69B9C3E7BA4400000000000000000110D06636F656467650CFFFFFFFF04FFFFFFFF0CFFFFFFFF0C160000000C2B0000000CFFFFFFFF0C2C0000000A0C0500000004000000000CFFFFFFFF110D04656467650CFFFFFFFF04FFFFFFFF0CFFFFFFFF0C2300000006F742986F2C6CF0BF
310
0C2D0000000618BD4554FB21F93F0C160000000C2E0000000B0707756E6B6E6F776E110D067665727465780CFFFFFFFF04FFFFFFFF0CFFFFFFFF0C1700000004000000000C2F000000110E07656C6C697073650D0563757276650CFFFFFFFF04FFFFFFFF0CFFFFFFFF13F520FC6B53A9AD4056828FE96A74A4400000000000
310
0000001400000000000000000000000000000000000000000000F03F145BDFFFFFFFFF174008669E4C3979DABC000000000000000006000000000000F03F0B0B110D05706F696E740CFFFFFFFF04FFFFFFFF0CFFFFFFFF131414DF03759FAD40BEE69B9C3E7BA4400000000000000000110D06636F656467650CFFFFFFFF04
310
FFFFFFFF0CFFFFFFFF0C300000000C1C0000000CFFFFFFFF0C310000000B0C0500000004000000000CFFFFFFFF110D04656467650CFFFFFFFF04FFFFFFFF0CFFFFFFFF0C320000000600000000000000000C280000000600F81F4430D3F73F0C1C0000000C330000000B0707756E6B6E6F776E110D067665727465780CFFFF
310
FFFF04FFFFFFFF0CFFFFFFFF0C2700000004010000000C34000000110E07656C6C697073650D0563757276650CFFFFFFFF04FFFFFFFF0CFFFFFFFF1319025A6CBFAFAD40554FE56F067FA44000000000000000001400000000000000000000000000000000000000000000F03F1400C0A2999999C93F43DE5DEB093D8CBC00
310
0000000000000006000000000000F03F0B0B110D05706F696E740CFFFFFFFF04FFFFFFFF0CFFFFFFFF1338EA14648AAFAD40BFCCEAD6AE7EA4400000000000000000110D06636F656467650CFFFFFFFF04FFFFFFFF0CFFFFFFFF0C210000000C350000000CFFFFFFFF0C360000000B0C0500000004000000000CFFFFFFFF11
310
0D04656467650CFFFFFFFF04FFFFFFFF0CFFFFFFFF0C2D0000000600000000000000000C37000000060010204430D3F73F0C210000000C380000000B0707756E6B6E6F776E110D067665727465780CFFFFFFFF04FFFFFFFF0CFFFFFFFF0C2200000004010000000C39000000110E07656C6C697073650D0563757276650CFF
310
FFFFFF04FFFFFFFF0CFFFFFFFF13E53F9E6BE7A2AD40554FE56F067FA44000000000000000001400000000000000000000000000000000000000000000F03F1480ACA2999999C93FC0C85DEB093D8CBC000000000000000006000000000000F03F0B0B110D05706F696E740CFFFFFFFF04FFFFFFFF0CFFFFFFFF13C057E373
310
1CA3AD40BCCCEAD6AE7EA4400000000000000000110D06636F656467650CFFFFFFFF04FFFFFFFF0CFFFFFFFF0C3A0000000C260000000CFFFFFFFF0C3B0000000A0C0500000004000000000CFFFFFFFF110D04656467650CFFFFFFFF04FFFFFFFF0CFFFFFFFF0C3200000006182D4454FB21F9BF0C3C000000068E13AAAAAA
310
AA7A3D0C260000000C3D0000000B0707756E6B6E6F776E110D067665727465780CFFFFFFFF04FFFFFFFF0CFFFFFFFF0C3100000004000000000C3E000000110E0873747261696768740D0563757276650CFFFFFFFF04FFFFFFFF0CFFFFFFFF13248662D2B9B2AD40E0B54BD66C7FA440000000000000000014000000000000
310
F0BF075C143326A6B13C00000000000000000B0B110D05706F696E740CFFFFFFFF04FFFFFFFF0CFFFFFFFF1325025A6CBFAFAD40E0B54BD66C7FA4400000000000000000110D06636F656467650CFFFFFFFF04FFFFFFFF0CFFFFFFFF0C2B0000000C3F0000000CFFFFFFFF0C400000000A0C0500000004000000000CFFFFFF
310
FF110D04656467650CFFFFFFFF04FFFFFFFF0CFFFFFFFF0C4100000006182D4454FB2109C00C3700000006182D4454FB21F9BF0C2B0000000C420000000B0707756E6B6E6F776E110D067665727465780CFFFFFFFF04FFFFFFFF0CFFFFFFFF0C2C00000004010000000C43000000110E0873747261696768740D0563757276
310
650CFFFFFFFF04FFFFFFFF0CFFFFFFFF13DB3F9E6BE7A2AD40E0B54BD66C7FA440000000000000000014000000000000F0BF17C58C896904503D00000000000000000B0B110D05706F696E740CFFFFFFFF04FFFFFFFF0CFFFFFFFF13DB3F9E6BE7A2AD40E0B54BD66C7FA4400000000000000000110D06636F656467650CFF
310
FFFFFF04FFFFFFFF0CFFFFFFFF0C440000000C300000000CFFFFFFFF0C450000000B0C0500000004000000000CFFFFFFFF110D04656467650CFFFFFFFF04FFFFFFFF0CFFFFFFFF0C460000000600000000000050BD0C3C0000000600666666666612400C300000000C470000000B0707756E6B6E6F776E110D067665727465
310
780CFFFFFFFF04FFFFFFFF0CFFFFFFFF0C3B00000004010000000C48000000110E07656C6C697073650D0563757276650CFFFFFFFF04FFFFFFFF0CFFFFFFFF13248662D2B9B2AD40784FE56F0680A44000000000000000001400000000000000000000000000000000000000000000F03F14001033333333D33F01AE7E70C7
310
2D95BC000000000000000006000000000000F03F0B0B110D05706F696E740CFFFFFFFF04FFFFFFFF0CFFFFFFFF13248662D2B9B2AD40E0B54BD66C7FA4400000000000000000110D06636F656467650CFFFFFFFF04FFFFFFFF0CFFFFFFFF0C350000000C490000000CFFFFFFFF0C4A0000000B0C0500000004000000000CFF
310
FFFFFF110D04656467650CFFFFFFFF04FFFFFFFF0CFFFFFFFF0C410000000600000000000050BD0C4B0000000600686666666612400C350000000C4C0000000B0707756E6B6E6F776E110D067665727465780CFFFFFFFF04FFFFFFFF0CFFFFFFFF0C3600000004000000000C4D000000110E07656C6C697073650D05637572
310
76650CFFFFFFFF04FFFFFFFF0CFFFFFFFF13D9BB9505ED9FAD407A4FE56F0680A44000000000000000001400000000000000000000000000000000000000000000F03F14004033333333D33FF4E27E70C72D95BC000000000000000006000000000000F03F0B0B110D05706F696E740CFFFFFFFF04FFFFFFFF0CFFFFFFFF13
310
D9BB9505ED9FAD40E0B54BD66C7FA4400000000000000000110D06636F656467650CFFFFFFFF04FFFFFFFF0CFFFFFFFF0C4E0000000C3A0000000CFFFFFFFF0C4F0000000A0C0500000004000000000CFFFFFFFF110D04656467650CFFFFFFFF04FFFFFFFF0CFFFFFFFF0C460000000600000000000000000C500000000618
310
2D4454FB21F93F0C3A0000000C510000000B0707756E6B6E6F776E110D067665727465780CFFFFFFFF04FFFFFFFF0CFFFFFFFF0C4500000004000000000C52000000110E0873747261696768740D0563757276650CFFFFFFFF04FFFFFFFF0CFFFFFFFF13BF1FFC6B53B3AD40AC8218A33989A440000000000000000014075C
310
143326A6B1BC000000000000F0BF00000000000000000B0B110D05706F696E740CFFFFFFFF04FFFFFFFF0CFFFFFFFF13C11FFC6B53B3AD407A4FE56F0680A4400000000000000000110D06636F656467650CFFFFFFFF04FFFFFFFF0CFFFFFFFF0C3F0000000C530000000CFFFFFFFF0C540000000A0C050000000400000000
310
0CFFFFFFFF110D04656467650CFFFFFFFF04FFFFFFFF0CFFFFFFFF0C5500000006182D4454FB21F93F0C4B000000066D3A4454FB2109400C3F0000000C560000000B0707756E6B6E6F776E110D067665727465780CFFFFFFFF04FFFFFFFF0CFFFFFFFF0C4000000004010000000C57000000110E0873747261696768740D05
310
63757276650CFFFFFFFF04FFFFFFFF0CFFFFFFFF133F22FC6B539FAD407A4FE56F0680A440000000000000000014075C143326A6B13C000000000000F03F00000000000000000B0B110D05706F696E740CFFFFFFFF04FFFFFFFF0CFFFFFFFF133F22FC6B539FAD407A4FE56F0680A4400000000000000000110D06636F6564
310
67650CFFFFFFFF04FFFFFFFF0CFFFFFFFF0C580000000C440000000CFFFFFFFF0C590000000A0C0500000004000000000CFFFFFFFF110D04656467650CFFFFFFFF04FFFFFFFF0CFFFFFFFF0C5A0000000600000000000000000C500000000600A09499999905400C440000000C5B0000000B0707756E6B6E6F776E110D0676
310
65727465780CFFFFFFFF04FFFFFFFF0CFFFFFFFF0C4F00000004010000000C5C000000110E07656C6C697073650D0563757276650CFFFFFFFF04FFFFFFFF0CFFFFFFFF13258662D2B9B2AD40AD8218A33989A44000000000000000001400000000000000000000000000000000000000000000F03F14004033333333D33FF4
310
E27E70C72D95BC000000000000000006000000000000F03F0B0B110D05706F696E740CFFFFFFFF04FFFFFFFF0CFFFFFFFF13BF1FFC6B53B3AD40AD8218A33989A4400000000000000000110D06636F656467650CFFFFFFFF04FFFFFFFF0CFFFFFFFF0C490000000C5D0000000CFFFFFFFF0C5E0000000B0C05000000040000
310
00000CFFFFFFFF110D04656467650CFFFFFFFF04FFFFFFFF0CFFFFFFFF0C550000000600000000000000000C5F00000006008C9499999905400C490000000C600000000B0707756E6B6E6F776E110D067665727465780CFFFFFFFF04FFFFFFFF0CFFFFFFFF0C4A00000004000000000C61000000110E07656C6C697073650D
310
0563757276650CFFFFFFFF04FFFFFFFF0CFFFFFFFF13DABB9505ED9FAD40B08218A33989A44000000000000000001400000000000000000000000000000000000000000000F03F14001033333333D33F01AE7E70C72D95BC000000000000000006000000000000F03F0B0B110D05706F696E740CFFFFFFFF04FFFFFFFF0CFF
310
FFFFFF133F22FC6B539FAD40AE8218A33989A4400000000000000000110D06636F656467650CFFFFFFFF04FFFFFFFF0CFFFFFFFF0C620000000C4E0000000CFFFFFFFF0C630000000A0C0500000004000000000CFFFFFFFF110D04656467650CFFFFFFFF04FFFFFFFF0CFFFFFFFF0C640000000600000000000000000C5A00
310
00000600EC67769799F93F0C4E0000000C650000000B0707756E6B6E6F776E110D067665727465780CFFFFFFFF04FFFFFFFF0CFFFFFFFF0C5900000004010000000C66000000110E0873747261696768740D0563757276650CFFFFFFFF04FFFFFFFF0CFFFFFFFF13FD20FC6B53ADAD40471CB23CD389A44000000000000000
310
0014000000000000F03F075C143326A6B1BC00000000000000000B0B110D05706F696E740CFFFFFFFF04FFFFFFFF0CFFFFFFFF13258662D2B9B2AD40461CB23CD389A4400000000000000000110D06636F656467650CFFFFFFFF04FFFFFFFF0CFFFFFFFF0C530000000C670000000CFFFFFFFF0C680000000B0C0500000004
310
000000000CFFFFFFFF110D04656467650CFFFFFFFF04FFFFFFFF0CFFFFFFFF0C690000000600000000000000000C5F0000000600F067769799F93F0C530000000C6A0000000B0707756E6B6E6F776E110D067665727465780CFFFFFFFF04FFFFFFFF0CFFFFFFFF0C5400000004010000000C6B000000110E08737472616967
310
68740D0563757276650CFFFFFFFF04FFFFFFFF0CFFFFFFFF13DABB9505ED9FAD40481CB23CD389A440000000000000000014000000000000F03F17C58C89690450BD00000000000000000B0B110D05706F696E740CFFFFFFFF04FFFFFFFF0CFFFFFFFF13DABB9505ED9FAD40481CB23CD389A4400000000000000000110D06
310
636F656467650CFFFFFFFF04FFFFFFFF0CFFFFFFFF0C6C0000000C580000000CFFFFFFFF0C6D0000000B0C0500000004000000000CFFFFFFFF110D04656467650CFFFFFFFF04FFFFFFFF0CFFFFFFFF0C6E0000000600000000000000000C6400000006002099999999D93F0C580000000C6F0000000B0707756E6B6E6F776E
310
110D067665727465780CFFFFFFFF04FFFFFFFF0CFFFFFFFF0C6300000004010000000C70000000110E0873747261696768740D0563757276650CFFFFFFFF04FFFFFFFF0CFFFFFFFF130221FC6B53ADAD4044E9A06F068DA440000000000000000014463163621A0178BD000000000000F0BF00000000000000000B0B110D05
310
706F696E740CFFFFFFFF04FFFFFFFF0CFFFFFFFF13FD20FC6B53ADAD40471CB23CD389A4400000000000000000110D06636F656467650CFFFFFFFF04FFFFFFFF0CFFFFFFFF0C5D0000000C710000000CFFFFFFFF0C720000000B0C0500000004000000000CFFFFFFFF110D04656467650CFFFFFFFF04FFFFFFFF0CFFFFFFFF
310
0C730000000600000000000000000C6900000006008099999999D93F0C5D0000000C740000000B0707756E6B6E6F776E110D067665727465780CFFFFFFFF04FFFFFFFF0CFFFFFFFF0C5E00000004000000000C75000000110E0873747261696768740D0563757276650CFFFFFFFF04FFFFFFFF0CFFFFFFFF13FD20FC6B53A5
310
AD4044E9A06F068DA440000000000000000014075C143326A6B1BC000000000000F0BF00000000000000000B0B110D05706F696E740CFFFFFFFF04FFFFFFFF0CFFFFFFFF13FD20FC6B53A5AD40461CB23CD389A4400000000000000000110D06636F656467650CFFFFFFFF04FFFFFFFF0CFFFFFFFF0C760000000C62000000
310
0CFFFFFFFF0C770000000A0C0500000004000000000CFFFFFFFF110D04656467650CFFFFFFFF04FFFFFFFF0CFFFFFFFF0C6E00000006182D4454FB21F9BF0C78000000063A45FDC3E2E3EB3F0C620000000C790000000B0707756E6B6E6F776E110D067665727465780CFFFFFFFF04FFFFFFFF0CFFFFFFFF0C6D0000000400
310
0000000C7A000000110E0873747261696768740D0563757276650CFFFFFFFF04FFFFFFFF0CFFFFFFFF13CBEDC83820AEAD4044E9A06F068DA440000000000000000014000000000000F0BF8C62C6C43402683D00000000000000000B0B110D05706F696E740CFFFFFFFF04FFFFFFFF0CFFFFFFFF130221FC6B53ADAD4044E9
310
A06F068DA4400000000000000000110D06636F656467650CFFFFFFFF04FFFFFFFF0CFFFFFFFF0C670000000C760000000CFFFFFFFF0C7B0000000B0C0500000004000000000CFFFFFFFF110D04656467650CFFFFFFFF04FFFFFFFF0CFFFFFFFF0C7C00000006CADB44A3022902400C7300000006D221337F7CD912400C6700
310
00000C7D0000000B0707756E6B6E6F776E110D067665727465780CFFFFFFFF04FFFFFFFF0CFFFFFFFF0C6800000004000000000C7E000000110E0873747261696768740D0563757276650CFFFFFFFF04FFFFFFFF0CFFFFFFFF1331542F9F86A4AD4044E9A06F068DA440000000000000000014000000000000F03F075C1433
310
26A6B1BC00000000000000000B0B110D05706F696E740CFFFFFFFF04FFFFFFFF0CFFFFFFFF13FD20FC6B53A5AD4044E9A06F068DA4400000000000000000110D06636F656467650CFFFFFFFF04FFFFFFFF0CFFFFFFFF0C710000000C6C0000000CFFFFFFFF0C7F0000000A0C0500000004000000000CFFFFFFFF110D046564
310
67650CFFFFFFFF04FFFFFFFF0CFFFFFFFF0C800000000600000000000000000C7800000006C9464C503C5301400C6C0000000C810000000B0707756E6B6E6F776E110D067665727465780CFFFFFFFF04FFFFFFFF0CFFFFFFFF0C7700000004010000000C82000000110E07656C6C697073650D0563757276650CFFFFFFFF04
310
FFFFFFFF0CFFFFFFFF13CBEDC83820AEAD4011B66D3CD38DA44000000000000000001400000000000000000000000000000000000000000000F03F1400A099999999D93F81CD53EB093D9CBC000000000000000006000000000000F03F0B0B110D05706F696E740CFFFFFFFF04FFFFFFFF0CFFFFFFFF13CBEDC83820AEAD40
310
44E9A06F068DA4400000000000000000110D04656467650CFFFFFFFF04FFFFFFFF0CFFFFFFFF0C830000000600000000000000000C7C00000006C9464C503C5301400C710000000C840000000B0707756E6B6E6F776E110D067665727465780CFFFFFFFF04FFFFFFFF0CFFFFFFFF0C7200000004000000000C85000000110E
310
07656C6C697073650D0563757276650CFFFFFFFF04FFFFFFFF0CFFFFFFFF1331542F9F86A4AD4012B66D3CD38DA44000000000000000001400000000000000000000000000000000000000000000F03F1446A499999999D93F38D253EB093D9CBC000000000000000006000000000000F03F0B0B110D05706F696E740CFFFF
310
FFFF04FFFFFFFF0CFFFFFFFF1331542F9F86A4AD4044E9A06F068DA4400000000000000000110D04656467650CFFFFFFFF04FFFFFFFF0CFFFFFFFF0C830000000600000000000000000C800000000600F0FFFFFFFFFF3F0C760000000C860000000B0707756E6B6E6F776E110D067665727465780CFFFFFFFF04FFFFFFFF0C
310
FFFFFFFF0C7F00000004010000000C87000000110E0873747261696768740D0563757276650CFFFFFFFF04FFFFFFFF0CFFFFFFFF13FD20FC6B53ABAD40AF8218A33991A440000000000000000014FFEF1584A87DE83F02383B1B9898E4BF00000000000000000B0B110D05706F696E740CFFFFFFFF04FFFFFFFF0CFFFFFFFF
310
13AD356309A4AEAD4037D03DFA6F8EA4400000000000000000110D067665727465780CFFFFFFFF04FFFFFFFF0CFFFFFFFF0C7B00000004000000000C88000000110E0873747261696768740D0563757276650CFFFFFFFF04FFFFFFFF0CFFFFFFFF13FF20FC6B53A7AD40AF8218A33991A44000000000000000001401F01584
310
A87DE8BFFE373B1B9898E4BF00000000000000000B0B110D05706F696E740CFFFFFFFF04FFFFFFFF0CFFFFFFFF134F0C95CE02A4AD4038D03DFA6F8EA4400000000000000000110E0873747261696768740D0563757276650CFFFFFFFF04FFFFFFFF0CFFFFFFFF13FF20FC6B53A7AD40AF8218A33991A44000000000000000
310
0014000000000000F03F075C143326A6B1BC00000000000000000B0B110D05706F696E740CFFFFFFFF04FFFFFFFF0CFFFFFFFF13FD20FC6B53ABAD40AF8218A33991A4400000000000000000110D05706F696E740CFFFFFFFF04FFFFFFFF0CFFFFFFFF13FF20FC6B53A7AD40AF8218A33991A4400000000000000000110E03
310
456E640E026F660E0341534D0D0464617461
  0
ACDSRECORD
 90
        1
  2
AcDbDs::ID
280
    10
320
BE
  2
ASM_Data
280
    15
 94
     3751
310
414349532042696E61727946696C652855000000000000020000000C00000007104175746F6465736B204175746F434144071341534D203231382E302E302E35313136204E540718547565205365702030382032313A30373A3036203230323606000000000000F03F068DEDB5A0F7C6B03E06BBBDD7D9DF7CDB3D0D096173
310
6D6865616465720CFFFFFFFF04FFFFFFFF070C3231382E302E302E35313136110D04626F64790CFFFFFFFF04FFFFFFFF0CFFFFFFFF0C020000000CFFFFFFFF0CFFFFFFFF110D046C756D700CFFFFFFFF04FFFFFFFF0CFFFFFFFF0CFFFFFFFF0C030000000C01000000110D057368656C6C0CFFFFFFFF04FFFFFFFF0CFFFFFF
310
FF0CFFFFFFFF0CFFFFFFFF0C040000000CFFFFFFFF0C02000000110D04666163650CFFFFFFFF04FFFFFFFF0CFFFFFFFF0CFFFFFFFF0C050000000C030000000CFFFFFFFF0C060000000B0A0B110D046C6F6F700CFFFFFFFF04FFFFFFFF0CFFFFFFFF0CFFFFFFFF0C070000000C04000000110E05706C616E650D0773757266
310
6163650CFFFFFFFF04FFFFFFFF0CFFFFFFFF13FF20FC6B53A9AD40F375E78A3384A44000000000000000001400000000000000000000000000000000000000000000F03F14000000000000F03F075C143326A6B1BC00000000000000000B0B0B0B0B110D06636F656467650CFFFFFFFF04FFFFFFFF0CFFFFFFFF0C08000000
310
0C090000000CFFFFFFFF0C0A0000000B0C0500000004000000000CFFFFFFFF110D06636F656467650CFFFFFFFF04FFFFFFFF0CFFFFFFFF0C0B0000000C070000000CFFFFFFFF0C0C0000000A0C0500000004000000000CFFFFFFFF110D06636F656467650CFFFFFFFF04FFFFFFFF0CFFFFFFFF0C070000000C0D0000000CFF
310
FFFFFF0C0E0000000A0C0500000004000000000CFFFFFFFF110D04656467650CFFFFFFFF04FFFFFFFF0CFFFFFFFF0C0F00000006C3474454FB21F93F0C10000000066D3A4454FB2109400C070000000C110000000B0707756E6B6E6F776E110D06636F656467650CFFFFFFFF04FFFFFFFF0CFFFFFFFF0C120000000C080000
310
000CFFFFFFFF0C130000000B0C0500000004000000000CFFFFFFFF110D04656467650CFFFFFFFF04FFFFFFFF0CFFFFFFFF0C140000000600000000000000000C100000000600189A9F7BE3E43F0C080000000C150000000B0707756E6B6E6F776E110D06636F656467650CFFFFFFFF04FFFFFFFF0CFFFFFFFF0C090000000C
310
160000000CFFFFFFFF0C170000000B0C0500000004000000000CFFFFFFFF110D04656467650CFFFFFFFF04FFFFFFFF0CFFFFFFFF0C0F0000000600000000000000000C1800000006009C9499999915400C090000000C190000000B0707756E6B6E6F776E110D067665727465780CFFFFFFFF04FFFFFFFF0CFFFFFFFF0C0A00
310
000004000000000C1A000000110D067665727465780CFFFFFFFF04FFFFFFFF0CFFFFFFFF0C0A00000004010000000C1B000000110E07656C6C697073650D0563757276650CFFFFFFFF04FFFFFFFF0CFFFFFFFF13DABB9505EDA3AD40AE8218A33985A440000000000000000014000000000000000000000000000000000000
310
00000000F03F14001033333333D33F01AE7E70C72D95BC000000000000000006000000000000F03F0B0B110D06636F656467650CFFFFFFFF04FFFFFFFF0CFFFFFFFF0C1C0000000C0B0000000CFFFFFFFF0C1D0000000A0C0500000004000000000CFFFFFFFF110D04656467650CFFFFFFFF04FFFFFFFF0CFFFFFFFF0C1400
310
0000066E124454FB2109C00C1E0000000673A867E10B6DFCBF0C0B0000000C1F0000000B0707756E6B6E6F776E110D067665727465780CFFFFFFFF04FFFFFFFF0CFFFFFFFF0C0C00000004000000000C20000000110E0873747261696768740D0563757276650CFFFFFFFF04FFFFFFFF0CFFFFFFFF133F22FC6B53A3AD400C
310
895E6BEB83A440000000000000000014463163621A01783D000000000000F03F00000000000000000B0B110D06636F656467650CFFFFFFFF04FFFFFFFF0CFFFFFFFF0C0D0000000C210000000CFFFFFFFF0C220000000A0C0500000004000000000CFFFFFFFF110D04656467650CFFFFFFFF04FFFFFFFF0CFFFFFFFF0C2300
310
000006E398AAAAAAAA7A3D0C1800000006C3F74354FB21F93F0C0D0000000C240000000B0707756E6B6E6F776E110D067665727465780CFFFFFFFF04FFFFFFFF0CFFFFFFFF0C1700000004010000000C25000000110E0873747261696768740D0563757276650CFFFFFFFF04FFFFFFFF0CFFFFFFFF13D9BB9505EDA3AD4047
310
1CB23CD385A440000000000000000014000000000000F03F075C143326A6B1BC00000000000000000B0B110D05706F696E740CFFFFFFFF04FFFFFFFF0CFFFFFFFF13D9BB9505EDA3AD40471CB23CD385A4400000000000000000110D05706F696E740CFFFFFFFF04FFFFFFFF0CFFFFFFFF134122FC6B53A3AD40AE8218A339
310
85A4400000000000000000110D06636F656467650CFFFFFFFF04FFFFFFFF0CFFFFFFFF0C260000000C120000000CFFFFFFFF0C270000000A0C0500000004000000000CFFFFFFFF110D04656467650CFFFFFFFF04FFFFFFFF0CFFFFFFFF0C2800000006795233BB222EE83F0C1E00000006870D21C7EAD6F53F0C120000000C
310
290000000B0707756E6B6E6F776E110D067665727465780CFFFFFFFF04FFFFFFFF0CFFFFFFFF0C1300000004010000000C2A000000110E07656C6C697073650D0563757276650CFFFFFFFF04FFFFFFFF0CFFFFFFFF13D9BB9505EDA3AD400E895E6BEB83A44000000000000000001400000000000000000000000000000000
310
000000000000F03F14006033333333D33F40067F70C72D95BC000000000000000006000000000000F03F0B0B110D05706F696E740CFFFFFFFF04FFFFFFFF0CFFFFFFFF133F22FC6B53A3AD400C895E6BEB83A4400000000000000000110D06636F656467650CFFFFFFFF04FFFFFFFF0CFFFFFFFF0C160000000C260000000C
310
FFFFFFFF0C2B0000000B0C0500000004000000000CFFFFFFFF110D04656467650CFFFFFFFF04FFFFFFFF0CFFFFFFFF0C230000000600000000000000000C2C0000000600009A9F7BE3E43F0C160000000C2D0000000B0707756E6B6E6F776E110D067665727465780CFFFFFFFF04FFFFFFFF0CFFFFFFFF0C22000000040000
310
00000C2E000000110E07656C6C697073650D0563757276650CFFFFFFFF04FFFFFFFF0CFFFFFFFF13258662D2B9AEAD40AC8218A33985A44000000000000000001400000000000000000000000000000000000000000000F03F14004033333333D33FF4E27E70C72D95BC000000000000000006000000000000F03F0B0B110D
310
05706F696E740CFFFFFFFF04FFFFFFFF0CFFFFFFFF13278662D2B9AEAD40461CB23CD385A4400000000000000000110D06636F656467650CFFFFFFFF04FFFFFFFF0CFFFFFFFF0C210000000C1C0000000CFFFFFFFF0C2F0000000A0C0500000004000000000CFFFFFFFF110D04656467650CFFFFFFFF04FFFFFFFF0CFFFFFF
310
FF0C3000000006F6ABC012936BF53F0C2800000006FDBAC79563D8FC3F0C1C0000000C310000000B0707756E6B6E6F776E110D067665727465780CFFFFFFFF04FFFFFFFF0CFFFFFFFF0C1D00000004000000000C32000000110E07656C6C697073650D0563757276650CFFFFFFFF04FFFFFFFF0CFFFFFFFF13E03F9E6BE7A2
310
AD404E4FE56F067FA44000000000000000001400000000000000000000000000000000000000000000F03F14914A9A9999990140A35BCAD1F669C3BC000000000000000006000000000000F03F0B0B110D05706F696E740CFFFFFFFF04FFFFFFFF0CFFFFFFFF130A5B30A1CDA3AD40D8A0C00F5583A4400000000000000000
310
110D04656467650CFFFFFFFF04FFFFFFFF0CFFFFFFFF0C3300000006ECDD20C7EAD6F5BF0C2C00000006FFAFFFFFFFFF83BD0C210000000C340000000B0707756E6B6E6F776E110D067665727465780CFFFFFFFF04FFFFFFFF0CFFFFFFFF0C2B00000004010000000C35000000110E0873747261696768740D056375727665
310
0CFFFFFFFF04FFFFFFFF0CFFFFFFFF13BF1FFC6B53AFAD40AD8218A33985A440000000000000000014075C143326A6B1BC000000000000F0BF00000000000000000B0B110D05706F696E740CFFFFFFFF04FFFFFFFF0CFFFFFFFF13BF1FFC6B53AFAD40AD8218A33985A4400000000000000000110D04656467650CFFFFFFFF
310
04FFFFFFFF0CFFFFFFFF0C3300000006B05267E10B6DFC3F0C3000000006635D77A5721603400C260000000C360000000B0707756E6B6E6F776E110D067665727465780CFFFFFFFF04FFFFFFFF0CFFFFFFFF0C2700000004000000000C37000000110E07656C6C697073650D0563757276650CFFFFFFFF04FFFFFFFF0CFFFF
310
FFFF130121FC6B53A9AD4054828FE96A74A44000000000000000001400000000000000000000000000000000000000000000F03F1402EBFFFFFFFF1B40E48963D9C2E2DEBC000000000000000006000000000000F03F0B0B110D05706F696E740CFFFFFFFF04FFFFFFFF0CFFFFFFFF13BEE4F1411BA6AD40168847DD0A82A4
310
400000000000000000110D067665727465780CFFFFFFFF04FFFFFFFF0CFFFFFFFF0C2F00000004000000000C38000000110E07656C6C697073650D0563757276650CFFFFFFFF04FFFFFFFF0CFFFFFFFF13238662D2B9AEAD400E895E6BEB83A440000000000000000014000000000000000000000000000000000000000000
310
00F03F14AB7333333333D33FF21B7F70C72D95BC000000000000000006000000000000F03F0B0B110D05706F696E740CFFFFFFFF04FFFFFFFF0CFFFFFFFF13BF1FFC6B53AFAD400D895E6BEB83A4400000000000000000110E07656C6C697073650D0563757276650CFFFFFFFF04FFFFFFFF0CFFFFFFFF131C025A6CBFAFAD
310
404E4FE56F067FA44000000000000000001400000000000000000000000000000000000000000000F03F1426489A9999990140F858CAD1F669C3BC000000000000000006000000000000F03F0B0B110D05706F696E740CFFFFFFFF04FFFFFFFF0CFFFFFFFF13395D06968BACAD40188847DD0A82A440000000000000000011
310
0D05706F696E740CFFFFFFFF04FFFFFFFF0CFFFFFFFF13E9E6C736D9AEAD40FCA0C00F5583A4400000000000000000110E03456E640E026F660E0341534D0D0464617461
  0
ACDSRECORD
 90
        1
  2
AcDbDs::ID
280
    10
320
BF
  2
ASM_Data
280
    15
 94
     3048
310
414349532042696E61727946696C652855000000000000020000000C00000007104175746F6465736B204175746F434144071341534D203231382E302E302E35313136204E540718547565205365702030382032313A30373A3036203230323606000000000000F03F068DEDB5A0F7C6B03E06BBBDD7D9DF7CDB3D0D096173
310
6D6865616465720CFFFFFFFF04FFFFFFFF070C3231382E302E302E35313136110D04626F64790CFFFFFFFF04FFFFFFFF0CFFFFFFFF0C020000000CFFFFFFFF0CFFFFFFFF110D046C756D700CFFFFFFFF04FFFFFFFF0CFFFFFFFF0CFFFFFFFF0C030000000C01000000110D057368656C6C0CFFFFFFFF04FFFFFFFF0CFFFFFF
310
FF0CFFFFFFFF0CFFFFFFFF0C040000000CFFFFFFFF0C02000000110D04666163650CFFFFFFFF04FFFFFFFF0CFFFFFFFF0CFFFFFFFF0C050000000C030000000CFFFFFFFF0C060000000B0A0B110D046C6F6F700CFFFFFFFF04FFFFFFFF0CFFFFFFFF0CFFFFFFFF0C070000000C04000000110E05706C616E650D0773757266
310
6163650CFFFFFFFF04FFFFFFFF0CFFFFFFFF130021FC6B53A9AD4016E97E09208CA44000000000000000001400000000000000000000000000000000000000000000F03F14000000000000F03F075C143326A6B1BC00000000000000000B0B0B0B0B110D06636F656467650CFFFFFFFF04FFFFFFFF0CFFFFFFFF0C08000000
310
0C090000000CFFFFFFFF0C0A0000000B0C0500000004000000000CFFFFFFFF110D06636F656467650CFFFFFFFF04FFFFFFFF0CFFFFFFFF0C0B0000000C070000000CFFFFFFFF0C0C0000000A0C0500000004000000000CFFFFFFFF110D06636F656467650CFFFFFFFF04FFFFFFFF0CFFFFFFFF0C070000000C0D0000000CFF
310
FFFFFF0C0E0000000A0C0500000004000000000CFFFFFFFF110D04656467650CFFFFFFFF04FFFFFFFF0CFFFFFFFF0C0F00000006182D4454FB21F93F0C10000000066D3A4454FB2109400C070000000C110000000B0707756E6B6E6F776E110D06636F656467650CFFFFFFFF04FFFFFFFF0CFFFFFFFF0C120000000C080000
310
000CFFFFFFFF0C130000000B0C0500000004000000000CFFFFFFFF110D04656467650CFFFFFFFF04FFFFFFFF0CFFFFFFFF0C140000000600000000000000000C100000000600D0CCCCCCCC00400C080000000C150000000B0707756E6B6E6F776E110D06636F656467650CFFFFFFFF04FFFFFFFF0CFFFFFFFF0C090000000C
310
160000000CFFFFFFFF0C170000000B0C0500000004000000000CFFFFFFFF110D04656467650CFFFFFFFF04FFFFFFFF0CFFFFFFFF0C0F0000000600000000000000000C1800000006005866666666F63F0C090000000C190000000B0707756E6B6E6F776E110D067665727465780CFFFFFFFF04FFFFFFFF0CFFFFFFFF0C0A00
310
000004000000000C1A000000110D067665727465780CFFFFFFFF04FFFFFFFF0CFFFFFFFF0C0A00000004010000000C1B000000110E07656C6C697073650D0563757276650CFFFFFFFF04FFFFFFFF0CFFFFFFFF139ABA9505EDA7AD40B08218A3398EA440000000000000000014000000000000000000000000000000000000
310
00000000F03F14001033333333D33F01AE7E70C72D95BC000000000000000006000000000000F03F0B0B110D06636F656467650CFFFFFFFF04FFFFFFFF0CFFFFFFFF0C1C0000000C0B0000000CFFFFFFFF0C1D0000000A0C0500000004000000000CFFFFFFFF110D04656467650CFFFFFFFF04FFFFFFFF0CFFFFFFFF0C1400
310
00000618194454FB2109C00C1E000000066E624454FB21F9BF0C0B0000000C1F0000000B0707756E6B6E6F776E110D067665727465780CFFFFFFFF04FFFFFFFF0CFFFFFFFF0C0C00000004000000000C20000000110E0873747261696768740D0563757276650CFFFFFFFF04FFFFFFFF0CFFFFFFFF13FF20FC6B53A7AD407B
310
4FE56F068AA440000000000000000014075C143326A6B13C000000000000F03F00000000000000000B0B110D06636F656467650CFFFFFFFF04FFFFFFFF0CFFFFFFFF0C0D0000000C1C0000000CFFFFFFFF0C210000000A0C0500000004000000000CFFFFFFFF110D04656467650CFFFFFFFF04FFFFFFFF0CFFFFFFFF0C2200
310
000006E398AAAAAAAA6ABD0C1800000006182D4454FB21F93F0C0D0000000C230000000B0707756E6B6E6F776E110D067665727465780CFFFFFFFF04FFFFFFFF0CFFFFFFFF0C1700000004010000000C24000000110E0873747261696768740D0563757276650CFFFFFFFF04FFFFFFFF0CFFFFFFFF139ABA9505EDA7AD4048
310
1CB23CD38EA440000000000000000014000000000000F03F17C58C89690450BD00000000000000000B0B110D05706F696E740CFFFFFFFF04FFFFFFFF0CFFFFFFFF139ABA9505EDA7AD40481CB23CD38EA4400000000000000000110D05706F696E740CFFFFFFFF04FFFFFFFF0CFFFFFFFF130121FC6B53A7AD40AF8218A339
310
8EA4400000000000000000110D06636F656467650CFFFFFFFF04FFFFFFFF0CFFFFFFFF0C160000000C120000000CFFFFFFFF0C250000000B0C0500000004000000000CFFFFFFFF110D04656467650CFFFFFFFF04FFFFFFFF0CFFFFFFFF0C260000000600000000000000000C1E00000006007066666666F63F0C120000000C
310
270000000B0707756E6B6E6F776E110D067665727465780CFFFFFFFF04FFFFFFFF0CFFFFFFFF0C1300000004010000000C28000000110E07656C6C697073650D0563757276650CFFFFFFFF04FFFFFFFF0CFFFFFFFF1399BA9505EDA7AD407C4FE56F068AA44000000000000000001400000000000000000000000000000000
310
000000000000F03F14004033333333D33FF4E27E70C72D95BC000000000000000006000000000000F03F0B0B110D05706F696E740CFFFFFFFF04FFFFFFFF0CFFFFFFFF13FF20FC6B53A7AD407B4FE56F068AA4400000000000000000110D04656467650CFFFFFFFF04FFFFFFFF0CFFFFFFFF0C220000000600000000000000
310
000C290000000600CCCCCCCCCC00400C160000000C2A0000000B0707756E6B6E6F776E110D067665727465780CFFFFFFFF04FFFFFFFF0CFFFFFFFF0C2100000004000000000C2B000000110E07656C6C697073650D0563757276650CFFFFFFFF04FFFFFFFF0CFFFFFFFF13658762D2B9AAAD40AF8218A3398EA44000000000
310
000000001400000000000000000000000000000000000000000000F03F14004033333333D33FF4E27E70C72D95BC000000000000000006000000000000F03F0B0B110D05706F696E740CFFFFFFFF04FFFFFFFF0CFFFFFFFF13658762D2B9AAAD40491CB23CD38EA4400000000000000000110D04656467650CFFFFFFFF04FF
310
FFFFFF0CFFFFFFFF0C26000000066E124454FB21F9BF0C290000000655C5AAAAAAAA7A3D0C1C0000000C2C0000000B0707756E6B6E6F776E110D067665727465780CFFFFFFFF04FFFFFFFF0CFFFFFFFF0C1D00000004000000000C2D000000110E0873747261696768740D0563757276650CFFFFFFFF04FFFFFFFF0CFFFFFF
310
FF13658762D2B9AAAD40E2B54BD66C89A440000000000000000014000000000000F0BFD275E6EC2CF74FBD00000000000000000B0B110D05706F696E740CFFFFFFFF04FFFFFFFF0CFFFFFFFF1397BA9505EDA7AD40E2B54BD66C89A4400000000000000000110D067665727465780CFFFFFFFF04FFFFFFFF0CFFFFFFFF0C25
310
00000004010000000C2E000000110E0873747261696768740D0563757276650CFFFFFFFF04FFFFFFFF0CFFFFFFFF13FF20FC6B53ABAD40AE8218A3398EA440000000000000000014075C143326A6B1BC000000000000F0BF00000000000000000B0B110D05706F696E740CFFFFFFFF04FFFFFFFF0CFFFFFFFF13FF20FC6B53
310
ABAD40AE8218A3398EA4400000000000000000110E07656C6C697073650D0563757276650CFFFFFFFF04FFFFFFFF0CFFFFFFFF13648762D2B9AAAD407A4FE56F068AA44000000000000000001400000000000000000000000000000000000000000000F03F14001033333333D33F01AE7E70C72D95BC000000000000000006
310
000000000000F03F0B0B110D05706F696E740CFFFFFFFF04FFFFFFFF0CFFFFFFFF13658762D2B9AAAD40E2B54BD66C89A4400000000000000000110D05706F696E740CFFFFFFFF04FFFFFFFF0CFFFFFFFF13FD20FC6B53ABAD407C4FE56F068AA4400000000000000000110E03456E640E026F660E0341534D0D0464617461
  0
ACDSRECORD
 90
        1
  2
AcDbDs::ID
280
    10
320
8C
  2
ASM_Data
280
    15
 94
    23979
310
414349532042696E61727946696C652855000000000000020000000C00000007104175746F6465736B204175746F434144071341534D203231382E302E302E35313136204E540718547565205365702030382032313A30373A3036203230323606000000000000F03F068DEDB5A0F7C6B03E06BBBDD7D9DF7CDB3D0D096173
310
6D6865616465720CFFFFFFFF04FFFFFFFF070C3231382E302E302E35313136110D04626F64790C0200000004FFFFFFFF0CFFFFFFFF0C030000000CFFFFFFFF0CFFFFFFFF110E067265665F76740E036579650D066174747269620CFFFFFFFF04FFFFFFFF0CFFFFFFFF0CFFFFFFFF0C010000000CFFFFFFFF0CFFFFFFFF110D
310
046C756D700C0400000004FFFFFFFF0CFFFFFFFF0CFFFFFFFF0C050000000C01000000110E067265665F76740E036579650D066174747269620CFFFFFFFF04FFFFFFFF0CFFFFFFFF0CFFFFFFFF0C030000000CFFFFFFFF0CFFFFFFFF110D057368656C6C0C0600000004FFFFFFFF0CFFFFFFFF0CFFFFFFFF0CFFFFFFFF0C07
310
0000000CFFFFFFFF0C03000000110E067265665F76740E036579650D066174747269620CFFFFFFFF04FFFFFFFF0CFFFFFFFF0CFFFFFFFF0C050000000CFFFFFFFF0CFFFFFFFF110D04666163650C0800000004FFFFFFFF0CFFFFFFFF0CFFFFFFFF0C090000000C050000000CFFFFFFFF0C0A0000000B0A0B110E05666D6573
310
680E036579650D066174747269620CFFFFFFFF04FFFFFFFF0C0B0000000CFFFFFFFF0C07000000110D046C6F6F700CFFFFFFFF04FFFFFFFF0CFFFFFFFF0CFFFFFFFF0C0C0000000C07000000110E05706C616E650D07737572666163650CFFFFFFFF04FFFFFFFF0CFFFFFFFF13B0258634760565400000E07FA5B88F3F0000
310
0000000000001400000000000000000000000000000000000000000000F03F140A8A9E4C3979AA3C000000000000F0BF00000000000000000A0B0B0B0B110E067265665F76740E036579650D066174747269620CFFFFFFFF04FFFFFFFF0C0D0000000C080000000C070000000CFFFFFFFF0CFFFFFFFF110D06636F65646765
310
0CFFFFFFFF04FFFFFFFF0CFFFFFFFF0C0E0000000C0F0000000CFFFFFFFF0C100000000B0C0900000004000000000CFFFFFFFF110E09706572737562656E740E1061636164536F6C6964486973746F72790D066174747269620CFFFFFFFF04FFFFFFFF0CFFFFFFFF0C0B0000000C07000000040100000004010000000400CA
310
9A3B04E9030000110D06636F656467650CFFFFFFFF04FFFFFFFF0CFFFFFFFF0C110000000C0C0000000CFFFFFFFF0C120000000A0C0900000004000000000CFFFFFFFF110D06636F656467650CFFFFFFFF04FFFFFFFF0CFFFFFFFF0C0C0000000C130000000CFFFFFFFF0C140000000A0C0900000004000000000CFFFFFFFF
310
110D04656467650C1500000004FFFFFFFF0CFFFFFFFF0C16000000063F15467797C1D63E0C17000000068664F63040B4EF3F0C0C0000000C180000000B0707756E6B6E6F776E110D06636F656467650CFFFFFFFF04FFFFFFFF0CFFFFFFFF0C190000000C0E0000000CFFFFFFFF0C1A0000000A0C0900000004000000000CFF
310
FFFFFF110D04656467650C1B00000004FFFFFFFF0CFFFFFFFF0C1C0000000600000000000000000C1700000006CE9B7781A872F23F0C0E0000000C1D0000000B0707756E6B6E6F776E110D06636F656467650CFFFFFFFF04FFFFFFFF0CFFFFFFFF0C0F0000000C1E0000000CFFFFFFFF0C1F0000000B0C0900000004000000
310
000CFFFFFFFF110D04656467650C2000000004FFFFFFFF0CFFFFFFFF0C160000000600000000000000000C2100000006006000600C77FC3F0C0F0000000C220000000B0707756E6B6E6F776E110E09706572737562656E740E1061636164536F6C6964486973746F72790D066174747269620CFFFFFFFF04FFFFFFFF0CFFFF
310
FFFF0CFFFFFFFF0C10000000040100000004010000000400CA9A3B0439C70000110D067665727465780CFFFFFFFF04FFFFFFFF0CFFFFFFFF0C1000000004020000000C23000000110D067665727465780CFFFFFFFF04FFFFFFFF0CFFFFFFFF0C1000000004020000000C24000000110E07656C6C697073650D056375727665
310
0CFFFFFFFF04FFFFFFFF0CFFFFFFFF1348D45B365E2A65400040955FAA4606C000000000000000001400000000000000000000000000000000000000000000F0BF14D1E2F584D8C48F3C38335C9D4E33D3BF000000000000000006000000000000F03F0B0B110D06636F656467650CFFFFFFFF04FFFFFFFF0CFFFFFFFF0C25
310
0000000C110000000CFFFFFFFF0C260000000A0C0900000004000000000CFFFFFFFF110D04656467650C2700000004FFFFFFFF0CFFFFFFFF0C280000000600000000000000000C1C0000000600A07EE13133FB3F0C110000000C290000000B0707756E6B6E6F776E110E09706572737562656E740E1061636164536F6C6964
310
486973746F72790D066174747269620CFFFFFFFF04FFFFFFFF0CFFFFFFFF0CFFFFFFFF0C12000000040100000004010000000400CA9A3B04D9C05700110D067665727465780CFFFFFFFF04FFFFFFFF0CFFFFFFFF0C1200000004020000000C2A000000110E0873747261696768740D0563757276650CFFFFFFFF04FFFFFFFF
310
0CFFFFFFFF1370F771051E0E654000207DCE8EC0FFBF0000000000000000146B8787EDA189E13FFAA54D5828C4EABF00000000000000000B0B110D06636F656467650CFFFFFFFF04FFFFFFFF0CFFFFFFFF0C130000000C2B0000000CFFFFFFFF0C2C0000000A0C0900000004000000000CFFFFFFFF110D04656467650C2D00
310
000004FFFFFFFF0CFFFFFFFF0C2E000000069E009F2CF321F9BF0C21000000062C0550328EDEE13E0C130000000C2F0000000B0707756E6B6E6F776E110E09706572737562656E740E1061636164536F6C6964486973746F72790D066174747269620CFFFFFFFF04FFFFFFFF0CFFFFFFFF0CFFFFFFFF0C1400000004010000
310
0004010000000400CA9A3B04D94D0200110D067665727465780CFFFFFFFF04FFFFFFFF0CFFFFFFFF0C1F00000004020000000C30000000110E0873747261696768740D0563757276650CFFFFFFFF04FFFFFFFF0CFFFFFFFF13B0F8F1325E2A654000A0403314AD08C0000000000000000014000000000000F03F0A8A9E4C39
310
79AA3C00000000000000000B0B110D05706F696E740CFFFFFFFF04FFFFFFFF0CFFFFFFFF13B0F8F1325E2A654000A0403314AD08C00000000000000000110D05706F696E740CFFFFFFFF04FFFFFFFF0CFFFFFFFF1350F9F18856226540000001A1669707C00000000000000000110D06636F656467650CFFFFFFFF04FFFFFF
310
FF0CFFFFFFFF0C310000000C190000000CFFFFFFFF0C320000000B0C0900000004000000000CFFFFFFFF110D04656467650C3300000004FFFFFFFF0CFFFFFFFF0C340000000600000000000000000C2800000006635D1A752127DB3F0C190000000C350000000B0707756E6B6E6F776E110E09706572737562656E740E1061
310
636164536F6C6964486973746F72790D066174747269620CFFFFFFFF04FFFFFFFF0CFFFFFFFF0CFFFFFFFF0C1A000000040100000004010000000400CA9A3B04393A5600110D067665727465780CFFFFFFFF04FFFFFFFF0CFFFFFFFF0C1A00000004020000000C36000000110E0873747261696768740D0563757276650CFF
310
FFFFFF04FFFFFFFF0CFFFFFFFF1370F771051E0E65400000FAB37335D2BF0000000000000000140A8A9E4C3979AA3C000000000000F0BF00000000000000000B0B110D05706F696E740CFFFFFFFF04FFFFFFFF0CFFFFFFFF1370F771051E0E654000207DCE8EC0FFBF0000000000000000110D06636F656467650CFFFFFFFF
310
04FFFFFFFF0CFFFFFFFF0C1E0000000C370000000CFFFFFFFF0C380000000A0C0900000004000000000CFFFFFFFF110D04656467650C3900000004FFFFFFFF0CFFFFFFFF0C2E0000000600000000000000000C3A00000006000010043333D33F0C1E0000000C3B0000000B0707756E6B6E6F776E110E09706572737562656E
310
740E1061636164536F6C6964486973746F72790D066174747269620CFFFFFFFF04FFFFFFFF0CFFFFFFFF0CFFFFFFFF0C1F000000040100000004010000000400CA9A3B0479D40300110D067665727465780CFFFFFFFF04FFFFFFFF0CFFFFFFFF0C2C00000004020000000C3C000000110E07656C6C697073650D0563757276
310
650CFFFFFFFF04FFFFFFFF0CFFFFFFFF13405A0E514C6365400070597AAC4606C000000000000000001400000000000000000000000000000000000000000000F0BF14B3C172A9BCC48F3C5C7E3CC73D33D3BF000000000000000006000000000000F03F0B0B110D05706F696E740CFFFFFFFF04FFFFFFFF0CFFFFFFFF1370
310
F9B14B4C63654000A0403314AD08C00000000000000000110D06636F656467650CFFFFFFFF04FFFFFFFF0CFFFFFFFF0C3D0000000C250000000CFFFFFFFF0C3E0000000B0C0900000004000000000CFFFFFFFF110D04656467650C3F00000004FFFFFFFF0CFFFFFFFF0C340000000600000000000000000C4000000006E002
310
1A752127DB3F0C250000000C410000000B0707756E6B6E6F776E110E09706572737562656E740E1061636164536F6C6964486973746F72790D066174747269620CFFFFFFFF04FFFFFFFF0CFFFFFFFF0CFFFFFFFF0C26000000040100000004010000000400CA9A3B0499B35400110D067665727465780CFFFFFFFF04FFFFFF
310
FF0CFFFFFFFF0C2600000004020000000C42000000110E0873747261696768740D0563757276650CFFFFFFFF04FFFFFFFF0CFFFFFFFF1340FCD170840465400000F07FA5B88F3F000000000000000014C7DA743195A0E63FBCDD859BA7A0E6BF00000000000000000B0B110D05706F696E740CFFFFFFFF04FFFFFFFF0CFFFF
310
FFFF1370F771051E0E65400000FAB37335D2BF0000000000000000110D06636F656467650CFFFFFFFF04FFFFFFFF0CFFFFFFFF0C2B0000000C430000000CFFFFFFFF0C440000000A0C0900000004000000000CFFFFFFFF110D04656467650C4500000004FFFFFFFF0CFFFFFFFF0C3A0000000600000000000000000C460000
310
000600A0FC7F5C5FE93F0C2B0000000C470000000B0707756E6B6E6F776E110E09706572737562656E740E1061636164536F6C6964486973746F72790D066174747269620CFFFFFFFF04FFFFFFFF0CFFFFFFFF0CFFFFFFFF0C2C000000040100000004010000000400CA9A3B04195B0500110D067665727465780CFFFFFFFF
310
04FFFFFFFF0CFFFFFFFF0C3800000004020000000C48000000110E0873747261696768740D0563757276650CFFFFFFFF04FFFFFFFF0CFFFFFFFF1340F7F1EFE56C654000B07FB3AD4606C00000000000000000140A8A9E4C3979AABC000000000000F03F00000000000000000B0B110D05706F696E740CFFFFFFFF04FFFFFF
310
FF0CFFFFFFFF1340F7F1EFE56C654000B07FB3AD4606C00000000000000000110D06636F656467650CFFFFFFFF04FFFFFFFF0CFFFFFFFF0C490000000C310000000CFFFFFFFF0C4A0000000B0C0900000004000000000CFFFFFFFF110D04656467650C4B00000004FFFFFFFF0CFFFFFFFF0C40000000060000000000000000
310
0C4C0000000600C07EE13133FB3F0C310000000C4D0000000B0707756E6B6E6F776E110E09706572737562656E740E1061636164536F6C6964486973746F72790D066174747269620CFFFFFFFF04FFFFFFFF0CFFFFFFFF0CFFFFFFFF0C32000000040100000004010000000400CA9A3B04F92C5300110D067665727465780C
310
FFFFFFFF04FFFFFFFF0CFFFFFFFF0C3200000004020000000C4E000000110E0873747261696768740D0563757276650CFFFFFFFF04FFFFFFFF0CFFFFFFFF1340FCD170840465400000F07FA5B88F3F000000000000000014C5DA743195A0E63FBEDD859BA7A0E63F00000000000000000B0B110D05706F696E740CFFFFFFFF
310
04FFFFFFFF0CFFFFFFFF1340FCD170840465400000F07FA5B88F3F0000000000000000110D06636F656467650CFFFFFFFF04FFFFFFFF0CFFFFFFFF0C370000000C4F0000000CFFFFFFFF0C500000000A0C0900000004000000000CFFFFFFFF110D04656467650C5100000004FFFFFFFF0CFFFFFFFF0C460000000680BD619C
310
F82109400C5200000006B6D5AF457E6A0F400C370000000C530000000B0707756E6B6E6F776E110E09706572737562656E740E1061636164536F6C6964486973746F72790D066174747269620CFFFFFFFF04FFFFFFFF0CFFFFFFFF0CFFFFFFFF0C38000000040100000004010000000400CA9A3B04B9E10600110D06766572
310
7465780CFFFFFFFF04FFFFFFFF0CFFFFFFFF0C4400000004020000000C54000000110E0873747261696768740D0563757276650CFFFFFFFF04FFFFFFFF0CFFFFFFFF1340F7F1EFE56C654000B0FD5247E003C0000000000000000014000000000000F03F0A8A9E4C3979AA3C00000000000000000B0B110D05706F696E740C
310
FFFFFFFF04FFFFFFFF0CFFFFFFFF1340F7F1EFE56C654000B0FD5247E003C00000000000000000110D06636F656467650CFFFFFFFF04FFFFFFFF0CFFFFFFFF0C550000000C3D0000000CFFFFFFFF0C560000000B0C0900000004000000000CFFFFFFFF110D04656467650C5700000004FFFFFFFF0CFFFFFFFF0C4C00000006
310
00000000000000000C5800000006CE9B7781A872F23F0C3D0000000C590000000B0707756E6B6E6F776E110E09706572737562656E740E1061636164536F6C6964486973746F72790D066174747269620CFFFFFFFF04FFFFFFFF0CFFFFFFFF0CFFFFFFFF0C3E000000040100000004010000000400CA9A3B0459A65100110D
310
067665727465780CFFFFFFFF04FFFFFFFF0CFFFFFFFF0C3E00000004020000000C5A000000110E0873747261696768740D0563757276650CFFFFFFFF04FFFFFFFF0CFFFFFFFF1370F771051E0E65400080F80BFE30D43F0000000000000000140A8A9E4C3979AABC000000000000F03F00000000000000000B0B110D05706F
310
696E740CFFFFFFFF04FFFFFFFF0CFFFFFFFF1370F771051E0E65400080F80BFE30D43F0000000000000000110D06636F656467650CFFFFFFFF04FFFFFFFF0CFFFFFFFF0C430000000C5B0000000CFFFFFFFF0C5C0000000A0C0900000004000000000CFFFFFFFF110D04656467650C5D00000004FFFFFFFF0CFFFFFFFF0C52
310
0000000600000000000000000C5E0000000629DC78F80300F03F0C430000000C5F0000000B0707756E6B6E6F776E110E09706572737562656E740E1061636164536F6C6964486973746F72790D066174747269620CFFFFFFFF04FFFFFFFF0CFFFFFFFF0CFFFFFFFF0C44000000040100000004010000000400CA9A3B045968
310
0800110D067665727465780CFFFFFFFF04FFFFFFFF0CFFFFFFFF0C5000000004020000000C60000000110E07656C6C697073650D0563757276650CFFFFFFFF04FFFFFFFF0CFFFFFFFF1358B2E151458665400060F39C42E007C000000000000000001400000000000000000000000000000000000000000000F0BF140DA096
310
1E1A799A3CE618AF4FDAFFDFBF000000000000000006000000000000F03F0B0B110D05706F696E740CFFFFFFFF04FFFFFFFF0CFFFFFFFF13E0F3714C4586654000B0FD5247E003C00000000000000000110D06636F656467650CFFFFFFFF04FFFFFFFF0CFFFFFFFF0C610000000C490000000CFFFFFFFF0C620000000B0C09
310
00000004000000000CFFFFFFFF110D04656467650C6300000004FFFFFFFF0CFFFFFFFF0C5800000006F7930648EB3401400C6400000006303E117CF82109400C490000000C650000000B0707756E6B6E6F776E110E09706572737562656E740E1061636164536F6C6964486973746F72790D066174747269620CFFFFFFFF04
310
FFFFFFFF0CFFFFFFFF0CFFFFFFFF0C4A000000040100000004010000000400CA9A3B04B91F5000110D067665727465780CFFFFFFFF04FFFFFFFF0CFFFFFFFF0C4A00000004020000000C66000000110E0873747261696768740D0563757276650CFFFFFFFF04FFFFFFFF0CFFFFFFFF1370F771051E0E654000703EB2B81F00
310
40000000000000000014698787EDA189E13FFCA54D5828C4EA3F00000000000000000B0B110D05706F696E740CFFFFFFFF04FFFFFFFF0CFFFFFFFF1370F771051E0E654000703EB2B81F00400000000000000000110D06636F656467650CFFFFFFFF04FFFFFFFF0CFFFFFFFF0C4F0000000C670000000CFFFFFFFF0C680000
310
000A0C0900000004000000000CFFFFFFFF110D04656467650C6900000004FFFFFFFF0CFFFFFFFF0C5E0000000696DCBFD072D902C00C6A00000006C3175A3BF321F9BF0C4F0000000C6B0000000B0707756E6B6E6F776E110E09706572737562656E740E1061636164536F6C6964486973746F72790D066174747269620CFF
310
FFFFFF04FFFFFFFF0CFFFFFFFF0CFFFFFFFF0C50000000040100000004010000000400CA9A3B04F9EE0900110D067665727465780CFFFFFFFF04FFFFFFFF0CFFFFFFFF0C5C00000004020000000C6C000000110E0873747261696768740D0563757276650CFFFFFFFF04FFFFFFFF0CFFFFFFFF1390F891999591654000D0FE
310
98330C05C00000000000000000145BA57A42A4A0E63FD34D828A98A0E6BF00000000000000000B0B110D05706F696E740CFFFFFFFF04FFFFFFFF0CFFFFFFFF1390F891999591654000D0FE98330C05C00000000000000000110D06636F656467650CFFFFFFFF04FFFFFFFF0CFFFFFFFF0C6D0000000C550000000CFFFFFFFF
310
0C6E0000000B0C0900000004000000000CFFFFFFFF110D04656467650C6F00000004FFFFFFFF0CFFFFFFFF0C640000000600000000000000000C7000000006006000600C77FC3F0C550000000C710000000B0707756E6B6E6F776E110E09706572737562656E740E1061636164536F6C6964486973746F72790D0661747472
310
69620CFFFFFFFF04FFFFFFFF0CFFFFFFFF0CFFFFFFFF0C56000000040100000004010000000400CA9A3B0419994E00110D067665727465780CFFFFFFFF04FFFFFFFF0CFFFFFFFF0C5600000004020000000C72000000110E07656C6C697073650D0563757276650CFFFFFFFF04FFFFFFFF0CFFFFFFFF1348D45B365E2A6540
310
002095AA1B86064000000000000000001400000000000000000000000000000000000000000000F0BF14D1E2F584D8C48F3C38335C9D4E33D3BF000000000000000006000000000000F03F0B0B110D05706F696E740CFFFFFFFF04FFFFFFFF0CFFFFFFFF1350F9F1885622654000E000ECD7D607400000000000000000110D
310
06636F656467650CFFFFFFFF04FFFFFFFF0CFFFFFFFF0C5B0000000C730000000CFFFFFFFF0C740000000A0C0900000004000000000CFFFFFFFF110D04656467650C7500000004FFFFFFFF0CFFFFFFFF0C6A0000000600000000000000000C76000000060000F65FC4BED23F0C5B0000000C770000000B0707756E6B6E6F77
310
6E110E09706572737562656E740E1061636164536F6C6964486973746F72790D066174747269620CFFFFFFFF04FFFFFFFF0CFFFFFFFF0CFFFFFFFF0C5C000000040100000004010000000400CA9A3B0499750B00110D067665727465780CFFFFFFFF04FFFFFFFF0CFFFFFFFF0C6800000004020000000C78000000110E0765
310
6C6C697073650D0563757276650CFFFFFFFF04FFFFFFFF0CFFFFFFFF1340B814E1E59C65400080C4E16C880DC000000000000000001400000000000000000000000000000000000000000000F0BF144534C31A46799A3C5F383CBD0700E0BF000000000000000006000000000000F03F0B0B110D05706F696E740CFFFFFFFF
310
04FFFFFFFF0CFFFFFFFF13F0F6714336A865400090FF225BB40AC00000000000000000110D06636F656467650CFFFFFFFF04FFFFFFFF0CFFFFFFFF0C790000000C610000000CFFFFFFFF0C7A0000000B0C0900000004000000000CFFFFFFFF110D04656467650C7B00000004FFFFFFFF0CFFFFFFFF0C700000000684A0A0DC
310
F62109400C7C00000006B4D649757AD912400C610000000C7D0000000B0707756E6B6E6F776E110E09706572737562656E740E1061636164536F6C6964486973746F72790D066174747269620CFFFFFFFF04FFFFFFFF0CFFFFFFFF0CFFFFFFFF0C62000000040100000004010000000400CA9A3B0479124D00110D06766572
310
7465780CFFFFFFFF04FFFFFFFF0CFFFFFFFF0C6200000004020000000C7E000000110E0873747261696768740D0563757276650CFFFFFFFF04FFFFFFFF0CFFFFFFFF13B0F8F1325E2A65400080407E85EC0840000000000000000014000000000000F03F0A8A9E4C3979AA3C00000000000000000B0B110D05706F696E740C
310
FFFFFFFF04FFFFFFFF0CFFFFFFFF13B0F8F1325E2A65400080407E85EC08400000000000000000110D06636F656467650CFFFFFFFF04FFFFFFFF0CFFFFFFFF0C670000000C7F0000000CFFFFFFFF0C800000000A0C0900000004000000000CFFFFFFFF110D04656467650C8100000004FFFFFFFF0CFFFFFFFF0C7600000006
310
7907F9B10122F9BF0C820000000696E902E56D97E23E0C670000000C830000000B0707756E6B6E6F776E110E09706572737562656E740E1061636164536F6C6964486973746F72790D066174747269620CFFFFFFFF04FFFFFFFF0CFFFFFFFF0CFFFFFFFF0C68000000040100000004010000000400CA9A3B0439FC0C00110D
310
067665727465780CFFFFFFFF04FFFFFFFF0CFFFFFFFF0C7400000004020000000C84000000110E0873747261696768740D0563757276650CFFFFFFFF04FFFFFFFF0CFFFFFFFF1368F2D1E8E5AC6540000000E86E880DC0000000000000000014537F4E10F5516B3D000000000000F0BF00000000000000000B0B110D05706F
310
696E740CFFFFFFFF04FFFFFFFF0CFFFFFFFF1368F2D1E8E5AC6540000000E86E880DC00000000000000000110D06636F656467650CFFFFFFFF04FFFFFFFF0CFFFFFFFF0C850000000C6D0000000CFFFFFFFF0C860000000B0C0900000004000000000CFFFFFFFF110D04656467650C8700000004FFFFFFFF0CFFFFFFFF0C7C
310
0000000600000000000000000C8800000006000010043333D33F0C6D0000000C890000000B0707756E6B6E6F776E110E09706572737562656E740E1061636164536F6C6964486973746F72790D066174747269620CFFFFFFFF04FFFFFFFF0CFFFFFFFF0CFFFFFFFF0C6E000000040100000004010000000400CA9A3B04D98B
310
4B00110D067665727465780CFFFFFFFF04FFFFFFFF0CFFFFFFFF0C6E00000004020000000C8A000000110E07656C6C697073650D0563757276650CFFFFFFFF04FFFFFFFF0CFFFFFFFF13405A0E514C636540005059C51D86064000000000000000001400000000000000000000000000000000000000000000F0BF14B3C172
310
A9BCC48F3C5C7E3CC73D33D3BF000000000000000006000000000000F03F0B0B110D05706F696E740CFFFFFFFF04FFFFFFFF0CFFFFFFFF1370F9B14B4C6365400080407E85EC08400000000000000000110D06636F656467650CFFFFFFFF04FFFFFFFF0CFFFFFFFF0C730000000C8B0000000CFFFFFFFF0C8C0000000B0C09
310
00000004000000000CFFFFFFFF110D04656467650C8D00000004FFFFFFFF0CFFFFFFFF0C820000000600000000000000000C8E0000000600DCB904871617400C730000000C8F0000000B0707756E6B6E6F776E110E09706572737562656E740E1061636164536F6C6964486973746F72790D066174747269620CFFFFFFFF04
310
FFFFFFFF0CFFFFFFFF0CFFFFFFFF0C74000000040100000004010000000400CA9A3B04D9820E00110D067665727465780CFFFFFFFF04FFFFFFFF0CFFFFFFFF0C8000000004020000000C90000000110E07656C6C697073650D0563757276650CFFFFFFFF04FFFFFFFF0CFFFFFFFF1348A2FDEFE59C654000406B0B49E00FC0
310
00000000000000001400000000000000000000000000000000000000000000F0BF14AFD34E6F2D799A3C6BD8A2A8F1FFDFBF000000000000000006000000000000F03F0B0B110D05706F696E740CFFFFFFFF04FFFFFFFF0CFFFFFFFF1370F2D1E8E5AC654000C0FE7347E00FC00000000000000000110D06636F656467650C
310
FFFFFFFF04FFFFFFFF0CFFFFFFFF0C910000000C790000000CFFFFFFFF0C920000000A0C0900000004000000000CFFFFFFFF110D04656467650C9300000004FFFFFFFF0CFFFFFFFF0C880000000600000000000000000C940000000600A0FC7F5C5FE93F0C790000000C950000000B0707756E6B6E6F776E110E0970657273
310
7562656E740E1061636164536F6C6964486973746F72790D066174747269620CFFFFFFFF04FFFFFFFF0CFFFFFFFF0CFFFFFFFF0C7A000000040100000004010000000400CA9A3B0439054A00110D067665727465780CFFFFFFFF04FFFFFFFF0CFFFFFFFF0C7A00000004020000000C96000000110E0873747261696768740D
310
0563757276650CFFFFFFFF04FFFFFFFF0CFFFFFFFF1340F7F1EFE56C654000907FFE1E8606400000000000000000140A8A9E4C3979AA3C000000000000F0BF00000000000000000B0B110D05706F696E740CFFFFFFFF04FFFFFFFF0CFFFFFFFF1340F7F1EFE56C654000907FFE1E8606400000000000000000110D06636F65
310
6467650CFFFFFFFF04FFFFFFFF0CFFFFFFFF0C7F0000000C970000000CFFFFFFFF0C980000000A0C0900000004000000000CFFFFFFFF110D04656467650C9900000004FFFFFFFF0CFFFFFFFF0C9A00000006574FC7DFFF21F9BF0C8E000000066B70D18166CEE8BF0C7F0000000C9B0000000B0707756E6B6E6F776E110E09
310
706572737562656E740E1061636164536F6C6964486973746F72790D066174747269620CFFFFFFFF04FFFFFFFF0CFFFFFFFF0CFFFFFFFF0C80000000040100000004010000000400CA9A3B0479091000110D067665727465780CFFFFFFFF04FFFFFFFF0CFFFFFFFF0C8C00000004020000000C9C000000110E087374726169
310
6768740D0563757276650CFFFFFFFF04FFFFFFFF0CFFFFFFFF1380EFB1E6E59C654000783FA023F011C0000000000000000014000000000000F0BF0A8A9E4C3979AABC00000000000000000B0B110D05706F696E740CFFFFFFFF04FFFFFFFF0CFFFFFFFF1380EFB1E6E59C654000783FA023F011C00000000000000000110D
310
06636F656467650CFFFFFFFF04FFFFFFFF0CFFFFFFFF0C9D0000000C850000000CFFFFFFFF0C9E0000000B0C0900000004000000000CFFFFFFFF110D04656467650C9F00000004FFFFFFFF0CFFFFFFFF0CA0000000067AA2AEC50B22E9BF0C9400000006C904C17C13BFD53E0C850000000CA10000000B0707756E6B6E6F77
310
6E110E09706572737562656E740E1061636164536F6C6964486973746F72790D066174747269620CFFFFFFFF04FFFFFFFF0CFFFFFFFF0CFFFFFFFF0C86000000040100000004010000000400CA9A3B04997E4800110D067665727465780CFFFFFFFF04FFFFFFFF0CFFFFFFFF0C8600000004020000000CA2000000110E0873
310
747261696768740D0563757276650CFFFFFFFF04FFFFFFFF0CFFFFFFFF1340F7F1EFE56C65400090FD9DB81F0440000000000000000014000000000000F03F0A8A9E4C3979AA3C00000000000000000B0B110D05706F696E740CFFFFFFFF04FFFFFFFF0CFFFFFFFF1340F7F1EFE56C65400090FD9DB81F0440000000000000
310
0000110D06636F656467650CFFFFFFFF04FFFFFFFF0CFFFFFFFF0C8B0000000CA30000000CFFFFFFFF0CA40000000B0C0900000004000000000CFFFFFFFF110D04656467650CA500000004FFFFFFFF0CFFFFFFFF0C9A0000000600000000000000000CA6000000060000F65FC4BED23F0C8B0000000CA70000000B0707756E
310
6B6E6F776E110E09706572737562656E740E1061636164536F6C6964486973746F72790D066174747269620CFFFFFFFF04FFFFFFFF0CFFFFFFFF0CFFFFFFFF0C8C000000040100000004010000000400CA9A3B0419901100110D067665727465780CFFFFFFFF04FFFFFFFF0CFFFFFFFF0C9800000004020000000CA8000000
310
110E07656C6C697073650D0563757276650CFFFFFFFF04FFFFFFFF0CFFFFFFFF133065047384D4644000F0380B49E00FC000000000000000001400000000000000000000000000000000000000000000F0BF14067B7E930888A23C9404603A5F66E6BF000000000000000006000000000000F03F0B0B110D05706F696E740C
310
FFFFFFFF04FFFFFFFF0CFFFFFFFF13A0208CAE31E4644000783FA023F011C00000000000000000110D06636F656467650CFFFFFFFF04FFFFFFFF0CFFFFFFFF0CA90000000C910000000CFFFFFFFF0CAA0000000A0C0900000004000000000CFFFFFFFF110D04656467650CAB00000004FFFFFFFF0CFFFFFFFF0CA000000006
310
00000000000000000CAC00000006CAF278F80300F03F0C910000000CAD0000000B0707756E6B6E6F776E110E09706572737562656E740E1061636164536F6C6964486973746F72790D066174747269620CFFFFFFFF04FFFFFFFF0CFFFFFFFF0CFFFFFFFF0C92000000040100000004010000000400CA9A3B04F9F74600110D
310
067665727465780CFFFFFFFF04FFFFFFFF0CFFFFFFFF0C9200000004020000000CAE000000110E07656C6C697073650D0563757276650CFFFFFFFF04FFFFFFFF0CFFFFFFFF1358B2E151458665400030F3E7B31F084000000000000000001400000000000000000000000000000000000000000000F0BF140DA0961E1A799A
310
3CE618AF4FDAFFDFBF000000000000000006000000000000F03F0B0B110D05706F696E740CFFFFFFFF04FFFFFFFF0CFFFFFFFF13E0F3714C458665400090FD9DB81F04400000000000000000110D06636F656467650CFFFFFFFF04FFFFFFFF0CFFFFFFFF0C970000000CAF0000000CFFFFFFFF0CB00000000A0C0900000004
310
000000000CFFFFFFFF110D04656467650CB100000004FFFFFFFF0CFFFFFFFF0CB200000006DEEC6B2C76D902C00CA600000006591A968BF521F9BF0C970000000CB30000000B0707756E6B6E6F776E110E09706572737562656E740E1061636164536F6C6964486973746F72790D066174747269620CFFFFFFFF04FFFFFFFF
310
0CFFFFFFFF0CFFFFFFFF0C98000000040100000004010000000400CA9A3B04B9161300110D067665727465780CFFFFFFFF04FFFFFFFF0CFFFFFFFF0CA400000004020000000CB4000000110E0873747261696768740D0563757276650CFFFFFFFF04FFFFFFFF0CFFFFFFFF1350C43ED2EAEA644000C0FE7347E00FC0000000
310
000000000014537F4E10F5516BBD000000000000F03F00000000000000000B0B110D05706F696E740CFFFFFFFF04FFFFFFFF0CFFFFFFFF1350C43ED2EAEA644000C0FE7347E00FC00000000000000000110D06636F656467650CFFFFFFFF04FFFFFFFF0CFFFFFFFF0CB50000000C9D0000000CFFFFFFFF0CB60000000B0C09
310
00000004000000000CFFFFFFFF110D04656467650CB700000004FFFFFFFF0CFFFFFFFF0CB8000000066D422E6D0322F9BF0CAC000000060742110E2222E9BF0C9D0000000CB90000000B0707756E6B6E6F776E110E09706572737562656E740E1061636164536F6C6964486973746F72790D066174747269620CFFFFFFFF04
310
FFFFFFFF0CFFFFFFFF0CFFFFFFFF0C9E000000040100000004010000000400CA9A3B0459714500110D067665727465780CFFFFFFFF04FFFFFFFF0CFFFFFFFF0C9E00000004020000000CBA000000110E0873747261696768740D0563757276650CFFFFFFFF04FFFFFFFF0CFFFFFFFF1390F891999591654000A0FEE3A44B05
310
4000000000000000001459A57A42A4A0E63FD54D828A98A0E63F00000000000000000B0B110D05706F696E740CFFFFFFFF04FFFFFFFF0CFFFFFFFF1390F891999591654000A0FEE3A44B05400000000000000000110D06636F656467650CFFFFFFFF04FFFFFFFF0CFFFFFFFF0CA30000000CBB0000000CFFFFFFFF0CBC0000
310
000B0C0900000004000000000CFFFFFFFF110D04656467650CBD00000004FFFFFFFF0CFFFFFFFF0CB20000000600000000000000000CBE0000000621ED78F80300F03F0CA30000000CBF0000000B0707756E6B6E6F776E110E09706572737562656E740E1061636164536F6C6964486973746F72790D066174747269620CFF
310
FFFFFF04FFFFFFFF0CFFFFFFFF0CFFFFFFFF0CA4000000040100000004010000000400CA9A3B04599D1400110D067665727465780CFFFFFFFF04FFFFFFFF0CFFFFFFFF0CB000000004020000000CC0000000110E07656C6C697073650D0563757276650CFFFFFFFF04FFFFFFFF0CFFFFFFFF1358471B6484D464400060C2E1
310
6C880DC000000000000000001400000000000000000000000000000000000000000000F0BF14905863E91488A23CAF667E236E66E6BF000000000000000006000000000000F03F0B0B110D05706F696E740CFFFFFFFF04FFFFFFFF0CFFFFFFFF1348C43ED2EAEA6440000000E86E880DC00000000000000000110D06636F65
310
6467650CFFFFFFFF04FFFFFFFF0CFFFFFFFF0CC10000000CA90000000CFFFFFFFF0CC20000000A0C0900000004000000000CFFFFFFFF110D04656467650CC300000004FFFFFFFF0CFFFFFFFF0CB80000000600000000000000000CC4000000060000F65FC4BED23F0CA90000000CC50000000B0707756E6B6E6F776E110E09
310
706572737562656E740E1061636164536F6C6964486973746F72790D066174747269620CFFFFFFFF04FFFFFFFF0CFFFFFFFF0CFFFFFFFF0CAA000000040100000004010000000400CA9A3B04B9EA4300110D067665727465780CFFFFFFFF04FFFFFFFF0CFFFFFFFF0CAA00000004020000000CC6000000110E07656C6C6970
310
73650D0563757276650CFFFFFFFF04FFFFFFFF0CFFFFFFFF1340B814E1E59C65400060C42CDEC70D4000000000000000001400000000000000000000000000000000000000000000F0BF144534C31A46799A3C5F383CBD0700E0BF000000000000000006000000000000F03F0B0B110D05706F696E740CFFFFFFFF04FFFFFF
310
FF0CFFFFFFFF13F0F6714336A865400070FF6DCCF30A400000000000000000110D06636F656467650CFFFFFFFF04FFFFFFFF0CFFFFFFFF0CAF0000000CC70000000CFFFFFFFF0CC80000000A0C0900000004000000000CFFFFFFFF110D04656467650CC900000004FFFFFFFF0CFFFFFFFF0CCA0000000612483463F9210940
310
0CBE00000006E8B27E817C6A0F400CAF0000000CCB0000000B0707756E6B6E6F776E110E09706572737562656E740E1061636164536F6C6964486973746F72790D066174747269620CFFFFFFFF04FFFFFFFF0CFFFFFFFF0CFFFFFFFF0CB0000000040100000004010000000400CA9A3B04F9231600110D067665727465780C
310
FFFFFFFF04FFFFFFFF0CFFFFFFFF0CBC00000004020000000CCC000000110E0873747261696768740D0563757276650CFFFFFFFF04FFFFFFFF0CFFFFFFFF13D0E2604B5BE4644000E0DF52B99209C00000000000000000145B897A42A4A0E6BFD369828A98A0E63F00000000000000000B0B110D05706F696E740CFFFFFFFF
310
04FFFFFFFF0CFFFFFFFF13D0E2604B5BE4644000E0DF52B99209C00000000000000000110D06636F656467650CFFFFFFFF04FFFFFFFF0CFFFFFFFF0CCD0000000CB50000000CFFFFFFFF0CCE0000000B0C0900000004000000000CFFFFFFFF110D04656467650CCF00000004FFFFFFFF0CFFFFFFFF0CD000000006D8B368AE
310
F62109400CC4000000066A48A0167ED912400CB50000000CD10000000B0707756E6B6E6F776E110E09706572737562656E740E1061636164536F6C6964486973746F72790D066174747269620CFFFFFFFF04FFFFFFFF0CFFFFFFFF0CFFFFFFFF0CB6000000040100000004010000000400CA9A3B0419644200110D06766572
310
7465780CFFFFFFFF04FFFFFFFF0CFFFFFFFF0CB600000004020000000CD2000000110E0873747261696768740D0563757276650CFFFFFFFF04FFFFFFFF0CFFFFFFFF1368F2D1E8E5AC654000E0FF32E0C70D4000000000000000001481EB24E9A54E6B3D000000000000F03F00000000000000000B0B110D05706F696E740C
310
FFFFFFFF04FFFFFFFF0CFFFFFFFF1368F2D1E8E5AC654000E0FF32E0C70D400000000000000000110D06636F656467650CFFFFFFFF04FFFFFFFF0CFFFFFFFF0CBB0000000CD30000000CFFFFFFFF0CD40000000A0C0900000004000000000CFFFFFFFF110D04656467650CD500000004FFFFFFFF0CFFFFFFFF0CCA00000006
310
00000000000000000CD600000006000863E6C2C5EF3F0CBB0000000CD70000000B0707756E6B6E6F776E110E09706572737562656E740E1061636164536F6C6964486973746F72790D066174747269620CFFFFFFFF04FFFFFFFF0CFFFFFFFF0CFFFFFFFF0CBC000000040100000004010000000400CA9A3B0499AA1700110D
310
067665727465780CFFFFFFFF04FFFFFFFF0CFFFFFFFF0CC800000004020000000CD8000000110E07656C6C697073650D0563757276650CFFFFFFFF04FFFFFFFF0CFFFFFFFF13D820E8D4E3BD644000A0F09C42E007C000000000000000001400000000000000000000000000000000000000000000F0BF14DBC861EBFE87A2
310
3CE5C8328E5366E6BF000000000000000006000000000000F03F0B0B110D05706F696E740CFFFFFFFF04FFFFFFFF0CFFFFFFFF1380E480A1BACD64400010DFC891EA03C00000000000000000110D06636F656467650CFFFFFFFF04FFFFFFFF0CFFFFFFFF0CD90000000CC10000000CFFFFFFFF0CDA0000000B0C0900000004
310
000000000CFFFFFFFF110D04656467650CDB00000004FFFFFFFF0CFFFFFFFF0CD00000000600000000000000000CDC0000000600DCB904871617400CC10000000CDD0000000B0707756E6B6E6F776E110E09706572737562656E740E1061636164536F6C6964486973746F72790D066174747269620CFFFFFFFF04FFFFFFFF
310
0CFFFFFFFF0CFFFFFFFF0CC2000000040100000004010000000400CA9A3B0479DD4000110D067665727465780CFFFFFFFF04FFFFFFFF0CFFFFFFFF0CC200000004020000000CDE000000110E07656C6C697073650D0563757276650CFFFFFFFF04FFFFFFFF0CFFFFFFFF1348A2FDEFE59C65400088352BDD0F104000000000
310
000000001400000000000000000000000000000000000000000000F0BF14AFD34E6F2D799A3C6BD8A2A8F1FFDFBF000000000000000006000000000000F03F0B0B110D05706F696E740CFFFFFFFF04FFFFFFFF0CFFFFFFFF1370F2D1E8E5AC654000507F5FDC0F10400000000000000000110D06636F656467650CFFFFFFFF
310
04FFFFFFFF0CFFFFFFFF0CC70000000CDF0000000CFFFFFFFF0CE00000000A0C0900000004000000000CFFFFFFFF110D04656467650CE100000004FFFFFFFF0CFFFFFFFF0CD60000000600000000000000000CE2000000060080DCD0FFFFDF3F0CC70000000CE30000000B0707756E6B6E6F776E110E09706572737562656E
310
740E1061636164536F6C6964486973746F72790D066174747269620CFFFFFFFF04FFFFFFFF0CFFFFFFFF0CFFFFFFFF0CC8000000040100000004010000000400CA9A3B0439311900110D067665727465780CFFFFFFFF04FFFFFFFF0CFFFFFFFF0CD400000004020000000CE4000000110E0873747261696768740D05637572
310
76650CFFFFFFFF04FFFFFFFF0CFFFFFFFF13505F78CFE3BD6440002064B9AD4602C0000000000000000014000000000000F0BF0A8A9E4C3979AABC00000000000000000B0B110D05706F696E740CFFFFFFFF04FFFFFFFF0CFFFFFFFF13505F78CFE3BD6440002064B9AD4602C00000000000000000110D06636F656467650C
310
FFFFFFFF04FFFFFFFF0CFFFFFFFF0CE50000000CCD0000000CFFFFFFFF0CE60000000B0C0900000004000000000CFFFFFFFF110D04656467650CE700000004FFFFFFFF0CFFFFFFFF0CDC00000006FEC0CFB361EE02C00CE800000006DA0AC1C8F621F9BF0CCD0000000CE90000000B0707756E6B6E6F776E110E0970657273
310
7562656E740E1061636164536F6C6964486973746F72790D066174747269620CFFFFFFFF04FFFFFFFF0CFFFFFFFF0CFFFFFFFF0CCE000000040100000004010000000400CA9A3B04D9563F00110D067665727465780CFFFFFFFF04FFFFFFFF0CFFFFFFFF0CCE00000004020000000CEA000000110E0873747261696768740D
310
0563757276650CFFFFFFFF04FFFFFFFF0CFFFFFFFF1380EFB1E6E59C65400060BF45DC0F1240000000000000000014000000000000F0BF0A8A9E4C3979AABC00000000000000000B0B110D05706F696E740CFFFFFFFF04FFFFFFFF0CFFFFFFFF1380EFB1E6E59C65400060BF45DC0F12400000000000000000110D06636F65
310
6467650CFFFFFFFF04FFFFFFFF0CFFFFFFFF0CD30000000CEB0000000CFFFFFFFF0CEC0000000A0C0900000004000000000CFFFFFFFF110D04656467650CED00000004FFFFFFFF0CFFFFFFFF0CE200000006165D50DDE221F9BF0CEE000000068DEB8B1295CDFA3E0CD30000000CEF0000000B0707756E6B6E6F776E110E09
310
706572737562656E740E1061636164536F6C6964486973746F72790D066174747269620CFFFFFFFF04FFFFFFFF0CFFFFFFFF0CFFFFFFFF0CD4000000040100000004010000000400CA9A3B04D9B71A00110D067665727465780CFFFFFFFF04FFFFFFFF0CFFFFFFFF0CE000000004020000000CF0000000110E087374726169
310
6768740D0563757276650CFFFFFFFF04FFFFFFFF0CFFFFFFFF1348FC910C1E9E6440002064B9AD4602C000000000000000001475ACF907B1FC5FBD000000000000F0BF00000000000000000B0B110D05706F696E740CFFFFFFFF04FFFFFFFF0CFFFFFFFF1348FC910C1E9E6440002064B9AD4602C00000000000000000110D
310
06636F656467650CFFFFFFFF04FFFFFFFF0CFFFFFFFF0CF10000000CD90000000CFFFFFFFF0CF20000000B0C0900000004000000000CFFFFFFFF110D04656467650CF300000004FFFFFFFF0CFFFFFFFF0CE80000000600000000000000000CF4000000060000F65FC4BED23F0CD90000000CF50000000B0707756E6B6E6F77
310
6E110E09706572737562656E740E1061636164536F6C6964486973746F72790D066174747269620CFFFFFFFF04FFFFFFFF0CFFFFFFFF0CFFFFFFFF0CDA000000040100000004010000000400CA9A3B0439D03D00110D067665727465780CFFFFFFFF04FFFFFFFF0CFFFFFFFF0CDA00000004020000000CF6000000110E0765
310
6C6C697073650D0563757276650CFFFFFFFF04FFFFFFFF0CFFFFFFFF133065047384D4644000681C2BDD0F104000000000000000001400000000000000000000000000000000000000000000F0BF14067B7E930888A23C9404603A5F66E6BF000000000000000006000000000000F03F0B0B110D05706F696E740CFFFFFFFF
310
04FFFFFFFF0CFFFFFFFF13A0208CAE31E464400060BF45DC0F12400000000000000000110D06636F656467650CFFFFFFFF04FFFFFFFF0CFFFFFFFF0CDF0000000CF70000000CFFFFFFFF0CF80000000A0C0900000004000000000CFFFFFFFF110D04656467650CF900000004FFFFFFFF0CFFFFFFFF0CEE0000000600000000
310
000000000CFA00000006006000600C77F43F0CDF0000000CFB0000000B0707756E6B6E6F776E110E09706572737562656E740E1061636164536F6C6964486973746F72790D066174747269620CFFFFFFFF04FFFFFFFF0CFFFFFFFF0CFFFFFFFF0CE0000000040100000004010000000400CA9A3B04793E1C00110D06766572
310
7465780CFFFFFFFF04FFFFFFFF0CFFFFFFFF0CEC00000004020000000CFC000000110E07656C6C697073650D0563757276650CFFFFFFFF04FFFFFFFF0CFFFFFFFF13C0BE14D4EA9A644000E0577AAC4606C000000000000000001400000000000000000000000000000000000000000000F0BF1421062672EA2D753C40ED09
310
EAC399B9BF000000000000000006000000000000F03F0B0B110D05706F696E740CFFFFFFFF04FFFFFFFF0CFFFFFFFF1340FC910C1E9E644000B07FB3AD4606C00000000000000000110D06636F656467650CFFFFFFFF04FFFFFFFF0CFFFFFFFF0CFD0000000CE50000000CFFFFFFFF0CFE0000000B0C090000000400000000
310
0CFFFFFFFF110D04656467650CFF00000004FFFFFFFF0CFFFFFFFF0CF400000006D83FF21C0122F9BF0C000100000643C0609F1422E9BF0CE50000000C010100000B0707756E6B6E6F776E110E09706572737562656E740E1061636164536F6C6964486973746F72790D066174747269620CFFFFFFFF04FFFFFFFF0CFFFFFF
310
FF0CFFFFFFFF0CE6000000040100000004010000000400CA9A3B0499493C00110D067665727465780CFFFFFFFF04FFFFFFFF0CFFFFFFFF0CE600000004020000000C02010000110E0873747261696768740D0563757276650CFFFFFFFF04FFFFFFFF0CFFFFFFFF1350C43ED2EAEA644000507F5FDC0F104000000000000000
310
001481EB24E9A54E6BBD000000000000F0BF00000000000000000B0B110D05706F696E740CFFFFFFFF04FFFFFFFF0CFFFFFFFF1350C43ED2EAEA644000507F5FDC0F10400000000000000000110D06636F656467650CFFFFFFFF04FFFFFFFF0CFFFFFFFF0CEB0000000C030100000CFFFFFFFF0C040100000A0C0900000004
310
000000000CFFFFFFFF110D04656467650C0501000004FFFFFFFF0CFFFFFFFF0CFA0000000600000000000000000C0601000006182D4454FB21F93F0CEB0000000C070100000B0707756E6B6E6F776E110E09706572737562656E740E1061636164536F6C6964486973746F72790D066174747269620CFFFFFFFF04FFFFFFFF
310
0CFFFFFFFF0CFFFFFFFF0CEC000000040100000004010000000400CA9A3B0419C51D00110D067665727465780CFFFFFFFF04FFFFFFFF0CFFFFFFFF0CF800000004020000000C08010000110E0873747261696768740D0563757276650CFFFFFFFF04FFFFFFFF0CFFFFFFFF13E064B8CEEA9A64400010A7997A1307C0000000
310
000000000014000000000000F0BF0A8A9E4C3979AABC00000000000000000B0B110D05706F696E740CFFFFFFFF04FFFFFFFF0CFFFFFFFF13E064B8CEEA9A64400010A7997A1307C00000000000000000110D06636F656467650CFFFFFFFF04FFFFFFFF0CFFFFFFFF0C090100000CF10000000CFFFFFFFF0C0A0100000B0C09
310
00000004000000000CFFFFFFFF110D04656467650C0B01000004FFFFFFFF0CFFFFFFFF0C000100000600000000000000000C0C010000064DEA78F80300F03F0CF10000000C0D0100000B0707756E6B6E6F776E110E09706572737562656E740E1061636164536F6C6964486973746F72790D066174747269620CFFFFFFFF04
310
FFFFFFFF0CFFFFFFFF0CFFFFFFFF0CF2000000040100000004010000000400CA9A3B04F9C23A00110D067665727465780CFFFFFFFF04FFFFFFFF0CFFFFFFFF0CF200000004020000000C0E010000110E07656C6C697073650D0563757276650CFFFFFFFF04FFFFFFFF0CFFFFFFFF1358471B6484D464400040C22CDEC70D40
310
00000000000000001400000000000000000000000000000000000000000000F0BF14905863E91488A23CAF667E236E66E6BF000000000000000006000000000000F03F0B0B110D05706F696E740CFFFFFFFF04FFFFFFFF0CFFFFFFFF1348C43ED2EAEA644000E0FF32E0C70D400000000000000000110D06636F656467650C
310
FFFFFFFF04FFFFFFFF0CFFFFFFFF0CF70000000C0F0100000CFFFFFFFF0C100100000A0C0900000004000000000CFFFFFFFF110D04656467650C1101000004FFFFFFFF0CFFFFFFFF0C060100000600000000000000000C1201000006004064E79999E93F0CF70000000C130100000B0707756E6B6E6F776E110E0970657273
310
7562656E740E1061636164536F6C6964486973746F72790D066174747269620CFFFFFFFF04FFFFFFFF0CFFFFFFFF0CFFFFFFFF0CF8000000040100000004010000000400CA9A3B04B94B1F00110D067665727465780CFFFFFFFF04FFFFFFFF0CFFFFFFFF0C0401000004020000000C14010000110E07656C6C697073650D05
310
63757276650CFFFFFFFF04FFFFFFFF0CFFFFFFFF132064F8B5FC7164400010A7997A1303C000000000000000001400000000000000000000000000000000000000000000F0BF140A8A9E4C39799A3C000000000000E0BF000000000000000006000000000000F03F0B0B110D05706F696E740CFFFFFFFF04FFFFFFFF0CFFFF
310
FFFF132064F8B5FC7164400010A7997A1307C00000000000000000110D06636F656467650CFFFFFFFF04FFFFFFFF0CFFFFFFFF0C150100000CFD0000000CFFFFFFFF0C160100000B0C0900000004000000000CFFFFFFFF110D04656467650C1701000004FFFFFFFF0CFFFFFFFF0C0C01000006ADDEE9B40422E9BF0C180100
310
000627835C50FE10CF3E0CFD0000000C190100000B0707756E6B6E6F776E110E09706572737562656E740E1061636164536F6C6964486973746F72790D066174747269620CFFFFFFFF04FFFFFFFF0CFFFFFFFF0CFFFFFFFF0CFE000000040100000004010000000400CA9A3B04593C3900110D067665727465780CFFFFFFFF
310
04FFFFFFFF0CFFFFFFFF0CFE00000004020000000C1A010000110E0873747261696768740D0563757276650CFFFFFFFF04FFFFFFFF0CFFFFFFFF13D0E2604B5BE4644000B0DF9D2AD2094000000000000000001459897A42A4A0E6BFD569828A98A0E6BF00000000000000000B0B110D05706F696E740CFFFFFFFF04FFFFFF
310
FF0CFFFFFFFF13D0E2604B5BE4644000B0DF9D2AD209400000000000000000110D06636F656467650CFFFFFFFF04FFFFFFFF0CFFFFFFFF0C030100000C1B0100000CFFFFFFFF0C1C0100000A0C0900000004000000000CFFFFFFFF110D04656467650C1D01000004FFFFFFFF0CFFFFFFFF0C1201000006182D4454FB21F93F
310
0C1E01000006181D4454FB2109400C030100000C1F0100000B0707756E6B6E6F776E110E09706572737562656E740E1061636164536F6C6964486973746F72790D066174747269620CFFFFFFFF04FFFFFFFF0CFFFFFFFF0CFFFFFFFF0C04010000040100000004010000000400CA9A3B0459D22000110D067665727465780C
310
FFFFFFFF04FFFFFFFF0CFFFFFFFF0C1001000004020000000C20010000110E0873747261696768740D0563757276650CFFFFFFFF04FFFFFFFF0CFFFFFFFF132064F8B5FC6164400010A7997A1303C0000000000000000014E81A109CB0FC533D000000000000F03F00000000000000000B0B110D05706F696E740CFFFFFFFF
310
04FFFFFFFF0CFFFFFFFF132064F8B5FC6164400010A7997A1303C00000000000000000110D06636F656467650CFFFFFFFF04FFFFFFFF0CFFFFFFFF0C210100000C090100000CFFFFFFFF0C220100000B0C0900000004000000000CFFFFFFFF110D04656467650C2301000004FFFFFFFF0CFFFFFFFF0C180100000600000000
310
000000000C2401000006000863E6C2C5EF3F0C090100000C250100000B0707756E6B6E6F776E110E09706572737562656E740E1061636164536F6C6964486973746F72790D066174747269620CFFFFFFFF04FFFFFFFF0CFFFFFFFF0CFFFFFFFF0C0A010000040100000004010000000400CA9A3B04B9B53700110D06766572
310
7465780CFFFFFFFF04FFFFFFFF0CFFFFFFFF0C0A01000004020000000C26010000110E07656C6C697073650D0563757276650CFFFFFFFF04FFFFFFFF0CFFFFFFFF13D820E8D4E3BD64400080F0E7B31F084000000000000000001400000000000000000000000000000000000000000000F0BF14DBC861EBFE87A23CE5C832
310
8E5366E6BF000000000000000006000000000000F03F0B0B110D05706F696E740CFFFFFFFF04FFFFFFFF0CFFFFFFFF1388E480A1BACD644000E0DE13032A04400000000000000000110D06636F656467650CFFFFFFFF04FFFFFFFF0CFFFFFFFF0C0F0100000C270100000CFFFFFFFF0C280100000B0C090000000400000000
310
0CFFFFFFFF110D04656467650C2901000004FFFFFFFF0CFFFFFFFF0C1E0100000600000000000000000C2A01000006002C30230E77F43F0C0F0100000C2B0100000B0707756E6B6E6F776E110E09706572737562656E740E1061636164536F6C6964486973746F72790D066174747269620CFFFFFFFF04FFFFFFFF0CFFFFFF
310
FF0CFFFFFFFF0C10010000040100000004010000000400CA9A3B04F9582200110D067665727465780CFFFFFFFF04FFFFFFFF0CFFFFFFFF0C1C01000004020000000C2C010000110E07656C6C697073650D0563757276650CFFFFFFFF04FFFFFFFF0CFFFFFFFF133064F8B5FC71644000009C3F285AF9BF0000000000000000
310
1400000000000000000000000000000000000000000000F0BF1447979E4C39799A3C000800000000E0BF000000000000000006000000000000F03F0B0B110D05706F696E740CFFFFFFFF04FFFFFFFF0CFFFFFFFF132864F8B5FC61644000009C3F285AF9BF0000000000000000110D06636F656467650CFFFFFFFF04FFFFFF
310
FF0CFFFFFFFF0C2D0100000C150100000CFFFFFFFF0C2E0100000A0C0900000004000000000CFFFFFFFF110D04656467650C2F01000004FFFFFFFF0CFFFFFFFF0C240100000600000000000000000C30010000060000DDD0FFFFDF3F0C150100000C310100000B0707756E6B6E6F776E110E09706572737562656E740E1061
310
636164536F6C6964486973746F72790D066174747269620CFFFFFFFF04FFFFFFFF0CFFFFFFFF0CFFFFFFFF0C16010000040100000004010000000400CA9A3B04192F3600110D067665727465780CFFFFFFFF04FFFFFFFF0CFFFFFFFF0C1601000004020000000C32010000110E0873747261696768740D0563757276650CFF
310
FFFFFF04FFFFFFFF0CFFFFFFFF13505F78CFE3BD644000F063041F860240000000000000000014000000000000F0BF0A8A9E4C3979AABC00000000000000000B0B110D05706F696E740CFFFFFFFF04FFFFFFFF0CFFFFFFFF13505F78CFE3BD644000F063041F8602400000000000000000110D06636F656467650CFFFFFFFF
310
04FFFFFFFF0CFFFFFFFF0C1B0100000C330100000CFFFFFFFF0C340100000A0C0900000004000000000CFFFFFFFF110D04656467650C3501000004FFFFFFFF0CFFFFFFFF0C3601000006182D4454FB21F9BF0C2A0100000600000000000078BD0C1B0100000C370100000B0707756E6B6E6F776E110E09706572737562656E
310
740E1061636164536F6C6964486973746F72790D066174747269620CFFFFFFFF04FFFFFFFF0CFFFFFFFF0CFFFFFFFF0C1C010000040100000004010000000400CA9A3B0499DF2300110D067665727465780CFFFFFFFF04FFFFFFFF0CFFFFFFFF0C2801000004020000000C38010000110E0873747261696768740D05637572
310
76650CFFFFFFFF04FFFFFFFF0CFFFFFFFF131064F8B5FC71644000009C3F285AF1BF000000000000000014000000000000F03F41FB37E77F05793D00000000000000000B0B110D05706F696E740CFFFFFFFF04FFFFFFFF0CFFFFFFFF131064F8B5FC71644000009C3F285AF1BF0000000000000000110D06636F656467650C
310
FFFFFFFF04FFFFFFFF0CFFFFFFFF0C390100000C210100000CFFFFFFFF0C3A0100000B0C0900000004000000000CFFFFFFFF110D04656467650C3B01000004FFFFFFFF0CFFFFFFFF0C3C01000006D2A379EDED2109400C3001000006D2DD756176D912400C210100000C3D0100000B0707756E6B6E6F776E110E0970657273
310
7562656E740E1061636164536F6C6964486973746F72790D066174747269620CFFFFFFFF04FFFFFFFF0CFFFFFFFF0CFFFFFFFF0C22010000040100000004010000000400CA9A3B0479A83400110D067665727465780CFFFFFFFF04FFFFFFFF0CFFFFFFFF0C2201000004020000000C3E010000110E0873747261696768740D
310
0563757276650CFFFFFFFF04FFFFFFFF0CFFFFFFFF1348FC910C1E9E644000F063041F8602400000000000000000140C6A26ABA70160BD000000000000F03F00000000000000000B0B110D05706F696E740CFFFFFFFF04FFFFFFFF0CFFFFFFFF1348FC910C1E9E644000F063041F8602400000000000000000110D06636F65
310
6467650CFFFFFFFF04FFFFFFFF0CFFFFFFFF0C270100000C3F0100000CFFFFFFFF0C400100000B0C0900000004000000000CFFFFFFFF110D04656467650C4101000004FFFFFFFF0CFFFFFFFF0C360100000600000000000000000C42010000060000BCA99899B93F0C270100000C430100000B0707756E6B6E6F776E110E09
310
706572737562656E740E1061636164536F6C6964486973746F72790D066174747269620CFFFFFFFF04FFFFFFFF0CFFFFFFFF0CFFFFFFFF0C28010000040100000004010000000400CA9A3B0439662500110D067665727465780CFFFFFFFF04FFFFFFFF0CFFFFFFFF0C3401000004020000000C44010000110E07656C6C6970
310
73650D0563757276650CFFFFFFFF04FFFFFFFF0CFFFFFFFF1338C43ED2EA9A64400000BEF983A2B5BF00000000000000001400000000000000000000000000000000000000000000F0BF140A8A9E4C3979AA3C000000000000F0BF000000000000000006000000000000F03F0B0B110D05706F696E740CFFFFFFFF04FFFFFF
310
FF0CFFFFFFFF1368C43ED2EA9A644000E09B3F285AF1BF0000000000000000110D06636F656467650CFFFFFFFF04FFFFFFFF0CFFFFFFFF0C450100000C2D0100000CFFFFFFFF0C460100000A0C0900000004000000000CFFFFFFFF110D04656467650C4701000004FFFFFFFF0CFFFFFFFF0C3C010000060000000000000000
310
0C4801000006006000600C77F43F0C2D0100000C490100000B0707756E6B6E6F776E110E09706572737562656E740E1061636164536F6C6964486973746F72790D066174747269620CFFFFFFFF04FFFFFFFF0CFFFFFFFF0CFFFFFFFF0C2E010000040100000004010000000400CA9A3B04D9213300110D067665727465780C
310
FFFFFFFF04FFFFFFFF0CFFFFFFFF0C2E01000004020000000C4A010000110E07656C6C697073650D0563757276650CFFFFFFFF04FFFFFFFF0CFFFFFFFF13C0BE14D4EA9A644000B057C51D86064000000000000000001400000000000000000000000000000000000000000000F0BF1421062672EA2D753C40ED09EAC399B9
310
BF000000000000000006000000000000F03F0B0B110D05706F696E740CFFFFFFFF04FFFFFFFF0CFFFFFFFF1340FC910C1E9E644000907FFE1E8606400000000000000000110D06636F656467650CFFFFFFFF04FFFFFFFF0CFFFFFFFF0C330100000C4B0100000CFFFFFFFF0C4C0100000B0C0900000004000000000CFFFFFF
310
FF110D04656467650C4D01000004FFFFFFFF0CFFFFFFFF0C4E0100000600000000000000000C42010000060000BAA99899B93F0C330100000C4F0100000B0707756E6B6E6F776E110E09706572737562656E740E1061636164536F6C6964486973746F72790D066174747269620CFFFFFFFF04FFFFFFFF0CFFFFFFFF0CFFFF
310
FFFF0C34010000040100000004010000000400CA9A3B04D9EC2600110D067665727465780CFFFFFFFF04FFFFFFFF0CFFFFFFFF0C4001000004020000000C50010000110E0873747261696768740D0563757276650CFFFFFFFF04FFFFFFFF0CFFFFFFFF1338C43ED2EABA64400000BEF983A2B5BF0000000000000000146284
310
81D696FF833D000000000000F03F00000000000000000B0B110D05706F696E740CFFFFFFFF04FFFFFFFF0CFFFFFFFF1338C43ED2EABA64400000BEF983A2B5BF0000000000000000110D06636F656467650CFFFFFFFF04FFFFFFFF0CFFFFFFFF0C510100000C390100000CFFFFFFFF0C520100000B0C090000000400000000
310
0CFFFFFFFF110D04656467650C5301000004FFFFFFFF0CFFFFFFFF0C5401000006182D4454FB21F93F0C4801000006182D4454FB2109400C390100000C550100000B0707756E6B6E6F776E110E09706572737562656E740E1061636164536F6C6964486973746F72790D066174747269620CFFFFFFFF04FFFFFFFF0CFFFFFF
310
FF0CFFFFFFFF0C3A010000040100000004010000000400CA9A3B04399B3100110D067665727465780CFFFFFFFF04FFFFFFFF0CFFFFFFFF0C3A01000004020000000C56010000110E0873747261696768740D0563757276650CFFFFFFFF04FFFFFFFF0CFFFFFFFF13E064B8CEEA9A644000E0A6E4EB52074000000000000000
310
0014000000000000F0BF0A8A9E4C3979AABC00000000000000000B0B110D05706F696E740CFFFFFFFF04FFFFFFFF0CFFFFFFFF13E064B8CEEA9A644000E0A6E4EB5207400000000000000000110D06636F656467650CFFFFFFFF04FFFFFFFF0CFFFFFFFF0C3F0100000C510100000CFFFFFFFF0C570100000B0C0900000004
310
000000000CFFFFFFFF110D04656467650C5801000004FFFFFFFF0CFFFFFFFF0C590100000618214454FB2109C00C4E01000006182D4454FB21F9BF0C3F0100000C5A0100000B0707756E6B6E6F776E110E09706572737562656E740E1061636164536F6C6964486973746F72790D066174747269620CFFFFFFFF04FFFFFFFF
310
0CFFFFFFFF0CFFFFFFFF0C40010000040100000004010000000400CA9A3B0479732800110D067665727465780CFFFFFFFF04FFFFFFFF0CFFFFFFFF0C4C01000004020000000C5B010000110E0873747261696768740D0563757276650CFFFFFFFF04FFFFFFFF0CFFFFFFFF1338C43ED2EABA64400000B859AD90BD3F000000
310
00000000001456E94BA06A00843D000000000000F0BF00000000000000000B0B110D05706F696E740CFFFFFFFF04FFFFFFFF0CFFFFFFFF1340C43ED2EABA64400000F07FA5B88F3F0000000000000000110D06636F656467650CFFFFFFFF04FFFFFFFF0CFFFFFFFF0C4B0100000C450100000CFFFFFFFF0C5C0100000A0C09
310
00000004000000000CFFFFFFFF110D04656467650C5D01000004FFFFFFFF0CFFFFFFFF0C540100000600000000000000000C5E01000006004064E79999E93F0C450100000C5F0100000B0707756E6B6E6F776E110E09706572737562656E740E1061636164536F6C6964486973746F72790D066174747269620CFFFFFFFF04
310
FFFFFFFF0CFFFFFFFF0CFFFFFFFF0C46010000040100000004010000000400CA9A3B0499143000110D067665727465780CFFFFFFFF04FFFFFFFF0CFFFFFFFF0C4601000004020000000C60010000110E07656C6C697073650D0563757276650CFFFFFFFF04FFFFFFFF0CFFFFFFFF132064F8B5FC71644000E0A6E4EB520340
310
00000000000000001400000000000000000000000000000000000000000000F0BF140A8A9E4C39799A3C000000000000E0BF000000000000000006000000000000F03F0B0B110D05706F696E740CFFFFFFFF04FFFFFFFF0CFFFFFFFF132064F8B5FC71644000E0A6E4EB5207400000000000000000110D04656467650C6101
310
000004FFFFFFFF0CFFFFFFFF0C620100000600000000000000000C5901000006002C30230E77F43F0C4B0100000C630100000B0707756E6B6E6F776E110E09706572737562656E740E1061636164536F6C6964486973746F72790D066174747269620CFFFFFFFF04FFFFFFFF0CFFFFFFFF0CFFFFFFFF0C4C01000004010000
310
0004010000000400CA9A3B0419FA2900110D067665727465780CFFFFFFFF04FFFFFFFF0CFFFFFFFF0C5701000004020000000C64010000110E07656C6C697073650D0563757276650CFFFFFFFF04FFFFFFFF0CFFFFFFFF1338C43ED2EA9A64400000B859AD90BD3F0000000000000000140000000000000000000000000000
310
0000000000000000F0BF140A8A9E4C3979AA3C000000000000F0BF000000000000000006000000000000F03F0B0B110D05706F696E740CFFFFFFFF04FFFFFFFF0CFFFFFFFF1338C43ED2EABA64400000B859AD90BD3F0000000000000000110D04656467650C6501000004FFFFFFFF0CFFFFFFFF0C62010000060000000000
310
00803D0C5E01000006182D4454FB21F93F0C510100000C660100000B0707756E6B6E6F776E110E09706572737562656E740E1061636164536F6C6964486973746F72790D066174747269620CFFFFFFFF04FFFFFFFF0CFFFFFFFF0CFFFFFFFF0C52010000040100000004010000000400CA9A3B04F98D2E00110D0676657274
310
65780CFFFFFFFF04FFFFFFFF0CFFFFFFFF0C5201000004020000000C67010000110E0873747261696768740D0563757276650CFFFFFFFF04FFFFFFFF0CFFFFFFFF132064F8B5FC61644000E0A6E4EB5203400000000000000000148A4263EA4E03543D000000000000F0BF00000000000000000B0B110D05706F696E740CFF
310
FFFFFF04FFFFFFFF0CFFFFFFFF132064F8B5FC61644000E0A6E4EB5203400000000000000000110E09706572737562656E740E1061636164536F6C6964486973746F72790D066174747269620CFFFFFFFF04FFFFFFFF0CFFFFFFFF0CFFFFFFFF0C57010000040100000004010000000400CA9A3B04B9802B00110D06766572
310
7465780CFFFFFFFF04FFFFFFFF0CFFFFFFFF0C5C01000004020000000C68010000110E0873747261696768740D0563757276650CFFFFFFFF04FFFFFFFF0CFFFFFFFF131064F8B5FC71644000A09BD50AD9F13F000000000000000014000000000000F03F5931A353D80379BD00000000000000000B0B110D05706F696E740C
310
FFFFFFFF04FFFFFFFF0CFFFFFFFF1368C43ED2EA9A644000809BD50AD9F13F0000000000000000110E09706572737562656E740E1061636164536F6C6964486973746F72790D066174747269620CFFFFFFFF04FFFFFFFF0CFFFFFFFF0CFFFFFFFF0C5C010000040100000004010000000400CA9A3B0459072D00110E07656C
310
6C697073650D0563757276650CFFFFFFFF04FFFFFFFF0CFFFFFFFF133064F8B5FC71644000A09BD50AD9F93F00000000000000001400000000000000000000000000000000000000000000F0BF1447979E4C39799A3C000800000000E0BF000000000000000006000000000000F03F0B0B110D05706F696E740CFFFFFFFF04
310
FFFFFFFF0CFFFFFFFF132864F8B5FC61644000A09BD50AD9F93F0000000000000000110D05706F696E740CFFFFFFFF04FFFFFFFF0CFFFFFFFF131064F8B5FC71644000A09BD50AD9F13F0000000000000000110E03456E640E026F660E0341534D0D0464617461
  0
ENDSEC
  0
EOF
