  0
SECTION
  2
HEADER
  9
$ACADVER
  1
AC1027
  9
$ACADMAINTVER
 70
     8
  9
$DWGCODEPAGE
  3
ANSI_1254
  9
$REQUIREDVERSIONS
160
                 0
  9
$INSBASE
 10
0.0
 20
0.0
 30
0.0
  9
$EXTMIN
 10
-84895.69519469284
 20
-16016.59571391443
 30
-70.63299790526267
  9
$EXTMAX
 10
34856.17922438902
 20
53953.11707225569
 30
0.1670391624793321
  9
$LIMMIN
 10
0.0
 20
0.0
  9
$LIMMAX
 10
420.0
 20
297.0
  9
$ORTHOMODE
 70
     0
  9
$REGENMODE
 70
     1
  9
$FILLMODE
 70
     1
  9
$QTEXTMODE
 70
     0
  9
$MIRRTEXT
 70
     0
  9
$LTSCALE
 40
1.0
  9
$ATTMODE
 70
     1
  9
$TEXTSIZE
 40
2.5
  9
$TRACEWID
 40
1.0
  9
$TEXTSTYLE
  7
Standard
  9
$CLAYER
  8
KOMPOZIT
  9
$CELTYPE
  6
ByLayer
  9
$CECOLOR
 62
   256
  9
$CELTSCALE
 40
1.0
  9
$DISPSILH
 70
     0
  9
$DIMSCALE
 40
1.0
  9
$DIMASZ
 40
2.5
  9
$DIMEXO
 40
0.625
  9
$DIMDLI
 40
3.75
  9
$DIMRND
 40
0.0
  9
$DIMDLE
 40
0.0
  9
$DIMEXE
 40
1.25
  9
$DIMTP
 40
0.0
  9
$DIMTM
 40
0.0
  9
$DIMTXT
 40
2.5
  9
$DIMCEN
 40
2.5
  9
$DIMTSZ
 40
0.0
  9
$DIMTOL
 70
     0
  9
$DIMLIM
 70
     0
  9
$DIMTIH
 70
     0
  9
$DIMTOH
 70
     0
  9
$DIMSE1
 70
     0
  9
$DIMSE2
 70
     0
  9
$DIMTAD
 70
     1
  9
$DIMZIN
 70
     8
  9
$DIMBLK
  1

  9
$DIMASO
 70
     1
  9
$DIMSHO
 70
     1
  9
$DIMPOST
  1

  9
$DIMAPOST
  1

  9
$DIMALT
 70
     0
  9
$DIMALTD
 70
     3
  9
$DIMALTF
 40
0.03937007874016
  9
$DIMLFAC
 40
1.0
  9
$DIMTOFL
 70
     1
  9
$DIMTVP
 40
0.0
  9
$DIMTIX
 70
     0
  9
$DIMSOXD
 70
     0
  9
$DIMSAH
 70
     0
  9
$DIMBLK1
  1

  9
$DIMBLK2
  1

  9
$DIMSTYLE
  2
ISO-25
  9
$DIMCLRD
 70
     0
  9
$DIMCLRE
 70
     0
  9
$DIMCLRT
 70
     0
  9
$DIMTFAC
 40
1.0
  9
$DIMGAP
 40
0.625
  9
$DIMJUST
 70
     0
  9
$DIMSD1
 70
     0
  9
$DIMSD2
 70
     0
  9
$DIMTOLJ
 70
     0
  9
$DIMTZIN
 70
     8
  9
$DIMALTZ
 70
     0
  9
$DIMALTTZ
 70
     0
  9
$DIMUPT
 70
     0
  9
$DIMDEC
 70
     2
  9
$DIMTDEC
 70
     2
  9
$DIMALTU
 70
     2
  9
$DIMALTTD
 70
     3
  9
$DIMTXSTY
  7
Standard
  9
$DIMAUNIT
 70
     0
  9
$DIMADEC
 70
     0
  9
$DIMALTRND
 40
0.0
  9
$DIMAZIN
 70
     0
  9
$DIMDSEP
 70
    44
  9
$DIMATFIT
 70
     3
  9
$DIMFRAC
 70
     0
  9
$DIMLDRBLK
  1

  9
$DIMLUNIT
 70
     2
  9
$DIMLWD
 70
    -2
  9
$DIMLWE
 70
    -2
  9
$DIMTMOVE
 70
     0
  9
$DIMFXL
 40
1.0
  9
$DIMFXLON
 70
     0
  9
$DIMJOGANG
 40
0.7853981633974483
  9
$DIMTFILL
 70
     0
  9
$DIMTFILLCLR
 70
     0
  9
$DIMARCSYM
 70
     0
  9
$DIMLTYPE
  6

  9
$DIMLTEX1
  6

  9
$DIMLTEX2
  6

  9
$DIMTXTDIRECTION
 70
     0
  9
$LUNITS
 70
     2
  9
$LUPREC
 70
     4
  9
$SKETCHINC
 40
1.0
  9
$FILLETRAD
 40
0.0
  9
$AUNITS
 70
     0
  9
$AUPREC
 70
     0
  9
$MENU
  1
.
  9
$ELEVATION
 40
0.0
  9
$PELEVATION
 40
0.0
  9
$THICKNESS
 40
0.0
  9
$LIMCHECK
 70
     0
  9
$CHAMFERA
 40
0.0
  9
$CHAMFERB
 40
0.0
  9
$CHAMFERC
 40
0.0
  9
$CHAMFERD
 40
0.0
  9
$SKPOLY
 70
     0
  9
$TDCREATE
 40
2455827.480789155
  9
$TDUCREATE
 40
2455827.355789155
  9
$TDUPDATE
 40
2461292.873229167
  9
$TDUUPDATE
 40
2461292.748229167
  9
$TDINDWG
 40
37.9625820833
  9
$TDUSRTIMER
 40
37.9625819560
  9
$USRTIMER
 70
     1
  9
$ANGBASE
 50
0.0
  9
$ANGDIR
 70
     0
  9
$PDMODE
 70
     0
  9
$PDSIZE
 40
0.0
  9
$PLINEWID
 40
0.0
  9
$SPLFRAME
 70
     0
  9
$SPLINETYPE
 70
     6
  9
$SPLINESEGS
 70
     8
  9
$HANDSEED
  5
133
  9
$SURFTAB1
 70
     6
  9
$SURFTAB2
 70
     6
  9
$SURFTYPE
 70
     6
  9
$SURFU
 70
     6
  9
$SURFV
 70
     6
  9
$UCSBASE
  2

  9
$UCSNAME
  2

  9
$UCSORG
 10
0.0
 20
0.0
 30
0.0
  9
$UCSXDIR
 10
1.0
 20
0.0
 30
0.0
  9
$UCSYDIR
 10
0.0
 20
1.0
 30
0.0
  9
$UCSORTHOREF
  2

  9
$UCSORTHOVIEW
 70
     0
  9
$UCSORGTOP
 10
0.0
 20
0.0
 30
0.0
  9
$UCSORGBOTTOM
 10
0.0
 20
0.0
 30
0.0
  9
$UCSORGLEFT
 10
0.0
 20
0.0
 30
0.0
  9
$UCSORGRIGHT
 10
0.0
 20
0.0
 30
0.0
  9
$UCSORGFRONT
 10
0.0
 20
0.0
 30
0.0
  9
$UCSORGBACK
 10
0.0
 20
0.0
 30
0.0
  9
$PUCSBASE
  2

  9
$PUCSNAME
  2

  9
$PUCSORG
 10
0.0
 20
0.0
 30
0.0
  9
$PUCSXDIR
 10
1.0
 20
0.0
 30
0.0
  9
$PUCSYDIR
 10
0.0
 20
1.0
 30
0.0
  9
$PUCSORTHOREF
  2

  9
$PUCSORTHOVIEW
 70
     0
  9
$PUCSORGTOP
 10
0.0
 20
0.0
 30
0.0
  9
$PUCSORGBOTTOM
 10
0.0
 20
0.0
 30
0.0
  9
$PUCSORGLEFT
 10
0.0
 20
0.0
 30
0.0
  9
$PUCSORGRIGHT
 10
0.0
 20
0.0
 30
0.0
  9
$PUCSORGFRONT
 10
0.0
 20
0.0
 30
0.0
  9
$PUCSORGBACK
 10
0.0
 20
0.0
 30
0.0
  9
$USERI1
 70
     0
  9
$USERI2
 70
     0
  9
$USERI3
 70
     0
  9
$USERI4
 70
     0
  9
$USERI5
 70
     0
  9
$USERR1
 40
0.0
  9
$USERR2
 40
0.0
  9
$USERR3
 40
0.0
  9
$USERR4
 40
0.0
  9
$USERR5
 40
0.0
  9
$WORLDVIEW
 70
     1
  9
$SHADEDGE
 70
     3
  9
$SHADEDIF
 70
    70
  9
$TILEMODE
 70
     1
  9
$MAXACTVP
 70
    64
  9
$PINSBASE
 10
0.0
 20
0.0
 30
0.0
  9
$PLIMCHECK
 70
     0
  9
$PEXTMIN
 10
29.06818420886992
 20
20.36233246326446
 30
0.0
  9
$PEXTMAX
 10
261.6136578798294
 20
183.2609921693802
 30
0.0
  9
$PLIMMIN
 10
-3.17498779296875
 20
-3.174999952316283
  9
$PLIMMAX
 10
293.8568420410156
 20
206.7983276844024
  9
$UNITMODE
 70
     0
  9
$VISRETAIN
 70
     1
  9
$PLINEGEN
 70
     0
  9
$PSLTSCALE
 70
     1
  9
$TREEDEPTH
 70
  3020
  9
$CMLSTYLE
  2
Standard
  9
$CMLJUST
 70
     0
  9
$CMLSCALE
 40
20.0
  9
$PROXYGRAPHICS
 70
     1
  9
$MEASUREMENT
 70
     1
  9
$CELWEIGHT
370
    -1
  9
$ENDCAPS
280
     0
  9
$JOINSTYLE
280
     0
  9
$LWDISPLAY
290
     0
  9
$INSUNITS
 70
     4
  9
$HYPERLINKBASE
  1

  9
$STYLESHEET
  1

  9
$XEDIT
290
     1
  9
$CEPSNTYPE
380
     0
  9
$PSTYLEMODE
290
     1
  9
$FINGERPRINTGUID
  2
{3107829A-92F6-4806-9B8F-78CD0F3DDC5A}
  9
$VERSIONGUID
  2
{E7778DAC-DB55-E54C-939E-1653FE1F07BA}
  9
$EXTNAMES
290
     1
  9
$PSVPSCALE
 40
0.0
  9
$OLESTARTUP
290
     0
  9
$SORTENTS
280
   127
  9
$INDEXCTL
280
     0
  9
$HIDETEXT
280
     1
  9
$XCLIPFRAME
280
     2
  9
$HALOGAP
280
     0
  9
$OBSCOLOR
 70
   257
  9
$OBSLTYPE
280
     0
  9
$INTERSECTIONDISPLAY
280
     0
  9
$INTERSECTIONCOLOR
 70
   257
  9
$DIMASSOC
280
     2
  9
$PROJECTNAME
  1

  9
$CAMERADISPLAY
290
     0
  9
$LENSLENGTH
 40
50.0
  9
$CAMERAHEIGHT
 40
0.0
  9
$STEPSPERSEC
 40
2.0
  9
$STEPSIZE
 40
6.0
  9
$3DDWFPREC
 40
2.0
  9
$PSOLWIDTH
 40
5.0
  9
$PSOLHEIGHT
 40
80.0
  9
$LOFTANG1
 40
1.570796326794896
  9
$LOFTANG2
 40
1.570796326794896
  9
$LOFTMAG1
 40
0.0
  9
$LOFTMAG2
 40
0.0
  9
$LOFTPARAM
 70
     7
  9
$LOFTNORMALS
280
     1
  9
$LATITUDE
 40
37.795
  9
$LONGITUDE
 40
-122.394
  9
$NORTHDIRECTION
 40
0.0
  9
$TIMEZONE
 70
 -8000
  9
$LIGHTGLYPHDISPLAY
280
     1
  9
$TILEMODELIGHTSYNCH
280
     1
  9
$CMATERIAL
347
4F
  9
$SOLIDHIST
280
     1
  9
$SHOWHIST
280
     1
  9
$DWFFRAME
280
     2
  9
$DGNFRAME
280
     0
  9
$REALWORLDSCALE
290
     1
  9
$INTERFERECOLOR
 62
     1
  9
$INTERFEREOBJVS
345
5F
  9
$INTERFEREVPVS
346
60
  9
$CSHADOW
280
     0
  9
$SHADOWPLANELOCATION
 40
0.0
  0
ENDSEC
  0
SECTION
  2
CLASSES
  0
CLASS
  1
ACDBDICTIONARYWDFLT
  2
AcDbDictionaryWithDefault
  3
ObjectDBX Classes
 90
        0
 91
        1
280
     0
281
     0
  0
CLASS
  1
DICTIONARYVAR
  2
AcDbDictionaryVar
  3
ObjectDBX Classes
 90
        0
 91
        5
280
     0
281
     0
  0
CLASS
  1
TABLESTYLE
  2
AcDbTableStyle
  3
ObjectDBX Classes
 90
     4095
 91
        1
280
     0
281
     0
  0
CLASS
  1
MATERIAL
  2
AcDbMaterial
  3
ObjectDBX Classes
 90
     1153
 91
        3
280
     0
281
     0
  0
CLASS
  1
VISUALSTYLE
  2
AcDbVisualStyle
  3
ObjectDBX Classes
 90
     4095
 91
        3
280
     0
281
     0
  0
CLASS
  1
SCALE
  2
AcDbScale
  3
ObjectDBX Classes
 90
     1153
 91
       17
280
     0
281
     0
  0
CLASS
  1
MLEADERSTYLE
  2
AcDbMLeaderStyle
  3
ACDB_MLEADERSTYLE_CLASS
 90
     4095
 91
        0
280
     0
281
     0
  0
CLASS
  1
CELLSTYLEMAP
  2
AcDbCellStyleMap
  3
ObjectDBX Classes
 90
     1152
 91
        1
280
     0
281
     0
  0
CLASS
  1
EXACXREFPANELOBJECT
  2
ExAcXREFPanelObject
  3
EXAC_ESW
 90
     1025
 91
        0
280
     1
281
     0
  0
CLASS
  1
NPOCOLLECTION
  2
AcDbImpNonPersistentObjectsCollection
  3
ObjectDBX Classes
 90
     1153
 91
        0
280
     0
281
     0
  0
CLASS
  1
LAYER_INDEX
  2
AcDbLayerIndex
  3
ObjectDBX Classes
 90
        0
 91
        0
280
     0
281
     0
  0
CLASS
  1
SPATIAL_INDEX
  2
AcDbSpatialIndex
  3
ObjectDBX Classes
 90
        0
 91
        0
280
     0
281
     0
  0
CLASS
  1
IDBUFFER
  2
AcDbIdBuffer
  3
ObjectDBX Classes
 90
        0
 91
        0
280
     0
281
     0
  0
CLASS
  1
ACAD_EVALUATION_GRAPH
  2
AcDbEvalGraph
  3
ObjectDBX Classes
 90
     1153
 91
        0
280
     0
281
     0
  0
CLASS
  1
BLOCKLINEARPARAMETER
  2
AcDbBlockLinearParameter
  3
ObjectDBX Classes
 90
     1153
 91
        0
280
     0
281
     0
  0
CLASS
  1
BLOCKLINEARGRIP
  2
AcDbBlockLinearGrip
  3
ObjectDBX Classes
 90
     1153
 91
        0
280
     0
281
     0
  0
CLASS
  1
BLOCKGRIPLOCATIONCOMPONENT
  2
AcDbBlockGripExpr
  3
ObjectDBX Classes
 90
     1153
 91
        0
280
     0
281
     0
  0
CLASS
  1
BLOCKARRAYACTION
  2
AcDbBlockArrayAction
  3
ObjectDBX Classes
 90
     1153
 91
        0
280
     0
281
     0
  0
CLASS
  1
ACDB_DYNAMICBLOCKPURGEPREVENTER_VERSION
  2
AcDbDynamicBlockPurgePreventer
  3
ObjectDBX Classes
 90
     1153
 91
        0
280
     0
281
     0
  0
CLASS
  1
ACDB_BLOCKREPRESENTATION_DATA
  2
AcDbBlockRepresentationData
  3
ObjectDBX Classes
 90
     1153
 91
        0
280
     0
281
     0
  0
CLASS
  1
SORTENTSTABLE
  2
AcDbSortentsTable
  3
ObjectDBX Classes
 90
        0
 91
        8
280
     0
281
     0
  0
CLASS
  1
AEC_REFEDIT_STATUS_TRACKER
  2
AecDbRefEditStatusTracker
  3
AecArchBase80|Product Desc: Autodesk Architectural Desktop 2007 |Company: Autodesk,Inc. |WEB Address: www.autodesk.com
 90
      129
 91
        0
280
     1
281
     0
  0
CLASS
  1
BLOCKSTRETCHACTION
  2
AcDbBlockStretchAction
  3
ObjectDBX Classes
 90
     1153
 91
        0
280
     0
281
     0
  0
CLASS
  1
ACDBSECTIONVIEWSTYLE
  2
AcDbSectionViewStyle
  3
ObjectDBX Classes
 90
     1025
 91
        0
280
     0
281
     0
  0
CLASS
  1
ACDBDETAILVIEWSTYLE
  2
AcDbDetailViewStyle
  3
ObjectDBX Classes
 90
     1025
 91
        0
280
     0
281
     0
  0
CLASS
  1
ACAECUSTOBJ
  2
AcAeEditorObj
  3
AcAeEditorObj
 90
     1024
 91
        0
280
     1
281
     0
  0
CLASS
  1
LINEARPARAMETERENTITY
  2
AcDbBlockLinearParameterEntity
  3
ObjectDBX Classes
 90
     1025
 91
        0
280
     0
281
     1
  0
CLASS
  1
ACAEEEMGROBJ
  2
AcAeEEMgrObj
  3
AcAeEEMgrObj
 90
     1024
 91
        0
280
     0
281
     0
  0
CLASS
  1
LINEARGRIPENTITY
  2
AcDbBlockLinearGripEntity
  3
ObjectDBX Classes
 90
     1025
 91
        0
280
     0
281
     1
  0
CLASS
  1
ARRAYACTIONENTITY
  2
AcDbBlockArrayActionEntity
  3
ObjectDBX Classes
 90
     1025
 91
        0
280
     0
281
     1
  0
CLASS
  1
STRETCHACTIONENTITY
  2
AcDbBlockStretchActionEntity
  3
ObjectDBX Classes
 90
     1025
 91
        0
280
     0
281
     1
  0
CLASS
  1
BLOCKMOVEACTION
  2
AcDbBlockMoveAction
  3
ObjectDBX Classes
 90
     1153
 91
        0
280
     0
281
     0
  0
CLASS
  1
DIMASSOC
  2
AcDbDimAssoc
  3
"AcDbDimAssoc|Product Desc:     AcDim ARX App For Dimension|Company:          Autodesk, Inc.|WEB Address:      www.autodesk.com"
 90
        0
 91
        0
280
     0
281
     0
  0
CLASS
  1
BLOCKSCALEACTION
  2
AcDbBlockScaleAction
  3
ObjectDBX Classes
 90
     1153
 91
        0
280
     0
281
     0
  0
CLASS
  1
MULTILEADER
  2
AcDbMLeader
  3
ACDB_MLEADER_CLASS
 90
     1025
 91
        0
280
     0
281
     1
  0
CLASS
  1
BLOCKBASEPOINTPARAMETER
  2
AcDbBlockBasepointParameter
  3
ObjectDBX Classes
 90
     1153
 91
        0
280
     0
281
     0
  0
CLASS
  1
DBCOLOR
  2
AcDbColor
  3
ObjectDBX Classes
 90
        0
 91
        0
280
     0
281
     0
  0
CLASS
  1
BASEPOINTPARAMETERENTITY
  2
AcDbBlockBasepointParameterEntity
  3
ObjectDBX Classes
 90
     1025
 91
        0
280
     0
281
     1
  0
CLASS
  1
IMAGEDEF
  2
AcDbRasterImageDef
  3
ISM
 90
        0
 91
        0
280
     0
281
     0
  0
CLASS
  1
RASTERVARIABLES
  2
AcDbRasterVariables
  3
ISM
 90
        0
 91
        0
280
     0
281
     0
  0
CLASS
  1
IMAGEDEF_REACTOR
  2
AcDbRasterImageDefReactor
  3
ISM
 90
        1
 91
        0
280
     0
281
     0
  0
CLASS
  1
IMAGE
  2
AcDbRasterImage
  3
ISM
 90
     2175
 91
        0
280
     0
281
     1
  0
CLASS
  1
WIPEOUT
  2
AcDbWipeout
  3
WipeOut|Product Desc: Object Enabler for WipeOut entity | Company: Autodesk, Inc. | WEB Address: www.autodesk.com
 90
     2175
 91
        0
280
     0
281
     1
  0
CLASS
  1
WIPEOUTVARIABLES
  2
AcDbWipeoutVariables
  3
"WipeOut|Product Desc:     WipeOut Dbx Application|Company:          Autodesk, Inc.|WEB Address:      www.autodesk.com"
 90
        0
 91
        0
280
     0
281
     0
  0
CLASS
  1
MOVEACTIONENTITY
  2
AcDbBlockMoveActionEntity
  3
ObjectDBX Classes
 90
     1025
 91
        0
280
     0
281
     1
  0
CLASS
  1
BLOCKVISIBILITYPARAMETER
  2
AcDbBlockVisibilityParameter
  3
ObjectDBX Classes
 90
     1153
 91
        0
280
     0
281
     0
  0
CLASS
  1
BLOCKVISIBILITYGRIP
  2
AcDbBlockVisibilityGrip
  3
ObjectDBX Classes
 90
     1153
 91
        0
280
     0
281
     0
  0
CLASS
  1
VISIBILITYPARAMETERENTITY
  2
AcDbBlockVisibilityParameterEntity
  3
ObjectDBX Classes
 90
     1025
 91
        0
280
     0
281
     1
  0
CLASS
  1
VISIBILITYGRIPENTITY
  2
AcDbBlockVisibilityGripEntity
  3
ObjectDBX Classes
 90
     1025
 91
        0
280
     0
281
     1
  0
CLASS
  1
BLOCKLOOKUPPARAMETER
  2
AcDbBlockLookupParameter
  3
ObjectDBX Classes
 90
     1153
 91
        0
280
     0
281
     0
  0
CLASS
  1
BLOCKLOOKUPGRIP
  2
AcDbBlockLookupGrip
  3
ObjectDBX Classes
 90
     1153
 91
        0
280
     0
281
     0
  0
CLASS
  1
BLOCKLOOKUPACTION
  2
AcDbBlockLookupAction
  3
ObjectDBX Classes
 90
     1153
 91
        0
280
     0
281
     0
  0
CLASS
  1
LOOKUPPARAMETERENTITY
  2
AcDbBlockLookupParameterEntity
  3
ObjectDBX Classes
 90
     1025
 91
        0
280
     0
281
     1
  0
CLASS
  1
LOOKUPGRIPENTITY
  2
AcDbBlockLookupGripEntity
  3
ObjectDBX Classes
 90
     1025
 91
        0
280
     0
281
     1
  0
CLASS
  1
LOOKUPACTIONENTITY
  2
AcDbBlockLookupActionEntity
  3
ObjectDBX Classes
 90
     1025
 91
        0
280
     0
281
     1
  0
CLASS
  1
RAPIDRTRENDERSETTINGS
  2
AcDbRapidRTRenderSettings
  3
ObjectDBX Classes
 90
     1024
 91
        0
280
     1
281
     0
  0
CLASS
  1
MENTALRAYRENDERSETTINGS
  2
AcDbMentalRayRenderSettings
  3
SCENEOE
 90
     1024
 91
        0
280
     1
281
     0
  0
CLASS
  1
ACDBASSOCPERSSUBENTMANAGER
  2
AcDbAssocPersSubentManager
  3
ObjectDBX Classes
 90
     1024
 91
        1
280
     0
281
     0
  0
CLASS
  1
ACAD_TABLE
  2
AcDbTable
  3
ObjectDBX Classes
 90
     1025
 91
        0
280
     0
281
     1
  0
CLASS
  1
TABLECONTENT
  2
AcDbTableContent
  3
ObjectDBX Classes
 90
     1152
 91
        0
280
     0
281
     0
  0
CLASS
  1
TABLEGEOMETRY
  2
AcDbTableGeometry
  3
ObjectDBX Classes
 90
     1152
 91
        0
280
     0
281
     0
  0
ENDSEC
  0
SECTION
  2
TABLES
  0
TABLE
  2
VPORT
  5
29
330
0
100
AcDbSymbolTable
 70
     1
1001
ACAD
1000
DbSaveVer
1071
      247
  0
VPORT
  5
2A
330
29
100
AcDbSymbolTableRecord
100
AcDbViewportTableRecord
  2
*Active
 70
     0
 10
0.0
 20
0.0
 11
1.0
 21
1.0
 12
-74671.69345043656
 22
4359.083563537336
 13
0.0
 23
0.0
 14
10.0
 24
10.0
 15
10.0
 25
10.0
 16
0.0
 26
0.0
 36
1.0
 17
0.0
 27
0.0
 37
0.0
 40
577.0455453160685
 41
2.580896686159844
 42
50.0
 43
0.0
 44
0.0
 50
0.0
 51
0.0
 71
     0
 72
  1000
 73
     1
 74
     3
 75
     0
 76
     0
 77
     0
 78
     2
281
     0
 65
     1
110
0.0
120
0.0
130
0.0
111
1.0
121
0.0
131
0.0
112
0.0
122
1.0
132
0.0
 79
     0
146
0.0
348
2B
 60
     3
 61
     5
292
     1
282
     1
141
0.0
142
0.0
 63
   250
421
  3355443
1001
ACAD_NAV_VCDISPLAY
1070
     1
  0
ENDTAB
  0
TABLE
  2
LTYPE
  5
24
330
0
100
AcDbSymbolTable
 70
     3
  0
LTYPE
  5
25
330
24
100
AcDbSymbolTableRecord
100
AcDbLinetypeTableRecord
  2
ByBlock
 70
     0
  3

 72
    65
 73
     0
 40
0.0
  0
LTYPE
  5
26
330
24
100
AcDbSymbolTableRecord
100
AcDbLinetypeTableRecord
  2
ByLayer
 70
     0
  3

 72
    65
 73
     0
 40
0.0
  0
LTYPE
  5
14
330
24
100
AcDbSymbolTableRecord
100
AcDbLinetypeTableRecord
  2
Continuous
 70
     0
  3
Solid line
 72
    65
 73
     0
 40
0.0
  0
LTYPE
  5
E7
330
24
100
AcDbSymbolTableRecord
100
AcDbLinetypeTableRecord
  2
DASHDOT2
 70
     0
  3
_._._._._._._._._._._._._._._._._._._._._._._._
 72
    65
 73
     4
 40
0.5
 49
0.25
 74
     0
 49
-0.125
 74
     0
 49
0.0
 74
     0
 49
-0.125
 74
     0
  0
LTYPE
  5
118
330
24
100
AcDbSymbolTableRecord
100
AcDbLinetypeTableRecord
  2
DASHED2
 70
     0
  3
Dashed (.5x) _ _ _ _ _ _ _ _ _ _ _ _ _ _ _ _ _
 72
    65
 73
     2
 40
9.524999999999996
 49
6.349999999999997
 74
     0
 49
-3.174999999999998
 74
     0
  0
ENDTAB
  0
TABLE
  2
LAYER
  5
1E
102
{ACAD_XDICTIONARY
360
1F
102
}
330
0
100
AcDbSymbolTable
 70
    17
  0
LAYER
  5
6
102
{ACAD_XDICTIONARY
360
7
102
}
330
1E
100
AcDbSymbolTableRecord
100
AcDbLayerTableRecord
  2
0
 70
     0
 62
     7
  6
Continuous
370
    -3
390
8
347
B
348
0
  0
LAYER
  5
76
330
1E
100
AcDbSymbolTableRecord
100
AcDbLayerTableRecord
  2
ART_TARAMA
 70
     0
 62
   251
  6
Continuous
370
    -3
390
8
347
B
348
0
1001
AcAecLayerStandard
1000

1000

1001
AcCmTransparency
1071
        0
  0
LAYER
  5
80
102
{ACAD_XDICTIONARY
360
81
102
}
330
1E
100
AcDbSymbolTableRecord
100
AcDbLayerTableRecord
  2
ART_CAM
 70
     0
 62
   150
  6
Continuous
370
    -3
390
8
347
B
348
0
1001
AcAecLayerStandard
1000

1000

  0
LAYER
  5
8D
102
{ACAD_XDICTIONARY
360
8E
102
}
330
1E
100
AcDbSymbolTableRecord
100
AcDbLayerTableRecord
  2
ART_SILIKON
 70
     0
 62
   252
  6
Continuous
370
    -3
390
8
347
B
348
0
  0
LAYER
  5
A6
102
{ACAD_XDICTIONARY
360
A7
102
}
330
1E
100
AcDbSymbolTableRecord
100
AcDbLayerTableRecord
  2
ART_PROFIL
 70
     0
 62
    42
  6
Continuous
370
    -3
390
8
347
B
348
0
1001
AcAecLayerStandard
1000

1000

  0
LAYER
  5
79
102
{ACAD_XDICTIONARY
360
7A
102
}
330
1E
100
AcDbSymbolTableRecord
100
AcDbLayerTableRecord
  2
ART_FITIL
 70
     0
 62
    24
  6
Continuous
370
    -3
390
8
347
B
348
0
1001
AcAecLayerStandard
1000

1000

  0
LAYER
  5
9C
102
{ACAD_XDICTIONARY
360
9D
102
}
330
1E
100
AcDbSymbolTableRecord
100
AcDbLayerTableRecord
  2
ART_BARIYER
 70
     0
 62
   143
  6
Continuous
370
    -3
390
8
347
B
348
0
1001
AcAecLayerStandard
1000

1000

  0
LAYER
  5
E5
102
{ACAD_XDICTIONARY
360
E6
102
}
330
1E
100
AcDbSymbolTableRecord
100
AcDbLayerTableRecord
  2
ARTPROFIL AKS
 70
     0
 62
   123
  6
DASHDOT2
370
    -3
390
8
347
B
348
0
1001
AcAecLayerStandard
1000

1000

  0
LAYER
  5
B4
102
{ACAD_XDICTIONARY
360
B5
102
}
330
1E
100
AcDbSymbolTableRecord
100
AcDbLayerTableRecord
  2
ART_BOND CITASI
 70
     0
 62
    65
  6
Continuous
370
    -3
390
8
347
B
348
0
1001
AcAecLayerStandard
1000

1000

  0
LAYER
  5
C8
102
{ACAD_XDICTIONARY
360
C9
102
}
330
1E
100
AcDbSymbolTableRecord
100
AcDbLayerTableRecord
  2
ART_Mlz-Aksesuar
 70
     0
 62
     8
  6
Continuous
370
    -3
390
8
347
B
348
0
  0
LAYER
  5
C5
330
1E
100
AcDbSymbolTableRecord
100
AcDbLayerTableRecord
  2
ART_TAKOZ
 70
     0
 62
   187
  6
Continuous
370
    -3
390
8
347
B
348
0
1001
AcAecLayerStandard
1000

1000

1001
AcCmTransparency
1071
        0
  0
LAYER
  5
8A
102
{ACAD_XDICTIONARY
360
8B
102
}
330
1E
100
AcDbSymbolTableRecord
100
AcDbLayerTableRecord
  2
silikon
 70
     0
 62
     5
  6
Continuous
370
     9
390
8
347
B
348
0
  0
LAYER
  5
E9
330
1E
100
AcDbSymbolTableRecord
100
AcDbLayerTableRecord
  2
ART_KLİPS
 70
     0
 62
   154
  6
Continuous
370
    -3
390
8
347
B
348
0
1001
AcAecLayerStandard
1000

1000

1001
AcCmTransparency
1071
        0
  0
LAYER
  5
59
330
1E
100
AcDbSymbolTableRecord
100
AcDbLayerTableRecord
  2
KOMPOZIT
 70
     0
 62
   117
420
  5667680
  6
Continuous
370
    -3
390
8
347
B
348
0
1001
AcAecLayerStandard
1000

1000

1001
AcCmTransparency
1071
        0
  0
LAYER
  5
112
102
{ACAD_XDICTIONARY
360
113
102
}
330
1E
100
AcDbSymbolTableRecord
100
AcDbLayerTableRecord
  2
profiller
 70
     0
 62
     7
  6
Continuous
370
    -3
390
8
347
B
348
0
  0
LAYER
  5
11F
330
1E
100
AcDbSymbolTableRecord
100
AcDbLayerTableRecord
  2
PROFİL HATCH
 70
     0
 62
     7
  6
Continuous
370
    -3
390
8
347
B
348
0
  0
LAYER
  5
117
330
1E
100
AcDbSymbolTableRecord
100
AcDbLayerTableRecord
  2
KÖŞE TAKOZU
 70
     0
 62
     7
  6
Continuous
370
    20
390
8
347
B
348
0
1001
AcCmTransparency
1071
        0
1001
AcAecLayerStandard
1000

1000
9162
  0
ENDTAB
  0
TABLE
  2
STYLE
  5
21
330
0
100
AcDbSymbolTable
 70
     5
  0
STYLE
  5
22
330
21
100
AcDbSymbolTableRecord
100
AcDbTextStyleTableRecord
  2
Standard
 70
     0
 40
0.0
 41
1.0
 50
0.0
 71
     0
 42
2.5
  3
arial.ttf
  4

1001
ACAD
1000
Arial
1071
       34
  0
STYLE
  5
3A
330
21
100
AcDbSymbolTableRecord
100
AcDbTextStyleTableRecord
  2
YZ
 70
     0
 40
0.0
 41
0.7
 50
0.0
 71
     0
 42
5.0
  3
archs.shx
  4

  0
STYLE
  5
32
330
21
100
AcDbSymbolTableRecord
100
AcDbTextStyleTableRecord
  2
S5
 70
     0
 40
0.0
 41
0.6
 50
0.0
 71
     0
 42
2.5
  3
romand.shx
  4

  0
STYLE
  5
43
330
21
100
AcDbSymbolTableRecord
100
AcDbTextStyleTableRecord
  2
S2
 70
     0
 40
0.0
 41
0.5
 50
0.0
 71
     0
 42
400.0
  3
romand.shx
  4

  0
STYLE
  5
DC
330
21
100
AcDbSymbolTableRecord
100
AcDbTextStyleTableRecord
  2
arialnarrow
 70
     0
 40
0.0
 41
1.0
 50
0.0
 71
     0
 42
2.5
  3
ARIALN.TTF
  4

1001
ACAD
1000
Arial Narrow
1071
       34
  0
ENDTAB
  0
TABLE
  2
VIEW
  5
27
330
0
100
AcDbSymbolTable
 70
     0
  0
ENDTAB
  0
TABLE
  2
UCS
  5
28
330
0
100
AcDbSymbolTable
 70
     0
  0
ENDTAB
  0
TABLE
  2
APPID
  5
2E
330
0
100
AcDbSymbolTable
 70
    13
  0
APPID
  5
13
330
2E
100
AcDbSymbolTableRecord
100
AcDbRegAppTableRecord
  2
ACAD
 70
     0
  0
APPID
  5
19
330
2E
100
AcDbSymbolTableRecord
100
AcDbRegAppTableRecord
  2
ACAD_PSEXT
 70
     0
  0
APPID
  5
77
330
2E
100
AcDbSymbolTableRecord
100
AcDbRegAppTableRecord
  2
ACDBBLOCKREPETAG
 70
     0
  0
APPID
  5
124
330
2E
100
AcDbSymbolTableRecord
100
AcDbRegAppTableRecord
  2
AcDbDynamicBlockGUID
 70
     0
  0
APPID
  5
2D
330
2E
100
AcDbSymbolTableRecord
100
AcDbRegAppTableRecord
  2
ACAD_NAV_VCDISPLAY
 70
     0
  0
APPID
  5
5A
330
2E
100
AcDbSymbolTableRecord
100
AcDbRegAppTableRecord
  2
AcAecLayerStandard
 70
     0
  0
APPID
  5
5B
330
2E
100
AcDbSymbolTableRecord
100
AcDbRegAppTableRecord
  2
AcCmTransparency
 70
     0
  0
APPID
  5
37
330
2E
100
AcDbSymbolTableRecord
100
AcDbRegAppTableRecord
  2
ACAD_DSTYLE_DIMJAG
 70
     0
  0
APPID
  5
38
330
2E
100
AcDbSymbolTableRecord
100
AcDbRegAppTableRecord
  2
ACAD_DSTYLE_DIMTALN
 70
     0
  0
APPID
  5
4A
330
2E
100
AcDbSymbolTableRecord
100
AcDbRegAppTableRecord
  2
ACAD_DSTYLE_DIMBREAK
 70
     0
  0
APPID
  5
A2
330
2E
100
AcDbSymbolTableRecord
100
AcDbRegAppTableRecord
  2
GradientColor1ACI
 70
     0
  0
APPID
  5
A3
330
2E
100
AcDbSymbolTableRecord
100
AcDbRegAppTableRecord
  2
GradientColor2ACI
 70
     0
  0
APPID
  5
115
330
2E
100
AcDbSymbolTableRecord
100
AcDbRegAppTableRecord
  2
ACAD_STEPID
 70
     0
  0
ENDTAB
  0
TABLE
  2
DIMSTYLE
  5
2F
330
0
100
AcDbSymbolTable
 70
     5
100
AcDbDimStyleTable
 71
     5
340
30
340
31
340
39
340
41
340
42
  0
DIMSTYLE
105
30
330
2F
100
AcDbSymbolTableRecord
100
AcDbDimStyleTableRecord
  2
ISO-25
 70
     0
 41
2.5
 42
0.625
 43
3.75
 44
1.25
 73
     0
 74
     0
 77
     1
 78
     8
140
2.5
141
2.5
143
0.03937007874016
147
0.625
171
     3
172
     1
271
     2
272
     2
274
     3
278
    44
283
     0
284
     8
340
22
  0
DIMSTYLE
105
39
330
2F
100
AcDbSymbolTableRecord
100
AcDbDimStyleTableRecord
  2
1-1
 70
     0
 40
0.75
 41
2.0
 42
2.0
 43
2.0
 44
2.0
 46
2.0
 73
     0
 74
     0
 77
     1
140
3.0
141
1.0
144
-1.0
147
1.0
178
   256
271
     0
272
     0
279
     1
340
3A
342
3B
371
     5
372
     5
1001
ACAD_DSTYLE_DIMJAG
1070
   388
1040
1.5
1001
ACAD_DSTYLE_DIMTALN
1070
   392
1070
     0
  0
DIMSTYLE
105
41
330
2F
100
AcDbSymbolTableRecord
100
AcDbDimStyleTableRecord
  2
1-10
 70
     0
 40
5.0
 41
2.0
 42
2.0
 43
5.0
 44
2.0
 46
2.0
 73
     0
 74
     0
 77
     1
140
3.0
141
1.0
144
-1.0
147
1.0
271
     0
272
     0
279
     1
340
3A
342
3B
371
     5
372
     5
  0
DIMSTYLE
105
31
330
2F
100
AcDbSymbolTableRecord
100
AcDbDimStyleTableRecord
  2
SAR_1-2
 70
     0
 40
1.5
 41
2.0
 42
2.0
 43
2.0
 44
2.0
 73
     0
 74
     0
140
5.0
141
1.0
147
1.0
172
     1
176
     5
177
     5
178
     7
271
     0
272
     0
284
     8
285
     8
286
     8
289
     1
340
32
342
33
1001
ACAD_DSTYLE_DIMJAG
1070
   388
1040
1.5
1001
ACAD_DSTYLE_DIMTALN
1070
   392
1070
     0
  0
DIMSTYLE
105
42
330
2F
100
AcDbSymbolTableRecord
100
AcDbDimStyleTableRecord
  2
SAR_1-250
 70
     0
 40
250.0
 41
0.75
 42
1.0
 43
10.0
 44
1.0
 46
1.0
 73
     0
 74
     0
 78
     8
140
3.0
141
1.0
143
0.03937007874016
147
0.1
171
     3
172
     1
176
     5
177
     5
178
     7
271
     0
272
     0
274
     3
278
    44
283
     0
284
     8
340
43
342
44
371
    -1
372
    -1
1001
ACAD_DSTYLE_DIMBREAK
1070
   391
1040
3.75
1001
ACAD_DSTYLE_DIMJAG
1070
   388
1040
1.5
1001
ACAD_DSTYLE_DIMTALN
1070
   392
1070
     0
  0
ENDTAB
  0
TABLE
  2
BLOCK_RECORD
  5
1
330
0
100
AcDbSymbolTable
 70
     6
  0
BLOCK_RECORD
  5
2
102
{ACAD_XDICTIONARY
360
3
102
}
330
1
100
AcDbSymbolTableRecord
100
AcDbBlockTableRecord
  2
*Model_Space
340
16
 70
     0
280
     1
281
     0
  0
BLOCK_RECORD
  5
1A
330
1
100
AcDbSymbolTableRecord
100
AcDbBlockTableRecord
  2
*Paper_Space
340
1D
 70
     0
280
     1
281
     0
  0
BLOCK_RECORD
  5
3B
102
{ACAD_XDICTIONARY
360
3C
102
}
330
1
100
AcDbSymbolTableRecord
100
AcDbBlockTableRecord
  2
_OBLIQUE
340
0
 70
     0
280
     1
281
     0
  0
BLOCK_RECORD
  5
44
102
{ACAD_XDICTIONARY
360
45
102
}
330
1
100
AcDbSymbolTableRecord
100
AcDbBlockTableRecord
  2
_ArchTick
340
0
310
2800000020000000200000000100200000000000001000000100000001000000000000000000000000000000000000FF000000FF000000FFFFFFFFFF000000FF000000FF000000FF000000FF000000FF000000FF000000FF000000FF000000FF000000FF000000FF000000FF000000FF000000FF000000FF000000FF000000
310
FF000000FF000000FF000000FF000000FF000000FF000000FF000000FF000000FF000000FF000000FF000000FF000000FF000000FFFFFFFFFF000000FFFFFFFFFF000000FF000000FF000000FF000000FF000000FF000000FF000000FF000000FF000000FF000000FF000000FF000000FF000000FF000000FF000000FF0000
310
00FF000000FF000000FF000000FF000000FF000000FF000000FF000000FF000000FF000000FF000000FF000000FF000000FFFFFFFFFF000000FF000000FF000000FFFFFFFFFF000000FF000000FF000000FF000000FF000000FF000000FF000000FF000000FF000000FF000000FF000000FF000000FF000000FF000000FF00
310
0000FF000000FF000000FF000000FF000000FF000000FF000000FF000000FF000000FF000000FF000000FF000000FFFFFFFFFF000000FF000000FF000000FF000000FF000000FFFFFFFFFF000000FF000000FF000000FF000000FF000000FF000000FF000000FF000000FF000000FF000000FF000000FF000000FF000000FF
310
000000FF000000FF000000FF000000FF000000FF000000FF000000FF000000FF000000FF000000FF000000FF000000FF000000FFFFFFFFFF000000FF000000FF000000FF000000FF000000FFFFFFFFFF000000FF000000FF000000FF000000FF000000FF000000FF000000FF000000FF000000FF000000FF000000FF000000
310
FF000000FF000000FF000000FF000000FF000000FF000000FF000000FF000000FF000000FF000000FF000000FF000000FF000000FF000000FFFFFFFFFF000000FF000000FF000000FF000000FF000000FFFFFFFFFF000000FF000000FF000000FF000000FF000000FF000000FF000000FF000000FF000000FF000000FF0000
310
00FF000000FF000000FF000000FF000000FF000000FF000000FF000000FF000000FF000000FF000000FF000000FF000000FF000000FF000000FF000000FFFFFFFFFF000000FF000000FF000000FF000000FF000000FFFFFFFFFF000000FF000000FF000000FF000000FF000000FF000000FF000000FF000000FF000000FF00
310
0000FF000000FF000000FF000000FF000000FF000000FF000000FF000000FF000000FF000000FF000000FF000000FF000000FF000000FF000000FF000000FF000000FFFFFFFFFF000000FF000000FF000000FF000000FF000000FFFFFFFFFF000000FF000000FF000000FF000000FF000000FF000000FF000000FF000000FF
310
000000FF000000FF000000FF000000FF000000FF000000FF000000FF000000FF000000FF000000FF000000FF000000FF000000FF000000FF000000FF000000FF000000FF000000FFFFFFFFFF000000FF000000FF000000FF000000FF000000FFFFFFFFFF000000FF000000FF000000FF000000FF000000FF000000FF000000
310
FF000000FF000000FF000000FF000000FF000000FF000000FF000000FF000000FF000000FF000000FF000000FF000000FF000000FF000000FF000000FF000000FF000000FF000000FF000000FFFFFFFFFF000000FF000000FF000000FF000000FF000000FFFFFFFFFF000000FF000000FF000000FF000000FF000000FF0000
310
00FF000000FF000000FF000000FF000000FF000000FF000000FF000000FF000000FF000000FF000000FF000000FF000000FF000000FF000000FF000000FF000000FF000000FF000000FF000000FF000000FFFFFFFFFF000000FF000000FF000000FF000000FF000000FFFFFFFFFF000000FF000000FF000000FF000000FF00
310
0000FF000000FF000000FF000000FF000000FF000000FF000000FF000000FF000000FF000000FF000000FF000000FF000000FF000000FF000000FF000000FF000000FF000000FF000000FF000000FF000000FF000000FFFFFFFFFF000000FF000000FF000000FF000000FF000000FFFFFFFFFF000000FF000000FF000000FF
310
000000FF000000FF000000FF000000FF000000FF000000FF000000FF000000FF000000FF000000FF000000FF000000FF000000FF000000FF000000FF000000FF000000FF000000FF000000FF000000FF000000FF000000FF000000FFFFFFFFFF000000FF000000FF000000FF000000FF000000FFFFFFFFFF000000FF000000
310
FF000000FF000000FF000000FF000000FF000000FF000000FF000000FF000000FF000000FF000000FF000000FF000000FF000000FF000000FF000000FF000000FF000000FF000000FF000000FF000000FF000000FF000000FF000000FF000000FFFFFFFFFF000000FF000000FF000000FF000000FF000000FFFFFFFFFF0000
310
00FF000000FF000000FF000000FF000000FF000000FF000000FF000000FF000000FF000000FF000000FF000000FF000000FF000000FF000000FF000000FF000000FF000000FF000000FF000000FF000000FF000000FF000000FF000000FF000000FF000000FFFFFFFFFF000000FF000000FF000000FF000000FF000000FFFF
310
FFFFFF000000FF000000FF000000FF000000FF000000FF000000FF000000FF000000FF000000FF000000FF000000FF000000FF000000FF000000FF000000FF000000FF000000FF000000FF000000FF000000FF000000FF000000FF000000FF000000FF000000FF000000FFFFFFFFFF000000FF000000FF000000FF000000FF
310
000000FFFFFFFFFF000000FF000000FF000000FF000000FF000000FF000000FF000000FF000000FF000000FF000000FF000000FF000000FF000000FF000000FF000000FF000000FF000000FF000000FF000000FF000000FF000000FF000000FF000000FF000000FF000000FF000000FFFFFFFFFF000000FF000000FF000000
310
FF000000FF000000FFFFFFFFFF000000FF000000FF000000FF000000FF000000FF000000FF000000FF000000FF000000FF000000FF000000FF000000FF000000FF000000FF000000FF000000FF000000FF000000FF000000FF000000FF000000FF000000FF000000FF000000FF000000FF000000FFFFFFFFFF000000FF0000
310
00FF000000FF000000FF000000FFFFFFFFFF000000FF000000FF000000FF000000FF000000FF000000FF000000FF000000FF000000FF000000FF000000FF000000FF000000FF000000FF000000FF000000FF000000FF000000FF000000FF000000FF000000FF000000FF000000FF000000FF000000FF000000FFFFFFFFFF00
310
0000FF000000FF000000FF000000FF000000FFFFFFFFFF000000FF000000FF000000FF000000FF000000FF000000FF000000FF000000FF000000FF000000FF000000FF000000FF000000FF000000FF000000FF000000FF000000FF000000FF000000FF000000FF000000FF000000FF000000FF000000FF000000FF000000FF
310
FFFFFFFF000000FF000000FF000000FF000000FF000000FFFFFFFFFF000000FF000000FF000000FF000000FF000000FF000000FF000000FF000000FF000000FF000000FF000000FF000000FF000000FF000000FF000000FF000000FF000000FF000000FF000000FF000000FF000000FF000000FF000000FF000000FF000000
310
FF000000FFFFFFFFFF000000FF000000FF000000FF000000FF000000FFFFFFFFFF000000FF000000FF000000FF000000FF000000FF000000FF000000FF000000FF000000FF000000FF000000FF000000FF000000FF000000FF000000FF000000FF000000FF000000FF000000FF000000FF000000FF000000FF000000FF0000
310
00FF000000FF000000FFFFFFFFFF000000FF000000FF000000FF000000FF000000FFFFFFFFFF000000FF000000FF000000FF000000FF000000FF000000FF000000FF000000FF000000FF000000FF000000FF000000FF000000FF000000FF000000FF000000FF000000FF000000FF000000FF000000FF000000FF000000FF00
310
0000FF000000FF000000FF000000FFFFFFFFFF000000FF000000FF000000FF000000FF000000FFFFFFFFFF000000FF000000FF000000FF000000FF000000FF000000FF000000FF000000FF000000FF000000FF000000FF000000FF000000FF000000FF000000FF000000FF000000FF000000FF000000FF000000FF000000FF
310
000000FF000000FF000000FF000000FF000000FFFFFFFFFF000000FF000000FF000000FF000000FF000000FFFFFFFFFF000000FF000000FF000000FF000000FF000000FF000000FF000000FF000000FF000000FF000000FF000000FF000000FF000000FF000000FF000000FF000000FF000000FF000000FF000000FF000000
310
FF000000FF000000FF000000FF000000FF000000FF000000FFFFFFFFFF000000FF000000FF000000FF000000FF000000FFFFFFFFFF000000FF000000FF000000FF000000FF000000FF000000FF000000FF000000FF000000FF000000FF000000FF000000FF000000FF000000FF000000FF000000FF000000FF000000FF0000
310
00FF000000FF000000FF000000FF000000FF000000FF000000FF000000FFFFFFFFFF000000FF000000FF000000FF000000FF000000FFFFFFFFFF000000FF000000FF000000FF000000FF000000FF000000FF000000FF000000FF000000FF000000FF000000FF000000FF000000FF000000FF000000FF000000FF000000FF00
310
0000FF000000FF000000FF000000FF000000FF000000FF000000FF000000FF000000FFFFFFFFFF000000FF000000FF000000FF000000FF000000FFFFFFFFFF000000FF000000FF000000FF000000FF000000FF000000FF000000FF000000FF000000FF000000FF000000FF000000FF000000FF000000FF000000FF000000FF
310
000000FF000000FF000000FF000000FF000000FF000000FF000000FF000000FF000000FF000000FFFFFFFFFF000000FF000000FF000000FF000000FF000000FFFFFFFFFF000000FF000000FF000000FF000000FF000000FF000000FF000000FF000000FF000000FF000000FF000000FF000000FF000000FF000000FF000000
310
FF000000FF000000FF000000FF000000FF000000FF000000FF000000FF000000FF000000FF000000FF000000FFFFFFFFFF000000FF000000FF000000FF000000FF000000FFFFFFFFFF000000FF000000FF000000FF000000FF000000FF000000FF000000FF000000FF000000FF000000FF000000FF000000FF000000FF0000
310
00FF000000FF000000FF000000FF000000FF000000FF000000FF000000FF000000FF000000FF000000FF000000FF000000FFFFFFFFFF000000FF000000FF000000FFFFFFFFFF000000FF000000FF000000FF000000FF000000FF000000FF000000FF000000FF000000FF000000FF000000FF000000FF000000FF000000FF00
310
0000FF000000FF000000FF000000FF000000FF000000FF000000FF000000FF000000FF000000FF000000FF000000FF000000FF000000FFFFFFFFFF000000FFFFFFFFFF000000FF000000FF000000FF000000FF000000FF000000FF000000FF000000FF000000FF000000FF000000FF000000FF000000FF000000FF000000FF
310
000000FF000000FF000000FF000000FF000000FF000000FF000000FF000000FF000000FF000000FF000000FF000000FF000000FF000000FF000000FFFFFFFFFF000000FF000000FF
 70
     0
280
     1
281
     0
  0
BLOCK_RECORD
  5
33
330
1
100
AcDbSymbolTableRecord
100
AcDbBlockTableRecord
  2
huseyin1_ArchTick
340
0
310
2800000020000000200000000100080000000000000400000000000000000000000000000000000000000000000080000080000000808000800000008000800080800000C0C0C000C0DCC000F0CAA6000020400000206000002080000020A0000020C0000020E00000400000004020000040400000406000004080000040A0
310
000040C0000040E00000600000006020000060400000606000006080000060A0000060C0000060E00000800000008020000080400000806000008080000080A0000080C0000080E00000A0000000A0200000A0400000A0600000A0800000A0A00000A0C00000A0E00000C0000000C0200000C0400000C0600000C0800000C0
310
A00000C0C00000C0E00000E0000000E0200000E0400000E0600000E0800000E0A00000E0C00000E0E00040000000400020004000400040006000400080004000A0004000C0004000E00040200000402020004020400040206000402080004020A0004020C0004020E000404000004040200040404000404060004040800040
310
40A0004040C0004040E00040600000406020004060400040606000406080004060A0004060C0004060E00040800000408020004080400040806000408080004080A0004080C0004080E00040A0000040A0200040A0400040A0600040A0800040A0A00040A0C00040A0E00040C0000040C0200040C0400040C0600040C08000
310
40C0A00040C0C00040C0E00040E0000040E0200040E0400040E0600040E0800040E0A00040E0C00040E0E00080000000800020008000400080006000800080008000A0008000C0008000E00080200000802020008020400080206000802080008020A0008020C0008020E00080400000804020008040400080406000804080
310
008040A0008040C0008040E00080600000806020008060400080606000806080008060A0008060C0008060E00080800000808020008080400080806000808080008080A0008080C0008080E00080A0000080A0200080A0400080A0600080A0800080A0A00080A0C00080A0E00080C0000080C0200080C0400080C0600080C0
310
800080C0A00080C0C00080C0E00080E0000080E0200080E0400080E0600080E0800080E0A00080E0C00080E0E000C0000000C0002000C0004000C0006000C0008000C000A000C000C000C000E000C0200000C0202000C0204000C0206000C0208000C020A000C020C000C020E000C0400000C0402000C0404000C0406000C0
310
408000C040A000C040C000C040E000C0600000C0602000C0604000C0606000C0608000C060A000C060C000C060E000C0800000C0802000C0804000C0806000C0808000C080A000C080C000C080E000C0A00000C0A02000C0A04000C0A06000C0A08000C0A0A000C0A0C000C0A0E000C0C00000C0C02000C0C04000C0C06000
310
C0C08000C0C0A000F0FBFF00A4A0A000808080000000FF0000FF000000FFFF00FF000000FF00FF00FFFF0000FFFFFF00000000FF000000000000000000000000000000000000000000000000000000000000FF00FF00000000000000000000000000000000000000000000000000000000FF000000FF000000000000000000
310
0000000000000000000000000000000000FF0000000000FF0000000000000000000000000000000000000000000000000000FF0000000000FF0000000000000000000000000000000000000000000000000000FF0000000000FF0000000000000000000000000000000000000000000000000000FF0000000000FF00000000
310
00000000000000000000000000000000000000000000FF0000000000FF0000000000000000000000000000000000000000000000000000FF0000000000FF0000000000000000000000000000000000000000000000000000FF0000000000FF0000000000000000000000000000000000000000000000000000FF0000000000
310
FF0000000000000000000000000000000000000000000000000000FF0000000000FF0000000000000000000000000000000000000000000000000000FF0000000000FF0000000000000000000000000000000000000000000000000000FF0000000000FF0000000000000000000000000000000000000000000000000000FF
310
0000000000FF0000000000000000000000000000000000000000000000000000FF0000000000FF0000000000000000000000000000000000000000000000000000FF0000000000FF0000000000000000000000000000000000000000000000000000FF0000000000FF00000000000000000000000000000000000000000000
310
00000000FF0000000000FF0000000000000000000000000000000000000000000000000000FF0000000000FF0000000000000000000000000000000000000000000000000000FF0000000000FF0000000000000000000000000000000000000000000000000000FF0000000000FF0000000000000000000000000000000000
310
000000000000000000FF0000000000FF0000000000000000000000000000000000000000000000000000FF0000000000FF0000000000000000000000000000000000000000000000000000FF0000000000FF0000000000000000000000000000000000000000000000000000FF0000000000FF000000000000000000000000
310
0000000000000000000000000000FF0000000000FF0000000000000000000000000000000000000000000000000000FF0000000000FF0000000000000000000000000000000000000000000000000000FF0000000000FF0000000000000000000000000000000000000000000000000000FF000000FF000000000000000000
310
00000000000000000000000000000000000000FF00FF000000000000000000000000000000000000000000000000000000000000FF000000
 70
     0
280
     1
281
     0
  0
BLOCK_RECORD
  5
11C
330
1
100
AcDbSymbolTableRecord
100
AcDbBlockTableRecord
  2
E50 T 04
340
0
102
{BLKREFS
331
11B
102
}
 70
     0
280
     1
281
     0
  0
BLOCK_RECORD
  5
10D
102
{ACAD_XDICTIONARY
360
10E
102
}
330
1
100
AcDbSymbolTableRecord
100
AcDbBlockTableRecord
  2
A$C6cdfd78d
340
0
102
{BLKREFS
331
10C
102
}
 70
     4
280
     1
281
     0
1001
AcDbDynamicBlockGUID
1000
{CA0D781E-93B7-3B41-9265-28BA084A02EF}
  0
BLOCK_RECORD
  5
73
330
1
100
AcDbSymbolTableRecord
100
AcDbBlockTableRecord
  2
kanatlı alt yatay
340
0
310
28000000200000002000000001002000000000000010000001000000010000000000000000000000FFFFFFFFFFFFFFFFFFFFFFFFFFFFFFFFFFFFFFFFFFFFFFFFFFFFFFFFFFFFFFFFFFFFFFFFFFFFFFFFFFFFFFFFFFFFFFFFFFFFFFFFFFFFFFFFFFFFFFFFFFFFFFFFFFFFFFFFFFFFFFFFFFFFFFFFFFFFFFFFFFFFFFFFFFFFFF
310
FFFFFFFFFFFFFFFFFFFFFFFFFFFFFFFFFFFFFFFFFFFFFFFFFFFFFFFFFFFFFFFFFFFFFFFFFFFFFFFFFFFFFFFFFFFFFFFFFFFFFFFFFFFFFFFFFFFFFFFFFFFFFFFFFFFFFFFFFFFFFFFFFFFFFFFFFFFFFFFFFFFFFFFFFFFFFFFFFFFFFFFFFFFFFFFFFFFFFFFFFFFFFFFFFFFFFFFFFFFFFFFFFFFFFFFFFFFFFFFFFFFFFFFFFFFFFF
310
FFFFFF7F00FF2D2D2DFFFFFFFFFFFFFFFFFF2D2D2DFFFFFFFFFFFFFFFFFFFFFFFFFFFFFFFFFFFFFFFFFFFFFFFFFFFFFFFFFFFFFFFFFFFFFFFFFFFFFFFFFFFFFFFFFFFFFFFFFFFFFFFFFFFFFFFFFFFFFFFFFFFFFFFFFFFFFFFFFFFFFFFFFFFFFFFFFFFFFFFFFFFFFFFFFFFFFFFFFFFFFFFFFFFFFFFFFFFFFFFFFFFFFFFFFFFF
310
FFFFFFFF7F00FF2D2D2DFFFFFFFFFFFFFFFFFF2D2D2DFFFFFFFFFFFFFFFFFFFFFFFFFFFFFFFFFFFFFFFFFFFFFFFFFFFFFFFFFFFFFFFFFFFFFFFFFFFFFFFFFFFFFFFFFFFFFFFFFFFFFFFFFFFFFFFFFFFFFFFFFFFFFFFFFFFFFFFFFFFFFFFFFFFFFFFFFFFFFFFFFFFFFFFFFFFFFFFFFFFFFFFFFFFFFFFFFFFFFFFFFFFFFFFFFF
310
FFFFFFFFFF7F00FF2D2D2DFFFFFFFFFFFFFFFFFF2D2D2DFFFFFFFFFFFFFFFFFFFFFFFFFFFFFFFFFFFFFFFFFFFFFFFFFFFFFFFFFFFFFFFFFFFFFFFFFFFFFFFFFFFFFFFFFFFFFFFFFFFFFFFFFFFFFFFFFFFFFFFFFFFFFFFFFFFFFFFFFFFFFFFFFFFFFFFFFFFFFFFFFFFFFFFFFFFFFFFFFFFFFFFFFFFFFFFFFFFFFFFFFFFFFFFF
310
FFFFFFFFFFFF7F00FF2D2D2DFFFFFFFFFFFFFFFFFF2D2D2DFFFFFFFFFFFFFFFFFFFFFFFFFFFFFFFFFFFFFFFFFFFFFFFFFFFFFFFFFFFFFFFFFFFFFFFFFFFFFFFFFFFFFFFFFFFFFFFFFFFFFFFFFFFFFFFFFFFFFFFFFFFFFFFFFFFFFFFFFFFFFFFFFFFFFFFFFFFFFFFFFFFFFFFFFFFFFFFFFFFFFFFFFFFFFFFFFFFFFFFFFFFFFF
310
FFFFFFFFFFFFFF7F00FF2D2D2DFFFFFFFFFFFFFFFFFF2D2D2DFFFFFFFFFFFFFFFFFFFFFFFFFFFFFFFFFFFFFFFFFFFFFFFFFFFFFFFFFFFFFFFFFFFFFFFFFFFFFFFFFFFFFFFFFFFFFFFFFFFFFFFFFFFFFFFFFFFFFFFFFFFFFFFFFFFFFFFFFFFFFFFFFFFFFFFFFFFFFFFFFFFFFFFFFFFFFFFFFFFFFFFFFFFFFFFFFFFFFFFFFFFF
310
FFFFFFFFFFFFFFFF7F00FF2D2D2DFFFFFFFFFFFFFFFFFF2D2D2DFFFFFFFFFFFFFFFFFFFFFFFFFFFFFFFFFFFFFFFFFFFFFFFFFFFFFFFFFFFFFFFFFFFFFFFFFFFFFFFFFFFFFFFFFFFFFFFFFFFFFFFFFFFFFFFFFFFFFFFFFFFFFFFFFFFFFFFFFFFFFFFFFFFFFFFFFFFFFFFFFFFFFFFFFFFFFFFFFFFFFFFFFFFFFFFFFFFFFFFFFF
310
FFFFFFFFFFFFFFFFFF7F00FF2D2D2DFFFFFFFFFFFFFFFFFF2D2D2DFFFFFFFFFFFFFFFFFFFFFFFFFFFFFFFFFFFFFFFFFFFFFFFFFFFFFFFFFFFFFFFFFFFFFFFFFFFFFFFFFFFFFFFFFFFFFFFFFFFFFFFFFFFFFFFFFFFFFFFFFFFFFFFFFFFFFFFFFFFFFFFFFFFFFFFFFFFFFFFFFFFFFFFFFFFFFFFFFFFFFFFFFFFFFFFFFFFFFFFF
310
FFFFFFFFFFFFFFFFFFFF7F00FF2D2D2DFFFFFFFFFFFFFFFFFF2D2D2DFFFFFFFFFFFFFFFFFFFFFFFFFFFFFFFFFFFFFFFFFFFFFFFFFFFFFFFFFFFFFFFFFFFFFFFFFFFFFFFFFFFFFFFFFFFFFFFFFFFFFFFFFFFFFFFFFFFFFFFFFFFFFFFFFFFFFFFFFFFFFFFFFFFFFFFFFFFFFFFFFFFFFFFFFFFFFFFFFFFFFFFFFFFFFFFFFFFFFF
310
FFFFFFFFFFFFFFFFFFFFFF7F00FF2D2D2DFFFFFFFFFFFFFFFFFF2D2D2DFFFFFFFFFFFFFFFFFFFFFFFFFFFFFFFFFFFFFFFFFFFFFFFFFFFFFFFFFFFFFFFFFFFFFFFFFFFFFFFFFFFFFFFFFFFFFFFFFFFFFFFFFFFFFFFFFFFFFFFFFFFFFFFFFFFFFFFFFFFFFFFFFFFFFFFFFFFFFFFFFFFFFFFFFFFFFFFFFFFFFFFFFFFFFFFFFFFF
310
FFFFFFFFFFFFFFFFFFFFFFFF7F00FF3F7F6FFF3F7F6FFF3F7F6FFF3F7F6FFFFFFFFFFFFFFFFFFFFFFFFFFFFFFFFFFFFFFFFFFFFFFFFFFFFFFFFFFFFFFFFFFFFFFFFFFFFFFFFFFFFFFFFFFFFFFFFFFFFFFFFFFFFFFFFFFFFFFFFFFFFFFFFFFF000000FF000000FF000000FF000000FF000000FF000000FF000000FF000000FF
310
000000FF000000FF000000FF2D2D2DFF2D2D2DFF2D2D2DFF2D2D2DFF2D2D2DFFFFFFFFFFFFFFFFFFFFFFFFFFFFFFFFFFFFFFFFFFFFFFFFFFFFFFFFFFFFFFFFFFFFFFFFFFFFFFFFFFFFFFFFFFFFFFFFFFFFFFFFFFFFFFFFFFFFFFFFFFFFFFFFFF000000FFFFFFFFFFFFFFFFFFFFFFFFFFFFFFFFFFFFFFFFFFFFFFFFFFFFFFFF
310
FFFFFFFFFFFFFFFFFF000000FF2D2D2DFF2D2D2DFF2D2D2DFF2D2D2DFF2D2D2DFFFFFFFFFFFFFFFFFFFFFFFFFFFFFFFFFFFFFFFFFFFFFFFFFFFFFFFFFFFFFFFFFFFFFFFFFFFFFFFFFFFFFFFFFFFFFFFFFFFFFFFFFFFFFFFFFFFFFFFFFFFFFFFFFF000000FFFFFFFFFFFFFFFFFFFFFFFFFFFFFFFFFFFFFFFFFFFFFFFFFFFFFF
310
FFFFFFFFFFFFFFFFFFFF000000FFFF7F00FF7F3F00FF7F3F00FF7F3F00FF2D2D2DFFFFFFFFFFFFFFFFFFFFFFFFFFFFFFFFFFFFFFFFFFFFFFFFFFFFFFFFFFFFFFFFFF91A552FF91A552FF91A552FF91A552FF91A552FF91A552FF91A552FF91A552FF000000FF91A552FF91A552FF91A552FF91A552FF91A552FF91A552FF91
310
A552FF91A552FF91A552FF000000FF000000FF000000FF7F3F00FF7F3F00FF607B56FF607B56FF91A552FFFFFFFFFFFFFFFFFFFFFFFFFFFFFFFFFFFFFFFFFFFFFFFFFFFFFFFFFFFFFFFFFFFFFFFFFFFFFFFFFFFFFFFFFFFFFFFFFFFFFFFFFFFFFFFFFF000000FFFFFFFFFFFFFFFFFFFFFFFFFFFFFFFFFFFFFFFFFFFFFFFFFF
310
FFFFFFFFFFFFFFFFFFFFFFFF000000FF000000FF000000FF7F3F00FF7F3F00FF607B56FFFFFFFFFFFFFFFFFFFFFFFFFFFFFFFFFFFFFFFFFFFFFFFFFFFFFFFFFFFFFFFFFFFFFFFFFFFFFFFFFFFFFFFFFFFFFFFFFFFFFFFFFFFFFFFFFFFFFFFFFFFFFFFFFF000000FFFFFFFFFFFFFFFFFFFFFFFFFFFFFFFFFFFFFFFFFFFFFFFF
310
FFFFFFFFFFFFFFFFFFFFFFFFFF000000FF2D2D2DFF2D2D2DFF7F3F00FF7F3F00FFFF7F00FFFFFFFFFFFFFFFFFFFFFFFFFFFFFFFFFFFFFFFFFFFFFFFFFFFFFFFFFFFFFFFFFFFFFFFFFFFFFFFFFFFFFFFFFFFFFFFFFFFFFFFFFFFFFFFFFFFFFFFFFFFFFFFFFF000000FF000000FF000000FF000000FF000000FF000000FF0000
310
00FF000000FF000000FF000000FF000000FF2D2D2DFF2D2D2DFF4C262FFF007CA5FFFF7F00FFFFFFFFFFFFFFFFFFFFFFFFFFFFFFFFFFFFFFFFFFFFFFFFFFFFFFFFFFFFFFFFFFFFFFFFFFFFFFFFFFFFFFFFFFFFFFFFFFFFFFFFFFFFFFFFFFFFFFFFFFFFFFFFFFFFFFFFFFFFFFFFFFFFFFFFFFFFFFFFFFFFFFFFFF4C262FFF4C
310
262FFF4C262FFF4C262FFF4C262FFF4C262FFF4C262FFF4C262FFF007CA5FF001F7FFFFF7F00FFFFFFFFFFFFFFFFFFFFFFFFFFFFFFFFFFFFFFFFFFFFFFFFFFFFFFFFFFFFFFFFFFFFFFFFFFFFFFFFFFFFFFFFFFFFFFFFFFFFFFFFFFFFFFFFFFFFFFFFFFFFFFFFFFFFFFFFFFFFFFFFFFFFFFFFFFFFFFFFFFFFFFFFFF007CA5FF
310
007CA5FF007CA5FF007CA5FF007CA5FF007CA5FFFFFFFFFFFFFFFFFFFFFFFFFFFFFFFFFFFF7F00FFFFFFFFFFFFFFFFFFFFFFFFFFFFFFFFFFFFFFFFFFFFFFFFFFFFFFFFFFFFFFFFFFFFFFFFFFFFFFFFFFFFFFFFFFFFFFFFFFFFFFFFFFFFFFFFFFFFFFFFFFFFFFFFFFFFFFFFFFFFFFFFFFFFFFFFFFFFFFFFFFFFFFFFFF007CA5
310
FFFFFFFFFFFFFFFFFFFFFFFFFF001F7FFF007CA5FF007CA5FF007CA5FF007CA5FF007CA5FF5B5B5BFFFFFFFFFFFFFFFFFFFFFFFFFFFFFFFFFFFFFFFFFFFFFFFFFFFFFFFFFFFFFFFFFFFFFFFFFFFFFFFFFFFFFFFFFFFFFFFFFFFFFFFFFFFFFFFFFFFFFFFFFFFFFFFFFFFFFFFFFFFFFFFFFFFFFFFFFFFFFFFFFFFFFFFFFF007C
310
A5FF007CA5FFFFFFFFFF007CA5FF007CA5FF007CA5FF007CA5FF007CA5FF4C262FFF4C262FFF5B5B5BFFFFFFFFFFFFFFFFFFFFFFFFFFFFFFFFFFFFFFFFFFFFFFFFFFFFFFFFFFFFFFFFFFFFFFFFFFFFFFFFFFFFFFFFFFFFFFFFFFFFFFFFFFFFFFFFFFFFFFFFFFFFFFFFFFFFFFFFFFFFFFFFFFFFFFFFFFFFFFFFFFFFFFFFFF00
310
7CA5FF4C262FFF4C262FFF4C262FFF4C262FFF4C262FFF007CA5FF007CA5FF4C262FFF4C262FFF5B5B5BFFFFFFFFFFFFFFFFFFFFFFFFFFFFFFFFFFFFFFFFFFFFFFFFFFFFFFFFFFFFFFFFFFFFFFFFFFFFFFFFFFFFFFFFFFFFFFFFFFFFFFFFFFFFFFFFFFFFFFFFFFFFFFFFFFFFFFFFFFFFFFFFFFFFFFFFFFFFFFFFFFFFFFFFFF
310
007CA5FF4C262FFF4C262FFF4C262FFF4C262FFF4C262FFF007CA5FF3F7F6FFF3F7F6FFF007CA5FF3F7F6FFFFFFFFFFFFFFFFFFFFFFFFFFFFFFFFFFFFFFFFFFFFFFFFFFFFFFFFFFFFFFFFFFFFFFFFFFFFFFFFFFFFFFFFFFFFFFFFFFFFFFFFFFFFFFFFFFFFFFFFFFFFFFFFFFFFFFFFFFFFFFFFFFFFFFFFFFFFFFFFFFFFFFFFF
310
FF007CA5FF4C262FFF4C262FFF4C262FFF4C262FFF4C262FFF007CA5FF3F7F6FFF3F7F6FFF3F7F6FFF3F7F6FFFFFFFFFFFFFFFFFFFFFFFFFFFFFFFFFFFFFFFFFFFFFFFFFFFFFFFFFFFFFFFFFFFFFFFFFFFFFFFFFFFFFFFFFFFFFFFFFFFFFFFFFFFFFFFFFFFFFFFFFFFFFFFFFFFFFFFFFFFFFFFFFFFFFFFFFFFFFFFFFFFFFFF
310
FFFF007CA5FF007CA5FFFFFFFFFFFFFFFFFFFFFFFFFFFFFFFFFF007CA5FF2D2D2DFFFFFFFFFFFFFFFFFFFF7F00FFFFFFFFFFFFFFFFFFFFFFFFFFFFFFFFFFFFFFFFFFFFFFFFFFFFFFFFFFFFFFFFFFFFFFFFFFFFFFFFFFFFFFFFFFFFFFFFFFFFFFFFFFFFFFFFFFFFFFFFFFFFFFFFFFFFFFFFFFFFFFFFFFFFFFFFFFFFFFFFFFFF
310
FFFFFF007CA5FF007CA5FFFFFFFFFFFFFFFFFFFFFFFFFFFFFFFFFF007CA5FF2D2D2DFFFFFFFFFFFFFFFFFFFF7F00FFFFFFFFFFFFFFFFFFFFFFFFFFFFFFFFFFFFFFFFFFFFFFFFFFFFFFFFFFFFFFFFFFFFFFFFFFFFFFFFFFFFFFFFFFFFFFFFFFFFFFFFFFFFFFFFFFFFFFFFFFFFFFFFFFFFFFFFFFFFFFFFFFFFFFFFFFFFFFFFFF
310
FFFFFFFF007CA5FF007CA5FFFFFFFFFFFFFFFFFFFFFFFFFFFFFFFFFF007CA5FF2D2D2DFFFFFFFFFFFFFFFFFFFF7F00FFFFFFFFFFFFFFFFFFFFFFFFFFFFFFFFFFFFFFFFFFFFFFFFFFFFFFFFFFFFFFFFFFFFFFFFFFFFFFFFFFFFFFFFFFFFFFFFFFFFFFFFFFFFFFFFFFFFFFFFFFFFFFFFFFFFFFFFFFFFFFFFFFFFFFFFFFFFFFFF
310
FFFFFFFFFF007CA5FF007CA5FFFFFFFFFFFFFFFFFFFFFFFFFFFFFFFFFF007CA5FF2D2D2DFFFFFFFFFFFFFFFFFFFF7F00FFFFFFFFFFFFFFFFFFFFFFFFFFFFFFFFFFFFFFFFFFFFFFFFFFFFFFFFFFFFFFFFFFFFFFFFFFFFFFFFFFFFFFFFFFFFFFFFFFFFFFFFFFFFFFFFFFFFFFFFFFFFFFFFFFFFFFFFFFFFFFFFFFFFFFFFFFFFFF
310
FFFFFFFFFFFF007CA5FF007CA5FFFFFFFFFFFFFFFFFFFFFFFFFFFFFFFFFF007CA5FF2D2D2DFFFFFFFFFFFFFFFFFFFF7F00FFFFFFFFFFFFFFFFFFFFFFFFFFFFFFFFFFFFFFFFFFFFFFFFFFFFFFFFFFFFFFFFFFFFFFFFFFFFFFFFFFFFFFFFFFFFFFFFFFFFFFFFFFFFFFFFFFFFFFFFFFFFFFFFFFFFFFFFFFFFFFFFFFFFFFFFFFFF
310
FFFFFFFFFFFFFF007CA5FF007CA5FFFFFFFFFFFFFFFFFFFFFFFFFFFFFFFFFF007CA5FF2D2D2DFFFFFFFFFFFFFFFFFFFF7F00FFFFFFFFFFFFFFFFFFFFFFFFFFFFFFFFFFFFFFFFFFFFFFFFFFFFFFFFFFFFFFFFFFFFFFFFFFFFFFFFFFFFFFFFFFFFFFFFFFFFFFFFFFFFFFFFFFFFFFFFFFFFFFFFFFFFFFFFFFFFFFFFFFFFFFFFFF
310
FFFFFFFFFFFFFFFFFFFFFFFFFFFFFFFFFFFFFFFFFFFFFFFFFFFFFFFFFFFFFFFFFFFFFFFFFFFFFFFFFFFFFFFFFFFFFFFFFFFFFFFFFFFFFFFFFFFFFFFFFFFFFFFFFFFFFFFFFFFFFFFF
102
{BLKREFS
331
72
102
}
 70
     4
280
     1
281
     0
  0
ENDTAB
  0
ENDSEC
  0
SECTION
  2
BLOCKS
  0
BLOCK
  5
5
330
2
100
AcDbEntity
  8
0
100
AcDbBlockBegin
  2
*Model_Space
 70
     0
 10
0.0
 20
0.0
 30
0.0
  3
*Model_Space
  1

  0
ENDBLK
  5
15
330
2
100
AcDbEntity
  8
0
100
AcDbBlockEnd
  0
BLOCK
  5
1B
330
1A
100
AcDbEntity
 67
     1
  8
0
100
AcDbBlockBegin
  2
*Paper_Space
 70
     0
 10
0.0
 20
0.0
 30
0.0
  3
*Paper_Space
  1

  0
ENDBLK
  5
1C
330
1A
100
AcDbEntity
 67
     1
  8
0
100
AcDbBlockEnd
  0
BLOCK
  5
3E
330
3B
100
AcDbEntity
  8
0
100
AcDbBlockBegin
  2
_OBLIQUE
 70
     0
 10
0.0
 20
0.0
 30
0.0
  3
_OBLIQUE
  1

  0
LINE
  5
3F
330
3B
100
AcDbEntity
  8
0
  6
ByBlock
 62
     0
380
     1
100
AcDbLine
 10
-0.5
 20
-0.5
 30
0.0
 11
0.5
 21
0.5
 31
0.0
  0
ENDBLK
  5
40
330
3B
100
AcDbEntity
  8
0
100
AcDbBlockEnd
  0
BLOCK
  5
47
330
44
100
AcDbEntity
  8
0
100
AcDbBlockBegin
  2
_ArchTick
 70
     0
 10
0.0
 20
0.0
 30
0.0
  3
_ArchTick
  1

  0
LWPOLYLINE
  5
48
330
44
100
AcDbEntity
  8
0
 62
     0
100
AcDbPolyline
 90
        2
 70
     0
 43
0.15
 10
-0.5
 20
-0.5
 10
0.5
 20
0.5
  0
ENDBLK
  5
49
330
44
100
AcDbEntity
  8
0
100
AcDbBlockEnd
  0
BLOCK
  5
34
330
33
100
AcDbEntity
  8
0
100
AcDbBlockBegin
  2
huseyin1_ArchTick
 70
     0
 10
0.0
 20
0.0
 30
0.0
  3
huseyin1_ArchTick
  1

  0
LWPOLYLINE
  5
35
330
33
100
AcDbEntity
  8
0
  6
ByBlock
 62
     0
100
AcDbPolyline
 90
        2
 70
     0
 43
0.15
 10
-0.5
 20
-0.5
 10
0.5
 20
0.5
  0
ENDBLK
  5
36
330
33
100
AcDbEntity
  8
0
100
AcDbBlockEnd
  0
BLOCK
  5
11D
330
11C
100
AcDbEntity
  8
0
100
AcDbBlockBegin
  2
E50 T 04
 70
     0
 10
0.0
 20
0.0
 30
0.0
  3
E50 T 04
  1

  0
HATCH
  5
11E
330
11C
100
AcDbEntity
  8
PROFİL HATCH
100
AcDbHatch
 10
0.0
 20
0.0
 30
0.0
210
0.0
220
0.0
230
1.0
  2
SOLID
 70
     1
 71
     1
 91
        2
 92
       16
 93
       12
 72
     1
 10
938.6954602827032
 20
288.9818865462491
 11
913.995460282692
 21
288.9818865462491
 72
     1
 10
913.995460282692
 20
288.9818865462491
 11
890.4954602826919
 21
288.9818865462491
 72
     1
 10
890.4954602826919
 20
288.9818865462491
 11
861.0954602826689
 21
288.9818865462491
 72
     2
 10
861.0954602827272
 20
289.2818865462374
 40
0.2999999999883016
 50
90.00000001111686
 51
180.0000000111277
 73
     0
 72
     1
 10
860.7954602827387
 20
289.2818865462957
 11
860.7954602827387
 21
335.0818865462259
 72
     2
 10
861.0954602827272
 20
335.0818865462841
 40
0.2999999999882448
 50
179.9999999888723
 51
269.9999999888831
 73
     0
 72
     1
 10
861.0954602826689
 20
335.3818865462724
 11
890.4954602826919
 21
335.3818865462724
 72
     1
 10
890.4954602826919
 20
335.3818865462724
 11
913.995460282692
 21
335.3818865462724
 72
     1
 10
913.995460282692
 20
335.3818865462724
 11
938.6954602827032
 21
335.3818865462724
 72
     2
 10
938.6954602826742
 20
335.0818865462547
 40
0.3000000000176897
 50
270.000000005515
 51
360.000000005515
 73
     0
 72
     1
 10
938.995460282692
 20
335.0818865462259
 11
938.995460282692
 21
289.2818865462957
 72
     2
 10
938.6954602826742
 20
289.2818865462668
 40
0.3000000000176897
 50
359.999999994485
 51
449.999999994485
 73
     0
 97
        1
330
121
 92
        1
 93
      114
 72
     1
 10
851.6954602827038
 20
307.9818865462491
 11
851.9954602826921
 21
307.6818865462608
 72
     1
 10
851.9954602826921
 20
307.6818865462608
 11
858.495460282692
 21
307.6818865462608
 72
     2
 10
858.495460282692
 20
307.1818865462608
 40
0.5
 50
270.0
 51
360.0
 73
     0
 72
     1
 10
858.9954602826921
 20
307.1818865462608
 11
858.9954602826921
 21
302.7504768315755
 72
     1
 10
858.9954602826921
 20
302.7504768315755
 11
859.2954602827377
 21
302.4504768316453
 72
     1
 10
859.2954602827377
 20
302.4504768316453
 11
858.9954602826921
 21
302.1504768315988
 72
     1
 10
858.9954602826921
 20
302.1504768315988
 11
858.9954602826921
 21
297.6818865462608
 72
     2
 10
858.495460282692
 20
297.6818865462608
 40
0.5
 50
0.0000000000065138
 51
90.0
 73
     0
 72
     1
 10
858.495460282692
 20
297.1818865462608
 11
855.995460282692
 21
297.1818865462608
 72
     1
 10
855.995460282692
 20
297.1818865462608
 11
855.995460282692
 21
298.6818865462608
 72
     1
 10
855.995460282692
 20
298.6818865462608
 11
855.7954602827377
 21
298.6818865462608
 72
     2
 10
855.7954602827377
 20
297.6818865462608
 40
1.0
 50
90.0
 51
180.0
 73
     1
 72
     1
 10
854.7954602827378
 20
297.6818865462608
 11
854.7954602827378
 21
295.1818865462608
 72
     2
 10
855.7954602827381
 20
295.1818865462611
 40
1.00000000000034
 50
180.0000000000195
 51
269.9999999999804
 73
     1
 72
     1
 10
855.7954602827377
 20
294.1818865462608
 11
855.995460282692
 21
294.1818865462608
 72
     1
 10
855.995460282692
 20
294.1818865462608
 11
855.995460282692
 21
295.6818865462608
 72
     1
 10
855.995460282692
 20
295.6818865462608
 11
858.495460282692
 21
295.6818865462608
 72
     2
 10
858.495460282692
 20
295.1818865462608
 40
0.5
 50
270.0
 51
360.0
 73
     0
 72
     1
 10
858.9954602826921
 20
295.1818865462608
 11
858.9954602826921
 21
292.4818865462492
 72
     1
 10
858.9954602826921
 20
292.4818865462492
 11
859.2954602827377
 21
292.1818865462608
 72
     1
 10
859.2954602827377
 20
292.1818865462608
 11
858.9954602826921
 21
291.8818865462725
 72
     1
 10
858.9954602826921
 20
291.8818865462725
 11
858.9954602826921
 21
289.1818865462608
 72
     2
 10
858.495460282692
 20
289.1818865462608
 40
0.5
 50
360.0
 51
450.0
 73
     0
 72
     1
 10
858.495460282692
 20
288.6818865462608
 11
855.995460282692
 21
288.6818865462608
 72
     1
 10
855.995460282692
 20
288.6818865462608
 11
855.995460282692
 21
290.1818865462608
 72
     1
 10
855.995460282692
 20
290.1818865462608
 11
855.7954602827377
 21
290.1818865462608
 72
     2
 10
855.7954602827381
 20
289.1818865462605
 40
1.00000000000034
 50
90.00000000001952
 51
179.9999999999804
 73
     1
 72
     1
 10
854.7954602827378
 20
289.1818865462608
 11
854.7954602827378
 21
287.4818865462491
 72
     2
 10
855.0954602826974
 20
287.4818865462205
 40
0.2999999999597094
 50
179.9999999945284
 51
269.9999999945067
 73
     1
 72
     1
 10
855.0954602826688
 20
287.1818865462608
 11
940.4954602826919
 21
287.1818865462608
 72
     2
 10
940.4954602827206
 20
287.4818865462779
 40
0.3000000000171781
 50
269.9999999945283
 51
359.9999999944959
 73
     1
 72
     1
 10
940.7954602827381
 20
287.4818865462491
 11
940.7954602827381
 21
336.8818865462724
 72
     2
 10
940.4954602827206
 20
336.8818865462436
 40
0.3000000000172349
 50
0.0000000055041407
 51
90.00000000547155
 73
     1
 72
     1
 10
940.4954602826919
 20
337.1818865462608
 11
855.0954602826688
 21
337.1818865462608
 72
     2
 10
855.0954602826974
 20
336.8818865463012
 40
0.2999999999595388
 50
90.00000000544984
 51
180.0000000055041
 73
     1
 72
     1
 10
854.7954602827378
 20
336.8818865462724
 11
854.7954602827378
 21
335.1818865462608
 72
     2
 10
855.7954602827377
 20
335.1818865462608
 40
1.0
 50
180.0
 51
270.0
 73
     1
 72
     1
 10
855.7954602827377
 20
334.1818865462608
 11
855.995460282692
 21
334.1818865462608
 72
     1
 10
855.995460282692
 20
334.1818865462608
 11
855.995460282692
 21
335.6818865462608
 72
     1
 10
855.995460282692
 20
335.6818865462608
 11
858.495460282692
 21
335.6818865462608
 72
     2
 10
858.495460282692
 20
335.1818865462608
 40
0.5
 50
270.0
 51
360.0
 73
     0
 72
     1
 10
858.9954602826921
 20
335.1818865462608
 11
858.9954602826921
 21
332.4818865462491
 72
     1
 10
858.9954602826921
 20
332.4818865462491
 11
859.2954602827377
 21
332.1818865462608
 72
     1
 10
859.2954602827377
 20
332.1818865462608
 11
858.9954602826921
 21
331.8818865462724
 72
     1
 10
858.9954602826921
 20
331.8818865462724
 11
858.9954602826921
 21
329.1818865462608
 72
     2
 10
858.495460282692
 20
329.1818865462608
 40
0.5
 50
360.0
 51
450.0
 73
     0
 72
     1
 10
858.495460282692
 20
328.6818865462608
 11
855.995460282692
 21
328.6818865462608
 72
     1
 10
855.995460282692
 20
328.6818865462608
 11
855.995460282692
 21
330.1818865462608
 72
     1
 10
855.995460282692
 20
330.1818865462608
 11
855.7954602827377
 21
330.1818865462608
 72
     2
 10
855.7954602827381
 20
329.1818865462604
 40
1.00000000000034
 50
90.00000000001952
 51
179.9999999999804
 73
     1
 72
     1
 10
854.7954602827378
 20
329.1818865462608
 11
854.7954602827378
 21
326.6818865462608
 72
     2
 10
855.7954602827381
 20
326.681886546261
 40
1.000000000000227
 50
180.000000000013
 51
269.999999999987
 73
     1
 72
     1
 10
855.7954602827377
 20
325.6818865462608
 11
855.995460282692
 21
325.6818865462608
 72
     1
 10
855.995460282692
 20
325.6818865462608
 11
855.995460282692
 21
327.1818865462608
 72
     1
 10
855.995460282692
 20
327.1818865462608
 11
858.495460282692
 21
327.1818865462608
 72
     2
 10
858.495460282692
 20
326.6818865462608
 40
0.4999999999999433
 50
270.0
 51
360.0000000000065
 73
     0
 72
     1
 10
858.9954602826921
 20
326.6818865462608
 11
858.9954602826921
 21
322.2132962609228
 72
     1
 10
858.9954602826921
 20
322.2132962609228
 11
859.2954602827377
 21
321.9132962609344
 72
     1
 10
859.2954602827377
 20
321.9132962609344
 11
858.9954602826921
 21
321.6132962609463
 72
     1
 10
858.9954602826921
 20
321.6132962609463
 11
858.9954602826921
 21
317.1818865462608
 72
     2
 10
858.495460282692
 20
317.1818865462608
 40
0.5
 50
360.0
 51
450.0
 73
     0
 72
     1
 10
858.495460282692
 20
316.6818865462608
 11
851.9954602826921
 21
316.6818865462608
 72
     1
 10
851.9954602826921
 20
316.6818865462608
 11
851.6954602827038
 21
316.3818865462724
 72
     1
 10
851.6954602827038
 20
316.3818865462724
 11
851.3954602827146
 21
316.6818865462608
 72
     1
 10
851.3954602827146
 20
316.6818865462608
 11
846.1542955768461
 21
316.6818865462608
 72
     2
 10
846.1542955768315
 20
316.1818865462753
 40
0.4999999999855051
 50
89.99999999833248
 51
179.9999999983259
 73
     1
 72
     1
 10
845.654295576846
 20
316.1818865462899
 11
845.654295576846
 21
315.888993327482
 72
     2
 10
846.1542955768479
 20
315.888993327477
 40
0.5000000000019327
 50
179.9999999994268
 51
224.9999999994196
 73
     1
 72
     1
 10
845.8007421862497
 20
315.535439936886
 11
846.5078489674423
 21
314.8283331556938
 72
     2
 10
846.8614023580331
 20
315.1818865462912
 40
0.5000000000012501
 50
225.000000000502
 51
270.0000000005341
 73
     1
 72
     1
 10
846.8614023580379
 20
314.6818865462899
 11
847.654295576846
 21
314.6818865462899
 72
     1
 10
847.654295576846
 20
314.6818865462899
 11
847.654295576846
 21
314.9818865462783
 72
     2
 10
847.9542955768343
 20
314.9818865463366
 40
0.2999999999882448
 50
179.9999999888614
 51
269.9999999888614
 73
     0
 72
     1
 10
847.954295576776
 20
315.2818865463248
 11
849.7333637877911
 21
315.2818865462957
 72
     2
 10
849.7333637877913
 20
314.9818865462953
 40
0.3000000000003524
 50
269.9999999999566
 51
326.7666257153044
 73
     0
 72
     1
 10
849.9842973540276
 20
315.1463017078102
 11
850.6161955768481
 21
314.1818865462753
 72
     1
 10
850.6161955768481
 20
314.1818865462753
 11
851.0054602827171
 21
314.1818865462753
 72
     1
 10
851.0054602827171
 20
314.1818865462753
 11
851.295460282717
 21
314.6818865462754
 72
     1
 10
851.295460282717
 20
314.6818865462754
 11
851.585460282717
 21
314.1818865462753
 72
     1
 10
851.585460282717
 20
314.1818865462753
 11
852.805460282717
 21
314.1818865462753
 72
     1
 10
852.805460282717
 20
314.1818865462753
 11
853.095460282717
 21
314.6818865462754
 72
     1
 10
853.095460282717
 20
314.6818865462754
 11
853.3854602827169
 21
314.1818865462753
 72
     1
 10
853.3854602827169
 20
314.1818865462753
 11
854.6054602827169
 21
314.1818865462753
 72
     1
 10
854.6054602827169
 20
314.1818865462753
 11
854.8954602827167
 21
314.6818865462754
 72
     1
 10
854.8954602827167
 20
314.6818865462754
 11
855.1854602827166
 21
314.1818865462753
 72
     1
 10
855.1854602827166
 20
314.1818865462753
 11
856.405460282717
 21
314.1818865462753
 72
     1
 10
856.405460282717
 20
314.1818865462753
 11
856.6954602827166
 21
314.6818865462754
 72
     1
 10
856.6954602827166
 20
314.6818865462754
 11
856.985460282717
 21
314.1818865462753
 72
     1
 10
856.985460282717
 20
314.1818865462753
 11
857.790988169361
 21
314.1818865462753
 72
     1
 10
857.790988169361
 20
314.1818865462753
 11
858.9954602826921
 21
312.0956796496809
 72
     1
 10
858.9954602826921
 20
312.0956796496809
 11
857.595460282717
 21
309.6818865462753
 72
     1
 10
857.595460282717
 20
309.6818865462753
 11
857.305460282717
 21
310.1818865462754
 72
     1
 10
857.305460282717
 20
310.1818865462754
 11
856.085460282717
 21
310.1818865462754
 72
     1
 10
856.085460282717
 20
310.1818865462754
 11
855.795460282717
 21
309.6818865462753
 72
     1
 10
855.795460282717
 20
309.6818865462753
 11
855.5054602827171
 21
310.1818865462754
 72
     1
 10
855.5054602827171
 20
310.1818865462754
 11
854.2854602827171
 21
310.1818865462754
 72
     1
 10
854.2854602827171
 20
310.1818865462754
 11
853.9954602827171
 21
309.6818865462753
 72
     1
 10
853.9954602827171
 20
309.6818865462753
 11
853.7054602827161
 21
310.1818865462754
 72
     1
 10
853.7054602827161
 20
310.1818865462754
 11
852.4754602827169
 21
310.1818865462754
 72
     1
 10
852.4754602827169
 20
310.1818865462754
 11
852.1954602827166
 21
309.6818865462753
 72
     1
 10
852.1954602827166
 20
309.6818865462753
 11
851.905460282717
 21
310.1818865462754
 72
     1
 10
851.905460282717
 20
310.1818865462754
 11
850.6161955768481
 21
310.1818865462462
 72
     1
 10
850.6161955768481
 20
310.1818865462462
 11
849.8954602827147
 21
309.0818865462259
 72
     1
 10
849.8954602827147
 20
309.0818865462259
 11
847.954295576776
 21
309.081886546255
 72
     2
 10
847.9542955768343
 20
309.3818865462432
 40
0.2999999999882448
 50
90.00000001113855
 51
180.0000000111385
 73
     0
 72
     1
 10
847.654295576846
 20
309.3818865463015
 11
847.654295576846
 21
309.6818865462899
 72
     1
 10
847.654295576846
 20
309.6818865462899
 11
846.8614023580379
 21
309.6818865462899
 72
     2
 10
846.8614023580332
 20
309.1818865462885
 40
0.5000000000014211
 50
89.99999999947892
 51
134.9999999994887
 73
     1
 72
     1
 10
846.5078489674423
 20
309.535439936886
 11
845.8007421862497
 21
308.8283331556938
 72
     2
 10
846.1542955768475
 20
308.4747797651028
 40
0.5000000000017324
 50
135.0000000005665
 51
180.0000000005797
 73
     1
 72
     1
 10
845.654295576846
 20
308.4747797650978
 11
845.654295576846
 21
308.1818865462899
 72
     2
 10
846.1542955768461
 20
308.1818865462898
 40
0.5
 50
179.9999999999935
 51
270.0
 73
     1
 72
     1
 10
846.1542955768461
 20
307.6818865462899
 11
851.3954602827146
 21
307.6818865462608
 72
     1
 10
851.3954602827146
 20
307.6818865462608
 11
851.6954602827038
 21
307.9818865462491
 97
        1
330
120
 75
     0
 76
     1
 98
        1
 10
-89.44352121590464
 20
-1195.276824979345
450
        0
451
        0
460
0.0
461
0.0
452
        0
462
0.0
453
        0
470

1001
ACAD
1010
0.0
1020
0.0
1030
0.0
  0
LWPOLYLINE
  5
120
102
{ACAD_REACTORS
330
11E
102
}
330
11C
100
AcDbEntity
  8
profiller
 48
0.5
370
    -2
100
AcDbPolyline
 90
      114
 70
     1
 43
0.0
 10
851.6954602827038
 20
307.9818865462491
 10
851.9954602826921
 20
307.6818865462608
 10
858.495460282692
 20
307.6818865462608
 42
-0.4142135623730951
 10
858.9954602826921
 20
307.1818865462608
 10
858.9954602826921
 20
302.7504768315755
 10
859.2954602827377
 20
302.4504768316453
 10
858.9954602826921
 20
302.1504768315988
 10
858.9954602826921
 20
297.6818865462608
 42
-0.4142135623730508
 10
858.495460282692
 20
297.1818865462608
 10
855.995460282692
 20
297.1818865462608
 10
855.995460282692
 20
298.6818865462608
 10
855.7954602827377
 20
298.6818865462608
 42
0.4142135623730951
 10
854.7954602827378
 20
297.6818865462608
 10
854.7954602827378
 20
295.1818865462608
 42
0.4142135623728953
 10
855.7954602827377
 20
294.1818865462608
 10
855.995460282692
 20
294.1818865462608
 10
855.995460282692
 20
295.6818865462608
 10
858.495460282692
 20
295.6818865462608
 42
-0.4142135623730951
 10
858.9954602826921
 20
295.1818865462608
 10
858.9954602826921
 20
292.4818865462492
 10
859.2954602827377
 20
292.1818865462608
 10
858.9954602826921
 20
291.8818865462725
 10
858.9954602826921
 20
289.1818865462608
 42
-0.4142135623730951
 10
858.495460282692
 20
288.6818865462608
 10
855.995460282692
 20
288.6818865462608
 10
855.995460282692
 20
290.1818865462608
 10
855.7954602827377
 20
290.1818865462608
 42
0.4142135623728953
 10
854.7954602827378
 20
289.1818865462608
 10
854.7954602827378
 20
287.4818865462491
 42
0.4142135623729288
 10
855.0954602826688
 20
287.1818865462608
 10
940.4954602826919
 20
287.1818865462608
 42
0.4142135623729288
 10
940.7954602827381
 20
287.4818865462491
 10
940.7954602827381
 20
336.8818865462724
 42
0.4142135623729288
 10
940.4954602826919
 20
337.1818865462608
 10
855.0954602826688
 20
337.1818865462608
 42
0.4142135623732619
 10
854.7954602827378
 20
336.8818865462724
 10
854.7954602827378
 20
335.1818865462608
 42
0.4142135623730951
 10
855.7954602827377
 20
334.1818865462608
 10
855.995460282692
 20
334.1818865462608
 10
855.995460282692
 20
335.6818865462608
 10
858.495460282692
 20
335.6818865462608
 42
-0.4142135623730951
 10
858.9954602826921
 20
335.1818865462608
 10
858.9954602826921
 20
332.4818865462491
 10
859.2954602827377
 20
332.1818865462608
 10
858.9954602826921
 20
331.8818865462724
 10
858.9954602826921
 20
329.1818865462608
 42
-0.4142135623730951
 10
858.495460282692
 20
328.6818865462608
 10
855.995460282692
 20
328.6818865462608
 10
855.995460282692
 20
330.1818865462608
 10
855.7954602827377
 20
330.1818865462608
 42
0.4142135623728953
 10
854.7954602827378
 20
329.1818865462608
 10
854.7954602827378
 20
326.6818865462608
 42
0.4142135623729619
 10
855.7954602827377
 20
325.6818865462608
 10
855.995460282692
 20
325.6818865462608
 10
855.995460282692
 20
327.1818865462608
 10
858.495460282692
 20
327.1818865462608
 42
-0.4142135623731395
 10
858.9954602826921
 20
326.6818865462608
 10
858.9954602826921
 20
322.2132962609228
 10
859.2954602827377
 20
321.9132962609344
 10
858.9954602826921
 20
321.6132962609463
 10
858.9954602826921
 20
317.1818865462608
 42
-0.4142135623730951
 10
858.495460282692
 20
316.6818865462608
 10
851.9954602826921
 20
316.6818865462608
 10
851.6954602827038
 20
316.3818865462724
 10
851.3954602827146
 20
316.6818865462608
 10
846.1542955768461
 20
316.6818865462608
 42
0.4142135623730454
 10
845.654295576846
 20
316.1818865462899
 10
845.654295576846
 20
315.888993327482
 42
0.1989123673796328
 10
845.8007421862497
 20
315.535439936886
 10
846.5078489674423
 20
314.8283331556938
 42
0.1989123673798216
 10
846.8614023580379
 20
314.6818865462899
 10
847.654295576846
 20
314.6818865462899
 10
847.654295576846
 20
314.9818865462783
 42
-0.4142135623730951
 10
847.954295576776
 20
315.2818865463248
 10
849.7333637877911
 20
315.2818865462957
 42
-0.2528839598449247
 10
849.9842973540276
 20
315.1463017078102
 10
850.6161955768481
 20
314.1818865462753
 10
851.0054602827171
 20
314.1818865462753
 10
851.295460282717
 20
314.6818865462754
 10
851.585460282717
 20
314.1818865462753
 10
852.805460282717
 20
314.1818865462753
 10
853.095460282717
 20
314.6818865462754
 10
853.3854602827169
 20
314.1818865462753
 10
854.6054602827169
 20
314.1818865462753
 10
854.8954602827167
 20
314.6818865462754
 10
855.1854602827166
 20
314.1818865462753
 10
856.405460282717
 20
314.1818865462753
 10
856.6954602827166
 20
314.6818865462754
 10
856.985460282717
 20
314.1818865462753
 10
857.790988169361
 20
314.1818865462753
 10
858.9954602826921
 20
312.0956796496809
 10
857.595460282717
 20
309.6818865462753
 10
857.305460282717
 20
310.1818865462754
 10
856.085460282717
 20
310.1818865462754
 10
855.795460282717
 20
309.6818865462753
 10
855.5054602827171
 20
310.1818865462754
 10
854.2854602827171
 20
310.1818865462754
 10
853.9954602827171
 20
309.6818865462753
 10
853.7054602827161
 20
310.1818865462754
 10
852.4754602827169
 20
310.1818865462754
 10
852.1954602827166
 20
309.6818865462753
 10
851.905460282717
 20
310.1818865462754
 10
850.6161955768481
 20
310.1818865462462
 10
849.8954602827147
 20
309.0818865462259
 10
847.954295576776
 20
309.081886546255
 42
-0.4142135623730951
 10
847.654295576846
 20
309.3818865463015
 10
847.654295576846
 20
309.6818865462899
 10
846.8614023580379
 20
309.6818865462899
 42
0.198912367379725
 10
846.5078489674423
 20
309.535439936886
 10
845.8007421862497
 20
308.8283331556938
 42
0.1989123673797058
 10
845.654295576846
 20
308.4747797650978
 10
845.654295576846
 20
308.1818865462899
 42
0.4142135623731284
 10
846.1542955768461
 20
307.6818865462899
 10
851.3954602827146
 20
307.6818865462608
  0
LWPOLYLINE
  5
121
102
{ACAD_REACTORS
330
11E
102
}
330
11C
100
AcDbEntity
  8
profiller
 48
0.5
370
    -2
100
AcDbPolyline
 90
       12
 70
     1
 43
0.0
 10
938.6954602827032
 20
288.9818865462491
 10
913.995460282692
 20
288.9818865462491
 10
890.4954602826919
 20
288.9818865462491
 10
861.0954602826689
 20
288.9818865462491
 42
-0.4142135623730955
 10
860.7954602827387
 20
289.2818865462957
 10
860.7954602827387
 20
335.0818865462259
 42
-0.4142135623730896
 10
861.0954602826689
 20
335.3818865462724
 10
890.4954602826919
 20
335.3818865462724
 10
913.995460282692
 20
335.3818865462724
 10
938.6954602827032
 20
335.3818865462724
 42
-0.4142135623730953
 10
938.995460282692
 20
335.0818865462259
 10
938.995460282692
 20
289.2818865462957
 42
-0.4142135623730951
  0
ENDBLK
  5
122
330
11C
100
AcDbEntity
  8
0
100
AcDbBlockEnd
  0
BLOCK
  5
110
330
10D
100
AcDbEntity
  8
0
100
AcDbBlockBegin
  2
A$C6cdfd78d
 70
     0
 10
0.0
 20
0.0
 30
0.0
  3
A$C6cdfd78d
  1

  0
HATCH
  5
111
330
10D
100
AcDbEntity
  8
profiller
370
    -2
100
AcDbHatch
 10
0.0
 20
0.0
 30
0.0
210
0.0
220
0.0
230
1.0
  2
SOLID
 70
     1
 71
     1
 91
        1
 92
        1
 93
       58
 72
     2
 10
0.1621001166515725
 20
-2.784504648916481
 40
0.300006536170986
 50
90.00031085853974
 51
146.7659806249012
 73
     0
 72
     1
 10
-0.0888370655352446
 20
-2.948926217883126
 11
-0.7207357071351908
 21
-1.984511190983538
 72
     1
 10
-0.7207357071351908
 20
-1.984511190983538
 11
-0.7207357071351908
 21
-0.2845124490340822
 72
     1
 10
-0.7207357071351908
 20
-0.2845124490340822
 11
-1.020733334835312
 21
0.0154889039677073
 72
     1
 10
-1.020733334835312
 20
0.0154889039677073
 11
-0.7207357071351908
 21
0.3154902569676778
 72
     1
 10
-0.7207357071351908
 20
0.3154902569676778
 11
-0.7207357071351908
 21
2.015488998918954
 72
     1
 10
-0.7207357071351908
 20
2.015488998918954
 11
-0.0888370655352446
 21
2.979904025818541
 72
     2
 10
0.1621001166515725
 20
2.815482456851896
 40
0.300006536170986
 50
213.2340193750988
 51
269.9996891414603
 73
     0
 72
     1
 10
0.1620984889646024
 20
3.115488993018516
 11
1.941163025064724
 21
3.115488993018516
 72
     2
 10
1.941165581318273
 20
2.815486470974065
 40
0.3000025220553419
 50
269.9995117956386
 51
359.9995544058844
 73
     0
 72
     1
 10
2.241168103364543
 20
2.815488804119013
 11
2.241168103364543
 21
2.51548884801923
 72
     1
 10
2.241168103364543
 20
2.51548884801923
 11
3.034058890464621
 21
2.51548884801923
 72
     2
 10
3.034061482789866
 20
3.015479862317078
 40
0.4999910143054777
 50
269.99970293607
 51
315.0004492360403
 73
     1
 72
     1
 10
3.387611291564553
 20
2.661935597618139
 11
4.094723544264978
 21
3.369042262418587
 72
     2
 10
3.741161015541365
 20
3.722591733687294
 40
0.5000036903382003
 50
315.0010580177642
 51
360.0004424499188
 73
     1
 72
     1
 10
4.241164705864548
 20
3.722595594819721
 11
4.241164705864775
 21
4.015489093919312
 72
     2
 10
3.741168125098056
 20
4.015492129461563
 40
0.4999965807759342
 50
359.9996521501024
 51
450.0005079344107
 73
     1
 72
     1
 10
3.741163692564441
 20
4.51548871021805
 11
-2.030835736989502
 21
4.51548871021805
 72
     2
 10
-2.520732287265218
 20
4.015492127999094
 40
0.69999658013707
 50
314.4154226307879
 51
360.0002483440222
 73
     0
 72
     1
 10
-1.820735707134645
 20
4.015489093919312
 11
-1.820735707134871
 21
3.722595594819721
 72
     2
 10
-2.520739397198894
 20
3.722591733625448
 40
0.7000036900746717
 50
359.999683958615
 51
404.9993089650427
 73
     0
 72
     1
 10
-2.025756071286649
 20
3.227620347393893
 11
-2.732868323986394
 21
2.520513682593445
 72
     2
 10
-3.227838930187544
 20
3.015479862238862
 40
0.6999910142242497
 50
44.99974379883143
 51
90.0002121892558
 73
     0
 72
     1
 10
-3.227841522535071
 20
2.315488848018502
 11
-4.220732309635194
 21
2.315488848018502
 72
     1
 10
-4.220732309635194
 20
2.315488848018502
 11
-4.220732309635423
 21
2.815488804119013
 72
     2
 10
-4.320734831731897
 20
2.815486470926771
 40
0.1000025221236926
 50
0.0013367869673321
 51
90.00146455953787
 73
     1
 72
     1
 10
-4.320737387934968
 20
2.915488993017787
 11
-5.599801924035091
 21
2.915488993017787
 72
     2
 10
-5.599801924035091
 20
2.415488993017788
 40
0.5
 50
90.0
 51
180.0
 73
     1
 72
     1
 10
-6.099801924035091
 20
2.415488993017788
 11
-6.099801924034862
 21
1.615488848119639
 72
     2
 10
-5.599801924034637
 20
1.615488848119639
 40
0.5000000000002274
 50
180.0
 51
269.9999999998958
 73
     1
 72
     1
 10
-5.599801924035545
 20
1.115488848119639
 11
-4.320735707133962
 21
1.11548884811782
 72
     2
 10
-4.320735707135327
 20
0.1154888481178204
 40
1.0
 50
270.0000000000782
 51
360.0
 73
     0
 72
     1
 10
-3.320735707135326
 20
0.1154888481178204
 11
-3.320735707135098
 21
0.0154889039677073
 72
     1
 10
-3.320735707135098
 20
0.0154889039677073
 11
-3.320735707135326
 21
-0.0845110401842249
 72
     2
 10
-4.320735707135327
 20
-0.0845110401842249
 40
1.0
 50
360.0
 51
449.9999999999217
 73
     0
 72
     1
 10
-4.320735707133962
 20
-1.084511040184224
 11
-5.599801924035545
 21
-1.084511040186042
 72
     2
 10
-5.599801924034637
 20
-1.584511040186043
 40
0.5000000000002274
 50
90.0000000001042
 51
180.0
 73
     1
 72
     1
 10
-6.099801924034862
 20
-1.584511040186043
 11
-6.099801924035091
 21
-2.384511185084193
 72
     2
 10
-5.599801924035091
 20
-2.384511185084193
 40
0.5
 50
180.0
 51
270.0
 73
     1
 72
     1
 10
-5.599801924035091
 20
-2.884511185084193
 11
-4.320737387934968
 21
-2.884511185084193
 72
     2
 10
-4.320734831731897
 20
-2.784508662993174
 40
0.1000025221236926
 50
269.9985354404621
 51
359.9986632140748
 73
     1
 72
     1
 10
-4.220732309635423
 20
-2.784510996183597
 11
-4.220732309635194
 21
-2.284511040084908
 72
     1
 10
-4.220732309635194
 20
-2.284511040084908
 11
-3.227841522535071
 21
-2.284511040084908
 72
     2
 10
-3.227838930187544
 20
-2.984502054303447
 40
0.6999910142242497
 50
269.9997878107442
 51
315.0002562012606
 73
     0
 72
     1
 10
-2.732868323986622
 20
-2.489535874659849
 11
-2.025756071286649
 21
-3.196642539460298
 72
     2
 10
-2.520739397198894
 20
-3.691613925690035
 40
0.7000036900746717
 50
315.0006910350626
 51
360.000316041385
 73
     0
 72
     1
 10
-1.820735707134871
 20
-3.691617786884306
 11
-1.820735707134645
 21
-3.984511285983898
 72
     2
 10
-2.520732287265218
 20
-3.984514320063681
 40
0.69999658013707
 50
359.9997516559778
 51
405.5845773693163
 73
     0
 72
     1
 10
-2.030835736989502
 20
-4.484510902284455
 11
3.741163692564441
 21
-4.484510902284455
 72
     2
 10
3.741168125098056
 20
-3.984514321527966
 40
0.4999965807759342
 50
269.9994920655892
 51
360.0003478501061
 73
     1
 72
     1
 10
4.241164705864775
 20
-3.984511285983898
 11
4.241164705864548
 21
-3.691617786884306
 72
     2
 10
3.741161015541365
 20
-3.691613925751879
 40
0.5000036903382003
 50
359.9995575500811
 51
404.9989419822357
 73
     1
 72
     1
 10
4.094723544264978
 20
-3.338064454483173
 11
3.387611291564553
 21
-2.630957789684543
 72
     2
 10
3.034061482789866
 20
-2.984502054383483
 40
0.4999910143054777
 50
44.99955076395976
 51
90.00029706392998
 73
     1
 72
     1
 10
3.034058890464621
 20
-2.484511040083816
 11
2.241168103364543
 21
-2.484511040083816
 72
     1
 10
2.241168103364543
 20
-2.484511040083816
 11
2.241168103364543
 21
-2.784510996183597
 72
     2
 10
1.941165581318273
 20
-2.784508663038649
 40
0.3000025220553419
 50
0.0004455941157104
 51
90.00048820436138
 73
     0
 72
     1
 10
1.941163025064724
 20
-3.0845111850831
 11
0.1620984889646024
 21
-3.0845111850831
 97
        1
330
114
 75
     1
 76
     1
 98
        1
 10
1691.032399373012
 20
4735.324254743288
450
        0
451
        0
460
0.0
461
0.0
452
        0
462
0.0
453
        0
470

1001
GradientColor1ACI
1070
     5
1001
GradientColor2ACI
1070
     2
1001
ACAD
1010
0.0
1020
0.0
1030
0.0
  0
REGION
  5
114
102
{ACAD_REACTORS
330
111
102
}
330
10D
100
AcDbEntity
  8
profiller
370
    -2
100
AcDbModelerGeometry
290
     1
  2
{00DF93A0-5605-42FB-92F5-C1E132972DAE}
1001
ACAD_STEPID
1071
        1
  0
LWPOLYLINE
  5
116
330
10D
100
AcDbEntity
  8
KÖŞE TAKOZU
  6
DASHED2
 62
   253
 48
5.0
370
     5
100
AcDbPolyline
 90
        4
 70
     1
 43
0.0
 10
-94.99727133741542
 20
22.84500678116456
 10
-17.31186837863061
 20
22.84500678116456
 10
-17.31186837863061
 20
-23.05003203439992
 10
-94.99727133741542
 20
-23.05003203439992
  0
LWPOLYLINE
  5
119
330
10D
100
AcDbEntity
  8
0
370
    -2
100
AcDbPolyline
 90
        2
 70
     1
 43
0.321428571428565
 10
-3.163988743457593
 20
0.0536594587611035
 42
-1.0
 10
-2.771131600602529
 20
0.0536594587611035
 42
-1.0
  0
LINE
  5
11A
330
10D
100
AcDbEntity
  8
0
100
AcDbLine
 10
-13.08570795392734
 20
4.715489351190625
 30
0.0
 11
-13.08570795392734
 21
5.158549809595568
 31
0.0
  0
INSERT
  5
11B
330
10D
100
AcDbEntity
  8
profiller
370
    -2
100
AcDbBlockReference
  2
E50 T 04
 10
843.6335598697187
 20
-312.1663975925185
 30
0.0
 41
-1.0
  0
ENDBLK
  5
123
330
10D
100
AcDbEntity
  8
0
100
AcDbBlockEnd
  0
BLOCK
  5
74
330
73
100
AcDbEntity
  8
0
100
AcDbBlockBegin
  2
kanatlı alt yatay
 70
     0
 10
0.0
 20
0.0
 30
0.0
  3
kanatlı alt yatay
  1

  0
HATCH
  5
75
330
73
100
AcDbEntity
  8
ART_TARAMA
370
     5
100
AcDbHatch
 10
0.0
 20
0.0
 30
0.0
210
0.0
220
0.0
230
1.0
  2
ANSI31
 70
     0
 71
     1
 91
        4
 92
        1
 93
       55
 72
     1
 10
182.2059462442848
 20
16.04138610340305
 11
182.2059462442848
 21
16.89138610349619
 72
     1
 10
182.2059462442848
 20
16.89138610349619
 11
181.2059462442848
 21
16.89138610349619
 72
     2
 10
183.0171962444027
 20
14.74138610335649
 40
2.811250000182796
 50
130.1121894731541
 51
229.8878105268459
 73
     1
 72
     1
 10
181.2059462442848
 20
12.59138610321679
 11
182.2059462442848
 21
12.59138610321679
 72
     1
 10
182.2059462442848
 20
12.59138610321679
 11
182.2059462442848
 21
13.54138610340305
 72
     1
 10
182.2059462442848
 20
13.54138610340305
 11
189.7831169469136
 21
13.54138610340305
 72
     2
 10
189.7831169469136
 20
13.24138610312362
 40
0.3000000002794376
 50
270.0000000000054
 51
359.9999999999922
 73
     0
 72
     1
 10
190.083116947193
 20
13.24138610312366
 11
190.083116947193
 21
11.74138610312366
 72
     2
 10
189.6831169472862
 20
11.74138610312365
 40
0.3999999999068677
 50
359.9999999999992
 51
450.0
 73
     0
 72
     1
 10
189.6831169472862
 20
11.34138610321679
 11
184.4059462444711
 21
11.34138610321679
 72
     2
 10
184.4059462442383
 20
11.04138610317019
 40
0.3000000000465981
 50
89.99999995553805
 51
179.9999999555265
 73
     1
 72
     1
 10
184.1059462441917
 20
11.04138610340305
 11
184.1059462441917
 21
10.04138610340305
 72
     2
 10
184.4059462444711
 20
10.04138610340304
 40
0.3000000002793968
 50
179.9999999999983
 51
270.0
 73
     1
 72
     1
 10
184.4059462444711
 20
9.741386103123659
 11
191.1831169472861
 21
9.741386103123659
 72
     2
 10
191.1831169472861
 20
10.24138610312369
 40
0.5000000000000285
 50
270.0000000000033
 51
359.9999999999968
 73
     1
 72
     1
 10
191.6831169472862
 20
10.24138610312366
 11
191.6831169472862
 21
14.64138610303052
 72
     2
 10
191.1831169472861
 20
14.64138610303051
 40
0.5
 50
0.0000000000016284
 51
90.0
 73
     1
 72
     1
 10
191.1831169472861
 20
15.14138610303052
 11
185.9999473946954
 21
15.14138610303052
 72
     2
 10
185.9999473946954
 20
15.64138610303053
 40
0.5
 50
90.0
 51
180.0
 73
     0
 72
     1
 10
185.4999473946955
 20
15.64138610303053
 11
185.4999473946955
 21
18.94138610330992
 72
     2
 10
183.605946244285
 20
18.94138610309804
 40
1.894001150410474
 50
0.0000000064096299
 51
53.03895919208875
 73
     1
 72
     2
 10
184.8650101669409
 20
20.61458628735069
 40
0.1999999999991614
 50
126.9610408861872
 51
217.5252719788758
 73
     0
 72
     1
 10
184.706393216722
 20
20.73640854764381
 11
186.2348458515334
 21
22.72650867854827
 72
     2
 10
186.0146047082551
 20
22.93020904384809
 40
0.300000000026345
 50
317.2343561195272
 51
476.6073908299921
 73
     1
 72
     1
 10
185.8802423807647
 20
23.19843798517831
 11
183.8077732147503
 21
21.32417706414708
 72
     2
 10
183.4723982498994
 20
21.69501885377137
 40
0.4999999999805237
 50
47.87502884826188
 51
175.8200521826819
 73
     0
 72
     1
 10
182.9737282260175
 20
21.65857427581796
 11
182.0967454681959
 21
33.65830196128809
 72
     2
 10
183.0940855155943
 20
33.73119111734137
 40
0.9999999996074107
 50
175.8200521727875
 51
217.5252719135376
 73
     0
 72
     1
 10
182.3010007641132
 20
34.34030241766595
 11
186.2348458515334
 21
39.46230976298102
 72
     2
 10
186.0146047082551
 20
39.66601012828085
 40
0.3000000000263426
 50
317.2343561195277
 51
476.6073908299921
 73
     1
 72
     1
 10
185.8802423807647
 20
39.93423906961107
 11
181.7507683285366
 21
36.19970252425992
 72
     2
 10
181.0800183986541
 20
36.94138610305793
 40
0.9999999997480044
 50
47.87502882327193
 51
89.99999999146696
 73
     0
 72
     1
 10
181.080018398803
 20
35.94138610330992
 11
174.7999473949749
 21
35.94138610330992
 72
     2
 10
174.7999473949749
 20
35.44138610330991
 40
0.5000000000000142
 50
90.0
 51
179.9999999999984
 73
     1
 72
     1
 10
174.2999473949748
 20
35.44138610330993
 11
174.2999473949748
 21
33.34138610321679
 72
     2
 10
174.299947394975
 20
33.04138610317024
 40
0.3000000000465661
 50
269.9999999999783
 51
450.0000000000216
 73
     0
 72
     1
 10
174.2999473949748
 20
32.74138610312366
 11
172.3999473946023
 21
32.74138610312366
 72
     1
 10
172.3999473946023
 20
32.74138610312366
 11
172.3999473946023
 21
33.59138610321679
 72
     1
 10
172.3999473946023
 20
33.59138610321679
 11
171.3999473946023
 21
33.59138610321679
 72
     2
 10
173.2111973945238
 20
31.44138610330993
 40
2.81124999987816
 50
130.1121894731493
 51
229.8878105268506
 73
     1
 72
     1
 10
171.3999473946023
 20
29.29138610340306
 11
172.3999473946023
 21
29.29138610340306
 72
     1
 10
172.3999473946023
 20
29.29138610340306
 11
172.3999473946023
 21
30.14138610349619
 72
     1
 10
172.3999473946023
 20
30.14138610349619
 11
174.2999473949748
 21
30.14138610349619
 72
     2
 10
174.299947394975
 20
29.84138610344962
 40
0.3000000000465661
 50
269.9999999999783
 51
450.0000000000216
 73
     0
 72
     1
 10
174.2999473949748
 20
29.54138610340306
 11
174.2999473949748
 21
28.44138610330992
 72
     2
 10
174.7999473949749
 20
28.44138610330995
 40
0.5000000000000285
 50
180.0000000000032
 51
269.9999999999968
 73
     1
 72
     1
 10
174.7999473949749
 20
27.94138610330993
 11
179.5999473947886
 21
27.94138610330993
 72
     2
 10
179.5999473947885
 20
27.44138610330987
 40
0.5000000000000533
 50
270.0000000000065
 51
359.9999999999939
 73
     0
 72
     1
 10
180.0999473947886
 20
27.44138610330992
 11
180.0999473947886
 21
19.94138610330992
 72
     2
 10
180.5999473947886
 20
19.94138610330992
 40
0.5
 50
180.0
 51
270.0
 73
     1
 72
     1
 10
180.5999473947886
 20
19.44138610330992
 11
182.9059462444711
 21
19.44138610330992
 72
     2
 10
182.9059462442383
 20
18.24138610335648
 40
1.199999999953432
 50
270.0000000111168
 51
360.0000000111168
 73
     0
 72
     1
 10
184.1059462441917
 20
18.24138610312366
 11
184.1059462441917
 21
16.54138610340305
 72
     2
 10
183.6059462441917
 20
16.54138610340305
 40
0.5
 50
360.0
 51
450.0
 73
     0
 72
     1
 10
183.6059462441917
 20
16.04138610340305
 11
182.2059462442848
 21
16.04138610340305
 97
        1
330
7D
 92
       16
 93
        8
 72
     1
 10
176.3677612347383
 20
32.69138610330993
 11
176.3677612347383
 21
31.19138610330992
 72
     2
 10
176.8677612347383
 20
31.19138610330994
 40
0.5000000000000285
 50
180.000000000002
 51
269.9999999999968
 73
     1
 72
     1
 10
176.8677612347383
 20
30.69138610330993
 11
179.1153031070571
 21
30.69138610330993
 72
     2
 10
179.1153031070571
 20
31.19138610330986
 40
0.4999999999999325
 50
269.9999999999935
 51
360.0000000000077
 73
     1
 72
     1
 10
179.6153031070571
 20
31.19138610330992
 11
179.6153031070571
 21
32.69138610330993
 72
     2
 10
179.115303107057
 20
32.69138610330986
 40
0.5000000000000853
 50
0.0000000000089564
 51
89.99999999999024
 73
     1
 72
     1
 10
179.1153031070571
 20
33.19138610330993
 11
176.8677612347383
 21
33.19138610330993
 72
     2
 10
176.8677612347382
 20
32.69138610330994
 40
0.4999999999999858
 50
89.99999999999673
 51
180.0000000000016
 73
     1
 97
        1
330
7C
 92
       16
 93
        8
 72
     2
 10
181.7089885708739
 20
14.64138610326798
 40
0.4999999997717969
 50
89.99999997875532
 51
176.5148250677738
 73
     0
 72
     1
 10
181.2099132905568
 20
14.61099096635007
 11
181.2099132905568
 21
14.87178123989724
 72
     2
 10
181.7089885711484
 20
14.84138610318336
 40
0.5000000000334373
 50
183.4851749069767
 51
269.9999999897831
 73
     0
 72
     1
 10
181.7089885710593
 20
15.34138610321679
 11
183.6059462441917
 21
15.34138610321679
 72
     2
 10
183.605946244193
 20
14.84138610321807
 40
0.4999999999987194
 50
269.9999999998535
 51
360.0000000001468
 73
     0
 72
     1
 10
184.1059462441917
 20
14.84138610321679
 11
184.1059462441917
 21
14.64138610349619
 72
     2
 10
183.6059462441916
 20
14.64138610349631
 40
0.5000000000001137
 50
0.0000000000138418
 51
89.99999999998697
 73
     0
 72
     1
 10
183.6059462441917
 20
14.14138610349619
 11
181.7089885710593
 21
14.14138610349619
 97
        1
330
7B
 92
       16
 93
        8
 72
     2
 10
171.9029897214388
 20
31.54138610339843
 40
0.5000000000046258
 50
90.00000000710979
 51
176.5148250961288
 73
     1
 72
     1
 10
171.4039144408743
 20
31.57178124008352
 11
171.4039144408743
 21
31.31099096653634
 72
     2
 10
171.9029897214659
 20
31.34138610325022
 40
0.5000000000334373
 50
183.4851749069767
 51
269.9999999897831
 73
     1
 72
     1
 10
171.9029897213768
 20
30.84138610321679
 11
173.7999473949749
 21
30.84138610321679
 72
     2
 10
173.7999473949761
 20
31.34138610321552
 40
0.4999999999987212
 50
269.9999999998535
 51
360.0000000001466
 73
     1
 72
     1
 10
174.2999473949748
 20
31.34138610321679
 11
174.2999473949748
 21
31.54138610340306
 72
     2
 10
173.7999473949748
 20
31.54138610340293
 40
0.5000000000001137
 50
0.0000000000138418
 51
89.99999999998697
 73
     1
 72
     1
 10
173.7999473949749
 20
32.04138610340306
 11
171.9029897213768
 21
32.04138610340306
 97
        1
330
78
 75
     0
 76
     1
 52
-0.0000000000000127
 41
0.5
 77
     0
 78
     1
 53
44.99999999999999
 43
70085.06136771811
 44
-3192.699969312246
 45
-1.122532015133643
 46
1.122532015133643
 79
     0
 98
        1
 10
-50.88282991621236
 20
-1617.199773942906
1001
ACAD
1010
0.0
1020
0.0
1030
0.0
1001
ACDBBLOCKREPETAG
1070
     1
1071
        0
1005
0
  0
LWPOLYLINE
  5
78
102
{ACAD_REACTORS
330
75
102
}
330
73
100
AcDbEntity
  8
ART_FITIL
370
     5
100
AcDbPolyline
 90
        8
 70
     1
 43
0.0
 10
171.9029897213768
 20
32.04138610340306
 42
0.3965076820276188
 10
171.4039144408743
 20
31.57178124008352
 10
171.4039144408743
 20
31.31099096653634
 42
0.3965076819962588
 10
171.9029897213768
 20
30.84138610321679
 10
173.7999473949749
 20
30.84138610321679
 42
0.414213562374595
 10
174.2999473949748
 20
31.34138610321679
 10
174.2999473949748
 20
31.54138610340306
 42
0.4142135623729529
 10
173.7999473949749
 20
32.04138610340306
1001
ACDBBLOCKREPETAG
1070
     1
1071
        1
1005
0
  0
LWPOLYLINE
  5
7B
102
{ACAD_REACTORS
330
75
102
}
330
73
100
AcDbEntity
  8
ART_FITIL
370
     5
100
AcDbPolyline
 90
        8
 70
     1
 43
0.0
 10
181.7089885710593
 20
14.14138610349619
 42
-0.3965076820276188
 10
181.2099132905568
 20
14.61099096635007
 10
181.2099132905568
 20
14.87178123989724
 42
-0.3965076819962588
 10
181.7089885710593
 20
15.34138610321679
 10
183.6059462441917
 20
15.34138610321679
 42
-0.414213562374595
 10
184.1059462441917
 20
14.84138610321679
 10
184.1059462441917
 20
14.64138610349619
 42
-0.4142135623729529
 10
183.6059462441917
 20
14.14138610349619
1001
ACDBBLOCKREPETAG
1070
     1
1071
        2
1005
0
  0
LWPOLYLINE
  5
7C
102
{ACAD_REACTORS
330
75
102
}
330
73
100
AcDbEntity
  8
ART_FITIL
370
     5
100
AcDbPolyline
 90
        8
 70
     1
 43
0.0
 10
176.3677612347383
 20
32.69138610330993
 10
176.3677612347383
 20
31.19138610330992
 42
0.4142135623730745
 10
176.8677612347383
 20
30.69138610330993
 10
179.1153031070571
 20
30.69138610330993
 42
0.4142135623731726
 10
179.6153031070571
 20
31.19138610330992
 10
179.6153031070571
 20
32.69138610330993
 42
0.4142135623730043
 10
179.1153031070571
 20
33.19138610330993
 10
176.8677612347383
 20
33.19138610330993
 42
0.4142135623731156
1001
ACDBBLOCKREPETAG
1070
     1
1071
        3
1005
0
  0
LWPOLYLINE
  5
7D
102
{ACAD_REACTORS
330
75
102
}
330
73
100
AcDbEntity
  8
ART_FITIL
370
     5
100
AcDbPolyline
 90
       55
 70
     1
 43
0.0
 10
182.2059462442848
 20
16.04138610340305
 10
182.2059462442848
 20
16.89138610349619
 10
181.2059462442848
 20
16.89138610349619
 42
0.4651162790697347
 10
181.2059462442848
 20
12.59138610321679
 10
182.2059462442848
 20
12.59138610321679
 10
182.2059462442848
 20
13.54138610340305
 10
189.7831169469136
 20
13.54138610340305
 42
-0.4142135623730149
 10
190.083116947193
 20
13.24138610312366
 10
190.083116947193
 20
11.74138610312366
 42
-0.4142135623731036
 10
189.6831169472862
 20
11.34138610321679
 10
184.4059462444711
 20
11.34138610321679
 42
0.414213562373034
 10
184.1059462441917
 20
11.04138610340305
 10
184.1059462441917
 20
10.04138610340305
 42
0.4142135623731111
 10
184.4059462444711
 20
9.741386103123659
 10
191.1831169472861
 20
9.741386103123659
 42
0.4142135623730618
 10
191.6831169472862
 20
10.24138610312366
 10
191.6831169472862
 20
14.64138610303052
 42
0.4142135623730789
 10
191.1831169472861
 20
15.14138610303052
 10
185.9999473946954
 20
15.14138610303052
 42
-0.4142135623730951
 10
185.4999473946955
 20
15.64138610303053
 10
185.4999473946955
 20
18.94138610330992
 42
0.2356481674525391
 10
184.7447557989362
 20
20.45477737966576
 42
-0.4171008342483569
 10
184.706393216722
 20
20.73640854764381
 10
186.2348458515334
 20
22.72650867854827
 42
0.8344485036439428
 10
185.8802423807647
 20
23.19843798517831
 10
183.8077732147503
 20
21.32417706414708
 42
-0.6245358566076661
 10
182.9737282260175
 20
21.65857427581796
 10
182.0967454681959
 20
33.65830196128809
 42
-0.1840089573186501
 10
182.3010007641132
 20
34.34030241766595
 10
186.2348458515334
 20
39.46230976298102
 42
0.8344485036439428
 10
185.8802423807647
 20
39.93423906961107
 10
181.7507683285366
 20
36.19970252425992
 42
-0.1859031225874385
 10
181.080018398803
 20
35.94138610330992
 10
174.7999473949749
 20
35.94138610330992
 42
0.4142135623730784
 10
174.2999473949748
 20
35.44138610330993
 10
174.2999473949748
 20
33.34138610321679
 42
-1.000000000000377
 10
174.2999473949748
 20
32.74138610312366
 10
172.3999473946023
 20
32.74138610312366
 10
172.3999473946023
 20
33.59138610321679
 10
171.3999473946023
 20
33.59138610321679
 42
0.4651162790697818
 10
171.3999473946023
 20
29.29138610340306
 10
172.3999473946023
 20
29.29138610340306
 10
172.3999473946023
 20
30.14138610349619
 10
174.2999473949748
 20
30.14138610349619
 42
-1.000000000000379
 10
174.2999473949748
 20
29.54138610340306
 10
174.2999473949748
 20
28.44138610330992
 42
0.4142135623730617
 10
174.7999473949749
 20
27.94138610330993
 10
179.5999473947886
 20
27.94138610330993
 42
-0.4142135623730326
 10
180.0999473947886
 20
27.44138610330992
 10
180.0999473947886
 20
19.94138610330992
 42
0.4142135623730951
 10
180.5999473947886
 20
19.44138610330992
 10
182.9059462444711
 20
19.44138610330992
 42
-0.4142135623730951
 10
184.1059462441917
 20
18.24138610312366
 10
184.1059462441917
 20
16.54138610340305
 42
-0.4142135623730951
 10
183.6059462441917
 20
16.04138610340305
1001
ACDBBLOCKREPETAG
1070
     1
1071
        4
1005
0
  0
HATCH
  5
7E
330
73
100
AcDbEntity
  8
ART_TARAMA
370
    -2
100
AcDbHatch
 10
0.0
 20
0.0
 30
0.0
210
0.0
220
0.0
230
1.0
  2
ANSI37
 70
     0
 71
     1
 91
        2
 92
        1
 93
       29
 72
     1
 10
138.6553273764293
 20
41.09138610321679
 11
137.7553273765224
 21
41.09138610321679
 72
     1
 10
137.7553273765224
 20
41.09138610321679
 11
137.7553273765224
 21
41.94138610330992
 72
     1
 10
137.7553273765224
 20
41.94138610330992
 11
136.7553273765224
 21
41.94138610330992
 72
     2
 10
138.5665773764438
 20
39.79138610340307
 40
2.811249999878106
 50
130.112189473148
 51
229.887810526852
 73
     1
 72
     1
 10
136.7553273765224
 20
37.64138610349619
 11
137.7553273765224
 21
37.64138610349619
 72
     1
 10
137.7553273765224
 20
37.64138610349619
 11
137.7553273765224
 21
38.49138610312365
 72
     1
 10
137.7553273765224
 20
38.49138610312365
 11
138.6553273764293
 21
38.49138610312365
 72
     2
 10
138.6553273764295
 20
37.49138610312389
 40
0.9999999999997726
 50
269.999999999987
 51
360.000000000013
 73
     0
 72
     1
 10
139.6553273764293
 20
37.49138610312365
 11
139.6553273764293
 21
37.14138610349619
 72
     2
 10
140.6553273764293
 20
37.14138610349619
 40
1.0
 50
180.0
 51
270.0
 73
     1
 72
     1
 10
140.6553273764293
 20
36.14138610349619
 11
144.1551531739387
 21
36.14138610349619
 72
     2
 10
144.1551531739388
 20
36.64138610349612
 40
0.499999999999929
 50
269.9999999999935
 51
360.0000000000081
 73
     1
 72
     1
 10
144.6551531739387
 20
36.64138610349619
 11
144.6551531739387
 21
40.14138610349617
 72
     2
 10
144.1551531739387
 20
40.14138610349617
 40
0.5
 50
0.0
 51
90.0
 73
     1
 72
     1
 10
144.1551531739387
 20
40.64138610349618
 11
143.6553018260601
 21
40.64138610349618
 72
     2
 10
143.6553018260601
 20
41.14138610349619
 40
0.5
 50
90.0
 51
180.0
 73
     0
 72
     1
 10
143.1553018260601
 20
41.14138610349619
 11
143.1553018260601
 21
44.40933529581524
 72
     2
 10
142.1553018262131
 20
44.40933529572675
 40
0.9999999998470343
 50
0.0000000050701604
 51
60.00000000506016
 73
     1
 72
     2
 10
143.1553018260774
 20
46.14138610336114
 40
1.000000000141817
 50
119.9999999964482
 51
272.7148475911223
 73
     0
 72
     2
 10
143.2696611801308
 20
45.14138610321729
 40
2.000000000291886
 50
268.080402653352
 51
329.9999999956025
 73
     0
 72
     1
 10
145.0017119878757
 20
46.14138610349619
 11
146.9385073161538
 21
42.78675819063209
 72
     2
 10
147.1983149372828
 20
42.93675819053938
 40
0.2999999999481385
 50
209.999999985274
 51
299.9999999851548
 73
     1
 72
     1
 10
147.3483149371896
 20
42.6769505694101
 11
147.8679301794473
 21
42.97695056922385
 72
     2
 10
147.7179301795409
 20
43.23675819035256
 40
0.2999999999474338
 50
299.9999999851386
 51
389.9999999852894
 73
     1
 72
     1
 10
147.9777378006692
 20
43.38675819025957
 11
145.5213272301334
 21
47.64138610349617
 72
     2
 10
142.9232510185836
 20
46.14138610315579
 40
3.000000000340373
 50
30.00000000375342
 51
90.00000000390395
 73
     1
 72
     1
 10
142.9232510183792
 20
49.14138610349619
 11
139.6553273764293
 21
49.14138610349619
 72
     1
 10
139.6553273764293
 20
49.14138610349619
 11
139.6553273764293
 21
42.09138610321679
 72
     2
 10
138.6553273764295
 20
42.09138610321656
 40
0.9999999999997726
 50
359.999999999987
 51
450.0000000000129
 73
     0
 97
        1
330
8F
 92
       16
 93
        8
 72
     2
 10
137.2583697028933
 20
39.89138610349156
 40
0.5000000000046258
 50
90.00000000710979
 51
176.5148250961288
 73
     1
 72
     1
 10
136.7592944223288
 20
39.92178124017664
 11
136.7592944223288
 21
39.66099096662947
 72
     2
 10
137.2583697029204
 20
39.69138610334336
 40
0.5000000000334372
 50
183.4851749069763
 51
269.9999999897831
 73
     1
 72
     1
 10
137.2583697028312
 20
39.19138610330993
 11
139.1553273764293
 21
39.19138610330993
 72
     2
 10
139.1553273764306
 20
39.69138610330865
 40
0.4999999999987212
 50
269.9999999998535
 51
360.0000000001466
 73
     1
 72
     1
 10
139.6553273764293
 20
39.69138610330992
 11
139.6553273764293
 21
39.89138610349619
 72
     2
 10
139.1553273764292
 20
39.89138610349607
 40
0.5000000000001137
 50
0.0000000000138418
 51
89.99999999998697
 73
     1
 72
     1
 10
139.1553273764293
 20
40.39138610349619
 11
137.2583697028312
 21
40.39138610349619
 97
        1
330
90
 75
     0
 76
     1
 52
89.99999999999998
 41
0.5
 77
     0
 78
     2
 53
135.0
 43
71868.15317728412
 44
-7911.984518571578
 45
-1.122532015133643
 46
-1.122532015133643
 79
     0
 53
225.0
 43
71868.15317728412
 44
-7911.984518571578
 45
1.122532015133643
 46
-1.122532015133643
 79
     0
 98
        1
 10
189846.4076953256
 20
147252.7789100555
1001
ACAD
1010
0.0
1020
0.0
1030
0.0
1001
ACDBBLOCKREPETAG
1070
     1
1071
        5
1005
0
  0
LINE
  5
7F
330
73
100
AcDbEntity
  8
ART_CAM
370
    -2
100
AcDbLine
 10
165.7999473949749
 20
72.92300200244063
 30
0.0
 11
165.7999473949749
 21
128.6158980822947
 31
0.0
1001
ACDBBLOCKREPETAG
1070
     1
1071
        6
1005
0
  0
LINE
  5
82
330
73
100
AcDbEntity
  8
ART_TARAMA
370
    -2
100
AcDbLine
 10
164.7999473949749
 20
72.92300200244063
 30
0.0
 11
164.7999473949749
 21
128.6158980822947
 31
0.0
1001
ACDBBLOCKREPETAG
1070
     1
1071
        7
1005
0
  0
LINE
  5
83
330
73
100
AcDbEntity
  8
ART_TARAMA
370
    -2
100
AcDbLine
 10
163.7999473949748
 20
72.92300200244063
 30
0.0
 11
163.7999473949748
 21
128.6158980822947
 31
0.0
1001
ACDBBLOCKREPETAG
1070
     1
1071
        8
1005
0
  0
LINE
  5
84
330
73
100
AcDbEntity
  8
ART_TARAMA
370
    -2
100
AcDbLine
 10
162.7999473949748
 20
72.92300200244063
 30
0.0
 11
162.7999473954405
 21
128.6158980822947
 31
0.0
1001
ACDBBLOCKREPETAG
1070
     1
1071
        9
1005
0
  0
LINE
  5
85
330
73
100
AcDbEntity
  8
ART_TARAMA
370
    -2
100
AcDbLine
 10
161.7999473949748
 20
72.92300200244063
 30
0.0
 11
161.7999473949748
 21
128.6158980822947
 31
0.0
1001
ACDBBLOCKREPETAG
1070
     1
1071
       10
1005
0
  0
LINE
  5
86
330
73
100
AcDbEntity
  8
ART_TARAMA
370
    -2
100
AcDbLine
 10
160.7999473949749
 20
72.92300200244063
 30
0.0
 11
160.7999473954405
 21
128.6158980822947
 31
0.0
1001
ACDBBLOCKREPETAG
1070
     1
1071
       11
1005
0
  0
LINE
  5
87
330
73
100
AcDbEntity
  8
ART_CAM
370
    -2
100
AcDbLine
 10
159.7999473949748
 20
72.92300200244063
 30
0.0
 11
159.7999473945092
 21
128.6158980822947
 31
0.0
1001
ACDBBLOCKREPETAG
1070
     1
1071
       12
1005
0
  0
LINE
  5
88
330
73
100
AcDbEntity
  8
ART_CAM
370
    -2
100
AcDbLine
 10
159.7999473949748
 20
72.92300200244063
 30
0.0
 11
165.7999473949749
 21
72.92300200244063
 31
0.0
1001
ACDBBLOCKREPETAG
1070
     1
1071
       13
1005
0
  0
LINE
  5
89
330
73
100
AcDbEntity
  8
silikon
370
    -2
100
AcDbLine
 10
185.7999473949749
 20
72.92300200244063
 30
0.0
 11
179.7999473949749
 21
72.92300200244063
 31
0.0
1001
ACDBBLOCKREPETAG
1070
     1
1071
       14
1005
0
  0
LINE
  5
8C
330
73
100
AcDbEntity
  8
ART_SILIKON
370
    -2
100
AcDbLine
 10
179.7999473949749
 20
65.87430028352537
 30
0.0
 11
185.7999473949749
 21
65.87430028352537
 31
0.0
1001
ACDBBLOCKREPETAG
1070
     1
1071
       15
1005
0
  0
LWPOLYLINE
  5
8F
102
{ACAD_REACTORS
330
7E
102
}
330
73
100
AcDbEntity
  8
ART_FITIL
370
     5
100
AcDbPolyline
 90
       29
 70
     1
 43
0.0
 10
138.6553273764293
 20
41.09138610321679
 10
137.7553273765224
 20
41.09138610321679
 10
137.7553273765224
 20
41.94138610330992
 10
136.7553273765224
 20
41.94138610330992
 42
0.4651162790697966
 10
136.7553273765224
 20
37.64138610349619
 10
137.7553273765224
 20
37.64138610349619
 10
137.7553273765224
 20
38.49138610312365
 10
138.6553273764293
 20
38.49138610312365
 42
-0.4142135623732285
 10
139.6553273764293
 20
37.49138610312365
 10
139.6553273764293
 20
37.14138610349619
 42
0.4142135623730951
 10
140.6553273764293
 20
36.14138610349619
 10
144.1551531739387
 20
36.14138610349619
 42
0.4142135623731757
 10
144.6551531739387
 20
36.64138610349619
 10
144.6551531739387
 20
40.14138610349617
 42
0.4142135623730951
 10
144.1551531739387
 20
40.64138610349618
 10
143.6553018260601
 20
40.64138610349618
 42
-0.4142135623730951
 10
143.1553018260601
 20
41.14138610349619
 10
143.1553018260601
 20
44.40933529581524
 42
0.2679491924310744
 10
142.6553018260601
 20
45.27536069942288
 42
-0.7863209524830586
 10
143.2026671268831
 20
47.1402637377905
 42
-0.2769467766269519
 10
145.0017119878757
 20
46.14138610349619
 10
146.9385073161538
 20
42.78675819063209
 42
0.4142135623724887
 10
147.3483149371896
 20
42.6769505694101
 10
147.8679301794473
 20
42.97695056922385
 42
0.4142135623738639
 10
147.9777378006692
 20
43.38675819025957
 10
145.5213272301334
 20
47.64138610349617
 42
0.267949192431826
 10
142.9232510183792
 20
49.14138610349619
 10
139.6553273764293
 20
49.14138610349619
 10
139.6553273764293
 20
42.09138610321679
 42
-0.4142135623732285
1001
ACDBBLOCKREPETAG
1070
     1
1071
       16
1005
0
  0
LWPOLYLINE
  5
90
102
{ACAD_REACTORS
330
7E
102
}
330
73
100
AcDbEntity
  8
ART_FITIL
370
     5
100
AcDbPolyline
 90
        8
 70
     1
 43
0.0
 10
137.2583697028312
 20
40.39138610349619
 42
0.3965076820276188
 10
136.7592944223288
 20
39.92178124017664
 10
136.7592944223288
 20
39.66099096662947
 42
0.3965076819962588
 10
137.2583697028312
 20
39.19138610330993
 10
139.1553273764293
 20
39.19138610330993
 42
0.414213562374595
 10
139.6553273764293
 20
39.69138610330992
 10
139.6553273764293
 20
39.89138610349619
 42
0.4142135623729529
 10
139.1553273764293
 20
40.39138610349619
1001
ACDBBLOCKREPETAG
1070
     1
1071
       17
1005
0
  0
LINE
  5
91
330
73
100
AcDbEntity
  8
ART_CAM
370
    -2
100
AcDbLine
 10
185.7999473949749
 20
21.14138610303053
 30
0.0
 11
185.7999473954405
 21
128.6158980823529
 31
0.0
1001
ACDBBLOCKREPETAG
1070
     1
1071
       18
1005
0
  0
LINE
  5
92
330
73
100
AcDbEntity
  8
ART_TARAMA
370
    -2
100
AcDbLine
 10
186.7999473949748
 20
20.14138610303053
 30
0.0
 11
186.7999473959061
 21
128.6158980823529
 31
0.0
1001
ACDBBLOCKREPETAG
1070
     1
1071
       19
1005
0
  0
LINE
  5
93
330
73
100
AcDbEntity
  8
ART_TARAMA
370
    -2
100
AcDbLine
 10
187.7999473949748
 20
20.14138610303053
 30
0.0
 11
187.7999473954405
 21
128.6158980823529
 31
0.0
1001
ACDBBLOCKREPETAG
1070
     1
1071
       20
1005
0
  0
LINE
  5
94
330
73
100
AcDbEntity
  8
ART_TARAMA
370
    -2
100
AcDbLine
 10
188.7999473949749
 20
20.14138610303053
 30
0.0
 11
188.7999473954405
 21
128.6158980823529
 31
0.0
1001
ACDBBLOCKREPETAG
1070
     1
1071
       21
1005
0
  0
LINE
  5
95
330
73
100
AcDbEntity
  8
ART_TARAMA
370
    -2
100
AcDbLine
 10
189.7999473949749
 20
20.14138610303053
 30
0.0
 11
189.7999473949749
 21
128.6158980823529
 31
0.0
1001
ACDBBLOCKREPETAG
1070
     1
1071
       22
1005
0
  0
LINE
  5
96
330
73
100
AcDbEntity
  8
ART_TARAMA
370
    -2
100
AcDbLine
 10
190.7999473949749
 20
20.14138610303053
 30
0.0
 11
190.7999473949749
 21
128.6158980823529
 31
0.0
1001
ACDBBLOCKREPETAG
1070
     1
1071
       23
1005
0
  0
LINE
  5
97
330
73
100
AcDbEntity
  8
ART_CAM
370
    -2
100
AcDbLine
 10
191.7999473949748
 20
21.14138610303053
 30
0.0
 11
191.7999473954404
 21
128.6158980823529
 31
0.0
1001
ACDBBLOCKREPETAG
1070
     1
1071
       24
1005
0
  0
LINE
  5
98
330
73
100
AcDbEntity
  8
ART_SILIKON
  6
Continuous
370
    -2
100
AcDbLine
 10
179.7999473949749
 20
72.92300200244063
 30
0.0
 11
179.7999473949749
 21
49.12419770998531
 31
0.0
1001
ACDBBLOCKREPETAG
1070
     1
1071
       25
1005
0
  0
ARC
  5
99
330
73
100
AcDbEntity
  8
ART_SILIKON
370
    -2
100
AcDbCircle
 10
182.7999473949749
 20
40.82592727956943
 30
0.0
 40
8.823904585635046
100
AcDbArc
 50
70.12400667321127
 51
109.8759933267887
1001
ACDBBLOCKREPETAG
1070
     1
1071
       26
1005
0
  0
HATCH
  5
9A
330
73
100
AcDbEntity
  8
ART_TARAMA
100
AcDbHatch
 10
0.0
 20
0.0
 30
0.0
210
0.0
220
0.0
230
1.0
  2
ANSI37
 70
     0
 71
     0
 91
        2
 92
        1
 93
       64
 72
     2
 10
168.0935373953398
 20
53.83715404631221
 40
0.2000000000829667
 50
-120.0000000138511
 51
-90.00000001387439
 73
     1
 72
     1
 10
168.0935373948741
 20
53.6371540465916
 11
168.2999473949749
 21
53.6371540465916
 72
     2
 10
168.2999473949749
 20
54.03715404649847
 40
0.3999999999941793
 50
-89.99999999583108
 51
0.0000000041688294
 73
     1
 72
     1
 10
168.6999473953474
 20
54.03715404649847
 11
168.6999473953474
 21
54.6371540465916
 72
     1
 10
168.6999473953474
 20
54.6371540465916
 11
168.5999473952542
 21
54.6371540465916
 72
     1
 10
168.5999473952542
 20
54.6371540465916
 11
168.5999473952542
 21
55.0121540465916
 72
     2
 10
168.399947395068
 20
55.0121540465916
 40
0.1999999999825377
 50
-0.000000008337417
 51
89.99999999166236
 73
     1
 72
     1
 10
168.399947395068
 20
55.2121540463122
 11
168.2881411267299
 21
55.2121540463122
 72
     2
 10
168.2881411267299
 20
55.0121540465916
 40
0.1999999999388108
 50
89.99999999459367
 51
115.0078332306353
 73
     1
 72
     2
 10
167.9499473953474
 20
55.73715404621907
 40
0.6000000000194572
 50
424.9921667639616
 51
655.0078332360385
 73
     0
 72
     2
 10
168.2881411267299
 20
56.4621540463122
 40
0.1999999999679858
 50
-115.0078332682798
 51
-90.0000000322432
 73
     1
 72
     1
 10
168.2881411267299
 20
56.2621540465916
 11
168.3999473955337
 21
56.2621540465916
 72
     2
 10
168.399947395068
 20
56.4621540463122
 40
0.1999999999825377
 50
-89.9999999916624
 51
0.000000008337646
 73
     1
 72
     1
 10
168.5999473952542
 20
56.4621540463122
 11
168.5999473952542
 21
56.83715404631221
 72
     1
 10
168.5999473952542
 20
56.83715404631221
 11
168.6999473953474
 21
56.83715404631221
 72
     1
 10
168.6999473953474
 20
56.83715404631221
 11
168.6999473953474
 21
57.43715404640535
 72
     2
 10
168.2999473949749
 20
57.43715404640535
 40
0.3999999999650755
 50
0.0000000000000127
 51
90.00000000000001
 73
     1
 72
     1
 10
168.2999473949749
 20
57.8371540463122
 11
168.0935373948741
 21
57.8371540463122
 72
     2
 10
168.0935373948741
 20
57.63715404612593
 40
0.2000000000539428
 50
89.99999998280371
 51
119.9999999827742
 73
     1
 72
     1
 10
167.9935373952466
 20
57.81035912703373
 11
166.2337293950695
 21
56.79433372305357
 72
     2
 10
165.8337293951626
 20
57.48715404668472
 40
0.8000000000265574
 50
420.0000000052644
 51
450.0000000052761
 73
     0
 72
     1
 10
165.8337293951626
 20
56.68715404640535
 11
164.5149833951
 21
56.68715404640535
 72
     2
 10
164.5149833951
 20
56.48715404621907
 40
0.200000000023043
 50
89.99999999465869
 51
144.9999999946853
 73
     1
 72
     1
 10
164.3511529862735
 20
56.60186933368095
 11
162.4049748037796
 21
53.82243875894346
 72
     2
 10
162.2411443949531
 20
53.93715404640534
 40
0.199999999996635
 50
394.999999981057
 51
449.9999999809798
 73
     0
 72
     1
 10
162.2411443949531
 20
53.73715404621908
 11
160.7587503949035
 21
53.73715404621908
 72
     2
 10
160.7587503949035
 20
53.93715404640534
 40
0.1999999999962453
 50
450.0000000190201
 51
505.0000000190498
 73
     0
 72
     1
 10
160.594919986077
 20
53.82243875894346
 11
158.6487418040487
 21
56.60186933368095
 72
     2
 10
158.4849113952223
 20
56.48715404621907
 40
0.2000000000230103
 50
35.00000000531465
 51
90.00000000534136
 73
     1
 72
     1
 10
158.4849113952223
 20
56.68715404640535
 11
157.1661653951596
 21
56.68715404640535
 72
     2
 10
157.1661653951596
 20
57.48715404668472
 40
0.8000000000270498
 50
449.99999999474
 51
479.9999999947334
 73
     0
 72
     1
 10
156.7661653952527
 20
56.79433372351923
 11
155.0063573955412
 21
57.81035912749938
 72
     2
 10
154.9063573949825
 20
57.63715404612593
 40
0.2000000000539331
 50
60.00000001728211
 51
90.00000001726153
 73
     1
 72
     1
 10
154.9063573949825
 20
57.8371540463122
 11
154.6999473948817
 21
57.8371540463122
 72
     2
 10
154.6999473953474
 20
57.43715404640535
 40
0.3999999999650755
 50
-270.0
 51
-180.0
 73
     1
 72
     1
 10
154.2999473949748
 20
57.43715404640535
 11
154.2999473949748
 21
56.83715404631221
 72
     1
 10
154.2999473949748
 20
56.83715404631221
 11
154.399947395068
 21
56.83715404631221
 72
     1
 10
154.399947395068
 20
56.83715404631221
 11
154.399947395068
 21
56.4621540463122
 72
     2
 10
154.5999473952543
 20
56.4621540463122
 40
0.1999999999825377
 50
-180.0000000083376
 51
-90.00000000833756
 73
     1
 72
     1
 10
154.5999473952543
 20
56.2621540465916
 11
154.7117536635924
 21
56.2621540465916
 72
     2
 10
154.7117536635924
 20
56.4621540463122
 40
0.1999999999679929
 50
-89.99999996775681
 51
-64.99216673172018
 73
     1
 72
     2
 10
155.0499473949749
 20
55.73715404621907
 40
0.6000000000194572
 50
604.9921667639615
 51
835.0078332360382
 73
     0
 72
     2
 10
154.7117536635924
 20
55.0121540465916
 40
0.1999999999388819
 50
64.99216676936477
 51
90.00000000540634
 73
     1
 72
     1
 10
154.7117536635924
 20
55.2121540463122
 11
154.5999473947886
 21
55.2121540463122
 72
     2
 10
154.5999473952543
 20
55.0121540465916
 40
0.1999999999825377
 50
-269.9999999916624
 51
-179.9999999916624
 73
     1
 72
     1
 10
154.399947395068
 20
55.0121540465916
 11
154.399947395068
 21
54.6371540465916
 72
     1
 10
154.399947395068
 20
54.6371540465916
 11
154.2999473949748
 21
54.6371540465916
 72
     1
 10
154.2999473949748
 20
54.6371540465916
 11
154.2999473949748
 21
54.03715404649847
 72
     2
 10
154.6999473953474
 20
54.03715404649847
 40
0.3999999999941793
 50
-180.0000000041688
 51
-90.0000000041688
 73
     1
 72
     1
 10
154.6999473953474
 20
53.6371540465916
 11
154.9063573954481
 21
53.6371540465916
 72
     2
 10
154.9063573949825
 20
53.83715404631221
 40
0.2000000000211996
 50
-89.99999997628988
 51
-60.00000531744826
 73
     1
 72
     1
 10
155.0063573787774
 20
53.66394895655685
 11
156.7661653947871
 21
54.67997436938457
 72
     2
 10
157.1661653951596
 20
53.98715404621907
 40
0.800000000056116
 50
599.9999999974832
 51
629.9999999974759
 73
     0
 72
     1
 10
157.1661653951596
 20
54.78715404649847
 11
157.4437773953978
 21
54.78715404649847
 72
     2
 10
157.4437773949321
 20
54.48715404621907
 40
0.3000000000066031
 50
629.9999999974377
 51
684.9999999974667
 73
     0
 72
     1
 10
157.6895230086375
 20
54.65922697741189
 11
159.6058429865952
 21
51.9224387590366
 72
     2
 10
159.7696733949559
 20
52.03715404649847
 40
0.200000000023465
 50
-144.9999999946161
 51
-89.99999999472388
 73
     1
 72
     1
 10
159.7696733949559
 20
51.83715404631221
 11
163.2302213949006
 21
51.83715404631221
 72
     2
 10
163.2302213953662
 20
52.03715404649847
 40
0.200000000023043
 50
-90.00000000534127
 51
-35.00000000531463
 73
     1
 72
     1
 10
163.3940518041927
 20
51.9224387590366
 11
165.3103717821504
 21
54.65922697741189
 72
     2
 10
165.5561173949245
 20
54.48715404668472
 40
0.2999999999506144
 50
574.9999999969706
 51
629.9999999970038
 73
     0
 72
     1
 10
165.5561173949245
 20
54.78715404649847
 11
165.833729394697
 21
54.78715404649847
 72
     2
 10
165.8337293951626
 20
53.98715404621907
 40
0.8000000000556802
 50
270.0000000025078
 51
300.0000000025189
 73
     0
 72
     1
 10
166.2337293950695
 20
54.67997436938457
 11
167.993537394781
 21
53.66394896587006
 97
        0
 92
        1
 93
        2
 72
     2
 10
168.0935373953398
 20
65.35367873185896
 40
0.2000000000829667
 50
-269.9999999861256
 51
-239.9999999861489
 73
     1
 72
     2
 10
168.0935373953398
 20
65.35367873185896
 40
0.2000000000830369
 50
599.9999999861487
 51
629.9999999861256
 73
     0
 97
        0
 75
     0
 76
     1
 52
-0.0000000000000254
 41
0.3
 77
     0
 78
     2
 53
44.99999999999999
 43
71111.76423606237
 44
-4898.248379230103
 45
-0.6735192090801863
 46
0.6735192090801867
 79
     0
 53
134.9999999999999
 43
71111.76423606237
 44
-4898.248379230103
 45
-0.6735192090801867
 46
-0.6735192090801863
 79
     0
 98
        1
 10
1708.405923278056
 20
-2328.799145912606
1001
ACAD
1010
0.0
1020
0.0
1030
0.0
1001
ACDBBLOCKREPETAG
1070
     1
1071
       27
1005
0
  0
LWPOLYLINE
  5
9B
330
73
100
AcDbEntity
  8
ART_BARIYER
100
AcDbPolyline
 90
       66
 70
     0
 43
0.0
 10
167.9935373952466
 20
53.66394896587006
 42
0.1316524975872427
 10
168.0935373948741
 20
53.6371540465916
 42
-0.1316524975872427
 10
167.9935373952466
 20
53.66394896587006
 10
166.2337293950695
 20
54.67997436938457
 42
0.1316524975874106
 10
165.8337293951626
 20
54.78715404649847
 10
165.5561173949245
 20
54.78715404649847
 42
0.2446984432291633
 10
165.3103717816848
 20
54.65922697741189
 10
163.3940518041927
 20
51.9224387590366
 42
-0.2446984432290996
 10
163.2302213949006
 20
51.83715404631221
 10
159.7696733949559
 20
51.83715404631221
 42
-0.2446984432288626
 10
159.6058429861296
 20
51.9224387590366
 10
157.6895230086375
 20
54.65922697741189
 42
0.2446984432290161
 10
157.4437773949321
 20
54.78715404649847
 10
157.1661653951596
 20
54.78715404649847
 42
0.1316524975873632
 10
156.7661653952527
 20
54.67997436938457
 10
155.0063573787774
 20
53.66394895655685
 42
-0.1316524738781093
 10
154.9063573949825
 20
53.6371540465916
 10
154.6999473953474
 20
53.6371540465916
 42
-0.4142135623730961
 10
154.2999473949748
 20
54.03715404649847
 10
154.2999473949748
 20
54.6371540465916
 10
154.399947395068
 20
54.6371540465916
 10
154.399947395068
 20
55.0121540465916
 42
-0.4142135623730951
 10
154.5999473952543
 20
55.2121540463122
 10
154.7117536635924
 20
55.2121540463122
 42
-0.1095524007000913
 10
154.796302096438
 20
55.19340404649847
 42
1.569922388263953
 10
154.796302096438
 20
56.28090404640534
 42
-0.1095524007000913
 10
154.7117536635924
 20
56.2621540465916
 10
154.5999473952543
 20
56.2621540465916
 42
-0.4142135623730951
 10
154.399947395068
 20
56.4621540463122
 10
154.399947395068
 20
56.83715404631221
 10
154.2999473949748
 20
56.83715404631221
 10
154.2999473949748
 20
57.43715404640535
 42
-0.4142135623730919
 10
154.6999473953474
 20
57.8371540463122
 10
154.9063573949825
 20
57.8371540463122
 42
-0.1316524975873982
 10
155.0063573950756
 20
57.81035912703373
 10
156.7661653952527
 20
56.79433372351923
 42
0.1316524975873822
 10
157.1661653951596
 20
56.68715404640535
 10
158.4849113952223
 20
56.68715404640535
 42
-0.2446984432291243
 10
158.6487418040487
 20
56.60186933368095
 10
160.594919986077
 20
53.82243875894346
 42
0.2446984432291223
 10
160.7587503949035
 20
53.73715404621908
 10
162.2411443949531
 20
53.73715404621908
 42
0.2446984432288639
 10
162.4049748037796
 20
53.82243875894346
 10
164.3511529862735
 20
56.60186933368095
 42
-0.2446984432289917
 10
164.5149833951
 20
56.68715404640535
 10
165.8337293951626
 20
56.68715404640535
 42
0.1316524975874312
 10
166.2337293950695
 20
56.79433372351923
 10
167.9935373952466
 20
57.81035912703373
 42
-0.1316524975872053
 10
168.0935373948741
 20
57.8371540463122
 10
168.2999473949749
 20
57.8371540463122
 42
-0.4142135623730982
 10
168.6999473953474
 20
57.43715404640535
 10
168.6999473953474
 20
56.83715404631221
 10
168.5999473952542
 20
56.83715404631221
 10
168.5999473952542
 20
56.4621540463122
 42
-0.414213562373094
 10
168.399947395068
 20
56.2621540465916
 10
168.2881411267299
 20
56.2621540465916
 42
-0.1095524007000914
 10
168.2035926938842
 20
56.28090404640534
 42
1.569922388263953
 10
168.2035926938842
 20
55.19340404649847
 42
-0.1095524007000913
 10
168.2881411267299
 20
55.2121540463122
 10
168.399947395068
 20
55.2121540463122
 42
-0.4142135623730982
 10
168.5999473952542
 20
55.0121540465916
 10
168.5999473952542
 20
54.6371540465916
 10
168.6999473953474
 20
54.6371540465916
 10
168.6999473953474
 20
54.03715404649847
 42
-0.414213562373094
 10
168.2999473949749
 20
53.6371540465916
 10
168.0935373948741
 20
53.6371540465916
1001
ACDBBLOCKREPETAG
1070
     1
1071
       28
1005
0
  0
HATCH
  5
9E
330
73
100
AcDbEntity
  8
ART_TARAMA
370
    -2
100
AcDbHatch
 10
0.0
 20
0.0
 30
0.0
210
0.0
220
0.0
230
1.0
  2
ANSI37
 70
     0
 71
     1
 91
        2
 92
        1
 93
       36
 72
     2
 10
153.0486066909354
 20
78.12419773652731
 40
0.9999999967410532
 50
0.0000000000390827
 51
89.99999999996092
 73
     1
 72
     1
 10
153.0486066909361
 20
79.12419773326837
 11
152.4486066931713
 21
79.12419773326837
 72
     1
 10
152.4486066931713
 20
79.12419773326837
 11
152.4486066931713
 21
77.92419773727306
 72
     1
 10
152.4486066931713
 20
77.92419773727306
 11
151.4486066964309
 21
77.92419773727306
 72
     2
 10
155.448606682773
 20
80.92419772702852
 40
4.999999982926964
 50
143.1301023541664
 51
216.8698976458336
 73
     0
 72
     1
 10
151.4486066964309
 20
83.92419771678396
 11
152.4486066931713
 21
83.92419771678396
 72
     1
 10
152.4486066931713
 20
83.92419771678396
 11
152.4486066931713
 21
82.72419772125431
 72
     1
 10
152.4486066931713
 20
82.72419772125431
 11
153.0486066909361
 21
82.72419772125431
 72
     2
 10
153.048606691169
 20
83.72419771776185
 40
0.9999999965075403
 50
269.9999999866597
 51
359.9999999866597
 73
     1
 72
     1
 10
154.0486066876765
 20
83.72419771752902
 11
154.0486066876765
 21
85.9241977102647
 72
     1
 10
154.0486066876765
 20
85.9241977102647
 11
158.8433566978055
 21
85.9241977102647
 72
     1
 10
158.8433566978055
 20
85.9241977102647
 11
158.8433566978055
 21
85.52940376722835
 72
     2
 10
158.1933567000236
 20
85.52940376713165
 40
0.6499999977819471
 50
359.999999991477
 51
428.4093355046993
 73
     0
 72
     2
 10
158.552827480728
 20
84.6210518313804
 40
0.3268943063079413
 50
111.5906644592707
 51
305.430279095678
 73
     1
 72
     2
 10
157.358768145248
 20
86.34519098103103
 40
2.424115892720542
 50
304.8025333772017
 51
350.3093057842608
 73
     1
 72
     2
 10
160.2483988789174
 20
85.92391801320227
 40
0.5002797710298763
 50
181.514605081503
 51
359.0278413823203
 73
     0
 72
     2
 10
157.0855819246502
 20
86.56831397131185
 40
3.717812388338582
 50
9.848500432506195
 51
46.50002092233799
 73
     0
 72
     2
 10
159.8015238807549
 20
83.74731688293659
 40
0.1999999992356119
 50
141.6143370658115
 51
209.9999999520791
 73
     1
 72
     1
 10
159.6283188005763
 20
83.64731688346365
 11
160.7285104491602
 21
81.74172905008891
 72
     2
 10
160.598606638937
 20
81.66672905048121
 40
0.1499999995055871
 50
330.0000000639901
 51
490.0000000636866
 73
     0
 72
     1
 10
160.5021884976741
 20
81.55182238449922
 11
159.5590068492893
 21
82.34324575788923
 72
     2
 10
159.4304493277099
 20
82.1900368697724
 40
0.1999999993815941
 50
49.9999999851887
 51
209.9999999853396
 73
     1
 72
     1
 10
159.2572442474629
 20
82.09003687012589
 11
160.7285104491602
 21
79.54172905781887
 72
     2
 10
160.5986066388961
 20
79.4667290579781
 40
0.1499999996575109
 50
329.9999999947007
 51
489.9999999946173
 73
     0
 72
     1
 10
160.5021884976741
 20
79.35182239176356
 11
159.5590068492893
 21
80.14324576515354
 72
     2
 10
159.4304493277105
 20
79.990036877036
 40
0.1999999993817548
 50
49.9999999854505
 51
209.9999999850779
 73
     1
 72
     1
 10
159.2572442474629
 20
79.89003687739023
 11
160.7285104491602
 21
77.3417290650832
 72
     2
 10
160.5986066389376
 20
77.26672906547476
 40
0.1499999995054254
 50
330.000000063641
 51
490.0000000640356
 73
     0
 72
     1
 10
160.5021884976741
 20
77.15182239949355
 11
159.5590068492893
 21
77.94324577288353
 72
     2
 10
159.4304493277099
 20
77.79003688476668
 40
0.1999999993815941
 50
49.9999999851887
 51
209.9999999853396
 73
     1
 72
     1
 10
159.2572442474629
 20
77.69003688512021
 11
160.7285104491602
 21
75.14172907281317
 72
     2
 10
160.5986066388966
 20
75.06672907297185
 40
0.1499999996573871
 50
329.9999999944353
 51
489.9999999948828
 73
     0
 72
     1
 10
160.5021884976741
 20
74.95182240675784
 11
159.6221740706678
 21
75.69024218819686
 72
     2
 10
158.9793864632573
 20
74.92419774782675
 40
0.9999999964312326
 50
49.99999999865988
 51
89.99999999863701
 73
     1
 72
     1
 10
158.9793864632811
 20
75.92419774425798
 11
154.0486066876765
 21
75.92419774425798
 72
     1
 10
154.0486066876765
 20
75.92419774425798
 11
154.0486066876765
 21
78.12419773652798
 97
        1
330
A0
 92
       16
 93
       14
 72
     1
 10
154.0486066876765
 20
80.12419773000877
 11
151.7825461393077
 21
80.12419773000877
 72
     2
 10
151.7825461391888
 20
80.4241977287929
 40
0.299999998784159
 50
89.99999997729409
 51
172.2335658090529
 73
     0
 72
     2
 10
155.4486066832938
 20
80.92419772702852
 40
3.999999986794834
 50
172.23356583189
 51
187.76643416811
 73
     0
 72
     2
 10
151.7825461394557
 20
81.42419772549668
 40
0.2999999990172464
 50
187.7664341400486
 51
269.9999999717193
 73
     0
 72
     1
 10
151.7825461393077
 20
81.72419772451394
 11
154.0486066876765
 21
81.72419772451394
 72
     2
 10
154.0486066877242
 20
82.72419772086093
 40
0.9999999963470004
 50
269.9999999972642
 51
336.4218215190863
 73
     1
 72
     2
 10
155.8816369595611
 20
81.92419772357384
 40
0.9999999969354062
 50
203.5781784738736
 51
269.9999999957009
 73
     0
 72
     1
 10
155.881636959486
 20
82.92419772050925
 11
156.7124968389835
 21
82.92419772050925
 72
     2
 10
156.7124968392163
 20
82.624197721394
 40
0.2999999991152293
 50
269.9999999555326
 51
359.9999999555353
 73
     0
 72
     1
 10
157.0124968383316
 20
82.62419772162685
 11
157.0124968383316
 21
79.22419773289584
 72
     2
 10
156.7124968392163
 20
79.22419773312867
 40
0.2999999991152435
 50
0.0000000444673604
 51
90.00000004446741
 73
     0
 72
     1
 10
156.7124968389835
 20
78.92419773401343
 11
155.881636959486
 21
78.92419773401343
 72
     2
 10
155.8816369592056
 20
79.92419773071642
 40
0.999999996702968
 50
89.99999998393702
 51
156.4218215057348
 73
     0
 72
     2
 10
154.0486066873678
 20
79.12419773342769
 40
0.9999999965810502
 50
23.57817846058177
 51
89.99999998231182
 73
     1
 97
        1
330
9F
 75
     0
 76
     1
 52
89.99999999999998
 41
0.5
 77
     0
 78
     2
 53
135.0
 43
71868.15317728412
 44
-7911.984518571578
 45
-1.122532015133643
 46
-1.122532015133643
 79
     0
 53
225.0
 43
71868.15317728412
 44
-7911.984518571578
 45
1.122532015133643
 46
-1.122532015133643
 79
     0
 98
        1
 10
-50.88282991621236
 20
-1615.683549001202
1001
ACAD
1010
0.0
1020
0.0
1030
0.0
1001
ACDBBLOCKREPETAG
1070
     1
1071
       29
1005
0
  0
LWPOLYLINE
  5
9F
102
{ACAD_REACTORS
330
9E
102
}
330
73
100
AcDbEntity
  8
ART_FITIL
370
     5
100
AcDbPolyline
 90
       14
 70
     1
 43
0.0
 10
154.0486066876765
 20
80.12419773000877
 10
151.7825461393077
 20
80.12419773000877
 42
-0.3750467088369516
 10
151.485297987223
 20
80.38365718830027
 42
-0.06787888806713
 10
151.485297987223
 20
81.46473826575675
 42
-0.3750467088364983
 10
151.7825461393077
 20
81.72419772451394
 10
154.0486066876765
 20
81.72419772451394
 42
0.29821662669872
 10
154.9651218233484
 20
82.32419772227876
 42
-0.2982166266987449
 10
155.881636959486
 20
82.92419772050925
 10
156.7124968389835
 20
82.92419772050925
 42
-0.4142135623731131
 10
157.0124968383316
 20
82.62419772162685
 10
157.0124968383316
 20
79.22419773289584
 42
-0.4142135623730951
 10
156.7124968389835
 20
78.92419773401343
 10
155.881636959486
 20
78.92419773401343
 42
-0.2982166266986086
 10
154.9651218233484
 20
79.52419773177827
 42
0.2982166266982826
1001
ACDBBLOCKREPETAG
1070
     1
1071
       30
1005
0
  0
LWPOLYLINE
  5
A0
102
{ACAD_REACTORS
330
9E
102
}
330
73
100
AcDbEntity
  8
ART_FITIL
370
     5
100
AcDbPolyline
 90
       36
 70
     1
 43
0.0
 10
154.0486066876765
 20
78.12419773652798
 42
0.4142135623726955
 10
153.0486066909361
 20
79.12419773326837
 10
152.4486066931713
 20
79.12419773326837
 10
152.4486066931713
 20
77.92419773727306
 10
151.4486066964309
 20
77.92419773727306
 42
-0.3333333333332321
 10
151.4486066964309
 20
83.92419771678396
 10
152.4486066931713
 20
83.92419771678396
 10
152.4486066931713
 20
82.72419772125431
 10
153.0486066909361
 20
82.72419772125431
 42
0.4142135623730951
 10
154.0486066876765
 20
83.72419771752902
 10
154.0486066876765
 20
85.9241977102647
 10
158.8433566978055
 20
85.9241977102647
 10
158.8433566978055
 20
85.52940376722835
 42
-0.3076847592328205
 10
158.4325391845632
 20
84.92501007407554
 42
1.128701775593949
 10
158.742331987698
 20
84.35469130627462
 42
0.2012120834861555
 10
159.7482938957255
 20
85.93714129147702
 42
-0.9785310008365527
 10
160.7486066385027
 20
85.93240603726005
 42
-0.1612998685772744
 10
159.6447541089583
 20
83.87150721406213
 42
0.3075716929249019
 10
159.6283188005763
 20
83.64731688346365
 10
160.7285104491602
 20
81.74172905008891
 42
-0.8390996311750223
 10
160.5021884976741
 20
81.55182238449922
 10
159.5590068492893
 20
82.34324575788923
 42
0.8390996311784471
 10
159.2572442474629
 20
82.09003687012589
 10
160.7285104491602
 20
79.54172905781887
 42
-0.8390996311766826
 10
160.5021884976741
 20
79.35182239176356
 10
159.5590068492893
 20
80.14324576515354
 42
0.8390996311745555
 10
159.2572442474629
 20
79.89003687739023
 10
160.7285104491602
 20
77.3417290650832
 42
-0.8390996311802112
 10
160.5021884976741
 20
77.15182239949355
 10
159.5590068492893
 20
77.94324577288353
 42
0.8390996311784471
 10
159.2572442474629
 20
77.69003688512021
 10
160.7285104491602
 20
75.14172907281317
 42
-0.8390996311805551
 10
160.5021884976741
 20
74.95182240675784
 10
159.6221740706678
 20
75.69024218819686
 42
0.1763269807083624
 10
158.9793864632811
 20
75.92419774425798
 10
154.0486066876765
 20
75.92419774425798
1001
ACDBBLOCKREPETAG
1070
     1
1071
       31
1005
0
  0
HATCH
  5
A1
330
73
100
AcDbEntity
  8
ART_CAM
 62
   250
100
AcDbHatch
 10
0.0
 20
0.0
 30
0.0
210
0.0
220
0.0
230
1.0
  2
ANGLE
 70
     0
 71
     1
 91
        3
 92
       16
 93
       13
 72
     1
 10
178.3999473946023
 20
23.12868811111548
 11
178.3999473946023
 21
25.64138610349619
 72
     2
 10
178.0999473947885
 20
25.64138610349609
 40
0.2999999998138207
 50
0.0000000000189985
 51
89.99999999998371
 73
     1
 72
     1
 10
178.0999473947886
 20
25.94138610330992
 11
161.7999473945092
 21
25.94138610330992
 72
     1
 10
161.7999473945092
 20
25.94138610330992
 11
161.7999473945092
 21
11.74138610312366
 72
     1
 10
161.7999473945092
 20
11.74138610312366
 11
171.8999473946023
 21
11.74138610312366
 72
     1
 10
171.8999473946023
 20
11.74138610312366
 11
171.8999473946023
 21
18.74642861043685
 72
     2
 10
176.6999473940162
 20
18.74642861061833
 40
4.799999999413898
 50
179.9999999978336
 51
194.999999997828
 73
     0
 72
     1
 10
172.0635034283477
 20
19.98876002678298
 11
172.3521702922735
 21
21.06607942949631
 72
     2
 10
175.056762606074
 20
20.34138610334735
 40
2.80000000014883
 50
194.9999999962584
 51
269.9999999962551
 73
     0
 72
     1
 10
175.0567626058909
 20
23.14138610349619
 11
175.8999473946023
 21
23.14138610349619
 72
     1
 10
175.8999473946023
 20
23.14138610349619
 11
176.7431321833136
 21
23.14138610349619
 72
     2
 10
176.743132182555
 20
20.34138610343683
 40
2.800000000059359
 50
270.0000000155243
 51
295.9560976986099
 73
     0
 72
     2
 10
178.0999473945275
 20
23.12868811100466
 40
0.3000000000747769
 50
244.0439023380766
 51
360.0000000211644
 73
     1
 97
        1
330
B0
 92
       16
 93
       20
 72
     2
 10
131.7553273760568
 20
41.34138610321679
 40
0.3000000002793968
 50
0.0
 51
90.0
 73
     1
 72
     1
 10
131.7553273760568
 20
41.64138610349619
 11
109.2553273765225
 21
41.64138610349619
 72
     2
 10
109.2553273765226
 20
41.34138610321667
 40
0.3000000002795105
 50
90.00000000002172
 51
179.9999999999783
 73
     1
 72
     1
 10
108.955327376243
 20
41.34138610321679
 11
108.955327376243
 21
40.94138610330992
 72
     2
 10
108.6553273764293
 20
40.94138610330992
 40
0.2999999998137355
 50
360.0
 51
450.0
 73
     0
 72
     1
 10
108.6553273764293
 20
40.64138610349618
 11
106.5553273763362
 21
40.64138610349618
 72
     2
 10
106.555327376569
 20
40.34138610344961
 40
0.3000000000465661
 50
90.00000004446738
 51
180.0000000444673
 73
     1
 72
     1
 10
106.2553273765225
 20
40.34138610321678
 11
106.2553273765225
 21
35.44138610330993
 72
     2
 10
106.5553273763363
 20
35.44138610331005
 40
0.2999999998138492
 50
180.0000000000217
 51
269.9999999999783
 73
     1
 72
     1
 10
106.5553273763362
 20
35.14138610349619
 11
107.4553273762431
 21
35.14138610349619
 72
     2
 10
107.4553273762429
 20
34.84138610321668
 40
0.3000000002795105
 50
270.0000000000216
 51
359.9999999999783
 73
     0
 72
     1
 10
107.7553273765224
 20
34.84138610321679
 11
107.7553273765224
 21
34.44138610330993
 72
     2
 10
107.4553273764759
 20
34.44138610354276
 40
0.3000000000465661
 50
0.0000000444673604
 51
90.00000004446741
 73
     0
 72
     1
 10
107.4553273762431
 20
34.14138610349619
 11
106.2553273765225
 21
34.14138610349619
 72
     1
 10
106.2553273765225
 20
34.14138610349619
 11
106.2553273765225
 21
27.44138610330992
 72
     1
 10
106.2553273765225
 20
27.44138610330992
 11
167.7999473949749
 21
27.44138610330992
 72
     1
 10
167.7999473949749
 20
27.44138610330992
 11
167.7999473949749
 21
34.14138610349619
 72
     1
 10
167.7999473949749
 20
34.14138610349619
 11
132.3553273761499
 21
34.14138610349619
 72
     2
 10
132.35532737615
 20
34.44138610331004
 40
0.2999999998138492
 50
90.00000000002172
 51
179.9999999999783
 73
     0
 72
     1
 10
132.0553273763362
 20
34.44138610330993
 11
132.0553273763362
 21
41.34138610321679
 97
        1
330
A5
 92
       33
 93
      107
 72
     1
 10
179.8999473946023
 20
17.24138610312366
 11
179.8999473946023
 21
11.74138610312366
 72
     2
 10
180.3999473946023
 20
11.74138610312366
 40
0.5
 50
180.0
 51
270.0
 73
     1
 72
     1
 10
180.3999473946023
 20
11.24138610312366
 11
182.4059462444711
 21
11.24138610312366
 72
     1
 10
182.4059462444711
 20
11.24138610312366
 11
182.4059462444711
 21
13.24138610312366
 72
     1
 10
182.4059462444711
 20
13.24138610312366
 11
188.4999473946955
 21
13.24138610312366
 72
     2
 10
188.4999473949283
 20
12.94138610307708
 40
0.3000000000465732
 50
269.9999999555326
 51
359.9999999555314
 73
     0
 72
     1
 10
188.7999473949749
 20
12.94138610330992
 11
188.7999473949749
 21
11.94138610330992
 72
     2
 10
188.4999473946955
 20
11.94138610330993
 40
0.3000000002793968
 50
0.0000000000020356
 51
90.0
 73
     0
 72
     1
 10
188.4999473946955
 20
11.64138610303052
 11
184.2059462442848
 21
11.64138610303052
 72
     2
 10
184.2059462442848
 20
11.34138610321679
 40
0.2999999998137355
 50
90.0
 51
180.0
 73
     1
 72
     1
 10
183.9059462444711
 20
11.34138610321679
 11
183.9059462444711
 21
10.24138610312366
 72
     2
 10
183.4059462444711
 20
10.24138610312366
 40
0.5
 50
360.0
 51
450.0
 73
     0
 72
     1
 10
183.4059462444711
 20
9.741386103123659
 11
178.6999473948817
 21
9.741386103123659
 72
     2
 10
178.6999473948817
 20
10.04138610340306
 40
0.3000000002794039
 50
90.0
 51
179.9999999999986
 73
     0
 72
     1
 10
178.3999473946023
 20
10.04138610340305
 11
178.3999473946023
 21
18.74642861043685
 72
     2
 10
175.0999473938413
 20
18.74642861026495
 40
3.300000000761031
 50
0.0000000029846171
 51
15.00000000297696
 73
     1
 72
     1
 10
178.2875026212859
 20
19.60053145946585
 11
177.9988357578258
 21
20.67785086171352
 72
     2
 10
176.7431321832109
 20
20.34138610306908
 40
1.300000000427119
 50
14.9999999954654
 51
89.99999999546792
 73
     1
 72
     1
 10
176.7431321833136
 20
21.64138610349619
 11
175.8999473946023
 21
21.64138610349619
 72
     1
 10
175.8999473946023
 20
21.64138610349619
 11
175.0567626058909
 21
21.64138610349619
 72
     2
 10
175.0567626062266
 20
20.34138610337251
 40
1.300000000123676
 50
90.00000001479378
 51
165.0000000147963
 73
     1
 72
     1
 10
173.8010590318445
 20
20.67785086171352
 11
173.5123921679187
 21
19.60053145946585
 72
     2
 10
176.6999473953634
 20
18.74642861026495
 40
3.300000000761031
 50
164.999999997023
 51
179.9999999970154
 73
     1
 72
     1
 10
173.3999473946023
 20
18.74642861043685
 11
173.3999473946023
 21
10.54138610340305
 72
     2
 10
173.0999473945558
 20
10.5413861031702
 40
0.3000000000465377
 50
359.9999999555279
 51
449.9999999555381
 73
     0
 72
     1
 10
173.0999473947886
 20
10.24138610312366
 11
160.2999473949749
 21
10.24138610312366
 72
     2
 10
160.2999473949749
 20
10.54138610340311
 40
0.3000000002794536
 50
90.00000000001087
 51
179.9999999999891
 73
     0
 72
     1
 10
159.9999473946955
 20
10.54138610340305
 11
159.9999473946955
 21
25.94138610330992
 72
     1
 10
159.9999473946955
 20
25.94138610330992
 11
104.955327376243
 21
25.94138610330992
 72
     2
 10
104.955327376243
 20
26.2413861031236
 40
0.2999999998136786
 50
89.99999999998914
 51
180.0000000000108
 73
     0
 72
     1
 10
104.6553273764293
 20
26.24138610312366
 11
104.6553273764293
 21
61.14138610349619
 72
     2
 10
107.6553273764293
 20
61.14138610349619
 40
3.0
 50
180.0
 51
270.0
 73
     0
 72
     1
 10
107.6553273764293
 20
64.14138610349619
 11
110.1553273764293
 21
64.14138610349619
 72
     2
 10
110.1553273761819
 20
63.84138610343507
 40
0.300000000061118
 50
270.0000000472465
 51
360.0000000416882
 73
     0
 72
     1
 10
110.4553273762431
 20
63.84138610321679
 11
110.4553273762431
 21
62.64138610349618
 72
     2
 10
109.4553273762431
 20
62.64138610349618
 40
1.0
 50
360.0
 51
450.0
 73
     0
 72
     2
 10
109.4553273762426
 20
61.94138610330947
 40
0.2999999998132807
 50
89.9999999999132
 51
180.0000000000868
 73
     0
 72
     1
 10
109.1553273764293
 20
61.94138610330991
 11
109.1553273764293
 21
62.64138610349618
 72
     1
 10
109.1553273764293
 20
62.64138610349618
 11
107.955327376243
 21
62.64138610349618
 72
     2
 10
107.955327376243
 20
61.14138610349619
 40
1.5
 50
90.0
 51
180.0
 73
     1
 72
     1
 10
106.4553273762431
 20
61.14138610349619
 11
106.4553273762431
 21
57.94138610330993
 72
     1
 10
106.4553273762431
 20
57.94138610330993
 11
109.1553273764293
 21
57.94138610330993
 72
     1
 10
109.1553273764293
 20
57.94138610330993
 11
109.1553273764293
 21
58.64138610349619
 72
     2
 10
109.4553273762574
 20
58.64138610348185
 40
0.29999999982806
 50
180.0000000027358
 51
269.9999999972642
 73
     0
 72
     2
 10
109.4553273762433
 20
57.94138610331014
 40
0.9999999999997726
 50
269.999999999987
 51
360.000000000013
 73
     0
 72
     1
 10
110.4553273762431
 20
57.94138610330993
 11
110.4553273762431
 21
56.74138610312365
 72
     2
 10
110.1553273764293
 20
56.74138610312372
 40
0.2999999998137923
 50
0.0000000000108393
 51
89.99999999998914
 73
     0
 72
     1
 10
110.1553273764293
 20
56.44138610330991
 11
108.4553273762431
 21
56.44138610330991
 72
     1
 10
108.4553273762431
 20
56.44138610330991
 11
108.4553273762431
 21
55.74138610312365
 72
     2
 10
108.1553273764292
 20
55.7413861031237
 40
0.2999999998137923
 50
0.0000000000108393
 51
89.99999999998914
 73
     0
 72
     1
 10
108.1553273764292
 20
55.44138610330993
 11
107.7553273765224
 21
55.44138610330993
 72
     2
 10
107.7553273762897
 20
55.74138610335654
 40
0.300000000046623
 50
89.99999995554345
 51
179.9999999555218
 73
     0
 72
     1
 10
107.4553273762431
 20
55.74138610312365
 11
107.4553273762431
 21
56.44138610330991
 72
     1
 10
107.4553273762431
 20
56.44138610330991
 11
106.2553273765225
 21
56.44138610330991
 72
     1
 10
106.2553273765225
 20
56.44138610330991
 11
106.2553273765225
 21
42.14138610349619
 72
     1
 10
106.2553273765225
 20
42.14138610349619
 11
107.4553273762431
 21
42.14138610349619
 72
     1
 10
107.4553273762431
 20
42.14138610349619
 11
107.4553273762431
 21
42.84138610321678
 72
     2
 10
107.7553273765225
 20
42.84138610321672
 40
0.3000000002794536
 50
180.0000000000108
 51
269.9999999999891
 73
     0
 72
     1
 10
107.7553273765224
 20
43.14138610349618
 11
127.7553273765224
 21
43.14138610349618
 72
     1
 10
127.7553273765224
 20
43.14138610349618
 11
128.0553273763362
 21
42.84138610321678
 72
     1
 10
128.0553273763362
 20
42.84138610321678
 11
128.3553273761499
 21
43.14138610349618
 72
     1
 10
128.3553273761499
 20
43.14138610349618
 11
138.955327376243
 21
43.14138610349618
 72
     2
 10
138.955327376243
 20
42.64138610349617
 40
0.5
 50
270.0
 51
360.0
 73
     0
 72
     1
 10
139.4553273762431
 20
42.64138610349617
 11
139.4553273762431
 21
42.29138610340306
 72
     2
 10
138.4553273762431
 20
42.29138610340306
 40
1.0
 50
360.0
 51
450.0
 73
     0
 72
     1
 10
138.4553273762431
 20
41.29138610340304
 11
137.955327376243
 21
41.29138610340304
 72
     1
 10
137.955327376243
 20
41.29138610340304
 11
137.955327376243
 21
42.14138610349619
 72
     1
 10
137.955327376243
 20
42.14138610349619
 11
133.8553273761499
 21
42.14138610349619
 72
     2
 10
133.8553273763825
 20
41.84138610344985
 40
0.3000000000463387
 50
90.00000004442394
 51
180.0000000445107
 73
     1
 72
     1
 10
133.5553273763362
 20
41.84138610321679
 11
133.5553273763362
 21
35.94138610330992
 72
     2
 10
133.8553273761498
 20
35.94138610330976
 40
0.2999999998135649
 50
179.9999999999674
 51
270.0000000000326
 73
     1
 72
     1
 10
133.8553273761499
 20
35.64138610349619
 11
137.955327376243
 21
35.64138610349619
 72
     1
 10
137.955327376243
 20
35.64138610349619
 11
137.955327376243
 21
38.29138610340307
 72
     1
 10
137.955327376243
 20
38.29138610340307
 11
138.4553273762431
 21
38.29138610340307
 72
     2
 10
138.4553273762428
 20
37.29138610340283
 40
1.000000000000227
 50
270.000000000013
 51
359.999999999987
 73
     0
 72
     1
 10
139.4553273762431
 20
37.29138610340307
 11
139.4553273762431
 21
36.24138610312365
 72
     2
 10
139.7553273762895
 20
36.24138610335632
 40
0.3000000000463956
 50
180.0000000444348
 51
270.0000000444999
 73
     1
 72
     1
 10
139.7553273765224
 20
35.94138610330992
 11
173.5999473947886
 21
35.94138610330992
 72
     2
 10
173.5999473947885
 20
35.44138610330987
 40
0.500000000000057
 50
270.0000000000065
 51
359.9999999999935
 73
     0
 72
     1
 10
174.0999473947885
 20
35.44138610330993
 11
174.0999473947885
 21
33.94138610330993
 72
     2
 10
173.0999473947884
 20
33.94138610331014
 40
1.000000000000227
 50
0.0000000000130276
 51
89.99999999998697
 73
     0
 72
     1
 10
173.0999473947886
 20
32.94138610330993
 11
172.5999473947886
 21
32.94138610330993
 72
     1
 10
172.5999473947886
 20
32.94138610330993
 11
172.5999473947886
 21
34.44138610330993
 72
     1
 10
172.5999473947886
 20
34.44138610330993
 11
170.0999473947886
 21
34.44138610330993
 72
     2
 10
170.0999473947886
 20
33.94138610330993
 40
0.5
 50
90.0
 51
180.0
 73
     1
 72
     1
 10
169.5999473947886
 20
33.94138610330993
 11
169.5999473947886
 21
27.94138610330993
 72
     2
 10
170.0999473947886
 20
27.94138610330993
 40
0.5
 50
180.0
 51
270.0
 73
     1
 72
     1
 10
170.0999473947886
 20
27.44138610330992
 11
172.5999473947886
 21
27.44138610330992
 72
     1
 10
172.5999473947886
 20
27.44138610330992
 11
172.5999473947886
 21
29.94138610330992
 72
     1
 10
172.5999473947886
 20
29.94138610330992
 11
173.0999473947886
 21
29.94138610330992
 72
     2
 10
173.0999473947884
 20
28.94138610330969
 40
1.000000000000227
 50
270.000000000013
 51
359.999999999987
 73
     0
 72
     1
 10
174.0999473947885
 20
28.94138610330993
 11
174.0999473947885
 21
28.24138610312366
 72
     2
 10
174.5999473947886
 20
28.24138610312366
 40
0.5
 50
180.0
 51
270.0
 73
     1
 72
     1
 10
174.5999473947886
 20
27.74138610312366
 11
179.5999473947886
 21
27.74138610312366
 72
     2
 10
179.5999473947886
 20
27.44138610330992
 40
0.2999999998137355
 50
270.0
 51
360.0
 73
     0
 72
     1
 10
179.8999473946023
 20
27.44138610330992
 11
179.8999473946023
 21
19.54138610340305
 72
     2
 10
180.1999473948817
 20
19.54138610340305
 40
0.3000000002793968
 50
180.0
 51
270.0
 73
     1
 72
     1
 10
180.1999473948817
 20
19.24138610312366
 11
182.9059462444711
 21
19.24138610312366
 72
     2
 10
182.9059462444711
 20
18.24138610312366
 40
1.0
 50
270.0
 51
360.0
 73
     0
 72
     1
 10
183.9059462444711
 20
18.24138610312366
 11
183.9059462444711
 21
17.24138610312366
 72
     2
 10
182.9059462444709
 20
17.24138610312389
 40
1.000000000000227
 50
0.0000000000130276
 51
89.99999999998697
 73
     0
 72
     1
 10
182.9059462444711
 20
16.24138610312366
 11
182.4059462444711
 21
16.24138610312366
 72
     1
 10
182.4059462444711
 20
16.24138610312366
 11
182.4059462444711
 21
17.24138610312366
 72
     2
 10
181.9059462444711
 20
17.24138610312366
 40
0.5
 50
0.0
 51
90.0
 73
     1
 72
     1
 10
181.9059462444711
 20
17.74138610312366
 11
180.3999473946023
 21
17.74138610312366
 72
     2
 10
180.3999473946023
 20
17.24138610312366
 40
0.5
 50
90.0
 51
180.0
 73
     1
 72
     1
 10
179.8999473946023
 20
17.24138610312366
 11
179.8999473946023
 21
12.24138610312366
 97
        1
330
B1
 75
     1
 76
     1
 52
0.0
 41
1.0
 77
     0
 78
     2
 53
0.0
 43
71868.15317728412
 44
-7911.984518571578
 45
0.0
 46
6.985
 79
     2
 49
5.08
 49
-1.905
 53
90.0
 43
71868.15317728412
 44
-7911.984518571578
 45
-6.985
 46
0.0000000000000004
 79
     2
 49
5.08
 49
-1.905
 98
        1
 10
3815.802264887578
 20
-927.9544589537833
1001
GradientColor1ACI
1070
     5
1001
GradientColor2ACI
1070
     2
1001
ACAD
1010
0.0
1020
0.0
1030
0.0
1001
ACDBBLOCKREPETAG
1070
     1
1071
       32
1005
0
  0
HATCH
  5
A4
330
73
100
AcDbEntity
  8
ART_TARAMA
100
AcDbHatch
 10
0.0
 20
0.0
 30
0.0
210
0.0
220
0.0
230
1.0
  2
ANSI31
 70
     0
 71
     0
 91
        5
 92
        7
 72
     1
 73
     1
 93
      125
 10
139.7553273762896
 20
35.94138610330992
 42
-0.4142135623730951
 10
139.4553273762431
 20
36.24138610335649
 42
0.0
 10
139.4553273762431
 20
37.29138610340307
 42
0.4142135623730951
 10
138.4553273762431
 20
38.29138610340307
 42
0.0
 10
137.955327376243
 20
38.29138610340307
 42
0.0
 10
137.955327376243
 20
35.64138610349619
 42
0.0
 10
133.8553273761499
 20
35.64138610349619
 42
-0.4142135623730949
 10
133.5553273763362
 20
35.94138610330992
 42
0.0
 10
133.5553273763362
 20
41.84138610344962
 42
-0.4142135623730951
 10
133.8553273763827
 20
42.14138610349619
 42
0.0
 10
137.955327376243
 20
42.14138610349619
 42
0.0
 10
137.955327376243
 20
41.29138610340304
 42
0.0
 10
138.4553273762431
 20
41.29138610340304
 42
0.4142135623730951
 10
139.4553273762431
 20
42.29138610340306
 42
0.0
 10
139.4553273762431
 20
42.64138610349617
 42
0.4142135623730951
 10
138.955327376243
 20
43.14138610349618
 42
0.0
 10
128.3553273761499
 20
43.14138610349618
 42
0.0
 10
128.0553273763362
 20
42.84138610321678
 42
0.0
 10
127.7553273765224
 20
43.14138610349618
 42
0.0
 10
107.7553273765224
 20
43.14138610349618
 42
0.4142135623730952
 10
107.4553273762431
 20
42.84138610321678
 42
0.0
 10
107.4553273762431
 20
42.14138610349619
 42
0.0
 10
106.2553273765225
 20
42.14138610349619
 42
0.0
 10
106.2553273765225
 20
56.44138610330991
 42
0.0
 10
107.4553273762431
 20
56.44138610330991
 42
0.0
 10
107.4553273762431
 20
55.7413861033565
 42
0.4142135623730951
 10
107.7553273762896
 20
55.44138610330993
 42
0.0
 10
108.1553273764292
 20
55.44138610330993
 42
0.4142135623730951
 10
108.4553273762431
 20
55.74138610312365
 42
0.0
 10
108.4553273762431
 20
56.44138610330991
 42
0.0
 10
110.1553273764293
 20
56.44138610330991
 42
0.4142135623730951
 10
110.4553273762431
 20
56.74138610312365
 42
0.0
 10
110.4553273762431
 20
57.94138610330993
 42
0.4142135623671973
 10
109.4553273762576
 20
58.94138610330991
 42
0.4142135623789917
 10
109.1553273764293
 20
58.64138610348163
 42
0.0
 10
109.1553273764293
 20
57.94138610330993
 42
0.0
 10
106.4553273762431
 20
57.94138610330993
 42
0.0
 10
106.4553273762431
 20
61.14138610349619
 42
-0.4142135623730966
 10
107.955327376243
 20
62.64138610349618
 42
0.0
 10
109.1553273764293
 20
62.64138610349618
 42
0.0
 10
109.1553273764293
 20
61.94138610330991
 42
0.4142135623729078
 10
109.4553273762431
 20
61.64138610349619
 42
0.4142135623732845
 10
110.4553273762431
 20
62.64138610349618
 42
0.0
 10
110.4553273762431
 20
63.84138610343507
 42
0.4142135623730951
 10
110.1553273761819
 20
64.14138610349619
 42
0.0
 10
107.6553273764293
 20
64.14138610349619
 42
0.4142135623730951
 10
104.6553273764293
 20
61.14138610349619
 42
0.0
 10
104.6553273764293
 20
26.24138610312366
 42
0.4142135623730952
 10
104.955327376243
 20
25.94138610330992
 42
0.0
 10
159.9999473946955
 20
25.94138610330992
 42
0.0
 10
159.9999473946955
 20
25.41380005500105
 42
-0.4091691634031436
 10
160.5000121006596
 20
24.92200832688832
 42
-0.0956604446525135
 10
159.9999473946955
 20
23.60399380848685
 42
0.0
 10
159.9999473946955
 20
21.56266118238272
 42
0.0
 10
160.4799159113317
 20
20.7313313257182
 42
-0.8390996312606514
 10
160.2535939593217
 20
20.54142465926998
 42
0.0
 10
159.9999473946955
 20
20.75425939813431
 42
0.0
 10
159.9999473946955
 20
19.36266118247295
 42
0.0
 10
160.4799159113463
 20
18.53133132551738
 42
-0.8390996311976095
 10
160.2535939593217
 20
18.34142465908371
 42
0.0
 10
159.9999473946955
 20
18.55425939794804
 42
0.0
 10
159.9999473946955
 20
17.16266118260682
 42
0.0
 10
160.4799159113317
 20
16.33133132581133
 42
-0.8390996312313044
 10
160.2535939593217
 20
16.14142465936311
 42
0.0
 10
159.9999473946955
 20
16.35425939822743
 42
0.0
 10
159.9999473946955
 20
14.96266118256608
 42
0.0
 10
160.4799159113463
 20
14.13133132561052
 42
-0.8390996311280037
 10
160.2535939593363
 20
13.94142465914774
 42
0.0
 10
159.9999473946955
 20
14.15425939796842
 42
0.0
 10
159.9999473946955
 20
10.54138610340305
 42
0.4142135623730949
 10
160.2999473949749
 20
10.24138610312366
 42
0.0
 10
173.0999473945558
 20
10.24138610312366
 42
0.4142135623730951
 10
173.3999473946023
 20
10.54138610317022
 42
0.0
 10
173.3999473946023
 20
18.74642861026223
 42
-0.0655434628376594
 10
173.5123921679478
 20
19.60053145958227
 42
0.0
 10
173.8010590319609
 20
20.67785086215008
 42
-0.3394542588384779
 10
175.0567626062256
 20
21.64138610349619
 42
0.0
 10
175.8999473946023
 20
21.64138610349619
 42
0.0
 10
176.7431321832118
 20
21.64138610349619
 42
-0.3394542589509175
 10
177.9988357578986
 20
20.67785086142249
 42
0.0
 10
178.2875026215915
 20
19.6005314583017
 42
-0.0655434627364043
 10
178.3999473946023
 20
18.74642861026223
 42
0.0
 10
178.3999473946023
 20
10.04138610340305
 42
0.4142135623730935
 10
178.6999473948817
 20
9.741386103123659
 42
0.0
 10
183.4059462444711
 20
9.741386103123659
 42
0.4142135623730951
 10
183.9059462444711
 20
10.24138610312366
 42
0.0
 10
183.9059462444711
 20
11.34138610321679
 42
-0.4142135623730951
 10
184.2059462442848
 20
11.64138610303052
 42
0.0
 10
188.4999473946955
 20
11.64138610303052
 42
0.4142135623730951
 10
188.7999473949749
 20
11.94138610330992
 42
0.0
 10
188.7999473949749
 20
12.94138610307709
 42
0.4142135623730935
 10
188.4999473949283
 20
13.24138610312366
 42
0.0
 10
182.4059462444711
 20
13.24138610312366
 42
0.0
 10
182.4059462444711
 20
11.24138610312366
 42
0.0
 10
180.3999473946023
 20
11.24138610312366
 42
-0.4142135623730951
 10
179.8999473946023
 20
11.74138610312366
 42
0.0
 10
179.8999473946023
 20
17.24138610312366
 42
-0.4142135623730951
 10
180.3999473946023
 20
17.74138610312366
 42
0.0
 10
181.9059462444711
 20
17.74138610312366
 42
-0.4142135623730951
 10
182.4059462444711
 20
17.24138610312366
 42
0.0
 10
182.4059462444711
 20
16.24138610312366
 42
0.0
 10
182.9059462444711
 20
16.24138610312366
 42
0.4142135623730951
 10
183.9059462444711
 20
17.24138610312366
 42
0.0
 10
183.9059462444711
 20
18.24138610312366
 42
0.4142135623730951
 10
182.9059462444711
 20
19.24138610312366
 42
0.0
 10
180.1999473948817
 20
19.24138610312366
 42
-0.414213562373094
 10
179.8999473946023
 20
19.54138610340305
 42
0.0
 10
179.8999473946023
 20
27.44138610330992
 42
0.4142135623730951
 10
179.5999473947886
 20
27.74138610312366
 42
0.0
 10
174.5999473947886
 20
27.74138610312366
 42
-0.4142135623730951
 10
174.0999473947885
 20
28.24138610312366
 42
0.0
 10
174.0999473947885
 20
28.94138610330993
 42
0.4142135623730951
 10
173.0999473947886
 20
29.94138610330992
 42
0.0
 10
172.5999473947886
 20
29.94138610330992
 42
0.0
 10
172.5999473947886
 20
27.44138610330992
 42
0.0
 10
170.0999473947886
 20
27.44138610330992
 42
-0.4142135623730951
 10
169.5999473947886
 20
27.94138610330993
 42
0.0
 10
169.5999473947886
 20
33.94138610330993
 42
-0.4142135623730951
 10
170.0999473947886
 20
34.44138610330993
 42
0.0
 10
172.5999473947886
 20
34.44138610330993
 42
0.0
 10
172.5999473947886
 20
32.94138610330993
 42
0.0
 10
173.0999473947886
 20
32.94138610330993
 42
0.4142135623730951
 10
174.0999473947885
 20
33.94138610330993
 42
0.0
 10
174.0999473947885
 20
35.44138610330993
 42
0.4142135623730951
 10
173.5999473947886
 20
35.94138610330992
 42
0.0
 97
        0
 92
        8
 93
        4
 72
     1
 10
132.0025937812606
 20
29.15366182393336
 11
141.4462158822134
 21
29.15366182393336
 72
     1
 10
141.4462158822134
 20
29.15366182393336
 11
141.4462158822134
 21
32.06392785394565
 72
     1
 10
141.4462158822134
 20
32.06392785394565
 11
132.0025937812606
 21
32.06392785394565
 72
     1
 10
132.0025937812606
 20
32.06392785394565
 11
132.0025937812606
 21
29.15366182393336
 97
        0
 92
        8
 93
        4
 72
     1
 10
168.490092159278
 20
13.53911625230103
 11
168.490092159278
 21
22.98273835325381
 72
     1
 10
168.490092159278
 20
22.98273835325381
 11
165.5798261292657
 21
22.98273835325381
 72
     1
 10
165.5798261292657
 20
22.98273835325381
 11
165.5798261292657
 21
13.53911625230103
 72
     1
 10
165.5798261292657
 20
13.53911625230103
 11
168.490092159278
 21
13.53911625230103
 97
        0
 92
        4
 93
       20
 72
     1
 10
167.7999473949749
 20
34.14138610349619
 11
132.3553273761499
 21
34.14138610349619
 72
     2
 10
132.3553273761499
 20
34.44138610330993
 40
0.2999999998140766
 50
450.0
 51
539.9999999999566
 73
     0
 72
     1
 10
132.0553273763362
 20
34.44138610330993
 11
132.0553273763362
 21
41.34138610321679
 72
     2
 10
131.7553273760568
 20
41.34138610321679
 40
0.3000000002789421
 50
-0.000000000065125
 51
90.00000000008688
 73
     1
 72
     1
 10
131.7553273760568
 20
41.64138610349619
 11
109.2553273765225
 21
41.64138610349619
 72
     2
 10
109.2553273765225
 20
41.34138610321679
 40
0.3000000002798516
 50
-270.0
 51
-180.0000000000651
 73
     1
 72
     1
 10
108.955327376243
 20
41.34138610321679
 11
108.955327376243
 21
40.94138610330992
 72
     2
 10
108.6553273764293
 20
40.94138610330992
 40
0.2999999998132808
 50
359.9999999999349
 51
450.0000000000867
 73
     0
 72
     1
 10
108.6553273764293
 20
40.64138610349618
 11
106.555327376569
 21
40.64138610349618
 72
     2
 10
106.555327376569
 20
40.34138610344961
 40
0.3000000000463388
 50
-270.0
 51
-179.9999999999565
 73
     1
 72
     1
 10
106.2553273765225
 20
40.34138610344961
 11
106.2553273765225
 21
35.44138610330993
 72
     2
 10
106.5553273763362
 20
35.44138610330993
 40
0.2999999998132808
 50
-180.0000000000651
 51
-89.99999999991315
 73
     1
 72
     1
 10
106.5553273763362
 20
35.14138610349619
 11
107.4553273762431
 21
35.14138610349619
 72
     2
 10
107.4553273762431
 20
34.84138610321679
 40
0.3000000002798516
 50
630.0
 51
719.9999999999349
 73
     0
 72
     1
 10
107.7553273765224
 20
34.84138610321679
 11
107.7553273765224
 21
34.44138610354276
 72
     2
 10
107.4553273764759
 20
34.44138610354276
 40
0.3000000000465662
 50
359.9999999999131
 51
450.0
 73
     0
 72
     1
 10
107.4553273764759
 20
34.14138610349619
 11
106.2553273765225
 21
34.14138610349619
 72
     1
 10
106.2553273765225
 20
34.14138610349619
 11
106.2553273765225
 21
27.44138610330992
 72
     1
 10
106.2553273765225
 20
27.44138610330992
 11
167.7999473949749
 21
27.44138610330992
 72
     1
 10
167.7999473949749
 20
27.44138610330992
 11
167.7999473949749
 21
34.14138610349619
 97
        0
 92
        4
 93
       13
 72
     1
 10
175.0567626060656
 20
23.14138610349619
 11
175.8999473945878
 21
23.14138610349619
 72
     1
 10
175.8999473946023
 20
23.14138610349619
 11
176.743132182557
 21
23.14138610349619
 72
     2
 10
176.743132182557
 20
20.34138610343507
 40
2.800000000061345
 50
630.0
 51
655.9560976950385
 73
     0
 72
     2
 10
178.0999473945267
 20
23.12868811099907
 40
0.3000000000747558
 50
-115.9560976949664
 51
-0.0000000000433955
 73
     1
 72
     1
 10
178.3999473946023
 20
23.12868811099907
 11
178.3999473946023
 21
25.64138610349619
 72
     2
 10
178.0999473947886
 20
25.64138610349619
 40
0.2999999998132808
 50
-0.000000000065125
 51
90.00000000008688
 73
     1
 72
     1
 10
178.0999473947886
 20
25.94138610330992
 11
161.7999473945092
 21
25.94138610330992
 72
     1
 10
161.7999473945092
 20
25.94138610330992
 11
161.7999473945092
 21
11.74138610312366
 72
     1
 10
161.7999473945092
 20
11.74138610312366
 11
171.8999473946023
 21
11.74138610312366
 72
     1
 10
171.8999473946023
 20
11.74138610312366
 11
171.8999473946023
 21
18.74642861061147
 72
     2
 10
176.6999473940086
 20
18.74642861061147
 40
4.799999999414012
 50
540.0000000000135
 51
554.9999999989394
 73
     0
 72
     1
 10
172.0635034283623
 20
19.98876002687029
 11
172.3521702923026
 21
21.06607942961273
 72
     2
 10
175.0567626060656
 20
20.34138610334776
 40
2.800000000148951
 50
554.999999998908
 51
630.0
 73
     0
 97
        0
 75
     0
 76
     1
 52
0.0
 41
0.1
 77
     0
 78
     1
 53
45.0
 43
71868.15317728412
 44
-7911.984518571578
 45
-0.2245064030267288
 46
0.2245064030267288
 79
     0
 47
0.0448804325902573
 98
        5
 10
168.0126493574207
 20
34.78918348602019
 10
168.0126493574207
 20
34.78918348602019
 10
167.8784628231515
 20
19.53234589556814
 10
131.4865897426934
 20
33.01834163174499
 10
168.0126493574207
 20
34.78918348602019
1001
GradientColor1ACI
1070
     5
1001
GradientColor2ACI
1070
     2
1001
ACAD
1010
0.0
1020
0.0
1030
0.0
1001
ACDBBLOCKREPETAG
1070
     1
1071
       33
1005
0
  0
LWPOLYLINE
  5
A5
102
{ACAD_REACTORS
330
A1
102
}
330
73
100
AcDbEntity
  8
ART_PROFIL
 48
0.5
370
    -2
100
AcDbPolyline
 90
       20
 70
     1
 43
0.0
 10
132.0553273763362
 20
41.34138610321679
 42
0.4142135623730951
 10
131.7553273760568
 20
41.64138610349619
 10
109.2553273765225
 20
41.64138610349619
 42
0.4142135623728735
 10
108.955327376243
 20
41.34138610321679
 10
108.955327376243
 20
40.94138610330992
 42
-0.4142135623730951
 10
108.6553273764293
 20
40.64138610349618
 10
106.5553273763362
 20
40.64138610349618
 42
0.4142135623730951
 10
106.2553273765225
 20
40.34138610321678
 10
106.2553273765225
 20
35.44138610330993
 42
0.4142135623728729
 10
106.5553273763362
 20
35.14138610349619
 10
107.4553273762431
 20
35.14138610349619
 42
-0.4142135623728729
 10
107.7553273765224
 20
34.84138610321679
 10
107.7553273765224
 20
34.44138610330993
 42
-0.4142135623730951
 10
107.4553273762431
 20
34.14138610349619
 10
106.2553273765225
 20
34.14138610349619
 10
106.2553273765225
 20
27.44138610330992
 10
167.7999473949749
 20
27.44138610330992
 10
167.7999473949749
 20
34.14138610349619
 10
132.3553273761499
 20
34.14138610349619
 42
-0.4142135623728729
 10
132.0553273763362
 20
34.44138610330993
1001
ACDBBLOCKREPETAG
1070
     1
1071
       34
1005
0
  0
HATCH
  5
A8
330
73
100
AcDbEntity
  8
ART_TARAMA
100
AcDbHatch
 10
0.0
 20
0.0
 30
0.0
210
0.0
220
0.0
230
1.0
  2
ANSI37
 70
     0
 71
     0
 91
        2
 92
        1
 93
       64
 72
     2
 10
168.0935373953398
 20
65.35367873185896
 40
0.2000000000829667
 50
239.9999999861489
 51
269.9999999861256
 73
     0
 72
     1
 10
168.0935373948741
 20
65.55367873204523
 11
168.2999473949749
 21
65.55367873204523
 72
     2
 10
168.2999473949749
 20
65.15367873213836
 40
0.3999999999941793
 50
270.0000000041689
 51
360.0000000041688
 73
     0
 72
     1
 10
168.6999473953474
 20
65.15367873213836
 11
168.6999473953474
 21
64.55367873204522
 72
     1
 10
168.6999473953474
 20
64.55367873204522
 11
168.5999473952542
 21
64.55367873204522
 72
     1
 10
168.5999473952542
 20
64.55367873204522
 11
168.5999473952542
 21
64.17867873204523
 72
     2
 10
168.399947395068
 20
64.17867873204523
 40
0.1999999999825377
 50
359.9999999916624
 51
449.9999999916624
 73
     0
 72
     1
 10
168.399947395068
 20
63.97867873185895
 11
168.2881411267299
 21
63.97867873185895
 72
     2
 10
168.2881411267299
 20
64.17867873204523
 40
0.1999999999388108
 50
449.9999999945934
 51
475.0078332306349
 73
     0
 72
     2
 10
167.9499473953474
 20
63.45367873195209
 40
0.6000000000194572
 50
64.99216676396141
 51
295.0078332360385
 73
     1
 72
     2
 10
168.2881411267299
 20
62.72867873185895
 40
0.1999999999679858
 50
244.9921667317202
 51
269.9999999677568
 73
     0
 72
     1
 10
168.2881411267299
 20
62.92867873204523
 11
168.3999473955337
 21
62.92867873204523
 72
     2
 10
168.399947395068
 20
62.72867873185895
 40
0.1999999999825377
 50
270.0000000083377
 51
360.0000000083376
 73
     0
 72
     1
 10
168.5999473952542
 20
62.72867873185895
 11
168.5999473952542
 21
62.35367873185897
 72
     1
 10
168.5999473952542
 20
62.35367873185897
 11
168.6999473953474
 21
62.35367873185897
 72
     1
 10
168.6999473953474
 20
62.35367873185897
 11
168.6999473953474
 21
61.75367873176583
 72
     2
 10
168.2999473949749
 20
61.75367873176583
 40
0.3999999999650755
 50
360.0
 51
450.0
 73
     0
 72
     1
 10
168.2999473949749
 20
61.35367873185895
 11
168.0935373948741
 21
61.35367873185895
 72
     2
 10
168.0935373948741
 20
61.55367873204522
 40
0.2000000000539428
 50
449.9999999828037
 51
479.9999999827742
 73
     0
 72
     1
 10
167.9935373952466
 20
61.38047365113743
 11
166.2337293955352
 21
62.39649905511759
 72
     2
 10
165.8337293951626
 20
61.7036787319521
 40
0.8000000000265574
 50
60.0000000052644
 51
90.00000000527611
 73
     1
 72
     1
 10
165.8337293951626
 20
62.50367873176582
 11
164.5149833951
 21
62.50367873176582
 72
     2
 10
164.5149833951
 20
62.70367873195209
 40
0.200000000023043
 50
449.9999999946586
 51
504.9999999946854
 73
     0
 72
     1
 10
164.3511529862735
 20
62.58896344449023
 11
162.4049748042453
 21
65.36839401922771
 72
     2
 10
162.2411443949531
 20
65.25367873176581
 40
0.199999999996635
 50
34.99999998105689
 51
89.99999998097989
 73
     1
 72
     1
 10
162.2411443949531
 20
65.4536787319521
 11
160.7587503949035
 21
65.4536787319521
 72
     2
 10
160.7587503949035
 20
65.25367873176581
 40
0.1999999999962453
 50
90.00000001902019
 51
145.0000000190498
 73
     1
 72
     1
 10
160.594919986077
 20
65.36839401922771
 11
158.648741803583
 21
62.58896344449023
 72
     2
 10
158.4849113952223
 20
62.70367873195209
 40
0.2000000000230103
 50
395.0000000053146
 51
450.0000000053413
 73
     0
 72
     1
 10
158.4849113952223
 20
62.50367873176582
 11
157.1661653951596
 21
62.50367873176582
 72
     2
 10
157.1661653951596
 20
61.7036787319521
 40
0.8000000000270498
 50
89.99999999474024
 51
119.9999999947332
 73
     1
 72
     1
 10
156.7661653952527
 20
62.39649905511759
 11
155.0063573950756
 21
61.38047365113743
 72
     2
 10
154.9063573949825
 20
61.55367873204522
 40
0.2000000000539331
 50
420.0000000172821
 51
450.0000000172615
 73
     0
 72
     1
 10
154.9063573949825
 20
61.35367873185895
 11
154.6999473948817
 21
61.35367873185895
 72
     2
 10
154.6999473953474
 20
61.75367873176583
 40
0.3999999999650755
 50
89.99999999999998
 51
180.0
 73
     0
 72
     1
 10
154.2999473949748
 20
61.75367873176583
 11
154.2999473949748
 21
62.35367873185897
 72
     1
 10
154.2999473949748
 20
62.35367873185897
 11
154.399947395068
 21
62.35367873185897
 72
     1
 10
154.399947395068
 20
62.35367873185897
 11
154.399947395068
 21
62.72867873185895
 72
     2
 10
154.5999473952543
 20
62.72867873185895
 40
0.1999999999825377
 50
179.9999999916624
 51
269.9999999916624
 73
     0
 72
     1
 10
154.5999473952543
 20
62.92867873204523
 11
154.7117536635924
 21
62.92867873204523
 72
     2
 10
154.7117536635924
 20
62.72867873185895
 40
0.1999999999679929
 50
270.0000000322432
 51
295.0078332682798
 73
     0
 72
     2
 10
155.0499473949749
 20
63.45367873195209
 40
0.6000000000194572
 50
244.9921667639614
 51
475.0078332360385
 73
     1
 72
     2
 10
154.7117536635924
 20
64.17867873204523
 40
0.1999999999388819
 50
424.9921667693647
 51
450.0000000054063
 73
     0
 72
     1
 10
154.7117536635924
 20
63.97867873185895
 11
154.5999473947886
 21
63.97867873185895
 72
     2
 10
154.5999473952543
 20
64.17867873204523
 40
0.1999999999825377
 50
90.00000000833756
 51
180.0000000083376
 73
     0
 72
     1
 10
154.399947395068
 20
64.17867873204523
 11
154.399947395068
 21
64.55367873204522
 72
     1
 10
154.399947395068
 20
64.55367873204522
 11
154.2999473949748
 21
64.55367873204522
 72
     1
 10
154.2999473949748
 20
64.55367873204522
 11
154.2999473949748
 21
65.15367873213836
 72
     2
 10
154.6999473953474
 20
65.15367873213836
 40
0.3999999999941793
 50
179.9999999958312
 51
269.9999999958312
 73
     0
 72
     1
 10
154.6999473953474
 20
65.55367873204523
 11
154.9063573954481
 21
65.55367873204523
 72
     2
 10
154.9063573949825
 20
65.35367873185896
 40
0.2000000000211996
 50
270.0000000237101
 51
299.9999946825517
 73
     0
 72
     1
 10
155.0063573787774
 20
65.52688382207996
 11
156.7661653947871
 21
64.51085840878659
 72
     2
 10
157.1661653951596
 20
65.20367873195209
 40
0.800000000056116
 50
239.9999999974832
 51
269.9999999974759
 73
     1
 72
     1
 10
157.1661653951596
 20
64.40367873213836
 11
157.4437773953978
 21
64.40367873213836
 72
     2
 10
157.4437773949321
 20
64.70367873195209
 40
0.3000000000066031
 50
269.9999999974377
 51
324.9999999974665
 73
     1
 72
     1
 10
157.6895230086375
 20
64.53160580122494
 11
159.6058429865952
 21
67.26839401960024
 72
     2
 10
159.7696733949559
 20
67.15367873213835
 40
0.200000000023465
 50
215.000000005384
 51
270.0000000052761
 73
     0
 72
     1
 10
159.7696733949559
 20
67.35367873185897
 11
163.2302213949006
 21
67.35367873185897
 72
     2
 10
163.2302213953662
 20
67.15367873213835
 40
0.200000000023043
 50
269.9999999946587
 51
324.9999999946854
 73
     0
 72
     1
 10
163.3940518041927
 20
67.26839401913458
 11
165.3103717821504
 21
64.53160580075928
 72
     2
 10
165.5561173949245
 20
64.70367873195209
 40
0.2999999999506144
 50
214.9999999969709
 51
269.9999999970038
 73
     1
 72
     1
 10
165.5561173949245
 20
64.40367873213836
 11
165.833729394697
 21
64.40367873213836
 72
     2
 10
165.8337293951626
 20
65.20367873195209
 40
0.8000000000556802
 50
-89.99999999749219
 51
-59.99999999748095
 73
     1
 72
     1
 10
166.2337293950695
 20
64.51085840878659
 11
167.9935373952466
 21
65.52688381230109
 97
        0
 92
        1
 93
        2
 72
     2
 10
168.0935373953398
 20
53.83715404631221
 40
0.2000000000829667
 50
90.00000001387439
 51
120.0000000138511
 73
     0
 72
     2
 10
168.0935373953398
 20
53.83715404631221
 40
0.2000000000830369
 50
239.9999999861487
 51
269.9999999861258
 73
     1
 97
        0
 75
     0
 76
     1
 52
-0.0000000000000254
 41
0.3
 77
     0
 78
     2
 53
44.99999999999999
 43
71111.76423606237
 44
-4898.248379230103
 45
-0.6735192090801863
 46
0.6735192090801867
 79
     0
 53
134.9999999999999
 43
71111.76423606237
 44
-4898.248379230103
 45
-0.6735192090801867
 46
-0.6735192090801863
 79
     0
 98
        1
 10
1708.405923278056
 20
2447.989978690778
1001
ACAD
1010
0.0
1020
0.0
1030
0.0
1001
ACDBBLOCKREPETAG
1070
     1
1071
       35
1005
0
  0
LWPOLYLINE
  5
A9
330
73
100
AcDbEntity
  8
ART_BARIYER
100
AcDbPolyline
 90
       66
 70
     0
 43
0.0
 10
167.9935373952466
 20
65.52688381276675
 42
-0.1316524975872427
 10
168.0935373948741
 20
65.55367873204523
 42
0.1316524975872427
 10
167.9935373952466
 20
65.52688381276675
 10
166.2337293950695
 20
64.51085840878659
 42
-0.1316524975874106
 10
165.8337293951626
 20
64.40367873213836
 10
165.5561173949245
 20
64.40367873213836
 42
-0.2446984432291633
 10
165.3103717816848
 20
64.53160580122494
 10
163.3940518041927
 20
67.26839401913458
 42
0.2446984432290996
 10
163.2302213949006
 20
67.35367873185897
 10
159.7696733949559
 20
67.35367873185897
 42
0.2446984432288626
 10
159.6058429861296
 20
67.26839401913458
 10
157.6895230086375
 20
64.53160580122494
 42
-0.2446984432290161
 10
157.4437773949321
 20
64.40367873213836
 10
157.1661653951596
 20
64.40367873213836
 42
-0.1316524975873632
 10
156.7661653952527
 20
64.51085840878659
 10
155.0063573787774
 20
65.52688382207996
 42
0.1316524738781093
 10
154.9063573949825
 20
65.55367873204523
 10
154.6999473953474
 20
65.55367873204523
 42
0.4142135623730961
 10
154.2999473949748
 20
65.15367873213836
 10
154.2999473949748
 20
64.55367873204522
 10
154.399947395068
 20
64.55367873204522
 10
154.399947395068
 20
64.17867873204523
 42
0.4142135623730951
 10
154.5999473952543
 20
63.97867873185895
 10
154.7117536635924
 20
63.97867873185895
 42
0.1095524007000913
 10
154.796302096438
 20
63.99742873213836
 42
-1.569922388263953
 10
154.796302096438
 20
62.90992873176582
 42
0.1095524007000913
 10
154.7117536635924
 20
62.92867873204523
 10
154.5999473952543
 20
62.92867873204523
 42
0.4142135623730951
 10
154.399947395068
 20
62.72867873185895
 10
154.399947395068
 20
62.35367873185897
 10
154.2999473949748
 20
62.35367873185897
 10
154.2999473949748
 20
61.75367873176583
 42
0.4142135623730919
 10
154.6999473953474
 20
61.35367873185895
 10
154.9063573949825
 20
61.35367873185895
 42
0.1316524975873982
 10
155.0063573950756
 20
61.38047365113743
 10
156.7661653952527
 20
62.39649905511759
 42
-0.1316524975873822
 10
157.1661653951596
 20
62.50367873176582
 10
158.4849113952223
 20
62.50367873176582
 42
0.2446984432291243
 10
158.6487418040487
 20
62.58896344449023
 10
160.594919986077
 20
65.36839401922771
 42
-0.2446984432291223
 10
160.7587503949035
 20
65.4536787319521
 10
162.2411443949531
 20
65.4536787319521
 42
-0.2446984432288639
 10
162.4049748037796
 20
65.36839401922771
 10
164.3511529862735
 20
62.58896344449023
 42
0.2446984432289917
 10
164.5149833951
 20
62.50367873176582
 10
165.8337293951626
 20
62.50367873176582
 42
-0.1316524975874312
 10
166.2337293950695
 20
62.39649905511759
 10
167.9935373952466
 20
61.38047365113743
 42
0.1316524975872053
 10
168.0935373948741
 20
61.35367873185895
 10
168.2999473949749
 20
61.35367873185895
 42
0.4142135623730982
 10
168.6999473953474
 20
61.75367873176583
 10
168.6999473953474
 20
62.35367873185897
 10
168.5999473952542
 20
62.35367873185897
 10
168.5999473952542
 20
62.72867873185895
 42
0.414213562373094
 10
168.399947395068
 20
62.92867873204523
 10
168.2881411267299
 20
62.92867873204523
 42
0.1095524007000914
 10
168.2035926938842
 20
62.90992873176582
 42
-1.569922388263953
 10
168.2035926938842
 20
63.99742873213836
 42
0.1095524007000913
 10
168.2881411267299
 20
63.97867873185895
 10
168.399947395068
 20
63.97867873185895
 42
0.4142135623730982
 10
168.5999473952542
 20
64.17867873204523
 10
168.5999473952542
 20
64.55367873204522
 10
168.6999473953474
 20
64.55367873204522
 10
168.6999473953474
 20
65.15367873213836
 42
0.414213562373094
 10
168.2999473949749
 20
65.55367873204523
 10
168.0935373948741
 20
65.55367873204523
1001
ACDBBLOCKREPETAG
1070
     1
1071
       36
1005
0
  0
HATCH
  5
AA
330
73
100
AcDbEntity
  8
ART_SILIKON
  6
Continuous
370
    -2
100
AcDbHatch
 10
0.0
 20
0.0
 30
0.0
210
0.0
220
0.0
230
1.0
  2
ANSI34
 70
     0
 71
     0
 91
        1
 92
        7
 72
     1
 73
     1
 93
        4
 10
179.7999473949749
 20
49.12419770998531
 42
-0.1752113850715109
 10
185.7999473949749
 20
49.12419770998531
 42
0.0
 10
185.7999473949749
 20
65.87430028352537
 42
0.0
 10
179.7999473949749
 20
65.87430028352537
 42
0.0
 97
        0
 75
     0
 76
     1
 52
89.99999999999998
 41
0.1
 77
     0
 78
     4
 53
134.9999999999999
 43
68934.77600422833
 44
-5375.090047540678
 45
-1.347038418160372
 46
-1.347038418160372
 79
     0
 53
134.9999999999999
 43
68934.77600422833
 44
-5374.64103454079
 45
-1.347038418160372
 46
-1.347038418160372
 79
     0
 53
134.9999999999999
 43
68934.77600422833
 44
-5374.192021540435
 45
-1.347038418160372
 46
-1.347038418160372
 79
     0
 53
134.9999999999999
 43
68934.77600422833
 44
-5373.743007540772
 45
-1.347038418160372
 46
-1.347038418160372
 79
     0
 47
0.0764599769616797
 98
        1
 10
182.6286805881973
 20
57.66644622912281
1001
ACAD
1010
0.0
1020
0.0
1030
0.0
1001
ACDBBLOCKREPETAG
1070
     1
1071
       37
1005
0
  0
HATCH
  5
AB
330
73
100
AcDbEntity
  8
ART_SILIKON
  6
Continuous
370
    -2
100
AcDbHatch
 10
0.0
 20
0.0
 30
0.0
210
0.0
220
0.0
230
1.0
  2
AR-HBONE
 70
     0
 71
     0
 91
        2
 92
        7
 72
     0
 73
     1
 93
        4
 10
185.7999473949749
 20
65.87430028352537
 10
185.7999473949749
 20
68.05953068812961
 10
179.7999473949749
 20
68.05953068812961
 10
179.7999473949749
 20
65.87430028352537
 97
        0
 92
        7
 72
     0
 73
     1
 93
        4
 10
179.7999473949749
 20
68.05953068812961
 10
185.7999473949749
 20
68.05953068812961
 10
185.7999473949749
 20
72.92300200244063
 10
179.7999473949749
 20
72.92300200244063
 97
        0
 75
     0
 76
     1
 52
-0.0000000000000127
 41
0.2
 77
     0
 78
     2
 53
44.99999999999999
 43
70815.12613390486
 44
-6294.589400925277
 45
0.0000000000000004
 46
1.131370849898475
 79
     2
 49
2.399999999999999
 49
-0.8
 53
134.9999999999999
 43
70815.69181932982
 44
-6294.023715500323
 45
0.0000000000000004
 46
1.131370849898475
 79
     2
 49
2.399999999999999
 49
-0.8
 47
0.0546208651504211
 98
        2
 10
182.3408808479871
 20
66.6841784484277
 10
181.8492992161628
 20
70.83928357591503
1001
ACDBBLOCKREPETAG
1070
     1
1071
       38
1005
0
  0
HATCH
  5
AC
330
73
100
AcDbEntity
  8
ART_TARAMA
370
    -2
100
AcDbHatch
 10
0.0
 20
0.0
 30
0.0
210
0.0
220
0.0
230
1.0
  2
ANSI37
 70
     0
 71
     1
 91
        3
 92
       16
 93
        4
 72
     1
 10
110.4147040392126
 20
60.86246635267161
 11
110.4147040392126
 21
59.66246635248535
 72
     1
 10
110.4147040392126
 20
59.66246635248535
 11
108.5147040393058
 21
59.66246635248535
 72
     2
 10
108.5147040393058
 20
60.26246635257848
 40
0.6000000000931323
 50
90.0
 51
270.0
 73
     0
 72
     1
 10
108.5147040393058
 20
60.86246635267161
 11
110.4147040392126
 21
60.86246635267161
 97
        1
330
AF
 92
       16
 93
        4
 72
     1
 10
114.1147040389332
 20
62.26246635257847
 11
114.1147040389332
 21
58.2624663525785
 72
     2
 10
112.6647040389798
 20
58.2624663525785
 40
1.449999999953432
 50
360.0
 51
540.0
 73
     0
 72
     1
 10
111.2147040390264
 20
58.2624663525785
 11
111.2147040390264
 21
62.26246635257847
 72
     2
 10
112.6647040389798
 20
62.26246635257847
 40
1.449999999953432
 50
180.0
 51
360.0
 73
     0
 97
        1
330
AD
 92
        1
 93
       14
 72
     1
 10
107.3975467514101
 20
59.55535957138636
 11
108.6025720047619
 21
58.35033431803458
 72
     2
 10
108.8147040390252
 20
58.56246635235314
 40
0.2999999999080498
 50
225.0000000074616
 51
360.0000000074611
 73
     1
 72
     1
 10
109.1147040389332
 20
58.56246635239221
 11
109.1147040389332
 21
58.86246635267161
 72
     1
 10
109.1147040389332
 20
58.86246635267161
 11
110.4147040392126
 21
58.86246635267161
 72
     1
 10
110.4147040392126
 20
58.86246635267161
 11
110.4147040392126
 21
58.2624663525785
 72
     2
 10
112.6647040392126
 20
58.2624663525785
 40
2.25
 50
180.0
 51
360.0
 73
     1
 72
     1
 10
114.9147040392126
 20
58.2624663525785
 11
114.9147040392126
 21
62.26246635257847
 72
     2
 10
112.6647040392126
 20
62.26246635257847
 40
2.25
 50
0.0
 51
180.0
 73
     1
 72
     1
 10
110.4147040392126
 20
62.26246635257847
 11
110.4147040392126
 21
61.66246635248535
 72
     1
 10
110.4147040392126
 20
61.66246635248535
 11
109.1147040389332
 21
61.66246635248535
 72
     1
 10
109.1147040389332
 20
61.66246635248535
 11
109.1147040389332
 21
61.96246635276475
 72
     2
 10
108.8147040390252
 20
61.96246635280381
 40
0.2999999999080529
 50
359.9999999925389
 51
494.9999999925384
 73
     1
 72
     1
 10
108.6025720047619
 20
62.17459838712239
 11
107.3975467514101
 21
60.9695731337706
 72
     2
 10
108.1046535326023
 20
60.26246635257848
 40
1.000000000007935
 50
135.0000000000028
 51
224.9999999999971
 73
     1
 97
        1
330
AE
 75
     0
 76
     1
 52
89.99999999999998
 41
0.5
 77
     0
 78
     2
 53
135.0
 43
71868.15317728412
 44
-7911.984518571578
 45
-1.122532015133643
 46
-1.122532015133643
 79
     0
 53
225.0
 43
71868.15317728412
 44
-7911.984518571578
 45
1.122532015133643
 46
-1.122532015133643
 79
     0
 98
        1
 10
149.1171700837876
 20
-1784.518602773867
1001
ACAD
1010
0.0
1020
0.0
1030
0.0
1001
ACDBBLOCKREPETAG
1070
     1
1071
       39
1005
0
  0
LWPOLYLINE
  5
AD
102
{ACAD_REACTORS
330
AC
102
}
330
73
100
AcDbEntity
  8
ART_FITIL
370
     5
100
AcDbPolyline
 90
        4
 70
     1
 43
0.0
 10
114.1147040389332
 20
62.26246635257847
 10
114.1147040389332
 20
58.2624663525785
 42
-0.9999999999999998
 10
111.2147040390264
 20
58.2624663525785
 10
111.2147040390264
 20
62.26246635257847
 42
-0.9999999999999998
1001
ACDBBLOCKREPETAG
1070
     1
1071
       40
1005
0
  0
LWPOLYLINE
  5
AE
102
{ACAD_REACTORS
330
AC
102
}
330
73
100
AcDbEntity
  8
ART_FITIL
370
     5
100
AcDbPolyline
 90
       14
 70
     1
 43
0.0
 10
107.3975467514101
 20
59.55535957138636
 10
108.6025720047619
 20
58.35033431803458
 42
0.6681786379192916
 10
109.1147040389332
 20
58.56246635239221
 10
109.1147040389332
 20
58.86246635267161
 10
110.4147040392126
 20
58.86246635267161
 10
110.4147040392126
 20
58.2624663525785
 42
0.9999999999999998
 10
114.9147040392126
 20
58.2624663525785
 10
114.9147040392126
 20
62.26246635257847
 42
0.9999999999999998
 10
110.4147040392126
 20
62.26246635257847
 10
110.4147040392126
 20
61.66246635248535
 10
109.1147040389332
 20
61.66246635248535
 10
109.1147040389332
 20
61.96246635276475
 42
0.6681786379192989
 10
108.6025720047619
 20
62.17459838712239
 10
107.3975467514101
 20
60.9695731337706
 42
0.4142135623730681
1001
ACDBBLOCKREPETAG
1070
     1
1071
       41
1005
0
  0
LWPOLYLINE
  5
AF
102
{ACAD_REACTORS
330
AC
102
}
330
73
100
AcDbEntity
  8
ART_FITIL
370
     5
100
AcDbPolyline
 90
        4
 70
     1
 43
0.0
 10
110.4147040392126
 20
60.86246635267161
 10
110.4147040392126
 20
59.66246635248535
 10
108.5147040393058
 20
59.66246635248535
 42
-0.9999999999999998
 10
108.5147040393058
 20
60.86246635267161
1001
ACDBBLOCKREPETAG
1070
     1
1071
       42
1005
0
  0
LWPOLYLINE
  5
B0
102
{ACAD_REACTORS
330
A1
102
}
330
73
100
AcDbEntity
  8
ART_PROFIL
 48
0.5
370
    -2
100
AcDbPolyline
 90
       13
 70
     1
 43
0.0
 10
178.3999473946023
 20
23.12868811111548
 10
178.3999473946023
 20
25.64138610349619
 42
0.414213562372901
 10
178.0999473947886
 20
25.94138610330992
 10
161.7999473945092
 20
25.94138610330992
 10
161.7999473945092
 20
11.74138610312366
 10
171.8999473946023
 20
11.74138610312366
 10
171.8999473946023
 20
18.74642861043685
 42
-0.0655434628152135
 10
172.0635034283477
 20
19.98876002678298
 10
172.3521702922735
 20
21.06607942949631
 42
-0.3394542588633595
 10
175.0567626058909
 20
23.14138610349619
 10
175.8999473946023
 20
23.14138610349619
 10
176.7431321833136
 20
23.14138610349619
 42
-0.113741565837358
 10
177.9686426967236
 20
22.85894920691498
 42
0.5540586596009664
1001
ACDBBLOCKREPETAG
1070
     1
1071
       43
1005
0
  0
LWPOLYLINE
  5
B1
102
{ACAD_REACTORS
330
A1
102
}
330
73
100
AcDbEntity
  8
ART_PROFIL
 48
0.5
370
    -2
100
AcDbPolyline
 90
      109
 70
     0
 43
0.0
 10
179.8999473946023
 20
17.24138610312366
 10
179.8999473946023
 20
11.74138610312366
 42
0.4142135623730951
 10
180.3999473946023
 20
11.24138610312366
 10
182.4059462444711
 20
11.24138610312366
 10
182.4059462444711
 20
13.24138610312366
 10
188.4999473946955
 20
13.24138610312366
 42
-0.4142135623730795
 10
188.7999473949749
 20
12.94138610330992
 10
188.7999473949749
 20
11.94138610330992
 42
-0.4142135623730744
 10
188.4999473946955
 20
11.64138610303052
 10
184.2059462442848
 20
11.64138610303052
 42
0.4142135623730951
 10
183.9059462444711
 20
11.34138610321679
 10
183.9059462444711
 20
10.24138610312366
 42
-0.4142135623730951
 10
183.4059462444711
 20
9.741386103123659
 10
178.6999473948817
 20
9.741386103123659
 42
-0.4142135623730799
 10
178.3999473946023
 20
10.04138610340305
 10
178.3999473946023
 20
18.74642861043685
 10
178.3999473946023
 20
18.74642861043685
 42
0.0655434628152045
 10
178.2875026212859
 20
19.60053145946585
 10
177.9988357578258
 20
20.67785086171352
 42
0.3394542588633894
 10
176.7431321833136
 20
21.64138610349619
 10
175.8999473946023
 20
21.64138610349619
 10
175.0567626058909
 20
21.64138610349619
 42
0.3394542588633892
 10
173.8010590318445
 20
20.67785086171352
 10
173.5123921679187
 20
19.60053145946585
 42
0.0655434628152045
 10
173.3999473946023
 20
18.74642861043685
 10
173.3999473946023
 20
10.54138610340305
 42
-0.4142135623731445
 10
173.0999473947886
 20
10.24138610312366
 10
160.2999473949749
 20
10.24138610312366
 42
-0.414213562372984
 10
159.9999473946955
 20
10.54138610340305
 10
159.9999473946955
 20
25.94138610330992
 10
104.955327376243
 20
25.94138610330992
 42
-0.4142135623732063
 10
104.6553273764293
 20
26.24138610312366
 10
104.6553273764293
 20
61.14138610349619
 42
-0.4142135623730951
 10
107.6553273764293
 20
64.14138610349619
 10
110.1553273764293
 20
64.14138610349619
 42
-0.4142135623446805
 10
110.4553273762431
 20
63.84138610321679
 10
110.4553273762431
 20
62.64138610349618
 42
-0.4142135623730951
 10
109.4553273762431
 20
61.64138610349619
 42
-0.4142135623739831
 10
109.1553273764293
 20
61.94138610330991
 10
109.1553273764293
 20
62.64138610349618
 10
107.955327376243
 20
62.64138610349618
 42
0.4142135623730951
 10
106.4553273762431
 20
61.14138610349619
 10
106.4553273762431
 20
57.94138610330993
 10
109.1553273764293
 20
57.94138610330993
 10
109.1553273764293
 20
58.64138610349619
 42
-0.4142135623451246
 10
109.4553273762431
 20
58.94138610330991
 42
-0.4142135623732285
 10
110.4553273762431
 20
57.94138610330993
 10
110.4553273762431
 20
56.74138610312365
 42
-0.414213562372984
 10
110.1553273764293
 20
56.44138610330991
 10
108.4553273762431
 20
56.44138610330991
 10
108.4553273762431
 20
55.74138610312365
 42
-0.414213562372984
 10
108.1553273764292
 20
55.44138610330993
 10
107.7553273765224
 20
55.44138610330993
 42
-0.414213562372984
 10
107.4553273762431
 20
55.74138610312365
 10
107.4553273762431
 20
56.44138610330991
 10
106.2553273765225
 20
56.44138610330991
 10
106.2553273765225
 20
42.14138610349619
 10
107.4553273762431
 20
42.14138610349619
 10
107.4553273762431
 20
42.84138610321678
 42
-0.4142135623729843
 10
107.7553273765224
 20
43.14138610349618
 10
127.7553273765224
 20
43.14138610349618
 10
128.0553273763362
 20
42.84138610321678
 10
128.3553273761499
 20
43.14138610349618
 10
138.955327376243
 20
43.14138610349618
 42
-0.4142135623730951
 10
139.4553273762431
 20
42.64138610349617
 10
139.4553273762431
 20
42.29138610340306
 42
-0.4142135623730951
 10
138.4553273762431
 20
41.29138610340304
 10
137.955327376243
 20
41.29138610340304
 10
137.955327376243
 20
42.14138610349619
 10
133.8553273761499
 20
42.14138610349619
 42
0.4142135623735391
 10
133.5553273763362
 20
41.84138610321679
 10
133.5553273763362
 20
35.94138610330992
 42
0.414213562373428
 10
133.8553273761499
 20
35.64138610349619
 10
137.955327376243
 20
35.64138610349619
 10
137.955327376243
 20
38.29138610340307
 10
138.4553273762431
 20
38.29138610340307
 42
-0.4142135623729619
 10
139.4553273762431
 20
37.29138610340307
 10
139.4553273762431
 20
36.24138610312365
 42
0.414213562373428
 10
139.7553273765224
 20
35.94138610330992
 10
173.5999473947886
 20
35.94138610330992
 42
-0.4142135623730284
 10
174.0999473947885
 20
35.44138610330993
 10
174.0999473947885
 20
33.94138610330993
 42
-0.4142135623729619
 10
173.0999473947886
 20
32.94138610330993
 10
172.5999473947886
 20
32.94138610330993
 10
172.5999473947886
 20
34.44138610330993
 10
170.0999473947886
 20
34.44138610330993
 42
0.4142135623730951
 10
169.5999473947886
 20
33.94138610330993
 10
169.5999473947886
 20
27.94138610330993
 42
0.4142135623730951
 10
170.0999473947886
 20
27.44138610330992
 10
172.5999473947886
 20
27.44138610330992
 10
172.5999473947886
 20
29.94138610330992
 10
173.0999473947886
 20
29.94138610330992
 42
-0.4142135623729619
 10
174.0999473947885
 20
28.94138610330993
 10
174.0999473947885
 20
28.24138610312366
 42
0.4142135623730951
 10
174.5999473947886
 20
27.74138610312366
 10
179.5999473947886
 20
27.74138610312366
 42
-0.4142135623730951
 10
179.8999473946023
 20
27.44138610330992
 10
179.8999473946023
 20
19.54138610340305
 42
0.414213562373094
 10
180.1999473948817
 20
19.24138610312366
 10
182.9059462444711
 20
19.24138610312366
 42
-0.4142135623730951
 10
183.9059462444711
 20
18.24138610312366
 10
183.9059462444711
 20
17.24138610312366
 42
-0.4142135623729619
 10
182.9059462444711
 20
16.24138610312366
 10
182.4059462444711
 20
16.24138610312366
 10
182.4059462444711
 20
17.24138610312366
 42
0.4142135623730951
 10
181.9059462444711
 20
17.74138610312366
 10
180.3999473946023
 20
17.74138610312366
 42
0.4142135623730951
 10
179.8999473946023
 20
17.24138610312366
 10
179.8999473946023
 20
12.24138610312366
1001
ACDBBLOCKREPETAG
1070
     1
1071
       44
1005
0
  0
LINE
  5
B2
330
73
100
AcDbEntity
  8
ART_PROFIL
 48
0.5
370
    -2
100
AcDbLine
 10
153.7999473949749
 20
85.64042265215539
 30
0.0
 11
153.7999473949749
 21
128.6158980823529
 31
0.0
1001
ACDBBLOCKREPETAG
1070
     1
1071
       45
1005
0
  0
LWPOLYLINE
  5
B3
330
73
100
AcDbEntity
  8
ART_BOND CITASI
370
    -2
100
AcDbPolyline
 90
        4
 70
     1
 43
0.0
 10
165.9999473946955
 20
81.92300200244062
 10
165.9999473946955
 20
72.92300200244063
 10
185.6999473948817
 20
72.92300200244063
 10
185.6999473948817
 20
81.92300200244062
1001
ACDBBLOCKREPETAG
1070
     1
1071
       46
1005
0
  0
LWPOLYLINE
  5
B6
330
73
100
AcDbEntity
  8
ART_BOND CITASI
370
    -2
100
AcDbPolyline
 90
        4
 70
     1
 43
0.0
 10
166.9999473946955
 20
80.92300200244062
 10
166.9999473946955
 20
73.92300200244062
 10
184.6999473948817
 20
73.92300200244062
 10
184.6999473948817
 20
80.92300200244062
1001
ACDBBLOCKREPETAG
1070
     1
1071
       47
1005
0
  0
HATCH
  5
B7
330
73
100
AcDbEntity
  8
ART_TARAMA
100
AcDbHatch
 10
0.0
 20
0.0
 30
0.0
210
0.0
220
0.0
230
1.0
  2
ANSI31
 70
     0
 71
     1
 91
        2
 92
        1
 93
       74
 72
     2
 10
171.6928406134143
 20
48.62419770998889
 40
0.5000000000035814
 50
45.00000000062182
 51
90.00000000046897
 73
     0
 72
     1
 10
171.6928406134102
 20
48.12419770998531
 11
170.899947395068
 21
48.12419770998531
 72
     2
 10
170.899947395068
 20
50.12419770998531
 40
2.0
 50
90.0
 51
180.0
 73
     0
 72
     1
 10
168.899947395068
 20
50.12419770998531
 11
168.899947395068
 21
51.94285005299025
 72
     1
 10
168.899947395068
 20
51.94285005299025
 11
167.6898473952751
 21
51.94285005299025
 72
     2
 10
167.6898473951808
 20
51.64285005304158
 40
0.2999999999486675
 50
89.99999998198399
 51
169.4788999828776
 73
     1
 72
     2
 10
167.1000325309687
 20
51.75225984007866
 40
0.2998767307592072
 50
10.49656253829967
 51
70.00996640160568
 73
     0
 72
     1
 10
167.2025473951216
 20
51.47045005267137
 11
165.8026085202435
 21
50.96097229808218
 72
     2
 10
165.6999854694656
 20
51.24284817872649
 40
0.2999758367602
 50
69.99486312645136
 51
184.9918049198287
 73
     0
 72
     1
 10
165.4011473948922
 20
51.2689500527049
 11
165.6077473950427
 21
53.63085005307222
 72
     2
 10
165.9065076655051
 20
53.60468187156261
 40
0.2999041062245299
 50
185.0057181136696
 51
225.0066684261382
 73
     0
 72
     1
 10
165.6944681210298
 20
53.81677077864877
 11
166.0585543964844
 21
54.18085705456906
 72
     2
 10
166.1999757526987
 20
54.03943569819951
 40
0.2000000000772532
 50
225.0000000314441
 51
345.0147273618247
 73
     0
 72
     1
 10
166.393174217068
 20
54.09114984903135
 11
166.4374473951611
 21
53.92575005270192
 72
     2
 10
166.6305505361978
 20
53.97748978534721
 40
0.1999145392722376
 50
194.9994191845631
 51
255.0148162184196
 73
     1
 72
     1
 10
166.5788587825226
 20
53.7843737952935
 11
168.5999473952542
 21
53.24285005280398
 72
     1
 10
168.5999473952542
 20
53.24285005280398
 11
168.7814971469197
 21
53.24285005280398
 72
     2
 10
168.7814971468438
 20
53.54285005295775
 40
0.3000000001537657
 50
270.0000000144931
 51
405.7799056752775
 73
     1
 72
     2
 10
169.199950624288
 20
53.97285070699357
 40
0.3000032292206945
 50
134.2204492080898
 51
179.9998750567809
 73
     0
 72
     1
 10
168.899947395068
 20
53.97285005278536
 11
168.899947395068
 21
57.84285005289712
 72
     2
 10
168.59994739504
 20
57.84285005314849
 40
0.3000000000280067
 50
359.9999999519894
 51
449.9999999590771
 73
     1
 72
     1
 10
168.5999473952542
 20
58.14285005317652
 11
168.3843473950255
 21
58.14285005271084
 72
     2
 10
168.3844022843451
 20
57.84304534613472
 40
0.2998047116007992
 50
90.01048991642505
 51
121.4079551717252
 73
     1
 72
     1
 10
168.2281656134728
 20
58.09892220670008
 11
166.7041417690779
 21
57.16874661916516
 72
     2
 10
166.5999473949832
 20
57.33946138821901
 40
0.1999999999152452
 50
58.60253473501449
 51
179.9999999979705
 73
     0
 72
     1
 10
166.399947395068
 20
57.33946138821193
 11
166.399947395068
 21
58.69186953981989
 72
     2
 10
166.6999473950626
 20
58.6918695395545
 40
0.2999999999945828
 50
180.0000000506853
 51
207.417448513705
 73
     0
 72
     1
 10
166.4336448358226
 20
58.83001057957881
 11
166.7523094853241
 21
59.44431905649253
 72
     2
 10
166.4860069257372
 20
59.58246009605491
 40
0.3000000000898014
 50
332.5825515951142
 51
387.4174514951111
 73
     1
 72
     1
 10
166.7523094778735
 20
59.72060114998021
 11
166.4336448428075
 21
60.33490952072315
 72
     2
 10
166.6999473951501
 20
60.47305057423404
 40
0.3000000000821199
 50
152.582548593289
 51
180.0000000416094
 73
     0
 72
     1
 10
166.399947395068
 20
60.47305057445193
 11
166.399947395068
 21
61.82545871767796
 72
     2
 10
166.5999473949829
 20
61.82545871767146
 40
0.1999999999149224
 50
180.0000000018646
 51
301.3974652651478
 73
     0
 72
     1
 10
166.7041417690779
 20
61.99617348672473
 11
168.2281656134728
 21
61.06599789918982
 72
     2
 10
168.3844022851735
 20
61.32187475952235
 40
0.2998047118337773
 50
238.5920446699707
 51
269.9895099252712
 73
     1
 72
     1
 10
168.3843473950255
 20
61.02207005271338
 11
168.5999473947886
 21
61.02207005271338
 72
     2
 10
168.5999473948136
 20
61.32207005296768
 40
0.3000000002542933
 50
269.9999999952069
 51
360.0000000047944
 73
     1
 72
     1
 10
168.899947395068
 20
61.32207005299278
 11
168.899947395068
 21
65.19207005310454
 72
     2
 10
169.1999506242814
 20
65.19206939889911
 40
0.3000032292141298
 50
180.0001249426899
 51
225.7795507924396
 73
     0
 72
     2
 10
168.7814971468438
 20
65.62207005293214
 40
0.3000000001537697
 50
314.2200943247233
 51
449.9999999855067
 73
     1
 72
     1
 10
168.7814971469197
 20
65.92207005308591
 11
168.5999473952542
 21
65.92207005308591
 72
     1
 10
168.5999473952542
 20
65.92207005308591
 11
166.5788587825226
 21
65.38054631013074
 72
     2
 10
166.6305505361978
 20
65.18743032007701
 40
0.1999145392722349
 50
104.9851837815803
 51
165.0005808154368
 73
     1
 72
     1
 10
166.4374473951611
 20
65.23917005272233
 11
166.393174217068
 21
65.07377025685855
 72
     2
 10
166.1999757526979
 20
65.12548440769345
 40
0.2000000000788331
 50
14.9852726389619
 51
134.9999999677757
 73
     0
 72
     1
 10
166.0585543964844
 20
64.98406305132085
 11
165.6944681205641
 21
65.34814932724112
 72
     2
 10
165.9065076652685
 20
65.56023823368585
 40
0.2999041059328511
 50
134.9933316914517
 51
174.9942820044658
 73
     0
 72
     1
 10
165.6077473950427
 20
65.53407005281768
 11
165.4011473948922
 21
67.89597005271935
 72
     2
 10
165.6999854696139
 20
67.92207192693057
 40
0.2999758369282227
 50
175.0081950383356
 51
290.0051368317122
 73
     0
 72
     1
 10
165.8026085202435
 20
68.2039478078077
 11
167.2025473951216
 21
67.69447005275289
 72
     2
 10
167.1000325313731
 20
67.412660265576
 40
0.2998767304044191
 50
289.9900335408311
 51
349.5034374034299
 73
     0
 72
     2
 10
167.6898473951821
 20
67.52207005284995
 40
0.2999999999502934
 50
190.5211000173826
 51
270.000000017761
 73
     1
 72
     1
 10
167.6898473952751
 20
67.22207005289965
 11
168.899947395068
 21
67.22207005289965
 72
     1
 10
168.899947395068
 20
67.22207005289965
 11
168.899947395068
 21
67.62419770998531
 72
     2
 10
169.1999473951146
 20
67.62419771021814
 40
0.3000000000465661
 50
179.9999999555326
 51
269.9999999555326
 73
     0
 72
     1
 10
169.1999473948817
 20
67.9241977102647
 11
178.5999473947886
 21
67.9241977102647
 72
     1
 10
178.5999473947886
 20
67.9241977102647
 11
178.5999473947886
 21
69.42419771026471
 72
     2
 10
179.5999473947544
 20
69.4241977100731
 40
0.9999999999657518
 50
180.0000000109781
 51
261.7867893076632
 73
     0
 72
     2
 10
179.4999473948974
 20
70.11701803300846
 40
0.3000000000774377
 50
261.7867893050689
 51
360.0000000083865
 73
     0
 72
     1
 10
179.7999473949749
 20
70.11701803296453
 11
179.7999473949749
 21
49.12419770998531
 72
     2
 10
178.7999473949749
 20
49.12419770998531
 40
1.0
 50
360.0
 51
450.0
 73
     0
 72
     1
 10
178.7999473949749
 20
48.12419770998531
 11
177.2070541758876
 21
48.12419770998531
 72
     2
 10
177.2070541758835
 20
48.62419770998889
 40
0.5000000000035813
 50
89.99999999953102
 51
134.9999999993782
 73
     0
 72
     1
 10
176.8535007852915
 20
48.27064431938925
 11
176.3120794291462
 21
49.11206567581395
 72
     2
 10
176.5242114634598
 20
49.32419771007936
 40
0.2999999999059597
 50
135.0000000064982
 51
270.0000000084244
 73
     0
 72
     1
 10
176.5242114635039
 20
49.62419770998531
 11
178.2999473949749
 21
49.62419770998531
 72
     1
 10
178.2999473949749
 20
49.62419770998531
 11
178.2999473949749
 21
51.62419770998531
 72
     2
 10
177.7999473949749
 20
51.62419770998531
 40
0.5
 50
0.0
 51
90.0
 73
     1
 72
     1
 10
177.7999473949749
 20
52.12419770998531
 11
171.0999473947886
 21
52.12419770998531
 72
     2
 10
171.0999473947886
 20
51.62419770998531
 40
0.5
 50
90.0
 51
180.0
 73
     1
 72
     1
 10
170.5999473947886
 20
51.62419770998531
 11
170.5999473947886
 21
49.62419770998531
 72
     1
 10
170.5999473947886
 20
49.62419770998531
 11
172.3756833257939
 21
49.62419770998531
 72
     2
 10
172.375683325838
 20
49.32419771007936
 40
0.2999999999059639
 50
269.9999999915755
 51
404.9999999935018
 73
     0
 72
     1
 10
172.5878153601516
 20
49.11206567581395
 11
172.0463940040063
 21
48.27064431938925
 97
        1
330
B9
 92
       16
 93
        4
 72
     1
 10
178.3999473946023
 20
66.52419771035785
 11
170.2999473949749
 21
66.52419771035785
 72
     1
 10
170.2999473949749
 20
66.52419771035785
 11
170.2999473949749
 21
53.52419771035783
 72
     1
 10
170.2999473949749
 20
53.52419771035783
 11
178.3999473946023
 21
53.52419771035783
 72
     1
 10
178.3999473946023
 20
53.52419771035783
 11
178.3999473946023
 21
66.52419771035785
 97
        1
330
B8
 75
     0
 76
     1
 52
0.0
 41
0.1
 77
     0
 78
     1
 53
45.0
 43
72063.0171508646
 44
-7658.830635424671
 45
-0.2245064030267288
 46
0.2245064030267288
 79
     0
 98
        1
 10
49.11717008378764
 20
-1784.518602773867
1001
ACAD
1010
0.0
1020
0.0
1030
0.0
1001
ACDBBLOCKREPETAG
1070
     1
1071
       48
1005
0
  0
LWPOLYLINE
  5
B8
102
{ACAD_REACTORS
330
B7
102
}
330
73
100
AcDbEntity
  8
ART_PROFIL
 48
0.5
370
    -2
100
AcDbPolyline
 90
        4
 70
     1
 43
0.0
 10
178.3999473946023
 20
66.52419771035785
 10
170.2999473949749
 20
66.52419771035785
 10
170.2999473949749
 20
53.52419771035783
 10
178.3999473946023
 20
53.52419771035783
1001
ACDBBLOCKREPETAG
1070
     1
1071
       49
1005
0
  0
LWPOLYLINE
  5
B9
102
{ACAD_REACTORS
330
B7
102
}
330
73
100
AcDbEntity
  8
ART_PROFIL
 48
0.5
370
    -2
100
AcDbPolyline
 90
       74
 70
     1
 43
0.0
 10
172.0463940040063
 20
48.27064431938925
 42
-0.1989123673789653
 10
171.6928406134102
 20
48.12419770998531
 10
170.899947395068
 20
48.12419770998531
 42
-0.4142135623730951
 10
168.899947395068
 20
50.12419770998531
 10
168.899947395068
 20
51.94285005299025
 10
167.6898473952751
 20
51.94285005299025
 42
0.3613974207804323
 10
167.394891076241
 20
51.69762933641322
 42
-0.2656748695142221
 10
167.2025473951216
 20
51.47045005267137
 10
165.8026085202435
 20
50.96097229808218
 42
-0.5486014265155486
 10
165.4011473948922
 20
51.2689500527049
 10
165.6077473950427
 20
53.63085005307222
 42
-0.1763312561522738
 10
165.6944681210298
 20
53.81677077864877
 10
166.0585543964844
 20
54.18085705456906
 42
-0.5774359525037071
 10
166.393174217068
 20
54.09114984903135
 10
166.4374473951611
 20
53.92575005270192
 42
0.2680211994288024
 10
166.5788587825226
 20
53.7843737952935
 10
168.5999473952542
 20
53.24285005280398
 10
168.7814971469197
 20
53.24285005280398
 42
0.6731121590012306
 10
168.9907220937166
 20
53.75784987086081
 42
-0.2024502210650272
 10
168.899947395068
 20
53.97285005278536
 10
168.899947395068
 20
57.84285005289712
 42
0.4142135624093234
 10
168.5999473952542
 20
58.14285005317652
 10
168.3843473950255
 20
58.14285005271084
 42
0.137860836619856
 10
168.2281656134728
 20
58.09892220670008
 10
166.7041417690779
 20
57.16874661916516
 42
-0.5855092167883571
 10
166.399947395068
 20
57.33946138821193
 10
166.399947395068
 20
58.69186953981989
 42
-0.1202051785670692
 10
166.4336448358226
 20
58.83001057957881
 10
166.7523094853241
 20
59.44431905649253
 42
0.2439350578451251
 10
166.7523094778735
 20
59.72060114998021
 10
166.4336448428075
 20
60.33490952072315
 42
-0.1202051917811202
 10
166.399947395068
 20
60.47305057445193
 10
166.399947395068
 20
61.82545871767796
 42
-0.5855092167902872
 10
166.7041417690779
 20
61.99617348672473
 10
168.2281656134728
 20
61.06599789918982
 42
0.1378608366198561
 10
168.3843473950255
 20
61.02207005271338
 10
168.5999473947886
 20
61.02207005271338
 42
0.4142135624221099
 10
168.899947395068
 20
61.32207005299278
 10
168.899947395068
 20
65.19207005310454
 42
-0.202450221069825
 10
168.9907220937166
 20
65.4070702350291
 42
0.6731121590012307
 10
168.7814971469197
 20
65.92207005308591
 10
168.5999473952542
 20
65.92207005308591
 10
166.5788587825226
 20
65.38054631013074
 42
0.2680211994288022
 10
166.4374473951611
 20
65.23917005272233
 10
166.393174217068
 20
65.07377025685855
 42
-0.5774359524945979
 10
166.0585543964844
 20
64.98406305132085
 10
165.6944681205641
 20
65.34814932724112
 42
-0.1763312561547341
 10
165.6077473950427
 20
65.53407005281768
 10
165.4011473948922
 20
67.89597005271935
 42
-0.5486014265155486
 10
165.8026085202435
 20
68.2039478078077
 10
167.2025473951216
 20
67.69447005275289
 42
-0.2656748695109163
 10
167.394891076241
 20
67.46729076947667
 42
0.3613974207778837
 10
167.6898473952751
 20
67.22207005289965
 10
168.899947395068
 20
67.22207005289965
 10
168.899947395068
 20
67.62419770998531
 42
-0.4142135623730951
 10
169.1999473948817
 20
67.9241977102647
 10
178.5999473947886
 20
67.9241977102647
 10
178.5999473947886
 20
69.42419771026471
 42
-0.3728246932648587
 10
179.4570902520645
 20
70.41394102867343
 42
-0.4568502517561728
 10
179.7999473949749
 20
70.11701803296453
 10
179.7999473949749
 20
49.12419770998531
 42
-0.4142135623730951
 10
178.7999473949749
 20
48.12419770998531
 10
177.2070541758876
 20
48.12419770998531
 42
-0.1989123673789655
 10
176.8535007852915
 20
48.27064431938925
 10
176.3120794291462
 20
49.11206567581395
 42
-0.6681786379314253
 10
176.5242114635039
 20
49.62419770998531
 10
178.2999473949749
 20
49.62419770998531
 10
178.2999473949749
 20
51.62419770998531
 42
0.4142135623730951
 10
177.7999473949749
 20
52.12419770998531
 10
171.0999473947886
 20
52.12419770998531
 42
0.4142135623730951
 10
170.5999473947886
 20
51.62419770998531
 10
170.5999473947886
 20
49.62419770998531
 10
172.3756833257939
 20
49.62419770998531
 42
-0.6681786379314258
 10
172.5878153601516
 20
49.11206567581395
1001
ACDBBLOCKREPETAG
1070
     1
1071
       50
1005
0
  0
HATCH
  5
BA
330
73
100
AcDbEntity
  8
ART_TARAMA
100
AcDbHatch
 10
0.0
 20
0.0
 30
0.0
210
0.0
220
0.0
230
1.0
  2
ANSI31
 70
     0
 71
     1
 91
        3
 92
       16
 93
       12
 72
     2
 10
152.2999473947387
 20
52.42419771003515
 40
0.3000000000498417
 50
270.0000000450916
 51
360.0000000438418
 73
     1
 72
     1
 10
152.5999473947886
 20
52.42419771026471
 11
152.5999473947886
 21
66.22419771007844
 72
     2
 10
152.2999473949716
 20
66.22419771007518
 40
0.299999999817004
 50
0.0000000006242369
 51
89.99999999937577
 73
     1
 72
     1
 10
152.2999473949749
 20
66.52419770989218
 11
149.899947395068
 21
66.52419770989218
 72
     2
 10
149.8999473948417
 20
66.22419770983906
 40
0.3000000000531173
 50
89.99999995678109
 51
179.9999999542813
 73
     1
 72
     1
 10
149.5999473947886
 20
66.22419771007844
 11
149.5999473947886
 21
65.9241977102647
 72
     2
 10
149.299947394742
 20
65.92419771003187
 40
0.3000000000465661
 50
359.9999999555326
 51
449.9999999555326
 73
     0
 72
     1
 10
149.2999473949748
 20
65.62419770998531
 11
145.6999473948817
 21
65.62419770998531
 72
     2
 10
145.6999473948784
 20
65.32419771017484
 40
0.299999999810467
 50
89.99999999937577
 51
180.0000000006242
 73
     1
 72
     1
 10
145.399947395068
 20
65.32419771017156
 11
145.399947395068
 21
52.42419771026471
 72
     2
 10
145.6999473951211
 20
52.42419771003842
 40
0.3000000000531031
 50
179.9999999567838
 51
269.9999999542841
 73
     1
 72
     1
 10
145.6999473948817
 20
52.12419770998531
 11
152.2999473949749
 21
52.12419770998531
 97
        1
330
BD
 92
       16
 93
       21
 72
     2
 10
118.149947395068
 20
84.17419771026471
 40
0.25
 50
90.0
 51
180.0
 73
     1
 72
     1
 10
117.899947395068
 20
84.17419771026471
 11
117.899947395068
 21
83.72419771007844
 72
     2
 10
117.5999473950214
 20
83.72419771031127
 40
0.3000000000465661
 50
0.0000000444673604
 51
90.00000004446741
 73
     0
 72
     1
 10
117.5999473947886
 20
83.4241977102647
 11
117.399947395068
 21
83.4241977102647
 72
     2
 10
117.3999473949026
 20
83.92419771028528
 40
0.5000000000205774
 50
89.99999998105305
 51
169.5631485377034
 73
     0
 72
     2
 10
116.6623560238212
 20
83.78833391991575
 40
0.2500000001309786
 50
10.43685141461658
 51
121.2440175361438
 73
     1
 72
     2
 10
118.3999473950187
 20
80.92419771048779
 40
3.600000000043872
 50
121.2440175727751
 51
180.0000000035506
 73
     1
 72
     1
 10
114.7999473949748
 20
80.9241977102647
 11
114.7999473949748
 21
67.62419770998531
 72
     2
 10
115.2999473949749
 20
67.62419770998531
 40
0.5
 50
180.0
 51
270.0
 73
     1
 72
     1
 10
115.2999473949749
 20
67.12419770998531
 11
116.899947395068
 21
67.12419770998531
 72
     1
 10
116.899947395068
 20
67.12419770998531
 11
116.899947395068
 21
67.62419770998531
 72
     2
 10
117.399947395068
 20
67.62419770998531
 40
0.5
 50
180.0
 51
270.0
 73
     0
 72
     1
 10
117.399947395068
 20
68.12419770998531
 11
117.5999473947886
 21
68.12419770998531
 72
     2
 10
117.5999473950214
 20
67.82419770993874
 40
0.3000000000465661
 50
269.9999999555326
 51
359.9999999555326
 73
     0
 72
     1
 10
117.899947395068
 20
67.82419771017156
 11
117.899947395068
 21
67.37419770998531
 72
     2
 10
118.149947395068
 20
67.37419770998531
 40
0.25
 50
180.0
 51
270.0
 73
     1
 72
     1
 10
118.149947395068
 20
67.12419770998531
 11
147.9499473948817
 21
67.12419770998531
 72
     2
 10
147.9499473948817
 20
67.37419770998531
 40
0.25
 50
270.0
 51
360.0
 73
     1
 72
     1
 10
148.1999473948817
 20
67.37419770998531
 11
148.1999473948817
 21
84.17419771026471
 72
     2
 10
147.9499473948817
 20
84.17419771026471
 40
0.25
 50
0.0
 51
90.0
 73
     1
 72
     1
 10
147.9499473948817
 20
84.4241977102647
 11
118.149947395068
 21
84.4241977102647
 97
        1
330
BC
 92
        1
 93
      136
 72
     2
 10
117.0499473949738
 20
62.32419771017048
 40
0.2999999998148297
 50
270.000000000209
 51
359.9999999997911
 73
     0
 72
     1
 10
117.3499473947886
 20
62.32419771017156
 11
117.3499473947886
 21
61.82419771017158
 72
     1
 10
117.3499473947886
 20
61.82419771017158
 11
117.3499473947886
 21
61.62419770998531
 72
     2
 10
116.3499473947886
 20
61.62419770998531
 40
1.0
 50
360.0
 51
450.0
 73
     0
 72
     1
 10
116.3499473947886
 20
60.62419770998531
 11
114.899947395068
 21
60.62419770998531
 72
     1
 10
114.899947395068
 20
60.62419770998531
 11
114.899947395068
 21
57.42419771026471
 72
     2
 10
114.5999473947886
 20
57.42419771026471
 40
0.3000000002793968
 50
360.0
 51
450.0
 73
     0
 72
     1
 10
114.5999473947886
 20
57.12419770998531
 11
114.399947395068
 21
57.12419770998531
 72
     2
 10
114.399947395068
 20
58.12419770998531
 40
1.0
 50
90.0
 51
180.0
 73
     0
 72
     1
 10
113.399947395068
 20
58.12419770998531
 11
113.399947395068
 21
80.9241977102647
 72
     2
 10
118.399947395068
 20
80.9241977102647
 40
5.0
 50
180.0
 51
270.0
 73
     0
 72
     1
 10
118.399947395068
 20
85.9241977102647
 11
153.4999473951611
 21
85.9241977102647
 72
     2
 10
153.4999473949283
 20
85.62419771021813
 40
0.3000000000465661
 50
270.0000000444674
 51
360.0000000444674
 73
     0
 72
     1
 10
153.7999473949749
 20
85.62419770998531
 11
153.7999473949749
 21
83.93130449127056
 72
     2
 10
153.2999473949745
 20
83.93130449126514
 40
0.5000000000003695
 50
359.9999999993779
 51
404.9999999995302
 73
     0
 72
     1
 10
153.6535007855709
 20
83.57775110067448
 11
153.0827901074517
 21
83.0070404225553
 72
     2
 10
152.8827901073944
 20
83.20704042268349
 40
0.2828427126057873
 50
45.00000001015131
 51
180.0000000117653
 73
     0
 72
     1
 10
152.5999473947886
 20
83.20704042274156
 11
152.5999473947886
 21
84.52419771035783
 72
     1
 10
152.5999473947886
 20
84.52419771035783
 11
150.0999473947886
 21
84.52419771035783
 72
     2
 10
150.0999473947886
 20
84.02419771035786
 40
0.5
 50
90.0
 51
180.0
 73
     1
 72
     1
 10
149.5999473947886
 20
84.02419771035786
 11
149.5999473947886
 21
77.82419771017156
 72
     2
 10
150.0999473947886
 20
77.82419771017156
 40
0.5
 50
180.0
 51
270.0
 73
     1
 72
     1
 10
150.0999473947886
 20
77.32419771017156
 11
152.5999473947886
 21
77.32419771017156
 72
     1
 10
152.5999473947886
 20
77.32419771017156
 11
152.5999473947886
 21
78.64135499778786
 72
     2
 10
152.8827901072996
 20
78.64135499760911
 40
0.2828427125110124
 50
180.0000000362084
 51
315.0000000362044
 73
     0
 72
     1
 10
153.0827901074517
 20
78.84135499750844
 11
153.6535007855709
 21
78.27064431938925
 72
     2
 10
153.2999473949745
 20
77.91709092879862
 40
0.5000000000003659
 50
315.0000000004698
 51
360.000000000622
 73
     0
 72
     1
 10
153.7999473949749
 20
77.91709092879319
 11
153.7999473949749
 21
75.41701803324395
 72
     2
 10
152.7999473947403
 20
75.41701803320271
 40
1.000000000234592
 50
359.9999999976379
 51
441.7867892943235
 73
     0
 72
     2
 10
152.899947394866
 20
74.72419771003453
 40
0.3000000000774377
 50
81.78678930506888
 51
180.0000000083865
 73
     0
 72
     1
 10
152.5999473947886
 20
74.72419771007844
 11
152.5999473947886
 21
75.9241977102647
 72
     1
 10
152.5999473947886
 20
75.9241977102647
 11
150.1999473948817
 21
75.9241977102647
 72
     2
 10
150.1999473948817
 20
75.4241977102647
 40
0.5
 50
90.0
 51
180.0
 73
     1
 72
     1
 10
149.6999473948817
 20
75.4241977102647
 11
149.6999473948817
 21
73.62419770998531
 72
     2
 10
149.6999473948817
 20
73.32419770993872
 40
0.3000000000465661
 50
270.0
 51
450.0
 73
     0
 72
     1
 10
149.6999473948817
 20
73.02419770989216
 11
149.6999473948817
 21
72.22419771007844
 72
     2
 10
149.6999473948817
 20
71.92419771003187
 40
0.3000000000465661
 50
270.0
 51
450.0
 73
     0
 72
     1
 10
149.6999473948817
 20
71.62419770998531
 11
149.6999473948817
 21
70.99740279107938
 72
     1
 10
149.6999473948817
 20
70.99740279107938
 11
149.9999473951611
 21
70.82419771017156
 72
     1
 10
149.9999473951611
 20
70.82419771017156
 11
149.6999473948817
 21
70.65099262926378
 72
     1
 10
149.6999473948817
 20
70.65099262926378
 11
149.6999473948817
 21
68.4241977102647
 72
     2
 10
150.1999473948817
 20
68.4241977102647
 40
0.5
 50
180.0
 51
270.0
 73
     1
 72
     1
 10
150.1999473948817
 20
67.9241977102647
 11
153.4999473951611
 21
67.9241977102647
 72
     2
 10
153.4999473949283
 20
67.62419771021814
 40
0.3000000000465661
 50
270.0000000444674
 51
360.0000000444674
 73
     0
 72
     1
 10
153.7999473949749
 20
67.62419770998531
 11
153.7999473949749
 21
67.3382466492767
 72
     2
 10
154.0999473947886
 20
67.3382466492767
 40
0.2999999998137355
 50
180.0
 51
270.0
 73
     1
 72
     1
 10
154.0999473947886
 20
67.03824664946296
 11
155.310034712762
 21
67.03824664946296
 72
     2
 10
155.3100347127297
 20
67.33824664971518
 40
0.3000000002522256
 50
270.0000000061664
 51
349.4789231817446
 73
     1
 72
     2
 10
155.8999473952002
 20
67.2286883216653
 40
0.2999999999016587
 50
190.5210768402825
 51
250.0000000158422
 73
     0
 72
     1
 10
155.7973413523141
 20
67.51059610783705
 11
157.197341352221
 21
68.02015443579874
 72
     2
 10
157.2999473952419
 20
67.73824664951549
 40
0.300000000052606
 50
249.9999999989189
 51
364.9999999990168
 73
     0
 72
     1
 10
157.5988058047223
 20
67.71209992669174
 11
157.3921712222363
 21
65.35025584572577
 72
     2
 10
157.0933128130627
 20
65.37640256841361
 40
0.2999999997352248
 50
4.999999978263318
 51
44.99999997818897
 73
     0
 72
     1
 10
157.305444847312
 20
65.16427053432562
 11
156.9413687512133
 21
64.80019443822675
 72
     2
 10
156.7999473949986
 20
64.94161579427471
 40
0.1999999998501349
 50
44.99999996621832
 51
164.9999999662255
 73
     0
 72
     1
 10
156.606762229916
 20
64.88985198517912
 11
156.5624353564199
 21
65.05528212865465
 72
     2
 10
156.36925019116
 20
65.0035183196332
 40
0.2000000000022068
 50
15.00000000010745
 51
74.99999999989753
 73
     1
 72
     1
 10
156.4210140001814
 20
65.19670348489308
 11
154.399947395068
 21
65.73824664964923
 72
     1
 10
154.399947395068
 20
65.73824664964923
 11
154.0999473952543
 21
65.73824664964923
 72
     2
 10
154.1999473952428
 20
65.45540393708765
 40
0.3000000000781533
 50
109.4712206268863
 51
228.1896850966504
 73
     1
 72
     2
 10
153.7999473950783
 20
65.00819034139388
 40
0.3000000001759364
 50
311.8103148869431
 51
359.9999999913231
 73
     0
 72
     1
 10
154.0999473952543
 20
65.00819034143932
 11
154.0999473952543
 21
61.13824664955609
 72
     2
 10
154.3999473953008
 20
61.13824664932327
 40
0.3000000000465661
 50
179.9999999555326
 51
269.9999999555326
 73
     1
 72
     1
 10
154.399947395068
 20
60.83824664927671
 11
154.6156211979542
 21
60.83824664927671
 72
     2
 10
154.615621197614
 20
61.13824664986477
 40
0.300000000588085
 50
270.0000000649586
 51
301.4000000650154
 73
     1
 72
     1
 10
154.7719240877632
 20
60.88218141035759
 11
156.2957454686839
 21
61.81232595365146
 72
     2
 10
156.3999473951501
 20
61.64161579413442
 40
0.2000000001040465
 50
238.5999999852348
 51
359.9999999852891
 73
     0
 72
     1
 10
156.5999473952542
 20
61.64161579418578
 11
156.5999473952542
 21
60.21603256106027
 72
     2
 10
155.5999473946483
 20
60.21603256142263
 40
1.000000000605949
 50
0.0000000207618467
 51
33.92144803562614
 73
     0
 72
     2
 10
156.6786918687334
 20
59.49056005282909
 40
0.2999999998148615
 50
146.0785519851363
 51
213.9214480148637
 73
     1
 72
     2
 10
155.5999473946483
 20
58.76508754423554
 40
1.000000000605949
 50
326.0785519643738
 51
359.9999999792382
 73
     0
 72
     1
 10
156.5999473952542
 20
58.7650875445979
 11
156.5999473952542
 21
57.3395043114724
 72
     2
 10
156.3999473951501
 20
57.33950431152376
 40
0.2000000001040689
 50
0.000000014710956
 51
121.4000000147652
 73
     0
 72
     1
 10
156.2957454686839
 20
57.16879415200674
 11
154.7719240877632
 21
58.09893869530061
 72
     2
 10
154.615621197614
 20
57.84287345579341
 40
0.3000000005880821
 50
58.59999993498458
 51
89.99999993504138
 73
     1
 72
     1
 10
154.6156211979542
 20
58.14287345638149
 11
154.399947395068
 21
58.14287345638149
 72
     2
 10
154.3999473953008
 20
57.84287345633494
 40
0.3000000000465661
 50
90.00000004446738
 51
180.0000000444673
 73
     1
 72
     1
 10
154.0999473952543
 20
57.84287345610209
 11
154.0999473952543
 21
53.97292976421885
 72
     2
 10
153.7999473950783
 20
53.97292976426428
 40
0.3000000001759417
 50
0.0000000086769094
 51
48.18968511305675
 73
     0
 72
     2
 10
154.1999473951049
 20
53.52571616880337
 40
0.2999999998126696
 50
131.8103149133637
 51
250.5287793831223
 73
     1
 72
     1
 10
154.0999473952543
 20
53.24287345647462
 11
154.399947395068
 21
53.24287345647462
 72
     1
 10
154.399947395068
 20
53.24287345647462
 11
156.4210140001814
 21
53.78441662076511
 72
     2
 10
156.3692501907566
 20
53.9776017862578
 40
0.2000000003314825
 50
285.0000000944328
 51
345.0000000942241
 73
     1
 72
     1
 10
156.5624353564199
 20
53.92583797746921
 11
156.606762229916
 21
54.09126812047907
 72
     2
 10
156.7999473949986
 20
54.03950431138348
 40
0.1999999998501198
 50
195.0000000337764
 51
315.0000000337802
 73
     0
 72
     1
 10
156.9413687512133
 20
54.18092566743144
 11
157.305444847312
 21
53.81684957179823
 72
     2
 10
157.093312812423
 20
53.60471753747741
 40
0.3000000003521875
 50
315.000000076756
 51
355.0000000766828
 73
     0
 72
     1
 10
157.3921712222363
 20
53.63086425993242
 11
157.5988058047223
 21
51.26902017896647
 72
     2
 10
157.2999473952419
 20
51.2428734561427
 40
0.3000000000526019
 50
355.0000000009832
 51
470.0000000010811
 73
     0
 72
     1
 10
157.197341352221
 20
50.96096566985942
 11
155.7973413523141
 21
51.47052399782115
 72
     2
 10
155.8999473956078
 20
51.75243178422571
 40
0.3000000002598489
 50
110.0000000420948
 51
169.4789232176519
 73
     0
 72
     2
 10
155.3100347130096
 20
51.64287345617584
 40
0.3000000000194078
 50
10.52107687174245
 51
90.00000004731719
 73
     1
 72
     1
 10
155.310034712762
 20
51.94287345619523
 11
154.399947395068
 21
51.94287345619523
 72
     2
 10
154.3999473948352
 20
51.64287345614866
 40
0.3000000000465661
 50
89.99999995553263
 51
179.9999999555326
 73
     1
 72
     1
 10
154.0999473947886
 20
51.64287345638149
 11
154.0999473947886
 21
48.12419770998531
 72
     2
 10
152.5999473947886
 20
48.12419770998531
 40
1.5
 50
360.0
 51
450.0
 73
     0
 72
     1
 10
152.5999473947886
 20
46.62419770998531
 11
150.8999473950679
 21
46.62419770998531
 72
     2
 10
150.8999473950679
 20
47.12419770998531
 40
0.5
 50
90.0
 51
180.0
 73
     0
 72
     1
 10
150.399947395068
 20
47.12419770998531
 11
150.399947395068
 21
47.92419771026469
 72
     2
 10
150.5999473947886
 20
47.92419771026469
 40
0.1999999997206032
 50
180.0
 51
270.0
 73
     0
 72
     1
 10
150.5999473947886
 20
48.12419770998531
 11
152.0999473947886
 21
48.12419770998531
 72
     2
 10
152.0999473947853
 20
48.42419771026797
 40
0.3000000002826724
 50
270.0000000006242
 51
359.9999999993745
 73
     1
 72
     1
 10
152.399947395068
 20
48.4241977102647
 11
152.399947395068
 21
50.32419771017156
 72
     2
 10
152.0999473950181
 20
50.32419770993546
 40
0.3000000000498346
 50
0.0000000450929713
 51
90.00000004384316
 73
     1
 72
     1
 10
152.0999473947886
 20
50.62419770998531
 11
145.9999473951611
 21
50.62419770998531
 72
     2
 10
145.9999473949283
 20
50.32419770993874
 40
0.3000000000465661
 50
89.99999995553263
 51
179.9999999555326
 73
     1
 72
     1
 10
145.6999473948817
 20
50.32419771017156
 11
145.6999473948817
 21
45.62419770998531
 72
     1
 10
145.6999473948817
 20
45.62419770998531
 11
146.6999473948817
 21
45.62419770998531
 72
     2
 10
146.6999473948817
 20
45.12419770998531
 40
0.5
 50
270.0
 51
360.0
 73
     0
 72
     1
 10
147.1999473948817
 20
45.12419770998531
 11
147.1999473948817
 21
44.62419770998531
 72
     2
 10
146.6999473948817
 20
44.62419770998531
 40
0.5
 50
360.0
 51
450.0
 73
     0
 72
     1
 10
146.6999473948817
 20
44.12419770998531
 11
145.8999473950679
 21
44.12419770998531
 72
     2
 10
145.8999473950679
 20
46.12419770998529
 40
2.0
 50
90.0
 51
180.0
 73
     0
 72
     1
 10
143.899947395068
 20
46.12419770998529
 11
143.899947395068
 21
65.32419771017156
 72
     2
 10
143.5999473950182
 20
65.32419770993548
 40
0.3000000000498346
 50
0.0000000450916143
 51
90.00000004384316
 73
     1
 72
     1
 10
143.5999473947886
 20
65.62419770998531
 11
136.9499473948817
 21
65.62419770998531
 72
     2
 10
136.9499473948817
 20
65.32419771017156
 40
0.2999999998137355
 50
90.0
 51
180.0
 73
     1
 72
     1
 10
136.649947395068
 20
65.32419771017156
 11
136.649947395068
 21
62.12419770998531
 72
     2
 10
135.149947395068
 20
62.12419770998531
 40
1.5
 50
360.0
 51
450.0
 73
     0
 72
     1
 10
135.149947395068
 20
60.62419770998531
 11
133.3499473947886
 21
60.62419770998531
 72
     2
 10
133.3499473947886
 20
61.62419770998531
 40
1.0
 50
90.0
 51
180.0
 73
     0
 72
     1
 10
132.3499473947886
 20
61.62419770998531
 11
132.3499473947886
 21
61.82419771017158
 72
     1
 10
132.3499473947886
 20
61.82419771017158
 11
132.3499473947886
 21
62.32419771017156
 72
     2
 10
132.6499473948341
 20
62.32419770993985
 40
0.3000000000454861
 50
180.0000000442583
 51
270.0000000446736
 73
     0
 72
     1
 10
132.649947395068
 20
62.62419770998531
 11
134.5499473949749
 21
62.62419770998531
 72
     2
 10
134.5499473947388
 20
62.92419771003515
 40
0.3000000000498417
 50
270.0000000450916
 51
360.0000000438418
 73
     1
 72
     1
 10
134.8499473947886
 20
62.92419771026469
 11
134.8499473947886
 21
65.32419771017156
 72
     2
 10
134.5499473949716
 20
65.32419771016829
 40
0.299999999817004
 50
0.0000000006242369
 51
89.99999999937577
 73
     1
 72
     1
 10
134.5499473949749
 20
65.62419770998531
 11
125.2999473949748
 21
65.62419770998531
 72
     1
 10
125.2999473949748
 20
65.62419770998531
 11
124.9999473951611
 21
65.9241977102647
 72
     1
 10
124.9999473951611
 20
65.9241977102647
 11
124.6999473948817
 21
65.62419770998531
 72
     1
 10
124.6999473948817
 20
65.62419770998531
 11
115.4499473948817
 21
65.62419770998531
 72
     2
 10
115.4499473948817
 20
65.32419771017156
 40
0.2999999998137355
 50
90.0
 51
180.0
 73
     1
 72
     1
 10
115.149947395068
 20
65.32419771017156
 11
115.149947395068
 21
62.92419771026469
 72
     2
 10
115.4499473951146
 20
62.92419771003189
 40
0.3000000000465661
 50
179.9999999555326
 51
269.9999999555326
 73
     1
 72
     1
 10
115.4499473948817
 20
62.62419770998531
 11
117.0499473949748
 21
62.62419770998531
 97
        1
330
BB
 75
     0
 76
     1
 52
0.0
 41
0.1
 77
     0
 78
     1
 53
45.0
 43
72063.0171508646
 44
-7658.830635424671
 45
-0.2245064030267288
 46
0.2245064030267288
 79
     0
 98
        1
 10
49.11717008378764
 20
-1784.518602773867
1001
ACAD
1010
0.0
1020
0.0
1030
0.0
1001
ACDBBLOCKREPETAG
1070
     1
1071
       51
1005
0
  0
LWPOLYLINE
  5
BB
102
{ACAD_REACTORS
330
BA
102
}
330
73
100
AcDbEntity
  8
ART_PROFIL
 48
0.5
370
    -2
100
AcDbPolyline
 90
      137
 70
     0
 43
0.0
 10
117.0499473949748
 20
62.62419770998531
 42
-0.414213562370964
 10
117.3499473947886
 20
62.32419771017156
 10
117.3499473947886
 20
61.82419771017158
 10
117.3499473947886
 20
61.62419770998531
 42
-0.4142135623730951
 10
116.3499473947886
 20
60.62419770998531
 10
114.899947395068
 20
60.62419770998531
 10
114.899947395068
 20
57.42419771026471
 42
-0.4142135623730951
 10
114.5999473947886
 20
57.12419770998531
 10
114.399947395068
 20
57.12419770998531
 42
-0.4142135623730951
 10
113.399947395068
 20
58.12419770998531
 10
113.399947395068
 20
80.9241977102647
 42
-0.4142135623730951
 10
118.399947395068
 20
85.9241977102647
 10
153.4999473951611
 20
85.9241977102647
 42
-0.4142135623730951
 10
153.7999473949749
 20
85.62419770998531
 10
153.7999473949749
 20
83.93130449127056
 42
-0.1989123673803507
 10
153.6535007855709
 20
83.57775110067448
 10
153.0827901074517
 20
83.0070404225553
 42
-0.668178637929498
 10
152.5999473947886
 20
83.20704042274156
 10
152.5999473947886
 20
84.52419771035783
 10
150.0999473947886
 20
84.52419771035783
 42
0.4142135623730951
 10
149.5999473947886
 20
84.02419771035786
 10
149.5999473947886
 20
77.82419771017156
 42
0.4142135623730951
 10
150.0999473947886
 20
77.32419771017156
 10
152.5999473947886
 20
77.32419771017156
 10
152.5999473947886
 20
78.64135499778786
 42
-0.6681786379192655
 10
153.0827901074517
 20
78.84135499750844
 10
153.6535007855709
 20
78.27064431938925
 42
-0.1989123673803505
 10
153.7999473949749
 20
77.91709092879319
 10
153.7999473949749
 20
75.41701803324395
 42
-0.3728246932648587
 10
152.9428045376989
 20
74.42727471436956
 42
-0.4568502517561728
 10
152.5999473947886
 20
74.72419771007844
 10
152.5999473947886
 20
75.9241977102647
 10
150.1999473948817
 20
75.9241977102647
 42
0.4142135623730951
 10
149.6999473948817
 20
75.4241977102647
 10
149.6999473948817
 20
73.62419770998531
 42
-0.9999999999999998
 10
149.6999473948817
 20
73.02419770989216
 10
149.6999473948817
 20
72.22419771007844
 42
-0.9999999999999998
 10
149.6999473948817
 20
71.62419770998531
 10
149.6999473948817
 20
70.99740279107938
 10
149.9999473951611
 20
70.82419771017156
 10
149.6999473948817
 20
70.65099262926378
 10
149.6999473948817
 20
68.4241977102647
 42
0.4142135623730951
 10
150.1999473948817
 20
67.9241977102647
 10
153.4999473951611
 20
67.9241977102647
 42
-0.4142135623730951
 10
153.7999473949749
 20
67.62419770998531
 10
153.7999473949749
 20
67.3382466492767
 42
0.4142135623730951
 10
154.0999473947886
 20
67.03824664946296
 10
155.310034712762
 20
67.03824664946296
 42
0.3613975351059702
 10
155.6049910541478
 20
67.28346748571493
 42
-0.2655138063086158
 10
155.7973413523141
 20
67.51059610783705
 10
157.197341352221
 20
68.02015443579874
 42
-0.5486187866272153
 10
157.5988058047223
 20
67.71209992669174
 10
157.3921712222363
 20
65.35025584572577
 42
-0.1763269807081368
 10
157.305444847312
 20
65.16427053432562
 10
156.9413687512133
 20
64.80019443822675
 42
-0.5773502691896467
 10
156.606762229916
 20
64.88985198517912
 10
156.5624353564199
 20
65.05528212865465
 42
0.2679491924301378
 10
156.4210140001814
 20
65.19670348489308
 10
154.399947395068
 20
65.73824664964923
 10
154.0999473952543
 20
65.73824664964923
 42
0.5699185129221629
 10
153.9999473951611
 20
65.23179713930585
 42
-0.2134217652841196
 10
154.0999473952543
 20
65.00819034143932
 10
154.0999473952543
 20
61.13824664955609
 42
0.4142135623730951
 10
154.399947395068
 20
60.83824664927671
 10
154.6156211979542
 20
60.83824664927671
 42
0.1378721067478116
 10
154.7719240877632
 20
60.88218141035759
 10
156.2957454686839
 20
61.81232595365146
 42
-0.5855240683201456
 10
156.5999473952542
 20
61.64161579418578
 10
156.5999473952542
 20
60.21603256106027
 42
-0.1491006161138808
 10
156.4297508364397
 20
59.65797678535455
 42
0.3049812689031545
 10
156.4297508364397
 20
59.32314332030364
 42
-0.1491006161138808
 10
156.5999473952542
 20
58.7650875445979
 10
156.5999473952542
 20
57.3395043114724
 42
-0.5855240683201456
 10
156.2957454686839
 20
57.16879415200674
 10
154.7719240877632
 20
58.09893869530061
 42
0.1378721067478117
 10
154.6156211979542
 20
58.14287345638149
 10
154.399947395068
 20
58.14287345638149
 42
0.4142135623730951
 10
154.0999473952543
 20
57.84287345610209
 10
154.0999473952543
 20
53.97292976421885
 42
-0.2134217652841196
 10
153.9999473951611
 20
53.74932296635233
 42
0.5699185129221629
 10
154.0999473952543
 20
53.24287345647462
 10
154.399947395068
 20
53.24287345647462
 10
156.4210140001814
 20
53.78441662076511
 42
0.2679491924301416
 10
156.5624353564199
 20
53.92583797746921
 10
156.606762229916
 20
54.09126812047907
 42
-0.5773502691896468
 10
156.9413687512133
 20
54.18092566743144
 10
157.305444847312
 20
53.81684957179823
 42
-0.1763269807081367
 10
157.3921712222363
 20
53.63086425993242
 10
157.5988058047223
 20
51.26902017896647
 42
-0.5486187866272153
 10
157.197341352221
 20
50.96096566985942
 10
155.7973413523141
 20
51.47052399782115
 42
-0.265513806308616
 10
155.6049910541478
 20
51.69765262040892
 42
0.3613975351059704
 10
155.310034712762
 20
51.94287345619523
 10
154.399947395068
 20
51.94287345619523
 42
0.4142135623730951
 10
154.0999473947886
 20
51.64287345638149
 10
154.0999473947886
 20
48.12419770998531
 42
-0.4142135623730951
 10
152.5999473947886
 20
46.62419770998531
 10
150.8999473950679
 20
46.62419770998531
 42
-0.4142135623730951
 10
150.399947395068
 20
47.12419770998531
 10
150.399947395068
 20
47.92419771026469
 42
-0.4142135623730951
 10
150.5999473947886
 20
48.12419770998531
 10
152.0999473947886
 20
48.12419770998531
 42
0.4142135623667019
 10
152.399947395068
 20
48.4241977102647
 10
152.399947395068
 20
50.32419771017156
 42
0.4142135623667019
 10
152.0999473947886
 20
50.62419770998531
 10
145.9999473951611
 20
50.62419770998531
 42
0.4142135623730951
 10
145.6999473948817
 20
50.32419771017156
 10
145.6999473948817
 20
45.62419770998531
 10
146.6999473948817
 20
45.62419770998531
 42
-0.4142135623730951
 10
147.1999473948817
 20
45.12419770998531
 10
147.1999473948817
 20
44.62419770998531
 42
-0.4142135623730951
 10
146.6999473948817
 20
44.12419770998531
 10
145.8999473950679
 20
44.12419770998531
 42
-0.4142135623730951
 10
143.899947395068
 20
46.12419770998529
 10
143.899947395068
 20
65.32419771017156
 42
0.4142135623667019
 10
143.5999473947886
 20
65.62419770998531
 10
136.9499473948817
 20
65.62419770998531
 42
0.4142135623730951
 10
136.649947395068
 20
65.32419771017156
 10
136.649947395068
 20
62.12419770998531
 42
-0.4142135623730951
 10
135.149947395068
 20
60.62419770998531
 10
133.3499473947886
 20
60.62419770998531
 42
-0.4142135623730951
 10
132.3499473947886
 20
61.62419770998531
 10
132.3499473947886
 20
61.82419771017158
 10
132.3499473947886
 20
62.32419771017156
 42
-0.4142135623752261
 10
132.649947395068
 20
62.62419770998531
 10
134.5499473949749
 20
62.62419770998531
 42
0.4142135623667019
 10
134.8499473947886
 20
62.92419771026469
 10
134.8499473947886
 20
65.32419771017156
 42
0.4142135623667019
 10
134.5499473949749
 20
65.62419770998531
 10
125.2999473949748
 20
65.62419770998531
 10
124.9999473951611
 20
65.9241977102647
 10
124.6999473948817
 20
65.62419770998531
 10
115.4499473948817
 20
65.62419770998531
 42
0.4142135623730951
 10
115.149947395068
 20
65.32419771017156
 10
115.149947395068
 20
62.92419771026469
 42
0.4142135623730951
 10
115.4499473948817
 20
62.62419770998531
 10
117.0499473949748
 20
62.62419770998531
1001
ACDBBLOCKREPETAG
1070
     1
1071
       52
1005
0
  0
LWPOLYLINE
  5
BC
102
{ACAD_REACTORS
330
BA
102
}
330
73
100
AcDbEntity
  8
ART_PROFIL
 48
0.5
370
    -2
100
AcDbPolyline
 90
       21
 70
     1
 43
0.0
 10
118.149947395068
 20
84.4241977102647
 42
0.4142135623730951
 10
117.899947395068
 20
84.17419771026471
 10
117.899947395068
 20
83.72419771007844
 42
-0.4142135623730951
 10
117.5999473947886
 20
83.4241977102647
 10
117.399947395068
 20
83.4241977102647
 42
-0.3618130917090474
 10
116.908219814286
 20
83.83362184991709
 42
0.5250516247974856
 10
116.5326850260462
 20
84.00207542828866
 42
0.2621398176378365
 10
114.7999473949748
 20
80.9241977102647
 10
114.7999473949748
 20
67.62419770998531
 42
0.4142135623730951
 10
115.2999473949749
 20
67.12419770998531
 10
116.899947395068
 20
67.12419770998531
 10
116.899947395068
 20
67.62419770998531
 42
-0.4142135623730951
 10
117.399947395068
 20
68.12419770998531
 10
117.5999473947886
 20
68.12419770998531
 42
-0.4142135623730951
 10
117.899947395068
 20
67.82419771017156
 10
117.899947395068
 20
67.37419770998531
 42
0.4142135623730951
 10
118.149947395068
 20
67.12419770998531
 10
147.9499473948817
 20
67.12419770998531
 42
0.4142135623730951
 10
148.1999473948817
 20
67.37419770998531
 10
148.1999473948817
 20
84.17419771026471
 42
0.4142135623730951
 10
147.9499473948817
 20
84.4241977102647
1001
ACDBBLOCKREPETAG
1070
     1
1071
       53
1005
0
  0
LWPOLYLINE
  5
BD
102
{ACAD_REACTORS
330
BA
102
}
330
73
100
AcDbEntity
  8
ART_PROFIL
 48
0.5
370
    -2
100
AcDbPolyline
 90
       12
 70
     1
 43
0.0
 10
152.2999473949749
 20
52.12419770998531
 42
0.4142135623667019
 10
152.5999473947886
 20
52.42419771026471
 10
152.5999473947886
 20
66.22419771007844
 42
0.4142135623667019
 10
152.2999473949749
 20
66.52419770989218
 10
149.899947395068
 20
66.52419770989218
 42
0.4142135623603087
 10
149.5999473947886
 20
66.22419771007844
 10
149.5999473947886
 20
65.9241977102647
 42
-0.4142135623730951
 10
149.2999473949748
 20
65.62419770998531
 10
145.6999473948817
 20
65.62419770998531
 42
0.4142135623794882
 10
145.399947395068
 20
65.32419771017156
 10
145.399947395068
 20
52.42419771026471
 42
0.4142135623603087
 10
145.6999473948817
 20
52.12419770998531
1001
ACDBBLOCKREPETAG
1070
     1
1071
       54
1005
0
  0
LINE
  5
BE
330
73
100
AcDbEntity
  8
ART_PROFIL
 48
0.5
370
    -2
100
AcDbLine
 10
110.4553273762431
 20
63.85761104538687
 30
0.0
 11
110.4553273762431
 21
128.6158980822947
 31
0.0
1001
ACDBBLOCKREPETAG
1070
     1
1071
       55
1005
0
  0
LINE
  5
BF
330
73
100
AcDbEntity
  8
ART_PROFIL
 48
0.5
370
    -2
100
AcDbLine
 10
104.6553273764293
 20
61.15761104520061
 30
0.0
 11
104.6553273759637
 21
128.6158980822947
 31
0.0
1001
ACDBBLOCKREPETAG
1070
     1
1071
       56
1005
0
  0
LINE
  5
C0
330
73
100
AcDbEntity
  8
ART_CAM
370
    -2
100
AcDbLine
 10
186.7999473949748
 20
20.14138610303053
 30
0.0
 11
190.7999473949749
 21
20.14138610303053
 31
0.0
1001
ACDBBLOCKREPETAG
1070
     1
1071
       57
1005
0
  0
LINE
  5
C1
330
73
100
AcDbEntity
  8
ART_CAM
370
    -2
100
AcDbLine
 10
191.7999473949748
 20
21.14138610303053
 30
0.0
 11
190.7999473949749
 21
20.14138610303053
 31
0.0
1001
ACDBBLOCKREPETAG
1070
     1
1071
       58
1005
0
  0
LINE
  5
C2
330
73
100
AcDbEntity
  8
ART_CAM
370
    -2
100
AcDbLine
 10
185.7999473949749
 20
21.14138610303053
 30
0.0
 11
186.7999473949748
 21
20.14138610303053
 31
0.0
1001
ACDBBLOCKREPETAG
1070
     1
1071
       59
1005
0
  0
LINE
  5
C3
330
73
100
AcDbEntity
  8
ART_PROFIL
 48
0.5
370
    -2
100
AcDbLine
 10
113.399947395068
 20
80.9241977102647
 30
0.0
 11
113.399947395068
 21
128.6158980822947
 31
0.0
1001
ACDBBLOCKREPETAG
1070
     1
1071
       60
1005
0
  0
LWPOLYLINE
  5
C4
330
73
100
AcDbEntity
  8
ART_TAKOZ
100
AcDbPolyline
 90
        4
 70
     1
 43
0.0
 10
178.1499473946023
 20
66.27419771035786
 10
170.5499473949749
 20
66.27419771035786
 10
170.5499473949749
 20
53.77419771035785
 10
178.1499473946023
 20
53.77419771035785
1001
ACDBBLOCKREPETAG
1070
     1
1071
       61
1005
0
  0
LWPOLYLINE
  5
C6
330
73
100
AcDbEntity
  8
ART_TAKOZ
100
AcDbPolyline
 90
        4
 70
     1
 43
0.0
 10
167.5499473949749
 20
33.89138610349619
 10
167.5499473949749
 20
27.69138610330993
 10
106.5053273765224
 20
27.69138610330993
 10
106.5053273765224
 20
33.89138610349619
1001
ACDBBLOCKREPETAG
1070
     1
1071
       62
1005
0
  0
LINE
  5
C7
330
73
100
AcDbEntity
  8
ART_Mlz-Aksesuar
100
AcDbLine
 10
106.5053273765224
 20
27.69138610330993
 30
0.0
 11
127.1323138745356
 21
29.7863670575025
 31
0.0
1001
ACDBBLOCKREPETAG
1070
     1
1071
       63
1005
0
  0
LINE
  5
CA
330
73
100
AcDbEntity
  8
ART_TAKOZ
100
AcDbLine
 10
146.9229608964961
 20
31.79640514930361
 30
0.0
 11
167.5499473949749
 21
33.89138610349619
 31
0.0
1001
ACDBBLOCKREPETAG
1070
     1
1071
       64
1005
0
  0
LINE
  5
CB
330
73
100
AcDbEntity
  8
ART_TAKOZ
100
AcDbLine
 10
167.5499473949749
 20
27.69138610330993
 30
0.0
 11
146.9229608964961
 21
29.7863670575025
 31
0.0
1001
ACDBBLOCKREPETAG
1070
     1
1071
       65
1005
0
  0
LINE
  5
CC
330
73
100
AcDbEntity
  8
ART_TAKOZ
100
AcDbLine
 10
127.1323138745356
 20
31.79640514930361
 30
0.0
 11
106.5053273765224
 21
33.89138610349619
 31
0.0
1001
ACDBBLOCKREPETAG
1070
     1
1071
       66
1005
0
  0
LWPOLYLINE
  5
CD
330
73
100
AcDbEntity
  8
ART_TAKOZ
100
AcDbPolyline
 90
        4
 70
     1
 43
0.0
 10
171.6499473946023
 20
11.99138610312366
 10
171.6499473946023
 20
25.69138610330993
 10
162.0499473945092
 20
25.69138610330993
 10
162.0499473945092
 20
11.99138610312366
1001
ACDBBLOCKREPETAG
1070
     1
1071
       67
1005
0
  0
LINE
  5
CE
330
73
100
AcDbEntity
  8
ART_TAKOZ
100
AcDbLine
 10
162.0499473945092
 20
11.99138610312366
 30
0.0
 11
165.4583473959792
 21
16.85545693864696
 31
0.0
1001
ACDBBLOCKREPETAG
1070
     1
1071
       68
1005
0
  0
LINE
  5
CF
330
73
100
AcDbEntity
  8
ART_TAKOZ
100
AcDbLine
 10
168.2415473931323
 20
20.82731526778662
 30
0.0
 11
171.6499473946023
 21
25.69138610330993
 31
0.0
1001
ACDBBLOCKREPETAG
1070
     1
1071
       69
1005
0
  0
LINE
  5
D0
330
73
100
AcDbEntity
  8
ART_TAKOZ
100
AcDbLine
 10
171.6499473946023
 20
11.99138610312366
 30
0.0
 11
168.2415473931323
 21
16.85545693864696
 31
0.0
1001
ACDBBLOCKREPETAG
1070
     1
1071
       70
1005
0
  0
LINE
  5
D1
330
73
100
AcDbEntity
  8
ART_TAKOZ
100
AcDbLine
 10
165.4583473959792
 20
20.82731526778662
 30
0.0
 11
162.0499473945092
 21
25.69138610330993
 31
0.0
1001
ACDBBLOCKREPETAG
1070
     1
1071
       71
1005
0
  0
LWPOLYLINE
  5
D2
330
73
100
AcDbEntity
  8
ART_TAKOZ
100
AcDbPolyline
 90
        4
 70
     1
 43
0.0
 10
147.8767240904126
 20
84.10097440532991
 10
147.8767240904126
 20
67.44742101492011
 10
118.2231706995371
 20
67.44742101492011
 10
118.2231706995371
 20
84.10097440532991
1001
ACDBBLOCKREPETAG
1070
     1
1071
       72
1005
0
  0
LINE
  5
D3
330
73
100
AcDbEntity
  8
ART_TAKOZ
100
AcDbLine
 10
118.2231706995371
 20
67.44742101492011
 30
0.0
 11
130.3746808478463
 21
74.27175738909864
 31
0.0
1001
ACDBBLOCKREPETAG
1070
     1
1071
       73
1005
0
  0
LINE
  5
D4
330
73
100
AcDbEntity
  8
ART_TAKOZ
100
AcDbLine
 10
136.0145283969905
 20
77.43911817870685
 30
0.0
 11
147.8767240904126
 21
84.10097440532991
 31
0.0
1001
ACDBBLOCKREPETAG
1070
     1
1071
       74
1005
0
  0
LINE
  5
D5
330
73
100
AcDbEntity
  8
ART_TAKOZ
100
AcDbLine
 10
147.8767240904126
 20
67.44742101492011
 30
0.0
 11
136.0145283969905
 21
74.10927724200883
 31
0.0
1001
ACDBBLOCKREPETAG
1070
     1
1071
       75
1005
0
  0
LINE
  5
D6
330
73
100
AcDbEntity
  8
ART_TAKOZ
100
AcDbLine
 10
130.3746808478463
 20
77.27663803115136
 30
0.0
 11
118.2231706995371
 21
84.10097440532991
 31
0.0
1001
ACDBBLOCKREPETAG
1070
     1
1071
       76
1005
0
  0
LINE
  5
D7
330
73
100
AcDbEntity
  8
ART_TAKOZ
100
AcDbLine
 10
170.5499473949749
 20
53.77419771035785
 30
0.0
 11
173.200202391934
 21
58.13316974477493
 31
0.0
1001
ACDBBLOCKREPETAG
1070
     1
1071
       77
1005
0
  0
LINE
  5
D8
330
73
100
AcDbEntity
  8
ART_TAKOZ
100
AcDbLine
 10
175.4996923981089
 20
61.91522567594073
 30
0.0
 11
178.1499473946023
 21
66.27419771035786
 31
0.0
1001
ACDBBLOCKREPETAG
1070
     1
1071
       78
1005
0
  0
LINE
  5
D9
330
73
100
AcDbEntity
  8
ART_TAKOZ
100
AcDbLine
 10
178.1499473946023
 20
53.77419771035785
 30
0.0
 11
175.4996923981089
 21
58.13316974477493
 31
0.0
1001
ACDBBLOCKREPETAG
1070
     1
1071
       79
1005
0
  0
LINE
  5
DA
330
73
100
AcDbEntity
  8
ART_TAKOZ
100
AcDbLine
 10
173.200202391934
 20
61.91522567594073
 30
0.0
 11
170.5499473949749
 21
66.27419771035786
 31
0.0
1001
ACDBBLOCKREPETAG
1070
     1
1071
       80
1005
0
  0
TEXT
  5
DB
330
73
100
AcDbEntity
  8
ART_TAKOZ
100
AcDbText
 10
137.621328262845
 20
76.5432583065267
 30
0.0
 40
1.9
  1
192 L 38
 50
180.0
  7
arialnarrow
100
AcDbText
1001
ACDBBLOCKREPETAG
1070
     1
1071
       81
1005
0
  0
TEXT
  5
DD
330
73
100
AcDbEntity
  8
ART_TAKOZ
100
AcDbText
 10
175.3001353703294
 20
55.33261685647085
 30
0.0
 40
1.9
  1
140 L 35
 50
90.0
  7
arialnarrow
100
AcDbText
1001
ACDBBLOCKREPETAG
1070
     1
1071
       82
1005
0
  0
TEXT
  5
DE
330
73
100
AcDbEntity
  8
ART_TAKOZ
100
AcDbText
 10
167.9726467295404
 20
14.02416059063762
 30
0.0
 40
1.9
  1
222 L 62
 50
90.0
  7
arialnarrow
100
AcDbText
1001
ACDBBLOCKREPETAG
1070
     1
1071
       83
1005
0
  0
TEXT
  5
DF
330
73
100
AcDbEntity
  8
ART_TAKOZ
100
AcDbText
 10
140.9145139722532
 20
31.54648242420808
 30
0.0
 40
1.9
  1
223 L 50
 50
180.0
  7
arialnarrow
100
AcDbText
1001
ACDBBLOCKREPETAG
1070
     1
1071
       84
1005
0
  0
LWPOLYLINE
  5
E0
330
73
100
AcDbEntity
  8
ART_FITIL
370
    -2
100
AcDbPolyline
 90
       14
 70
     1
 43
0.0
 10
150.0000121006596
 20
19.11380000007921
 10
147.7339515448402
 20
19.11380000007921
 42
-0.3750467088369516
 10
147.4367033913585
 20
19.37325945930206
 42
-0.06787888806713
 10
147.4367033913585
 20
20.45434054048383
 42
-0.3750467088364983
 10
147.7339515448402
 20
20.71379999970668
 10
150.0000121006596
 20
20.71379999970668
 42
0.29821662669872
 10
150.9165272395911
 20
21.31379999979981
 42
-0.2982166266987449
 10
151.8330423785228
 20
21.91379999989294
 10
152.1639022664021
 20
21.91379999989294
 42
-0.4142135623731131
 10
152.4639022662159
 20
21.61380000007921
 10
152.4639022662159
 20
18.21379999970668
 42
-0.4142135623730951
 10
152.1639022664021
 20
17.91379999989294
 10
151.8330423785228
 20
17.91379999989294
 42
-0.2982166266986086
 10
150.9165272395911
 20
18.51379999998608
 42
0.2982166266982826
1001
ACDBBLOCKREPETAG
1070
     1
1071
       85
1005
0
  0
LWPOLYLINE
  5
E1
330
73
100
AcDbEntity
  8
ART_FITIL
370
    -2
100
AcDbPolyline
 90
        6
 70
     1
 43
0.0
 10
154.2639022664953
 20
21.91379999989294
 10
154.5947621539089
 20
21.91379999989294
 42
-0.9999999999999428
 10
154.5947621539089
 20
17.91379999989294
 10
154.2639022664953
 20
17.91379999989294
 42
-0.4142135623731685
 10
153.9639022662159
 20
18.21379999970668
 10
153.9639022662159
 20
21.61380000007921
 42
-0.4142135623730951
1001
ACDBBLOCKREPETAG
1070
     1
1071
       86
1005
0
  0
LWPOLYLINE
  5
E2
330
73
100
AcDbEntity
  8
ART_FITIL
370
    -2
100
AcDbPolyline
 90
       37
 70
     1
 43
0.0
 10
150.0000121006596
 20
14.91379999989294
 10
150.0000121006596
 20
17.11380000007921
 42
0.4142135623726955
 10
149.0000121006596
 20
18.11380000007921
 10
148.4000121005665
 20
18.11380000007921
 10
148.4000121005665
 20
16.91379999989294
 10
147.4000121005665
 20
16.91379999989294
 42
-0.3333333333332321
 10
147.4000121005665
 20
22.91379999989294
 10
148.4000121005665
 20
22.91379999989294
 10
148.4000121005665
 20
21.71379999970668
 10
149.0000121006596
 20
21.71379999970668
 42
0.4142135623730951
 10
150.0000121006596
 20
22.71379999970668
 10
150.0000121006596
 20
24.91379999989295
 10
158.5947621539089
 20
24.91379999989295
 10
158.5947621539089
 20
24.51900605545962
 42
-0.3076847592326424
 10
158.1839446392696
 20
23.91461236044415
 42
1.128701775594638
 10
158.4937374433357
 20
23.34429359078058
 42
0.2012120834861407
 10
159.4996993546228
 20
24.92674358110526
 42
-0.9785310008365527
 10
160.5000121006596
 20
24.92200832688832
 42
-0.16129986857728
 10
159.39615956739
 20
22.86110949670547
 42
0.3075716929249019
 10
159.379724259008
 20
22.63691916517565
 10
160.4799159113172
 20
20.73133132574731
 42
-0.8390996311758398
 10
160.2535939593654
 20
20.54142465922632
 10
159.310412307721
 20
21.33284803541028
 42
0.8390996311784471
 10
159.0086497049633
 20
21.07963914671564
 10
160.4799159113172
 20
18.53133132556104
 42
-0.8390996311775001
 10
160.2535939593654
 20
18.34142465904006
 10
159.310412307721
 20
19.13284803522401
 42
0.8390996311757817
 10
159.0086497049633
 20
18.87963914652937
 10
160.4799159113172
 20
16.33133132584044
 42
-0.8390996311793939
 10
160.2535939593654
 20
16.14142465931944
 10
159.310412307721
 20
16.93284803550341
 42
0.8390996311784471
 10
159.0086497049633
 20
16.67963914680877
 10
160.4799159113172
 20
14.13133132565417
 42
-0.8390996311797371
 10
160.2535939593654
 20
13.94142465913319
 10
159.3735795290995
 20
14.6798444429005
 42
0.1763269807083487
 10
158.7307919193845
 20
14.91379999989294
 10
150.0000121006596
 20
14.91379999989294
1001
ACDBBLOCKREPETAG
1070
     1
1071
       87
1005
0
  0
HATCH
  5
E3
330
73
100
AcDbEntity
  8
ART_TARAMA
370
    -2
100
AcDbHatch
 10
0.0
 20
0.0
 30
0.0
210
0.0
220
0.0
230
1.0
  2
ANSI37
 70
     0
 71
     0
 91
        3
 92
        1
 93
       36
 72
     1
 10
150.0000121006596
 20
14.91379999989294
 11
150.0000121006596
 21
17.11380000007921
 72
     2
 10
149.0000121006596
 20
17.11380000007921
 40
0.9999999999715779
 50
0.0000000017065711
 51
90.00000000162833
 73
     1
 72
     1
 10
149.0000121006596
 20
18.11380000007921
 11
148.4000121005665
 21
18.11380000007921
 72
     1
 10
148.4000121005665
 20
18.11380000007921
 11
148.4000121005665
 21
16.91379999989294
 72
     1
 10
148.4000121005665
 20
16.91379999989294
 11
147.4000121005665
 21
16.91379999989294
 72
     2
 10
151.4000121005665
 20
19.91379999989294
 40
4.999999999952707
 50
143.1301023541664
 51
216.8698976458336
 73
     0
 72
     1
 10
147.4000121005665
 20
22.91379999989294
 11
148.4000121005665
 21
22.91379999989294
 72
     1
 10
148.4000121005665
 20
22.91379999989294
 11
148.4000121005665
 21
21.71379999970668
 72
     1
 10
148.4000121005665
 20
21.71379999970668
 11
149.0000121006596
 21
21.71379999970668
 72
     2
 10
149.0000121006596
 20
22.71379999970668
 40
1.000000000029102
 50
-89.99999999833246
 51
0.0000000016675394
 73
     1
 72
     1
 10
150.0000121006596
 20
22.71379999970668
 11
150.0000121006596
 21
24.91379999942728
 72
     1
 10
150.0000121006596
 20
24.91379999989295
 11
158.5947621539089
 21
24.91379999989295
 72
     1
 10
158.5947621539089
 20
24.91379999989295
 11
158.5947621539089
 21
24.51900605545962
 72
     2
 10
157.9447621535364
 20
24.51900605545962
 40
0.6500000000085039
 50
359.9999999960517
 51
428.4093355092402
 73
     0
 72
     2
 10
158.3042329358723
 20
23.61065411675372
 40
0.3268943072577348
 50
111.5906644857799
 51
305.4302791222462
 73
     1
 72
     2
 10
157.1101735965203
 20
25.33479327210808
 40
2.42411590039654
 50
-55.19746662970343
 51
-9.690694222648536
 73
     1
 72
     2
 10
159.999804339357
 20
24.91352030276904
 40
0.5002797726303078
 50
181.5146050639541
 51
359.0278413647935
 73
     0
 72
     2
 10
156.8369873738702
 20
25.55791626326391
 40
3.717812401334961
 50
369.8485004287953
 51
406.500020918629
 73
     0
 72
     2
 10
159.5529293399158
 20
22.73691916526877
 40
0.1999999999511002
 50
141.6143371105694
 51
209.9999999968586
 73
     1
 72
     1
 10
159.379724259008
 20
22.63691916517565
 11
160.4799159113172
 21
20.73133132574731
 72
     2
 10
160.3500121007528
 20
20.65633132556104
 40
0.1499999999716371
 50
329.999999992321
 51
489.9999999920306
 73
     0
 72
     1
 10
160.2535939593654
 20
20.54142465922632
 11
159.310412307721
 21
21.33284803541028
 72
     2
 10
159.1818547858711
 20
21.17963914680877
 40
0.2000000000025044
 50
50.0000000127234
 51
210.0000000129601
 73
     1
 72
     1
 10
159.0086497049633
 20
21.07963914671564
 11
160.4799159113172
 21
18.5313313260267
 72
     2
 10
160.3500121007528
 20
18.45633132584044
 40
0.1499999999906347
 50
329.9999999835737
 51
489.999999983477
 73
     0
 72
     1
 10
160.2535939593654
 20
18.34142465904006
 11
159.310412307721
 21
19.13284803522401
 72
     2
 10
159.1818547854054
 20
18.9796391466225
 40
0.1999999999456145
 50
49.99999999343585
 51
209.9999999933351
 73
     1
 72
     1
 10
159.0086497049633
 20
18.87963914652937
 11
160.4799159113172
 21
16.33133132537478
 72
     2
 10
160.3500121007528
 20
16.25633132565417
 40
0.1499999999527003
 50
330.0000000006806
 51
490.0000000009407
 73
     0
 72
     1
 10
160.2535939593654
 20
16.14142465931944
 11
159.310412307721
 21
16.93284803550341
 72
     2
 10
159.1818547858711
 20
16.7796391469019
 40
0.2000000000214377
 50
50.00000001923055
 51
210.0000000194317
 73
     1
 72
     1
 10
159.0086497049633
 20
16.67963914680877
 11
160.4799159113172
 21
14.13133132611983
 72
     2
 10
160.3500121007528
 20
14.05633132593357
 40
0.1500000000095491
 50
329.9999999747077
 51
489.9999999750455
 73
     0
 72
     1
 10
160.2535939593654
 20
13.94142465913319
 11
159.3735795290995
 21
14.6798444429005
 72
     2
 10
158.7307919193845
 20
13.91379999989294
 40
1.000000000087942
 50
50.00000000747232
 51
90.00000000745172
 73
     1
 72
     1
 10
158.7307919193845
 20
14.91379999989294
 11
150.0000121006596
 21
14.91379999989294
 97
        0
 92
       16
 93
        6
 72
     1
 10
154.2639022664953
 20
21.91379999989294
 11
154.5947621539089
 21
21.91379999989294
 72
     2
 10
154.5947621539089
 20
19.91379999989294
 40
2.000000000029101
 50
270.0
 51
450.0
 73
     0
 72
     1
 10
154.5947621539089
 20
17.91379999989294
 11
154.2639022664953
 21
17.91379999989294
 72
     2
 10
154.2639022664953
 20
18.21379999970668
 40
0.30000000007567
 50
90.00000000555838
 51
180.0000000055584
 73
     0
 72
     1
 10
153.9639022662159
 20
18.21379999970668
 11
153.9639022662159
 21
21.61379999961355
 72
     2
 10
154.2639022660296
 20
21.61380000007921
 40
0.2999999999883586
 50
180.0000000111168
 51
270.0000000111168
 73
     0
 97
        0
 92
       17
 93
       14
 72
     1
 10
150.0000121006596
 20
19.11380000007921
 11
147.7339515443746
 21
19.11380000007921
 72
     2
 10
147.7339515443746
 20
19.41379999989294
 40
0.2999999999997271
 50
449.9999999990446
 51
532.2335658308059
 73
     0
 72
     2
 10
151.4000121005665
 20
19.91379999989294
 40
4.000000000147706
 50
172.23356583189
 51
187.7664341681099
 73
     0
 72
     2
 10
147.7339515443746
 20
20.41379999989294
 40
0.3000000000000034
 50
187.7664341692312
 51
270.0000000009119
 73
     0
 72
     1
 10
147.7339515448402
 20
20.71379999970668
 11
150.0000121011253
 21
20.71379999970668
 72
     2
 10
150.0000121006596
 20
21.71380000017234
 40
1.000000000031377
 50
269.9999999973424
 51
336.4218215191669
 73
     1
 72
     2
 10
151.8330423785228
 20
20.91379999989294
 40
0.9999999999425192
 50
203.5781784774985
 51
269.9999999993226
 73
     0
 72
     1
 10
151.8330423785228
 20
21.91379999989294
 11
152.1639022659365
 21
21.91379999989294
 72
     2
 10
152.1639022664021
 20
21.61380000007921
 40
0.2999999999592546
 50
269.9999999944416
 51
359.9999999944416
 73
     0
 72
     1
 10
152.4639022662159
 20
21.61380000007921
 11
152.4639022662159
 21
18.21380000017234
 72
     2
 10
152.1639022664021
 20
18.21379999970668
 40
0.3000000000465661
 50
359.9999999888831
 51
449.9999999888831
 73
     0
 72
     1
 10
152.1639022664021
 20
17.91379999989294
 11
151.8330423789884
 21
17.91379999989294
 72
     2
 10
151.8330423789884
 20
18.91379999989294
 40
1.000000000001135
 50
90.00000000578431
 51
156.4218215275769
 73
     0
 72
     2
 10
150.0000121006596
 20
18.11380000007921
 40
1.000000000061801
 50
23.57817847833929
 51
90.00000000006515
 73
     1
 97
        0
 75
     0
 76
     1
 52
89.99999999999998
 41
0.5
 77
     0
 78
     2
 53
134.9999999999999
 43
363517.4732641463
 44
-3991631.093270425
 45
-1.122532015133643
 46
-1.122532015133643
 79
     0
 53
225.0
 43
363517.4732641463
 44
-3991631.093270425
 45
1.122532015133643
 46
-1.122532015133643
 79
     0
 98
        1
 10
1931.722459824275
 20
1988.71933934014
1001
ACAD
1010
0.0
1020
0.0
1030
0.0
1001
ACDBBLOCKREPETAG
1070
     1
1071
       88
1005
0
  0
LWPOLYLINE
  5
E4
330
73
100
AcDbEntity
  8
ARTPROFIL AKS
 48
10.0
100
AcDbPolyline
 90
        2
 70
     0
 43
0.0
 10
0.0
 20
0.0
 10
204.4698795865552
 20
0.0
1001
ACDBBLOCKREPETAG
1070
     1
1071
       92
1005
0
  0
LWPOLYLINE
  5
E8
330
73
100
AcDbEntity
  8
ART_KLİPS
370
    -2
100
AcDbPolyline
 90
       58
 70
     1
 43
0.0
 10
172.9463940043788
 20
-2.717157655715708
 42
0.1989123673797251
 10
172.5928406137827
 20
-2.570711046311771
 10
171.9335455787222
 20
-2.570711046311771
 42
-0.4142135623734835
 10
171.6335455784428
 20
-2.270711046498036
 10
171.6335455784428
 20
2.12928895340883
 42
-0.4142135623729288
 10
171.9335455787222
 20
2.429288953688228
 10
172.5928406137827
 20
2.429288953688228
 42
0.198912367379725
 10
172.9463940043788
 20
2.575735563092165
 10
173.3999473946023
 20
3.029288953781359
 10
175.0999473947886
 20
3.029288953781359
 42
-0.4142135623727068
 10
175.3999473946023
 20
2.729288953501963
 10
175.3999473946023
 20
2.429288953688228
 10
176.1928406134102
 20
2.429288953688228
 42
0.198912367379725
 10
176.5463940040063
 20
2.575735563092165
 10
177.2535007851984
 20
3.28284234428429
 42
0.1989123673770189
 10
177.3999473946023
 20
3.636395734880351
 10
177.3999473946023
 20
5.429675101913744
 42
0.4142135623731229
 10
177.0999473947886
 20
5.72967510172748
 10
167.1411121007841
 20
5.72967510172748
 42
0.4142135623730451
 10
166.1411121007841
 20
4.72967510172748
 10
166.1411121007841
 20
3.229288953501963
 42
-0.4142135623730951
 10
165.1411121007841
 20
2.229288953501963
 10
162.8999473946023
 20
2.229288953501963
 42
0.4142135623730951
 10
161.8999473946023
 20
1.229288953501962
 10
161.8999473946023
 20
-1.370711046591168
 42
0.4142135623730951
 10
162.8999473946023
 20
-2.370711046591167
 10
165.1411121007841
 20
-2.370711046591167
 42
-0.4142135623730951
 10
166.1411121007841
 20
-3.370711046591167
 10
166.1411121007841
 20
-4.871097194816683
 42
0.4142135623731368
 10
167.1411121007841
 20
-5.871097194816683
 10
172.0715202698338
 20
-5.871097194816683
 42
-0.1989123673796443
 10
173.4857338322181
 20
-6.456883632432436
 10
174.1070541757945
 20
-7.078203976008807
 42
-0.1989123673796789
 10
174.3999473946023
 20
-7.785310757200932
 10
174.3999473946023
 20
-10.26331798857427
 42
-0.065543462815944
 10
174.2977248737443
 20
-11.03977512367419
 10
173.8021699162054
 20
-12.88921140399179
 42
0.065543462815235
 10
173.6999473948817
 20
-13.66566853909171
 10
173.6999473948817
 20
-15.8757535534387
 42
0.0655434628152217
 10
173.8021699162054
 20
-16.65221068900428
 10
174.0908367796655
 20
-17.7295300917176
 42
0.3394542588633927
 10
175.0567626063566
 20
-18.47071104621864
 10
176.7431321833136
 20
-18.47071104621864
 42
0.3394542588633935
 10
177.7090580095391
 20
-17.7295300917176
 10
177.9977248734649
 20
-16.65221068900428
 42
0.065543462815221
 10
178.0999473947886
 20
-15.8757535534387
 10
178.0999473947886
 20
-13.66566853909171
 42
0.0655434628152335
 10
177.9977248734649
 20
-12.88921140399179
 10
177.502169915926
 20
-11.03977512367419
 42
-0.0655434628144335
 10
177.3999473946023
 20
-10.26331798857427
 10
177.3999473946023
 20
-3.777817827503894
 42
0.1989123673796609
 10
177.2535007851984
 20
-3.424264436907832
 10
176.5463940040063
 20
-2.717157655715708
 42
0.1989123673797251
 10
176.1928406134102
 20
-2.570711046311771
 10
175.3999473946023
 20
-2.570711046311771
 10
175.3999473946023
 20
-2.870711046125506
 42
-0.4142135623730951
 10
175.0999473947886
 20
-3.170711046404903
 10
173.3999473946023
 20
-3.170711046404903
1001
ACDBBLOCKREPETAG
1070
     1
1071
       93
1005
0
  0
HATCH
  5
EA
330
73
100
AcDbEntity
  8
ART_TARAMA
370
    -2
100
AcDbHatch
 10
0.0
 20
0.0
 30
0.0
210
0.0
220
0.0
230
1.0
  2
ANSI37
 70
     0
 71
     0
 91
        2
 92
        7
 72
     1
 73
     1
 93
       13
 10
181.1992437271255
 20
-0.0707110463117715
 42
-0.0968821047424532
 10
179.813686259542
 20
-7.194311191648012
 42
0.4517582074474249
 10
180.6826207609701
 20
-8.417915398109471
 42
0.0
 10
187.0403477623913
 20
-9.085786789510166
 42
0.0
 10
187.1360725676495
 20
-9.097409885231172
 42
0.0
 10
187.226234194808
 20
-9.131603680405532
 42
0.0
 10
187.3055927785899
 20
-9.186380955245113
 42
0.0
 10
187.3695362857396
 20
-9.25855825454346
 42
0.0
 10
187.4143485529202
 20
-9.343940895836567
 42
0.0
 10
187.4374252529669
 20
-9.437566749606046
 42
0.0
 10
187.4374252529669
 20
-10.07071104631177
 42
0.0
 10
190.7999473949749
 20
-10.07071104631177
 42
-0.0736949098861163
 10
189.3180008344207
 20
-0.0707110463117715
 42
0.0
 97
        0
 92
        7
 72
     1
 73
     1
 93
       14
 10
180.6826207609701
 20
8.236515218537531
 42
0.4517582074475847
 10
179.813686259542
 20
7.012911011610412
 42
-0.0963484252007507
 10
181.1992437271255
 20
-0.0707110463117715
 42
0.0
 10
189.3180008344207
 20
-0.0707110463117715
 42
-0.0736949098861179
 10
190.7999473949749
 20
9.929288953688226
 42
0.0
 10
187.4374252529669
 20
9.929288953688226
 42
0.0
 10
187.4374252529669
 20
9.352594442811096
 42
0.0
 10
187.4374252529669
 20
9.256166570034109
 42
0.0
 10
187.4143485529202
 20
9.162540715798966
 42
0.0
 10
187.3695362857396
 20
9.077158074971519
 42
0.0
 10
187.3055927785899
 20
9.004980775673175
 42
0.0
 10
187.226234194808
 20
8.95020350036793
 42
0.0
 10
187.1360725676495
 20
8.916009705659234
 42
0.0
 10
187.0403477623913
 20
8.904386609938226
 42
0.0
 97
        0
 75
     0
 76
     1
 52
-0.0000000000000127
 41
0.5
 77
     0
 78
     2
 53
44.99999999999999
 43
71322.96985664179
 44
-4037.767545437509
 45
-1.122532015133642
 46
1.122532015133643
 79
     0
 53
134.9999999999999
 43
71322.96985664179
 44
-4037.767545437509
 45
-1.122532015133643
 46
-1.122532015133642
 79
     0
 47
0.0598735874210225
 98
        2
 10
184.9554132195044
 20
-2.284121953736756
 10
185.3745277020935
 20
2.091872954420978
1001
ACAD
1010
0.0
1020
0.0
1030
0.0
1001
ACDBBLOCKREPETAG
1070
     1
1071
       97
1005
0
  0
HATCH
  5
EB
330
73
100
AcDbEntity
  8
ART_TARAMA
370
     5
100
AcDbHatch
 10
0.0
 20
0.0
 30
0.0
210
0.0
220
0.0
230
1.0
  2
ANSI31
 70
     0
 71
     0
 91
        2
 92
       16
 93
        6
 72
     2
 10
175.1499473946023
 20
0.229288953501964
 40
0.5000000000000001
 50
-270.0
 51
-180.0
 73
     1
 72
     1
 10
174.6499473946023
 20
0.229288953501964
 11
174.6499473946023
 21
-0.3707110465911683
 72
     2
 10
175.1499473946023
 20
-0.3707110465911683
 40
0.5000000000000001
 50
-180.0
 51
-89.99999999999998
 73
     1
 72
     1
 10
175.1499473946023
 20
-0.870711046591168
 11
177.3999473946023
 21
-0.870711046591168
 72
     1
 10
177.3999473946023
 20
-0.870711046591168
 11
177.3999473946023
 21
0.7292889535019641
 72
     1
 10
177.3999473946023
 20
0.7292889535019641
 11
175.1499473946023
 21
0.7292889535019641
 97
        0
 92
       33
 93
       48
 72
     2
 10
180.4204526445683
 20
-6.885774582478915
 40
3.000000000000001
 50
-178.948035221777
 51
-90.00000000000156
 73
     1
 72
     1
 10
180.4204526445683
 20
-9.885774582478916
 11
187.0403477623913
 21
-9.885774582478916
 72
     1
 10
187.0403477623913
 20
-9.885774582478916
 11
187.1360725676495
 21
-9.874151486757908
 72
     1
 10
187.1360725676495
 20
-9.874151486757908
 11
187.226234194808
 21
-9.839957691583546
 72
     1
 10
187.226234194808
 20
-9.83995769204921
 11
187.3055927785899
 21
-9.785180416743965
 72
     1
 10
187.3055927785899
 20
-9.785180416743965
 11
187.3695362857396
 21
-9.713003117445623
 72
     1
 10
187.3695362857396
 20
-9.713003117445623
 11
187.4143485529202
 21
-9.627620476618176
 72
     1
 10
187.4143485529202
 20
-9.627620476618176
 11
187.4374252534325
 21
-9.533994622383033
 72
     1
 10
187.4374252529669
 20
-9.533994622383033
 11
187.4374252529669
 21
-9.437566749606046
 72
     1
 10
187.4374252529669
 20
-9.437566749606046
 11
187.4143485524546
 21
-9.343940895370906
 72
     1
 10
187.4143485529202
 20
-9.343940895836567
 11
187.3695362862054
 21
-9.25855825500912
 72
     1
 10
187.3695362857396
 20
-9.25855825454346
 11
187.3055927785899
 21
-9.186380955245113
 72
     1
 10
187.3055927785899
 20
-9.186380955245113
 11
187.2262341952737
 21
-9.131603679939873
 72
     1
 10
187.226234194808
 20
-9.131603680405532
 11
187.1360725676495
 21
-9.097409885231172
 72
     1
 10
187.1360725676495
 20
-9.097409885231172
 11
187.0403477623913
 21
-9.085786789510166
 72
     1
 10
187.0403477623913
 20
-9.085786789510166
 11
180.6826207609701
 21
-8.417915398109471
 72
     2
 10
180.787094663814
 20
-7.42338776992983
 40
1.000000000000282
 50
455.9968566886509
 51
553.2427121625358
 73
     0
 72
     2
 10
162.2968662245985
 20
-0.0907000897859689
 40
18.9023880717907
 50
-22.07407271496936
 51
22.07407271497086
 73
     1
 72
     2
 10
180.787094663814
 20
7.241987589892232
 40
1.000000000000046
 50
526.7572878374745
 51
624.0031433113653
 73
     0
 72
     1
 10
180.6826207609701
 20
8.236515218537531
 11
187.0403477623913
 21
8.904386609938226
 72
     1
 10
187.0403477623913
 20
8.904386609938226
 11
187.1360725676495
 21
8.916009705659234
 72
     1
 10
187.1360725676495
 20
8.916009705659234
 11
187.226234194808
 21
8.950203500833595
 72
     1
 10
187.226234194808
 20
8.95020350036793
 11
187.3055927785899
 21
9.004980775673175
 72
     1
 10
187.3055927785899
 20
9.004980775673175
 11
187.3695362857396
 21
9.077158074971519
 72
     1
 10
187.3695362857396
 20
9.077158074971519
 11
187.4143485529202
 21
9.162540715798966
 72
     1
 10
187.4143485529202
 20
9.162540715798966
 11
187.4374252534325
 21
9.256166570034109
 72
     1
 10
187.4374252529669
 20
9.256166570034109
 11
187.4374252529669
 21
9.352594442811096
 72
     1
 10
187.4374252529669
 20
9.352594442811096
 11
187.4143485524546
 21
9.446220297046238
 72
     1
 10
187.4143485529202
 20
9.446220296580575
 11
187.3695362862054
 21
9.531602937408022
 72
     1
 10
187.3695362857396
 20
9.531602937873683
 11
187.3055927785899
 21
9.603780237172033
 72
     1
 10
187.3055927785899
 20
9.603780237172033
 11
187.2262341952737
 21
9.658557512477273
 72
     1
 10
187.226234194808
 20
9.658557512011613
 11
187.1360725676495
 21
9.692751307185972
 72
     1
 10
187.1360725676495
 20
9.692751307185972
 11
187.0403477623913
 21
9.704374402906976
 72
     1
 10
187.0403477623913
 20
9.704374402906976
 11
180.4204526445683
 21
9.704374402906976
 72
     2
 10
180.4204526445683
 20
6.704374402906978
 40
2.999999999999771
 50
-269.9999999999984
 51
-181.0519647782143
 73
     1
 72
     1
 10
177.4209582786861
 20
6.759452055353904
 11
177.4209582786861
 21
3.229288953501963
 72
     2
 10
176.4209582786861
 20
3.229288953501963
 40
1.0
 50
360.0
 51
450.0
 73
     0
 72
     1
 10
176.4209582786861
 20
2.229288953501963
 11
175.1999473948817
 21
2.229288953501963
 72
     1
 10
175.1999473948817
 20
2.229288953501963
 11
175.1999473948817
 21
2.829288953595096
 72
     1
 10
175.1999473948817
 20
2.829288953595096
 11
174.6369030065689
 21
2.829288953595096
 72
     2
 10
174.6369030065689
 20
0.8292889535950962
 40
2.000000000012732
 50
-269.9999999997175
 51
-199.4337811169168
 73
     1
 72
     2
 10
177.1877901074331
 20
-0.0707110463117715
 40
4.705000000020728
 50
-199.4337811172041
 51
-160.566218882796
 73
     1
 72
     2
 10
174.6369030065689
 20
-0.9707110462186392
 40
2.000000000012287
 50
-160.5662188830369
 51
-90.00000000025407
 73
     1
 72
     1
 10
174.6369030065689
 20
-2.970711046684299
 11
175.1999473948817
 21
-2.970711046684299
 72
     1
 10
175.1999473948817
 20
-2.970711046684299
 11
175.1999473948817
 21
-2.370711046591167
 72
     1
 10
175.1999473948817
 20
-2.370711046591167
 11
176.4209582786861
 21
-2.370711046591167
 72
     2
 10
176.4209582786861
 20
-3.370711046591167
 40
1.0
 50
630.0
 51
720.0
 73
     0
 72
     1
 10
177.4209582786861
 20
-3.370711046591167
 11
177.4209582786861
 21
-7.171602159593021
 97
        0
 75
     0
 76
     1
 52
-0.0000000000000127
 41
0.5
 77
     0
 78
     1
 53
44.99999999999999
 43
70085.24927056868
 44
-3530.159122748371
 45
-1.122532015133643
 46
1.122532015133643
 79
     0
 98
        1
 10
-58.4147082464915
 20
-1473.137779596116
1001
ACAD
1010
0.0
1020
0.0
1030
0.0
1001
ACDBBLOCKREPETAG
1070
     1
1071
       98
1005
0
  0
LWPOLYLINE
  5
EC
330
73
100
AcDbEntity
  8
ART_FITIL
370
     5
100
AcDbPolyline
 90
       49
 70
     0
 43
0.0
 10
177.4209582786861
 20
-6.940852234925841
 42
0.4088461371550978
 10
180.4204526445683
 20
-9.885774582478916
 10
187.0403477623913
 20
-9.885774582478916
 10
187.1360725676495
 20
-9.874151486757908
 10
187.226234194808
 20
-9.83995769204921
 10
187.3055927785899
 20
-9.785180416743965
 10
187.3695362857396
 20
-9.713003117445623
 10
187.4143485529202
 20
-9.627620476618176
 10
187.4374252529669
 20
-9.533994622383033
 10
187.4374252529669
 20
-9.437566749606046
 10
187.4143485529202
 20
-9.343940895836567
 10
187.3695362857396
 20
-9.25855825454346
 10
187.3055927785899
 20
-9.186380955245113
 10
187.226234194808
 20
-9.131603680405532
 10
187.1360725676495
 20
-9.097409885231172
 10
187.0403477623913
 20
-9.085786789510166
 10
180.6826207609701
 20
-8.417915398109471
 42
-0.4517582074474868
 10
179.813686259542
 20
-7.194311191648012
 42
0.1950512235394689
 10
179.813686259542
 20
7.012911011610412
 42
-0.4517582074475154
 10
180.6826207609701
 20
8.236515218537531
 10
187.0403477623913
 20
8.904386609938226
 10
187.1360725676495
 20
8.916009705659234
 10
187.226234194808
 20
8.95020350036793
 10
187.3055927785899
 20
9.004980775673175
 10
187.3695362857396
 20
9.077158074971519
 10
187.4143485529202
 20
9.162540715798966
 10
187.4374252529669
 20
9.256166570034109
 10
187.4374252529669
 20
9.352594442811096
 10
187.4143485529202
 20
9.446220296580575
 10
187.3695362857396
 20
9.531602937873683
 10
187.3055927785899
 20
9.603780237172033
 10
187.226234194808
 20
9.658557512011613
 10
187.1360725676495
 20
9.692751307185972
 10
187.0403477623913
 20
9.704374402906976
 10
180.4204526445683
 20
9.704374402906976
 42
0.40884613715512
 10
177.4209582786861
 20
6.759452055353904
 10
177.4209582786861
 20
3.229288953501963
 42
-0.4142135623730951
 10
176.4209582786861
 20
2.229288953501963
 10
175.1999473948817
 20
2.229288953501963
 10
175.1999473948817
 20
2.829288953595096
 10
174.6369030065689
 20
2.829288953595096
 42
0.3180171180316686
 10
172.7508496977243
 20
1.494723334122681
 42
0.1712365548905705
 10
172.7508496977243
 20
-1.636145427211886
 42
0.3180171180315849
 10
174.6369030065689
 20
-2.970711046684299
 10
175.1999473948817
 20
-2.970711046684299
 10
175.1999473948817
 20
-2.370711046591167
 10
176.4209582786861
 20
-2.370711046591167
 42
-0.4142135623730951
 10
177.4209582786861
 20
-3.370711046591167
 10
177.4209582786861
 20
-7.171602159593021
1001
ACDBBLOCKREPETAG
1070
     1
1071
      100
1005
0
  0
ARC
  5
ED
330
73
100
AcDbEntity
  8
ART_SILIKON
370
    -2
100
AcDbCircle
 10
223.7983823651302
 20
-0.0707110463117715
 30
0.0
 40
34.48038153074115
100
AcDbArc
 50
163.1408470326874
 51
196.8591529673125
1001
ACDBBLOCKREPETAG
1070
     1
1071
      101
1005
0
  0
LINE
  5
EE
330
73
100
AcDbEntity
  8
ART_CAM
370
    -2
100
AcDbLine
 10
165.7999473949749
 20
-10.27410295404843
 30
0.0
 11
165.7999473949749
 21
-104.710678062489
 31
0.0
1001
ACDBBLOCKREPETAG
1070
     1
1071
      102
1005
0
  0
LINE
  5
EF
330
73
100
AcDbEntity
  8
ART_TARAMA
370
    -2
100
AcDbLine
 10
164.7999473949749
 20
-10.27410295404843
 30
0.0
 11
164.7999473949749
 21
-104.710678062489
 31
0.0
1001
ACDBBLOCKREPETAG
1070
     1
1071
      103
1005
0
  0
LINE
  5
F0
330
73
100
AcDbEntity
  8
ART_TARAMA
370
    -2
100
AcDbLine
 10
163.7999473949748
 20
-10.27410295404843
 30
0.0
 11
163.7999473949748
 21
-104.710678062489
 31
0.0
1001
ACDBBLOCKREPETAG
1070
     1
1071
      104
1005
0
  0
LINE
  5
F1
330
73
100
AcDbEntity
  8
ART_TARAMA
370
    -2
100
AcDbLine
 10
162.7999473949748
 20
-10.27410295404843
 30
0.0
 11
162.7999473949748
 21
-104.710678062489
 31
0.0
1001
ACDBBLOCKREPETAG
1070
     1
1071
      105
1005
0
  0
LINE
  5
F2
330
73
100
AcDbEntity
  8
ART_CAM
370
    -2
100
AcDbLine
 10
159.7999473949748
 20
-10.27410295404843
 30
0.0
 11
159.7999473949748
 21
-104.710678062489
 31
0.0
1001
ACDBBLOCKREPETAG
1070
     1
1071
      106
1005
0
  0
LINE
  5
F3
330
73
100
AcDbEntity
  8
ART_TARAMA
370
    -2
100
AcDbLine
 10
161.7999473949748
 20
-10.27410295404843
 30
0.0
 11
161.7999473949748
 21
-104.710678062489
 31
0.0
1001
ACDBBLOCKREPETAG
1070
     1
1071
      107
1005
0
  0
LINE
  5
F4
330
73
100
AcDbEntity
  8
ART_TARAMA
370
    -2
100
AcDbLine
 10
160.7999473949749
 20
-10.27410295404843
 30
0.0
 11
160.7999473949749
 21
-104.710678062489
 31
0.0
1001
ACDBBLOCKREPETAG
1070
     1
1071
      108
1005
0
  0
LINE
  5
F5
330
73
100
AcDbEntity
  8
ART_CAM
370
    -2
100
AcDbLine
 10
159.9999473946955
 20
-10.27410295404843
 30
0.0
 11
165.9999473946955
 21
-10.27410295404843
 31
0.0
1001
ACDBBLOCKREPETAG
1070
     1
1071
      109
1005
0
  0
LINE
  5
F6
330
73
100
AcDbEntity
  8
ART_CAM
370
    -2
100
AcDbLine
 10
185.7999473949749
 20
-10.27410295404843
 30
0.0
 11
185.7999473949749
 21
-104.710678062489
 31
0.0
1001
ACDBBLOCKREPETAG
1070
     1
1071
      110
1005
0
  0
LINE
  5
F7
330
73
100
AcDbEntity
  8
ART_TARAMA
370
    -2
100
AcDbLine
 10
186.7999473949748
 20
-10.27410295404843
 30
0.0
 11
186.7999473949748
 21
-104.710678062489
 31
0.0
1001
ACDBBLOCKREPETAG
1070
     1
1071
      111
1005
0
  0
LINE
  5
F8
330
73
100
AcDbEntity
  8
ART_TARAMA
370
    -2
100
AcDbLine
 10
187.7999473949748
 20
-10.27410295404843
 30
0.0
 11
187.7999473949748
 21
-104.710678062489
 31
0.0
1001
ACDBBLOCKREPETAG
1070
     1
1071
      112
1005
0
  0
LINE
  5
F9
330
73
100
AcDbEntity
  8
ART_TARAMA
370
    -2
100
AcDbLine
 10
188.7999473949749
 20
-10.27410295404843
 30
0.0
 11
188.7999473949749
 21
-104.710678062489
 31
0.0
1001
ACDBBLOCKREPETAG
1070
     1
1071
      113
1005
0
  0
LINE
  5
FA
330
73
100
AcDbEntity
  8
ART_CAM
370
    -2
100
AcDbLine
 10
191.7999473949748
 20
-11.27410295404843
 30
0.0
 11
191.7999473949748
 21
-104.710678062489
 31
0.0
1001
ACDBBLOCKREPETAG
1070
     1
1071
      114
1005
0
  0
LINE
  5
FB
330
73
100
AcDbEntity
  8
ART_TARAMA
370
    -2
100
AcDbLine
 10
189.7999473949749
 20
-10.27410295404843
 30
0.0
 11
189.7999473949749
 21
-104.710678062489
 31
0.0
1001
ACDBBLOCKREPETAG
1070
     1
1071
      115
1005
0
  0
LINE
  5
FC
330
73
100
AcDbEntity
  8
ART_TARAMA
370
    -2
100
AcDbLine
 10
190.7999473949749
 20
-10.27410295404843
 30
0.0
 11
190.7999473949749
 21
-104.710678062489
 31
0.0
1001
ACDBBLOCKREPETAG
1070
     1
1071
      116
1005
0
  0
LINE
  5
FD
330
73
100
AcDbEntity
  8
ART_CAM
370
    -2
100
AcDbLine
 10
190.7999473949749
 20
-10.27410295404843
 30
0.0
 11
185.7999473949749
 21
-10.27410295404843
 31
0.0
1001
ACDBBLOCKREPETAG
1070
     1
1071
      117
1005
0
  0
LINE
  5
FE
330
73
100
AcDbEntity
  8
ART_CAM
370
    -2
100
AcDbLine
 10
190.7999473949749
 20
-10.27410295404843
 30
0.0
 11
191.7999473949748
 21
-11.27410295404843
 31
0.0
1001
ACDBBLOCKREPETAG
1070
     1
1071
      118
1005
0
  0
LWPOLYLINE
  5
FF
330
73
100
AcDbEntity
  8
ART_SILIKON
370
    -2
100
AcDbPolyline
 90
        6
 70
     1
 43
0.0
 10
179.4999473946955
 20
-10.37410295414156
 10
179.4999473946955
 20
-19.27410295404843
 42
0.4142135623731008
 10
184.3999473946023
 20
-24.1741029539553
 10
185.0999473947886
 20
-24.1741029539553
 10
185.6999473948817
 20
-24.1741029539553
 10
185.6999473948817
 20
-10.37410295414156
1001
ACDBBLOCKREPETAG
1070
     1
1071
      119
1005
0
  0
LWPOLYLINE
  5
100
330
73
100
AcDbEntity
  8
ART_SILIKON
370
    -2
100
AcDbPolyline
 90
        6
 70
     1
 43
0.0
 10
172.2999473949748
 20
-10.37410295414156
 10
172.2999473949748
 20
-19.27410295404843
 42
-0.4142135623731008
 10
167.3999473946023
 20
-24.1741029539553
 10
166.6999473948817
 20
-24.1741029539553
 10
166.0999473947886
 20
-24.1741029539553
 10
166.0999473947886
 20
-10.37410295414156
1001
ACDBBLOCKREPETAG
1070
     1
1071
      120
1005
0
  0
HATCH
  5
101
330
73
100
AcDbEntity
  8
ART_TARAMA
 48
0.5
370
    -2
100
AcDbHatch
 10
0.0
 20
0.0
 30
0.0
210
0.0
220
0.0
230
1.0
  2
JIS_WOOD
 70
     0
 71
     0
 91
        2
 92
        7
 72
     1
 73
     1
 93
       62
 10
167.3999473946023
 20
-24.27410295404843
 42
0.0
 10
166.6999473948817
 20
-24.27410295404843
 42
0.4142135623730395
 10
166.3999473946023
 20
-24.57410295386217
 42
0.0
 10
166.3999473946023
 20
-25.1741029539553
 42
-0.4142135623730119
 10
166.6999473948817
 20
-25.47410295376903
 42
0.0
 10
166.6999473948817
 20
-25.87410295414156
 42
-0.4142135623728175
 10
166.3999473946023
 20
-26.1741029539553
 42
0.0
 10
166.3999473946023
 20
-27.1741029539553
 42
-0.4142135623730119
 10
166.6999473948817
 20
-27.47410295376904
 42
0.0
 10
166.6999473948817
 20
-27.87410295414157
 42
-0.4142135623728175
 10
166.3999473946023
 20
-28.1741029539553
 42
0.0
 10
166.3999473946023
 20
-29.1741029539553
 42
-0.4142135623730397
 10
166.6999473948817
 20
-29.47410295376903
 42
0.0
 10
166.6999473948817
 20
-29.87410295414156
 42
-0.4142135623728175
 10
166.3999473946023
 20
-30.1741029539553
 42
0.0
 10
166.3999473946023
 20
-30.82410295386217
 42
0.4142135623730951
 10
166.6499473946023
 20
-31.07410295386217
 42
0.0
 10
175.0645173587691
 20
-31.07410295386217
 42
0.2840730398225988
 10
175.3328425343934
 20
-30.908272995468
 42
0.0
 10
175.599942394052
 20
-30.37410295414157
 42
0.0
 10
175.8999473946023
 20
-30.37410295414157
 42
0.0
 10
176.1999523956183
 20
-30.37410295414157
 42
0.0
 10
176.4670522548111
 20
-30.908272995468
 42
0.2840730398224709
 10
176.7353774309013
 20
-31.07410295386217
 42
0.0
 10
185.1499473946023
 20
-31.07410295386217
 42
0.4142135623730951
 10
185.3999473946023
 20
-30.82410295386217
 42
0.0
 10
185.3999473946023
 20
-30.1741029539553
 42
-0.4142135623732618
 10
185.0999473947886
 20
-29.87410295414156
 42
0.0
 10
185.0999473947886
 20
-29.47410295376903
 42
-0.4142135623728175
 10
185.3999473946023
 20
-29.1741029539553
 42
0.0
 10
185.3999473946023
 20
-28.1741029539553
 42
-0.4142135623732618
 10
185.0999473947886
 20
-27.87410295414157
 42
0.0
 10
185.0999473947886
 20
-27.47410295376904
 42
-0.4142135623727901
 10
185.3999473946023
 20
-27.1741029539553
 42
0.0
 10
185.3999473946023
 20
-26.1741029539553
 42
-0.4142135623732618
 10
185.0999473947886
 20
-25.87410295414156
 42
0.0
 10
185.0999473947886
 20
-25.47410295376903
 42
-0.4142135623727901
 10
185.3999473946023
 20
-25.1741029539553
 42
0.0
 10
185.3999473946023
 20
-24.57410295386217
 42
0.4142135623729288
 10
185.0999473947886
 20
-24.27410295404843
 42
0.0
 10
184.3999473946023
 20
-24.27410295404843
 42
-0.4142135623730951
 10
179.3999473946023
 20
-19.27410295404843
 42
0.0
 10
179.3999473946023
 20
-10.27410295404843
 42
0.0
 10
179.0035473946336
 20
-10.27410295404843
 42
0.1989123673789477
 10
178.8267706995684
 20
-10.34732625851757
 42
0.0
 10
178.4601946016628
 20
-11.02480781948543
 42
0.1246328871769678
 10
178.3999473946023
 20
-11.26275210067979
 42
0.0
 10
178.3999473946023
 20
-19.27914546136162
 42
-0.0655434628152042
 10
178.2875026217516
 20
-20.13324830992496
 42
0.0
 10
177.9988357578258
 20
-21.21056771263829
 42
-0.3394542588634077
 10
176.7431321833136
 20
-22.1741029539553
 42
0.0
 10
175.8999473946023
 20
-22.1741029539553
 42
0.0
 10
175.0567626063566
 20
-22.1741029539553
 42
-0.3394542588633891
 10
173.8010590318445
 20
-21.21056771263829
 42
0.0
 10
173.5123921679187
 20
-20.13324830992496
 42
-0.0655434628152218
 10
173.3999473946023
 20
-19.27914546136162
 42
0.0
 10
173.3999473946023
 20
-11.26275210067979
 42
0.1246328871770905
 10
173.3397001880075
 20
-11.02480781948543
 42
0.0
 10
172.9731240901019
 20
-10.34732625851757
 42
0.1989123673788
 10
172.796347394571
 20
-10.27410295404843
 42
0.0
 10
172.3999473946023
 20
-10.27410295404843
 42
0.0
 10
172.3999473946023
 20
-19.27410295404843
 42
-0.4142135623731017
 97
        0
 92
       22
 72
     1
 73
     1
 93
       21
 10
172.5977086308267
 20
-23.00817286953679
 42
-0.4563598604568039
 10
173.0490482747409
 20
-22.96672885524458
 42
0.1935366803869025
 10
175.0567626063566
 20
-23.77410295404843
 42
0.0
 10
175.8999473946023
 20
-23.77410295404843
 42
0.0
 10
176.7431321833136
 20
-23.77410295404843
 42
0.1935366803868923
 10
178.7508465149294
 20
-22.96672885524458
 42
-0.4563598604568039
 10
179.2021861588437
 20
-23.00817286953679
 42
0.2375483066084502
 10
184.3044250067178
 20
-25.67339006051771
 42
-0.4098485858566308
 10
184.5999473947886
 20
-25.97335664354615
 42
0.0
 10
184.5999473947886
 20
-29.37410295414156
 42
-0.4142135623729563
 10
184.2999473949749
 20
-29.6741029539553
 42
0.0
 10
176.7242126739438
 20
-29.6741029539553
 42
0.1988993730521748
 10
176.512091246419
 20
-29.76196031350992
 42
0.0
 10
176.2999673946614
 20
-29.97406295393012
 42
0.0
 10
175.4999573947715
 20
-29.97406295393012
 42
0.0
 10
175.2878335434798
 20
-29.76196031350992
 42
0.1988993730518029
 10
175.0757121154893
 20
-29.6741029539553
 42
0.0
 10
167.4999473946955
 20
-29.6741029539553
 42
-0.4142135623731229
 10
167.1999473948817
 20
-29.37410295414156
 42
0.0
 10
167.1999473948817
 20
-25.97335664354615
 42
-0.4098485858528685
 10
167.4954697829526
 20
-25.67339006051771
 42
0.2375483066084502
 97
        0
 75
     0
 76
     1
 52
-90.00000000000001
 41
1.0
 77
     0
 78
     1
 53
315.0
 43
70085.24927056868
 44
-3530.159122748371
 45
0.4999999991609844
 46
0.4999999991609842
 79
     0
 47
0.0566005529139591
 98
        2
 10
169.8014943119924
 20
-24.06823738044477
 10
169.8014943119924
 20
-24.06823738044477
1001
ACAD
1010
0.0
1020
0.0
1030
0.0
1001
ACDBBLOCKREPETAG
1070
     1
1071
      121
1005
0
  0
LWPOLYLINE
  5
102
330
73
100
AcDbEntity
  8
ART_BOND CITASI
 48
0.5
370
    -2
100
AcDbPolyline
 90
       21
 70
     1
 43
0.0
 10
176.7242126739438
 20
-29.6741029539553
 42
0.1988993730519209
 10
176.512091246419
 20
-29.76196031350992
 10
176.2999673946614
 20
-29.97406295393012
 10
175.4999573947715
 20
-29.97406295393012
 10
175.2878335434798
 20
-29.76196031350992
 42
0.1988993730519259
 10
175.0757121154893
 20
-29.6741029539553
 10
167.4999473946955
 20
-29.6741029539553
 42
-0.414213562372901
 10
167.1999473948817
 20
-29.37410295414156
 10
167.1999473948817
 20
-25.97335664354615
 42
-0.4098485858528685
 10
167.4954697829526
 20
-25.67339006051771
 42
0.2375483066084503
 10
172.5977086308267
 20
-23.00817286953679
 42
-0.4563598604568039
 10
173.0490482747409
 20
-22.96672885524458
 42
0.1935366803868923
 10
175.0567626063566
 20
-23.77410295404843
 10
175.8999473946023
 20
-23.77410295404843
 10
176.7431321833136
 20
-23.77410295404843
 42
0.1935366803868923
 10
178.7508465149294
 20
-22.96672885524458
 42
-0.4563598604568039
 10
179.2021861588437
 20
-23.00817286953679
 42
0.2375483066084503
 10
184.3044250067178
 20
-25.67339006051771
 42
-0.4098485858528689
 10
184.5999473947886
 20
-25.97335664354615
 10
184.5999473947886
 20
-29.37410295414156
 42
-0.414213562372901
 10
184.2999473949749
 20
-29.6741029539553
1001
ACDBBLOCKREPETAG
1070
     1
1071
      122
1005
0
  0
LWPOLYLINE
  5
103
330
73
100
AcDbEntity
  8
ART_BOND CITASI
 48
0.5
370
    -2
100
AcDbPolyline
 90
       67
 70
     1
 43
0.0
 10
176.1999373948056
 20
-30.37407295391313
 10
176.4670522548111
 20
-30.908272995468
 42
0.2840730398225477
 10
176.7353774309013
 20
-31.07410295386217
 10
185.1499473946023
 20
-31.07410295386217
 42
0.4142135623730951
 10
185.3999473946023
 20
-30.82410295386217
 10
185.3999473946023
 20
-30.1741029539553
 42
-0.4142135623728178
 10
185.0999473947886
 20
-29.87410295414156
 10
185.0999473947886
 20
-29.47410295376903
 42
-0.4142135623728179
 10
185.3999473946023
 20
-29.1741029539553
 10
185.3999473946023
 20
-28.1741029539553
 42
-0.4142135623728178
 10
185.0999473947886
 20
-27.87410295414157
 10
185.0999473947886
 20
-27.47410295376904
 42
-0.4142135623727901
 10
185.3999473946023
 20
-27.1741029539553
 10
185.3999473946023
 20
-26.1741029539553
 42
-0.4142135623728178
 10
185.0999473947886
 20
-25.87410295414156
 10
185.0999473947886
 20
-25.47410295376903
 42
-0.4142135623727901
 10
185.3999473946023
 20
-25.1741029539553
 10
185.3999473946023
 20
-24.57410295386217
 42
0.4142135623728179
 10
185.0999473947886
 20
-24.27410295404843
 10
184.3999473946023
 20
-24.27410295404843
 42
-0.4142135623730951
 10
179.3999473946023
 20
-19.27410295404843
 10
179.3999473946023
 20
-10.27410295404843
 10
179.0035473946336
 20
-10.27410295404843
 42
0.1989123673789477
 10
178.8267706995684
 20
-10.34732625851757
 10
178.4601946016628
 20
-11.02480781948543
 42
0.1246328871770832
 10
178.3999473946023
 20
-11.26275210067979
 10
178.3999473946023
 20
-19.27914546136162
 42
-0.0655434628152045
 10
178.2875026217516
 20
-20.13324830992496
 10
177.9988357578258
 20
-21.21056771263829
 42
-0.3394542588633894
 10
176.7431321833136
 20
-22.1741029539553
 10
175.8999473946023
 20
-22.1741029539553
 10
175.0567626063566
 20
-22.1741029539553
 42
-0.3394542588633892
 10
173.8010590318445
 20
-21.21056771263829
 10
173.5123921679187
 20
-20.13324830992496
 42
-0.0655434628152045
 10
173.3999473946023
 20
-19.27914546136162
 10
173.3999473946023
 20
-11.26275210067979
 42
0.1246328871770832
 10
173.3397001880075
 20
-11.02480781948543
 10
172.9731240901019
 20
-10.34732625851757
 42
0.1989123673789477
 10
172.796347394571
 20
-10.27410295404843
 10
172.3999473946023
 20
-10.27410295404843
 10
172.3999473946023
 20
-19.27410295404843
 42
-0.4142135623730951
 10
167.3999473946023
 20
-24.27410295404843
 10
166.6999473948817
 20
-24.27410295404843
 42
0.4142135623728179
 10
166.3999473946023
 20
-24.57410295386217
 10
166.3999473946023
 20
-25.1741029539553
 10
166.3999473946023
 20
-25.1741029539553
 42
-0.4142135623727901
 10
166.6999473948817
 20
-25.47410295376903
 10
166.6999473948817
 20
-25.87410295414156
 42
-0.4142135623728179
 10
166.3999473946023
 20
-26.1741029539553
 10
166.3999473946023
 20
-26.1741029539553
 10
166.3999473946023
 20
-27.1741029539553
 10
166.3999473946023
 20
-27.1741029539553
 42
-0.4142135623727901
 10
166.6999473948817
 20
-27.47410295376904
 10
166.6999473948817
 20
-27.87410295414157
 42
-0.4142135623728179
 10
166.3999473946023
 20
-28.1741029539553
 10
166.3999473946023
 20
-28.1741029539553
 10
166.3999473946023
 20
-29.1741029539553
 10
166.3999473946023
 20
-29.1741029539553
 42
-0.4142135623728179
 10
166.6999473948817
 20
-29.47410295376903
 10
166.6999473948817
 20
-29.87410295414156
 42
-0.4142135623728179
 10
166.3999473946023
 20
-30.1741029539553
 10
166.3999473946023
 20
-30.1741029539553
 10
166.3999473946023
 20
-30.82410295386217
 42
0.4142135623730951
 10
166.6499473946023
 20
-31.07410295386217
 10
175.0645173587691
 20
-31.07410295386217
 42
0.2840730398225476
 10
175.3328425343934
 20
-30.908272995468
 10
175.5999573948647
 20
-30.37407295391313
1001
ACDBBLOCKREPETAG
1070
     1
1071
      123
1005
0
  0
HATCH
  5
104
330
73
100
AcDbEntity
  8
ART_TARAMA
370
    -2
100
AcDbHatch
 10
0.0
 20
0.0
 30
0.0
210
0.0
220
0.0
230
1.0
  2
ANSI37
 70
     0
 71
     0
 91
        1
 92
        1
 93
        6
 72
     1
 10
179.4999473946955
 20
-10.37410295414156
 11
179.4999473946955
 21
-19.27410295404843
 72
     2
 10
184.3999473946023
 20
-19.27410295358277
 40
4.899999999906868
 50
-179.999999994555
 51
-89.9999999993194
 73
     1
 72
     1
 10
184.3999473946023
 20
-24.1741029539553
 11
185.0999473947886
 21
-24.1741029539553
 72
     1
 10
185.0999473947886
 20
-24.1741029539553
 11
185.6999473948817
 21
-24.1741029539553
 72
     1
 10
185.6999473948817
 20
-24.1741029539553
 11
185.6999473948817
 21
-10.37410295414156
 72
     1
 10
185.6999473948817
 20
-10.37410295414156
 11
179.4999473946955
 21
-10.37410295414156
 97
        0
 75
     0
 76
     1
 52
-0.0000000000000127
 41
0.5
 77
     0
 78
     2
 53
44.99999999999999
 43
-3910117.027368626
 44
-297523.3165154198
 45
-1.122532015133643
 46
1.122532015133643
 79
     0
 53
134.9999999999999
 43
-3910117.027368626
 44
-297523.3165154198
 45
-1.122532015133643
 46
-1.122532015133643
 79
     0
 98
        1
 10
293427.1342617368
 20
3982912.790190864
1001
GradientColor1ACI
1070
     5
1001
GradientColor2ACI
1070
     2
1001
ACAD
1010
0.0
1020
0.0
1030
0.0
1001
ACDBBLOCKREPETAG
1070
     1
1071
      124
1005
0
  0
HATCH
  5
105
330
73
100
AcDbEntity
  8
ART_TARAMA
370
    -2
100
AcDbHatch
 10
0.0
 20
0.0
 30
0.0
210
0.0
220
0.0
230
1.0
  2
ANSI37
 70
     0
 71
     0
 91
        1
 92
        1
 93
        6
 72
     1
 10
172.2999773947376
 20
-10.37410295414156
 11
172.2999773947376
 21
-19.27410295404843
 72
     2
 10
167.3999773948308
 20
-19.27410295358277
 40
4.899999999906868
 50
720.0000000054449
 51
810.0000000006804
 73
     0
 72
     1
 10
167.3999773948308
 20
-24.1741029539553
 11
166.6999773946445
 21
-24.1741029539553
 72
     1
 10
166.6999773946445
 20
-24.1741029539553
 11
166.0999773945514
 21
-24.1741029539553
 72
     1
 10
166.0999773945514
 20
-24.1741029539553
 11
166.0999773945514
 21
-10.37410295414156
 72
     1
 10
166.0999773945514
 20
-10.37410295414156
 11
172.2999773947376
 21
-10.37410295414156
 97
        0
 75
     0
 76
     1
 52
-0.0000000000000127
 41
0.5
 77
     0
 78
     2
 53
44.99999999999999
 43
-3910117.027368626
 44
-297523.3165154198
 45
-1.122532015133643
 46
1.122532015133643
 79
     0
 53
134.9999999999999
 43
-3910117.027368626
 44
-297523.3165154198
 45
-1.122532015133643
 46
-1.122532015133643
 79
     0
 98
        1
 10
-293075.3343369472
 20
3982912.790190864
1001
GradientColor1ACI
1070
     5
1001
GradientColor2ACI
1070
     2
1001
ACAD
1010
0.0
1020
0.0
1030
0.0
1001
ACDBBLOCKREPETAG
1070
     1
1071
      125
1005
0
  0
LWPOLYLINE
  5
106
330
73
100
AcDbEntity
  8
ART_FITIL
370
    -2
100
AcDbPolyline
 90
       14
 70
     1
 43
0.0
 10
150.0000121006596
 20
-19.45861400043941
 10
147.7339515448402
 20
-19.45861400043941
 42
0.3750467088369516
 10
147.4367033913585
 20
-19.71807345966226
 42
0.06787888806713
 10
147.4367033913585
 20
-20.79915454084403
 42
0.3750467088364983
 10
147.7339515448402
 20
-21.05861400006688
 10
150.0000121006596
 20
-21.05861400006688
 42
-0.29821662669872
 10
150.9165272395911
 20
-21.65861400016002
 42
0.2982166266987449
 10
151.8330423785228
 20
-22.25861400025315
 10
152.1639022664021
 20
-22.25861400025315
 42
0.4142135623731131
 10
152.4639022662159
 20
-21.95861400043941
 10
152.4639022662159
 20
-18.55861400006688
 42
0.4142135623730951
 10
152.1639022664021
 20
-18.25861400025315
 10
151.8330423785228
 20
-18.25861400025315
 42
0.2982166266986086
 10
150.9165272395911
 20
-18.85861400034628
 42
-0.2982166266982826
1001
ACDBBLOCKREPETAG
1070
     1
1071
      126
1005
0
  0
LWPOLYLINE
  5
107
330
73
100
AcDbEntity
  8
ART_FITIL
370
    -2
100
AcDbPolyline
 90
        6
 70
     1
 43
0.0
 10
154.2639022664953
 20
-22.25861400025315
 10
154.5947621539089
 20
-22.25861400025315
 42
0.9999999999999428
 10
154.5947621539089
 20
-18.25861400025315
 10
154.2639022664953
 20
-18.25861400025315
 42
0.4142135623731685
 10
153.9639022662159
 20
-18.55861400006688
 10
153.9639022662159
 20
-21.95861400043941
 42
0.4142135623730951
1001
ACDBBLOCKREPETAG
1070
     1
1071
      127
1005
0
  0
LWPOLYLINE
  5
108
330
73
100
AcDbEntity
  8
ART_FITIL
370
    -2
100
AcDbPolyline
 90
       37
 70
     1
 43
0.0
 10
150.0000121006596
 20
-15.25861400025315
 10
150.0000121006596
 20
-17.45861400043941
 42
-0.4142135623726955
 10
149.0000121006596
 20
-18.45861400043941
 10
148.4000121005665
 20
-18.45861400043941
 10
148.4000121005665
 20
-17.25861400025315
 10
147.4000121005665
 20
-17.25861400025315
 42
0.3333333333332321
 10
147.4000121005665
 20
-23.25861400025315
 10
148.4000121005665
 20
-23.25861400025315
 10
148.4000121005665
 20
-22.05861400006688
 10
149.0000121006596
 20
-22.05861400006688
 42
-0.4142135623730951
 10
150.0000121006596
 20
-23.05861400006688
 10
150.0000121006596
 20
-25.25861400025315
 10
158.5947621539089
 20
-25.25861400025315
 10
158.5947621539089
 20
-24.86382005581982
 42
0.3076847592326424
 10
158.1839446392696
 20
-24.25942636080435
 42
-1.128701775594638
 10
158.4937374433357
 20
-23.68910759114078
 42
-0.2012120834861407
 10
159.4996993546228
 20
-25.27155758146546
 42
0.9785310008365527
 10
160.5000121006596
 20
-25.26682232724852
 42
0.16129986857728
 10
159.39615956739
 20
-23.20592349706567
 42
-0.3075716929249019
 10
159.379724259008
 20
-22.98173316553584
 10
160.4799159113172
 20
-21.07614532610751
 42
0.8390996311758398
 10
160.2535939593654
 20
-20.88623865958652
 10
159.310412307721
 20
-21.67766203577048
 42
-0.8390996311784471
 10
159.0086497049633
 20
-21.42445314707584
 10
160.4799159113172
 20
-18.87614532592123
 42
0.8390996311775001
 10
160.2535939593654
 20
-18.68623865940026
 10
159.310412307721
 20
-19.47766203558422
 42
-0.8390996311757817
 10
159.0086497049633
 20
-19.22445314688957
 10
160.4799159113172
 20
-16.67614532620064
 42
0.8390996311793939
 10
160.2535939593654
 20
-16.48623865967965
 10
159.310412307721
 20
-17.27766203586361
 42
-0.8390996311784471
 10
159.0086497049633
 20
-17.02445314716897
 10
160.4799159113172
 20
-14.47614532601437
 42
0.8390996311797371
 10
160.2535939593654
 20
-14.28623865949339
 10
159.3735795290995
 20
-15.0246584432607
 42
-0.1763269807083487
 10
158.7307919193845
 20
-15.25861400025315
 10
150.0000121006596
 20
-15.25861400025315
1001
ACDBBLOCKREPETAG
1070
     1
1071
      128
1005
0
  0
HATCH
  5
109
330
73
100
AcDbEntity
  8
ART_TARAMA
370
    -2
100
AcDbHatch
 10
0.0
 20
0.0
 30
0.0
210
0.0
220
0.0
230
1.0
  2
ANSI37
 70
     0
 71
     0
 91
        3
 92
        1
 93
       36
 72
     1
 10
150.0000121006596
 20
-15.25861400025315
 11
150.0000121006596
 21
-17.45861400043941
 72
     2
 10
149.0000121006596
 20
-17.45861400043941
 40
0.9999999999715779
 50
720.0000000017065
 51
810.0000000016281
 73
     0
 72
     1
 10
149.0000121006596
 20
-18.45861400043941
 11
148.4000121005665
 21
-18.45861400043941
 72
     1
 10
148.4000121005665
 20
-18.45861400043941
 11
148.4000121005665
 21
-17.25861400025315
 72
     1
 10
148.4000121005665
 20
-17.25861400025315
 11
147.4000121005665
 21
-17.25861400025315
 72
     2
 10
151.4000121005665
 20
-20.25861400025315
 40
4.999999999952707
 50
-576.8698976458335
 51
-503.1301023541663
 73
     1
 72
     1
 10
147.4000121005665
 20
-23.25861400025315
 11
148.4000121005665
 21
-23.25861400025315
 72
     1
 10
148.4000121005665
 20
-23.25861400025315
 11
148.4000121005665
 21
-22.05861400006688
 72
     1
 10
148.4000121005665
 20
-22.05861400006688
 11
149.0000121006596
 21
-22.05861400006688
 72
     2
 10
149.0000121006596
 20
-23.05861400006688
 40
1.000000000029102
 50
630.0000000016674
 51
720.0000000016674
 73
     0
 72
     1
 10
150.0000121006596
 20
-23.05861400006688
 11
150.0000121006596
 21
-25.25861399978749
 72
     1
 10
150.0000121006596
 20
-25.25861400025315
 11
158.5947621539089
 21
-25.25861400025315
 72
     1
 10
158.5947621539089
 20
-25.25861400025315
 11
158.5947621539089
 21
-24.86382005581982
 72
     2
 10
157.9447621535364
 20
-24.86382005581982
 40
0.6500000000085039
 50
-360.0000000039484
 51
-291.5906644907597
 73
     1
 72
     2
 10
158.3042329358723
 20
-23.95546811711392
 40
0.3268943072577348
 50
831.5906644857799
 51
1025.430279122246
 73
     0
 72
     2
 10
157.1101735965203
 20
-25.67960727246827
 40
2.42411590039654
 50
664.8025333702966
 51
710.3093057773515
 73
     0
 72
     2
 10
159.999804339357
 20
-25.25833430312923
 40
0.5002797726303078
 50
-538.4853949360458
 51
-360.9721586352065
 73
     1
 72
     2
 10
156.8369873738702
 20
-25.90273026362411
 40
3.717812401334961
 50
-350.1514995712049
 51
-313.4999790813711
 73
     1
 72
     2
 10
159.5529293399158
 20
-23.08173316562898
 40
0.1999999999511002
 50
861.6143371105692
 51
929.9999999968582
 73
     0
 72
     1
 10
159.379724259008
 20
-22.98173316553584
 11
160.4799159113172
 21
-21.07614532610751
 72
     2
 10
160.3500121007528
 20
-21.00114532592124
 40
0.1499999999716371
 50
-390.000000007679
 51
-230.0000000079693
 73
     1
 72
     1
 10
160.2535939593654
 20
-20.88623865958652
 11
159.310412307721
 21
-21.67766203577048
 72
     2
 10
159.1818547858711
 20
-21.52445314716897
 40
0.2000000000025044
 50
770.0000000127232
 51
930.0000000129601
 73
     0
 72
     1
 10
159.0086497049633
 20
-21.42445314707584
 11
160.4799159113172
 21
-18.87614532638689
 72
     2
 10
160.3500121007528
 20
-18.80114532620064
 40
0.1499999999906347
 50
-390.0000000164263
 51
-230.0000000165229
 73
     1
 72
     1
 10
160.2535939593654
 20
-18.68623865940026
 11
159.310412307721
 21
-19.47766203558422
 72
     2
 10
159.1818547854054
 20
-19.3244531469827
 40
0.1999999999456145
 50
769.9999999934358
 51
929.999999993335
 73
     0
 72
     1
 10
159.0086497049633
 20
-19.22445314688957
 11
160.4799159113172
 21
-16.67614532573498
 72
     2
 10
160.3500121007528
 20
-16.60114532601436
 40
0.1499999999527003
 50
-389.9999999993194
 51
-229.9999999990594
 73
     1
 72
     1
 10
160.2535939593654
 20
-16.48623865967965
 11
159.310412307721
 21
-17.27766203586361
 72
     2
 10
159.1818547858711
 20
-17.1244531472621
 40
0.2000000000214377
 50
770.0000000192305
 51
930.0000000194316
 73
     0
 72
     1
 10
159.0086497049633
 20
-17.02445314716897
 11
160.4799159113172
 21
-14.47614532648003
 72
     2
 10
160.3500121007528
 20
-14.40114532629377
 40
0.1500000000095491
 50
-390.0000000252923
 51
-230.0000000249543
 73
     1
 72
     1
 10
160.2535939593654
 20
-14.28623865949339
 11
159.3735795290995
 21
-15.0246584432607
 72
     2
 10
158.7307919193845
 20
-14.25861400025314
 40
1.000000000087942
 50
770.0000000074724
 51
810.0000000074517
 73
     0
 72
     1
 10
158.7307919193845
 20
-15.25861400025315
 11
150.0000121006596
 21
-15.25861400025315
 97
        0
 92
       16
 93
        6
 72
     1
 10
154.2639022664953
 20
-22.25861400025315
 11
154.5947621539089
 21
-22.25861400025315
 72
     2
 10
154.5947621539089
 20
-20.25861400025315
 40
2.000000000029101
 50
-450.0
 51
-270.0
 73
     1
 72
     1
 10
154.5947621539089
 20
-18.25861400025315
 11
154.2639022664953
 21
-18.25861400025315
 72
     2
 10
154.2639022664953
 20
-18.55861400006688
 40
0.30000000007567
 50
-629.9999999944416
 51
-539.9999999944416
 73
     1
 72
     1
 10
153.9639022662159
 20
-18.55861400006688
 11
153.9639022662159
 21
-21.95861399997375
 72
     2
 10
154.2639022660296
 20
-21.95861400043941
 40
0.2999999999883586
 50
-539.9999999888831
 51
-449.9999999888832
 73
     1
 97
        0
 92
       17
 93
       14
 72
     1
 10
150.0000121006596
 20
-19.45861400043941
 11
147.7339515443746
 21
-19.45861400043941
 72
     2
 10
147.7339515443746
 20
-19.75861400025315
 40
0.2999999999997271
 50
-270.0000000009553
 51
-187.766434169194
 73
     1
 72
     2
 10
151.4000121005665
 20
-20.25861400025315
 40
4.000000000147706
 50
-547.76643416811
 51
-532.23356583189
 73
     1
 72
     2
 10
147.7339515443746
 20
-20.75861400025315
 40
0.3000000000000034
 50
-532.2335658307686
 51
-449.9999999990881
 73
     1
 72
     1
 10
147.7339515448402
 20
-21.05861400006688
 11
150.0000121011253
 21
-21.05861400006688
 72
     2
 10
150.0000121006596
 20
-22.05861400053255
 40
1.000000000031377
 50
989.9999999973422
 51
1056.421821519166
 73
     0
 72
     2
 10
151.8330423785228
 20
-21.25861400025315
 40
0.9999999999425192
 50
-516.4218215225015
 51
-450.0000000006775
 73
     1
 72
     1
 10
151.8330423785228
 20
-22.25861400025315
 11
152.1639022659365
 21
-22.25861400025315
 72
     2
 10
152.1639022664021
 20
-21.95861400043941
 40
0.2999999999592546
 50
-450.0000000055583
 51
-360.0000000055584
 73
     1
 72
     1
 10
152.4639022662159
 20
-21.95861400043941
 11
152.4639022662159
 21
-18.55861400053254
 72
     2
 10
152.1639022664021
 20
-18.55861400006688
 40
0.3000000000465661
 50
-360.000000011117
 51
-270.0000000111169
 73
     1
 72
     1
 10
152.1639022664021
 20
-18.25861400025315
 11
151.8330423789884
 21
-18.25861400025315
 72
     2
 10
151.8330423789884
 20
-19.25861400025315
 40
1.000000000001135
 50
-629.9999999942156
 51
-563.578178472423
 73
     1
 72
     2
 10
150.0000121006596
 20
-18.45861400043941
 40
1.000000000061801
 50
743.5781784783393
 51
810.0000000000651
 73
     0
 97
        0
 75
     0
 76
     1
 52
89.99999999999998
 41
0.5
 77
     0
 78
     2
 53
134.9999999999999
 43
363517.4732641463
 44
-3991631.093270425
 45
-1.122532015133643
 46
-1.122532015133643
 79
     0
 53
225.0
 43
363517.4732641463
 44
-3991631.093270425
 45
1.122532015133643
 46
-1.122532015133643
 79
     0
 98
        1
 10
1931.722459824275
 20
-1989.064153340499
1001
ACAD
1010
0.0
1020
0.0
1030
0.0
1001
ACDBBLOCKREPETAG
1070
     1
1071
      129
1005
0
  0
LWPOLYLINE
  5
10A
330
73
100
AcDbEntity
  8
ART_KLİPS
370
    -2
100
AcDbPolyline
 90
       58
 70
     1
 43
0.0
 10
172.9463940043788
 20
2.372343655355506
 42
-0.1989123673797251
 10
172.5928406137827
 20
2.225897045951568
 10
171.9335455787222
 20
2.225897045951568
 42
0.4142135623734835
 10
171.6335455784428
 20
1.925897046137833
 10
171.6335455784428
 20
-2.474102953769033
 42
0.4142135623729288
 10
171.9335455787222
 20
-2.77410295404843
 10
172.5928406137827
 20
-2.77410295404843
 42
-0.198912367379725
 10
172.9463940043788
 20
-2.920549563452368
 10
173.3999473946023
 20
-3.374102954141561
 10
175.0999473947886
 20
-3.374102954141561
 42
0.4142135623727068
 10
175.3999473946023
 20
-3.074102953862165
 10
175.3999473946023
 20
-2.77410295404843
 10
176.1928406134102
 20
-2.77410295404843
 42
-0.198912367379725
 10
176.5463940040063
 20
-2.920549563452368
 10
177.2535007851984
 20
-3.627656344644491
 42
-0.1989123673770189
 10
177.3999473946023
 20
-3.981209735240553
 10
177.3999473946023
 20
-5.774489102273945
 42
-0.4142135623731229
 10
177.0999473947886
 20
-6.074489102087682
 10
167.1411121007841
 20
-6.074489102087682
 42
-0.4142135623730451
 10
166.1411121007841
 20
-5.074489102087682
 10
166.1411121007841
 20
-3.574102953862165
 42
0.4142135623730951
 10
165.1411121007841
 20
-2.574102953862166
 10
162.8999473946023
 20
-2.574102953862166
 42
-0.4142135623730951
 10
161.8999473946023
 20
-1.574102953862166
 10
161.8999473946023
 20
1.025897046230966
 42
-0.4142135623730951
 10
162.8999473946023
 20
2.025897046230965
 10
165.1411121007841
 20
2.025897046230965
 42
0.4142135623730951
 10
166.1411121007841
 20
3.025897046230966
 10
166.1411121007841
 20
4.526283194456481
 42
-0.4142135623731368
 10
167.1411121007841
 20
5.526283194456482
 10
172.0715202698338
 20
5.526283194456482
 42
0.1989123673796443
 10
173.4857338322181
 20
6.112069632072232
 10
174.1070541757945
 20
6.733389975648607
 42
0.1989123673796789
 10
174.3999473946023
 20
7.44049675684073
 10
174.3999473946023
 20
9.918503988214068
 42
0.065543462815944
 10
174.2977248737443
 20
10.69496112331399
 10
173.8021699162054
 20
12.54439740363159
 42
-0.065543462815235
 10
173.6999473948817
 20
13.32085453873151
 10
173.6999473948817
 20
15.5309395530785
 42
-0.0655434628152217
 10
173.8021699162054
 20
16.30739668864407
 10
174.0908367796655
 20
17.3847160913574
 42
-0.3394542588633927
 10
175.0567626063566
 20
18.12589704585844
 10
176.7431321833136
 20
18.12589704585844
 42
-0.3394542588633935
 10
177.7090580095391
 20
17.3847160913574
 10
177.9977248734649
 20
16.30739668864407
 42
-0.065543462815221
 10
178.0999473947886
 20
15.5309395530785
 10
178.0999473947886
 20
13.32085453873151
 42
-0.0655434628152335
 10
177.9977248734649
 20
12.54439740363159
 10
177.502169915926
 20
10.69496112331399
 42
0.0655434628144335
 10
177.3999473946023
 20
9.918503988214068
 10
177.3999473946023
 20
3.433003827143693
 42
-0.1989123673796609
 10
177.2535007851984
 20
3.079450436547631
 10
176.5463940040063
 20
2.372343655355506
 42
-0.1989123673797251
 10
176.1928406134102
 20
2.225897045951568
 10
175.3999473946023
 20
2.225897045951568
 10
175.3999473946023
 20
2.525897045765304
 42
0.4142135623730951
 10
175.0999473947886
 20
2.825897046044701
 10
173.3999473946023
 20
2.825897046044701
1001
ACDBBLOCKREPETAG
1070
     1
1071
      130
1005
0
  0
CIRCLE
  5
10B
330
73
100
AcDbEntity
  8
KOMPOZIT
100
AcDbCircle
 10
189.3180013746605
 20
-0.0768149062587327
 30
0.0
 40
4.256009528243299
  0
INSERT
  5
10C
330
73
100
AcDbEntity
  8
KOMPOZIT
100
AcDbBlockReference
  2
A$C6cdfd78d
 10
161.8999473946023
 20
0.0
 30
0.0
  0
ENDBLK
  5
125
330
73
100
AcDbEntity
  8
0
100
AcDbBlockEnd
  0
ENDSEC
  0
SECTION
  2
ENTITIES
  0
INSERT
  5
72
330
2
100
AcDbEntity
  8
KOMPOZIT
100
AcDbBlockReference
  2
kanatlı alt yatay
 10
-74848.4579473147
 20
4283.609703787312
 30
0.0
  0
ENDSEC
  0
SECTION
  2
OBJECTS
  0
DICTIONARY
  5
A
330
0
100
AcDbDictionary
281
     1
  3
ACAD_ASSOCPERSSUBENTMANAGER
350
12A
  3
ACAD_COLOR
350
55
  3
ACAD_GROUP
350
4C
  3
ACAD_LAYOUT
350
17
  3
ACAD_MATERIAL
350
C
  3
ACAD_MLEADERSTYLE
350
58
  3
ACAD_MLINESTYLE
350
4D
  3
ACAD_PLOTSETTINGS
350
4E
  3
ACAD_PLOTSTYLENAME
350
9
  3
ACAD_SCALELIST
350
56
  3
ACAD_TABLESTYLE
350
57
  3
ACAD_VISUALSTYLE
350
2C
  3
ACDB_RECOMPOSE_DATA
350
132
  3
AcDbVariableDictionary
350
12B
  0
DICTIONARY
  5
1F
330
1E
100
AcDbDictionary
280
     1
281
     1
  3
ACAD_LAYERSTATES
360
20
  0
DICTIONARY
  5
7
330
6
100
AcDbDictionary
280
     1
281
     1
  0
DICTIONARY
  5
81
330
80
100
AcDbDictionary
280
     1
281
     1
  0
DICTIONARY
  5
8E
330
8D
100
AcDbDictionary
280
     1
281
     1
  0
DICTIONARY
  5
A7
330
A6
100
AcDbDictionary
280
     1
281
     1
  0
DICTIONARY
  5
7A
330
79
100
AcDbDictionary
280
     1
281
     1
  0
DICTIONARY
  5
9D
330
9C
100
AcDbDictionary
280
     1
281
     1
  0
DICTIONARY
  5
E6
330
E5
100
AcDbDictionary
280
     1
281
     1
  0
DICTIONARY
  5
B5
330
B4
100
AcDbDictionary
280
     1
281
     1
  0
DICTIONARY
  5
C9
330
C8
100
AcDbDictionary
280
     1
281
     1
  0
DICTIONARY
  5
8B
330
8A
100
AcDbDictionary
280
     1
281
     1
  0
DICTIONARY
  5
113
330
112
100
AcDbDictionary
280
     1
281
     1
  0
DICTIONARY
  5
3
330
2
100
AcDbDictionary
280
     1
281
     1
  3
ACAD_SORTENTS
360
129
  0
DICTIONARY
  5
3C
330
3B
100
AcDbDictionary
280
     1
281
     1
  3
ACAD_SORTENTS
360
127
  0
DICTIONARY
  5
45
330
44
100
AcDbDictionary
280
     1
281
     1
  3
ACAD_SORTENTS
360
126
  0
DICTIONARY
  5
10E
330
10D
100
AcDbDictionary
280
     1
281
     1
  3
ACAD_SORTENTS
360
128
  0
ACDBASSOCPERSSUBENTMANAGER
  5
12A
102
{ACAD_REACTORS
330
A
102
}
330
A
100
AcDbAssocPersSubentManager
 90
        2
 90
        3
 90
        0
 90
        2
 90
        1
 90
        0
 90
        1
 90
        1
 90
        0
 90
        0
290
     0
  0
DICTIONARY
  5
55
102
{ACAD_REACTORS
330
A
102
}
330
A
100
AcDbDictionary
281
     1
  0
DICTIONARY
  5
4C
102
{ACAD_REACTORS
330
A
102
}
330
A
100
AcDbDictionary
281
     1
  0
DICTIONARY
  5
17
102
{ACAD_REACTORS
330
A
102
}
330
A
100
AcDbDictionary
281
     1
  3
Layout1
350
1D
  3
Model
350
16
  0
DICTIONARY
  5
C
102
{ACAD_REACTORS
330
A
102
}
330
A
100
AcDbDictionary
281
     1
  3
ByBlock
350
52
  3
ByLayer
350
4F
  3
Global
350
B
  0
DICTIONARY
  5
58
102
{ACAD_REACTORS
330
A
102
}
330
A
100
AcDbDictionary
281
     1
  0
DICTIONARY
  5
4D
102
{ACAD_REACTORS
330
A
102
}
330
A
100
AcDbDictionary
281
     1
  3
Standard
350
5C
  0
DICTIONARY
  5
4E
102
{ACAD_REACTORS
330
A
102
}
330
A
100
AcDbDictionary
281
     1
  0
ACDBDICTIONARYWDFLT
  5
9
102
{ACAD_REACTORS
330
A
102
}
330
A
100
AcDbDictionary
281
     1
  3
Normal
350
8
100
AcDbDictionaryWithDefault
340
8
  0
DICTIONARY
  5
56
102
{ACAD_REACTORS
330
A
102
}
330
A
100
AcDbDictionary
281
     1
  3
A0
350
61
  3
A1
350
62
  3
A2
350
63
  3
A3
350
64
  3
A4
350
65
  3
A5
350
66
  3
A6
350
67
  3
A7
350
68
  3
A8
350
69
  3
A9
350
6A
  3
B0
350
6B
  3
B1
350
6C
  3
B2
350
6D
  3
B3
350
6E
  3
B4
350
6F
  3
B5
350
70
  3
B6
350
71
  0
DICTIONARY
  5
57
102
{ACAD_REACTORS
330
A
102
}
330
A
100
AcDbDictionary
281
     1
  3
Standard
350
5D
  0
DICTIONARY
  5
2C
102
{ACAD_REACTORS
330
A
102
}
330
A
100
AcDbDictionary
281
     1
  3
2dWireframe
350
2B
  3
Realistic
350
5F
  3
Wireframe
350
60
  0
XRECORD
  5
132
102
{ACAD_REACTORS
330
A
102
}
330
A
100
AcDbXrecord
280
     1
 90
        1
330
5D
  0
DICTIONARY
  5
12B
102
{ACAD_REACTORS
330
A
102
}
330
A
100
AcDbDictionary
281
     1
  3
CANNOSCALE
350
130
  3
CMLEADERSTYLE
350
12D
  3
CTABLESTYLE
350
12C
  3
CVIEWDETAILSTYLE
350
12E
  3
CVIEWSECTIONSTYLE
350
12F
  0
DICTIONARY
  5
20
102
{ACAD_REACTORS
330
1F
102
}
330
1F
100
AcDbDictionary
281
     1
  0
SORTENTSTABLE
  5
129
102
{ACAD_REACTORS
330
3
102
}
330
3
100
AcDbSortentsTable
330
2
  0
SORTENTSTABLE
  5
127
102
{ACAD_REACTORS
330
3C
102
}
330
3C
100
AcDbSortentsTable
330
3B
  0
SORTENTSTABLE
  5
126
102
{ACAD_REACTORS
330
45
102
}
330
45
100
AcDbSortentsTable
330
44
  0
SORTENTSTABLE
  5
128
102
{ACAD_REACTORS
330
10E
102
}
330
10E
100
AcDbSortentsTable
330
10D
  0
LAYOUT
  5
1D
102
{ACAD_REACTORS
330
17
102
}
330
17
100
AcDbPlotSettings
  1

  2
Adobe PDF
  4
A4
  6

 40
3.174999952316283
 41
3.174999952316283
 42
3.175003051757812
 43
3.17498779296875
 44
209.9733276367186
 45
297.0318298339844
 46
0.0
 47
0.0
 48
0.0
 49
0.0
140
0.0
141
0.0
142
1.0
143
1.0
 70
   688
 72
     1
 73
     1
 74
     5
  7

 75
    16
147
1.0
 76
     0
 77
     2
 78
   300
148
0.0
149
0.0
100
AcDbLayout
  1
Layout1
 70
     1
 71
     1
 10
-3.17498779296875
 20
-3.174999952316283
 11
293.8568420410156
 21
206.7983276844024
 12
0.0
 22
0.0
 32
0.0
 14
29.06818420886992
 24
20.36233246326446
 34
0.0
 15
261.6136578798294
 25
183.2609921693802
 35
0.0
146
0.0
 13
0.0
 23
0.0
 33
0.0
 16
1.0
 26
0.0
 36
0.0
 17
0.0
 27
1.0
 37
0.0
 76
     0
330
1A
1001
ACAD_PSEXT
1000
Adobe PDF
1000
Adobe PDF Converter
1000
Documents\*.pdf
1000

1070
     0
  0
LAYOUT
  5
16
102
{ACAD_XDICTIONARY
360
18
102
}
102
{ACAD_REACTORS
330
17
102
}
330
17
100
AcDbPlotSettings
  1

  2
none_device
  4
ISO_A4_(210.00_x_297.00_MM)
  6

 40
7.5
 41
20.0
 42
7.5
 43
20.0
 44
210.0
 45
297.0
 46
11.54999923706054
 47
-13.65000009536743
 48
0.0
 49
0.0
140
0.0
141
0.0
142
1.0
143
8.704084754739808
 70
 11952
 72
     1
 73
     0
 74
     0
  7

 75
     0
147
0.1148885871608098
 76
     0
 77
     2
 78
   300
148
0.0
149
0.0
100
AcDbLayout
  1
Model
 70
     1
 71
     0
 10
0.0
 20
0.0
 11
12.0
 21
9.0
 12
0.0
 22
0.0
 32
0.0
 14
0.0
 24
0.0
 34
0.0
 15
0.0
 25
0.0
 35
0.0
146
0.0
 13
0.0
 23
0.0
 33
0.0
 16
1.0
 26
0.0
 36
0.0
 17
0.0
 27
1.0
 37
0.0
 76
     0
330
2
331
2A
1001
ACAD_PSEXT
1000
None
1000
None
1000
Not applicable
1000
The layout will not be plotted unless a new plotter configuration name is selected.
1070
     0
  0
MATERIAL
  5
52
102
{ACAD_XDICTIONARY
360
53
102
}
102
{ACAD_REACTORS
330
C
102
}
330
C
100
AcDbMaterial
  1
ByBlock
 94
       63
  0
MATERIAL
  5
4F
102
{ACAD_XDICTIONARY
360
50
102
}
102
{ACAD_REACTORS
330
C
102
}
330
C
100
AcDbMaterial
  1
ByLayer
 94
       63
  0
MATERIAL
  5
B
102
{ACAD_XDICTIONARY
360
D
102
}
102
{ACAD_REACTORS
330
C
102
}
330
C
100
AcDbMaterial
  1
Global
 43
0.0007999999797903
 43
0.0
 43
0.0
 43
0.0
 43
0.0
 43
0.0007999999797903
 43
0.0
 43
0.0
 43
0.0
 43
0.0
 43
1.0
 43
0.0
 43
0.0
 43
0.0
 43
0.0
 43
1.0
 49
0.0007999999797903
 49
0.0
 49
0.0
 49
0.0
 49
0.0
 49
0.0007999999797903
 49
0.0
 49
0.0
 49
0.0
 49
0.0
 49
1.0
 49
0.0
 49
0.0
 49
0.0
 49
0.0
 49
1.0
142
0.0007999999797903
142
0.0
142
0.0
142
0.0
142
0.0
142
0.0007999999797903
142
0.0
142
0.0
142
0.0
142
0.0
142
1.0
142
0.0
142
0.0
142
0.0
142
0.0
142
1.0
144
0.0007999999797903
144
0.0
144
0.0
144
0.0
144
0.0
144
0.0007999999797903
144
0.0
144
0.0
144
0.0
144
0.0
144
1.0
144
0.0
144
0.0
144
0.0
144
0.0
144
1.0
 94
       63
1001
ACAD
1070
    -1
1070
     3
1070
     0
1000

1071
        0
1070
     0
  0
MLINESTYLE
  5
5C
102
{ACAD_REACTORS
330
4D
102
}
330
4D
100
AcDbMlineStyle
  2
STANDARD
 70
     0
  3

 62
   256
 51
90.0
 52
90.0
 71
     2
 49
0.5
 62
   256
  6
BYLAYER
 49
-0.5
 62
   256
  6
BYLAYER
  0
ACDBPLACEHOLDER
  5
8
102
{ACAD_REACTORS
330
9
102
}
330
9
  0
SCALE
  5
61
102
{ACAD_REACTORS
330
56
102
}
330
56
100
AcDbScale
 70
     0
300
1:1
140
1.0
141
1.0
290
     1
  0
SCALE
  5
62
102
{ACAD_REACTORS
330
56
102
}
330
56
100
AcDbScale
 70
     0
300
1:2
140
1.0
141
2.0
290
     0
  0
SCALE
  5
63
102
{ACAD_REACTORS
330
56
102
}
330
56
100
AcDbScale
 70
     0
300
1:4
140
1.0
141
4.0
290
     0
  0
SCALE
  5
64
102
{ACAD_REACTORS
330
56
102
}
330
56
100
AcDbScale
 70
     0
300
1:5
140
1.0
141
5.0
290
     0
  0
SCALE
  5
65
102
{ACAD_REACTORS
330
56
102
}
330
56
100
AcDbScale
 70
     0
300
1:8
140
1.0
141
8.0
290
     0
  0
SCALE
  5
66
102
{ACAD_REACTORS
330
56
102
}
330
56
100
AcDbScale
 70
     0
300
1:10
140
1.0
141
10.0
290
     0
  0
SCALE
  5
67
102
{ACAD_REACTORS
330
56
102
}
330
56
100
AcDbScale
 70
     0
300
1:16
140
1.0
141
16.0
290
     0
  0
SCALE
  5
68
102
{ACAD_REACTORS
330
56
102
}
330
56
100
AcDbScale
 70
     0
300
1:20
140
1.0
141
20.0
290
     0
  0
SCALE
  5
69
102
{ACAD_REACTORS
330
56
102
}
330
56
100
AcDbScale
 70
     0
300
1:30
140
1.0
141
30.0
290
     0
  0
SCALE
  5
6A
102
{ACAD_REACTORS
330
56
102
}
330
56
100
AcDbScale
 70
     0
300
1:40
140
1.0
141
40.0
290
     0
  0
SCALE
  5
6B
102
{ACAD_REACTORS
330
56
102
}
330
56
100
AcDbScale
 70
     0
300
1:50
140
1.0
141
50.0
290
     0
  0
SCALE
  5
6C
102
{ACAD_REACTORS
330
56
102
}
330
56
100
AcDbScale
 70
     0
300
1:100
140
1.0
141
100.0
290
     0
  0
SCALE
  5
6D
102
{ACAD_REACTORS
330
56
102
}
330
56
100
AcDbScale
 70
     0
300
2:1
140
2.0
141
1.0
290
     0
  0
SCALE
  5
6E
102
{ACAD_REACTORS
330
56
102
}
330
56
100
AcDbScale
 70
     0
300
4:1
140
4.0
141
1.0
290
     0
  0
SCALE
  5
6F
102
{ACAD_REACTORS
330
56
102
}
330
56
100
AcDbScale
 70
     0
300
8:1
140
8.0
141
1.0
290
     0
  0
SCALE
  5
70
102
{ACAD_REACTORS
330
56
102
}
330
56
100
AcDbScale
 70
     0
300
10:1
140
10.0
141
1.0
290
     0
  0
SCALE
  5
71
102
{ACAD_REACTORS
330
56
102
}
330
56
100
AcDbScale
 70
     0
300
100:1
140
100.0
141
1.0
290
     0
  0
TABLESTYLE
  5
5D
102
{ACAD_XDICTIONARY
360
5E
102
}
102
{ACAD_REACTORS
330
57
102
}
330
57
100
AcDbTableStyle
280
     0
  3
Standard
 70
     0
 71
     0
 40
1.5
 41
1.5
280
     0
281
     0
  7
Standard
140
4.5
170
     2
 62
     0
 63
     7
283
     0
 90
      512
 91
        0
  1

274
    -2
284
     1
 64
     0
275
    -2
285
     1
 65
     0
276
    -2
286
     1
 66
     0
277
    -2
287
     1
 67
     0
278
    -2
288
     1
 68
     0
279
    -2
289
     1
 69
     0
  7
Standard
140
6.0
170
     5
 62
     0
 63
     7
283
     0
 90
      512
 91
        0
  1

274
    -2
284
     1
 64
     0
275
    -2
285
     1
 65
     0
276
    -2
286
     1
 66
     0
277
    -2
287
     1
 67
     0
278
    -2
288
     1
 68
     0
279
    -2
289
     1
 69
     0
  7
Standard
140
4.5
170
     5
 62
     0
 63
     7
283
     0
 90
      512
 91
        0
  1

274
    -2
284
     1
 64
     0
275
    -2
285
     1
 65
     0
276
    -2
286
     1
 66
     0
277
    -2
287
     1
 67
     0
278
    -2
288
     1
 68
     0
279
    -2
289
     1
 69
     0
  0
VISUALSTYLE
  5
2B
102
{ACAD_REACTORS
330
2C
102
}
330
2C
100
AcDbVisualStyle
  2
2dWireframe
 70
     4
177
     3
291
     0
 70
    58
 90
        0
176
     1
 90
        2
176
     1
 90
        1
176
     1
 90
        0
176
     1
 40
0.6
176
     1
 40
30.0
176
     1
 62
     7
420
 16777215
176
     1
 90
        1
176
     1
 90
        4
176
     1
 62
     7
176
     1
 62
   257
176
     1
 90
        1
176
     1
 90
        1
176
     1
 40
1.0
176
     1
 90
        0
176
     1
 62
   257
176
     1
 40
1.0
176
     1
 90
        1
176
     1
 90
        6
176
     1
 90
        2
176
     1
 62
     7
176
     1
 90
        5
176
     1
 90
        0
176
     1
 90
        0
176
     1
290
     0
176
     1
 90
        1
176
     1
 40
0.0
176
     1
 90
        0
176
     1
290
     1
176
     1
290
     1
176
     1
290
     0
176
     1
290
     0
176
     1
290
     0
176
     1
290
     0
176
     1
290
     0
176
     1
290
     0
176
     1
290
     0
176
     1
 90
       50
176
     1
 40
0.0
176
     1
 40
1.0
176
     1
 90
        0
176
     1
 62
    18
176
     1
 90
       50
176
     1
 90
        3
176
     1
 62
     5
420
      255
176
     1
290
     0
176
     1
 90
       50
176
     1
 90
       50
176
     1
 90
       50
176
     1
290
     0
176
     1
 90
       50
176
     1
 62
   256
176
     0
 40
1.0
176
     0
 90
        2
176
     1
  1
strokes_ogs.tif
176
     1
290
     0
176
     1
 40
1.0
176
     1
 40
1.0
176
     1
1001
ACAD
1000
AcDbSavedByObjectVersion
1070
     0
  0
VISUALSTYLE
  5
5F
102
{ACAD_REACTORS
330
2C
102
}
330
2C
100
AcDbVisualStyle
  2
Realistic
 70
     8
177
     3
291
     0
 70
    58
 90
        2
176
     1
 90
        2
176
     1
 90
        0
176
     1
 90
        2
176
     1
 40
0.6
176
     1
 40
30.0
176
     1
 62
     7
420
 16777215
176
     1
 90
        0
176
     1
 90
        0
176
     1
 62
     7
176
     1
 62
   257
176
     1
 90
        1
176
     1
 90
        1
176
     1
 40
1.0
176
     1
 90
        8
176
     1
 62
   257
176
     1
 40
1.0
176
     1
 90
        1
176
     1
 90
        6
176
     1
 90
        2
176
     1
 62
     7
176
     1
 90
        3
176
     1
 90
        0
176
     1
 90
        0
176
     1
290
     0
176
     1
 90
       13
176
     1
 40
0.0
176
     1
 90
        0
176
     1
290
     0
176
     1
290
     1
176
     1
290
     1
176
     1
290
     0
176
     1
290
     0
176
     1
290
     0
176
     1
290
     0
176
     1
290
     0
176
     1
290
     0
176
     1
 90
       50
176
     1
 40
0.0
176
     1
 40
1.0
176
     1
 90
        0
176
     1
 62
    18
176
     1
 90
       50
176
     1
 90
        3
176
     1
 62
     5
420
      255
176
     1
290
     0
176
     1
 90
       50
176
     1
 90
       50
176
     1
 90
       50
176
     1
290
     0
176
     1
 90
       50
176
     1
 62
   256
176
     0
 40
1.0
176
     0
 90
        2
176
     1
  1
strokes_ogs.tif
176
     1
290
     0
176
     1
 40
1.0
176
     1
 40
1.0
176
     1
1001
ACAD
1000
AcDbSavedByObjectVersion
1070
     0
  0
VISUALSTYLE
  5
60
102
{ACAD_REACTORS
330
2C
102
}
330
2C
100
AcDbVisualStyle
  2
Wireframe
 70
     5
177
     3
291
     0
 70
    58
 90
        0
176
     1
 90
        2
176
     1
 90
        0
176
     1
 90
        0
176
     1
 40
0.6
176
     1
 40
30.0
176
     1
 62
     7
420
 16777215
176
     1
 90
        1
176
     1
 90
        4
176
     1
 62
     7
176
     1
 62
   257
176
     1
 90
        1
176
     1
 90
        1
176
     1
 40
1.0
176
     1
 90
        0
176
     1
 62
   257
176
     1
 40
1.0
176
     1
 90
        1
176
     1
 90
        6
176
     1
 90
        2
176
     1
 62
     7
176
     1
 90
        3
176
     1
 90
        0
176
     1
 90
        0
176
     1
290
     0
176
     1
 90
        1
176
     1
 40
0.0
176
     1
 90
        0
176
     1
290
     0
176
     1
290
     1
176
     1
290
     1
176
     1
290
     0
176
     1
290
     0
176
     1
290
     0
176
     1
290
     0
176
     1
290
     0
176
     1
290
     0
176
     1
 90
       50
176
     1
 40
0.0
176
     1
 40
1.0
176
     1
 90
        0
176
     1
 62
    18
176
     1
 90
       50
176
     1
 90
        3
176
     1
 62
     5
420
      255
176
     1
290
     0
176
     1
 90
       50
176
     1
 90
       50
176
     1
 90
       50
176
     1
290
     0
176
     1
 90
       50
176
     1
 62
   256
176
     0
 40
1.0
176
     0
 90
        2
176
     1
  1
strokes_ogs.tif
176
     1
290
     0
176
     1
 40
1.0
176
     1
 40
1.0
176
     1
1001
ACAD
1000
AcDbSavedByObjectVersion
1070
     0
  0
DICTIONARYVAR
  5
130
102
{ACAD_REACTORS
330
12B
102
}
330
12B
100
DictionaryVariables
280
     0
  1
1:1
  0
DICTIONARYVAR
  5
12D
102
{ACAD_REACTORS
330
12B
102
}
330
12B
100
DictionaryVariables
280
     0
  1
STANDARD
  0
DICTIONARYVAR
  5
12C
102
{ACAD_REACTORS
330
12B
102
}
330
12B
100
DictionaryVariables
280
     0
  1
STANDARD
  0
DICTIONARYVAR
  5
12E
102
{ACAD_REACTORS
330
12B
102
}
330
12B
100
DictionaryVariables
280
     0
  1

  0
DICTIONARYVAR
  5
12F
102
{ACAD_REACTORS
330
12B
102
}
330
12B
100
DictionaryVariables
280
     0
  1

  0
DICTIONARY
  5
18
330
16
100
AcDbDictionary
280
     1
281
     1
  0
DICTIONARY
  5
53
330
52
100
AcDbDictionary
280
     1
281
     1
  3
FBXASSET
360
54
  0
DICTIONARY
  5
50
330
4F
100
AcDbDictionary
280
     1
281
     1
  3
FBXASSET
360
51
  0
DICTIONARY
  5
D
330
B
100
AcDbDictionary
280
     1
281
     1
  3
BUMPTILE
360
E
  3
DIFFUSETILE
360
F
  3
FBXASSET
360
10
  3
OPACITYTILE
360
11
  3
REFLECTIONTILE
360
12
  0
DICTIONARY
  5
5E
330
5D
100
AcDbDictionary
280
     1
281
     1
  3
ACAD_ROUNDTRIP_2008_TABLESTYLE_CELLSTYLEMAP
360
131
  0
XRECORD
  5
54
102
{ACAD_REACTORS
330
53
102
}
330
53
100
AcDbXrecord
280
     1
 70
     1
 90
429727718
  1
D62C5603-E3A1-4AEA-B7FB-FE5D8D0755AF
310
504B03040A0000080000CC70623B3DEE336E79000000790000001B0000006175746F6465736B2D64657369676E2D7061636B6167652E786D6C3C3F786D6C2076657273696F6E3D22312E302220656E636F64696E673D227574662D3822203F3E3C666F726D6174733E3C666F726D61743E687474703A2F2F736368656D612E
310
6175746F6465736B2E636F6D2F64657369676E2D7061636B6167652F323030393C2F666F726D61743E3C2F666F726D6174733E504B0304140006080800CC70623BD486FD9CA0000000F4000000130000005B436F6E74656E745F54797065735D2E786D6C7D8EC10E82300C865F65E91D8A1E8C310C0EEA1BF002731658846E
310
D98AC1B77784ABF1D8FE5FBFBF75BBCE937A534CCEB38643598122B6FEE978D0B0485F9C41B54DDD7D022595594E1A469170414C76A4D9A4D207E29CF43ECE46F218070CC6BECC4078ACAA135ACF422C856C0E68EA1BF5669944DDD7BCDE7B1F8E415D77AECB980613C2E4AC91FC167A2B244592486606FC29C8FD7F045B9A
310
EF7053A7E60B504B0304140006080800CC70623B853B8169EB0000007C01000008000000636F72652E786D6C8D90416EC3201045AF62CDB6C206821CC7C244919D9CA01740401C94182C03558F5F9C3852BBEB6A467FFE9B197D7EFC9E1EC5975982F5AE035262288C535E5B377690E21535501C055FBC8FBF6C503839990E
310
5619041F179FE64D52DE45E362569DD7661365082642A11EB9E920A89B99642953CC8E702F67A9EE7234257977194EC9EAE275C4EABCCF5EAD5940D4AC6F0E35A568B8F43562CD7046CD199FD07E60174276A7BE677B5EADB0E0D14EEFFB6A31321A0D82627C4084204C3F096B71DD52F6819B16635EADF63F509AF53FA164
310
5DDCD1EDDD17164090FCC8732078B56691CB33A85CD7DCC40F504B0304140006080800CC70623B55019EA25F0000007C00000007000000636E782E786D6C4DCB3B0E80201045D1AD90E915ED2CF8AC45050C11660C8261F98AB1B07AC9C97D42D718D865D3E909258CFD00CCE24AC6E326A164D74DC0B4128928FF32603847
310
2BA13128B1252AC747C6BAB984FC68F0B87FE8960A5C09FE86CFB69FBA01504B0304140006080800CC70623BDBABAAF470010000D40300000C0000006662782F636F72652E786D6CC553D16E823014FD95A6AF4B694182CC941A83FA05FB810A9511A125A5257EFE2E82712ECEB8A7F100CD39F7F69E734AF9FADC366850B6
310
AF8DCE7018308C942E4C59EB2AC3DE1D498AD15A706B8CFB56869196ADCAF00863C12B6B7C374385D14E6907A836A59A41D9F7CA615434B0C8705F7CAA5606D23BA8E84F41278B93AC54100640439DE0BDB320004D43C63716C7C399D30917DCFBBA9CD9BA8469F5B156168B24CED3F7248AC8769F27244EB73B92EED8862C
310
B7F13E0C179B3C8F979C8ECD82BBBABDAA2BAC924E9558448CBD9330242CFA08E3154B5651FCC6D215639C8EE5774DBE2B5F6CF2B5768B68963BB5F5588420E442FC700B1139D4CB01F450C1E918227C2E09DF070D8140C84E1E9AAB8F1340832A9CB13130A5F1376A908D57309505ECF2A0DF179C4E9D30F5B239B87E3823
310
7A79C6F31DE1A8A5AEC08474B03C7837EAE4938639B44E5932B833D2C6B6B279CDC613877FA26EE21F4A2A4C63EC7F29A2F301D1F9F7A0E37D145F504B0304140006080800CC70623B9C113CC27E0000009D0000000B0000006662782F636E782E786D6C4DCCDF0A83201C86E15B91DFB94BFB330DD428C8FB886521330DA7
310
6397BF1A1DECE883878F57749FCDA1B7892F1BBC047A23808C7F84D9FA55424E0BE6803A256208E9EF06C84F9B91703228B1C690F78B66B34CD9A5439DF5CF0BFBF65E35BCA1B8D6A5C6F540381E886698B5741C695F9503EBA150A2F8958E3DC3EA0B504B0304140006080800CC70623B7DF2F77C2A010000120200003100
310
00006662782F41393633353835312D344632462D344230382D423046372D3739314545314133324237412F636F72652E786D6C8D51DB8EC22014FC15C2939B0D2DB4B45643319AE817EC0F6041255A68B86CFCFC856D4D76DF7CE190393373060EDB3DC707F856CE6B6B7A480A0C81328395DA5C7B18C3057510EC3873D686
310
3F34088C18550F330C39BB3A1BA7051AAC09CA84841A2BD5020AEF55806078A44B0FFD7053A328440C89E1EFC52486BBB8AA8214A99D789CF9E05200300FC927E4FB4D5B375D43103D5527440FB843077C5AA3F5861C8F645F5787F59E95B390B318B55CE45AA638FAA2957BD7248B390B7A7CC51F9C124149C82B8C378810
310
84AB2F42B7B8DD56F413775B8C5999E9FF4471926F8AA236A1AE96B8B3CC434E5839373893369E1FAF30EA395917409EB7F26AF8801C171837A4A6AC9C89E9F9C9B1A58BA30FD6A5EF5DDDCF894B9AD9B6A59C957943A9FCAE2FD5BC4DFE03504B0304140006080800CC70623BAD7543B64E01000033030000300000006662
310
782F41393633353835312D344632462D344230382D423046372D3739314545314133324237412F636E782E786D6CD593CD6EC32010845F0571AD6CE3D48AD20813A9873E410FBD12D82434182C7EAAE6EDBB2424CD25871E7B41D6EC30B3FA84F9E67BB2E40B4234DE8DB46F1925E094D7C6ED479AD3AE5951B2113C789FEE
310
6C943839C1488B4C05DF079FE72A69D8C96C13AAD6B8631503449F83828872B949AC57D26200B826A308D316B4064D6E46FCDA41C05550DC9E483A00797BFD207EFB092A45DE9514C1BBD22178396BD39D891265658C238DEA00936C654E5E433CB65A26D9F6EDB5EBC14EBF49A45CB856E66048291F6939A9A81BB5C89177
310
38143CA680F4AA299D66A042CEB3354A2684DC9D8D178FE0D9B8B41CAAD720F880EE7EF93C0C18769E099ECC04D5A102C8049A8A05632F4DDF376CF1DE0F6BB65C2F8627B65A33C6BB62177CEBBDAD973006829F89F22E814B54F4BC2BE347F8AA8F681390B50FA73F804400B5F542E796F19FF974E7F78DB802FE05E20750
310
4B0304140006080800CC70623BE75B7789680500003C100000340000006662782F41393633353835312D344632462D344230382D423046372D3739314545314133324237412F6F626A656374732E786D6CAD575B8F9B3818FD2B887D06C22499CB8AA1CA655245D5B455A356FB305264C061D8018C6C3393D95FBFC7600890
310
A4CD5EF210B0B1BFEBF98E3F7B1FF6596ABC522E1296DF9BAE3D320D9A872C4AF2F8DE2CE5CEBA358D0FBEC719939D65A691938CDE9B6ADAF4BD98B3B2D05311DD91329583D9D5FC0F438434A7A611A644887B5384CF34233629258BA878B12322891DEFF6B66BD70BFB62634E8AE781D082709A4B588AF91C528CDA28B73F
310
1C998EEF39EABBEFA97FBD6A7C7E9553F9D3D79FE442923C3C523610337627CB87ABE99D359D4CC6D6E4FACAB5E6ABF9D2726FC6A3C5F56271377BB88362213924694B38DD99FE47C48627A1E7D49F5A8BB5E1A74C0A599ED3B0F21F1E56366B89112D681E218F0915D0D6F17AD41FBA2A369DCF6335D62ABBD39779D5DDD1
310
11D4D8DE3CBB96B2E04FB8202E41051754A1AA8E8F76B4C6DFE810B580B1547F4B84911149794252234D024EF8BBE963A95AE27B3D310A9D5C215C7960FAEE415ED75694C6AFB17BCACA5D99A60A9AA65F217B0BFC53292ACB92BF283FAD0D3621576592CB5BED907C2FA8E9DF794E35E97BEA31BED21FEB401ABB94C44839
310
DCACBF0E1C5DA8DA5B2F4DFFD32AD86F543D9E565E7056502E157C00AD2671CD534549AB752FCA9CDA00677A313F04E51B22FF19E57B300579E3C97EB29F682D92935CEC18CF901B7B54FD8C51F362B56FC72FE0B3C1EAE335EDCCBF5AEC39ADB17DC238973F804BA5E6F6BFE7AF1FB32E523BE9F3BD571418E3631DCA4D48
310
5250CF639223210A9446CA30052EDF057BD35F8329C1ECD84552BF0DC8D18BE7BCE23BFE6BD960AB4A7DE79923A103BEBD80F911CBAA2C60DB19B01CF164A5583B772EE6D3FFA56666CBCDA74DC97724A48F9A58967497E489C4D979006FD7A05E227A1EBDD0F737C623387A9C844D3709995625106D157315F8B8392CD4E0
310
A0B9A720C4BE9829CEF37EA1E13111214D53925356365ADA634861B52519DD27A00AEB808EAF0628E6F435519D446F45CF2C9CF5214F0A15B2F6D06B79DA3EE3CBF7F56780D2F4E7EF73A0F5E5B02A38D07DC852C6B7C1FBB6664213E0C39E3EBA7FF4E1AD23EA2829407C85E586727488B751B2DB9502BC7B228A3FD68B6E
310
A65A22397E690AA8D158D7E404EC8CDA235CC3B7D1898680131CEC2CDF2638C65196279577750F15884AEE19F94199155B92B13297978469D4F8D358DF0AEF7631E28DC8F0D9F437D5D39A83B2231A1D52D543813A824EF8D44BCFF2FA6A31BD1E8DAD87F1CCB526B3879935BF59CDADD5C37479BB1CDD4CA7B3556B516589
310
EF352754B706114D9C885EC9131DE6EFEB43D99AFE2391C2F958179413D7CFEF6B1B6DB1E7600F00DE6E5C67454A339A4BA2E0FBA85ED26F045D454F463DBFCE484C2F90F2E5E3666003662ED8F755951A7D1BECD5B30B550B2785C8E7320B7292A4838DDA71BBC863ED7613CAF659337A3354231D4FF4A182A54904C2898C
310
98B28C4AD0CE056CCF332A80986E571EE9DBC305BB5FEB7E509220A58D25CF042D712A806AC0AD0C657FDEF80D2D9CEAA2EE4D1C76F60BFE74219A06527D6F82DF6412526107381E55E353090704D085B52408A8913C4ED159D79BDA71BB4BC506F4831350EB6F975CD22D69BF7AC49B91A2C0A9DDA3D5CA36AD20FC478E37
310
E61844E2352865EBCB61A275A65283CAAA9DD27703B4102F5AF51EF5F573B75CBB5AD38BC845F7A49F82A0966A49C2E3EA5EA0ECD326CD965F1DB402C6FA8B51A4658C5C5E2EC9E214602E55810345408596591009A82E7E7FFACA19EEA299B14A0081A705CB3296EBC14CDF658DCD336EA6D1136881AAEB87B81AB9EE53D5
310
F5EB8BC8362082DA24122F98680A4E7930C01A0079749CEA14382A0783E5EBA5A10F8C098456A03D6A4AEB6BB881E2513747552A5DB22C7EDAF83BD5528081A365F7FF06504B0304140006080000CC70623B000000000000000000000000350000006662782F41393633353835312D344632462D344230382D423046372D37
310
39314545314133324237412F76657274696365732E62696E504B0304140006080800CC70623BF270F1330600000004000000360000006662782F41393633353835312D344632462D344230382D423046372D3739314545314133324237412F747269616E676C65732E62696E636660600000504B0304140006080000CC7062
310
3B000000000000000000000000370000006662782F41393633353835312D344632462D344230382D423046372D3739314545314133324237412F617474726962757465732E62696E504B0304140006080800CC70623B08DA0BD19000000041010000360000006662782F41393633353835312D344632462D344230382D4230
310
46372D3739314545314133324237412F6469726563746F72792E786D6C858F410AC3201045AF22B36F53E9A60B35CBEEBAE80D244E44489C6234F4F835464A48035D0DF398FF9F8AF63D0E6CC63039F212F8F9020C7D47C6792B21C5FE7403D62A1188E2E60C98D7234A5830286103A55745067B9D86B8A3CF9C7F90C11DE6
310
07FB144396D7B6A82D282E9A152AD114D5EF2CB866EEE831B8EEA07A7BB5A8D7D61A2BAAEB7FD5F70921FF497D00504B0304140006080800CC70623BEDD1DC58FD000000A00100003B0000006662782F41393633353835312D344632462D344230382D423046372D3739314545314133324237412F7265736F75726365732F
310
636F72652E786D6C8D504B6E833010BD0A9A6D65B00922041947112427E8052C33A156828DFCA97AFC9A40A576D7CDCCE87D344F8F9FBFE667F689CE6B6B3A6039850C8DB2A336530731DC4903D95970676DF82583CCC8193B5861107C72362E3BA4AC096842428D1D7107A5F7182053CF7474E0D507CE32973124857FE48B
310
540F3961CEF244279DE03EB81420DB9EAC1384436FA353E879B1B182C7A8C75DA3C7F453DF353A1075D537A7BA6464B8F535A99AE14A9A2BBD90E350DD183B5CFABE3AF262350B1EF4FC9351399401471025A527C218A1E53BAB5A5AB765F5469B96525EACF23FA6B88CFF34456DC2A1DCE36E360F82A5202F42F062ED2BAD
310
579969AFDD8A6F504B010214000A0000080000CC70623B3DEE336E79000000790000001B00000000000000000000000000000000006175746F6465736B2D64657369676E2D7061636B6167652E786D6C504B01021400140006080800CC70623BD486FD9CA0000000F40000001300000000000000000000000000B20000005B
310
436F6E74656E745F54797065735D2E786D6C504B01021400140006080800CC70623B853B8169EB0000007C010000080000000000000000000000000083010000636F72652E786D6C504B01021400140006080800CC70623B55019EA25F0000007C000000070000000000000000000000000094020000636E782E786D6C504B
310
01021400140006080800CC70623BDBABAAF470010000D40300000C00000000000000000000000000180300006662782F636F72652E786D6C504B01021400140006080800CC70623B9C113CC27E0000009D0000000B00000000000000000000000000B20400006662782F636E782E786D6C504B01021400140006080800CC70
310
623B7DF2F77C2A010000120200003100000000000000000000000000590500006662782F41393633353835312D344632462D344230382D423046372D3739314545314133324237412F636F72652E786D6C504B01021400140006080800CC70623BAD7543B64E010000330300003000000000000000000000000000D2060000
310
6662782F41393633353835312D344632462D344230382D423046372D3739314545314133324237412F636E782E786D6C504B01021400140006080800CC70623BE75B7789680500003C10000034000000000000000000000000006E0800006662782F41393633353835312D344632462D344230382D423046372D3739314545
310
314133324237412F6F626A656374732E786D6C504B01021400140006080000CC70623B0000000000000000000000003500000000000000000000000000280E00006662782F41393633353835312D344632462D344230382D423046372D3739314545314133324237412F76657274696365732E62696E504B01021400140006
310
080800CC70623BF270F133060000000400000036000000000000000000000000007B0E00006662782F41393633353835312D344632462D344230382D423046372D3739314545314133324237412F747269616E676C65732E62696E504B01021400140006080000CC70623B0000000000000000000000003700000000000000
310
000000000000D50E00006662782F41393633353835312D344632462D344230382D423046372D3739314545314133324237412F617474726962757465732E62696E504B01021400140006080800CC70623B08DA0BD1900000004101000036000000000000000000000000002A0F00006662782F41393633353835312D344632
310
462D344230382D423046372D3739314545314133324237412F6469726563746F72792E786D6C504B01021400140006080800CC70623BEDD1DC58FD000000A00100003B000000000000000000000000000E1000006662782F41393633353835312D344632462D344230382D423046372D3739314545314133324237412F7265
310
736F75726365732F636F72652E786D6C504B0506000000000E000E0080040000641100000000
  0
XRECORD
  5
51
102
{ACAD_REACTORS
330
50
102
}
330
50
100
AcDbXrecord
280
     1
 70
     1
 90
429727718
  1
30362254-06B7-45E0-A893-8CFA70E3D6BC
310
504B03040A0000080000CC70623B3DEE336E79000000790000001B0000006175746F6465736B2D64657369676E2D7061636B6167652E786D6C3C3F786D6C2076657273696F6E3D22312E302220656E636F64696E673D227574662D3822203F3E3C666F726D6174733E3C666F726D61743E687474703A2F2F736368656D612E
310
6175746F6465736B2E636F6D2F64657369676E2D7061636B6167652F323030393C2F666F726D61743E3C2F666F726D6174733E504B0304140006080800CC70623BD486FD9CA0000000F4000000130000005B436F6E74656E745F54797065735D2E786D6C7D8EC10E82300C865F65E91D8A1E8C310C0EEA1BF002731658846E
310
D98AC1B77784ABF1D8FE5FBFBF75BBCE937A534CCEB38643598122B6FEE978D0B0485F9C41B54DDD7D022595594E1A469170414C76A4D9A4D207E29CF43ECE46F218070CC6BECC4078ACAA135ACF422C856C0E68EA1BF5669944DDD7BCDE7B1F8E415D77AECB980613C2E4AC91FC167A2B244592486606FC29C8FD7F045B9A
310
EF7053A7E60B504B0304140006080800CC70623B1EC5D7A3EB0000007C01000008000000636F72652E786D6C8D90416EC3201045AF82665B6103C6756C6122AB4D4ED00B204C5C94182C03558F5F9C3852BBEB6A467FFE9B197D71FC9E6FE8CBACC17AD7032D0820E3B41FAD9B7A48F1820F808E52ACDEC75F36404ECDA687
310
4D0629A6D5A76597B477D1B89855E747B38B2A041301E95B6E7A08FAD3CCAA50296647B8168BD2573599823EBB0CA76447F43862C7BCCF5EAC59410E4DDD9C7973C2755553CCCFA4C603E3040F1565ED3B1FDE4E432BCA0D9622DAF9795FAF464533826484B498524CD807E51D79ED187F21878E10516EF63F505AC67F42C9
310
BA58B1FDDD071640D2FCC87D2045B96591CB3DA85CB7DCE40F504B0304140006080800CC70623B55019EA25F0000007C00000007000000636E782E786D6C4DCB3B0E80201045D1AD90E915ED2CF8AC45050C11660C8261F98AB1B07AC9C97D42D718D865D3E909258CFD00CCE24AC6E326A164D74DC0B4128928FF32603847
310
2BA13128B1252AC747C6BAB984FC68F0B87FE8960A5C09FE86CFB69FBA01504B0304140006080800CC70623B8C9102E971010000D40300000C0000006662782F636F72652E786D6CC5535B6E833010BC8AE5DF0A6C08340F1947A84D4ED00B38C6A128602363A31CBFCB234A53A551FA553EC09AD9F5CE8C31DB9E9B1AF5CA
310
7695D1198E428A91D2D214952E33ECDD315861B4E5CC1AE3BE9561A445A3323CC098B3D21ADFCE9034DA29ED00D5A6503328BA4E398C640D8B0C77F253352214DE4145770A5B214FA2546114020D759C75CE8200340D19DE981F0F6746269C33EFAB6266AB02A655C74A59CCF365BADC27CB5D902ED22848F6340DF238A141
310
BE88E2F57B92BFEDF23523433367AE6A2EEAA455C2A902F398D2751045018D3FA264435F3771F242571B4A1919CA6F9A7C5B3CD9E42BED16F12C776AEB308F40C848FC700B1139D4891EF410CEC810227CC6846F8386402064270EF5C5C709A05E49676C024C61FC95EA45ED154CA5211D1FF4FB8291A913A68E9B83EBBB33
310
E2A7673CDE118E5AE8124C0807CB8377834E366998436B950D7A7746DAD846D4CFD978E0F04FD455FC5D49D2D4C6FE9722321F10997F0F32DC47FE05504B0304140006080800CC70623BFFEA85907E0000009D0000000B0000006662782F636E782E786D6C4DCCD10A83201886E15B91FFDC95D95A811AB6F23E625948A6C3
310
E9D8E5AF46073BFAE0E1E365ED67B3E8ADC3CB78C7815C7240DA3DFC64DCC221C519D7805AC182F7F1EF06C88D9BE6703008B6049F9E274D7A1E938DBB5AE3D6131B2589BA0D3D965551E0B2EA732C9B9A624AAEB41E3A557677029960D9AFB4EF11165F504B0304140006080800CC70623B4FEEA4082C0100001202000031
310
0000006662782F39464131463745442D413632322D343644302D413938332D3331353338454246344243312F636F72652E786D6C8D515B6EC32010BC0AE2AB55850DD871ED0813254D72825EC00192A2C460F1A872FC42ED48ED5F7E00CDCECCCEB26C731F6FE05B39AFADE921293004CA082BB5B9F43086336A21D870E6AC
310
0D7F68109861543DCC30E4ECE26C9C164858139409093556AA051CBC570102714B8F1E7AF1A5C6A11862480C7F2DA6415C878B2A4891CA89C7990F2E050073937C42DE1DB7E4F87ED8A36D4329AA9B3D46DBAEAD504556557BD81DEBDD0761E52CE42C462D17B996298E3E6BE59E35C962CE821E1FF18553435012728A7187
310
0841987E927A8D9B35ADDF70BBC6989599FE4F1427F9A4286A132ABAC49D651EF234CD5CE04CDA78BA3DC2A8FB645D00B9DF8B57E215725C60BCA2A463E54C4CE327C7A65E1C7DB02E7DEFCBF594B864C5CA6CDBD49C957943E9FA5D5FBAF336F90F504B0304140006080800CC70623BAD7543B64E01000033030000300000
310
006662782F39464131463745442D413632322D343644302D413938332D3331353338454246344243312F636E782E786D6CD593CD6EC32010845F0571AD6CE3D48AD20813A9873E410FBD12D82434182C7EAAE6EDBB2424CD25871E7B41D6EC30B3FA84F9E67BB2E40B4234DE8DB46F1925E094D7C6ED479AD3AE5951B2113C
310
789FEE6C943839C1488B4C05DF079FE72A69D8C96C13AAD6B8631503449F83828872B949AC57D26200B826A308D316B4064D6E46FCDA41C05550DC9E483A00797BFD207EFB092A45DE9514C1BBD22178396BD39D891265658C238DEA00936C654E5E433CB65A26D9F6EDB5EBC14EBF49A45CB856E66048291F6939A9A81BB5
310
C8917738143CA680F4AA299D66A042CEB3354A2684DC9D8D178FE0D9B8B41CAAD720F880EE7EF93C0C18769E099ECC04D5A102C8049A8A05632F4DDF376CF1DE0F6BB65C2F8627B65A33C6BB62177CEBBDAD973006829F89F22E814B54F4BC2BE347F8AA8F681390B50FA73F804400B5F542E796F19FF974E7F78DB802FE05
310
E207504B0304140006080800CC70623B16AB87BA640500003C100000340000006662782F39464131463745442D413632322D343644302D413938332D3331353338454246344243312F6F626A656374732E786D6CAD575B6FA33818FD2B887DE6924B3BED8A326A92B68A663B534DD4D13E548A0C38942D60649B369D5FBFC7
310
600890A493BDE42160637FD7F31D7FF63E6FB3D478A55C242CBF3247B66B1A340F5994E4F19559CA8D75611A9F7D8F33263BCB4C232719BD32D5B4E97B316765A1A722BA21652A07B3B7B33F0D11D29C9A46981221AE4C113ED38CD8A4942CA2E2C58E882476BCD9DA23BB5ED8171B73523C0F841684D35CC252CCE79062D4
310
468DFA43D7747CCF51DF7D4FFDEB5593E3AB9CCA9FBEFE241792E4E19EB28198C968BAB8199F5D5A67D3E9C49A9E8F47D6EC76B6B0469F26EEFC7C3EBFBCBEB98462213924694B38DD98FE1D62C393D073EA4FADC5DAF04326852CCF6958F90F0F2B9BB5C48816348F90C7840A68EB78EDF68723159BCEE7891A6B95DDE9D3
310
BCEAEEE8086A6C6F9E5D4B59F0175C10A7A0820BAA5055C7473B5AE3CFDD452D602CD5DF12616444529E90D448938013FE6EFA58AA96F85E4F8C42275708571E98FE6827AF6B2B4AE3D7D83D64E5A64C53054DD3AF90BD06FEA9149565C94FCA0F6B834DC85599E4F2423B24DF0B6AFA979E534DFA9E7A4CC6FA631D486393
310
921829879BF5D781A373557BCB85E97FB90DB62B558F8795179C15944B051F40AB495CF35451D26A4727654E6D8033BD98EF82F21D91FF8AF2DD9982BCF1643BDD4EB516C9492E368C67C88DED563FC36D5EACF66DFF057C3658BDBFA69DF9578B3DA735B64F18C7F20770A9D45CFCF7FCF563D6456A277DBEF78A02637CA2
310
43B90A490AEAB94F72244481D24819A6C0E59B606BFA4B3025981DBB48EAB701D97BF19C577CC77F2D1B6C55A9EF3C732474C0B727303F625995056C3B02963D9EAC146BE78EC5FCEC7FA999EBC5EACBAAE41B12D27B4D2C0BBA49F244E2ECDC81B76B502F113D8F5EE8FB1BE3111CDD4FC2AA9B844CAB1288B68AB90A7CDC
310
1C166AB0D3DC5310625FCC14E779BFD0709F8890A629C9292B1B2DED31A4B0DA928CEE135085754027E3018A397D4D5427D15BD1330B677DC8934285AC3DF45A9EB68FF8F2B8FC0A509AFEECFD0FF2DE25CC6047F7214B195F07EFEB9A094D800F7BFAE8FED187B78EA8A3A400F115961BCAD1215E47C966530AF0EE8128FE
310
58CEBB996A8964FFA529A046635D9353B0336A8F700DDF46271A024E70B0B37C9DE01847591E54DED53D54202AB947E4076556AC49C6CA5C9E1226B7F1A7B1BE15DEED62C41B91E1B3E9AFAAA735036547343A925075041DF0A9979E893B391F8FCFA6967B3EFB644DCF6E5CEBFAE272625DCC6FAF3FB93793C5F90CE1EF57
310
407342756B10D1C489E8953CD1617E5CEECAD6F4EF8914CE5D5D504E5C3F1F9736DA62CFC11E00BCDDB8CC8A9466349744C1F75EBDA4DF09BA8A9E8C7A7E9991989E20E5DBDD6A6003664ED8F7A04A8DBE0DF6EAD9B9AA858342E47399053949D2C146EDB85DE4B176BB0965FBAC19BD19AA918E27FA50C1D22402E144464C
310
59462568E704B6E71915404CB72B8FF4EDE184DDAF753F284990D2C6926782963815403548A70C657FDEF80D2D9CEAA2AE4C1C76F60BFE74219A06527D6582DF6412526107381E55E353090704D085B52408D0933C4ED159D79BDA71BB4BC506F4831350EB6F979CD22D69BF7AC49B91A2C0A9DDA3D5CA36AD20FC478E37E6
310
1844E2352865EBCB6EA275A652E3836BE04EFB400BF1A2556F515F1FBB35B2AB35BD889C744FFA1004B5544B121E57F70215746DD2F5E2C1412B602CBF19455AC6C8E5E9922C4E01E65215385004546899059180EAFCF7A707CE7017CD8CDB0410789AB32C63B91E5CEBBBACB17AC6CD347A022D5075FD106377347AAABA7E
310
7D11590744509B44E205134DC1290F06580320F78E537D3D73540E06CB970B431F185308AD40BBD794D6D77003C5A36E8EAA54BA64597CD8F83BD552A080A365F7FF06504B0304140006080000CC70623B000000000000000000000000350000006662782F39464131463745442D413632322D343644302D413938332D3331
310
353338454246344243312F76657274696365732E62696E504B0304140006080800CC70623BF270F1330600000004000000360000006662782F39464131463745442D413632322D343644302D413938332D3331353338454246344243312F747269616E676C65732E62696E636660600000504B0304140006080000CC70623B
310
000000000000000000000000370000006662782F39464131463745442D413632322D343644302D413938332D3331353338454246344243312F617474726962757465732E62696E504B0304140006080800CC70623B08DA0BD19000000041010000360000006662782F39464131463745442D413632322D343644302D413938
310
332D3331353338454246344243312F6469726563746F72792E786D6C858F410AC3201045AF22B36F53E9A60B35CBEEBAE80D244E44489C6234F4F835464A48035D0DF398FF9F8AF63D0E6CC63039F212F8F9020C7D47C6792B21C5FE7403D62A1188E2E60C98D7234A5830286103A55745067B9D86B8A3CF9C7F90C11DE607
310
FB144396D7B6A82D282E9A152AD114D5EF2CB866EEE831B8EEA07A7BB5A8D7D61A2BAAEB7FD5F70921FF497D00504B0304140006080800CC70623B0D6EF93BFE000000A00100003B0000006662782F39464131463745442D413632322D343644302D413938332D3331353338454246344243312F7265736F75726365732F63
310
6F72652E786D6C8D50596E833010BD0A9ADFCA60B334011947A8694ED00B586642AC041B79A97AFC9A40A5F6AF3F33A3B7689E1E3F7DCD8FEC139DD7D6F4C0720A191A65476DA61E62B892236427C19DB5E1970C322367EC618541F0C9D9B8EC90B226A009093576C41D94DE63804C3DD2D18357379C652E63480A7FCF17A9
310
EE72C29CE5894E3AC17D702940B63D59270887DE46A7D0F36263058F518FBB468FE9A7BE6A7420864373B8D4873369AA8691FA421B3294352543C5CAF65C0F6FEF43CB8BD52C78D0F34F46E550061C419494B6843142CB0F5677F4B52BEB177AEC28E5C52AFF638ACBF84F53D42654E51E77B379102C05791282176B5F693D
310
CB4C7BED567C03504B010214000A0000080000CC70623B3DEE336E79000000790000001B00000000000000000000000000000000006175746F6465736B2D64657369676E2D7061636B6167652E786D6C504B01021400140006080800CC70623BD486FD9CA0000000F40000001300000000000000000000000000B20000005B
310
436F6E74656E745F54797065735D2E786D6C504B01021400140006080800CC70623B1EC5D7A3EB0000007C010000080000000000000000000000000083010000636F72652E786D6C504B01021400140006080800CC70623B55019EA25F0000007C000000070000000000000000000000000094020000636E782E786D6C504B
310
01021400140006080800CC70623B8C9102E971010000D40300000C00000000000000000000000000180300006662782F636F72652E786D6C504B01021400140006080800CC70623BFFEA85907E0000009D0000000B00000000000000000000000000B30400006662782F636E782E786D6C504B01021400140006080800CC70
310
623B4FEEA4082C0100001202000031000000000000000000000000005A0500006662782F39464131463745442D413632322D343644302D413938332D3331353338454246344243312F636F72652E786D6C504B01021400140006080800CC70623BAD7543B64E010000330300003000000000000000000000000000D5060000
310
6662782F39464131463745442D413632322D343644302D413938332D3331353338454246344243312F636E782E786D6C504B01021400140006080800CC70623B16AB87BA640500003C1000003400000000000000000000000000710800006662782F39464131463745442D413632322D343644302D413938332D3331353338
310
454246344243312F6F626A656374732E786D6C504B01021400140006080000CC70623B0000000000000000000000003500000000000000000000000000270E00006662782F39464131463745442D413632322D343644302D413938332D3331353338454246344243312F76657274696365732E62696E504B01021400140006
310
080800CC70623BF270F133060000000400000036000000000000000000000000007A0E00006662782F39464131463745442D413632322D343644302D413938332D3331353338454246344243312F747269616E676C65732E62696E504B01021400140006080000CC70623B0000000000000000000000003700000000000000
310
000000000000D40E00006662782F39464131463745442D413632322D343644302D413938332D3331353338454246344243312F617474726962757465732E62696E504B01021400140006080800CC70623B08DA0BD190000000410100003600000000000000000000000000290F00006662782F39464131463745442D413632
310
322D343644302D413938332D3331353338454246344243312F6469726563746F72792E786D6C504B01021400140006080800CC70623B0D6EF93BFE000000A00100003B000000000000000000000000000D1000006662782F39464131463745442D413632322D343644302D413938332D3331353338454246344243312F7265
310
736F75726365732F636F72652E786D6C504B0506000000000E000E0080040000641100000000
  0
XRECORD
  5
E
102
{ACAD_REACTORS
330
D
102
}
330
D
100
AcDbXrecord
280
     1
270
     1
271
     1
  0
XRECORD
  5
F
102
{ACAD_REACTORS
330
D
102
}
330
D
100
AcDbXrecord
280
     1
270
     1
271
     1
  0
XRECORD
  5
10
102
{ACAD_REACTORS
330
D
102
}
330
D
100
AcDbXrecord
280
     1
 70
     0
 90
1673772943
  1
ECE7A1D2-D628-4531-984C-D00F80459256
310
504B03040A0000080000CC70623B3DEE336E79000000790000001B0000006175746F6465736B2D64657369676E2D7061636B6167652E786D6C3C3F786D6C2076657273696F6E3D22312E302220656E636F64696E673D227574662D3822203F3E3C666F726D6174733E3C666F726D61743E687474703A2F2F736368656D612E
310
6175746F6465736B2E636F6D2F64657369676E2D7061636B6167652F323030393C2F666F726D61743E3C2F666F726D6174733E504B0304140006080800CC70623BD486FD9CA0000000F4000000130000005B436F6E74656E745F54797065735D2E786D6C7D8EC10E82300C865F65E91D8A1E8C310C0EEA1BF002731658846E
310
D98AC1B77784ABF1D8FE5FBFBF75BBCE937A534CCEB38643598122B6FEE978D0B0485F9C41B54DDD7D022595594E1A469170414C76A4D9A4D207E29CF43ECE46F218070CC6BECC4078ACAA135ACF422C856C0E68EA1BF5669944DDD7BCDE7B1F8E415D77AECB980613C2E4AC91FC167A2B244592486606FC29C8FD7F045B9A
310
EF7053A7E60B504B0304140006080800CC70623BD9DDAED0EC0000007C01000008000000636F72652E786D6C8D90416EC3201045AF82665B61836D9CD8C2444DD39CA01740405C94182C03558F5F9C3852BBEB6A467FFE9B197D7EF89E6EE8CB2CC17A37002D0820E394D7D68D03A478C17B4007C117EFE32F1B20272733C0
310
2A83E0E3E2D3BC49CABB685CCCAAF3DA6CA20CC14440EA969B0182FA34932C648AD911AEC52CD5558EA6A0CF2EC329598D1E47ACCEFBECC59A050463A7EA5833865FEBDD0E37353BE3EE8DBDE3F6786A48D375FBF6CC78B9C282473B3DEFABC5C86834888A900E538A49F5419B9EB47DD5BC907D4F082F57FB1F28CDFA9F50
310
B22ED6D5F6EE030B20687EE43E10BC5CB3C8E51E54AE6B6EE207504B0304140006080800CC70623B55019EA25F0000007C00000007000000636E782E786D6C4DCB3B0E80201045D1AD90E915ED2CF8AC45050C11660C8261F98AB1B07AC9C97D42D718D865D3E909258CFD00CCE24AC6E326A164D74DC0B4128928FF326038
310
472BA13128B1252AC747C6BAB984FC68F0B87FE8960A5C09FE86CFB69FBA01504B0304140006080800CC70623BA24EB22D72010000D40300000C0000006662782F636F72652E786D6CC5535B6E833010BC8AE5DF0A6C5E49888CA3A6694ED00B38E05014B091B1518EDFE511A5A9D228FD2A1F60CDEC7A67C6986DCE4D8D7A
310
69BA4AAB0C073EC548AA5C17952A33ECECD15B61B4E1CC686DBF9561A44423333CC098B3D268D7CE50AE9595CA02AA74216750749DB418E5352C32DCE59FB211BE70162ABA93DF8AFC244AE9073ED050C759670D0840D390E18DF9F1706664C23973AE2A66B62A605A75ACA4C13C4976E1364A12EF355A2EBD384AF65EFA96
310
BC7B8BED2EA6719AAE16FB8491A199335B351775B991C2CA02F390D2D40B028F861F41BCA68B7518BFD0D59A524686F29B26D7164F36B94AD9289CE54E6D1DE6010819891F6E21228B3AD1831EC219194284CF98F06DD01008846CC5A1BEF83801D4CBDC6A1303536877A57A513B0953A94FC707FDBE6064EA84A9E3E6E0FA
310
EE8CF0E9198F7784A316AA0413C2C2F2E0ECA0934D1AE6D05A69BCDE9E91D2A611F573361E38FC1375157F5752AE6B6DFE4B11990F88CCBF0719EE23FF02504B0304140006080800CC70623B408A7D3B7C0000009D0000000B0000006662782F636E782E786D6C4DCCD10A83201886E15B91FFDC552A92A0064DBC8F581632
310
D3703A76F9ABD1C18E3E78F878E5F0D9027ABBFCF2292AE86E2D20171F69F6715550CB827B40839639A5F2770314A7CD293819B45C73AAFB45B35BA61ACAA1C1C7E7855C58C15BC331339661262CC762340413D68D77DA5B42298546CBE6573AF60CEB2F504B0304140006080800CC70623B449FB9BD290100001202000031
310
0000006662782F36394639363044362D344446342D343946362D394244322D3234314243333846323333332F636F72652E786D6C8D515B6EC32010BC0AE22B55850D98B871848994463E412FE002495162B07854397EA176A4F62F3F2C9A9D991D587EB84F37F0AD7D30CEF6905418026DA553C65E7A98E219ED203808EE9D
310
8B7F6810D871D23D2C3014FCE25D9A57483A1BB58D19B54EE9151C43D0110279CB971E06F9A5A7B11A53CC8C70ADE6515EC78BAE4895DB992778883E0700CB907242D17643D7E2538BD869608875438BBAE38922CAC8F1BDD90DB4691A5E2F42C153326A951B95E398B3D1FE599322163C9AE9115F7A3D46ADA0A018778810
310
84E907617BDCEE297BC5BB3DC6BC2EF47FA234AB2745C9D8D8D035EE220B50105E2F0DC1954B9FB747187D9F9D8FA0CCDB042D5FA0C015C65B42DF78BD10F3F3B363CB56C7109DCFDFBBB97E662ED92EB62D13BC2E1BCAE5777DB9966D8A1F504B0304140006080800CC70623BAD7543B64E01000033030000300000006662
310
782F36394639363044362D344446342D343946362D394244322D3234314243333846323333332F636E782E786D6CD593CD6EC32010845F0571AD6CE3D48AD20813A9873E410FBD12D82434182C7EAAE6EDBB2424CD25871E7B41D6EC30B3FA84F9E67BB2E40B4234DE8DB46F1925E094D7C6ED479AD3AE5951B2113C789FEE
310
6C943839C1488B4C05DF079FE72A69D8C96C13AAD6B8631503449F83828872B949AC57D26200B826A308D316B4064D6E46FCDA41C05550DC9E483A00797BFD207EFB092A45DE9514C1BBD22178396BD39D891265658C238DEA00936C654E5E433CB65A26D9F6EDB5EBC14EBF49A45CB856E66048291F6939A9A81BB5C89177
310
38143CA680F4AA299D66A042CEB3354A2684DC9D8D178FE0D9B8B41CAAD720F880EE7EF93C0C18769E099ECC04D5A102C8049A8A05632F4DDF376CF1DE0F6BB65C2F8627B65A33C6BB62177CEBBDAD973006829F89F22E814B54F4BC2BE347F8AA8F681390B50FA73F804400B5F542E796F19FF974E7F78DB802FE05E20750
310
4B0304140006080800CC70623B8D05915C650500003B100000340000006662782F36394639363044362D344446342D343946362D394244322D3234314243333846323333332F6F626A656374732E786D6CAD575B6FA33814FE2B887D06429276DA1565D4266D158D3A339A6846FB502932E050B66023DB74D2FDF5FB190C01
310
9276B2973C046C8ECFF53B17071F77456EBD502133CEAE6CDF9DD81665314F32965ED995DA3A17B6F5310C04E7AA47665B8C14F4CAD6DB7618A48257A5D94AE89654B91AEDDEDDFC61C998326A5B714EA4BCB265FC440BE2924AF184CA6737218AB8E976E7FA6E4338649B0A523E8D98964450A6A029F619B8588D52FE7039
310
B1BD30F0F4F730D0FF866AF6369557DB33949F31A9088B0F848DD8CCFCF9F2767A76E99CCDE733677E3EF59D9BBB9BA5E37F984D16E78BC5E5F5ED25044B25C0C96822E8D60EEFE11B91C581D77CEA34368A1F5329E68CD1B8B61F16D63A1B8E092D294B10C78C4A48EB593D192E7DED9BDEE7995E1B91FDEDD3ACEA9FE831
310
6A756F9F7D4D79F4274C90A7A04248AA51D5F8C718DAE06FB2F75AC4796EBE65D22A88A22223B995679120E2D50E41AA49C260C046A35368846B0BECD0DFF3EBEB8AD4F835768F69B9ADF25C43D30E6B646F807FAA64AD59F61715C7A54127C4AACA98BA3006A9D792DAE165E0D59B61A01FB3A9F9D838D2DAE62445C86166
310
F37564E842E7DE6A69879FEEA2DD5AE7E371E1A5E025154AC307D06A03D73EB5978C58FFA4C8E9033066E0F3BD53BEC1F39F91BE7B55103791EDE6BBB991A2046172CB4581D8B893FA674DDA17A77B3B7C413D1B511FD2743BFF8A38F03A658705E3ADF8015C3A3417FF3D7E439FF591DA0B5F18BC20C1B8981957AE6392A3
310
F43C640C01D1A0B4728E2DD4F26DB4B3C3152A252A3B4E913CEC1C72F012782FF88EFF8637AA552DBEF76408E8A8DE9E50F9E1CB3A2DA0DB1B6039A893B56063DC5B3E3FFB5F72E67AB9FEB4AEC496C4F4C1149625DD662C53E89D7BF0F6151A046260D1337DFDC94502430F83B0EE07A130A224BCAD7DAE1D9FB6CD422FF6
310
920702629C4BB9AE79C12F243C6432A6794E18E5552BA56B431AAB5D91317302B2B071E86C3A42B1A02F999E24061403B5D0EB639195DA655DD3EBEAB4FB862DDF579F014AD0E73C22F99E28DA57FB98E75C6CA2D74D53086D600F4786E0FE3144B771A8A7B900F03594DB8A633CBC49B2EDB69228BB479CF863B5E807AAAB
310
23872F6DFEB4129B949CA33823F58830E86D65621E10047D9DB34D862E8EAC3C2ABC2F7B2C40D67CDFE01F5545B92105AF983AC54D93D69E56FB8E797F88913F898A9FEC705D3F9D1B54EC8426FB500D40A03BD0119B06E1B95DDC7EB8F6975367793EBD70E66733DFB9BC982F9CE564727731999F5D4ECFCE3B8D6A4DC2A0
310
6D50FD148437D110834A64C6CDDF57FBACB5C307A2A477DFE4939736CFEF2B175371E0E10CF0DD1D5C15654E0BCA14D1E87DD02FF93782A162C0A3D95F1524A52770F972BF1EE9809D13CE7DD599467F8ECE9ADD85CE85A34CD45355448C64F9E8A031DC2D596ACC6E5DD93D9B82DE2EF5CAF81363A8E47996A0DE24564A79
310
4115AACE09C55E14540231FDA13C319787134EBF34E3A022514E5B4D9E0826E25C02D5805B15ABE1BEF51B26383D445DD9E875EE33FE4C22DA16427D65A3BCA92CA6D28DD01DF5DC53330704308475351050232CCD31583787BA75774AFB06E5070DD0C8EF484E19968C5D83BA5B90B244D31E54D55A372320FE4786B7EA58
310
44E135AA5467CB7EA333A61683CC6A8C3257034C10CF46F40EF9F5BE59BE5BD30C3C72D235E95D10345C1D45445A5F0BB47E46A5EBE5570F9380B5FA629579952296A773720405982B9DE04011506178964401AA8BDF1FBF0A8EAB6861DD6580C0E38217056766716DAEB2D6FA0917D3E4116581EADB879C4E7CFFB11EFACD
310
3D641311495D92C8676CB409A72D18610D803CE8A626049E8EC1887CB5B44CC39883690DDA8399B4B9855B481E7D71D4A9D22F96E5BB73BF5793020C02137BF837504B0304140006080000CC70623B000000000000000000000000350000006662782F36394639363044362D344446342D343946362D394244322D32343142
310
43333846323333332F76657274696365732E62696E504B0304140006080800CC70623BF270F1330600000004000000360000006662782F36394639363044362D344446342D343946362D394244322D3234314243333846323333332F747269616E676C65732E62696E636660600000504B0304140006080000CC70623B0000
310
00000000000000000000370000006662782F36394639363044362D344446342D343946362D394244322D3234314243333846323333332F617474726962757465732E62696E504B0304140006080800CC70623B08DA0BD19000000041010000360000006662782F36394639363044362D344446342D343946362D394244322D
310
3234314243333846323333332F6469726563746F72792E786D6C858F410AC3201045AF22B36F53E9A60B35CBEEBAE80D244E44489C6234F4F835464A48035D0DF398FF9F8AF63D0E6CC63039F212F8F9020C7D47C6792B21C5FE7403D62A1188E2E60C98D7234A5830286103A55745067B9D86B8A3CF9C7F90C11DE607FB14
310
4396D7B6A82D282E9A152AD114D5EF2CB866EEE831B8EEA07A7BB5A8D7D61A2BAAEB7FD5F70921FF497D00504B0304140006080800CC70623BCA768048FE000000A00100003B0000006662782F36394639363044362D344446342D343946362D394244322D3234314243333846323333332F7265736F75726365732F636F72
310
652E786D6C8D50596E833010BD0A9ADFCA60D600328E9AA639412F609909B1126CE4A5EAF16B0295DABFFECC8CDEA2797AECF8353F924FB44E193D409E5248504B332A3D0D10FC95B4901C39B3C6F85F3248B49871801506CE266BC2B243D2688FDA47549B11775038871E12F988C7004EDE7016A9083E2ADC3D5D84BC8B09
310
D33C8D74D471E6BC8D0192EDC93A815B742658898E651BCB59086ADC356A8C3FD555A1055ED7E7E254D615792D0F075295F585746FF53B694EE78A565DD736979A65AB9933AFE69F8CD2A2F038022F28ED489E135A7CE4554F9BBEA85E68DB53CAB255FEC71496F19FA6A0B42F8B3DEE6673C0F318E4497096AD7DC5F52C33
310
EEB55BFE0D504B010214000A0000080000CC70623B3DEE336E79000000790000001B00000000000000000000000000000000006175746F6465736B2D64657369676E2D7061636B6167652E786D6C504B01021400140006080800CC70623BD486FD9CA0000000F40000001300000000000000000000000000B20000005B436F
310
6E74656E745F54797065735D2E786D6C504B01021400140006080800CC70623BD9DDAED0EC0000007C010000080000000000000000000000000083010000636F72652E786D6C504B01021400140006080800CC70623B55019EA25F0000007C000000070000000000000000000000000095020000636E782E786D6C504B0102
310
1400140006080800CC70623BA24EB22D72010000D40300000C00000000000000000000000000190300006662782F636F72652E786D6C504B01021400140006080800CC70623B408A7D3B7C0000009D0000000B00000000000000000000000000B50400006662782F636E782E786D6C504B01021400140006080800CC70623B
310
449FB9BD290100001202000031000000000000000000000000005A0500006662782F36394639363044362D344446342D343946362D394244322D3234314243333846323333332F636F72652E786D6C504B01021400140006080800CC70623BAD7543B64E010000330300003000000000000000000000000000D20600006662
310
782F36394639363044362D344446342D343946362D394244322D3234314243333846323333332F636E782E786D6C504B01021400140006080800CC70623B8D05915C650500003B10000034000000000000000000000000006E0800006662782F36394639363044362D344446342D343946362D394244322D32343142433338
310
46323333332F6F626A656374732E786D6C504B01021400140006080000CC70623B0000000000000000000000003500000000000000000000000000250E00006662782F36394639363044362D344446342D343946362D394244322D3234314243333846323333332F76657274696365732E62696E504B010214001400060808
310
00CC70623BF270F13306000000040000003600000000000000000000000000780E00006662782F36394639363044362D344446342D343946362D394244322D3234314243333846323333332F747269616E676C65732E62696E504B01021400140006080000CC70623B00000000000000000000000037000000000000000000
310
00000000D20E00006662782F36394639363044362D344446342D343946362D394244322D3234314243333846323333332F617474726962757465732E62696E504B01021400140006080800CC70623B08DA0BD190000000410100003600000000000000000000000000270F00006662782F36394639363044362D344446342D
310
343946362D394244322D3234314243333846323333332F6469726563746F72792E786D6C504B01021400140006080800CC70623BCA768048FE000000A00100003B000000000000000000000000000B1000006662782F36394639363044362D344446342D343946362D394244322D3234314243333846323333332F7265736F
310
75726365732F636F72652E786D6C504B0506000000000E000E0080040000621100000000
  0
XRECORD
  5
11
102
{ACAD_REACTORS
330
D
102
}
330
D
100
AcDbXrecord
280
     1
270
     1
271
     1
  0
XRECORD
  5
12
102
{ACAD_REACTORS
330
D
102
}
330
D
100
AcDbXrecord
280
     1
270
     1
271
     1
  0
CELLSTYLEMAP
  5
131
102
{ACAD_REACTORS
330
5E
102
}
330
5E
100
AcDbCellStyleMap
 90
        3
300
CELLSTYLE
  1
TABLEFORMAT_BEGIN
 90
        5
170
     1
 91
        0
 92
    32768
 62
   257
 93
        1
300
CONTENTFORMAT
  1
CONTENTFORMAT_BEGIN
 90
        0
 91
        0
 92
      512
 93
        0
300

 40
0.0
140
1.0
 94
        5
 62
     0
340
22
144
6.0
309
CONTENTFORMAT_END
171
     1
301
MARGIN
  1
CELLMARGIN_BEGIN
 40
1.5
 40
1.5
 40
1.5
 40
1.5
 40
0.18
 40
0.18
309
CELLMARGIN_END
 94
        6
 95
        1
302
GRIDFORMAT
  1
GRIDFORMAT_BEGIN
 90
        0
 91
        1
 62
     0
 92
       -2
340
25
 93
        0
 40
1.125
309
GRIDFORMAT_END
 95
        2
302
GRIDFORMAT
  1
GRIDFORMAT_BEGIN
 90
        0
 91
        1
 62
     0
 92
       -2
340
25
 93
        0
 40
1.125
309
GRIDFORMAT_END
 95
        4
302
GRIDFORMAT
  1
GRIDFORMAT_BEGIN
 90
        0
 91
        1
 62
     0
 92
       -2
340
25
 93
        0
 40
1.125
309
GRIDFORMAT_END
 95
        8
302
GRIDFORMAT
  1
GRIDFORMAT_BEGIN
 90
        0
 91
        1
 62
     0
 92
       -2
340
25
 93
        0
 40
1.125
309
GRIDFORMAT_END
 95
       16
302
GRIDFORMAT
  1
GRIDFORMAT_BEGIN
 90
        0
 91
        1
 62
     0
 92
       -2
340
25
 93
        0
 40
1.125
309
GRIDFORMAT_END
 95
       32
302
GRIDFORMAT
  1
GRIDFORMAT_BEGIN
 90
        0
 91
        1
 62
     0
 92
       -2
340
25
 93
        0
 40
1.125
309
GRIDFORMAT_END
309
TABLEFORMAT_END
  1
CELLSTYLE_BEGIN
 90
        1
 91
        1
300
_TITLE
309
CELLSTYLE_END
300
CELLSTYLE
  1
TABLEFORMAT_BEGIN
 90
        5
170
     1
 91
        0
 92
        0
 62
   257
 93
        1
300
CONTENTFORMAT
  1
CONTENTFORMAT_BEGIN
 90
        0
 91
        0
 92
      512
 93
        0
300

 40
0.0
140
1.0
 94
        5
 62
     0
340
22
144
4.5
309
CONTENTFORMAT_END
171
     1
301
MARGIN
  1
CELLMARGIN_BEGIN
 40
1.5
 40
1.5
 40
1.5
 40
1.5
 40
0.18
 40
0.18
309
CELLMARGIN_END
 94
        6
 95
        1
302
GRIDFORMAT
  1
GRIDFORMAT_BEGIN
 90
        0
 91
        1
 62
     0
 92
       -2
340
25
 93
        0
 40
1.125
309
GRIDFORMAT_END
 95
        2
302
GRIDFORMAT
  1
GRIDFORMAT_BEGIN
 90
        0
 91
        1
 62
     0
 92
       -2
340
25
 93
        0
 40
1.125
309
GRIDFORMAT_END
 95
        4
302
GRIDFORMAT
  1
GRIDFORMAT_BEGIN
 90
        0
 91
        1
 62
     0
 92
       -2
340
25
 93
        0
 40
1.125
309
GRIDFORMAT_END
 95
        8
302
GRIDFORMAT
  1
GRIDFORMAT_BEGIN
 90
        0
 91
        1
 62
     0
 92
       -2
340
25
 93
        0
 40
1.125
309
GRIDFORMAT_END
 95
       16
302
GRIDFORMAT
  1
GRIDFORMAT_BEGIN
 90
        0
 91
        1
 62
     0
 92
       -2
340
25
 93
        0
 40
1.125
309
GRIDFORMAT_END
 95
       32
302
GRIDFORMAT
  1
GRIDFORMAT_BEGIN
 90
        0
 91
        1
 62
     0
 92
       -2
340
25
 93
        0
 40
1.125
309
GRIDFORMAT_END
309
TABLEFORMAT_END
  1
CELLSTYLE_BEGIN
 90
        2
 91
        1
300
_HEADER
309
CELLSTYLE_END
300
CELLSTYLE
  1
TABLEFORMAT_BEGIN
 90
        5
170
     1
 91
        0
 92
        0
 62
   257
 93
        1
300
CONTENTFORMAT
  1
CONTENTFORMAT_BEGIN
 90
        0
 91
        0
 92
      512
 93
        0
300

 40
0.0
140
1.0
 94
        2
 62
     0
340
22
144
4.5
309
CONTENTFORMAT_END
171
     1
301
MARGIN
  1
CELLMARGIN_BEGIN
 40
1.5
 40
1.5
 40
1.5
 40
1.5
 40
0.18
 40
0.18
309
CELLMARGIN_END
 94
        6
 95
        1
302
GRIDFORMAT
  1
GRIDFORMAT_BEGIN
 90
        0
 91
        1
 62
     0
 92
       -2
340
25
 93
        0
 40
1.125
309
GRIDFORMAT_END
 95
        2
302
GRIDFORMAT
  1
GRIDFORMAT_BEGIN
 90
        0
 91
        1
 62
     0
 92
       -2
340
25
 93
        0
 40
1.125
309
GRIDFORMAT_END
 95
        4
302
GRIDFORMAT
  1
GRIDFORMAT_BEGIN
 90
        0
 91
        1
 62
     0
 92
       -2
340
25
 93
        0
 40
1.125
309
GRIDFORMAT_END
 95
        8
302
GRIDFORMAT
  1
GRIDFORMAT_BEGIN
 90
        0
 91
        1
 62
     0
 92
       -2
340
25
 93
        0
 40
1.125
309
GRIDFORMAT_END
 95
       16
302
GRIDFORMAT
  1
GRIDFORMAT_BEGIN
 90
        0
 91
        1
 62
     0
 92
       -2
340
25
 93
        0
 40
1.125
309
GRIDFORMAT_END
 95
       32
302
GRIDFORMAT
  1
GRIDFORMAT_BEGIN
 90
        0
 91
        1
 62
     0
 92
       -2
340
25
 93
        0
 40
1.125
309
GRIDFORMAT_END
309
TABLEFORMAT_END
  1
CELLSTYLE_BEGIN
 90
        3
 91
        2
300
_DATA
309
CELLSTYLE_END
  0
ENDSEC
  0
SECTION
  2
ACDSDATA
 70
     2
 71
     2
  0
ACDSSCHEMA
 90
        0
  1
AcDb_Thumbnail_Schema
  2
AcDbDs::ID
280
    10
 91
        8
  2
Thumbnail_Data
280
    15
 91
        0
101
ACDSRECORD
 95
        0
 90
        2
  2
AcDbDs::TreatedAsObjectData
280
     1
291
     1
101
ACDSRECORD
 95
        0
 90
        3
  2
AcDbDs::Legacy
280
     1
291
     1
101
ACDSRECORD
  1
AcDbDs::ID
 90
        4
  2
AcDs:Indexable
280
     1
291
     1
101
ACDSRECORD
  1
AcDbDs::ID
 90
        5
  2
AcDbDs::HandleAttribute
280
     7
282
     1
  0
ACDSSCHEMA
 90
        1
  1
AcDb3DSolid_ASM_Data
  2
AcDbDs::ID
280
    10
 91
        8
  2
ASM_Data
280
    15
 91
        0
101
ACDSRECORD
 95
        1
 90
        2
  2
AcDbDs::TreatedAsObjectData
280
     1
291
     1
101
ACDSRECORD
 95
        1
 90
        3
  2
AcDbDs::Legacy
280
     1
291
     1
101
ACDSRECORD
  1
AcDbDs::ID
 90
        4
  2
AcDs:Indexable
280
     1
291
     1
101
ACDSRECORD
  1
AcDbDs::ID
 90
        5
  2
AcDbDs::HandleAttribute
280
     7
282
     1
  0
ACDSSCHEMA
 90
        2
  1
AcDbDs::TreatedAsObjectDataSchema
  2
AcDbDs::TreatedAsObjectData
280
     1
 91
        0
  0
ACDSSCHEMA
 90
        3
  1
AcDbDs::LegacySchema
  2
AcDbDs::Legacy
280
     1
 91
        0
  0
ACDSSCHEMA
 90
        4
  1
AcDbDs::IndexedPropertySchema
  2
AcDs:Indexable
280
     1
 91
        0
  0
ACDSSCHEMA
 90
        5
  1
AcDbDs::HandleAttributeSchema
  2
AcDbDs::HandleAttribute
280
     7
 91
        1
284
     1
  0
ACDSRECORD
 90
        0
  2
AcDbDs::ID
280
    10
320
16
  2
Thumbnail_Data
280
    15
 94
     1836
310
89504E470D0A1A0A0000000D4948445200000100000000670803000000D82A6C0200000300504C5445FFFFFFFFFFFFFFFFFF0000000000000000000000000000000000000000000000000000330000660000990000CC0000FF0033000033330033660033990033CC0033FF0066000066330066660066990066CC0066FF0099
310
000099330099660099990099CC0099FF00CC0000CC3300CC6600CC9900CCCC00CCFF00FF0000FF3300FF6600FF9900FFCC00FFFF3300003300333300663300993300CC3300FF3333003333333333663333993333CC3333FF3366003366333366663366993366CC3366FF3399003399333399663399993399CC3399FF33CC00
310
33CC3333CC6633CC9933CCCC33CCFF33FF0033FF3333FF6633FF9933FFCC33FFFF6600006600336600666600996600CC6600FF6633006633336633666633996633CC6633FF6666006666336666666666996666CC6666FF6699006699336699666699996699CC6699FF66CC0066CC3366CC6666CC9966CCCC66CCFF66FF0066
310
FF3366FF6666FF9966FFCC66FFFF9900009900339900669900999900CC9900FF9933009933339933669933999933CC9933FF9966009966339966669966999966CC9966FF9999009999339999669999999999CC9999FF99CC0099CC3399CC6699CC9999CCCC99CCFF99FF0099FF3399FF6699FF9999FFCC99FFFFCC0000CC00
310
33CC0066CC0099CC00CCCC00FFCC3300CC3333CC3366CC3399CC33CCCC33FFCC6600CC6633CC6666CC6699CC66CCCC66FFCC9900CC9933CC9966CC9999CC99CCCC99FFCCCC00CCCC33CCCC66CCCC99CCCCCCCCCCFFCCFF00CCFF33CCFF66CCFF99CCFFCCCCFFFFFF0000FF0033FF0066FF0099FF00CCFF00FFFF3300FF3333
310
FF3366FF3399FF33CCFF33FFFF6600FF6633FF6666FF6699FF66CCFF66FFFF9900FF9933FF9966FF9999FF99CCFF99FFFFCC00FFCC33FFCC66FFCC99FFCCCCFFCCFFFFFF00FFFF33FFFF66FFFF99FFFFCCFFFFFF0000000D0D0D1A1A1A2828283535354343435050505D5D5D6B6B6B787878868686939393A1A1A1AEAEAEBB
310
BBBBC9C9C9D6D6D6E4E4E4F1F1F1FFFFFF000000000000000000000000000000000000000000000000000000000000AD4AB4E40000011B4944415478DAEDD8B10DC2301484616F60D12131004B64840CF13648C73EEC9249AEA6A507E38224988886C6F77F52A22454777A38869400000000000000007F92539A26D7F0C330
310
152A27CB028EC75CF3CBB480F359D2ACC8926701392BE25980ED02783848A125BF55D0FD25389CBE7CA01F9E7441B734CFAB07FBFA9F098DD2588EE779E5F5C8A800EB09781D650234D641A895F43901512DD7809D76D45FFCEDC56E01DD4D407C5E5BED88A271B759F4AE5DAF7FAD02EE5F0BE8AF8568DD3B6D847E29A0EF
310
09B8695EED83E35DC0C5A08012D7BE8075B64601EABC806815905CB6FEB1FD916F5840F32DB0F86A18166025CCF353405AFC0F108EF9DFB95DE3D7ECE11C1F000000000000000000000000000000000000F8BF075A5E97D1850EAF140000000049454E44AE4260824260820026C15A47440002501C00134091037E08F9E139
310
A0D0B20002AED947014222B49224382B80AA0E0849CE42006C25C8120129D2C1510E059000A036802B01370C26094E301600E4E5B0A56783BD27842C876F791E0F5F5E4603B85C04805D925C569E03CEAA44CBF62E00E505D07C97579FF28AE8EA007C7E7E3200D75A673962A062D01003C7DF42FD01F061902F17F3A1BCB9
310
698D0E6803408A8D7F078EA0250062DAA491F10ADA6221A0560F23424001206E6B8B1FA403C080D6D1EABC291848D91905D8D7E954749530121C86280356EB80C10014BFDC58A7E8E5E15439400010CF69B853079CCBFBCC6775B10940AE312B88934FE83A47811EFA42BBF7F73C1203468E3E78413104C081850129362C0B
310
6023352E36A47011287D4240AE320065AF0971AA1456124623776800ACBE0EB03D17507B3906C071D1DBE8CB03B8CA99A31B007A6E6A8803B07F60CF42F300303F1EE246086C55B5D749EFAB058FABED732D01E0B59607B0DA87A46C02504AA36D735D84C43AF5A794C5B953397D6AADCA4CAE8A807BB8B2D561F000A807E0
310
01B8A3280A6E050480B8B1021900BFB217A9007C089818B80B204D8103A86FAF965520F851C0942D06BEBD48107011B71C30FCAF12EDA30B11B5A4C107B4370D84CD1430E86D92110EF8A6169AE9F7988AE7498B200C6988EE3BF964110D77C093C103E8EDCDAEF9D75AF39A00BC8100C01CB0070D8039E09A020F81BD3107
310
A000440C740800001E029503E258FDC73918E3661D547CBB1C028DFE473A002E9A41C9004D07CCF2FAE52AEA80AAF7692B0270A097630E908550DC3CFFAD6C685C71B812C418413040F864DA821104006168EC120C0784A171139010E89001009CFEBB0820D6C9B0AF93377AEBDEEA969A4A53E49EFDE3B8BF07E6790B7F66
310
651FB7EAAA001D0470EBE40C16004D9B07E00178001E8007E00178001E8007E00178000EE81F503E2EA04532A6A00000000049454E44AE426082
  0
ACDSRECORD
 90
        1
  2
AcDbDs::ID
280
    10
320
114
  2
ASM_Data
280
    15
 94
    23979
310
414349532042696E61727946696C652855000000000000020000000C00000007104175746F6465736B204175746F434144071341534D203231382E302E302E35313136204E540718547565205365702030382032313A30373A3430203230323606000000000000F03F068DEDB5A0F7C6B03E06BBBDD7D9DF7CDB3D0D096173
310
6D6865616465720CFFFFFFFF04FFFFFFFF070C3231382E302E302E35313136110D04626F64790C0200000004FFFFFFFF0CFFFFFFFF0C030000000CFFFFFFFF0CFFFFFFFF110E067265665F76740E036579650D066174747269620CFFFFFFFF04FFFFFFFF0CFFFFFFFF0CFFFFFFFF0C010000000CFFFFFFFF0CFFFFFFFF110D
310
046C756D700C0400000004FFFFFFFF0CFFFFFFFF0CFFFFFFFF0C050000000C01000000110E067265665F76740E036579650D066174747269620CFFFFFFFF04FFFFFFFF0CFFFFFFFF0CFFFFFFFF0C030000000CFFFFFFFF0CFFFFFFFF110D057368656C6C0C0600000004FFFFFFFF0CFFFFFFFF0CFFFFFFFF0CFFFFFFFF0C07
310
0000000CFFFFFFFF0C03000000110E067265665F76740E036579650D066174747269620CFFFFFFFF04FFFFFFFF0CFFFFFFFF0CFFFFFFFF0C050000000CFFFFFFFF0CFFFFFFFF110D04666163650C0800000004FFFFFFFF0CFFFFFFFF0CFFFFFFFF0C090000000C050000000CFFFFFFFF0C0A0000000B0A0B110E05666D6573
310
680E036579650D066174747269620CFFFFFFFF04FFFFFFFF0C0B0000000CFFFFFFFF0C07000000110D046C6F6F700CFFFFFFFF04FFFFFFFF0CFFFFFFFF0CFFFFFFFF0C0C0000000C07000000110E05706C616E650D07737572666163650CFFFFFFFF04FFFFFFFF0CFFFFFFFF130050384015B8EFBF0000E07FA5B88F3F0000
310
0000000000001400000000000000000000000000000000000000000000F03F140A8A9E4C3979AA3C000000000000F0BF00000000000000000A0B0B0B0B110E067265665F76740E036579650D066174747269620CFFFFFFFF04FFFFFFFF0C0D0000000C080000000C070000000CFFFFFFFF0CFFFFFFFF110D06636F65646765
310
0CFFFFFFFF04FFFFFFFF0CFFFFFFFF0C0E0000000C0F0000000CFFFFFFFF0C100000000B0C0900000004000000000CFFFFFFFF110E09706572737562656E740E1061636164536F6C6964486973746F72790D066174747269620CFFFFFFFF04FFFFFFFF0CFFFFFFFF0C0B0000000C07000000040100000004010000000400CA
310
9A3B04E9030000110D06636F656467650CFFFFFFFF04FFFFFFFF0CFFFFFFFF0C110000000C0C0000000CFFFFFFFF0C120000000A0C0900000004000000000CFFFFFFFF110D06636F656467650CFFFFFFFF04FFFFFFFF0CFFFFFFFF0C0C0000000C130000000CFFFFFFFF0C140000000A0C0900000004000000000CFFFFFFFF
310
110D04656467650C1500000004FFFFFFFF0CFFFFFFFF0C16000000063F15467797C1D63E0C17000000068664F63040B4EF3F0C0C0000000C180000000B0707756E6B6E6F776E110D06636F656467650CFFFFFFFF04FFFFFFFF0CFFFFFFFF0C190000000C0E0000000CFFFFFFFF0C1A0000000A0C0900000004000000000CFF
310
FFFFFF110D04656467650C1B00000004FFFFFFFF0CFFFFFFFF0C1C0000000600000000000000000C1700000006CE9B7781A872F23F0C0E0000000C1D0000000B0707756E6B6E6F776E110D06636F656467650CFFFFFFFF04FFFFFFFF0CFFFFFFFF0C0F0000000C1E0000000CFFFFFFFF0C1F0000000B0C0900000004000000
310
000CFFFFFFFF110D04656467650C2000000004FFFFFFFF0CFFFFFFFF0C160000000600000000000000000C2100000006006000600C77FC3F0C0F0000000C220000000B0707756E6B6E6F776E110E09706572737562656E740E1061636164536F6C6964486973746F72790D066174747269620CFFFFFFFF04FFFFFFFF0CFFFF
310
FFFF0CFFFFFFFF0C10000000040100000004010000000400CA9A3B0439C70000110D067665727465780CFFFFFFFF04FFFFFFFF0CFFFFFFFF0C1000000004020000000C23000000110D067665727465780CFFFFFFFF04FFFFFFFF0CFFFFFFFF0C1000000004020000000C24000000110E07656C6C697073650D056375727665
310
0CFFFFFFFF04FFFFFFFF0CFFFFFFFF130020D955B2BFC43F0040955FAA4606C000000000000000001400000000000000000000000000000000000000000000F0BF14D1E2F584D8C48F3C38335C9D4E33D3BF000000000000000006000000000000F03F0B0B110D06636F656467650CFFFFFFFF04FFFFFFFF0CFFFFFFFF0C25
310
0000000C110000000CFFFFFFFF0C260000000A0C0900000004000000000CFFFFFFFF110D04656467650C2700000004FFFFFFFF0CFFFFFFFF0C280000000600000000000000000C1C0000000600A07EE13133FB3F0C110000000C290000000B0707756E6B6E6F776E110E09706572737562656E740E1061636164536F6C6964
310
486973746F72790D066174747269620CFFFFFFFF04FFFFFFFF0CFFFFFFFF0CFFFFFFFF0C12000000040100000004010000000400CA9A3B04D9C05700110D067665727465780CFFFFFFFF04FFFFFFFF0CFFFFFFFF0C1200000004020000000C2A000000110E0873747261696768740D0563757276650CFFFFFFFF04FFFFFFFF
310
0CFFFFFFFF13009066544410E7BF00207DCE8EC0FFBF0000000000000000146B8787EDA189E13FFAA54D5828C4EABF00000000000000000B0B110D06636F656467650CFFFFFFFF04FFFFFFFF0CFFFFFFFF0C130000000C2B0000000CFFFFFFFF0C2C0000000A0C0900000004000000000CFFFFFFFF110D04656467650C2D00
310
000004FFFFFFFF0CFFFFFFFF0C2E000000069E009F2CF321F9BF0C21000000062C0550328EDEE13E0C130000000C2F0000000B0707756E6B6E6F776E110E09706572737562656E740E1061636164536F6C6964486973746F72790D066174747269620CFFFFFFFF04FFFFFFFF0CFFFFFFFF0CFFFFFFFF0C1400000004010000
310
0004010000000400CA9A3B04D94D0200110D067665727465780CFFFFFFFF04FFFFFFFF0CFFFFFFFF0C1F00000004020000000C30000000110E0873747261696768740D0563757276650CFFFFFFFF04FFFFFFFF0CFFFFFFFF1300C06AAEA4BFC43F00A0403314AD08C0000000000000000014000000000000F03F0A8A9E4C39
310
79AA3C00000000000000000B0B110D05706F696E740CFFFFFFFF04FFFFFFFF0CFFFFFFFF1300C06AAEA4BFC43F00A0403314AD08C00000000000000000110D05706F696E740CFFFFFFFF04FFFFFFFF0CFFFFFFFF13008025A306BEB6BF000001A1669707C00000000000000000110D06636F656467650CFFFFFFFF04FFFFFF
310
FF0CFFFFFFFF0C310000000C190000000CFFFFFFFF0C320000000B0C0900000004000000000CFFFFFFFF110D04656467650C3300000004FFFFFFFF0CFFFFFFFF0C340000000600000000000000000C2800000006635D1A752127DB3F0C190000000C350000000B0707756E6B6E6F776E110E09706572737562656E740E1061
310
636164536F6C6964486973746F72790D066174747269620CFFFFFFFF04FFFFFFFF0CFFFFFFFF0CFFFFFFFF0C1A000000040100000004010000000400CA9A3B04393A5600110D067665727465780CFFFFFFFF04FFFFFFFF0CFFFFFFFF0C1A00000004020000000C36000000110E0873747261696768740D0563757276650CFF
310
FFFFFF04FFFFFFFF0CFFFFFFFF13009066544410E7BF0000FAB37335D2BF0000000000000000140A8A9E4C3979AA3C000000000000F0BF00000000000000000B0B110D05706F696E740CFFFFFFFF04FFFFFFFF0CFFFFFFFF13009066544410E7BF00207DCE8EC0FFBF0000000000000000110D06636F656467650CFFFFFFFF
310
04FFFFFFFF0CFFFFFFFF0C1E0000000C370000000CFFFFFFFF0C380000000A0C0900000004000000000CFFFFFFFF110D04656467650C3900000004FFFFFFFF0CFFFFFFFF0C2E0000000600000000000000000C3A00000006000010043333D33F0C1E0000000C3B0000000B0707756E6B6E6F776E110E09706572737562656E
310
740E1061636164536F6C6964486973746F72790D066174747269620CFFFFFFFF04FFFFFFFF0CFFFFFFFF0CFFFFFFFF0C1F000000040100000004010000000400CA9A3B0479D40300110D067665727465780CFFFFFFFF04FFFFFFFF0CFFFFFFFF0C2C00000004020000000C3C000000110E07656C6C697073650D0563757276
310
650CFFFFFFFF04FFFFFFFF0CFFFFFFFF130020FEA3030FFF3F0070597AAC4606C000000000000000001400000000000000000000000000000000000000000000F0BF14B3C172A9BCC48F3C5C7E3CC73D33D3BF000000000000000006000000000000F03F0B0B110D05706F696E740CFFFFFFFF04FFFFFFFF0CFFFFFFFF1300
310
B8CDF5000FFF3F00A0403314AD08C00000000000000000110D06636F656467650CFFFFFFFF04FFFFFFFF0CFFFFFFFF0C3D0000000C250000000CFFFFFFFF0C3E0000000B0C0900000004000000000CFFFFFFFF110D04656467650C3F00000004FFFFFFFF0CFFFFFFFF0C340000000600000000000000000C4000000006E002
310
1A752127DB3F0C250000000C410000000B0707756E6B6E6F776E110E09706572737562656E740E1061636164536F6C6964486973746F72790D066174747269620CFFFFFFFF04FFFFFFFF0CFFFFFFFF0CFFFFFFFF0C26000000040100000004010000000400CA9A3B0499B35400110D067665727465780CFFFFFFFF04FFFFFF
310
FF0CFFFFFFFF0C2600000004020000000C42000000110E0873747261696768740D0563757276650CFFFFFFFF04FFFFFFFF0CFFFFFFFF1300E0307AEC54F0BF0000F07FA5B88F3F000000000000000014C7DA743195A0E63FBCDD859BA7A0E6BF00000000000000000B0B110D05706F696E740CFFFFFFFF04FFFFFFFF0CFFFF
310
FFFF13009066544410E7BF0000FAB37335D2BF0000000000000000110D06636F656467650CFFFFFFFF04FFFFFFFF0CFFFFFFFF0C2B0000000C430000000CFFFFFFFF0C440000000A0C0900000004000000000CFFFFFFFF110D04656467650C4500000004FFFFFFFF0CFFFFFFFF0C3A0000000600000000000000000C460000
310
000600A0FC7F5C5FE93F0C2B0000000C470000000B0707756E6B6E6F776E110E09706572737562656E740E1061636164536F6C6964486973746F72790D066174747269620CFFFFFFFF04FFFFFFFF0CFFFFFFFF0CFFFFFFFF0C2C000000040100000004010000000400CA9A3B04195B0500110D067665727465780CFFFFFFFF
310
04FFFFFFFF0CFFFFFFFF0C3800000004020000000C48000000110E0873747261696768740D0563757276650CFFFFFFFF04FFFFFFFF0CFFFFFFFF130050E68AE9ED014000B07FB3AD4606C00000000000000000140A8A9E4C3979AABC000000000000F03F00000000000000000B0B110D05706F696E740CFFFFFFFF04FFFFFF
310
FF0CFFFFFFFF130050E68AE9ED014000B07FB3AD4606C00000000000000000110D06636F656467650CFFFFFFFF04FFFFFFFF0CFFFFFFFF0C490000000C310000000CFFFFFFFF0C4A0000000B0C0900000004000000000CFFFFFFFF110D04656467650C4B00000004FFFFFFFF0CFFFFFFFF0C40000000060000000000000000
310
0C4C0000000600C07EE13133FB3F0C310000000C4D0000000B0707756E6B6E6F776E110E09706572737562656E740E1061636164536F6C6964486973746F72790D066174747269620CFFFFFFFF04FFFFFFFF0CFFFFFFFF0CFFFFFFFF0C32000000040100000004010000000400CA9A3B04F92C5300110D067665727465780C
310
FFFFFFFF04FFFFFFFF0CFFFFFFFF0C3200000004020000000C4E000000110E0873747261696768740D0563757276650CFFFFFFFF04FFFFFFFF0CFFFFFFFF1300E0307AEC54F0BF0000F07FA5B88F3F000000000000000014C5DA743195A0E63FBEDD859BA7A0E63F00000000000000000B0B110D05706F696E740CFFFFFFFF
310
04FFFFFFFF0CFFFFFFFF1300E0307AEC54F0BF0000F07FA5B88F3F0000000000000000110D06636F656467650CFFFFFFFF04FFFFFFFF0CFFFFFFFF0C370000000C4F0000000CFFFFFFFF0C500000000A0C0900000004000000000CFFFFFFFF110D04656467650C5100000004FFFFFFFF0CFFFFFFFF0C460000000680BD619C
310
F82109400C5200000006B6D5AF457E6A0F400C370000000C530000000B0707756E6B6E6F776E110E09706572737562656E740E1061636164536F6C6964486973746F72790D066174747269620CFFFFFFFF04FFFFFFFF0CFFFFFFFF0CFFFFFFFF0C38000000040100000004010000000400CA9A3B04B9E10600110D06766572
310
7465780CFFFFFFFF04FFFFFFFF0CFFFFFFFF0C4400000004020000000C54000000110E0873747261696768740D0563757276650CFFFFFFFF04FFFFFFFF0CFFFFFFFF130050E68AE9ED014000B0FD5247E003C0000000000000000014000000000000F03F0A8A9E4C3979AA3C00000000000000000B0B110D05706F696E740C
310
FFFFFFFF04FFFFFFFF0CFFFFFFFF130050E68AE9ED014000B0FD5247E003C00000000000000000110D06636F656467650CFFFFFFFF04FFFFFFFF0CFFFFFFFF0C550000000C3D0000000CFFFFFFFF0C560000000B0C0900000004000000000CFFFFFFFF110D04656467650C5700000004FFFFFFFF0CFFFFFFFF0C4C00000006
310
00000000000000000C5800000006CE9B7781A872F23F0C3D0000000C590000000B0707756E6B6E6F776E110E09706572737562656E740E1061636164536F6C6964486973746F72790D066174747269620CFFFFFFFF04FFFFFFFF0CFFFFFFFF0CFFFFFFFF0C3E000000040100000004010000000400CA9A3B0459A65100110D
310
067665727465780CFFFFFFFF04FFFFFFFF0CFFFFFFFF0C3E00000004020000000C5A000000110E0873747261696768740D0563757276650CFFFFFFFF04FFFFFFFF0CFFFFFFFF13009066544410E7BF0080F80BFE30D43F0000000000000000140A8A9E4C3979AABC000000000000F03F00000000000000000B0B110D05706F
310
696E740CFFFFFFFF04FFFFFFFF0CFFFFFFFF13009066544410E7BF0080F80BFE30D43F0000000000000000110D06636F656467650CFFFFFFFF04FFFFFFFF0CFFFFFFFF0C430000000C5B0000000CFFFFFFFF0C5C0000000A0C0900000004000000000CFFFFFFFF110D04656467650C5D00000004FFFFFFFF0CFFFFFFFF0C52
310
0000000600000000000000000C5E0000000629DC78F80300F03F0C430000000C5F0000000B0707756E6B6E6F776E110E09706572737562656E740E1061636164536F6C6964486973746F72790D066174747269620CFFFFFFFF04FFFFFFFF0CFFFFFFFF0CFFFFFFFF0C44000000040100000004010000000400CA9A3B045968
310
0800110D067665727465780CFFFFFFFF04FFFFFFFF0CFFFFFFFF0C5000000004020000000C60000000110E07656C6C697073650D0563757276650CFFFFFFFF04FFFFFFFF0CFFFFFFFF130016D506C24508400060F39C42E007C000000000000000001400000000000000000000000000000000000000000000F0BF140DA096
310
1E1A799A3CE618AF4FDAFFDFBF000000000000000006000000000000F03F0B0B110D05706F696E740CFFFFFFFF04FFFFFFFF0CFFFFFFFF130078E5AAC045084000B0FD5247E003C00000000000000000110D06636F656467650CFFFFFFFF04FFFFFFFF0CFFFFFFFF0C610000000C490000000CFFFFFFFF0C620000000B0C09
310
00000004000000000CFFFFFFFF110D04656467650C6300000004FFFFFFFF0CFFFFFFFF0C5800000006F7930648EB3401400C6400000006303E117CF82109400C490000000C650000000B0707756E6B6E6F776E110E09706572737562656E740E1061636164536F6C6964486973746F72790D066174747269620CFFFFFFFF04
310
FFFFFFFF0CFFFFFFFF0CFFFFFFFF0C4A000000040100000004010000000400CA9A3B04B91F5000110D067665727465780CFFFFFFFF04FFFFFFFF0CFFFFFFFF0C4A00000004020000000C66000000110E0873747261696768740D0563757276650CFFFFFFFF04FFFFFFFF0CFFFFFFFF13009066544410E7BF00703EB2B81F00
310
40000000000000000014698787EDA189E13FFCA54D5828C4EA3F00000000000000000B0B110D05706F696E740CFFFFFFFF04FFFFFFFF0CFFFFFFFF13009066544410E7BF00703EB2B81F00400000000000000000110D06636F656467650CFFFFFFFF04FFFFFFFF0CFFFFFFFF0C4F0000000C670000000CFFFFFFFF0C680000
310
000A0C0900000004000000000CFFFFFFFF110D04656467650C6900000004FFFFFFFF0CFFFFFFFF0C5E0000000696DCBFD072D902C00C6A00000006C3175A3BF321F9BF0C4F0000000C6B0000000B0707756E6B6E6F776E110E09706572737562656E740E1061636164536F6C6964486973746F72790D066174747269620CFF
310
FFFFFF04FFFFFFFF0CFFFFFFFF0CFFFFFFFF0C50000000040100000004010000000400CA9A3B04F9EE0900110D067665727465780CFFFFFFFF04FFFFFFFF0CFFFFFFFF0C5C00000004020000000C6C000000110E0873747261696768740D0563757276650CFFFFFFFF04FFFFFFFF0CFFFFFFFF1300A4E6F2D3190B4000D0FE
310
98330C05C00000000000000000145BA57A42A4A0E63FD34D828A98A0E6BF00000000000000000B0B110D05706F696E740CFFFFFFFF04FFFFFFFF0CFFFFFFFF1300A4E6F2D3190B4000D0FE98330C05C00000000000000000110D06636F656467650CFFFFFFFF04FFFFFFFF0CFFFFFFFF0C6D0000000C550000000CFFFFFFFF
310
0C6E0000000B0C0900000004000000000CFFFFFFFF110D04656467650C6F00000004FFFFFFFF0CFFFFFFFF0C640000000600000000000000000C7000000006006000600C77FC3F0C550000000C710000000B0707756E6B6E6F776E110E09706572737562656E740E1061636164536F6C6964486973746F72790D0661747472
310
69620CFFFFFFFF04FFFFFFFF0CFFFFFFFF0CFFFFFFFF0C56000000040100000004010000000400CA9A3B0419994E00110D067665727465780CFFFFFFFF04FFFFFFFF0CFFFFFFFF0C5600000004020000000C72000000110E07656C6C697073650D0563757276650CFFFFFFFF04FFFFFFFF0CFFFFFFFF130020D955B2BFC43F
310
002095AA1B86064000000000000000001400000000000000000000000000000000000000000000F0BF14D1E2F584D8C48F3C38335C9D4E33D3BF000000000000000006000000000000F03F0B0B110D05706F696E740CFFFFFFFF04FFFFFFFF0CFFFFFFFF13008025A306BEB6BF00E000ECD7D607400000000000000000110D
310
06636F656467650CFFFFFFFF04FFFFFFFF0CFFFFFFFF0C5B0000000C730000000CFFFFFFFF0C740000000A0C0900000004000000000CFFFFFFFF110D04656467650C7500000004FFFFFFFF0CFFFFFFFF0C6A0000000600000000000000000C76000000060000F65FC4BED23F0C5B0000000C770000000B0707756E6B6E6F77
310
6E110E09706572737562656E740E1061636164536F6C6964486973746F72790D066174747269620CFFFFFFFF04FFFFFFFF0CFFFFFFFF0CFFFFFFFF0C5C000000040100000004010000000400CA9A3B0499750B00110D067665727465780CFFFFFFFF04FFFFFFFF0CFFFFFFFF0C6800000004020000000C78000000110E0765
310
6C6C697073650D0563757276650CFFFFFFFF04FFFFFFFF0CFFFFFFFF13009096D3E5ED0D400080C4E16C880DC000000000000000001400000000000000000000000000000000000000000000F0BF144534C31A46799A3C5F383CBD0700E0BF000000000000000006000000000000F03F0B0B110D05706F696E740CFFFFFFFF
310
04FFFFFFFF0CFFFFFFFF13001E7335FF6010400090FF225BB40AC00000000000000000110D06636F656467650CFFFFFFFF04FFFFFFFF0CFFFFFFFF0C790000000C610000000CFFFFFFFF0C7A0000000B0C0900000004000000000CFFFFFFFF110D04656467650C7B00000004FFFFFFFF0CFFFFFFFF0C700000000684A0A0DC
310
F62109400C7C00000006B4D649757AD912400C610000000C7D0000000B0707756E6B6E6F776E110E09706572737562656E740E1061636164536F6C6964486973746F72790D066174747269620CFFFFFFFF04FFFFFFFF0CFFFFFFFF0CFFFFFFFF0C62000000040100000004010000000400CA9A3B0479124D00110D06766572
310
7465780CFFFFFFFF04FFFFFFFF0CFFFFFFFF0C6200000004020000000C7E000000110E0873747261696768740D0563757276650CFFFFFFFF04FFFFFFFF0CFFFFFFFF1300C06AAEA4BFC43F0080407E85EC0840000000000000000014000000000000F03F0A8A9E4C3979AA3C00000000000000000B0B110D05706F696E740C
310
FFFFFFFF04FFFFFFFF0CFFFFFFFF1300C06AAEA4BFC43F0080407E85EC08400000000000000000110D06636F656467650CFFFFFFFF04FFFFFFFF0CFFFFFFFF0C670000000C7F0000000CFFFFFFFF0C800000000A0C0900000004000000000CFFFFFFFF110D04656467650C8100000004FFFFFFFF0CFFFFFFFF0C7600000006
310
7907F9B10122F9BF0C820000000696E902E56D97E23E0C670000000C830000000B0707756E6B6E6F776E110E09706572737562656E740E1061636164536F6C6964486973746F72790D066174747269620CFFFFFFFF04FFFFFFFF0CFFFFFFFF0CFFFFFFFF0C68000000040100000004010000000400CA9A3B0439FC0C00110D
310
067665727465780CFFFFFFFF04FFFFFFFF0CFFFFFFFF0C7400000004020000000C84000000110E0873747261696768740D0563757276650CFFFFFFFF04FFFFFFFF0CFFFFFFFF13008D72E1F3F61040000000E86E880DC0000000000000000014537F4E10F5516B3D000000000000F0BF00000000000000000B0B110D05706F
310
696E740CFFFFFFFF04FFFFFFFF0CFFFFFFFF13008D72E1F3F61040000000E86E880DC00000000000000000110D06636F656467650CFFFFFFFF04FFFFFFFF0CFFFFFFFF0C850000000C6D0000000CFFFFFFFF0C860000000B0C0900000004000000000CFFFFFFFF110D04656467650C8700000004FFFFFFFF0CFFFFFFFF0C7C
310
0000000600000000000000000C8800000006000010043333D33F0C6D0000000C890000000B0707756E6B6E6F776E110E09706572737562656E740E1061636164536F6C6964486973746F72790D066174747269620CFFFFFFFF04FFFFFFFF0CFFFFFFFF0CFFFFFFFF0C6E000000040100000004010000000400CA9A3B04D98B
310
4B00110D067665727465780CFFFFFFFF04FFFFFFFF0CFFFFFFFF0C6E00000004020000000C8A000000110E07656C6C697073650D0563757276650CFFFFFFFF04FFFFFFFF0CFFFFFFFF130020FEA3030FFF3F005059C51D86064000000000000000001400000000000000000000000000000000000000000000F0BF14B3C172
310
A9BCC48F3C5C7E3CC73D33D3BF000000000000000006000000000000F03F0B0B110D05706F696E740CFFFFFFFF04FFFFFFFF0CFFFFFFFF1300B8CDF5000FFF3F0080407E85EC08400000000000000000110D06636F656467650CFFFFFFFF04FFFFFFFF0CFFFFFFFF0C730000000C8B0000000CFFFFFFFF0C8C0000000B0C09
310
00000004000000000CFFFFFFFF110D04656467650C8D00000004FFFFFFFF0CFFFFFFFF0C820000000600000000000000000C8E0000000600DCB904871617400C730000000C8F0000000B0707756E6B6E6F776E110E09706572737562656E740E1061636164536F6C6964486973746F72790D066174747269620CFFFFFFFF04
310
FFFFFFFF0CFFFFFFFF0CFFFFFFFF0C74000000040100000004010000000400CA9A3B04D9820E00110D067665727465780CFFFFFFFF04FFFFFFFF0CFFFFFFFF0C8000000004020000000C90000000110E07656C6C697073650D0563757276650CFFFFFFFF04FFFFFFFF0CFFFFFFFF130012D18DE9ED0D4000406B0B49E00FC0
310
00000000000000001400000000000000000000000000000000000000000000F0BF14AFD34E6F2D799A3C6BD8A2A8F1FFDFBF000000000000000006000000000000F03F0B0B110D05706F696E740CFFFFFFFF04FFFFFFFF0CFFFFFFFF13008E72E1F3F6104000C0FE7347E00FC00000000000000000110D06636F656467650C
310
FFFFFFFF04FFFFFFFF0CFFFFFFFF0C910000000C790000000CFFFFFFFF0C920000000A0C0900000004000000000CFFFFFFFF110D04656467650C9300000004FFFFFFFF0CFFFFFFFF0C880000000600000000000000000C940000000600A0FC7F5C5FE93F0C790000000C950000000B0707756E6B6E6F776E110E0970657273
310
7562656E740E1061636164536F6C6964486973746F72790D066174747269620CFFFFFFFF04FFFFFFFF0CFFFFFFFF0CFFFFFFFF0C7A000000040100000004010000000400CA9A3B0439054A00110D067665727465780CFFFFFFFF04FFFFFFFF0CFFFFFFFF0C7A00000004020000000C96000000110E0873747261696768740D
310
0563757276650CFFFFFFFF04FFFFFFFF0CFFFFFFFF130050E68AE9ED014000907FFE1E8606400000000000000000140A8A9E4C3979AA3C000000000000F0BF00000000000000000B0B110D05706F696E740CFFFFFFFF04FFFFFFFF0CFFFFFFFF130050E68AE9ED014000907FFE1E8606400000000000000000110D06636F65
310
6467650CFFFFFFFF04FFFFFFFF0CFFFFFFFF0C7F0000000C970000000CFFFFFFFF0C980000000A0C0900000004000000000CFFFFFFFF110D04656467650C9900000004FFFFFFFF0CFFFFFFFF0C9A00000006574FC7DFFF21F9BF0C8E000000066B70D18166CEE8BF0C7F0000000C9B0000000B0707756E6B6E6F776E110E09
310
706572737562656E740E1061636164536F6C6964486973746F72790D066174747269620CFFFFFFFF04FFFFFFFF0CFFFFFFFF0CFFFFFFFF0C80000000040100000004010000000400CA9A3B0479091000110D067665727465780CFFFFFFFF04FFFFFFFF0CFFFFFFFF0C8C00000004020000000C9C000000110E087374726169
310
6768740D0563757276650CFFFFFFFF04FFFFFFFF0CFFFFFFFF130060E43AE7ED0D4000783FA023F011C0000000000000000014000000000000F0BF0A8A9E4C3979AABC00000000000000000B0B110D05706F696E740CFFFFFFFF04FFFFFFFF0CFFFFFFFF130060E43AE7ED0D4000783FA023F011C00000000000000000110D
310
06636F656467650CFFFFFFFF04FFFFFFFF0CFFFFFFFF0C9D0000000C850000000CFFFFFFFF0C9E0000000B0C0900000004000000000CFFFFFFFF110D04656467650C9F00000004FFFFFFFF0CFFFFFFFF0CA0000000067AA2AEC50B22E9BF0C9400000006C904C17C13BFD53E0C850000000CA10000000B0707756E6B6E6F77
310
6E110E09706572737562656E740E1061636164536F6C6964486973746F72790D066174747269620CFFFFFFFF04FFFFFFFF0CFFFFFFFF0CFFFFFFFF0C86000000040100000004010000000400CA9A3B04997E4800110D067665727465780CFFFFFFFF04FFFFFFFF0CFFFFFFFF0C8600000004020000000CA2000000110E0873
310
747261696768740D0563757276650CFFFFFFFF04FFFFFFFF0CFFFFFFFF130050E68AE9ED01400090FD9DB81F0440000000000000000014000000000000F03F0A8A9E4C3979AA3C00000000000000000B0B110D05706F696E740CFFFFFFFF04FFFFFFFF0CFFFFFFFF130050E68AE9ED01400090FD9DB81F0440000000000000
310
0000110D06636F656467650CFFFFFFFF04FFFFFFFF0CFFFFFFFF0C8B0000000CA30000000CFFFFFFFF0CA40000000B0C0900000004000000000CFFFFFFFF110D04656467650CA500000004FFFFFFFF0CFFFFFFFF0C9A0000000600000000000000000CA6000000060000F65FC4BED23F0C8B0000000CA70000000B0707756E
310
6B6E6F776E110E09706572737562656E740E1061636164536F6C6964486973746F72790D066174747269620CFFFFFFFF04FFFFFFFF0CFFFFFFFF0CFFFFFFFF0C8C000000040100000004010000000400CA9A3B0419901100110D067665727465780CFFFFFFFF04FFFFFFFF0CFFFFFFFF0C9800000004020000000CA8000000
310
110E07656C6C697073650D0563757276650CFFFFFFFF04FFFFFFFF0CFFFFFFFF1300347EB0752A04C000F0380B49E00FC000000000000000001400000000000000000000000000000000000000000000F0BF14067B7E930888A23C9404603A5F66E6BF000000000000000006000000000000F03F0B0B110D05706F696E740C
310
FFFFFFFF04FFFFFFFF0CFFFFFFFF1300588FCE263F00C000783FA023F011C00000000000000000110D06636F656467650CFFFFFFFF04FFFFFFFF0CFFFFFFFF0CA90000000C910000000CFFFFFFFF0CAA0000000A0C0900000004000000000CFFFFFFFF110D04656467650CAB00000004FFFFFFFF0CFFFFFFFF0CA000000006
310
00000000000000000CAC00000006CAF278F80300F03F0C910000000CAD0000000B0707756E6B6E6F776E110E09706572737562656E740E1061636164536F6C6964486973746F72790D066174747269620CFFFFFFFF04FFFFFFFF0CFFFFFFFF0CFFFFFFFF0C92000000040100000004010000000400CA9A3B04F9F74600110D
310
067665727465780CFFFFFFFF04FFFFFFFF0CFFFFFFFF0C9200000004020000000CAE000000110E07656C6C697073650D0563757276650CFFFFFFFF04FFFFFFFF0CFFFFFFFF130016D506C24508400030F3E7B31F084000000000000000001400000000000000000000000000000000000000000000F0BF140DA0961E1A799A
310
3CE618AF4FDAFFDFBF000000000000000006000000000000F03F0B0B110D05706F696E740CFFFFFFFF04FFFFFFFF0CFFFFFFFF130078E5AAC04508400090FD9DB81F04400000000000000000110D06636F656467650CFFFFFFFF04FFFFFFFF0CFFFFFFFF0C970000000CAF0000000CFFFFFFFF0CB00000000A0C0900000004
310
000000000CFFFFFFFF110D04656467650CB100000004FFFFFFFF0CFFFFFFFF0CB200000006DEEC6B2C76D902C00CA600000006591A968BF521F9BF0C970000000CB30000000B0707756E6B6E6F776E110E09706572737562656E740E1061636164536F6C6964486973746F72790D066174747269620CFFFFFFFF04FFFFFFFF
310
0CFFFFFFFF0CFFFFFFFF0C98000000040100000004010000000400CA9A3B04B9161300110D067665727465780CFFFFFFFF04FFFFFFFF0CFFFFFFFF0CA400000004020000000CB4000000110E0873747261696768740D0563757276650CFFFFFFFF04FFFFFFFF0CFFFFFFFF1300D8CCC3BB21FDBF00C0FE7347E00FC0000000
310
000000000014537F4E10F5516BBD000000000000F03F00000000000000000B0B110D05706F696E740CFFFFFFFF04FFFFFFFF0CFFFFFFFF1300D8CCC3BB21FDBF00C0FE7347E00FC00000000000000000110D06636F656467650CFFFFFFFF04FFFFFFFF0CFFFFFFFF0CB50000000C9D0000000CFFFFFFFF0CB60000000B0C09
310
00000004000000000CFFFFFFFF110D04656467650CB700000004FFFFFFFF0CFFFFFFFF0CB8000000066D422E6D0322F9BF0CAC000000060742110E2222E9BF0C9D0000000CB90000000B0707756E6B6E6F776E110E09706572737562656E740E1061636164536F6C6964486973746F72790D066174747269620CFFFFFFFF04
310
FFFFFFFF0CFFFFFFFF0CFFFFFFFF0C9E000000040100000004010000000400CA9A3B0459714500110D067665727465780CFFFFFFFF04FFFFFFFF0CFFFFFFFF0C9E00000004020000000CBA000000110E0873747261696768740D0563757276650CFFFFFFFF04FFFFFFFF0CFFFFFFFF1300A4E6F2D3190B4000A0FEE3A44B05
310
4000000000000000001459A57A42A4A0E63FD54D828A98A0E63F00000000000000000B0B110D05706F696E740CFFFFFFFF04FFFFFFFF0CFFFFFFFF1300A4E6F2D3190B4000A0FEE3A44B05400000000000000000110D06636F656467650CFFFFFFFF04FFFFFFFF0CFFFFFFFF0CA30000000CBB0000000CFFFFFFFF0CBC0000
310
000B0C0900000004000000000CFFFFFFFF110D04656467650CBD00000004FFFFFFFF0CFFFFFFFF0CB20000000600000000000000000CBE0000000621ED78F80300F03F0CA30000000CBF0000000B0707756E6B6E6F776E110E09706572737562656E740E1061636164536F6C6964486973746F72790D066174747269620CFF
310
FFFFFF04FFFFFFFF0CFFFFFFFF0CFFFFFFFF0CA4000000040100000004010000000400CA9A3B04599D1400110D067665727465780CFFFFFFFF04FFFFFFFF0CFFFFFFFF0CB000000004020000000CC0000000110E07656C6C697073650D0563757276650CFFFFFFFF04FFFFFFFF0CFFFFFFFF1300AAC56A792A04C00060C2E1
310
6C880DC000000000000000001400000000000000000000000000000000000000000000F0BF14905863E91488A23CAF667E236E66E6BF000000000000000006000000000000F03F0B0B110D05706F696E740CFFFFFFFF04FFFFFFFF0CFFFFFFFF1300DCCCC3BB21FDBF000000E86E880DC00000000000000000110D06636F65
310
6467650CFFFFFFFF04FFFFFFFF0CFFFFFFFF0CC10000000CA90000000CFFFFFFFF0CC20000000A0C0900000004000000000CFFFFFFFF110D04656467650CC300000004FFFFFFFF0CFFFFFFFF0CB80000000600000000000000000CC4000000060000F65FC4BED23F0CA90000000CC50000000B0707756E6B6E6F776E110E09
310
706572737562656E740E1061636164536F6C6964486973746F72790D066174747269620CFFFFFFFF04FFFFFFFF0CFFFFFFFF0CFFFFFFFF0CAA000000040100000004010000000400CA9A3B04B9EA4300110D067665727465780CFFFFFFFF04FFFFFFFF0CFFFFFFFF0CAA00000004020000000CC6000000110E07656C6C6970
310
73650D0563757276650CFFFFFFFF04FFFFFFFF0CFFFFFFFF13009096D3E5ED0D400060C42CDEC70D4000000000000000001400000000000000000000000000000000000000000000F0BF144534C31A46799A3C5F383CBD0700E0BF000000000000000006000000000000F03F0B0B110D05706F696E740CFFFFFFFF04FFFFFF
310
FF0CFFFFFFFF13001E7335FF6010400070FF6DCCF30A400000000000000000110D06636F656467650CFFFFFFFF04FFFFFFFF0CFFFFFFFF0CAF0000000CC70000000CFFFFFFFF0CC80000000A0C0900000004000000000CFFFFFFFF110D04656467650CC900000004FFFFFFFF0CFFFFFFFF0CCA0000000612483463F9210940
310
0CBE00000006E8B27E817C6A0F400CAF0000000CCB0000000B0707756E6B6E6F776E110E09706572737562656E740E1061636164536F6C6964486973746F72790D066174747269620CFFFFFFFF04FFFFFFFF0CFFFFFFFF0CFFFFFFFF0CB0000000040100000004010000000400CA9A3B04F9231600110D067665727465780C
310
FFFFFFFF04FFFFFFFF0CFFFFFFFF0CBC00000004020000000CCC000000110E0873747261696768740D0563757276650CFFFFFFFF04FFFFFFFF0CFFFFFFFF1300CC5E99BF3400C000E0DF52B99209C00000000000000000145B897A42A4A0E6BFD369828A98A0E63F00000000000000000B0B110D05706F696E740CFFFFFFFF
310
04FFFFFFFF0CFFFFFFFF1300CC5E99BF3400C000E0DF52B99209C00000000000000000110D06636F656467650CFFFFFFFF04FFFFFFFF0CFFFFFFFF0CCD0000000CB50000000CFFFFFFFF0CCE0000000B0C0900000004000000000CFFFFFFFF110D04656467650CCF00000004FFFFFFFF0CFFFFFFFF0CD000000006D8B368AE
310
F62109400CC4000000066A48A0167ED912400CB50000000CD10000000B0707756E6B6E6F776E110E09706572737562656E740E1061636164536F6C6964486973746F72790D066174747269620CFFFFFFFF04FFFFFFFF0CFFFFFFFF0CFFFFFFFF0CB6000000040100000004010000000400CA9A3B0419644200110D06766572
310
7465780CFFFFFFFF04FFFFFFFF0CFFFFFFFF0CB600000004020000000CD2000000110E0873747261696768740D0563757276650CFFFFFFFF04FFFFFFFF0CFFFFFFFF13008D72E1F3F6104000E0FF32E0C70D4000000000000000001481EB24E9A54E6B3D000000000000F03F00000000000000000B0B110D05706F696E740C
310
FFFFFFFF04FFFFFFFF0CFFFFFFFF13008D72E1F3F6104000E0FF32E0C70D400000000000000000110D06636F656467650CFFFFFFFF04FFFFFFFF0CFFFFFFFF0CBB0000000CD30000000CFFFFFFFF0CD40000000A0C0900000004000000000CFFFFFFFF110D04656467650CD500000004FFFFFFFF0CFFFFFFFF0CCA00000006
310
00000000000000000CD600000006000863E6C2C5EF3F0CBB0000000CD70000000B0707756E6B6E6F776E110E09706572737562656E740E1061636164536F6C6964486973746F72790D066174747269620CFFFFFFFF04FFFFFFFF0CFFFFFFFF0CFFFFFFFF0CBC000000040100000004010000000400CA9A3B0499AA1700110D
310
067665727465780CFFFFFFFF04FFFFFFFF0CFFFFFFFF0CC800000004020000000CD8000000110E07656C6C697073650D0563757276650CFFFFFFFF04FFFFFFFF0CFFFFFFFF13004A8F379DD209C000A0F09C42E007C000000000000000001400000000000000000000000000000000000000000000F0BF14DBC861EBFE87A2
310
3CE5C8328E5366E6BF000000000000000006000000000000F03F0B0B110D05706F696E740CFFFFFFFF04FFFFFFFF0CFFFFFFFF1300605E11EADC05C00010DFC891EA03C00000000000000000110D06636F656467650CFFFFFFFF04FFFFFFFF0CFFFFFFFF0CD90000000CC10000000CFFFFFFFF0CDA0000000B0C0900000004
310
000000000CFFFFFFFF110D04656467650CDB00000004FFFFFFFF0CFFFFFFFF0CD00000000600000000000000000CDC0000000600DCB904871617400CC10000000CDD0000000B0707756E6B6E6F776E110E09706572737562656E740E1061636164536F6C6964486973746F72790D066174747269620CFFFFFFFF04FFFFFFFF
310
0CFFFFFFFF0CFFFFFFFF0CC2000000040100000004010000000400CA9A3B0479DD4000110D067665727465780CFFFFFFFF04FFFFFFFF0CFFFFFFFF0CC200000004020000000CDE000000110E07656C6C697073650D0563757276650CFFFFFFFF04FFFFFFFF0CFFFFFFFF130012D18DE9ED0D400088352BDD0F104000000000
310
000000001400000000000000000000000000000000000000000000F0BF14AFD34E6F2D799A3C6BD8A2A8F1FFDFBF000000000000000006000000000000F03F0B0B110D05706F696E740CFFFFFFFF04FFFFFFFF0CFFFFFFFF13008E72E1F3F6104000507F5FDC0F10400000000000000000110D06636F656467650CFFFFFFFF
310
04FFFFFFFF0CFFFFFFFF0CC70000000CDF0000000CFFFFFFFF0CE00000000A0C0900000004000000000CFFFFFFFF110D04656467650CE100000004FFFFFFFF0CFFFFFFFF0CD60000000600000000000000000CE2000000060080DCD0FFFFDF3F0CC70000000CE30000000B0707756E6B6E6F776E110E09706572737562656E
310
740E1061636164536F6C6964486973746F72790D066174747269620CFFFFFFFF04FFFFFFFF0CFFFFFFFF0CFFFFFFFF0CC8000000040100000004010000000400CA9A3B0439311900110D067665727465780CFFFFFFFF04FFFFFFFF0CFFFFFFFF0CD400000004020000000CE4000000110E0873747261696768740D05637572
310
76650CFFFFFFFF04FFFFFFFF0CFFFFFFFF1300AC7F939ED209C0002064B9AD4602C0000000000000000014000000000000F0BF0A8A9E4C3979AABC00000000000000000B0B110D05706F696E740CFFFFFFFF04FFFFFFFF0CFFFFFFFF1300AC7F939ED209C0002064B9AD4602C00000000000000000110D06636F656467650C
310
FFFFFFFF04FFFFFFFF0CFFFFFFFF0CE50000000CCD0000000CFFFFFFFF0CE60000000B0C0900000004000000000CFFFFFFFF110D04656467650CE700000004FFFFFFFF0CFFFFFFFF0CDC00000006FEC0CFB361EE02C00CE800000006DA0AC1C8F621F9BF0CCD0000000CE90000000B0707756E6B6E6F776E110E0970657273
310
7562656E740E1061636164536F6C6964486973746F72790D066174747269620CFFFFFFFF04FFFFFFFF0CFFFFFFFF0CFFFFFFFF0CCE000000040100000004010000000400CA9A3B04D9563F00110D067665727465780CFFFFFFFF04FFFFFFFF0CFFFFFFFF0CCE00000004020000000CEA000000110E0873747261696768740D
310
0563757276650CFFFFFFFF04FFFFFFFF0CFFFFFFFF130060E43AE7ED0D400060BF45DC0F1240000000000000000014000000000000F0BF0A8A9E4C3979AABC00000000000000000B0B110D05706F696E740CFFFFFFFF04FFFFFFFF0CFFFFFFFF130060E43AE7ED0D400060BF45DC0F12400000000000000000110D06636F65
310
6467650CFFFFFFFF04FFFFFFFF0CFFFFFFFF0CD30000000CEB0000000CFFFFFFFF0CEC0000000A0C0900000004000000000CFFFFFFFF110D04656467650CED00000004FFFFFFFF0CFFFFFFFF0CE200000006165D50DDE221F9BF0CEE000000068DEB8B1295CDFA3E0CD30000000CEF0000000B0707756E6B6E6F776E110E09
310
706572737562656E740E1061636164536F6C6964486973746F72790D066174747269620CFFFFFFFF04FFFFFFFF0CFFFFFFFF0CFFFFFFFF0CD4000000040100000004010000000400CA9A3B04D9B71A00110D067665727465780CFFFFFFFF04FFFFFFFF0CFFFFFFFF0CE000000004020000000CF0000000110E087374726169
310
6768740D0563757276650CFFFFFFFF04FFFFFFFF0CFFFFFFFF1300378CA607E210C0002064B9AD4602C000000000000000001475ACF907B1FC5FBD000000000000F0BF00000000000000000B0B110D05706F696E740CFFFFFFFF04FFFFFFFF0CFFFFFFFF1300378CA607E210C0002064B9AD4602C00000000000000000110D
310
06636F656467650CFFFFFFFF04FFFFFFFF0CFFFFFFFF0CF10000000CD90000000CFFFFFFFF0CF20000000B0C0900000004000000000CFFFFFFFF110D04656467650CF300000004FFFFFFFF0CFFFFFFFF0CE80000000600000000000000000CF4000000060000F65FC4BED23F0CD90000000CF50000000B0707756E6B6E6F77
310
6E110E09706572737562656E740E1061636164536F6C6964486973746F72790D066174747269620CFFFFFFFF04FFFFFFFF0CFFFFFFFF0CFFFFFFFF0CDA000000040100000004010000000400CA9A3B0439D03D00110D067665727465780CFFFFFFFF04FFFFFFFF0CFFFFFFFF0CDA00000004020000000CF6000000110E0765
310
6C6C697073650D0563757276650CFFFFFFFF04FFFFFFFF0CFFFFFFFF1300347EB0752A04C000681C2BDD0F104000000000000000001400000000000000000000000000000000000000000000F0BF14067B7E930888A23C9404603A5F66E6BF000000000000000006000000000000F03F0B0B110D05706F696E740CFFFFFFFF
310
04FFFFFFFF0CFFFFFFFF1300588FCE263F00C00060BF45DC0F12400000000000000000110D06636F656467650CFFFFFFFF04FFFFFFFF0CFFFFFFFF0CDF0000000CF70000000CFFFFFFFF0CF80000000A0C0900000004000000000CFFFFFFFF110D04656467650CF900000004FFFFFFFF0CFFFFFFFF0CEE0000000600000000
310
000000000CFA00000006006000600C77F43F0CDF0000000CFB0000000B0707756E6B6E6F776E110E09706572737562656E740E1061636164536F6C6964486973746F72790D066174747269620CFFFFFFFF04FFFFFFFF0CFFFFFFFF0CFFFFFFFF0CE0000000040100000004010000000400CA9A3B04793E1C00110D06766572
310
7465780CFFFFFFFF04FFFFFFFF0CFFFFFFFF0CEC00000004020000000CFC000000110E07656C6C697073650D0563757276650CFFFFFFFF04FFFFFFFF0CFFFFFFFF1300E833B66E4811C000E0577AAC4606C000000000000000001400000000000000000000000000000000000000000000F0BF1421062672EA2D753C40ED09
310
EAC399B9BF000000000000000006000000000000F03F0B0B110D05706F696E740CFFFFFFFF04FFFFFFFF0CFFFFFFFF1300388CA607E210C000B07FB3AD4606C00000000000000000110D06636F656467650CFFFFFFFF04FFFFFFFF0CFFFFFFFF0CFD0000000CE50000000CFFFFFFFF0CFE0000000B0C090000000400000000
310
0CFFFFFFFF110D04656467650CFF00000004FFFFFFFF0CFFFFFFFF0CF400000006D83FF21C0122F9BF0C000100000643C0609F1422E9BF0CE50000000C010100000B0707756E6B6E6F776E110E09706572737562656E740E1061636164536F6C6964486973746F72790D066174747269620CFFFFFFFF04FFFFFFFF0CFFFFFF
310
FF0CFFFFFFFF0CE6000000040100000004010000000400CA9A3B0499493C00110D067665727465780CFFFFFFFF04FFFFFFFF0CFFFFFFFF0CE600000004020000000C02010000110E0873747261696768740D0563757276650CFFFFFFFF04FFFFFFFF0CFFFFFFFF1300D8CCC3BB21FDBF00507F5FDC0F104000000000000000
310
001481EB24E9A54E6BBD000000000000F0BF00000000000000000B0B110D05706F696E740CFFFFFFFF04FFFFFFFF0CFFFFFFFF1300D8CCC3BB21FDBF00507F5FDC0F10400000000000000000110D06636F656467650CFFFFFFFF04FFFFFFFF0CFFFFFFFF0CEB0000000C030100000CFFFFFFFF0C040100000A0C0900000004
310
000000000CFFFFFFFF110D04656467650C0501000004FFFFFFFF0CFFFFFFFF0CFA0000000600000000000000000C0601000006182D4454FB21F93F0CEB0000000C070100000B0707756E6B6E6F776E110E09706572737562656E740E1061636164536F6C6964486973746F72790D066174747269620CFFFFFFFF04FFFFFFFF
310
0CFFFFFFFF0CFFFFFFFF0CEC000000040100000004010000000400CA9A3B0419C51D00110D067665727465780CFFFFFFFF04FFFFFFFF0CFFFFFFFF0CF800000004020000000C08010000110E0873747261696768740D0563757276650CFFFFFFFF04FFFFFFFF0CFFFFFFFF130024BF616F4811C00010A7997A1307C0000000
310
000000000014000000000000F0BF0A8A9E4C3979AABC00000000000000000B0B110D05706F696E740CFFFFFFFF04FFFFFFFF0CFFFFFFFF130024BF616F4811C00010A7997A1307C00000000000000000110D06636F656467650CFFFFFFFF04FFFFFFFF0CFFFFFFFF0C090100000CF10000000CFFFFFFFF0C0A0100000B0C09
310
00000004000000000CFFFFFFFF110D04656467650C0B01000004FFFFFFFF0CFFFFFFFF0C000100000600000000000000000C0C010000064DEA78F80300F03F0CF10000000C0D0100000B0707756E6B6E6F776E110E09706572737562656E740E1061636164536F6C6964486973746F72790D066174747269620CFFFFFFFF04
310
FFFFFFFF0CFFFFFFFF0CFFFFFFFF0CF2000000040100000004010000000400CA9A3B04F9C23A00110D067665727465780CFFFFFFFF04FFFFFFFF0CFFFFFFFF0CF200000004020000000C0E010000110E07656C6C697073650D0563757276650CFFFFFFFF04FFFFFFFF0CFFFFFFFF1300AAC56A792A04C00040C22CDEC70D40
310
00000000000000001400000000000000000000000000000000000000000000F0BF14905863E91488A23CAF667E236E66E6BF000000000000000006000000000000F03F0B0B110D05706F696E740CFFFFFFFF04FFFFFFFF0CFFFFFFFF1300DCCCC3BB21FDBF00E0FF32E0C70D400000000000000000110D06636F656467650C
310
FFFFFFFF04FFFFFFFF0CFFFFFFFF0CF70000000C0F0100000CFFFFFFFF0C100100000A0C0900000004000000000CFFFFFFFF110D04656467650C1101000004FFFFFFFF0CFFFFFFFF0C060100000600000000000000000C1201000006004064E79999E93F0CF70000000C130100000B0707756E6B6E6F776E110E0970657273
310
7562656E740E1061636164536F6C6964486973746F72790D066174747269620CFFFFFFFF04FFFFFFFF0CFFFFFFFF0CFFFFFFFF0CF8000000040100000004010000000400CA9A3B04B94B1F00110D067665727465780CFFFFFFFF04FFFFFFFF0CFFFFFFFF0C0401000004020000000C14010000110E07656C6C697073650D05
310
63757276650CFFFFFFFF04FFFFFFFF0CFFFFFFFF13003CBF79326616C00010A7997A1303C000000000000000001400000000000000000000000000000000000000000000F0BF140A8A9E4C39799A3C000000000000E0BF000000000000000006000000000000F03F0B0B110D05706F696E740CFFFFFFFF04FFFFFFFF0CFFFF
310
FFFF13003CBF79326616C00010A7997A1307C00000000000000000110D06636F656467650CFFFFFFFF04FFFFFFFF0CFFFFFFFF0C150100000CFD0000000CFFFFFFFF0C160100000B0C0900000004000000000CFFFFFFFF110D04656467650C1701000004FFFFFFFF0CFFFFFFFF0C0C01000006ADDEE9B40422E9BF0C180100
310
000627835C50FE10CF3E0CFD0000000C190100000B0707756E6B6E6F776E110E09706572737562656E740E1061636164536F6C6964486973746F72790D066174747269620CFFFFFFFF04FFFFFFFF0CFFFFFFFF0CFFFFFFFF0CFE000000040100000004010000000400CA9A3B04593C3900110D067665727465780CFFFFFFFF
310
04FFFFFFFF0CFFFFFFFF0CFE00000004020000000C1A010000110E0873747261696768740D0563757276650CFFFFFFFF04FFFFFFFF0CFFFFFFFF1300CC5E99BF3400C000B0DF9D2AD2094000000000000000001459897A42A4A0E6BFD569828A98A0E6BF00000000000000000B0B110D05706F696E740CFFFFFFFF04FFFFFF
310
FF0CFFFFFFFF1300CC5E99BF3400C000B0DF9D2AD209400000000000000000110D06636F656467650CFFFFFFFF04FFFFFFFF0CFFFFFFFF0C030100000C1B0100000CFFFFFFFF0C1C0100000A0C0900000004000000000CFFFFFFFF110D04656467650C1D01000004FFFFFFFF0CFFFFFFFF0C1201000006182D4454FB21F93F
310
0C1E01000006181D4454FB2109400C030100000C1F0100000B0707756E6B6E6F776E110E09706572737562656E740E1061636164536F6C6964486973746F72790D066174747269620CFFFFFFFF04FFFFFFFF0CFFFFFFFF0CFFFFFFFF0C04010000040100000004010000000400CA9A3B0459D22000110D067665727465780C
310
FFFFFFFF04FFFFFFFF0CFFFFFFFF0C1001000004020000000C20010000110E0873747261696768740D0563757276650CFFFFFFFF04FFFFFFFF0CFFFFFFFF13003CBF79326618C00010A7997A1303C0000000000000000014E81A109CB0FC533D000000000000F03F00000000000000000B0B110D05706F696E740CFFFFFFFF
310
04FFFFFFFF0CFFFFFFFF13003CBF79326618C00010A7997A1303C00000000000000000110D06636F656467650CFFFFFFFF04FFFFFFFF0CFFFFFFFF0C210100000C090100000CFFFFFFFF0C220100000B0C0900000004000000000CFFFFFFFF110D04656467650C2301000004FFFFFFFF0CFFFFFFFF0C180100000600000000
310
000000000C2401000006000863E6C2C5EF3F0C090100000C250100000B0707756E6B6E6F776E110E09706572737562656E740E1061636164536F6C6964486973746F72790D066174747269620CFFFFFFFF04FFFFFFFF0CFFFFFFFF0CFFFFFFFF0C0A010000040100000004010000000400CA9A3B04B9B53700110D06766572
310
7465780CFFFFFFFF04FFFFFFFF0CFFFFFFFF0C0A01000004020000000C26010000110E07656C6C697073650D0563757276650CFFFFFFFF04FFFFFFFF0CFFFFFFFF13004A8F379DD209C00080F0E7B31F084000000000000000001400000000000000000000000000000000000000000000F0BF14DBC861EBFE87A23CE5C832
310
8E5366E6BF000000000000000006000000000000F03F0B0B110D05706F696E740CFFFFFFFF04FFFFFFFF0CFFFFFFFF13005E5E11EADC05C000E0DE13032A04400000000000000000110D06636F656467650CFFFFFFFF04FFFFFFFF0CFFFFFFFF0C0F0100000C270100000CFFFFFFFF0C280100000B0C090000000400000000
310
0CFFFFFFFF110D04656467650C2901000004FFFFFFFF0CFFFFFFFF0C1E0100000600000000000000000C2A01000006002C30230E77F43F0C0F0100000C2B0100000B0707756E6B6E6F776E110E09706572737562656E740E1061636164536F6C6964486973746F72790D066174747269620CFFFFFFFF04FFFFFFFF0CFFFFFF
310
FF0CFFFFFFFF0C10010000040100000004010000000400CA9A3B04F9582200110D067665727465780CFFFFFFFF04FFFFFFFF0CFFFFFFFF0C1C01000004020000000C2C010000110E07656C6C697073650D0563757276650CFFFFFFFF04FFFFFFFF0CFFFFFFFF13003ABF79326616C000009C3F285AF9BF0000000000000000
310
1400000000000000000000000000000000000000000000F0BF1447979E4C39799A3C000800000000E0BF000000000000000006000000000000F03F0B0B110D05706F696E740CFFFFFFFF04FFFFFFFF0CFFFFFFFF13003BBF79326618C000009C3F285AF9BF0000000000000000110D06636F656467650CFFFFFFFF04FFFFFF
310
FF0CFFFFFFFF0C2D0100000C150100000CFFFFFFFF0C2E0100000A0C0900000004000000000CFFFFFFFF110D04656467650C2F01000004FFFFFFFF0CFFFFFFFF0C240100000600000000000000000C30010000060000DDD0FFFFDF3F0C150100000C310100000B0707756E6B6E6F776E110E09706572737562656E740E1061
310
636164536F6C6964486973746F72790D066174747269620CFFFFFFFF04FFFFFFFF0CFFFFFFFF0CFFFFFFFF0C16010000040100000004010000000400CA9A3B04192F3600110D067665727465780CFFFFFFFF04FFFFFFFF0CFFFFFFFF0C1601000004020000000C32010000110E0873747261696768740D0563757276650CFF
310
FFFFFF04FFFFFFFF0CFFFFFFFF1300AC7F939ED209C000F063041F860240000000000000000014000000000000F0BF0A8A9E4C3979AABC00000000000000000B0B110D05706F696E740CFFFFFFFF04FFFFFFFF0CFFFFFFFF1300AC7F939ED209C000F063041F8602400000000000000000110D06636F656467650CFFFFFFFF
310
04FFFFFFFF0CFFFFFFFF0C1B0100000C330100000CFFFFFFFF0C340100000A0C0900000004000000000CFFFFFFFF110D04656467650C3501000004FFFFFFFF0CFFFFFFFF0C3601000006182D4454FB21F9BF0C2A0100000600000000000078BD0C1B0100000C370100000B0707756E6B6E6F776E110E09706572737562656E
310
740E1061636164536F6C6964486973746F72790D066174747269620CFFFFFFFF04FFFFFFFF0CFFFFFFFF0CFFFFFFFF0C1C010000040100000004010000000400CA9A3B0499DF2300110D067665727465780CFFFFFFFF04FFFFFFFF0CFFFFFFFF0C2801000004020000000C38010000110E0873747261696768740D05637572
310
76650CFFFFFFFF04FFFFFFFF0CFFFFFFFF13003EBF79326616C000009C3F285AF1BF000000000000000014000000000000F03F41FB37E77F05793D00000000000000000B0B110D05706F696E740CFFFFFFFF04FFFFFFFF0CFFFFFFFF13003EBF79326616C000009C3F285AF1BF0000000000000000110D06636F656467650C
310
FFFFFFFF04FFFFFFFF0CFFFFFFFF0C390100000C210100000CFFFFFFFF0C3A0100000B0C0900000004000000000CFFFFFFFF110D04656467650C3B01000004FFFFFFFF0CFFFFFFFF0C3C01000006D2A379EDED2109400C3001000006D2DD756176D912400C210100000C3D0100000B0707756E6B6E6F776E110E0970657273
310
7562656E740E1061636164536F6C6964486973746F72790D066174747269620CFFFFFFFF04FFFFFFFF0CFFFFFFFF0CFFFFFFFF0C22010000040100000004010000000400CA9A3B0479A83400110D067665727465780CFFFFFFFF04FFFFFFFF0CFFFFFFFF0C2201000004020000000C3E010000110E0873747261696768740D
310
0563757276650CFFFFFFFF04FFFFFFFF0CFFFFFFFF1300378CA607E210C000F063041F8602400000000000000000140C6A26ABA70160BD000000000000F03F00000000000000000B0B110D05706F696E740CFFFFFFFF04FFFFFFFF0CFFFFFFFF1300378CA607E210C000F063041F8602400000000000000000110D06636F65
310
6467650CFFFFFFFF04FFFFFFFF0CFFFFFFFF0C270100000C3F0100000CFFFFFFFF0C400100000B0C0900000004000000000CFFFFFFFF110D04656467650C4101000004FFFFFFFF0CFFFFFFFF0C360100000600000000000000000C42010000060000BCA99899B93F0C270100000C430100000B0707756E6B6E6F776E110E09
310
706572737562656E740E1061636164536F6C6964486973746F72790D066174747269620CFFFFFFFF04FFFFFFFF0CFFFFFFFF0CFFFFFFFF0C28010000040100000004010000000400CA9A3B0439662500110D067665727465780CFFFFFFFF04FFFFFFFF0CFFFFFFFF0C3401000004020000000C44010000110E07656C6C6970
310
73650D0563757276650CFFFFFFFF04FFFFFFFF0CFFFFFFFF130039F3F06E4811C00000BEF983A2B5BF00000000000000001400000000000000000000000000000000000000000000F0BF140A8A9E4C3979AA3C000000000000F0BF000000000000000006000000000000F03F0B0B110D05706F696E740CFFFFFFFF04FFFFFF
310
FF0CFFFFFFFF130033F3F06E4811C000E09B3F285AF1BF0000000000000000110D06636F656467650CFFFFFFFF04FFFFFFFF0CFFFFFFFF0C450100000C2D0100000CFFFFFFFF0C460100000A0C0900000004000000000CFFFFFFFF110D04656467650C4701000004FFFFFFFF0CFFFFFFFF0C3C010000060000000000000000
310
0C4801000006006000600C77F43F0C2D0100000C490100000B0707756E6B6E6F776E110E09706572737562656E740E1061636164536F6C6964486973746F72790D066174747269620CFFFFFFFF04FFFFFFFF0CFFFFFFFF0CFFFFFFFF0C2E010000040100000004010000000400CA9A3B04D9213300110D067665727465780C
310
FFFFFFFF04FFFFFFFF0CFFFFFFFF0C2E01000004020000000C4A010000110E07656C6C697073650D0563757276650CFFFFFFFF04FFFFFFFF0CFFFFFFFF1300E833B66E4811C000B057C51D86064000000000000000001400000000000000000000000000000000000000000000F0BF1421062672EA2D753C40ED09EAC399B9
310
BF000000000000000006000000000000F03F0B0B110D05706F696E740CFFFFFFFF04FFFFFFFF0CFFFFFFFF1300388CA607E210C000907FFE1E8606400000000000000000110D06636F656467650CFFFFFFFF04FFFFFFFF0CFFFFFFFF0C330100000C4B0100000CFFFFFFFF0C4C0100000B0C0900000004000000000CFFFFFF
310
FF110D04656467650C4D01000004FFFFFFFF0CFFFFFFFF0C4E0100000600000000000000000C42010000060000BAA99899B93F0C330100000C4F0100000B0707756E6B6E6F776E110E09706572737562656E740E1061636164536F6C6964486973746F72790D066174747269620CFFFFFFFF04FFFFFFFF0CFFFFFFFF0CFFFF
310
FFFF0C34010000040100000004010000000400CA9A3B04D9EC2600110D067665727465780CFFFFFFFF04FFFFFFFF0CFFFFFFFF0C4001000004020000000C50010000110E0873747261696768740D0563757276650CFFFFFFFF04FFFFFFFF0CFFFFFFFF130072E6E1DD900AC00000BEF983A2B5BF0000000000000000146284
310
81D696FF833D000000000000F03F00000000000000000B0B110D05706F696E740CFFFFFFFF04FFFFFFFF0CFFFFFFFF130072E6E1DD900AC00000BEF983A2B5BF0000000000000000110D06636F656467650CFFFFFFFF04FFFFFFFF0CFFFFFFFF0C510100000C390100000CFFFFFFFF0C520100000B0C090000000400000000
310
0CFFFFFFFF110D04656467650C5301000004FFFFFFFF0CFFFFFFFF0C5401000006182D4454FB21F93F0C4801000006182D4454FB2109400C390100000C550100000B0707756E6B6E6F776E110E09706572737562656E740E1061636164536F6C6964486973746F72790D066174747269620CFFFFFFFF04FFFFFFFF0CFFFFFF
310
FF0CFFFFFFFF0C3A010000040100000004010000000400CA9A3B04399B3100110D067665727465780CFFFFFFFF04FFFFFFFF0CFFFFFFFF0C3A01000004020000000C56010000110E0873747261696768740D0563757276650CFFFFFFFF04FFFFFFFF0CFFFFFFFF130024BF616F4811C000E0A6E4EB52074000000000000000
310
0014000000000000F0BF0A8A9E4C3979AABC00000000000000000B0B110D05706F696E740CFFFFFFFF04FFFFFFFF0CFFFFFFFF130024BF616F4811C000E0A6E4EB5207400000000000000000110D06636F656467650CFFFFFFFF04FFFFFFFF0CFFFFFFFF0C3F0100000C510100000CFFFFFFFF0C570100000B0C0900000004
310
000000000CFFFFFFFF110D04656467650C5801000004FFFFFFFF0CFFFFFFFF0C590100000618214454FB2109C00C4E01000006182D4454FB21F9BF0C3F0100000C5A0100000B0707756E6B6E6F776E110E09706572737562656E740E1061636164536F6C6964486973746F72790D066174747269620CFFFFFFFF04FFFFFFFF
310
0CFFFFFFFF0CFFFFFFFF0C40010000040100000004010000000400CA9A3B0479732800110D067665727465780CFFFFFFFF04FFFFFFFF0CFFFFFFFF0C4C01000004020000000C5B010000110E0873747261696768740D0563757276650CFFFFFFFF04FFFFFFFF0CFFFFFFFF130072E6E1DD900AC00000B859AD90BD3F000000
310
00000000001456E94BA06A00843D000000000000F0BF00000000000000000B0B110D05706F696E740CFFFFFFFF04FFFFFFFF0CFFFFFFFF130070E6E1DD900AC00000F07FA5B88F3F0000000000000000110D06636F656467650CFFFFFFFF04FFFFFFFF0CFFFFFFFF0C4B0100000C450100000CFFFFFFFF0C5C0100000A0C09
310
00000004000000000CFFFFFFFF110D04656467650C5D01000004FFFFFFFF0CFFFFFFFF0C540100000600000000000000000C5E01000006004064E79999E93F0C450100000C5F0100000B0707756E6B6E6F776E110E09706572737562656E740E1061636164536F6C6964486973746F72790D066174747269620CFFFFFFFF04
310
FFFFFFFF0CFFFFFFFF0CFFFFFFFF0C46010000040100000004010000000400CA9A3B0499143000110D067665727465780CFFFFFFFF04FFFFFFFF0CFFFFFFFF0C4601000004020000000C60010000110E07656C6C697073650D0563757276650CFFFFFFFF04FFFFFFFF0CFFFFFFFF13003CBF79326616C000E0A6E4EB520340
310
00000000000000001400000000000000000000000000000000000000000000F0BF140A8A9E4C39799A3C000000000000E0BF000000000000000006000000000000F03F0B0B110D05706F696E740CFFFFFFFF04FFFFFFFF0CFFFFFFFF13003CBF79326616C000E0A6E4EB5207400000000000000000110D04656467650C6101
310
000004FFFFFFFF0CFFFFFFFF0C620100000600000000000000000C5901000006002C30230E77F43F0C4B0100000C630100000B0707756E6B6E6F776E110E09706572737562656E740E1061636164536F6C6964486973746F72790D066174747269620CFFFFFFFF04FFFFFFFF0CFFFFFFFF0CFFFFFFFF0C4C01000004010000
310
0004010000000400CA9A3B0419FA2900110D067665727465780CFFFFFFFF04FFFFFFFF0CFFFFFFFF0C5701000004020000000C64010000110E07656C6C697073650D0563757276650CFFFFFFFF04FFFFFFFF0CFFFFFFFF130039F3F06E4811C00000B859AD90BD3F0000000000000000140000000000000000000000000000
310
0000000000000000F0BF140A8A9E4C3979AA3C000000000000F0BF000000000000000006000000000000F03F0B0B110D05706F696E740CFFFFFFFF04FFFFFFFF0CFFFFFFFF130072E6E1DD900AC00000B859AD90BD3F0000000000000000110D04656467650C6501000004FFFFFFFF0CFFFFFFFF0C62010000060000000000
310
00803D0C5E01000006182D4454FB21F93F0C510100000C660100000B0707756E6B6E6F776E110E09706572737562656E740E1061636164536F6C6964486973746F72790D066174747269620CFFFFFFFF04FFFFFFFF0CFFFFFFFF0CFFFFFFFF0C52010000040100000004010000000400CA9A3B04F98D2E00110D0676657274
310
65780CFFFFFFFF04FFFFFFFF0CFFFFFFFF0C5201000004020000000C67010000110E0873747261696768740D0563757276650CFFFFFFFF04FFFFFFFF0CFFFFFFFF13003CBF79326618C000E0A6E4EB5203400000000000000000148A4263EA4E03543D000000000000F0BF00000000000000000B0B110D05706F696E740CFF
310
FFFFFF04FFFFFFFF0CFFFFFFFF13003CBF79326618C000E0A6E4EB5203400000000000000000110E09706572737562656E740E1061636164536F6C6964486973746F72790D066174747269620CFFFFFFFF04FFFFFFFF0CFFFFFFFF0CFFFFFFFF0C57010000040100000004010000000400CA9A3B04B9802B00110D06766572
310
7465780CFFFFFFFF04FFFFFFFF0CFFFFFFFF0C5C01000004020000000C68010000110E0873747261696768740D0563757276650CFFFFFFFF04FFFFFFFF0CFFFFFFFF13003EBF79326616C000A09BD50AD9F13F000000000000000014000000000000F03F5931A353D80379BD00000000000000000B0B110D05706F696E740C
310
FFFFFFFF04FFFFFFFF0CFFFFFFFF130033F3F06E4811C000809BD50AD9F13F0000000000000000110E09706572737562656E740E1061636164536F6C6964486973746F72790D066174747269620CFFFFFFFF04FFFFFFFF0CFFFFFFFF0CFFFFFFFF0C5C010000040100000004010000000400CA9A3B0459072D00110E07656C
310
6C697073650D0563757276650CFFFFFFFF04FFFFFFFF0CFFFFFFFF13003ABF79326616C000A09BD50AD9F93F00000000000000001400000000000000000000000000000000000000000000F0BF1447979E4C39799A3C000800000000E0BF000000000000000006000000000000F03F0B0B110D05706F696E740CFFFFFFFF04
310
FFFFFFFF0CFFFFFFFF13003BBF79326618C000A09BD50AD9F93F0000000000000000110D05706F696E740CFFFFFFFF04FFFFFFFF0CFFFFFFFF13003EBF79326616C000A09BD50AD9F13F0000000000000000110E03456E640E026F660E0341534D0D0464617461
  0
ENDSEC
  0
EOF
